item_id,title,series_name,vol_no,edition_type,special_benefits,author,publisher,release_date,price,rating,sales_point,rank,collected_at
401460099,카구라바치 11 (더블특전판),카구라바치,11,더블특전판,"- 영웅, 초판한정 : 일러스트 시네마티켓, 선착순 더블특전 : 족자풍 책갈피 세트",호카조노 타케루,대원씨아이(만화),2026-09,5850,10.0,32140,1,2026-09-08T10:18:31+09:00
401510701,사죠 리히토의 아버지와 그의 부하 상.하 세트 - 전2권,사죠 리히토의 아버지와 그의 부하 상.하 세트 - 전2권,,,"- 코믹 라르고 Comic Largo, 세트판 한정 특전: 칼선 스티커, 클리어 카드 3종, 원형 스티커 2종, 양면 포토카드 4종, 일러스트 카드 3종, 아크릴 스탠드 2종, 패키지 박스",나카무라 아스미코,조은세상(북두),2026-10,34200,,26390,2,2026-09-08T10:18:31+09:00
401348021,타몬 군 지금 어느 쪽?! 14,타몬 군 지금 어느 쪽?!,14,,,시와스 유키,학산문화사(만화),2026-09,6300,10.0,14550,3,2026-09-08T10:18:31+09:00
401406764,어제 뭐 먹었어? 25,어제 뭐 먹었어?,25,,,요시나가 후미,삼양출판사(만화),2026-08,5400,,11020,4,2026-09-08T10:18:31+09:00
400315663,스파이 패밀리 17,스파이 패밀리,17,,,엔도 타츠야,학산문화사(만화),2026-08,5400,10.0,31680,5,2026-09-08T10:18:31+09:00
401462735,블루 아카이브 코믹 앤솔로지 VOL.6 & VOL.7 합본 세트 - 전2권,블루 아카이브 코믹 앤솔로지 VOL.6 & VOL.7 합본 세트 - 전2권,,,"- SL Comic, 초판 한정 특전 : 띠지, 폴라로이드 카드 2종, 마우스 패드",NEXON GAMES,디앤씨미디어(주)(D&C미디어),2026-09,19800,,9080,6,2026-09-08T10:18:31+09:00
400710266,야마다 군과 Lv999의 사랑을 하다 8,야마다 군과 Lv999의 사랑을 하다,8,,"- 초판 한정 특전 : 띠지, 일러스트 카드, 폴라로이드 카드",마시로,디앤씨미디어(주)(D&C미디어),2026-09,7200,10.0,19370,7,2026-09-08T10:18:31+09:00
401348054,오가미 츠미키와 기일상 8,오가미 츠미키와 기일상,8,,- 수량 한정 특전: 키토의 학생증+판스티커,모리시타 미유,학산문화사(만화),2026-09,5400,10.0,9240,8,2026-09-08T10:18:31+09:00
400365190,사카모토 데이즈 27 (더블 특전판),사카모토 데이즈,27,더블 특전판,"- 자긍심, 초판 한정 띠지 + 일러스트 포스트 카드 + 일러스트 레이어 카드",스즈키 유우토,대원씨아이(만화),2026-08,5850,10.0,31915,9,2026-09-08T10:18:31+09:00
400917256,마남 이치 6 (트리플 특전판),마남 이치,6,트리플 특전판,- 아크릴 일러스트 카드 2종 + 홀로그램 일러스트 카드,유사자키 시로,서울미디어코믹스(서울문화사),2026-08,6300,8.0,16900,10,2026-09-08T10:18:31+09:00
400652795,스킵과 로퍼 12,스킵과 로퍼,12,,- 시프트코믹스,타카마츠 미사키,YNK MEDIA(만화),2026-08,5400,10.0,24610,11,2026-09-08T10:18:31+09:00
400930743,아멜리아의 호기심 많은 로맨스 3,아멜리아의 호기심 많은 로맨스,3,,"- 루나 코믹스, 초판 한정 투명 pet 포토카드 1종, 양면 일러스트 카드 1종, PET 사원증 1종",코하쿠 요루,㈜소미미디어,2026-09,6300,10.0,14470,12,2026-09-08T10:18:31+09:00
400710167,야마다 군과 Lv999의 사랑을 하다 8 (특별판),야마다 군과 Lv999의 사랑을 하다,8,특별판,"- 특별판 한정 특전 : 일반판 초판 특전, 틴케이스, 특별판 한정 엽서 4종 세트, 키캡 키링",마시로,디앤씨미디어(주)(D&C미디어),2026-09,23400,6.0,17230,13,2026-09-08T10:18:31+09:00
400736391,엄마가 도망갔다,엄마가 도망갔다,,,,소복이,나무의말,2026-09,17820,10.0,11380,14,2026-09-08T10:18:31+09:00
401372461,악마에 입문했습니다! 이루마 군 48,악마에 입문했습니다! 이루마 군,48,,,니시 오사무,서울미디어코믹스(서울문화사),2026-09,5850,,5400,15,2026-09-08T10:18:31+09:00
397412056,책이라면 팔 만큼 1,책이라면 팔 만큼,1,,,코지마 아오,미우(대원씨아이),2026-07,11700,9.6,23770,16,2026-09-08T10:18:31+09:00
401372500,아케비의 세일러복 16,아케비의 세일러복,16,,,히로,서울미디어코믹스(서울문화사),2026-09,7650,10.0,4630,17,2026-09-08T10:18:31+09:00
391764120,포켓몬 생태도감,포켓몬 생태도감,,,,주식회사 포켓몬,대원씨아이(단행본),2026-04,13500,10.0,70661,18,2026-09-08T10:18:31+09:00
399539936,명탐정 코난 108,명탐정 코난,108,,,아오야마 고쇼,서울미디어코믹스(서울문화사),2026-07,5400,9.9,21915,19,2026-09-08T10:18:31+09:00
400587114,봇치·더·록! 외전 히로이 키쿠리의 과음일기 6,봇치·더·록! 외전 히로이 키쿠리의 과음일기,6,,- 띠지 + 초판한정 일러스트 포토 카드 1종,쿠미쵸,대원씨아이(만화),2026-08,8100,10.0,24170,20,2026-09-08T10:18:31+09:00
401463180,지뢰인가요? 치하라 양 1,지뢰인가요? 치하라 양,1,,"- SL Comic, 초판 한정 특전 : 띠지, PET 스탠드, SD 스티커",룡,디앤씨미디어(주)(D&C미디어),2026-09,6300,,4390,21,2026-09-08T10:18:31+09:00
401463402,지뢰인가요? 치하라 양 2,지뢰인가요? 치하라 양,2,,"- SL Comic, 초판 한정 특전 : 띠지, 포토 카드, SD 스티커",룡,디앤씨미디어(주)(D&C미디어),2026-09,6300,,4150,22,2026-09-08T10:18:31+09:00
400246381,황천의 츠가이 12 (더블특전판),황천의 츠가이,12,더블특전판,- 초판한정 : 일러스트 포스트카드 1종 + 일러스트 pp카드 1종,아라카와 히로무,대원씨아이(만화),2026-08,5850,10.0,14930,23,2026-09-08T10:18:31+09:00
400909479,킹덤 Kingdom 78,킹덤 Kingdom,78,,,하라 야스히사,대원씨아이(만화),2026-08,5400,,8150,24,2026-09-08T10:18:31+09:00
395946461,원피스 114,원피스,114,,- 초판한정 띠지 + 일러스트 카드 1종,오다 에이치로,대원씨아이(만화),2026-06,5850,10.0,42185,25,2026-09-08T10:18:31+09:00
400544318,마법소녀를 동경해서 7 (더블특전판),마법소녀를 동경해서,7,더블특전판,- 띠지 + 초판한정 일러스트 카드 1종 + 더블특전 SD 스티커,오노나카 아키히로,대원씨아이(만화),2026-08,6750,,10310,26,2026-09-08T10:18:31+09:00
400315752,디그 잇 3 (더블특전판),디그 잇,3,더블특전판,- 수량 한정 더블 특전 : 비주얼 보드 + 스포츠 선수 카드,Yoshidamaru,학산문화사(만화),2026-08,6300,,16660,27,2026-09-08T10:18:31+09:00
399973871,옆자리 녀석이 그런 눈으로 쳐다본다 4 (더블특전판),옆자리 녀석이 그런 눈으로 쳐다본다,4,더블특전판,- 수량 한정 더블 특전 : 폴라로이드 에구치 ANGEL Ver + 이케자와 DEVIL Ver,mmk,학산문화사(만화),2026-08,6300,,10175,28,2026-09-08T10:18:31+09:00
401247590,"달은 차고 이지러져, 짐승의 사랑 신장판 (특장판)","달은 차고 이지러져, 짐승의 사랑 신장판",,특장판,"- 작가님 사인 아크릴 카드 + 일러스트 카드 2종 + 이중 커버, 라르고 맥스 Largo Max",노지로 구리,조은세상(북두),2026-09,11700,10.0,4730,29,2026-09-08T10:18:31+09:00
401378525,고깔모자의 아틀리에 16 (한정판),고깔모자의 아틀리에,16,한정판,,시라하마 카모메,학산문화사(만화),2026-09,27000,,5810,30,2026-09-08T10:18:31+09:00
400586243,단다단 21,단다단,21,,,타츠 유키노부,대원씨아이(만화),2026-08,5400,10.0,10320,31,2026-09-08T10:18:31+09:00
400547759,모모세 아키라의 첫사랑 파탄 중 6 (트리플 특전판),모모세 아키라의 첫사랑 파탄 중,6,트리플 특전판,- 스페셜 아크릴 일러스트 카드 1종 + 양면 일러스트 카드 2종,하레카와 신타,서울미디어코믹스(서울문화사),2026-08,6750,10.0,12130,32,2026-09-08T10:18:31+09:00
396103290,패밀리 레스토랑 가자. 下,패밀리 레스토랑 가자. 下,,,- 완결,와야마 야마,문학동네,2026-06,7650,9.8,60605,33,2026-09-08T10:18:31+09:00
400714329,패배 히로인이 너무 많아! 8.5,패배 히로인이 너무 많아! 8.5,,,"- Novel Engine, 초판한정 특별부록 : 띠지 + 일러스트 카드",아마모리 타키비,데이즈엔터(주),2026-09,7200,,9860,34,2026-09-08T10:18:31+09:00
399973794,봄의 폭풍과 몬스터 9,봄의 폭풍과 몬스터,9,,,미츠바치 미유키,학산문화사(만화),2026-08,6300,10.0,14395,35,2026-09-08T10:18:31+09:00
396141385,사카모토 데이즈 26 (더블 특전판),사카모토 데이즈,26,더블 특전판,- 원정 / 띠지 + 일러스트 포스트 카드 + 사카모토 상점 양면 어나더커버,스즈키 유우토,대원씨아이(만화),2026-06,5850,9.2,22820,36,2026-09-08T10:18:31+09:00
401063751,요괴소년 호야 완전판 4,요괴소년 호야 완전판,4,,,후지타 카즈히로,서울미디어코믹스(서울문화사),2026-08,14400,,4700,37,2026-09-08T10:18:31+09:00
401325991,도원암귀 26,도원암귀,26,,- S코믹스,우루시바라 유라,㈜소미미디어,2026-09,6300,10.0,2750,38,2026-09-08T10:18:31+09:00
400708725,3월의 벽력 2,3월의 벽력,2,,,이케 준코,대원씨아이(만화),2026-08,5400,,7010,39,2026-09-08T10:18:31+09:00
400328644,요리 군과 다시 만날 수는 없어! 2,요리 군과 다시 만날 수는 없어!,2,,"- 초판 한정 특전 : 일러스트 카드, 접이식 아크릴 스탠드",Sumio Hataya,서울미디어코믹스(서울문화사),2026-08,5850,10.0,9520,40,2026-09-08T10:18:31+09:00
401063905,블리치 리믹스 17,블리치 리믹스,17,,,쿠보 타이토,서울미디어코믹스(서울문화사),2026-08,10800,,8220,41,2026-09-08T10:18:31+09:00
399925336,팬텀 버스터즈 7,팬텀 버스터즈,7,,- S코믹스,네오쇼코,㈜소미미디어,2026-08,5850,10.0,15965,42,2026-09-08T10:18:31+09:00
400977703,나의 첫 섹파 2,나의 첫 섹파,2,,,유리카와,재담,2026-08,6300,,5080,43,2026-09-08T10:18:31+09:00
401049295,야화첩 9,야화첩,9,,"- 초판 한정: 띠지, 포토카드 2종",변덕,레진코믹스(레진엔터테인먼트),2026-08,14400,,4490,44,2026-09-08T10:18:31+09:00
395510885,슈퍼 뒤에서 담배 피우는 두 사람 8,슈퍼 뒤에서 담배 피우는 두 사람,8,,- SL Comic,지누시,디앤씨미디어(주)(D&C미디어),2026-06,6300,9.9,12605,45,2026-09-08T10:18:31+09:00
400980916,꿈인지 생시인지 4,꿈인지 생시인지,4,,,사키사카 이오,대원씨아이(만화),2026-08,5850,,4830,46,2026-09-08T10:18:31+09:00
401047773,야화첩 8,야화첩,8,,"- 초판 한정: 띠지, 포토카드 1종, PET 책갈피 1종",변덕,레진코믹스(레진엔터테인먼트),2026-08,14400,,4510,47,2026-09-08T10:18:31+09:00
401345122,환생했는데 제7왕자라 내맘대로 마술을 연마합니다 22,환생했는데 제7왕자라 내맘대로 마술을 연마합니다,22,,,코쿠자와 요스케,학산문화사(만화),2026-09,5400,,2430,48,2026-09-08T10:18:31+09:00
290092090,아이다이로 화집 지박소년 하나코 군,아이다이로 화집 지박소년 하나코 군,,,,아이다이로,서울미디어코믹스(서울문화사),2022-03,16200,10.0,5199,49,2026-09-08T10:18:31+09:00
393688901,카구라바치 10 (트리플특전판),카구라바치,10,트리플특전판,- 초판한정 일러스트 시네마티켓 + 애니메이션 KV카드 + 검사들 일러스트카드,호카조노 타케루,대원씨아이(만화),2026-05,5850,9.8,20390,50,2026-09-08T10:18:31+09:00
400545480,전지적 독자 시점 20,전지적 독자 시점,20,,- 초판 한정 캐릭터 카드 1종 + 특전 엽서 1종,슬리피-C,에이템포미디어,2026-08,14850,,7780,51,2026-09-08T10:18:31+09:00
401041190,참을 수 없는 건 사랑인 걸까 6,참을 수 없는 건 사랑인 걸까,6,,,소라하나 미아,대원씨아이(만화),2026-08,5850,,3290,52,2026-09-08T10:18:31+09:00
401421070,여장 남자는 스커트를 벗고 싶어! 5,여장 남자는 스커트를 벗고 싶어!,5,,,Shinagire,서울미디어코믹스(서울문화사),2026-09,5850,,2380,53,2026-09-08T10:18:31+09:00
399974125,타몬 군 지금 어느 쪽?! 13 (한정판),타몬 군 지금 어느 쪽?!,13,한정판,- 후쿠하라 타몬 2nd 사진집 + 후쿠하라 타몬 사인 포토카드 + 일러스트 카드,시와스 유키,학산문화사(만화),2026-08,12600,10.0,16920,54,2026-09-08T10:18:31+09:00
400922115,순정 갸루는 여친은 아니지만,순정 갸루는 여친은 아니지만,,,- S 블랙,미우라 미우,㈜소미미디어,2026-09,9000,10.0,4970,55,2026-09-08T10:18:31+09:00
400930547,Myther 3,Myther,3,,- S코믹스,야츠다 테키,㈜소미미디어,2026-09,7200,,4000,56,2026-09-08T10:18:31+09:00
398962987,주술회전 모듈로 1,주술회전 모듈로,1,,- 특급 사안 /초판 한정 캐릭터 일러스트 카드 3종 + 선착순 한정 포토카드 1종,Yuji Iwasaki,서울미디어코믹스(서울문화사),2026-07,6300,9.0,26480,57,2026-09-08T10:18:31+09:00
398309482,요리 군과 다시 만날 수는 없어! 1,요리 군과 다시 만날 수는 없어!,1,,"- 초판 한정 특전 : 양면 일러스트 카드, 접이식 아크릴 스탠드",Sumio Hataya,서울미디어코믹스(서울문화사),2026-07,5850,9.7,10040,58,2026-09-08T10:18:31+09:00
399975177,GACHIAKUTA 18,GACHIAKUTA,18,,,케이 우라나,학산문화사(만화),2026-08,6300,,8390,59,2026-09-08T10:18:31+09:00
394695719,옆자리 녀석이 그런 눈으로 쳐다본다 3 (더블특전판),옆자리 녀석이 그런 눈으로 쳐다본다,3,더블특전판,- 수량 한정 더블 특전: 포토카드 + 증명사진,mmk,학산문화사(만화),2026-06,6300,9.3,7505,60,2026-09-08T10:18:31+09:00
309059685,판타지 배색 아이디어 사전,판타지 배색 아이디어 사전,,,- 세계관을 창조하는,사쿠라이 테루코,한즈미디어(한스미디어),2023-01,5630,10.0,5350,61,2026-09-08T10:18:31+09:00
401131950,패배 히로인이 너무 많아! @comic 5,패배 히로인이 너무 많아! @comic,5,,,이타치,재담,2026-08,6300,,3270,62,2026-09-08T10:18:31+09:00
401345052,사랑이 없으면 아이돌은 할 수 없어 4,사랑이 없으면 아이돌은 할 수 없어,4,,,키타가와 유카,학산문화사(만화),2026-09,6300,10.0,2030,63,2026-09-08T10:18:31+09:00
399974190,타몬 군 지금 어느 쪽?! 13,타몬 군 지금 어느 쪽?!,13,,- 수량 한정 특전 : 일러스트 카드,시와스 유키,학산문화사(만화),2026-08,6300,10.0,6170,64,2026-09-08T10:18:31+09:00
401345344,스물과 성수 7,스물과 성수,7,,- 완결,소라가미 세이,학산문화사(만화),2026-09,5400,10.0,2000,65,2026-09-08T10:18:31+09:00
395945176,나츠메 우인장 32,나츠메 우인장,32,,,미도리카와 유키,학산문화사(만화),2026-06,5400,8.5,12005,66,2026-09-08T10:18:31+09:00
398419129,황천의 츠가이 11 (더블특전판),황천의 츠가이,11,더블특전판,,아라카와 히로무,대원씨아이(만화),2026-07,5850,9.8,11215,67,2026-09-08T10:18:31+09:00
401379193,고깔모자의 아틀리에 16,고깔모자의 아틀리에,16,,,시라하마 카모메,학산문화사(만화),2026-09,5400,,6510,68,2026-09-08T10:18:31+09:00
397047378,반딧불이의 혼례 11,반딧불이의 혼례,11,,,타치바나 오레코,서울미디어코믹스(서울문화사),2026-06,7650,9.7,10410,69,2026-09-08T10:18:31+09:00
401041191,너를 잊을 사랑이 하고 싶어 7,너를 잊을 사랑이 하고 싶어,7,,,유우키 하루,대원씨아이(만화),2026-08,5850,,3130,70,2026-09-08T10:18:31+09:00
396452830,원펀맨 One Punch Man 35,원펀맨 One Punch Man,35,,- 만나서는 안 될 녀석,ONE,대원씨아이(만화),2026-06,5400,9.5,15825,71,2026-09-08T10:18:31+09:00
400544538,비실비실 선생님 16,비실비실 선생님,16,,- 띠지 + 초판한정 일러스트 폴라로이드 카드 1종,후쿠치 카미오,대원씨아이(만화),2026-08,5850,10.0,9150,72,2026-09-08T10:18:31+09:00
400594188,노아 선배는 친구 10,노아 선배는 친구,10,,,아키야마 엔마,서울미디어코믹스(서울문화사),2026-08,5850,,6140,73,2026-09-08T10:18:31+09:00
400340156,마끼아또의 일러스트 레벨업 테크닉,마끼아또의 일러스트 레벨업 테크닉,,,- 초보가 가장 많이 막히는 고민 해결집,마끼아또,AK(에이케이)커뮤니케이션즈,2026-08,19800,10.0,3260,74,2026-09-08T10:18:31+09:00
236826464,소년과 두더지와 여우와 말,소년과 두더지와 여우와 말,,,,찰리 맥커시,상상의힘,2020-04,19800,9.5,59962,75,2026-09-08T10:18:31+09:00
401462396,일주일에 한 번 클래스메이트를 사는 이야기 1,일주일에 한 번 클래스메이트를 사는 이야기,1,,"- SL Comic, 초판 한정 특전: 띠지, 일러스트 카드 3종",미기하라,디앤씨미디어(주)(D&C미디어),2026-09,6300,,1960,76,2026-09-08T10:18:31+09:00
401345069,"여친, 빌리겠습니다 45","여친, 빌리겠습니다",45,,,미야지마 레이지,학산문화사(만화),2026-09,5400,,1950,77,2026-09-08T10:18:31+09:00
401009459,유감스러운 사랑의 주인공들 1,유감스러운 사랑의 주인공들,1,,,아와이 키사키,서울미디어코믹스(서울문화사),2026-08,5850,10.0,2790,78,2026-09-08T10:18:31+09:00
401345421,카모노하시 론의 금단추리 18,카모노하시 론의 금단추리,18,,,아마노 아키라,학산문화사(만화),2026-09,5400,10.0,1770,79,2026-09-08T10:18:31+09:00
290886787,룩 백,룩 백,,,,후지모토 타츠키,학산문화사(만화),2022-03,5400,9.5,35436,80,2026-09-08T10:18:31+09:00
352187592,슈퍼 뒤에서 담배 피우는 두 사람 4,슈퍼 뒤에서 담배 피우는 두 사람,4,,- SL Comic,지누시,디앤씨미디어(주)(D&C미디어),2024-11,5400,9.8,10632,81,2026-09-08T10:18:31+09:00
400652816,블루 피리어드 7 (더블 특전판),블루 피리어드,7,더블 특전판,"- 초판 한정 일러스트 카드 1종 + 박티켓 책갈피 1종, 시프트코믹스",야마구치 츠바사,YNK MEDIA(만화),2026-08,5400,,4090,82,2026-09-08T10:18:31+09:00
400647477,만화를 잘 그리기 위한 노하우 도감,만화를 잘 그리기 위한 노하우 도감,,,,사이드랜치(Sideranch),영진.com(영진닷컴),2026-08,18000,10.0,2580,83,2026-09-08T10:18:31+09:00
401407531,소녀왕국 표류기 43,소녀왕국 표류기,43,,,후지시로 타케시,삼양출판사(만화),2026-08,4320,,1890,84,2026-09-08T10:18:31+09:00
388083662,슈퍼 뒤에서 담배 피우는 두 사람 7,슈퍼 뒤에서 담배 피우는 두 사람,7,,- SL Comic,지누시,디앤씨미디어(주)(D&C미디어),2026-03,5850,9.3,12154,85,2026-09-08T10:18:31+09:00
360200073,슈퍼 뒤에서 담배 피우는 두 사람 5,슈퍼 뒤에서 담배 피우는 두 사람,5,,- SL Comic,지누시,디앤씨미디어(주)(D&C미디어),2025-03,5850,9.4,12010,86,2026-09-08T10:18:31+09:00
369848536,슈퍼 뒤에서 담배 피우는 두 사람 6,슈퍼 뒤에서 담배 피우는 두 사람,6,,- SL Comic,지누시,디앤씨미디어(주)(D&C미디어),2025-08,5850,10.0,10926,87,2026-09-08T10:18:31+09:00
320428870,슈퍼 뒤에서 담배 피우는 두 사람 1,슈퍼 뒤에서 담배 피우는 두 사람,1,,- SL Comic,지누시,디앤씨미디어(주)(D&C미디어),2023-07,5400,9.3,10647,88,2026-09-08T10:18:31+09:00
397818232,오가미 츠미키와 기일상 7,오가미 츠미키와 기일상,7,,,모리시타 미유,학산문화사(만화),2026-07,5400,9.6,6110,89,2026-09-08T10:18:31+09:00
400365247,이거 그리고 죽어 8,이거 그리고 죽어,8,,- 초판 한정 : 띠지 + 일러스트 엽서 1종,토요다 미노루,대원씨아이(만화),2026-08,5400,10.0,4890,90,2026-09-08T10:18:31+09:00
400856630,나나 NANA 완전판 12,나나 NANA 완전판,12,,"- 초판 한정 PP엽서 1종, 포토카드 1종",야자와 아이,학산문화사(만화),2026-08,10800,,4630,91,2026-09-08T10:18:31+09:00
298959168,아이다이로 화집 지박소년 하나코 군 2,아이다이로 화집 지박소년 하나코 군,2,,,아이다이로,서울미디어코믹스(서울문화사),2022-08,16200,,4073,92,2026-09-08T10:18:31+09:00
375361063,44교시 생존수업 1,44교시 생존수업,1,,,상C,네이버웹툰,2025-12,14400,,2554,93,2026-09-08T10:18:31+09:00
401345465,CAT'S EYE 캣츠 아이 완전판 12,CAT'S EYE 캣츠 아이 완전판,12,,,호조 츠카사,학산문화사(만화),2026-09,9000,10.0,1510,94,2026-09-08T10:18:31+09:00
401420700,아마 그녀는 우리 형을 노리고 있을 거야 2,아마 그녀는 우리 형을 노리고 있을 거야,2,,,이세 마루노,서울미디어코믹스(서울문화사),2026-09,6300,,1650,95,2026-09-08T10:18:31+09:00
393769452,불가항력의 I LOVE YOU 8,불가항력의 I LOVE YOU,8,,- 초판특전 : 포토카드 3종 세트,호시노 미즈키,서울미디어코믹스(서울문화사),2026-05,5400,9.7,18210,96,2026-09-08T10:18:31+09:00
399583956,명탐정 코난 108 (특장판),명탐정 코난,108,특장판,- 극장판 [하이웨이의 타천사] 티저 일러스트 아크릴 스탠드 + 어나더 커버 + 트레이딩 그래픽 컬렉션 카드 8종 중 랜덤 4종,아오야마 고쇼,서울미디어코믹스(서울문화사),2026-07,19800,10.0,16060,97,2026-09-08T10:18:31+09:00
395444608,장송의 프리렌 15,장송의 프리렌,15,,,야마다 카네히토,학산문화사(만화),2026-06,6300,9.7,15035,98,2026-09-08T10:18:31+09:00
389928857,옆자리 녀석이 그런 눈으로 쳐다본다 2,옆자리 녀석이 그런 눈으로 쳐다본다,2,,,mmk,학산문화사(만화),2026-04,6300,9.8,6632,99,2026-09-08T10:18:31+09:00
400707875,언니의 미도리 군 9,언니의 미도리 군,9,,,메구로 아무,대원씨아이(만화),2026-08,4950,,5410,100,2026-09-08T10:18:31+09:00
400594291,유치원WARS 17,유치원WARS,17,,"- 초판특전: 아크릴 일러스트 카드, 더그 일러스트 카드",You Chiba,서울미디어코믹스(서울문화사),2026-08,5400,10.0,5080,101,2026-09-08T10:18:31+09:00
400647677,아이돌라트리 1,아이돌라트리,1,,- 초판 한정 띠지 + 일러스트 pet 카드 1종,호마레,대원씨아이(만화),2026-08,6300,,3750,102,2026-09-08T10:18:31+09:00
400921125,사망 엔딩에서 벗어난 미연시의 히로인들이 내 【일기장】을 읽고 비밀을 알아챈 듯하다 1,사망 엔딩에서 벗어난 미연시의 히로인들이 내 【일기장】을 읽고 비밀을 알아챈 듯하다,1,,- S Novel,addict,㈜소미미디어,2026-09,7650,,4110,103,2026-09-08T10:18:31+09:00
401344866,더 화이팅 신장재편판 56,더 화이팅 신장재편판,56,,"- 수량 한정 특전 : PP 카드, 띠지",모리카와 조지,학산문화사(만화),2026-09,10800,,1630,104,2026-09-08T10:18:31+09:00
399782162,흑집사 35,흑집사,35,,,토보소 야나,학산문화사(만화),2026-08,5400,,8590,105,2026-09-08T10:18:31+09:00
401009364,소드 아트 온라인 29,소드 아트 온라인,29,,- J Novel,카와하라 레키,서울문화사,2026-08,7200,10.0,5520,106,2026-09-08T10:18:31+09:00
399781349,윈드 브레이커 15~16 세트 - 전2권,윈드 브레이커 15~16 세트 - 전2권,,,"- 초판한정부록 : 일러스트카드 1종, 아코디언카드 1종",니이 사토루,리디(RIDI),2026-08,10800,10.0,7640,107,2026-09-08T10:18:31+09:00
400713407,이세계 삼촌 14,이세계 삼촌,14,,"- 픽시하우스, 초판한정 특별부록 : 일러스트 카드 + 띠지",호톤도신데이루,데이즈엔터(주),2026-09,7200,,5470,108,2026-09-08T10:18:31+09:00
400707954,블루 자이언트 모멘텀 7,블루 자이언트 모멘텀,7,,,이시즈카 신이치,대원씨아이(만화),2026-08,5850,,4010,109,2026-09-08T10:18:31+09:00
401325794,일승천금 3,일승천금,3,,- S코믹스,MAAM,㈜소미미디어,2026-09,6300,,1830,110,2026-09-08T10:18:31+09:00
324439898,슈퍼 뒤에서 담배 피우는 두 사람 2,슈퍼 뒤에서 담배 피우는 두 사람,2,,- SL Comic,지누시,디앤씨미디어(주)(D&C미디어),2023-09,5400,9.4,9513,111,2026-09-08T10:18:31+09:00
336001751,슈퍼 뒤에서 담배 피우는 두 사람 3,슈퍼 뒤에서 담배 피우는 두 사람,3,,- SL Comic,지누시,디앤씨미디어(주)(D&C미디어),2024-03,5400,9.8,8980,112,2026-09-08T10:18:31+09:00
400707805,담배 고양이 6,담배 고양이,6,,,냥냥 팩토리,대원씨아이(만화),2026-08,5400,8.0,3910,113,2026-09-08T10:18:31+09:00
400662227,첫사랑은 나의 오빠 2,첫사랑은 나의 오빠,2,,,카스미 유코,서울미디어코믹스(서울문화사),2026-08,5850,,3800,114,2026-09-08T10:18:31+09:00
400653146,세금으로 산 책 3,세금으로 산 책,3,,- 시프트코믹스,케이야마 케이,YNK MEDIA(만화),2026-08,5850,,3210,115,2026-09-08T10:18:31+09:00
400653323,세금으로 산 책 4,세금으로 산 책,4,,- 시프트코믹스,케이야마 케이,YNK MEDIA(만화),2026-08,5850,,3060,116,2026-09-08T10:18:31+09:00
398738362,헬싱 한정판 1~5 세트 - 전5권,헬싱 한정판 1~5 세트 - 전5권,,,,히라노 코우타,AK(에이케이)커뮤니케이션즈,2026-08,67500,9.9,14050,117,2026-09-08T10:18:31+09:00
395840340,마남 이치 5 (트리플 특전판),마남 이치,5,트리플 특전판,- 홀로그램 일러스트 카드 2종 + 캐릭터 일러스트 카드,유사자키 시로,서울미디어코믹스(서울문화사),2026-06,6300,9.5,12455,118,2026-09-08T10:18:31+09:00
388349614,카구라바치 9 (더블특전판),카구라바치,9,더블특전판,"- 엔텐, 일러스트 시네마 티켓 + 요도 계약자 pp 북마크",호카조노 타케루,대원씨아이(만화),2026-03,5850,,11418,119,2026-09-08T10:18:31+09:00
397284418,슈퍼 러버즈 19,슈퍼 러버즈,19,,,아베 미유키,서울미디어코믹스(서울문화사),2026-07,5400,10.0,8170,120,2026-09-08T10:18:31+09:00
400647778,이토준지 자선 걸작집 Dark Colors,이토준지 자선 걸작집 Dark Colors,,,,이토 준지,미우(대원씨아이),2026-08,17100,5.0,4660,121,2026-09-08T10:18:31+09:00
400910174,이력서 3,이력서,3,,,유월,블루픽,2026-08,14220,10.0,4690,122,2026-09-08T10:18:31+09:00
400930515,뒤에 있는 카무이 씨 1,뒤에 있는 카무이 씨,1,,- S코믹스 Red,코노시로 신코,㈜소미미디어,2026-09,6300,,2460,123,2026-09-08T10:18:31+09:00
401406928,소녀왕국 표류기 42,소녀왕국 표류기,42,,,후지시로 타케시,삼양출판사(만화),2026-09,4320,,1540,124,2026-09-08T10:18:31+09:00
401326372,풀 나이트 5,풀 나이트,5,,- S코믹스,야스다 카스미,㈜소미미디어,2026-09,6300,,1460,125,2026-09-08T10:18:31+09:00
390779612,야마다 군과 Lv999의 사랑을 하다 7,야마다 군과 Lv999의 사랑을 하다,7,,,마시로,디앤씨미디어(주)(D&C미디어),2026-04,7200,10.0,13680,126,2026-09-08T10:18:31+09:00
400707957,여우 우리군 1 (특장판),여우 우리군,1,특장판,"- B愛 341, 일러스트 카드 5종(초회 한정 일러스트 카드 1종 포함) + 클리어 스탠드 + 스티커 + 폴라로이드형 포토카드 + 어나더 커버 + 별도 박스 포장",네아,대원씨아이(만화),2026-08,16200,10.0,3460,127,2026-09-08T10:18:31+09:00
400980854,현시연 신장판 1,현시연 신장판,1,,,키오 시모쿠,대원씨아이(만화),2026-08,13500,10.0,3140,128,2026-09-08T10:18:31+09:00
401462489,일주일에 한 번 클래스메이트를 사는 이야기 6,일주일에 한 번 클래스메이트를 사는 이야기,6,,- L Novel,하네다 우사,디앤씨미디어(주)(D&C미디어),2026-09,7650,,2090,129,2026-09-08T10:18:31+09:00
398728364,마법소녀를 동경해서 6 (더블특전판),마법소녀를 동경해서,6,더블특전판,- 초판한정 : 일러스트 카드 1종 + SD 스티커 1종,오노나카 아키히로,대원씨아이(만화),2026-07,6750,,7970,130,2026-09-08T10:18:31+09:00
396653507,마루는 강쥐 9,마루는 강쥐,9,,- 초판 한정 작가 친필 사인 인쇄본 + 초판 한정 표지 일러스트 엽서,모죠,문페이스,2026-08,14400,,6605,131,2026-09-08T10:18:31+09:00
397904178,새벽의 연화 47,새벽의 연화,47,,,미즈호 쿠사나기,학산문화사(만화),2026-07,5400,,5820,132,2026-09-08T10:18:31+09:00
401461896,픽미업 5 (한정판),픽미업,5,한정판,"- 구성:단행본, 캐릭터 카드 1종(제나/초판한정), 워터 글리터, 엽서 3종, 북마크 2종",헤르모드,에이템포미디어,2026-09,32850,,1600,133,2026-09-08T10:18:31+09:00
388016420,스파이 패밀리 16,스파이 패밀리,16,,,엔도 타츠야,학산문화사(만화),2026-03,5400,9.7,21019,134,2026-09-08T10:18:31+09:00
396369059,향기로운 꽃은 늠름하게 핀다 21,향기로운 꽃은 늠름하게 핀다,21,,- 띠지 + 초판한정 일러스트 엽서 1종,미카미 사카,대원씨아이(만화),2026-06,6300,,12455,135,2026-09-08T10:18:31+09:00
391456890,순경씨와 나 1,순경씨와 나,1,,,나오키 유우,대원씨아이(만화),2026-04,6300,9.6,7720,136,2026-09-08T10:18:31+09:00
400647796,이토준지 자선 걸작집 왜곡,이토준지 자선 걸작집 왜곡,,,,이토 준지,미우(대원씨아이),2026-08,14400,4.7,3800,137,2026-09-08T10:18:31+09:00
400594187,아마 그녀는 우리 형을 노리고 있을 거야 1,아마 그녀는 우리 형을 노리고 있을 거야,1,,"- 초판 특전 양면 일러스트카드, 양면 일러스트 코스터",이세 마루노,서울미디어코믹스(서울문화사),2026-08,6300,10.0,2430,138,2026-09-08T10:18:31+09:00
256860565,사피엔스 : 그래픽 히스토리 Vol.1,사피엔스 : 그래픽 히스토리 Vol.1,,,- 인류의 탄생,,김영사,2020-11,17820,9.4,26724,139,2026-09-08T10:18:31+09:00
349202721,일러스트레이터를 위한 색과 빛 마스터 가이드북 : COLOR & LIGHT,일러스트레이터를 위한 색과 빛 마스터 가이드북 : COLOR & LIGHT,,,,3D토털 퍼블리싱,영진.com(영진닷컴),2024-10,28800,10.0,11055,140,2026-09-08T10:18:31+09:00
385131682,야마다 군과 Lv999의 사랑을 하다 6,야마다 군과 Lv999의 사랑을 하다,6,,,마시로,디앤씨미디어(주)(D&C미디어),2026-01,7200,9.8,7033,141,2026-09-08T10:18:31+09:00
345263957,카구라바치 1,카구라바치,1,,,호카조노 타케루,대원씨아이(만화),2024-08,5850,9.2,6914,142,2026-09-08T10:18:31+09:00
400980564,킬러의 최애 4,킬러의 최애,4,,,오시마 린타로,대원씨아이(만화),2026-08,6300,,1830,143,2026-09-08T10:18:31+09:00
375361274,44교시 생존수업 2,44교시 생존수업,2,,,상C,네이버웹툰,2025-12,14400,,1820,144,2026-09-08T10:18:31+09:00
401326413,마가이모노 2,마가이모노,2,,"- 위작, S코믹스",쿠로카와 유미,㈜소미미디어,2026-09,8100,,1280,145,2026-09-08T10:18:31+09:00
398221799,메달리스트 14,메달리스트,14,,,츠루마이카다,학산문화사(만화),2026-07,5400,10.0,16635,146,2026-09-08T10:18:31+09:00
394124358,캐릭캐릭 체인지! Jewel Joker 주얼 조커 3,캐릭캐릭 체인지! Jewel Joker 주얼 조커,3,,- 초판 특전: 아르카나 학원 아크릴 일러스트 카드,PEACH-PIT,서울미디어코믹스(서울문화사),2026-05,5850,10.0,12625,147,2026-09-08T10:18:31+09:00
385131551,야마다 군과 Lv999의 사랑을 하다 5,야마다 군과 Lv999의 사랑을 하다,5,,,마시로,디앤씨미디어(주)(D&C미디어),2026-01,7200,9.8,6913,148,2026-09-08T10:18:31+09:00
400157314,2120,2120,,,,조지 와일솔,프시케의숲,2026-08,27000,10.0,3640,149,2026-09-08T10:18:31+09:00
401462424,왕의 프러포즈 8,왕의 프러포즈,8,,- L Novel,타치바나 코우시,디앤씨미디어(주)(D&C미디어),2026-09,7650,,1750,150,2026-09-08T10:18:31+09:00
401325888,"네가 울부짖기 위한 노래를, 3","네가 울부짖기 위한 노래를,",3,,- S코믹스,카시카제,㈜소미미디어,2026-09,6300,,1220,151,2026-09-08T10:18:31+09:00
392518962,체인소 맨 23,체인소 맨,23,,,후지모토 타츠키,학산문화사(만화),2026-05,5400,9.1,16220,152,2026-09-08T10:18:31+09:00
341684925,불가항력의 I LOVE YOU 1,불가항력의 I LOVE YOU,1,,,호시노 미즈키,서울미디어코믹스(서울문화사),2024-06,5400,9.6,9219,153,2026-09-08T10:18:31+09:00
399580240,엄마를 만나러 가는 길 3,엄마를 만나러 가는 길,3,,- 초판 한정 부록: 포토카드 2장 + 작가님 친필사인 면지 인쇄본,고먕,네이버웹툰,2026-10,16020,,7570,154,2026-09-08T10:18:31+09:00
393809247,사피엔스 : 그래픽 히스토리 Vol.4,사피엔스 : 그래픽 히스토리 Vol.4,,,- 혁명의 시대,,김영사,2026-05,17820,,7530,155,2026-09-08T10:18:31+09:00
399290739,메이드 인 어비스 14,메이드 인 어비스,14,,,츠쿠시 아키히토,미우(대원씨아이),2026-07,7200,,5670,156,2026-09-08T10:18:31+09:00
400543400,그랑블루 26,그랑블루,26,,,요시오카 키미타게,대원씨아이(만화),2026-08,4950,,3100,157,2026-09-08T10:18:31+09:00
400981192,엇갈리는 중앙감정선,엇갈리는 중앙감정선,,,- 시무라 타카코 단편집,시무라 타카코,문학동네,2026-08,9000,,1850,158,2026-09-08T10:18:31+09:00
401463566,블레이드 & 바스타드 7,블레이드 & 바스타드,7,,- SL Comic,후게츠 마코토,디앤씨미디어(주)(D&C미디어),2026-09,6300,,1120,159,2026-09-08T10:18:31+09:00
401461917,픽미업 5,픽미업,5,,,헤르모드,에이템포미디어,2026-09,14850,,1160,160,2026-09-08T10:18:31+09:00
401348066,사랑하는 립 틴트 4,사랑하는 립 틴트,4,,,쿠스노키 나나,학산문화사(만화),2026-09,6300,,1170,161,2026-09-08T10:18:31+09:00
384585231,불가항력의 I LOVE YOU 7,불가항력의 I LOVE YOU,7,,,호시노 미즈키,서울미디어코믹스(서울문화사),2026-01,5400,9.4,11087,162,2026-09-08T10:18:31+09:00
390776539,3월의 라이온 18,3월의 라이온,18,,,우미노 치카,시리얼(학산문화사),2026-04,7200,10.0,10756,163,2026-09-08T10:18:31+09:00
353810399,헌터x헌터 HunterXHunter 신장판 38,헌터x헌터 HunterXHunter 신장판,38,,,토가시 요시히로,학산문화사(만화),2024-12,5400,9.8,10673,164,2026-09-08T10:18:31+09:00
398867421,찍히지 않습니다 7,찍히지 않습니다,7,,"- S코믹스 /초판 한정 일러스트 카드, 폴라로이드 사진풍 카드 2종",코노시마 루카,㈜소미미디어,2026-08,6300,10.0,9750,165,2026-09-08T10:18:31+09:00
399974955,GACHIAKUTA 18 (한정판),GACHIAKUTA,18,한정판,"- 아크릴 디오라마 + 빅스티커 SET(5매) + 스페셜 비주얼 보드, 포토카드SET(4매) + 일러스트 카드(일반판 부록과 동일) + 아웃박스",케이 우라나,학산문화사(만화),2026-08,39600,,8600,166,2026-09-08T10:18:31+09:00
342785369,불가항력의 I LOVE YOU 2,불가항력의 I LOVE YOU,2,,,호시노 미즈키,서울미디어코믹스(서울문화사),2024-07,5400,9.4,8413,167,2026-09-08T10:18:31+09:00
297448639,방과 후 소년 하나코 군,방과 후 소년 하나코 군,,,,아이다이로,서울미디어코믹스(서울문화사),2022-07,5400,10.0,5955,168,2026-09-08T10:18:31+09:00
396819581,나의 첫 섹파 1,나의 첫 섹파,1,,- 초회 수량한정 특장판 구성 (수량 소진 시 종료),유리카와,재담,2026-06,6300,,4045,169,2026-09-08T10:18:31+09:00
400708280,발화 2,발화,2,,- 초판1쇄 한정 포토카드 2종,영재영,레진코믹스(레진엔터테인먼트),2026-08,15300,10.0,2830,170,2026-09-08T10:18:31+09:00
400707990,여우 우리군 1,여우 우리군,1,,- B愛 341,네아,대원씨아이(만화),2026-08,6300,,2200,171,2026-09-08T10:18:31+09:00
400307585,재혼황후 11,재혼황후,11,,- 만화,히어리,영컴(YOUNG COM),2026-08,15120,,2440,172,2026-09-08T10:18:31+09:00
401247989,독점 마이 히어로 15,독점 마이 히어로,15,,- 코믹 라르고 Comic Largo,아리이 메메코,조은세상(북두),2026-09,5400,,1330,173,2026-09-08T10:18:31+09:00
401510780,사죠 리히토의 아버지와 그의 부하 - 하,사죠 리히토의 아버지와 그의 부하 - 하,,,"- 코믹 라르고 Comic Largo, 초판 한정 특전: 일러스트 카드, 포토 카드",나카무라 아스미코,조은세상(북두),2026-10,6300,,1120,174,2026-09-08T10:18:31+09:00
401510761,사죠 리히토의 아버지와 그의 부하 - 상,사죠 리히토의 아버지와 그의 부하 - 상,,,- 코믹 라르고 Comic Largo,나카무라 아스미코,조은세상(북두),2026-10,6300,,1120,175,2026-09-08T10:18:31+09:00
401131327,월간 트릴레마 1,월간 트릴레마,1,,,타치바나 로쿠,재담,2026-08,7200,4.0,1180,176,2026-09-08T10:18:31+09:00
401248068,"달은 차고 이지러져, 짐승의 사랑 신장판","달은 차고 이지러져, 짐승의 사랑 신장판",,,- 라르고 맥스 Largo Max,노지로 구리,조은세상(북두),2026-09,5850,,1180,177,2026-09-08T10:18:31+09:00
391828072,열혈강호 95,열혈강호,95,,,전극진,대원씨아이(만화),2026-04,4950,9.6,12591,178,2026-09-08T10:18:31+09:00
399580402,엄마를 만나러 가는 길 4,엄마를 만나러 가는 길,4,,- 초판 한정 부록: 포토카드 2장 + 작가님 친필사인 면지 인쇄본,고먕,네이버웹툰,2026-10,16020,,7070,179,2026-09-08T10:18:31+09:00
350054497,카구라바치 2,카구라바치,2,,- 엔텐 VS 쿠레구모,호카조노 타케루,대원씨아이(만화),2024-10,5850,9.3,5375,180,2026-09-08T10:18:31+09:00
385522768,옆자리 녀석이 그런 눈으로 쳐다본다 1,옆자리 녀석이 그런 눈으로 쳐다본다,1,,,mmk,학산문화사(만화),2026-02,6300,,4208,181,2026-09-08T10:18:31+09:00
400909443,창천항로 애장판 4,창천항로 애장판,4,,,킹곤타,대원씨아이(만화),2026-08,16200,,3430,182,2026-09-08T10:18:31+09:00
378051373,카구라바치 8,카구라바치,8,,,호카조노 타케루,대원씨아이(만화),2025-11,5850,,2920,183,2026-09-08T10:18:31+09:00
401345371,우리들은 모두 *어 있다 3,우리들은 모두 *어 있다,3,,,킨다이치 렌쥬로,학산문화사(만화),2026-09,5400,,930,184,2026-09-08T10:18:31+09:00
337054427,패밀리 레스토랑 가자. 上,패밀리 레스토랑 가자. 上,,,,와야마 야마,문학동네,2024-04,7650,9.7,30915,185,2026-09-08T10:18:31+09:00
292511593,가라오케 가자!,가라오케 가자!,,,,와야마 야마,문학동네,2022-04,7650,9.6,28403,186,2026-09-08T10:18:31+09:00
398736065,너와 장밋빛 매일 3 (트리플 특전판),너와 장밋빛 매일,3,트리플 특전판,- 초판 한정 트리플 특전: 아크릴 일러스트 카드 + 일러스트 카드 + 폴라로이드 카드,히로 치히로,서울미디어코믹스(서울문화사),2026-07,5400,10.0,23750,187,2026-09-08T10:18:31+09:00
392518622,타몬 군 지금 어느 쪽?! 12,타몬 군 지금 어느 쪽?!,12,,,시와스 유키,학산문화사(만화),2026-05,5400,10.0,14965,188,2026-09-08T10:18:31+09:00
366362586,엄마를 만나러 가는 길 2,엄마를 만나러 가는 길,2,,,고먕,네이버웹툰,2025-08,16020,10.0,14393,189,2026-09-08T10:18:31+09:00
393311014,히카루가 죽은 여름 8,히카루가 죽은 여름,8,,"- SL Comic, 초판 한정 특전 띠지, 일러스트 카드 & 클리어 일러스트 카드 세트 (2종 중 1종)",모쿠모쿠렌,디앤씨미디어(주)(D&C미디어),2026-05,6300,9.7,11820,190,2026-09-08T10:18:31+09:00
362375950,불가항력의 I LOVE YOU 4,불가항력의 I LOVE YOU,4,,,호시노 미즈키,서울미디어코믹스(서울문화사),2025-04,5400,9.7,10556,191,2026-09-08T10:18:31+09:00
369786330,마남 이치 1 (트리플 특전판),마남 이치,1,트리플 특전판,- 홀로그램 일러스트 카드 2종 + 아크릴 일러스트 카드 1종,유사자키 시로,서울미디어코믹스(서울문화사),2025-08,6300,9.6,9865,192,2026-09-08T10:18:31+09:00
315020417,헌터x헌터 HunterXHunter 신장판 37,헌터x헌터 HunterXHunter 신장판,37,,,토가시 요시히로,학산문화사(만화),2023-04,5400,10.0,9251,193,2026-09-08T10:18:31+09:00
374965771,불가항력의 I LOVE YOU 6,불가항력의 I LOVE YOU,6,,,호시노 미즈키,서울미디어코믹스(서울문화사),2025-10,5400,9.7,9082,194,2026-09-08T10:18:31+09:00
392472930,던전에서 만남을 추구하면 안 되는 걸까 21 (소책자 특장판),던전에서 만남을 추구하면 안 되는 걸까,21,소책자 특장판,- S Novel,오모리 후지노,㈜소미미디어,2026-05,18000,9.3,6225,195,2026-09-08T10:18:31+09:00
400225135,"내가 연인이 될 수 있을 리 없잖아, 무리무리! (※무리가 아니었다?!) 8","내가 연인이 될 수 있을 리 없잖아, 무리무리! (※무리가 아니었다?!)",8,,"- S Novel+ , 초판 한정 책갈피, 쇼트스토리 소책자",미카미 테렌,㈜소미미디어,2026-08,9450,10.0,6380,196,2026-09-08T10:18:31+09:00
280599591,지박소년 하나코 군 0,지박소년 하나코 군,0,,,아이다이로,서울미디어코믹스(서울문화사),2021-10,5400,9.0,5383,197,2026-09-08T10:18:31+09:00
280599653,지박소년 하나코 군 1,지박소년 하나코 군,1,,,아이다이로,서울미디어코믹스(서울문화사),2021-10,5400,10.0,5724,198,2026-09-08T10:18:31+09:00
399050948,세금으로 산 책 1,세금으로 산 책,1,,- 시프트코믹스,케이야마 케이,YNK MEDIA(만화),2026-07,5850,10.0,5275,199,2026-09-08T10:18:31+09:00
397294534,비교하고 검토하는 교열부의 쿠쥬 씨 1,비교하고 검토하는 교열부의 쿠쥬 씨,1,,,고이시 유카,서교책방,2026-07,11520,9.7,4100,200,2026-09-08T10:18:31+09:00
400245347,버서스 6,버서스,6,,,아즈마 쿄타로,학산문화사(만화),2026-08,5400,,4010,201,2026-09-08T10:18:31+09:00
400229048,사토 씨의 친구,사토 씨의 친구,,,,마스다 미리,이봄,2026-08,13500,9.0,3530,202,2026-09-08T10:18:31+09:00
400668931,커다란 네가 제일 귀여워 (한정판),커다란 네가 제일 귀여워,,한정판,"- 일러스트 메모패드, 작가님 사인 포토카드 2종, 빅 클리어 카드 2종, 일러스트 카드, 라르고 맥스 Largo Max",유키하루,조은세상(북두),2026-08,9900,10.0,2750,203,2026-09-08T10:18:31+09:00
400585742,아메와 우미 1,아메와 우미,1,,"- S코믹스, 초판 한정 양면 일러스트 카드 2종(도서 내 래핑)",야마카타 아츠카,㈜소미미디어,2026-08,6300,10.0,2530,204,2026-09-08T10:18:31+09:00
400909388,겁쟁이페달 95,겁쟁이페달,95,,,와타나베 와타루,대원씨아이(만화),2026-08,4950,,1720,205,2026-09-08T10:18:31+09:00
400669134,반에서 두 번째로 귀여운 여자애와 친구가 되었다 6,반에서 두 번째로 귀여운 여자애와 친구가 되었다,6,,"- 왈츠 코믹스, 초판 한정 특전 : 일러스트 카드 1종, 포토카드 2종",오노 린,조은세상(북두),2026-08,5400,,1830,206,2026-09-08T10:18:31+09:00
384420875,원피스 113,원피스,113,,- 로키탄생,오다 에이치로,대원씨아이(만화),2026-01,5850,9.9,23998,207,2026-09-08T10:18:31+09:00
385946226,만화의 원리,만화의 원리,,,,이리에 아키,대원씨아이(만화),2026-02,21600,9.4,16556,208,2026-09-08T10:18:31+09:00
390778469,원펀맨 One Punch Man 34,원펀맨 One Punch Man,34,,- 여명,ONE,대원씨아이(만화),2026-04,5400,9.2,13225,209,2026-09-08T10:18:31+09:00
322919098,향기로운 꽃은 늠름하게 핀다 1,향기로운 꽃은 늠름하게 핀다,1,,,미카미 사카,대원씨아이(만화),2023-08,5400,9.7,9784,210,2026-09-08T10:18:31+09:00
2308089,만화의 이해,만화의 이해,,,,스콧 맥클라우드,비즈앤비즈,2008-07,17100,9.8,9524,211,2026-09-08T10:18:31+09:00
394045519,아멜리아의 호기심 많은 로맨스 2,아멜리아의 호기심 많은 로맨스,2,,- 루나 코믹스,코하쿠 요루,㈜소미미디어,2026-06,6300,10.0,8855,212,2026-09-08T10:18:31+09:00
353421098,불가항력의 I LOVE YOU 3,불가항력의 I LOVE YOU,3,,,호시노 미즈키,서울미디어코믹스(서울문화사),2024-12,5400,9.3,7779,213,2026-09-08T10:18:31+09:00
385131522,야마다 군과 Lv999의 사랑을 하다 4,야마다 군과 Lv999의 사랑을 하다,4,,,마시로,디앤씨미디어(주)(D&C미디어),2026-01,7200,9.8,5438,214,2026-09-08T10:18:31+09:00
380346507,더블크로스 The 3rd Edition 룰북 1,더블크로스 The 3rd Edition 룰북,1,,,F.E.A.R,데이즈엔터(주),2025-12,13500,,4207,215,2026-09-08T10:18:31+09:00
400856525,애프터 갓 10,애프터 갓,10,,,에노 스미,대원씨아이(만화),2026-08,5400,10.0,2270,216,2026-09-08T10:18:31+09:00
400545629,파인더의 도피행,파인더의 도피행,,,- 뉴 루비코믹스 3165,야마네 아야노,현대지능개발사,2026-08,7830,,1960,217,2026-09-08T10:18:31+09:00
401405266,상남자 2,상남자,2,,,하늘소,재담,2026-09,14400,,800,218,2026-09-08T10:18:31+09:00
401462900,갸루에게 상냥한 오타쿠 군 6,갸루에게 상냥한 오타쿠 군,6,,- SL Comic,소츄,디앤씨미디어(주)(D&C미디어),2026-09,6300,,910,219,2026-09-08T10:18:31+09:00
401406768,눈물비와 세레나데 14,눈물비와 세레나데,14,,- 완결,카와치 하루카,삼양출판사(만화),2026-08,6300,,810,220,2026-09-08T10:18:31+09:00
373383665,언제나 기억해,언제나 기억해,,,"- 소년과 두더지와 여우와 말, 그리고 폭풍우",찰리 맥커시,상상의힘,2025-10,19800,10.0,17605,221,2026-09-08T10:18:31+09:00
366362146,엄마를 만나러 가는 길 1,엄마를 만나러 가는 길,1,,,고먕,네이버웹툰,2025-08,16020,10.0,14883,222,2026-09-08T10:18:31+09:00
393769371,가르쳐줘 집사 2,가르쳐줘 집사,2,,,마사키 미치,서울미디어코믹스(서울문화사),2026-05,6300,9.7,13295,223,2026-09-08T10:18:31+09:00
399402787,얼굴만으론 좋아할 수 없어요 17,얼굴만으론 좋아할 수 없어요,17,,"- 한국 한정 오리지널 일러스트 양면 커버, 초판 한정 SNS풍 주인공 커플 일러스트 카드, 졸업식 일러스트 카드",안자이 카린,서울미디어코믹스(서울문화사),2026-07,5400,,9465,224,2026-09-08T10:18:31+09:00
388137331,3월의 벽력 1,3월의 벽력,1,,,이케 준코,대원씨아이(만화),2026-03,5400,9.5,8267,225,2026-09-08T10:18:31+09:00
343487620,향기로운 꽃은 늠름하게 핀다 10,향기로운 꽃은 늠름하게 핀다,10,,,미카미 사카,대원씨아이(만화),2024-07,5400,9.9,7467,226,2026-09-08T10:18:31+09:00
350620490,향기로운 꽃은 늠름하게 핀다 11,향기로운 꽃은 늠름하게 핀다,11,,,미카미 사카,대원씨아이(만화),2024-10,5400,9.8,7351,227,2026-09-08T10:18:31+09:00
282899765,지박소년 하나코 군 8,지박소년 하나코 군,8,,,아이다이로,서울미디어코믹스(서울문화사),2021-11,5400,10.0,4939,228,2026-09-08T10:18:31+09:00
395357976,Veil 7,Veil,7,,"- S코믹스, JAPAN EXPO 최우수작화상, 최우수장정상 수상",코테리,㈜소미미디어,2026-06,11520,9.5,4375,229,2026-09-08T10:18:31+09:00
399451773,숨막힐 정도의 사랑을 줄게 7,숨막힐 정도의 사랑을 줄게,7,,,이와시타 케이코,대원씨아이(만화),2026-07,5400,,3760,230,2026-09-08T10:18:31+09:00
399404721,오디세이아를 한 번도 안 읽어 볼 수는 없잖아,오디세이아를 한 번도 안 읽어 볼 수는 없잖아,,,,Team. StoryG,oldstairs(올드스테어즈),2026-07,21600,9.3,3815,231,2026-09-08T10:18:31+09:00
305148069,장례식 케이크 전문점 연옥당 2,장례식 케이크 전문점 연옥당,2,,- 양장,산호,문학동네,2022-11,18900,10.0,3564,232,2026-09-08T10:18:31+09:00
339953506,방과 후 소년 하나코 군 2,방과 후 소년 하나코 군,2,,,아이다이로,서울미디어코믹스(서울문화사),2024-05,5400,,2731,233,2026-09-08T10:18:31+09:00
400136881,벡 Beck 신장판 8,벡 Beck 신장판,8,,,해롤드 사쿠이시,학산문화사(만화),2026-08,10800,10.0,2760,234,2026-09-08T10:18:31+09:00
400878309,온통 여우 1,온통 여우,1,,- 초판 한정 특전 : 일러스트 카드 2종,Ayami Morinaga,서울미디어코믹스(서울문화사),2026-08,6750,10.0,2130,235,2026-09-08T10:18:31+09:00
395945478,향기로운 꽃은 늠름하게 핀다 9,향기로운 꽃은 늠름하게 핀다,9,,,미카미 사카,대원씨아이(만화),2026-06,6300,,2145,236,2026-09-08T10:18:31+09:00
374014339,명탐정 코난 : 1일 1쪽 뇌 자극 수학 추리 초급편 151문,명탐정 코난 : 1일 1쪽 뇌 자극 수학 추리 초급편 151문,,,,아오야마 고쇼,서울미디어코믹스(서울문화사),2025-10,13500,10.0,1358,237,2026-09-08T10:18:31+09:00
400909336,라면 재유기 13,라면 재유기,13,,,쿠베 로쿠로,대원씨아이(만화),2026-08,5850,,1130,238,2026-09-08T10:18:31+09:00
400880249,파도였던 날들,파도였던 날들,,,,AJ 덩고,미메시스,2026-09,25200,10.0,890,239,2026-09-08T10:18:31+09:00
401049303,냄비로 총알을 막아내며 2,냄비로 총알을 막아내며,2,,,아오키 준타로,블루픽,2026-08,7200,,1050,240,2026-09-08T10:18:31+09:00
401462776,7대손에게 재앙을 내릴 거니 빨리 결혼하세요! 3,7대손에게 재앙을 내릴 거니 빨리 결혼하세요!,3,,- SL Comic,Tabiko,디앤씨미디어(주)(D&C미디어),2026-09,6300,,950,241,2026-09-08T10:18:31+09:00
401463223,왕의 프러포즈 5,왕의 프러포즈,5,,- SL Comic,쿠리오 네모,디앤씨미디어(주)(D&C미디어),2026-09,6300,,980,242,2026-09-08T10:18:31+09:00
401247968,멜로에 빠진 직장인은 안일하다,멜로에 빠진 직장인은 안일하다,,,- 라르고 맥스 Largo Max,우지이,조은세상(북두),2026-09,5400,,850,243,2026-09-08T10:18:31+09:00
401369571,바라메 강림하여 주소서 2,바라메 강림하여 주소서,2,,"- 초판 부록: 포토카드 1매, 책갈피 1매, 띠지",백상언,레진코믹스(레진엔터테인먼트),2026-09,15300,,760,244,2026-09-08T10:18:31+09:00
401372144,드라마퀸 5,드라마퀸,5,,,이치카와 쿠라쿠,서울미디어코믹스(서울문화사),2026-09,5850,,910,245,2026-09-08T10:18:31+09:00
399924966,팬텀 버스터즈 7 (한정판),팬텀 버스터즈,7,한정판,"- CD 라벨풍 스티커 + CD 자켓풍 일러스트 카드 2종 + 아크릴 키링 4종, M형 티켓 + 양면 어나더 커버 + 초판 한정 일러스트 카드, S코믹스",네오쇼코,㈜소미미디어,2026-08,27000,,11985,246,2026-09-08T10:18:31+09:00
385786461,스킵과 로퍼 11 (더블 특전판),스킵과 로퍼,11,더블 특전판,"- 미츠미 아크릴 POP + 명장면 흑백 스티커 4종 (초판 특전), 시프트코믹스",타카마츠 미사키,YNK MEDIA(만화),2026-02,5400,8.4,11294,247,2026-09-08T10:18:31+09:00
368087158,불가항력의 I LOVE YOU 5,불가항력의 I LOVE YOU,5,,,호시노 미즈키,서울미디어코믹스(서울문화사),2025-07,5400,9.5,9044,248,2026-09-08T10:18:31+09:00
327563621,향기로운 꽃은 늠름하게 핀다 2,향기로운 꽃은 늠름하게 핀다,2,,,미카미 사카,대원씨아이(만화),2023-10,5400,9.8,8489,249,2026-09-08T10:18:31+09:00
294401024,헌터x헌터 HunterXHunter 신장판 34,헌터x헌터 HunterXHunter 신장판,34,,,토가시 요시히로,학산문화사(만화),2018-05,5400,,7990,250,2026-09-08T10:18:31+09:00
294401191,헌터x헌터 HunterXHunter 신장판 35,헌터x헌터 HunterXHunter 신장판,35,,,토가시 요시히로,학산문화사(만화),2019-03,5400,2.0,7668,251,2026-09-08T10:18:31+09:00
396563591,히나타의 블루 6,히나타의 블루,6,,"- 완결, 루나 코믹스 / 초판 한정 양면 어나더 커버, 렌티큘러 카드, 일러스트 카드",메구로 아무,㈜소미미디어,2026-07,6300,10.0,7240,252,2026-09-08T10:18:31+09:00
399782210,운명의 사람을 만나는 이야기 8,운명의 사람을 만나는 이야기,8,,,아나신,학산문화사(만화),2026-08,5400,10.0,6995,253,2026-09-08T10:18:31+09:00
298605722,헌터x헌터 HunterXHunter 신장판 32,헌터x헌터 HunterXHunter 신장판,32,,,토가시 요시히로,학산문화사(만화),2013-12,5400,,6437,254,2026-09-08T10:18:31+09:00
292320734,헌터x헌터 HunterXHunter 신장판 2,헌터x헌터 HunterXHunter 신장판,2,,,토가시 요시히로,학산문화사(만화),2012-07,5400,10.0,5983,255,2026-09-08T10:18:31+09:00
374337173,장례식 케이크 전문점 연옥당 3,장례식 케이크 전문점 연옥당,3,,"- 양장, 완결",산호,문학동네,2025-10,19800,9.7,4360,256,2026-09-08T10:18:31+09:00
400247736,만화 인소의 법칙 9 (한정판),만화 인소의 법칙,9,한정판,- 구성: 단행본 + 은지호 PET 스탠드 + 우주인 학생증 + 신용카드 스티커 2종 + 엽서 4종 + 미니 표지 아크릴 키링,아현,디앤씨웹툰비즈,2026-08,25200,,3600,257,2026-09-08T10:18:31+09:00
284922100,장례식 케이크 전문점 연옥당 1,장례식 케이크 전문점 연옥당,1,,- 양장,산호,문학동네,2021-12,17100,10.0,3721,258,2026-09-08T10:18:31+09:00
323998644,먼작귀 4 (콩알도감 포함 특별판),먼작귀,4,콩알도감 포함 특별판,- 먼가 작고 귀여운 녀석,나가노,미우(대원씨아이),2023-09,21600,6.7,2814,259,2026-09-08T10:18:31+09:00
397818353,너를 너무너무너무너무 좋아하는 100명의 그녀 24,너를 너무너무너무너무 좋아하는 100명의 그녀,24,,,나카무라 리키토,학산문화사(만화),2026-07,5400,8.7,2475,260,2026-09-08T10:18:31+09:00
400594114,못 미더운 악녀입니다만 : ~추궁접서 교체전~ 10,못 미더운 악녀입니다만 : ~추궁접서 교체전~,10,,,EI Ohitsuji,서울미디어코믹스(서울문화사),2026-08,6300,10.0,2350,261,2026-09-08T10:18:31+09:00
399381805,격기 3반 18,격기 3반,18,,- 남일고등학교 격투기 특기반,이학,대원씨아이(만화),2026-07,4950,10.0,2400,262,2026-09-08T10:18:31+09:00
401097577,"다른 학교 얼음공주를 구했더니, 친구부터 시작하게 되었습니다 2","다른 학교 얼음공주를 구했더니, 친구부터 시작하게 되었습니다",2,,,사츠키 히류,오팬스노벨,2026-08,7650,,2120,263,2026-09-08T10:18:31+09:00
400707775,곰과 토끼는 친구로 지낼 수 없다 2,곰과 토끼는 친구로 지낼 수 없다,2,,,이누요시 아키라,대원씨아이(만화),2026-08,6300,,1770,264,2026-09-08T10:18:31+09:00
401009461,달의 아이 신장판 8,달의 아이 신장판,8,,- 완결,시미즈 레이코,서울미디어코믹스(서울문화사),2026-08,16200,10.0,1300,265,2026-09-08T10:18:31+09:00
401049347,냄비로 총알을 막아내며 3,냄비로 총알을 막아내며,3,,,아오키 준타로,블루픽,2026-08,7200,,1000,266,2026-09-08T10:18:31+09:00
400930360,마로니에 왕국의 7인의 기사 7,마로니에 왕국의 7인의 기사,7,,,이와모토 나오,㈜소미미디어,2026-09,6300,,970,267,2026-09-08T10:18:31+09:00
401345304,사령 마술의 용의자 3,사령 마술의 용의자,3,,,오니오,학산문화사(만화),2026-09,6300,,810,268,2026-09-08T10:18:31+09:00
401463419,마법소녀 단델라이온 3,마법소녀 단델라이온,3,,"- SL Comic, 초판 한정 특전: 띠지, 일러스트 카드 2종",미즈호 카에루,디앤씨미디어(주)(D&C미디어),2026-09,6300,,850,269,2026-09-08T10:18:31+09:00
401325950,타이카의 이성 3,타이카의 이성,3,,- S코믹스,이타가키 파루,㈜소미미디어,2026-09,6300,,660,270,2026-09-08T10:18:31+09:00
193382764,페르세폴리스,페르세폴리스,,,,마르얀 사트라피,휴머니스트,2019-06,28800,8.6,14182,271,2026-09-08T10:18:31+09:00
391724964,가르쳐줘 집사 1,가르쳐줘 집사,1,,- 초판 한정 더블 특전 : 양면 코스터 & 포토카드 2종 세트,마사키 미치,서울미디어코믹스(서울문화사),2026-04,6300,9.7,10617,272,2026-09-08T10:18:31+09:00
391479763,"사랑하라, 거짓된 천사들이여 6","사랑하라, 거짓된 천사들이여",6,,- 초판 한정 특전 : 양면 일러스트 카드 2종(지류),Coco Uzuki,서울미디어코믹스(서울문화사),2026-04,5400,10.0,9531,273,2026-09-08T10:18:31+09:00
294400847,헌터x헌터 HunterXHunter 신장판 33,헌터x헌터 HunterXHunter 신장판,33,,,토가시 요시히로,학산문화사(만화),2018-05,5400,,8087,274,2026-09-08T10:18:31+09:00
323339691,주술회전 23,주술회전,23,,- 별과 기름,아쿠타미 게게,서울미디어코믹스(서울문화사),2023-08,5400,9.9,7796,275,2026-09-08T10:18:31+09:00
298605858,헌터x헌터 HunterXHunter 신장판 36,헌터x헌터 HunterXHunter 신장판,36,,,토가시 요시히로,학산문화사(만화),2020-03,5400,,7706,276,2026-09-08T10:18:31+09:00
398836243,TV애니메이션 주술회전 회옥·옥절/시부야 사변 공식 가이드북,TV애니메이션 주술회전 회옥·옥절/시부야 사변 공식 가이드북,,,- 초판 한정 : 책갈피 2종,아쿠타미 게게,서울미디어코믹스(서울문화사),2026-07,24300,10.0,7640,277,2026-09-08T10:18:31+09:00
335258160,향기로운 꽃은 늠름하게 핀다 6,향기로운 꽃은 늠름하게 핀다,6,,,미카미 사카,대원씨아이(만화),2024-02,5400,10.0,7696,278,2026-09-08T10:18:31+09:00
397047219,쇼타 형아 7,쇼타 형아,7,,- BLovers Comics /초판 한정 더블 특전 : 양면 일러스트 카드 2종,나카야마 미유키,서울미디어코믹스(서울문화사),2026-06,5850,9.4,7005,279,2026-09-08T10:18:31+09:00
294032766,헌터x헌터 HunterXHunter 신장판 1,헌터x헌터 HunterXHunter 신장판,1,,,토가시 요시히로,학산문화사(만화),2013-07,5400,10.0,6566,280,2026-09-08T10:18:31+09:00
399055597,Re : 제로부터 시작하는 이세계 생활 43,Re : 제로부터 시작하는 이세계 생활,43,,"- Novel Engine / 초판한정 특별부록 : 띠지, 일러스트 카드",나가츠키 탓페이,데이즈엔터(주),2026-08,7200,,5635,281,2026-09-08T10:18:31+09:00
393753728,수상한 경찰 1 (트리플 특전판),수상한 경찰,1,트리플 특전판,- 초판한정 일러스트 북마크 1종 + 일러스트 엽서 4종 + 캐릭터 프로필 카드 4종,무키시츠,대원씨아이(만화),2026-05,9000,9.6,5350,282,2026-09-08T10:18:31+09:00
373999147,야마다 군과 Lv999의 사랑을 하다 2,야마다 군과 Lv999의 사랑을 하다,2,,,마시로,디앤씨미디어(주)(D&C미디어),2025-09,7200,9.8,5030,283,2026-09-08T10:18:31+09:00
280599696,지박소년 하나코 군 2,지박소년 하나코 군,2,,,아이다이로,서울미디어코믹스(서울문화사),2021-10,5400,10.0,4823,284,2026-09-08T10:18:31+09:00
397745987,Myther 2,Myther,2,,- S코믹스,야츠다 테키,㈜소미미디어,2026-07,6300,,4245,285,2026-09-08T10:18:31+09:00
282899607,지박소년 하나코 군 7,지박소년 하나코 군,7,,,아이다이로,서울미디어코믹스(서울문화사),2021-11,5400,10.0,4333,286,2026-09-08T10:18:31+09:00
398869909,나나 NANA 완전판 11,나나 NANA 완전판,11,,"- 초판 한정 PP엽서 1종, 포토카드 1종",야자와 아이,학산문화사(만화),2026-07,10800,,3775,287,2026-09-08T10:18:31+09:00
397294900,비교하고 검토하는 교열부의 쿠쥬 씨 2,비교하고 검토하는 교열부의 쿠쥬 씨,2,,,고이시 유카,서교책방,2026-07,11520,10.0,3475,288,2026-09-08T10:18:31+09:00
380346760,더블크로스 The 3rd Edition 룰북 2,더블크로스 The 3rd Edition 룰북,2,,,F.E.A.R,데이즈엔터(주),2025-12,13500,,3904,289,2026-09-08T10:18:31+09:00
390907872,향기로운 꽃은 늠름하게 핀다 19,향기로운 꽃은 늠름하게 핀다,19,,,미카미 사카,대원씨아이(만화),2026-04,5400,,3560,290,2026-09-08T10:18:31+09:00
397995094,수상한 경찰 2 (더블특전판),수상한 경찰,2,더블특전판,- 띠지 + 초판한정 일러스트 카드 1종 + 선착순 더블특전 포토카드 1종,무키시츠,대원씨아이(만화),2026-07,9000,9.5,3000,291,2026-09-08T10:18:31+09:00
396696431,요괴소년 호야 완전판 3,요괴소년 호야 완전판,3,,,후지타 카즈히로,서울미디어코믹스(서울문화사),2026-06,14400,10.0,2890,292,2026-09-08T10:18:31+09:00
399973698,시노비고토 7,시노비고토,7,,,미타라시 산타,학산문화사(만화),2026-08,6300,,2665,293,2026-09-08T10:18:31+09:00
398285038,포켓몬스터 스페셜 63,포켓몬스터 스페셜,63,,,쿠사카 히데노리,대원씨아이(만화),2026-07,4950,,2595,294,2026-09-08T10:18:31+09:00
397810577,쪽팔려게임 1~2 세트 - 전2권,쪽팔려게임 1~2 세트 - 전2권,,,"- 초판 한정 부록 : 1권,2권 엽서 2종 + 학생증 2종 + 면지에 작가님 친필 사인(인쇄본)",봉수,네이버웹툰,2026-09,28800,,2580,295,2026-09-08T10:18:31+09:00
400585881,귀여운 건 나다 3,귀여운 건 나다,3,,,야스코,대원씨아이(만화),2026-08,6300,10.0,2500,296,2026-09-08T10:18:31+09:00
400224750,선생님으로 ○○하면 안 됩니다! 3,선생님으로 ○○하면 안 됩니다!,3,,- S코믹스,무샤사부,㈜소미미디어,2026-08,6300,,2345,297,2026-09-08T10:18:31+09:00
400150238,남편을 내 편으로 만드는 방법 5,남편을 내 편으로 만드는 방법,5,,,시루,캐롯툰,2026-10,14400,10.0,2280,298,2026-09-08T10:18:31+09:00
310882441,먼작귀 3 (카드놀이 포함 특별판),먼작귀,3,카드놀이 포함 특별판,"- 카드놀이 세트: 카드 96장(문장 카드 46장, 그림 카드 46장) + 설명서 1장",나가노,미우(대원씨아이),2023-02,24300,4.0,2300,299,2026-09-08T10:18:31+09:00
396089286,향기로운 꽃은 늠름하게 핀다 13,향기로운 꽃은 늠름하게 핀다,13,,,미카미 사카,대원씨아이(만화),2026-06,6300,,2025,300,2026-09-08T10:18:31+09:00
401041961,산가지는 도깨비의 꿈을 꾼다 5,산가지는 도깨비의 꿈을 꾼다,5,,,LAPIS,다산코믹스,2026-08,18000,,1550,301,2026-09-08T10:18:31+09:00
396581696,향기로운 꽃은 늠름하게 핀다 12,향기로운 꽃은 늠름하게 핀다,12,,,미카미 사카,대원씨아이(만화),2025-01,6300,,1895,302,2026-09-08T10:18:31+09:00
400856659,눈이 나려 꽃 26,눈이 나려 꽃,26,,,임해연,학산문화사(만화),2026-08,7200,,1880,303,2026-09-08T10:18:31+09:00
395170741,야노 군의 평범한 나날 12,야노 군의 평범한 나날,12,,,타무라 유이,학산문화사(만화),2026-06,5400,9.8,1655,304,2026-09-08T10:18:31+09:00
393544789,향기로운 꽃은 늠름하게 핀다 20,향기로운 꽃은 늠름하게 핀다,20,,,미카미 사카,대원씨아이(만화),2026-05,5400,,1775,305,2026-09-08T10:18:31+09:00
400585950,보루토 -TWO BLUE VORTEX- 5,보루토 -TWO BLUE VORTEX-,5,,,이케모토 미키오,대원씨아이(만화),2026-08,5850,,1610,306,2026-09-08T10:18:31+09:00
355976947,신화와 전설 배색 아이디어 사전,신화와 전설 배색 아이디어 사전,,,,사쿠라이 테루코,한즈미디어(한스미디어),2025-01,5400,10.0,1115,307,2026-09-08T10:18:31+09:00
401009550,월광천녀 애장판 8,월광천녀 애장판,8,,,시미즈 레이코,서울미디어코믹스(서울문화사),2026-08,16200,,1110,308,2026-09-08T10:18:31+09:00
382043008,지박소년 하나코 군 25,지박소년 하나코 군,25,,,아이다이로,서울미디어코믹스(서울문화사),2026-01,5400,,1020,309,2026-09-08T10:18:31+09:00
280555213,포인트 캐릭터 드로잉 - 전2권,포인트 캐릭터 드로잉 - 전2권,,,,타코,레진코믹스(레진엔터테인먼트),2021-09,25200,10.0,16126,310,2026-09-08T10:18:31+09:00
323272361,"안녕, 에리","안녕, 에리",,,,후지모토 타츠키,학산문화사(만화),2023-08,5400,9.4,15580,311,2026-09-08T10:18:31+09:00
399403043,얼굴만으론 좋아할 수 없어요 17 (한정판),얼굴만으론 좋아할 수 없어요,17,한정판,- 한국 오리지널 일러스트 양면 커버 + 아크릴 스탠드 + 소책자 + 스페셜 일러스트 카드 2종 + 미니 일러스트 보드 (일반판 초판특전은 포함되지 않음),안자이 카린,서울미디어코믹스(서울문화사),2026-07,22500,10.0,13305,312,2026-09-08T10:18:31+09:00
389546868,반딧불이의 혼례 10,반딧불이의 혼례,10,,,타치바나 오레코,서울미디어코믹스(서울문화사),2026-04,7650,9.6,10862,313,2026-09-08T10:18:31+09:00
368125805,장송의 프리렌 14,장송의 프리렌,14,,,야마다 카네히토,학산문화사(만화),2025-07,5400,9.8,11091,314,2026-09-08T10:18:31+09:00
335112422,주술회전 25,주술회전,25,,- 인외마경 신주쿠 결전,아쿠타미 게게,서울미디어코믹스(서울문화사),2024-02,5400,9.6,10253,315,2026-09-08T10:18:31+09:00
392509863,아름다운 초저녁달 10,아름다운 초저녁달,10,,,야마모리 미카,학산문화사(만화),2026-05,5400,9.5,9788,316,2026-09-08T10:18:31+09:00
352603529,지박소년 하나코 군 22,지박소년 하나코 군,22,,,아이다이로,서울미디어코믹스(서울문화사),2024-11,5400,9.9,8978,317,2026-09-08T10:18:31+09:00
307634607,주술회전 21,주술회전,21,,- 도쿄 제2콜로니 -호운-,아쿠타미 게게,서울미디어코믹스(서울문화사),2022-12,5400,9.7,7914,318,2026-09-08T10:18:31+09:00
374276000,마남 이치 2 (더블 특전판),마남 이치,2,더블 특전판,- 홀로그램 일러스트 카드 1종 + 일러스트 책갈피 3종,유사자키 시로,서울미디어코믹스(서울문화사),2025-10,6300,9.6,8066,319,2026-09-08T10:18:31+09:00
336635744,향기로운 꽃은 늠름하게 핀다 7,향기로운 꽃은 늠름하게 핀다,7,,,미카미 사카,대원씨아이(만화),2024-03,5400,10.0,7547,320,2026-09-08T10:18:31+09:00
316015391,주술회전 22,주술회전,22,,- 사쿠라지마 콜로니 -환생-,아쿠타미 게게,서울미디어코믹스(서울문화사),2023-05,5400,10.0,7317,321,2026-09-08T10:18:31+09:00
332987456,향기로운 꽃은 늠름하게 핀다 5,향기로운 꽃은 늠름하게 핀다,5,,,미카미 사카,대원씨아이(만화),2024-01,5400,10.0,7155,322,2026-09-08T10:18:31+09:00
372708826,향기로운 꽃은 늠름하게 핀다 16,향기로운 꽃은 늠름하게 핀다,16,,,미카미 사카,대원씨아이(만화),2025-09,5400,9.8,7359,323,2026-09-08T10:18:31+09:00
329703592,지박소년 하나코 군 20,지박소년 하나코 군,20,,,아이다이로,서울미디어코믹스(서울문화사),2023-12,5400,8.9,6842,324,2026-09-08T10:18:31+09:00
394099665,킹덤 Kingdom 77,킹덤 Kingdom,77,,,하라 야스히사,대원씨아이(만화),2026-05,5400,10.0,6450,325,2026-09-08T10:18:31+09:00
398903862,보이시한 여자친구가 너무 귀여워 5 (특장판),보이시한 여자친구가 너무 귀여워,5,특장판,- 특장판 구성: 단행본 + 48P 소책자 + 초판특전 폴라로이드 사진 + 초판 특전 카메라 렌즈 속 투샷 사진,규뉴무기고항,서울미디어코믹스(서울문화사),2026-07,10800,,6180,326,2026-09-08T10:18:31+09:00
398289014,첫사랑은 나의 오빠 1,첫사랑은 나의 오빠,1,,,카스미 유코,서울미디어코믹스(서울문화사),2026-07,5850,9.3,5830,327,2026-09-08T10:18:31+09:00
297902307,헌터x헌터 HunterXHunter 신장판 3,헌터x헌터 HunterXHunter 신장판,3,,,토가시 요시히로,학산문화사(만화),2013-08,5400,,5514,328,2026-09-08T10:18:31+09:00
304091956,지박소년 하나코 군 18,지박소년 하나코 군,18,,,아이다이로,서울미디어코믹스(서울문화사),2022-11,5400,9.6,5306,329,2026-09-08T10:18:31+09:00
373999390,야마다 군과 Lv999의 사랑을 하다 3,야마다 군과 Lv999의 사랑을 하다,3,,,마시로,디앤씨미디어(주)(D&C미디어),2025-09,7200,9.8,4966,330,2026-09-08T10:18:31+09:00
292995505,지박소년 하나코 군 17,지박소년 하나코 군,17,,,아이다이로,서울미디어코믹스(서울문화사),2022-05,5400,9.7,5105,331,2026-09-08T10:18:31+09:00
396574570,Re : 제로부터 시작하는 이세계 생활 42,Re : 제로부터 시작하는 이세계 생활,42,,"- Novel Engine /초판한정 특별부록 : 띠지, 일러스트 카드",나가츠키 탓페이,데이즈엔터(주),2026-07,7200,10.0,4740,332,2026-09-08T10:18:31+09:00
298051256,헌터x헌터 HunterXHunter 신장판 17,헌터x헌터 HunterXHunter 신장판,17,,,토가시 요시히로,학산문화사(만화),2015-06,5400,,4267,333,2026-09-08T10:18:31+09:00
280599755,지박소년 하나코 군 3,지박소년 하나코 군,3,,,아이다이로,서울미디어코믹스(서울문화사),2021-10,5400,10.0,4554,334,2026-09-08T10:18:31+09:00
395849750,놀이의 관계 1,놀이의 관계,1,,- S Novel,아오이 세키나,㈜소미미디어,2026-06,7650,10.0,4045,335,2026-09-08T10:18:31+09:00
282899789,지박소년 하나코 군 9,지박소년 하나코 군,9,,,아이다이로,서울미디어코믹스(서울문화사),2021-11,5400,10.0,4095,336,2026-09-08T10:18:31+09:00
300919038,헌터x헌터 HunterXHunter 신장판 13,헌터x헌터 HunterXHunter 신장판,13,,,토가시 요시히로,학산문화사(만화),2014-12,5400,,4098,337,2026-09-08T10:18:31+09:00
298280458,헌터x헌터 HunterXHunter 신장판 30,헌터x헌터 HunterXHunter 신장판,30,,,토가시 요시히로,학산문화사(만화),2017-03,5400,,4070,338,2026-09-08T10:18:31+09:00
298280366,헌터x헌터 HunterXHunter 신장판 24,헌터x헌터 HunterXHunter 신장판,24,,,토가시 요시히로,학산문화사(만화),2016-06,5400,,3643,339,2026-09-08T10:18:31+09:00
298280697,헌터x헌터 HunterXHunter 신장판 23,헌터x헌터 HunterXHunter 신장판,23,,,토가시 요시히로,학산문화사(만화),2016-05,5400,,3639,340,2026-09-08T10:18:31+09:00
395170753,도쿄 학생 애처가 4,도쿄 학생 애처가,4,,,카유카와 스즈,학산문화사(만화),2026-06,6300,9.8,3620,341,2026-09-08T10:18:31+09:00
298280477,헌터x헌터 HunterXHunter 신장판 21,헌터x헌터 HunterXHunter 신장판,21,,,토가시 요시히로,학산문화사(만화),2016-06,5400,,3573,342,2026-09-08T10:18:31+09:00
398728336,마법소녀를 동경해서 5 (더블특전판),마법소녀를 동경해서,5,더블특전판,- 초판한정 : 일러스트 카드 1종 + SD 스티커 1종,오노나카 아키히로,대원씨아이(만화),2026-07,6750,,2795,343,2026-09-08T10:18:31+09:00
400197883,망각 배터리 23,망각 배터리,23,,,에코 미카와,서울미디어코믹스(서울문화사),2026-08,5400,,2550,344,2026-09-08T10:18:31+09:00
400197602,타로의 얼렁뚱땅 2,타로의 얼렁뚱땅,2,,,야츠미 츠무,서울미디어코믹스(서울문화사),2026-08,5850,10.0,2440,345,2026-09-08T10:18:31+09:00
333640869,먼작귀 5 (레터북 포함 특별판),먼작귀,5,레터북 포함 특별판,- 먼가 작고 귀여운 녀석,나가노,미우(대원씨아이),2024-02,23400,10.0,2649,346,2026-09-08T10:18:31+09:00
399953433,추우면 변하는 헤비가미 군 2,추우면 변하는 헤비가미 군,2,,"- SL Comic /초판 한정 특전: 띠지, PET 스탠드, 일러스트 스티커",쿠리미야,디앤씨미디어(주)(D&C미디어),2026-08,6300,,2275,347,2026-09-08T10:18:31+09:00
397163133,아주 깊은 우주에서 사랑을 담아 1,아주 깊은 우주에서 사랑을 담아,1,,"- 초판한정 : B5 포스터, 양면 일러스트 카드",아시다카 오즈,조은세상(북두),2026-07,5400,9.6,1930,348,2026-09-08T10:18:31+09:00
401097694,피가 이어지지 않은 우리가 가족이 되는 단 하나의 방법 1,피가 이어지지 않은 우리가 가족이 되는 단 하나의 방법,1,,,히바리유,오팬스노벨,2026-08,7650,,1840,349,2026-09-08T10:18:31+09:00
395950064,향기로운 꽃은 늠름하게 핀다 4,향기로운 꽃은 늠름하게 핀다,4,,,미카미 사카,대원씨아이(만화),2026-06,6300,,1820,350,2026-09-08T10:18:31+09:00
396090083,향기로운 꽃은 늠름하게 핀다 8,향기로운 꽃은 늠름하게 핀다,8,,,미카미 사카,대원씨아이(만화),2026-06,6300,,1860,351,2026-09-08T10:18:31+09:00
400958916,11번째 고양이는 네네 2,11번째 고양이는 네네,2,,,하리카모,오팬스코믹,2026-08,6300,,1390,352,2026-09-08T10:18:31+09:00
400878569,오컬트 타임즈 1,오컬트 타임즈,1,,- 초판 한정 : 일러스트 카드 부록 2종,Idonchi,서울미디어코믹스(서울문화사),2026-08,6300,10.0,1350,353,2026-09-08T10:18:31+09:00
401042641,고랭순대 작품집 7,고랭순대 작품집,7,,,고랭순대,대원씨아이(만화),2026-08,13500,,1260,354,2026-09-08T10:18:31+09:00
400585836,아자미 야코를 좋아하게 된다 2,아자미 야코를 좋아하게 된다,2,,,유니티 콩,대원씨아이(만화),2026-08,5850,10.0,1310,355,2026-09-08T10:18:31+09:00
400921444,페이스리스 드롭아웃 1,페이스리스 드롭아웃,1,,- S Novel+,류토,㈜소미미디어,2026-09,10800,,1660,356,2026-09-08T10:18:31+09:00
401052841,만화 이상적인 기둥서방 생활 10,만화 이상적인 기둥서방 생활,10,,,히노츠키 네코,길찾기,2026-08,6300,,1040,357,2026-09-08T10:18:31+09:00
400930488,숲 변두리의 꼬마 마녀 1,숲 변두리의 꼬마 마녀,1,,- S코믹스,후지무라 아유미,㈜소미미디어,2026-09,6300,,960,358,2026-09-08T10:18:31+09:00
401325707,쌀쌀맞은 사토 양이 나에게만 상냥하다 4,쌀쌀맞은 사토 양이 나에게만 상냥하다,4,,- S코믹스,사와타리 카자미,㈜소미미디어,2026-09,6300,,630,359,2026-09-08T10:18:31+09:00
398195286,히든카드가 많은 빅토리아 5,히든카드가 많은 빅토리아,5,,,우시노 코모,학산문화사(만화),2026-07,5400,10.0,535,360,2026-09-08T10:18:31+09:00
401658353,벡 Beck 신장판 9,벡 Beck 신장판,9,,"- 수량 한정 특전 일러스트 카드, 띠지",해롤드 사쿠이시,학산문화사(만화),2026-09,10800,,1210,361,2026-09-08T10:18:31+09:00
393250501,도쿄 에일리언즈 12 (트리플 특장판),도쿄 에일리언즈,12,트리플 특장판,- 초판 한정 : 아크릴 일러스트 카드(초판 전체) + 스페셜 일러스트 카드(선착순 한정) + 인화사진 (선착순 한정),NAOE,서울미디어코믹스(서울문화사),2026-05,5400,10.0,16165,362,2026-09-08T10:18:31+09:00
385521459,체인소 맨 22,체인소 맨,22,,,후지모토 타츠키,학산문화사(만화),2026-02,5400,10.0,12824,363,2026-09-08T10:18:31+09:00
387708305,월간순정 노자키 군 17,월간순정 노자키 군,17,,,츠바키 이즈미,학산문화사(만화),2026-03,5400,9.8,11063,364,2026-09-08T10:18:31+09:00
370794176,캐릭캐릭 체인지! Jewel Joker 주얼 조커 1,캐릭캐릭 체인지! Jewel Joker 주얼 조커,1,,,PEACH-PIT,서울미디어코믹스(서울문화사),2025-08,5850,10.0,10656,365,2026-09-08T10:18:31+09:00
330062627,주술회전 24,주술회전,24,,- 주택대천 - 재귀 -,아쿠타미 게게,서울미디어코믹스(서울문화사),2023-12,5400,9.5,7865,366,2026-09-08T10:18:31+09:00
387062834,백귀야행 31,백귀야행,31,,,이마 이치코,시공사(만화),2026-02,7200,9.8,8044,367,2026-09-08T10:18:31+09:00
395358108,찍히지 않습니다 6,찍히지 않습니다,6,,"- S코믹스 /초판 한정 일러스트 카드, 폴라로이드 사진풍 카드 2종",코노시마 루카,㈜소미미디어,2026-06,6300,10.0,7840,368,2026-09-08T10:18:31+09:00
329206984,향기로운 꽃은 늠름하게 핀다 3,향기로운 꽃은 늠름하게 핀다,3,,,미카미 사카,대원씨아이(만화),2023-11,5400,10.0,7819,369,2026-09-08T10:18:31+09:00
384933730,아멜리아의 호기심 많은 로맨스 1,아멜리아의 호기심 많은 로맨스,1,,- 루나 코믹스,코하쿠 요루,㈜소미미디어,2026-02,6300,9.8,5951,370,2026-09-08T10:18:31+09:00
388349538,카구라바치 9 (특별판),카구라바치,9,특별판,"- 토비무네, 아크릴 스탠드 2종 + 자개풍 홀로그램 아크릴 코스터 1종 + 화투풍 능력카드 4종 + 갤러리 보드 1종 + 후가공 일러스트카드 1종 + 렌티큘러 카드 1종 + 초판한정 일러스트 시네마 티켓 1종 + 더블특전 요도 계약자 pp 북마크",호카조노 타케루,대원씨아이(만화),2026-03,35550,10.0,6065,371,2026-09-08T10:18:31+09:00
389597923,황천의 츠가이 10,황천의 츠가이,10,,,아라카와 히로무,대원씨아이(만화),2026-04,5850,10.0,5569,372,2026-09-08T10:18:31+09:00
388852450,담배 고양이 1,담배 고양이,1,,,냥냥 팩토리,대원씨아이(만화),2026-03,5400,10.0,5312,373,2026-09-08T10:18:31+09:00
373998674,야마다 군과 Lv999의 사랑을 하다 1,야마다 군과 Lv999의 사랑을 하다,1,,,마시로,디앤씨미디어(주)(D&C미디어),2025-09,7200,9.8,5176,374,2026-09-08T10:18:31+09:00
314077334,헌터x헌터 HunterXHunter 신장판 4,헌터x헌터 HunterXHunter 신장판,4,,,토가시 요시히로,학산문화사(만화),2013-08,5400,,5210,375,2026-09-08T10:18:31+09:00
297863750,헌터x헌터 HunterXHunter 신장판 5,헌터x헌터 HunterXHunter 신장판,5,,,토가시 요시히로,학산문화사(만화),2013-10,5400,,5230,376,2026-09-08T10:18:31+09:00
317849520,지박소년 하나코 군 19,지박소년 하나코 군,19,,,아이다이로,서울미디어코믹스(서울문화사),2023-06,5400,9.8,5065,377,2026-09-08T10:18:31+09:00
352187570,주술회전 27,주술회전,27,,,아쿠타미 게게,서울미디어코믹스(서울문화사),2024-08,5400,,4908,378,2026-09-08T10:18:31+09:00
400246321,황천의 츠가이 12 (특별판),황천의 츠가이,12,특별판,- 초판부록 2종 + 패키지 박스 + 운명의 쌍둥이 아크릴 스탠드 1종 + 가브리엘 아크릴 참 키링 1종+ 시그니처 포토카드 1종 + 빅 캔배지 1종 + 홀로그램 카드 2종,아라카와 히로무,대원씨아이(만화),2026-08,25650,,4620,379,2026-09-08T10:18:31+09:00
297902517,헌터x헌터 HunterXHunter 신장판 10,헌터x헌터 HunterXHunter 신장판,10,,,토가시 요시히로,학산문화사(만화),2014-04,5400,,4625,380,2026-09-08T10:18:31+09:00
392518926,오가미 츠미키와 기일상 6,오가미 츠미키와 기일상,6,,,모리시타 미유,학산문화사(만화),2026-05,5400,9.3,4675,381,2026-09-08T10:18:31+09:00
311653748,헌터x헌터 HunterXHunter 신장판 11,헌터x헌터 HunterXHunter 신장판,11,,,토가시 요시히로,학산문화사(만화),2014-09,5400,,4486,382,2026-09-08T10:18:31+09:00
373365108,타워 던전 3,타워 던전,3,,,니헤이 츠토무,학산문화사(만화),2025-10,6300,10.0,4527,383,2026-09-08T10:18:31+09:00
337105332,Veil 1,Veil,1,,"- S코믹스, JAPAN EXPO 최우수작화상, 최우수장정상 수상",코테리,㈜소미미디어,2024-04,11520,9.2,4332,384,2026-09-08T10:18:31+09:00
284923922,지박소년 하나코 군 13,지박소년 하나코 군,13,,,아이다이로,서울미디어코믹스(서울문화사),2021-12,5400,10.0,4261,385,2026-09-08T10:18:31+09:00
330441742,기븐 9,기븐,9,,- 뉴 루비코믹스 2970,키즈 나츠키,현대지능개발사,2023-12,5400,9.7,4057,386,2026-09-08T10:18:31+09:00
310412096,기븐 8,기븐,8,,- 뉴 루비코믹스 2865,키즈 나츠키,현대지능개발사,2023-02,5400,9.6,4096,387,2026-09-08T10:18:31+09:00
396766600,유루캠 18,유루캠,18,,,아프로,대원씨아이(만화),2026-06,4950,9.6,3830,388,2026-09-08T10:18:31+09:00
311936078,헌터x헌터 HunterXHunter 신장판 31,헌터x헌터 HunterXHunter 신장판,31,,,토가시 요시히로,학산문화사(만화),2013-10,5400,,4162,389,2026-09-08T10:18:31+09:00
398843926,무대 담당과 악역 군 2,무대 담당과 악역 군,2,,- 완결 / 초판 한정 양면 일러스트 카드 2종,야마시나 티나,㈜소미미디어,2026-07,6300,,3805,390,2026-09-08T10:18:31+09:00
399782190,한밤중 하트튠 11,한밤중 하트튠,11,,,이가라시 마사쿠니,학산문화사(만화),2026-08,5400,,3745,391,2026-09-08T10:18:31+09:00
298280514,헌터x헌터 HunterXHunter 신장판 27,헌터x헌터 HunterXHunter 신장판,27,,,토가시 요시히로,학산문화사(만화),2016-10,5400,,3543,392,2026-09-08T10:18:31+09:00
388562286,양 선배는 혼자서 살아갈 수 없어 1,양 선배는 혼자서 살아갈 수 없어,1,,,soon챠,대원씨아이(만화),2026-03,5850,,2974,393,2026-09-08T10:18:31+09:00
399973609,켄투리아 6,켄투리아,6,,,쿠라모리 토오루,학산문화사(만화),2026-08,5400,10.0,2840,394,2026-09-08T10:18:31+09:00
399486670,서유요원전 서역편 : 화염산의 장 4,서유요원전 서역편 : 화염산의 장,4,,,모로호시 다이지로,문학동네,2026-07,9900,,2615,395,2026-09-08T10:18:31+09:00
399486641,서유요원전 서역편 : 화염산의 장 3,서유요원전 서역편 : 화염산의 장,3,,,모로호시 다이지로,문학동네,2026-07,9900,,2615,396,2026-09-08T10:18:31+09:00
400006799,유녀전기 21,유녀전기,21,,- 노엔 코믹스,토죠 치카,데이즈엔터(주),2026-08,5400,10.0,2315,397,2026-09-08T10:18:31+09:00
400001881,무서운 책 6,무서운 책,6,,- 괴물,우메즈 카즈오,AK(에이케이)커뮤니케이션즈,2026-08,9000,,2215,398,2026-09-08T10:18:31+09:00
366271674,정반대의 너와 나 7,정반대의 너와 나,7,,,아가사와 코챠,학산문화사(만화),2025-06,5400,9.9,2088,399,2026-09-08T10:18:31+09:00
372547860,카구라바치 7,카구라바치,7,,,호카조노 타케루,대원씨아이(만화),2025-09,5850,,2005,400,2026-09-08T10:18:31+09:00
313274245,네가 죽을 때까지 사랑하고 싶어 1,네가 죽을 때까지 사랑하고 싶어,1,,,나치 아오노,학산문화사(만화),2020-12,5400,,2443,401,2026-09-08T10:18:31+09:00
388016407,정반대의 너와 나 8,정반대의 너와 나,8,,- 완결,아가사와 코챠,학산문화사(만화),2026-03,5400,10.0,1739,402,2026-09-08T10:18:31+09:00
398727927,마법소녀를 동경해서 1 (더블특전판),마법소녀를 동경해서,1,더블특전판,- 초판한정 : 일러스트 카드 1종 + SD 스티커 1종,오노나카 아키히로,대원씨아이(만화),2026-07,6750,7.3,1670,403,2026-09-08T10:18:31+09:00
396091175,향기로운 꽃은 늠름하게 핀다 14,향기로운 꽃은 늠름하게 핀다,14,,,미카미 사카,대원씨아이(만화),2026-06,6300,,1825,404,2026-09-08T10:18:31+09:00
400712982,내 백합도 영업인 줄 알았어?,내 백합도 영업인 줄 알았어?,,,"- Novel Engine , 초판한정 특별부록 : 띠지 + 일러스트 카드",아사쿠라 네루,코믹레인,2026-09,7200,10.0,1730,405,2026-09-08T10:18:31+09:00
400585911,녹풍당의 사계절 21,녹풍당의 사계절,21,,,시미즈 유우,대원씨아이(만화),2026-08,4500,,1360,406,2026-09-08T10:18:31+09:00
398727942,마법소녀를 동경해서 2 (더블특전판),마법소녀를 동경해서,2,더블특전판,- 초판한정 : 일러스트 카드 1종 + SD 스티커 1종,오노나카 아키히로,대원씨아이(만화),2026-07,6750,,1460,407,2026-09-08T10:18:31+09:00
391302897,못 미더운 악녀입니다만 : ~추궁접서 교체전~ 9,못 미더운 악녀입니다만 : ~추궁접서 교체전~,9,,,EI Ohitsuji,서울미디어코믹스(서울문화사),2026-04,6300,10.0,1616,408,2026-09-08T10:18:31+09:00
401041186,너를 잊을 사랑이 하고 싶어 7 (특장판),너를 잊을 사랑이 하고 싶어,7,특장판,- 단행본 + 피크 키링 + 어나더 커버 + 일러스트 카드 2종 + 포토카드 2종 + 별도 박스 포장,유우키 하루,대원씨아이(만화),2026-08,19800,10.0,1270,409,2026-09-08T10:18:31+09:00
400585712,버그 에고 2,버그 에고,2,,- S코믹스,시타라 키요토,㈜소미미디어,2026-08,6300,,1290,410,2026-09-08T10:18:31+09:00
401052876,만화 이상적인 기둥서방 생활 11,만화 이상적인 기둥서방 생활,11,,,히노츠키 네코,길찾기,2026-08,6300,8.0,1050,411,2026-09-08T10:18:31+09:00
401348042,혀끝에서부터 사랑 3,혀끝에서부터 사랑,3,,- 완결,모모세 안,블랑코믹스(BLANC COMICS),2026-09,5400,,690,412,2026-09-08T10:18:31+09:00
401345074,옷소매 붉은 끝동 11,옷소매 붉은 끝동,11,,- 만화,강미강,학산문화사(만화),2026-09,14400,,510,413,2026-09-08T10:18:31+09:00
401421159,쿄가네 가문의 신부 5,쿄가네 가문의 신부,5,,,히노 안주,서울미디어코믹스(서울문화사),2026-09,5850,,560,414,2026-09-08T10:18:31+09:00
401658586,아다치와 시마무라 5,아다치와 시마무라,5,,,유즈하라 모케,학산문화사(만화),2026-09,6300,,1210,415,2026-09-08T10:18:31+09:00
374587018,원피스 112,원피스,112,,- 할리(신전),오다 에이치로,대원씨아이(만화),2025-10,5400,10.0,26747,416,2026-09-08T10:18:31+09:00
391943528,엄마를 만나러 가는 길,엄마를 만나러 가는 길,,,"- 모리의 스티커북 /초판 한정 부록: 투명 북마크,작가 친필 사인 면지에 인쇄",고먕,네이버웹툰,2026-06,15300,10.0,11564,417,2026-09-08T10:18:31+09:00
280840739,주술회전 공식 팬북,주술회전 공식 팬북,,,,아쿠타미 게게,서울미디어코믹스(서울문화사),2021-10,9000,9.8,11545,418,2026-09-08T10:18:31+09:00
312942363,타코피의 원죄 - 상,타코피의 원죄 - 상,,,,타이잔5,대원씨아이(만화),2023-03,5400,9.9,10315,419,2026-09-08T10:18:31+09:00
309270127,후지모토 타츠키 단편집 22-26,후지모토 타츠키 단편집,22-26,,,후지모토 타츠키,학산문화사(만화),2023-01,5400,9.4,9907,420,2026-09-08T10:18:31+09:00
312942437,타코피의 원죄 - 하,타코피의 원죄 - 하,,,,타이잔5,대원씨아이(만화),2023-03,5400,8.8,10093,421,2026-09-08T10:18:31+09:00
382046167,캐릭캐릭 체인지! Jewel Joker 주얼 조커 2,캐릭캐릭 체인지! Jewel Joker 주얼 조커,2,,,PEACH-PIT,서울미디어코믹스(서울문화사),2025-12,5850,9.8,9331,422,2026-09-08T10:18:31+09:00
341524569,주술회전 26,주술회전,26,,- 남쪽으로,아쿠타미 게게,서울미디어코믹스(서울문화사),2024-06,5400,,8794,423,2026-09-08T10:18:31+09:00
388821136,중년에 지친 밤에는,중년에 지친 밤에는,,,,마스다 미리,북포레스트,2026-03,16200,9.4,8113,424,2026-09-08T10:18:31+09:00
393546382,봇치·더·록! 외전 히로이 키쿠리의 과음일기 5,봇치·더·록! 외전 히로이 키쿠리의 과음일기,5,,,쿠미쵸,대원씨아이(만화),2026-05,8100,10.0,8165,425,2026-09-08T10:18:31+09:00
393238375,양 선배는 혼자서 살아갈 수 없어 2,양 선배는 혼자서 살아갈 수 없어,2,,- 초판부록 : 일러스트 카드 1종 + 띠지,soon챠,대원씨아이(만화),2026-05,5850,9.9,8175,426,2026-09-08T10:18:31+09:00
338271919,지박소년 하나코 군 21,지박소년 하나코 군,21,,,아이다이로,서울미디어코믹스(서울문화사),2024-04,5400,10.0,7916,427,2026-09-08T10:18:31+09:00
301706114,주술회전 0 : 외전,주술회전 0 : 외전,,,,아쿠타미 게게,서울미디어코믹스(서울문화사),2019-04,5400,8.7,7547,428,2026-09-08T10:18:31+09:00
303424817,주술회전 20,주술회전,20,,- 센다이 -연회 중반-,아쿠타미 게게,서울미디어코믹스(서울문화사),2022-10,5400,9.8,7535,429,2026-09-08T10:18:31+09:00
286833118,장송의 프리렌 4,장송의 프리렌,4,,,야마다 카네히토,학산문화사(만화),2022-01,5400,9.3,7403,430,2026-09-08T10:18:31+09:00
395268985,괴수 8호 RELAX 4,괴수 8호 RELAX,4,,"- 초판 한정: 홀로그램 일러스트 카드, 방위대 4컷 포토카드",,서울미디어코믹스(서울문화사),2026-06,5400,8.0,7310,431,2026-09-08T10:18:31+09:00
301706475,주술회전 2,주술회전,2,,,아쿠타미 게게,서울미디어코믹스(서울문화사),2019-03,5400,,6911,432,2026-09-08T10:18:31+09:00
375360162,향기로운 꽃은 늠름하게 핀다 17,향기로운 꽃은 늠름하게 핀다,17,,,미카미 사카,대원씨아이(만화),2025-10,5400,,7196,433,2026-09-08T10:18:31+09:00
318850889,마루는 강쥐 1,마루는 강쥐,1,,,모죠,문페이스,2023-07,14400,10.0,7239,434,2026-09-08T10:18:31+09:00
360719281,지박소년 하나코 군 23,지박소년 하나코 군,23,,,아이다이로,서울미디어코믹스(서울문화사),2025-03,5400,9.8,6578,435,2026-09-08T10:18:31+09:00
309609895,타몬 군 지금 어느 쪽?! 1,타몬 군 지금 어느 쪽?!,1,,,시와스 유키,학산문화사(만화),2023-01,5400,9.5,6613,436,2026-09-08T10:18:31+09:00
370615925,향기로운 꽃은 늠름하게 핀다 15,향기로운 꽃은 늠름하게 핀다,15,,,미카미 사카,대원씨아이(만화),2025-08,5400,,6643,437,2026-09-08T10:18:31+09:00
397904410,나 혼자만 레벨업 : 라그나로크 3,나 혼자만 레벨업 : 라그나로크,3,,- 만화,,디앤씨웹툰비즈,2026-07,14400,10.0,5540,438,2026-09-08T10:18:31+09:00
386003919,향기로운 꽃은 늠름하게 핀다 18,향기로운 꽃은 늠름하게 핀다,18,,,미카미 사카,대원씨아이(만화),2026-02,5400,10.0,5643,439,2026-09-08T10:18:31+09:00
2558847,만화의 창작,만화의 창작,,,- 비즈앤비즈 만화 애니메이션 시리즈 3,스콧 맥클라우드,비즈앤비즈,2008-09,17100,9.0,5378,440,2026-09-08T10:18:31+09:00
388137308,믹스 MIX 24,믹스 MIX,24,,,아다치 미츠루,대원씨아이(만화),2026-03,5400,10.0,5430,441,2026-09-08T10:18:31+09:00
354729574,주술회전 28,주술회전,28,,- 인외마경 신주쿠 결전 : 9점 점바둑,아쿠타미 게게,서울미디어코믹스(서울문화사),2024-12,5400,10.0,5174,442,2026-09-08T10:18:31+09:00
294153055,헌터x헌터 HunterXHunter 신장판 7,헌터x헌터 HunterXHunter 신장판,7,,,토가시 요시히로,학산문화사(만화),2014-01,5400,,4893,443,2026-09-08T10:18:31+09:00
395173556,내 마음의 위험한 녀석 13,내 마음의 위험한 녀석,13,,- S코믹스,사쿠라이 노리오,㈜소미미디어,2026-06,6300,9.4,4810,444,2026-09-08T10:18:31+09:00
387582084,타워 던전 4,타워 던전,4,,,니헤이 츠토무,학산문화사(만화),2026-03,6300,10.0,4715,445,2026-09-08T10:18:31+09:00
278906067,지박소년 하나코 군 14,지박소년 하나코 군,14,,,아이다이로,서울미디어코믹스(서울문화사),2021-09,5400,10.0,4526,446,2026-09-08T10:18:31+09:00
286341412,지박소년 하나코 군 16,지박소년 하나코 군,16,,,아이다이로,서울미디어코믹스(서울문화사),2022-01,5400,9.7,4503,447,2026-09-08T10:18:31+09:00
389641178,황천의 츠가이 5,황천의 츠가이,5,,,아라카와 히로무,대원씨아이(만화),2024-03,5850,,4350,448,2026-09-08T10:18:31+09:00
315823527,헌터x헌터 HunterXHunter 신장판 9,헌터x헌터 HunterXHunter 신장판,9,,,토가시 요시히로,학산문화사(만화),2014-04,5400,,4518,449,2026-09-08T10:18:31+09:00
314077483,헌터x헌터 HunterXHunter 신장판 8,헌터x헌터 HunterXHunter 신장판,8,,,토가시 요시히로,학산문화사(만화),2014-01,5400,,4462,450,2026-09-08T10:18:31+09:00
257021910,기븐 6,기븐,6,,- 뉴 루비코믹스 2555,키즈 나츠키,현대지능개발사,2020-11,4950,9.6,4471,451,2026-09-08T10:18:31+09:00
282899364,지박소년 하나코 군 5,지박소년 하나코 군,5,,,아이다이로,서울미디어코믹스(서울문화사),2021-11,5400,10.0,4430,452,2026-09-08T10:18:31+09:00
390010927,황천의 츠가이 7,황천의 츠가이,7,,,아라카와 히로무,대원씨아이(만화),2026-04,5850,,4459,453,2026-09-08T10:18:31+09:00
294154150,헌터x헌터 HunterXHunter 신장판 12,헌터x헌터 HunterXHunter 신장판,12,,,토가시 요시히로,학산문화사(만화),2014-09,5400,,4210,454,2026-09-08T10:18:31+09:00
394711835,악마에 입문했습니다! 이루마 군 : if Episode of 마피아 7,악마에 입문했습니다! 이루마 군 : if Episode of 마피아,7,,,니시 오사무,서울미디어코믹스(서울문화사),2026-06,5850,,3985,455,2026-09-08T10:18:31+09:00
300919411,헌터x헌터 HunterXHunter 신장판 18,헌터x헌터 HunterXHunter 신장판,18,,,토가시 요시히로,학산문화사(만화),2015-07,5400,,3810,456,2026-09-08T10:18:31+09:00
300919153,헌터x헌터 HunterXHunter 신장판 14,헌터x헌터 HunterXHunter 신장판,14,,,토가시 요시히로,학산문화사(만화),2014-12,5400,,3777,457,2026-09-08T10:18:31+09:00
298348779,서랍 속 테라리움 : 신장판,서랍 속 테라리움 : 신장판,,,- S코믹스,쿠이 료코,㈜소미미디어,2022-08,8100,9.5,3688,458,2026-09-08T10:18:31+09:00
298280625,헌터x헌터 HunterXHunter 신장판 15,헌터x헌터 HunterXHunter 신장판,15,,,토가시 요시히로,학산문화사(만화),2015-04,5400,,3590,459,2026-09-08T10:18:31+09:00
398867274,찍히지 않습니다 7 (한정판),찍히지 않습니다,7,한정판,"- 아크릴 키링 + 카드 스티커 2종 + PET 4컷 사진 책갈피 + 초판 한정 일러스트 카드 + 폴라로이드 사진풍 카드 2종, S코믹스",코노시마 루카,㈜소미미디어,2026-08,22500,,3445,460,2026-09-08T10:18:31+09:00
397817987,월요일의 타와와 : 청판 14,월요일의 타와와 : 청판,14,,,히무라 키세키,학산문화사(만화),2026-07,8100,,3400,461,2026-09-08T10:18:31+09:00
399540525,전희 서바이벌 사가 3,전희 서바이벌 사가,3,,,OTOSAMA,오팬스코믹,2026-07,6300,10.0,3580,462,2026-09-08T10:18:31+09:00
301058824,헌터x헌터 HunterXHunter 신장판 29,헌터x헌터 HunterXHunter 신장판,29,,,토가시 요시히로,학산문화사(만화),2017-01,5400,,3482,463,2026-09-08T10:18:31+09:00
305225003,헌터x헌터 HunterXHunter 신장판 22,헌터x헌터 HunterXHunter 신장판,22,,,토가시 요시히로,학산문화사(만화),2016-04,5400,,3455,464,2026-09-08T10:18:31+09:00
394239585,사피엔스: 그래픽 히스토리 시리즈 세트 - 전4권,사피엔스: 그래픽 히스토리 시리즈 세트 - 전4권,,,,,김영사,2026-05,71280,9.3,3175,465,2026-09-08T10:18:31+09:00
324629346,그리고 마녀는 숲으로 갔다 1,그리고 마녀는 숲으로 갔다,1,,,산호,고블,2023-08,20700,9.2,2920,466,2026-09-08T10:18:31+09:00
322804966,정반대의 너와 나 2,정반대의 너와 나,2,,,아가사와 코챠,학산문화사(만화),2023-08,5400,9.8,2854,467,2026-09-08T10:18:31+09:00
393153006,마가이모노 1,마가이모노,1,,"- 위작, S코믹스",쿠로카와 유미,㈜소미미디어,2026-05,8100,9.6,2915,468,2026-09-08T10:18:31+09:00
398203513,톰 폭스의 옷을 입은 캐릭터 드로잉 : 아티스트를 위한 옷과 주름 그리기 가이드,톰 폭스의 옷을 입은 캐릭터 드로잉 : 아티스트를 위한 옷과 주름 그리기 가이드,,,,톰 폭스,한즈미디어(한스미디어),2026-07,28800,10.0,2465,469,2026-09-08T10:18:31+09:00
400245338,공주님 고문의 시간입니다 19,공주님 고문의 시간입니다,19,,- 완결,하루하라 로빈슨,학산문화사(만화),2026-08,5400,10.0,2340,470,2026-09-08T10:18:31+09:00
399056149,제도성배기담 Fate/type Redline 6,제도성배기담 Fate/type Redline,6,,- 노엔 코믹스 / 초판한정 특별부록 : 일러스트 카드 + 띠지,히라노 료지,데이즈엔터(주),2026-08,7200,10.0,2185,471,2026-09-08T10:18:31+09:00
308287261,네가 죽을 때까지 사랑하고 싶어 5,네가 죽을 때까지 사랑하고 싶어,5,,,나치 아오노,학산문화사(만화),2023-01,5400,10.0,2259,472,2026-09-08T10:18:31+09:00
399926241,어쨌든 귀여워 25,어쨌든 귀여워,25,,- S코믹스,하타 켄지로,㈜소미미디어,2026-08,6300,,1925,473,2026-09-08T10:18:31+09:00
399465061,신석기 시대부터 AI 시대까지 만화로 꿰뚫는 경제사,신석기 시대부터 AI 시대까지 만화로 꿰뚫는 경제사,,,- 물질적 풍요는 우리를 행복하게 만들었을까,,클,2026-08,19800,10.0,1870,474,2026-09-08T10:18:31+09:00
400543319,우자키 양은 놀고싶어! 14,우자키 양은 놀고싶어!,14,,,타케,대원씨아이(만화),2026-08,4950,,2070,475,2026-09-08T10:18:31+09:00
318446151,네가 죽을 때까지 사랑하고 싶어 3,네가 죽을 때까지 사랑하고 싶어,3,,,나치 아오노,학산문화사(만화),2021-05,5400,,2040,476,2026-09-08T10:18:31+09:00
290968765,네가 죽을 때까지 사랑하고 싶어 4,네가 죽을 때까지 사랑하고 싶어,4,,,나치 아오노,학산문화사(만화),2022-03,5400,10.0,2156,477,2026-09-08T10:18:31+09:00
400310759,호랑이형님 20,호랑이형님,20,,,이상규,영컴(YOUNG COM),2026-08,15120,,1620,478,2026-09-08T10:18:31+09:00
400311047,호랑이형님 21,호랑이형님,21,,,이상규,영컴(YOUNG COM),2026-08,15120,,1510,479,2026-09-08T10:18:31+09:00
385894622,먼작귀 2 (그림책 포함 특별판),먼작귀,2,그림책 포함 특별판,- 먼가 작고 귀여운 녀석,나가노,미우(대원씨아이),2022-08,17820,,1551,480,2026-09-08T10:18:31+09:00
400247880,만화 인소의 법칙 9,만화 인소의 법칙,9,,,아현,디앤씨웹툰비즈,2026-08,14400,,1520,481,2026-09-08T10:18:31+09:00
400921733,이세계 전생 던전 마스터 온천 던전을 만들다 1,이세계 전생 던전 마스터 온천 던전을 만들다,1,,"- S Novel+, 초판 한정 아마하라 신규 일러스트 양면커버, 일러스트카드",아마하라,㈜소미미디어,2026-09,9000,,1690,482,2026-09-08T10:18:31+09:00
398869483,홀로서기 마왕성 12,홀로서기 마왕성,12,,,모리시타 마코토,대원씨아이(만화),2026-07,5400,9.3,1050,483,2026-09-08T10:18:31+09:00
395745367,아자미 야코를 좋아하게 된다 1,아자미 야코를 좋아하게 된다,1,,,유니티 콩,대원씨아이(만화),2026-06,5850,10.0,1095,484,2026-09-08T10:18:31+09:00
400313885,타베모노로그,타베모노로그,,,,JIU,재담,2026-08,14400,,880,485,2026-09-08T10:18:31+09:00
400980630,룸메이트 1,룸메이트,1,,,사토 아키히토,대원씨아이(만화),2026-08,6750,10.0,900,486,2026-09-08T10:18:31+09:00
347732633,인터넷 러브!,인터넷 러브!,,,,우리노 키코,빗금,2024-09,7650,9.5,810,487,2026-09-08T10:18:31+09:00
400856443,응원 걸! 1,응원 걸!,1,,,다나카 유치아,대원씨아이(만화),2026-08,5400,10.0,710,488,2026-09-08T10:18:31+09:00
400624765,장송의 프리렌 9,장송의 프리렌,9,,,야마다 카네히토,학산문화사(만화),2022-12,6300,,840,489,2026-09-08T10:18:31+09:00
401041322,술에 취한 영애가 영웅을 몰라보고 구혼한 결과 1,술에 취한 영애가 영웅을 몰라보고 구혼한 결과,1,,,오오토리,대원씨아이(만화),2026-08,5850,,860,490,2026-09-08T10:18:31+09:00
401047138,장송의 프리렌 10,장송의 프리렌,10,,,야마다 카네히토,학산문화사(만화),2026-08,6300,,880,491,2026-09-08T10:18:31+09:00
401420914,"포근포근한 남자, 주웠습니다 1","포근포근한 남자, 주웠습니다",1,,,Namo Nanashima,서울미디어코믹스(서울문화사),2026-09,6300,,550,492,2026-09-08T10:18:31+09:00
401459213,봄의 폭풍과 몬스터 8,봄의 폭풍과 몬스터,8,,,미츠바치 미유키,학산문화사(만화),2026-09,6300,,620,493,2026-09-08T10:18:31+09:00
361704320,여학교의 별 4,여학교의 별,4,,,와야마 야마,문학동네,2025-03,7650,9.8,28666,494,2026-09-08T10:18:31+09:00
389928831,새벽의 연화 46,새벽의 연화,46,,,미즈호 쿠사나기,학산문화사(만화),2026-04,5400,9.8,10303,495,2026-09-08T10:18:31+09:00
397744206,학생회에도 구멍은 있다! 12,학생회에도 구멍은 있다!,12,,- S코믹스,무치마로,㈜소미미디어,2026-07,6300,9.0,10145,496,2026-09-08T10:18:31+09:00
398221849,메달리스트 공식 팬북 더블특전판,메달리스트 공식 팬북 더블특전판,,,- 수량 한정 더블 특전 : 일러스트 카드 + 네컷사진,츠루마이카다,학산문화사(만화),2026-07,13500,10.0,9640,497,2026-09-08T10:18:31+09:00
299392454,자연스러운 인체 드로잉,자연스러운 인체 드로잉,,,- 해부학부터 옷 주름까지 배우는,소은 박경선,동양북스(동양문고),2022-08,21150,10.0,9657,498,2026-09-08T10:18:31+09:00
369126143,주술회전 30,주술회전,30,,,아쿠타미 게게,서울미디어코믹스(서울문화사),2025-08,5400,10.0,9281,499,2026-09-08T10:18:31+09:00
294677380,귀멸의 칼날 23,귀멸의 칼날,23,,- 완결,고토게 코요하루,학산문화사(만화),2021-04,5400,9.3,8434,500,2026-09-08T10:18:31+09:00
387160732,반딧불이의 혼례 9,반딧불이의 혼례,9,,,타치바나 오레코,서울미디어코믹스(서울문화사),2026-02,7650,9.7,7901,501,2026-09-08T10:18:31+09:00
296518224,주술회전 19,주술회전,19,,- 도쿄 제1콜로니 -화내는 남자-,아쿠타미 게게,서울미디어코믹스(서울문화사),2022-06,5400,10.0,7787,502,2026-09-08T10:18:31+09:00
392518949,GACHIAKUTA 17,GACHIAKUTA,17,,,케이 우라나,학산문화사(만화),2026-05,5400,10.0,7805,503,2026-09-08T10:18:31+09:00
399045982,유희왕 애장판 21,유희왕 애장판,21,,,다카하시 카즈키,대원씨아이(만화),2026-07,10800,,6395,504,2026-09-08T10:18:31+09:00
389890662,약사의 혼잣말 16,약사의 혼잣말,16,,,네코쿠라게,학산문화사(만화),2026-04,5400,9.8,6267,505,2026-09-08T10:18:31+09:00
394695461,블루 록 36,블루 록,36,,,노무라 유스케,학산문화사(만화),2026-06,5400,,5765,506,2026-09-08T10:18:31+09:00
398727110,봇치·더·록! 앤솔러지 코믹 6,봇치·더·록! 앤솔러지 코믹,6,,,치바 사도루,대원씨아이(만화),2026-07,8100,10.0,5645,507,2026-09-08T10:18:31+09:00
67153695,기븐 1,기븐,1,,- 뉴 루비코믹스 1740,키즈 나츠키,현대지능개발사,2015-09,4950,9.2,5818,508,2026-09-08T10:18:31+09:00
338987904,귀멸 학원! 5,귀멸 학원!,5,,,호카미 나츠키,학산문화사(만화),2024-05,5400,10.0,5768,509,2026-09-08T10:18:31+09:00
352893694,귀멸 학원! 6,귀멸 학원!,6,,- 완결,호카미 나츠키,학산문화사(만화),2024-11,5400,10.0,5570,510,2026-09-08T10:18:31+09:00
333218155,마루는 강쥐 3,마루는 강쥐,3,,,모죠,문페이스,2024-02,14400,,5533,511,2026-09-08T10:18:31+09:00
398728413,마법소녀를 동경해서 1~5 합본판,마법소녀를 동경해서 1~5 합본판,,,- 각권 초회 한정 일러스트 카드 각 1종씩 (총5종) + 각 권 선착순 더블 특전 SD스티커 각 1종씩(총5종) + PET스탠드 + 컵코스터 + 일러스트 카드 + 별도 박스 포장,오노나카 아키히로,대원씨아이(만화),2026-07,33750,,4845,512,2026-09-08T10:18:31+09:00
311362968,헌터x헌터 HunterXHunter 신장판 6,헌터x헌터 HunterXHunter 신장판,6,,,토가시 요시히로,학산문화사(만화),2013-10,5400,10.0,4980,513,2026-09-08T10:18:31+09:00
246152488,여름 안에서,여름 안에서,,,,성률,문학동네,2020-07,17550,8.1,4819,514,2026-09-08T10:18:31+09:00
398199313,이번 생은 가주가 되겠습니다 2부 6 (특장판),이번 생은 가주가 되겠습니다 2부,6,특장판,- 만화 / 특장판 구성: 단행본 + 아크릴 스탠드 1종 + 책갈피 2종 + 엽서 5종 + 패키지 박스,앤트스튜디오,디앤씨웹툰비즈,2026-07,24300,,4930,515,2026-09-08T10:18:31+09:00
400547001,작전명 순정 7~9 스페셜 세트 - 전3권,작전명 순정 7~9 스페셜 세트 - 전3권,,,"- 구성: 단행본 7~9권, 엽서집(양면엽서 16장), 프로필 세트(프로필 3종 + PET 포스터 2종 + 종이 홀더), 레이어 카드 2종, 아크릴 코롯토, 증명사진 팩, 도화 인터뷰집, 스페셜 패키지 박스, 초판한정 엽서",꼬까리,영진.com(영진닷컴),2026-08,79200,10.0,4170,516,2026-09-08T10:18:31+09:00
399051127,"너무 건방져, 치가야 군 1","너무 건방져, 치가야 군",1,,,안도 마이,에이템포미디어,2026-07,5850,,4475,517,2026-09-08T10:18:31+09:00
278906155,지박소년 하나코 군 15,지박소년 하나코 군,15,,,아이다이로,서울미디어코믹스(서울문화사),2021-09,5400,9.4,4408,518,2026-09-08T10:18:31+09:00
281358410,원피스 1,원피스,1,,- 동터오는 모험시대,오다 에이치로,대원씨아이(만화),2008-03,4950,10.0,4245,519,2026-09-08T10:18:31+09:00
355679069,카구라바치 3,카구라바치,3,,,호카조노 타케루,대원씨아이(만화),2025-01,5850,9.7,4290,520,2026-09-08T10:18:31+09:00
282899555,지박소년 하나코 군 6,지박소년 하나코 군,6,,,아이다이로,서울미디어코믹스(서울문화사),2021-11,5400,10.0,4248,521,2026-09-08T10:18:31+09:00
293068139,기븐 7,기븐,7,,- 뉴 루비코믹스 2755,키즈 나츠키,현대지능개발사,2022-04,5400,9.8,4127,522,2026-09-08T10:18:31+09:00
390941683,황천의 츠가이 1,황천의 츠가이,1,,,아라카와 히로무,대원씨아이(만화),2022-08,5850,,3806,523,2026-09-08T10:18:31+09:00
399051208,세금으로 산 책 2,세금으로 산 책,2,,- 시프트코믹스,케이야마 케이,YNK MEDIA(만화),2026-07,5850,9.0,3900,524,2026-09-08T10:18:31+09:00
389481648,블루 아카이브 : 게임개발부 대모험! 4,블루 아카이브 : 게임개발부 대모험!,4,,,미즈 아사토,학산문화사(만화),2026-04,8100,8.9,3876,525,2026-09-08T10:18:31+09:00
298280739,헌터x헌터 HunterXHunter 신장판 16,헌터x헌터 HunterXHunter 신장판,16,,,토가시 요시히로,학산문화사(만화),2015-04,5400,,3557,526,2026-09-08T10:18:31+09:00
400136861,누나의 친구 4,누나의 친구,4,,,타카세 와카,학산문화사(만화),2026-08,5400,,3480,527,2026-09-08T10:18:31+09:00
391827984,츠쿠모고미,츠쿠모고미,,,,판판야,대원씨아이(만화),2026-04,11700,,3522,528,2026-09-08T10:18:31+09:00
301058589,헌터x헌터 HunterXHunter 신장판 19,헌터x헌터 HunterXHunter 신장판,19,,,토가시 요시히로,학산문화사(만화),2015-08,5400,,3463,529,2026-09-08T10:18:31+09:00
301058679,헌터x헌터 HunterXHunter 신장판 25,헌터x헌터 HunterXHunter 신장판,25,,,토가시 요시히로,학산문화사(만화),2016-08,5400,,3483,530,2026-09-08T10:18:31+09:00
273182393,아라키 히로히코의 만화술,아라키 히로히코의 만화술,,,,아라키 히로히코,문학동네,2021-06,11700,10.0,3402,531,2026-09-08T10:18:31+09:00
314918637,헌터x헌터 HunterXHunter 신장판 20,헌터x헌터 HunterXHunter 신장판,20,,,토가시 요시히로,학산문화사(만화),2015-12,5400,,3385,532,2026-09-08T10:18:31+09:00
337798227,물가의 밤 1,물가의 밤,1,,,으자,봄툰,2024-01,15300,10.0,3182,533,2026-09-08T10:18:31+09:00
356090755,그리고 마녀는 숲으로 갔다 2,그리고 마녀는 숲으로 갔다,2,,- 완결,산호,고블,2025-02,21600,9.9,3204,534,2026-09-08T10:18:31+09:00
298051313,헌터x헌터 HunterXHunter 신장판 26,헌터x헌터 HunterXHunter 신장판,26,,,토가시 요시히로,학산문화사(만화),2016-08,5400,,3391,535,2026-09-08T10:18:31+09:00
392470818,작두 2,작두,2,,,232(이삼이),영컴(YOUNG COM),2026-05,15120,,3087,536,2026-09-08T10:18:31+09:00
320637311,정반대의 너와 나 1,정반대의 너와 나,1,,,아가사와 코챠,학산문화사(만화),2023-07,5400,9.8,2961,537,2026-09-08T10:18:31+09:00
400153916,명탐정 코난 : 범인 한자와 씨 10,명탐정 코난 : 범인 한자와 씨,10,,,칸바 마유코,서울미디어코믹스(서울문화사),2026-08,5400,10.0,2730,538,2026-09-08T10:18:31+09:00
396583445,약사의 혼잣말 21,약사의 혼잣말,21,,- 마오마오의 후궁 수수께끼 풀이수첩,쿠라타 미노지,서울미디어코믹스(서울문화사),2026-06,5400,9.9,2620,539,2026-09-08T10:18:31+09:00
333689768,건방진 그 녀석 1,건방진 그 녀석,1,,,미츠바치 미유키,학산문화사(만화),2016-03,5400,10.0,2554,540,2026-09-08T10:18:31+09:00
400154065,달님이 바라시는 대로 9,달님이 바라시는 대로,9,,,키우치 라무네,서울미디어코믹스(서울문화사),2026-08,5400,,2490,541,2026-09-08T10:18:31+09:00
353581707,정반대의 너와 나 6,정반대의 너와 나,6,,,아가사와 코챠,학산문화사(만화),2024-12,5400,9.9,2517,542,2026-09-08T10:18:31+09:00
384344658,네가 죽을 때까지 사랑하고 싶어 8,네가 죽을 때까지 사랑하고 싶어,8,,,나치 아오노,학산문화사(만화),2026-01,5400,9.9,2590,543,2026-09-08T10:18:31+09:00
319094091,100미터 5,100미터,5,,,우오토,학산문화사(만화),2023-06,8100,10.0,2360,544,2026-09-08T10:18:31+09:00
378954390,카구라바치 6,카구라바치,6,,,호카조노 타케루,대원씨아이(만화),2025-08,5850,,2083,545,2026-09-08T10:18:31+09:00
398016295,무서운 책 5,무서운 책,5,,- 집념,우메즈 카즈오,AK(에이케이)커뮤니케이션즈,2026-07,9000,,2150,546,2026-09-08T10:18:31+09:00
344689794,네가 죽을 때까지 사랑하고 싶어 7,네가 죽을 때까지 사랑하고 싶어,7,,,나치 아오노,학산문화사(만화),2024-08,5400,10.0,2414,547,2026-09-08T10:18:31+09:00
398906340,벨 푸페의 슈퍼달링 약혼 2 (한정판),벨 푸페의 슈퍼달링 약혼,2,한정판,- 아크릴 스탠드 + PET 프레임 클리어 카드 3종,셀렌,학산문화사(만화),2026-07,19800,,2120,548,2026-09-08T10:18:31+09:00
395531072,장송의 프리렌 13,장송의 프리렌,13,,,야마다 카네히토,학산문화사(만화),2024-12,6300,,2225,549,2026-09-08T10:18:31+09:00
396782109,"생각을 길러요, 공룡 박사님의 왜왜왜 상담소","생각을 길러요, 공룡 박사님의 왜왜왜 상담소",,,,스와프나 해도우,FIKAJUNIOR(피카주니어),2026-07,15300,10.0,2105,550,2026-09-08T10:18:31+09:00
333641995,건방진 그 녀석 4,건방진 그 녀석,4,,,미츠바치 미유키,학산문화사(만화),2016-10,5400,,1970,551,2026-09-08T10:18:31+09:00
337058152,블리치 리믹스 1,블리치 리믹스,1,,,쿠보 타이토,서울미디어코믹스(서울문화사),2024-03,10800,8.0,1973,552,2026-09-08T10:18:31+09:00
400878045,온통 여우 1 (한정판),온통 여우,1,한정판,- 구성: 단행본(초판 특전 포함) + 커스텀 아크릴 키링 + 홀로그램 아크릴 일러스트 카드 + 판 스티커,Ayami Morinaga,서울미디어코믹스(서울문화사),2026-08,22500,10.0,1390,553,2026-09-08T10:18:31+09:00
398728056,마법소녀를 동경해서 4 (더블특전판),마법소녀를 동경해서,4,더블특전판,- 초판한정 : 일러스트 카드 1종 + SD 스티커 1종,오노나카 아키히로,대원씨아이(만화),2026-07,6750,,1335,554,2026-09-08T10:18:31+09:00
398728051,마법소녀를 동경해서 3 (더블특전판),마법소녀를 동경해서,3,더블특전판,- 초판한정 : 일러스트 카드 1종 + SD 스티커 1종,오노나카 아키히로,대원씨아이(만화),2026-07,6750,,1335,555,2026-09-08T10:18:31+09:00
400856470,선생님! 저희들이 세계를 멸망시킵니다. 9,선생님! 저희들이 세계를 멸망시킵니다.,9,,,코바야시 키나,대원씨아이(만화),2026-08,5400,,1000,556,2026-09-08T10:18:31+09:00
400585956,통제구역관리부 4,통제구역관리부,4,,,탄광,다산코믹스,2026-08,18900,2.0,1120,557,2026-09-08T10:18:31+09:00
400909405,시오타 선생님과 아마이양 7,시오타 선생님과 아마이양,7,,,나카토카 쿠미코,대원씨아이(만화),2026-08,5850,,990,558,2026-09-08T10:18:31+09:00
400715990,가짜 연금술사 4,가짜 연금술사,4,,"- 픽시하우스, 초판한정 특별부록 : 일러스트 카드 + 띠지",우메마루,미스터블루,2026-09,7200,,1010,559,2026-09-08T10:18:31+09:00
400662468,룸 투어즈 2,룸 투어즈,2,,,마츠모토 토모,서울미디어코믹스(서울문화사),2026-08,5400,10.0,870,560,2026-09-08T10:18:31+09:00
401008380,렛츠고 괴기조 5,렛츠고 괴기조,5,,,View,㈜에스엠지크리에이티브(고은문화사),2026-08,5850,,750,561,2026-09-08T10:18:31+09:00
401326070,물고 싶지 않아,물고 싶지 않아,,,- BB코믹스,하루지ON,㈜소미미디어,2026-09,5850,,430,562,2026-09-08T10:18:31+09:00
401372286,라멘 아카네코 14,라멘 아카네코,14,,,Angyaman,서울미디어코믹스(서울문화사),2026-09,9000,,430,563,2026-09-08T10:18:31+09:00
401064601,궁극의 애니메이션 100,궁극의 애니메이션,100,,- 죽기 전에 꼭 봐야 할 아니메,조 오코넬,중앙books(중앙북스),2026-08,58500,,440,564,2026-09-08T10:18:31+09:00
401397070,뽀대작렬 2 (특별판),뽀대작렬,2,특별판,- 초판 한정 표지 일러스트 엽서 + 작가 친필 사인 인쇄지 + 패키지 박스 + 아크릴 스탠드 + 엽서 3종 + 말랑 핀버튼 + 특별활동부 신청서 + 밴드부 포스터,상하,문페이스,2026-10,42120,,460,565,2026-09-08T10:18:31+09:00
366123624,스파이 패밀리 15,스파이 패밀리,15,,,엔도 타츠야,학산문화사(만화),2025-06,5400,9.9,15920,566,2026-09-08T10:18:31+09:00
316732827,여학교의 별 3,여학교의 별,3,,,와야마 야마,문학동네,2023-05,7650,9.8,14899,567,2026-09-08T10:18:31+09:00
379795065,괴수 8호 16 (더블 특전판),괴수 8호,16,더블 특전판,"- 완결, '카프카' 캐릭터 카드 + 스페셜 일러스트 카드 2종",마츠모토 나오야,서울미디어코믹스(서울문화사),2025-12,5400,10.0,11174,568,2026-09-08T10:18:31+09:00
284699967,귀멸의 칼날 외전,귀멸의 칼날 외전,,,,히라노 료지,학산문화사(만화),2021-12,5400,9.8,10313,569,2026-09-08T10:18:31+09:00
309270072,후지모토 타츠키 단편집 17-21,후지모토 타츠키 단편집,17-21,,,후지모토 타츠키,학산문화사(만화),2023-01,5400,8.6,9591,570,2026-09-08T10:18:31+09:00
353133344,컬러 앤 라이트,컬러 앤 라이트,,,"- 사실적인 표현을 위한 빛과 색 그리는 법, 개정판",제임스 거니,잉크잼(잼스푼),2024-12,31500,10.0,9621,571,2026-09-08T10:18:31+09:00
392518701,블루 록 35,블루 록,35,,,노무라 유스케,학산문화사(만화),2026-05,5400,9.8,9575,572,2026-09-08T10:18:31+09:00
379004652,열혈강호 94,열혈강호,94,,,전극진,대원씨아이(만화),2025-11,4950,9.2,9658,573,2026-09-08T10:18:31+09:00
387232917,모모세 아키라의 첫사랑 파탄 중 4 (트리플 특전판),모모세 아키라의 첫사랑 파탄 중,4,트리플 특전판,- 스페셜 아크릴 일러스트 카드(1종) + 반전 매력의 양면 일러스트 카드(2종),하레카와 신타,서울미디어코믹스(서울문화사),2026-02,6750,10.0,8000,574,2026-09-08T10:18:31+09:00
295225480,귀멸의 칼날 22,귀멸의 칼날,22,,,고토게 코요하루,학산문화사(만화),2021-01,5400,,7635,575,2026-09-08T10:18:31+09:00
303306489,망그러진 만화 1,망그러진 만화,1,,- 망그러진 곰과 햄터의 귀염뽀짝 일상다반사!,유랑,좋은생각,2022-11,15120,9.9,7294,576,2026-09-08T10:18:31+09:00
397592223,애태울 정도의 사랑을 알아라 3,애태울 정도의 사랑을 알아라,3,,- 완결,쿄노 마코,학산문화사(만화),2026-07,6300,10.0,6970,577,2026-09-08T10:18:31+09:00
379515213,야마다 군과 Lv999의 사랑을 하다 4~6 특별판 세트 - 전3권,야마다 군과 Lv999의 사랑을 하다 4~6 특별판 세트 - 전3권,,,- 띠지 + 특별판 아크릴 북스탠드 + 특별판 아크릴 블록 + 특별판 양면 책갈피 + 일반판 일러스트 카드 3종 + 일반판 폴라로이드 카드 3종,마시로,디앤씨미디어(주)(D&C미디어),2025-12,49500,10.0,6985,578,2026-09-08T10:18:31+09:00
301884449,귀멸 학원! 1,귀멸 학원!,1,,,호카미 나츠키,학산문화사(만화),2022-09,5400,9.6,6823,579,2026-09-08T10:18:31+09:00
132200228,재즈 잇 업! Jazz It Up!,재즈 잇 업! Jazz It Up!,,,"- 남무성의 만화로 보는 재즈의 역사, 출간 15주년 특별 개정증보판",남무성,서해문집,2018-02,24300,9.6,6564,580,2026-09-08T10:18:31+09:00
388496310,단다단 20,단다단,20,,,타츠 유키노부,대원씨아이(만화),2026-03,5400,9.5,6116,581,2026-09-08T10:18:31+09:00
315295029,귀멸 학원! 3,귀멸 학원!,3,,,호카미 나츠키,학산문화사(만화),2023-04,5400,9.6,6309,582,2026-09-08T10:18:31+09:00
304252422,귀멸 학원! 2,귀멸 학원!,2,,,호카미 나츠키,학산문화사(만화),2022-11,5400,8.0,6121,583,2026-09-08T10:18:31+09:00
328897066,귀멸 학원! 4,귀멸 학원!,4,,,호카미 나츠키,학산문화사(만화),2023-11,5400,10.0,5922,584,2026-09-08T10:18:31+09:00
365659712,타워 던전 1,타워 던전,1,,,니헤이 츠토무,학산문화사(만화),2025-06,6300,9.6,5652,585,2026-09-08T10:18:31+09:00
382042979,지박소년 하나코 군 25 (어드벤트 캘린더 특장판),지박소년 하나코 군,25,어드벤트 캘린더 특장판,- 어드벤트 캘린더 (아크릴 참 7종 & 미니 클리어 카드 17종) + 25권 초판 사은품 (홀로그램 양면 책갈피 + 아크릴 스탠딩 POP),아이다이로,서울미디어코믹스(서울문화사),2026-01,48600,7.0,5148,586,2026-09-08T10:18:31+09:00
379953360,슈퍼 러버즈 18,슈퍼 러버즈,18,,,아베 미유키,서울미디어코믹스(서울문화사),2025-12,5400,10.0,5105,587,2026-09-08T10:18:31+09:00
389890523,타워 던전 5,타워 던전,5,,,니헤이 츠토무,학산문화사(만화),2026-04,6300,9.9,4623,588,2026-09-08T10:18:31+09:00
389641207,황천의 츠가이 2,황천의 츠가이,2,,,아라카와 히로무,대원씨아이(만화),2022-12,5850,,4402,589,2026-09-08T10:18:31+09:00
369308582,타워 던전 2,타워 던전,2,,,니헤이 츠토무,학산문화사(만화),2025-08,6300,9.9,4737,590,2026-09-08T10:18:31+09:00
135438370,기븐 4,기븐,4,,- 뉴 루비코믹스 2133,키즈 나츠키,현대지능개발사,2018-02,4950,8.7,4574,591,2026-09-08T10:18:31+09:00
295417935,지. : 지구의 운동에 대하여 1,지. : 지구의 운동에 대하여,1,,,우오토,문학동네,2022-05,7200,9.7,4433,592,2026-09-08T10:18:31+09:00
399453196,묘쌤은 이렇게 말했다 11,묘쌤은 이렇게 말했다,11,,- S코믹스,무테키 소다,㈜소미미디어,2026-08,6300,10.0,4115,593,2026-09-08T10:18:31+09:00
395357833,전생했더니 슬라임이었던 건에 대하여 23,전생했더니 슬라임이었던 건에 대하여,23,,"- S Novel+, 완결 / 초판 한정 책갈피, 양면커버",후세,㈜소미미디어,2026-06,12600,,4355,594,2026-09-08T10:18:31+09:00
382042317,디 그레이 맨 29,디 그레이 맨,29,,,호시노 카츠라,대원씨아이(만화),2025-12,5400,10.0,4245,595,2026-09-08T10:18:31+09:00
396377370,너를 사랑하는 살인귀 1,너를 사랑하는 살인귀,1,,- 시프트코믹스,아키야마 엔마,YNK MEDIA(만화),2026-06,5400,10.0,4105,596,2026-09-08T10:18:31+09:00
396695286,루리 드래곤 5 (한정판),루리 드래곤,5,한정판,"- 일러스트 아크릴 누들 스토퍼 + 일러스트 스티커 + 스페셜 일러스트 카드 6종+ <루리 드래곤> 5권 초판 + 초판특전(일러스트 카드, 일러스트 스탠딩 POP)",신도 마사오키,서울미디어코믹스(서울문화사),2026-06,29700,,4050,597,2026-09-08T10:18:31+09:00
384923701,패배 히로인이 너무 많아! 8,패배 히로인이 너무 많아!,8,,- Novel Engine,아마모리 타키비,데이즈엔터(주),2026-02,7200,10.0,3952,598,2026-09-08T10:18:31+09:00
390241459,황천의 츠가이 4,황천의 츠가이,4,,,아라카와 히로무,대원씨아이(만화),2023-10,5850,,3836,599,2026-09-08T10:18:31+09:00
393803131,"밟고, 차고, 사랑하고 6","밟고, 차고, 사랑하고",6,,,이치야 스미,대원씨아이(만화),2026-05,4950,9.7,4040,600,2026-09-08T10:18:31+09:00
364156956,카구라바치 5,카구라바치,5,,,호카조노 타케루,대원씨아이(만화),2025-05,5850,9.4,3675,601,2026-09-08T10:18:31+09:00
327273874,원룸 조교님 1,원룸 조교님,1,,,지붕,유어마나(거북이북스),2023-10,15300,9.0,3557,602,2026-09-08T10:18:31+09:00
399782154,어차피 울 거라면 사랑이 좋아 9,어차피 울 거라면 사랑이 좋아,9,,,쿠사카 아키,학산문화사(만화),2026-08,5400,10.0,3430,603,2026-09-08T10:18:31+09:00
398009982,한구석의 기억 1,한구석의 기억,1,,,키요나가 타마고,빗금,2026-07,6750,10.0,3330,604,2026-09-08T10:18:31+09:00
396563437,나나 NANA 완전판 10,나나 NANA 완전판,10,,"- 초판한정: PP엽서 1종, 포토카드 1종",야자와 아이,학산문화사(만화),2026-06,10800,,3335,605,2026-09-08T10:18:31+09:00
314918984,헌터x헌터 HunterXHunter 신장판 28,헌터x헌터 HunterXHunter 신장판,28,,,토가시 요시히로,학산문화사(만화),2016-12,5400,,3385,606,2026-09-08T10:18:31+09:00
394171104,이력서 2,이력서,2,,,유월,블루픽,2026-05,14220,10.0,3620,607,2026-09-08T10:18:31+09:00
372013929,지박소년 하나코 군 24,지박소년 하나코 군,24,,,아이다이로,서울미디어코믹스(서울문화사),2025-09,5400,,3191,608,2026-09-08T10:18:31+09:00
391205551,황천의 츠가이 8,황천의 츠가이,8,,,아라카와 히로무,대원씨아이(만화),2025-06,5850,,3175,609,2026-09-08T10:18:31+09:00
398010173,한구석의 기억 2,한구석의 기억,2,,,키요나가 타마고,빗금,2026-07,6750,10.0,2970,610,2026-09-08T10:18:31+09:00
390243150,장송의 프리렌 12,장송의 프리렌,12,,,야마다 카네히토,학산문화사(만화),2024-07,6300,,3031,611,2026-09-08T10:18:31+09:00
396049332,블루 자이언트 모멘텀 6,블루 자이언트 모멘텀,6,,,이시즈카 신이치,대원씨아이(만화),2026-06,5850,10.0,2860,612,2026-09-08T10:18:31+09:00
321124579,먼작귀 1,먼작귀,1,,- 먼가 작고 귀여운 녀석,나가노,미우(대원씨아이),2022-06,10800,,2849,613,2026-09-08T10:18:31+09:00
399900769,소꿉친구 컴플렉스 4~5 스페셜 세트 - 전2권,소꿉친구 컴플렉스 4~5 스페셜 세트 - 전2권,,,"- 초판 한정 부록 : 책갈피 2종(4, 5권 책갈피 각각 1종) + 렌티큘러 엽서 2종 + 증명사진 패키지 + 폴라로이드 4종 + 작가님 사인 인쇄본",은하이,네이버웹툰,2026-10,39600,,2610,614,2026-09-08T10:18:31+09:00
238301861,마스터 키튼 완전판 1~12 세트 - 전12권 (완결),마스터 키튼 완전판 1~12 세트 - 전12권 (완결),,,,,대원씨아이(만화),2012-05,84680,10.0,2686,615,2026-09-08T10:18:31+09:00
391655250,요괴소년 호야 완전판 2,요괴소년 호야 완전판,2,,,후지타 카즈히로,서울미디어코믹스(서울문화사),2026-04,14400,10.0,2667,616,2026-09-08T10:18:31+09:00
389928631,얼음 성벽 14,얼음 성벽,14,,- 완결,아가사와 코챠,학산문화사(만화),2026-04,9000,10.0,2671,617,2026-09-08T10:18:31+09:00
333640352,정반대의 너와 나 3,정반대의 너와 나,3,,,아가사와 코챠,학산문화사(만화),2024-02,5400,9.8,2676,618,2026-09-08T10:18:31+09:00
387039298,이거 그리고 죽어 7,이거 그리고 죽어,7,,,토요다 미노루,대원씨아이(만화),2026-02,5400,9.4,2539,619,2026-09-08T10:18:31+09:00
398903961,보이시한 여자친구가 너무 귀여워 5,보이시한 여자친구가 너무 귀여워,5,,- 초판 한정 : 폴라로이드 사진 + 네컷 사진,규뉴무기고항,서울미디어코믹스(서울문화사),2026-07,6300,,2795,620,2026-09-08T10:18:31+09:00
349941684,정반대의 너와 나 5,정반대의 너와 나,5,,,아가사와 코챠,학산문화사(만화),2024-10,5400,9.9,2555,621,2026-09-08T10:18:31+09:00
101106033,스파이더맨 / 데드풀 VOL. 1 : 브로맨틱하지 않나요?,스파이더맨 / 데드풀 VOL. 1 : 브로맨틱하지 않나요?,,,,조 켈리,시공사(만화),2017-01,10800,6.0,2600,622,2026-09-08T10:18:31+09:00
399056156,보이는 여고생 12,보이는 여고생,12,,- 픽시하우스,이즈미 토모키,데이즈엔터(주),2026-08,7200,,2595,623,2026-09-08T10:18:31+09:00
319093936,100미터 2,100미터,2,,,우오토,학산문화사(만화),2023-06,8100,10.0,2385,624,2026-09-08T10:18:31+09:00
319093999,100미터 3,100미터,3,,,우오토,학산문화사(만화),2023-06,8100,10.0,2316,625,2026-09-08T10:18:31+09:00
319094052,100미터 4,100미터,4,,,우오토,학산문화사(만화),2023-06,8100,10.0,2299,626,2026-09-08T10:18:31+09:00
391649143,너를 잊을 사랑이 하고 싶어 6,너를 잊을 사랑이 하고 싶어,6,,,유우키 하루,대원씨아이(만화),2026-04,5850,9.8,2314,627,2026-09-08T10:18:31+09:00
302325654,건방진 그 녀석 3,건방진 그 녀석,3,,,미츠바치 미유키,학산문화사(만화),2016-08,5400,,2177,628,2026-09-08T10:18:31+09:00
400138794,이번 생은 가주가 되겠습니다 2부 6,이번 생은 가주가 되겠습니다 2부,6,,- 만화,앤트스튜디오,디앤씨웹툰비즈,2026-08,14400,,2270,629,2026-09-08T10:18:31+09:00
383535079,통제구역관리부 1,통제구역관리부,1,,,탄광,다산코믹스,2026-01,18900,10.0,2309,630,2026-09-08T10:18:31+09:00
398198629,천방대각 2,천방대각,2,,"- SL Comic / 초판 한정 특전 띠지, 네컷 사진, 양면 일러스트 카드, 포토 카드",유바 후미지,디앤씨미디어(주)(D&C미디어),2026-07,6300,10.0,2125,631,2026-09-08T10:18:31+09:00
333690666,건방진 그 녀석 2,건방진 그 녀석,2,,,미츠바치 미유키,학산문화사(만화),2016-05,5400,10.0,2218,632,2026-09-08T10:18:31+09:00
381493741,얼음 성벽 12,얼음 성벽,12,,,아가사와 코챠,학산문화사(만화),2025-12,9000,10.0,2204,633,2026-09-08T10:18:31+09:00
396137541,여름엔 늘 좋은 일이 생긴다,여름엔 늘 좋은 일이 생긴다,,,- 이윤희 만화집,이윤희,고트(goat),2026-06,20900,8.0,2140,634,2026-09-08T10:18:31+09:00
394841350,장송의 프리렌 6,장송의 프리렌,6,,,야마다 카네히토,학산문화사(만화),2022-03,6300,,1970,635,2026-09-08T10:18:31+09:00
326489876,네가 죽을 때까지 사랑하고 싶어 6,네가 죽을 때까지 사랑하고 싶어,6,,,나치 아오노,학산문화사(만화),2023-10,5400,10.0,2116,636,2026-09-08T10:18:31+09:00
312392672,아인 2,아인,2,,,사쿠라이 가몬,학산문화사(만화),2014-09,5400,,1754,637,2026-09-08T10:18:31+09:00
399291160,우리 남동생들이 죄송합니다 9,우리 남동생들이 죄송합니다,9,,,오자키 아키라,대원씨아이(만화),2026-07,4500,10.0,1655,638,2026-09-08T10:18:31+09:00
387880927,아다치와 시마무라 2,아다치와 시마무라,2,,,유즈하라 모케,학산문화사(만화),2026-03,6300,10.0,1611,639,2026-09-08T10:18:31+09:00
400652779,스노우볼 어스 4,스노우볼 어스,4,,- 시프트코믹스,츠지츠구 유우히로,YNK MEDIA(만화),2026-08,5400,10.0,1540,640,2026-09-08T10:18:31+09:00
315161275,캐릭터 채색 & 레이어 테크닉,캐릭터 채색 & 레이어 테크닉,,,"- 인물을 더욱 매력적으로 만드는, 전면개정판",kyachi,한즈미디어(한스미디어),2023-04,4050,10.0,1412,641,2026-09-08T10:18:31+09:00
338563463,블리치 리믹스 2,블리치 리믹스,2,,,쿠보 타이토,서울미디어코믹스(서울문화사),2024-04,10800,10.0,1429,642,2026-09-08T10:18:31+09:00
389359455,그리스 로마 신화를 한 번도 안 읽어볼 수는 없잖아,그리스 로마 신화를 한 번도 안 읽어볼 수는 없잖아,,,,Team. StoryG,oldstairs(올드스테어즈),2026-04,21600,,1473,643,2026-09-08T10:18:31+09:00
397818083,장송의 프리렌 11,장송의 프리렌,11,,,야마다 카네히토,학산문화사(만화),2024-02,6300,,1530,644,2026-09-08T10:18:31+09:00
393162271,데스 노트 Death Note 2,데스 노트 Death Note,2,,,오바 츠구미,대원씨아이(만화),2004-12,6300,,1340,645,2026-09-08T10:18:31+09:00
400006756,녹는 눈과 아가판서스 1,녹는 눈과 아가판서스,1,,- 코믹 레인 / 초판한정 특별부록 : 띠지+일러스트 카드,나우치,미스터블루,2026-08,7200,,1275,646,2026-09-08T10:18:31+09:00
395945229,여주인공인데 잘생긴 아이돌♂이 되었습니다?! 1,여주인공인데 잘생긴 아이돌♂이 되었습니다?!,1,,,아이젠 마나,학산문화사(만화),2026-06,5400,10.0,1385,647,2026-09-08T10:18:31+09:00
337394406,풀 나이트 1,풀 나이트,1,,- S코믹스,야스다 카스미,㈜소미미디어,2024-04,6300,10.0,1237,648,2026-09-08T10:18:31+09:00
397620794,장송의 프리렌 3,장송의 프리렌,3,,,야마다 카네히토,학산문화사(만화),2021-12,6300,,1295,649,2026-09-08T10:18:31+09:00
399312403,극한견주 6,극한견주,6,,- 출간 기념 선착순 특전: 잘라쓰는 북마크,마일로,북극여우,2026-07,14850,,1245,650,2026-09-08T10:18:31+09:00
400224840,파랑과 아지랑이 2,파랑과 아지랑이,2,,- BB허니밀크코믹스,돈돈,㈜소미미디어,2026-08,5850,,1390,651,2026-09-08T10:18:31+09:00
396089569,데스 노트 Death Note 3,데스 노트 Death Note,3,,,오바 츠구미,대원씨아이(만화),2012-02,6300,,1185,652,2026-09-08T10:18:31+09:00
399973927,여주인공인데 잘생긴 아이돌♂이 되었습니다?! 3,여주인공인데 잘생긴 아이돌♂이 되었습니다?!,3,,,아이젠 마나,학산문화사(만화),2026-08,5400,10.0,1215,653,2026-09-08T10:18:31+09:00
400669097,서뱀프 Servamp 23~24 세트 - 전2권,서뱀프 Servamp 23~24 세트 - 전2권,,,"- 판도라 코믹스, 완결 ,초판 한정 일러스트 카드 2종, 16P 소책자, big 엽서 1종",타나카 스트라이크,조은세상(북두),2026-08,13500,,1100,654,2026-09-08T10:18:31+09:00
340310033,블리치 리믹스 3,블리치 리믹스,3,,,쿠보 타이토,서울미디어코믹스(서울문화사),2024-05,10800,10.0,1169,655,2026-09-08T10:18:31+09:00
400707795,뉴노멀 8,뉴노멀,8,,,아이하라 아키토,대원씨아이(만화),2026-08,5400,,1030,656,2026-09-08T10:18:31+09:00
400654225,아질 Asyl 1,아질 Asyl,1,,- 시프트코믹스,하야토 유우,YNK MEDIA(만화),2026-08,5400,10.0,890,657,2026-09-08T10:18:31+09:00
400556285,꿈자리가 이상한데요?! 외전 (한정판),꿈자리가 이상한데요?! 외전,,한정판,"- 구성: 도서, SD 판 스티커, 작가 선화 및 사인 인쇄, 아크릴 누들 스토퍼, 네컷사진, 증명사진 세트, 포토카드 2종, 폴라로이드 2종",흰귀,북극여우,2026-10,39600,,920,658,2026-09-08T10:18:31+09:00
400856452,치하야 리스타트! 2,치하야 리스타트!,2,,,타케우치 홀로,대원씨아이(만화),2026-08,5850,6.0,780,659,2026-09-08T10:18:31+09:00
360722086,그리고 싶은 나만의 도시와 거리,그리고 싶은 나만의 도시와 거리,,,,pasoputi,한즈미디어(한스미디어),2025-03,5400,10.0,858,660,2026-09-08T10:18:31+09:00
400917239,전생 악녀의 흑역사 18,전생 악녀의 흑역사,18,,,토우카 아키하루,서울미디어코믹스(서울문화사),2026-08,4500,,800,661,2026-09-08T10:18:31+09:00
374014906,명탐정 코난 : 1일 1쪽 뇌 자극 수학 추리 고급편 154문,명탐정 코난 : 1일 1쪽 뇌 자극 수학 추리 고급편 154문,,,,아오야마 고쇼,서울미디어코믹스(서울문화사),2025-10,13500,10.0,765,662,2026-09-08T10:18:31+09:00
400930279,에리스의 성배 6,에리스의 성배,6,,- S코믹스,모모야마 히나세,㈜소미미디어,2026-09,6300,,680,663,2026-09-08T10:18:31+09:00
392519845,디그 잇 2,디그 잇,2,,,Yoshidamaru,학산문화사(만화),2026-05,6300,6.0,600,664,2026-09-08T10:18:31+09:00
401046164,안티 페이크 러브,안티 페이크 러브,,,,미스미 요코,레어블(Rareble),2026-08,5400,,500,665,2026-09-08T10:18:31+09:00
401345507,나락의 별 2,나락의 별,2,,,토요타 유우,학산문화사(만화),2026-09,8100,,430,666,2026-09-08T10:18:31+09:00
401291184,1995 청춘 레포트 2,1995 청춘 레포트,2,,- 초판 한정 부록 : 껌 만화 + 인화사진 + 띠지,맹수,봄툰,2026-08,14400,,360,667,2026-09-08T10:18:31+09:00
401458548,하울의 움직이는 성,하울의 움직이는 성,,,,미야자키 하야오,대원씨아이(만화),2026-09,27000,,410,668,2026-09-08T10:18:31+09:00
401658520,아빠는 요리사 175,아빠는 요리사,175,,,우에야마 토치,학산문화사(만화),2026-09,5400,,710,669,2026-09-08T10:18:31+09:00
396644572,포켓몬 생태도감 특별판,포켓몬 생태도감 특별판,,,,주식회사 포켓몬,대원씨아이(단행본),2026-06,44100,10.0,22250,670,2026-09-08T10:18:31+09:00
286633169,여학교의 별 1,여학교의 별,1,,,와야마 야마,문학동네,2022-01,7650,9.4,17019,671,2026-09-08T10:18:31+09:00
371535926,체인소 맨 20,체인소 맨,20,,,후지모토 타츠키,학산문화사(만화),2025-09,5400,9.2,16391,672,2026-09-08T10:18:31+09:00
293054296,여학교의 별 2,여학교의 별,2,,,와야마 야마,문학동네,2022-05,7650,9.8,16449,673,2026-09-08T10:18:31+09:00
376840323,체인소 맨 21,체인소 맨,21,,,후지모토 타츠키,학산문화사(만화),2025-11,5400,9.1,14132,674,2026-09-08T10:18:31+09:00
186848330,쥐 The Complete Maus 합본,쥐 The Complete Maus 합본,,,,아트 슈피겔만,아름드리미디어,2014-06,18900,9.4,13561,675,2026-09-08T10:18:31+09:00
389009894,오무라이스 잼잼 16,오무라이스 잼잼,16,,,조경규,송송책방,2026-04,18900,10.0,10328,676,2026-09-08T10:18:31+09:00
309862975,모 이야기,모 이야기,,,"- 숲속 모험, 2024 볼로냐 라가치상 오페라 프리마 스페셜 멘션, 2025 프랑스 소시에르상 수상작",최연주,엣눈북스(atnoonbooks),2023-02,19800,9.6,10673,677,2026-09-08T10:18:31+09:00
387708173,GACHIAKUTA 16,GACHIAKUTA,16,,,케이 우라나,학산문화사(만화),2026-03,5400,10.0,9943,678,2026-09-08T10:18:31+09:00
384918469,루리 드래곤 4,루리 드래곤,4,,,신도 마사오키,서울미디어코믹스(서울문화사),2026-01,5400,9.6,8766,679,2026-09-08T10:18:31+09:00
338040640,사피엔스 : 그래픽 히스토리 Vol.3,사피엔스 : 그래픽 히스토리 Vol.3,,,- 역사의 배후,,김영사,2024-04,17820,9.5,8099,680,2026-09-08T10:18:31+09:00
372510203,반딧불이의 혼례 8,반딧불이의 혼례,8,,,타치바나 오레코,서울미디어코믹스(서울문화사),2025-09,7650,9.8,8028,681,2026-09-08T10:18:31+09:00
358910532,명탐정 코난 106,명탐정 코난,106,,,아오야마 고쇼,서울미디어코믹스(서울문화사),2025-02,5400,10.0,7885,682,2026-09-08T10:18:31+09:00
277000440,명탐정 코난 : 경찰학교 편 - 상,명탐정 코난 : 경찰학교 편 - 상,,,,아라이 타카히로,서울미디어코믹스(서울문화사),2021-08,4950,9.1,7871,683,2026-09-08T10:18:31+09:00
277000811,명탐정 코난 : 경찰학교 편 - 하,명탐정 코난 : 경찰학교 편 - 하,,,,아라이 타카히로,서울미디어코믹스(서울문화사),2021-08,4950,9.3,7859,684,2026-09-08T10:18:31+09:00
396695591,루리 드래곤 5,루리 드래곤,5,,"- 초판특전: 일러스트 카드, 일러스트 스탠딩 POP",신도 마사오키,서울미디어코믹스(서울문화사),2026-06,5400,8.7,7460,685,2026-09-08T10:18:31+09:00
383612098,타몬 군 지금 어느 쪽?! 11,타몬 군 지금 어느 쪽?!,11,,,시와스 유키,학산문화사(만화),2026-01,5400,10.0,7541,686,2026-09-08T10:18:31+09:00
301706355,주술회전 1,주술회전,1,,,아쿠타미 게게,서울미디어코믹스(서울문화사),2019-03,5400,4.0,7354,687,2026-09-08T10:18:31+09:00
400150223,남편을 내 편으로 만드는 방법 5 (한정판),남편을 내 편으로 만드는 방법,5,한정판,- 단행본 + 학생 AU 아크릴 스탠드 + 떡메모지 + 파노라마 미니 포스터 4종 + 트레이딩 카드 9종 + 이스케&루비 엽서 4종 + 초판 한정 부록 엽서,시루,캐롯툰,2026-10,35820,,7050,688,2026-09-08T10:18:31+09:00
324949099,봄의 폭풍과 몬스터 1,봄의 폭풍과 몬스터,1,,,미츠바치 미유키,학산문화사(만화),2023-10,5400,9.7,7173,689,2026-09-08T10:18:31+09:00
66417675,슬램덩크 오리지널 박스판 1~5 세트 - 전5권,슬램덩크 오리지널 박스판 1~5 세트 - 전5권,,,,이노우에 타케히코,대원씨아이(만화),2015-09,27000,9.9,6981,690,2026-09-08T10:18:31+09:00
301182588,주술회전 3,주술회전,3,,,아쿠타미 게게,서울미디어코믹스(서울문화사),2019-04,5400,,6548,691,2026-09-08T10:18:31+09:00
364586421,봄의 폭풍과 몬스터 6,봄의 폭풍과 몬스터,6,,,미츠바치 미유키,학산문화사(만화),2025-05,5400,9.7,6604,692,2026-09-08T10:18:31+09:00
399784385,별정직 공무원 5 (특별판),별정직 공무원,5,특별판,- 아크릴 누들 스토퍼 + 미니 포스터 5종 + 마우스패드 + 일러스트 포토 4종 + 특별판 박스 (상시 부록 '포토카드' 포함),서재원,학산문화사(만화),2026-08,38700,10.0,6715,693,2026-09-08T10:18:31+09:00
392509889,애태울 정도의 사랑을 알아라 2,애태울 정도의 사랑을 알아라,2,,,쿄노 마코,학산문화사(만화),2026-05,6300,9.9,6166,694,2026-09-08T10:18:31+09:00
333185423,"사랑하라, 거짓된 천사들이여 1","사랑하라, 거짓된 천사들이여",1,,,Coco Uzuki,서울미디어코믹스(서울문화사),2024-02,5400,9.8,6097,695,2026-09-08T10:18:31+09:00
301714623,주술회전 17,주술회전,17,,- 갈대를 입에 물다,아쿠타미 게게,서울미디어코믹스(서울문화사),2021-11,5400,,5912,696,2026-09-08T10:18:31+09:00
375158873,봄의 폭풍과 몬스터 7,봄의 폭풍과 몬스터,7,,,미츠바치 미유키,학산문화사(만화),2025-10,5400,9.6,5734,697,2026-09-08T10:18:31+09:00
375079924,"사랑하라, 거짓된 천사들이여 5","사랑하라, 거짓된 천사들이여",5,,,Coco Uzuki,서울미디어코믹스(서울문화사),2025-10,5400,5.3,5621,698,2026-09-08T10:18:31+09:00
301708557,주술회전 10,주술회전,10,,,아쿠타미 게게,서울미디어코믹스(서울문화사),2020-12,5400,,5475,699,2026-09-08T10:18:31+09:00
393112792,비실비실 선생님 13,비실비실 선생님,13,,,후쿠치 카미오,대원씨아이(만화),2026-05,5850,10.0,5335,700,2026-09-08T10:18:31+09:00
384918817,마남 이치 3,마남 이치,3,,"- 초판 한정, 홀로그램 일러스트 카드 + 아크릴 일러스트 카드",유사자키 시로,서울미디어코믹스(서울문화사),2026-01,6300,9.4,5334,701,2026-09-08T10:18:31+09:00
375571871,포인트 캐릭터 드로잉 2,포인트 캐릭터 드로잉,2,,,타코,레진코믹스(레진엔터테인먼트),2025-10,28800,10.0,5280,702,2026-09-08T10:18:31+09:00
295077194,아름다운 초저녁달 3,아름다운 초저녁달,3,,,야마모리 미카,학산문화사(만화),2022-05,5400,9.8,5106,703,2026-09-08T10:18:31+09:00
82662361,기븐 2,기븐,2,,- 뉴 루비코믹스 1835,키즈 나츠키,현대지능개발사,2016-04,4950,9.1,5207,704,2026-09-08T10:18:31+09:00
386937690,킹덤 Kingdom 76,킹덤 Kingdom,76,,,하라 야스히사,대원씨아이(만화),2026-02,5400,10.0,5089,705,2026-09-08T10:18:31+09:00
390583412,비실비실 선생님 12,비실비실 선생님,12,,,후쿠치 카미오,대원씨아이(만화),2026-04,5850,10.0,4870,706,2026-09-08T10:18:31+09:00
229925176,그 비스크 돌은 사랑을 한다 3,그 비스크 돌은 사랑을 한다,3,,- S코믹스,후쿠다 신이치,㈜소미미디어,2020-02,6300,9.7,4896,707,2026-09-08T10:18:31+09:00
397021753,완전 쓰레기인 와타라세인데 3,완전 쓰레기인 와타라세인데,3,,,나카가와 파리,대원씨아이(만화),2026-06,5400,9.7,4655,708,2026-09-08T10:18:31+09:00
292873028,타마의 포상 1,타마의 포상,1,,,호시야 카오리,대원씨아이(만화),2022-04,4500,9.2,4689,709,2026-09-08T10:18:31+09:00
291942810,나루토 Naruto 1,나루토 Naruto,1,,,키시모토 마사시,대원씨아이(만화),2000-09,4950,,4514,710,2026-09-08T10:18:31+09:00
398418968,황천의 츠가이 11 (특별판),황천의 츠가이,11,특별판,- 초판부록 2종 + 패키지 박스 + 운명의 쌍둥이 아크릴 스탠드 2종 + 팬던트 아크릴 참 키링 1종+ 시그니처 포토카드 1종 + 빅 캔배지 1종 + 홀로그램 카드 2종,아라카와 히로무,대원씨아이(만화),2026-07,25650,10.0,4515,711,2026-09-08T10:18:31+09:00
352363380,타몬 군 지금 어느 쪽?! 8,타몬 군 지금 어느 쪽?!,8,,,시와스 유키,학산문화사(만화),2024-11,5400,9.0,4448,712,2026-09-08T10:18:31+09:00
390011039,황천의 츠가이 3,황천의 츠가이,3,,,아라카와 히로무,대원씨아이(만화),2023-05,5850,,4260,713,2026-09-08T10:18:31+09:00
382629021,킹덤 Kingdom 75,킹덤 Kingdom,75,,,하라 야스히사,대원씨아이(만화),2025-12,5400,6.0,4441,714,2026-09-08T10:18:31+09:00
390998609,담배 고양이 2,담배 고양이,2,,,냥냥 팩토리,대원씨아이(만화),2026-04,5400,9.0,4234,715,2026-09-08T10:18:31+09:00
394099635,담배 고양이 3,담배 고양이,3,,,냥냥 팩토리,대원씨아이(만화),2026-05,5400,10.0,4115,716,2026-09-08T10:18:31+09:00
199996910,기븐 5,기븐,5,,- 뉴 루비코믹스 2350,키즈 나츠키,현대지능개발사,2019-07,5400,9.6,4424,717,2026-09-08T10:18:31+09:00
329382397,타몬 군 지금 어느 쪽?! 5,타몬 군 지금 어느 쪽?!,5,,,시와스 유키,학산문화사(만화),2023-11,5400,9.7,4196,718,2026-09-08T10:18:31+09:00
389641283,황천의 츠가이 6,황천의 츠가이,6,,,아라카와 히로무,대원씨아이(만화),2024-08,5850,,3897,719,2026-09-08T10:18:31+09:00
86997362,용의 학교는 산 위에,용의 학교는 산 위에,,,"- 쿠이 료코 작품집, S코믹스",쿠이 료코,㈜소미미디어,2016-07,8550,9.4,3860,720,2026-09-08T10:18:31+09:00
366119898,나의 열두 살에게,나의 열두 살에게,,,,소복이,나무의말,2025-06,17820,9.5,3982,721,2026-09-08T10:18:31+09:00
390940611,이로하의 글이 이끄는 -눈 녹는 길-,이로하의 글이 이끄는 -눈 녹는 길-,,,,하나모리,시플리,2026-04,6300,9.1,3670,722,2026-09-08T10:18:31+09:00
399381869,담배 고양이 5,담배 고양이,5,,,냥냥 팩토리,대원씨아이(만화),2026-07,5400,,3670,723,2026-09-08T10:18:31+09:00
323272460,블루 록 18,블루 록,18,,,노무라 유스케,학산문화사(만화),2023-08,5400,9.6,3434,724,2026-09-08T10:18:31+09:00
225772243,달빛천사 애장판 2,달빛천사 애장판,2,,,타네무라 아리나,서울미디어코믹스(서울문화사),2020-01,8550,10.0,3597,725,2026-09-08T10:18:31+09:00
391205558,황천의 츠가이 9,황천의 츠가이,9,,,아라카와 히로무,대원씨아이(만화),2025-11,5850,,3320,726,2026-09-08T10:18:31+09:00
298203594,나루토 Naruto 3,나루토 Naruto,3,,,키시모토 마사시,대원씨아이(만화),2000-11,4950,,3503,727,2026-09-08T10:18:31+09:00
370424575,사카모토 데이즈 22,사카모토 데이즈,22,,- 텐큐vs신,스즈키 유우토,대원씨아이(만화),2025-08,5850,,3291,728,2026-09-08T10:18:31+09:00
392470080,작두 1,작두,1,,,232(이삼이),영컴(YOUNG COM),2026-05,15120,,3267,729,2026-09-08T10:18:31+09:00
307010996,지. : 지구의 운동에 대하여 4,지. : 지구의 운동에 대하여,4,,,우오토,문학동네,2022-12,7200,9.8,3403,730,2026-09-08T10:18:31+09:00
397898246,역대급 영지 설계사 9,역대급 영지 설계사,9,,- 초판 한정 작가진 친필 사인 인쇄본 + 표지 일러스트 엽서 + 캐릭터 카드 3종,이현민,문페이스,2026-07,14400,,3465,731,2026-09-08T10:18:31+09:00
372904974,인간실격 무삭제판 1~3 세트- 전3권,인간실격 무삭제판 1~3 세트- 전3권,,,,이토 준지,미우(대원씨아이),2020-08,34560,,3247,732,2026-09-08T10:18:31+09:00
390937400,유치원WARS 16,유치원WARS,16,,"- 초판특전: 스탠딩 pop, 일러스트 카드",You Chiba,서울미디어코믹스(서울문화사),2026-04,5400,10.0,3105,733,2026-09-08T10:18:31+09:00
175995181,20세기 소년 완전판 1,20세기 소년 완전판,1,,,우라사와 나오키,학산문화사(만화),2018-12,10800,9.2,3155,734,2026-09-08T10:18:31+09:00
331057127,약사의 혼잣말 3,약사의 혼잣말,3,,,네코쿠라게,학산문화사(만화),2019-12,5400,,2870,735,2026-09-08T10:18:31+09:00
336002910,고깔모자의 아틀리에 12,고깔모자의 아틀리에,12,,,시라하마 카모메,학산문화사(만화),2024-03,5400,8.6,3375,736,2026-09-08T10:18:31+09:00
397015748,어떤 여름방학,어떤 여름방학,,,,궁리(박조은),휴머니스트,2026-06,19800,,2940,737,2026-09-08T10:18:31+09:00
373365028,도쿄 학생 애처가 2,도쿄 학생 애처가,2,,,카유카와 스즈,학산문화사(만화),2025-10,6300,10.0,2822,738,2026-09-08T10:18:31+09:00
392472033,무대 담당과 악역 군 1,무대 담당과 악역 군,1,,- 루나 코믹스,야마시나 티나,㈜소미미디어,2026-05,6300,9.6,2899,739,2026-09-08T10:18:31+09:00
394214214,전희 서바이벌 사가 2,전희 서바이벌 사가,2,,,OTOSAMA,오팬스코믹,2026-05,6300,9.8,2840,740,2026-09-08T10:18:31+09:00
398309343,요리 군과 다시 만날 수는 없어! 1 (아크릴키링 한정판),요리 군과 다시 만날 수는 없어!,1,아크릴키링 한정판,- 요리 군과 다시 만날 수는 없어! 1권(초판 특전 포함) + 아크릴 참 키링 + 포토카드 2종 + 스페셜 아크릴 일러스트 카드 + 흑백 일러스트 카드 2종,Sumio Hataya,서울미디어코믹스(서울문화사),2026-07,22500,10.0,2895,741,2026-09-08T10:18:31+09:00
397022214,창천항로 애장판 2,창천항로 애장판,2,,,킹곤타,대원씨아이(만화),2026-06,16200,10.0,2750,742,2026-09-08T10:18:31+09:00
385950289,마도정병의 슬레이브 19,마도정병의 슬레이브,19,,,타케무라 요헤이,대원씨아이(만화),2026-02,5400,10.0,2858,743,2026-09-08T10:18:31+09:00
393313418,고블린 슬레이어 17,고블린 슬레이어,17,,- SL Comic,쿠로세 코스케,디앤씨미디어(주)(D&C미디어),2026-05,6300,10.0,2900,744,2026-09-08T10:18:31+09:00
319093776,100미터 1,100미터,1,,,우오토,학산문화사(만화),2023-06,8100,10.0,2719,745,2026-09-08T10:18:31+09:00
400225649,인생 역전 3,인생 역전,3,,- S Novel,D,㈜소미미디어,2026-08,7650,,2890,746,2026-09-08T10:18:31+09:00
172824777,리버스 에지 River’s Edge,리버스 에지 River’s Edge,,,,오카자키 교코,고트(goat),2018-10,20900,9.5,2749,747,2026-09-08T10:18:31+09:00
398869812,창천항로 애장판 3,창천항로 애장판,3,,,킹곤타,대원씨아이(만화),2026-07,16200,,2610,748,2026-09-08T10:18:31+09:00
345587184,정반대의 너와 나 4,정반대의 너와 나,4,,,아가사와 코챠,학산문화사(만화),2024-08,5400,9.7,2616,749,2026-09-08T10:18:31+09:00
387254200,요괴소년 호야 완전판 1,요괴소년 호야 완전판,1,,,후지타 카즈히로,서울미디어코믹스(서울문화사),2026-02,14400,9.0,2597,750,2026-09-08T10:18:31+09:00
394833578,장송의 프리렌 1,장송의 프리렌,1,,,야마다 카네히토,학산문화사(만화),2021-11,6300,,2430,751,2026-09-08T10:18:31+09:00
352893695,강철의 연금술사 박스세트 2,강철의 연금술사 박스세트,2,,- 일반판 10~18권 + 10~18권 PVC 카드,아라카와 히로무,학산문화사(만화),2024-11,48600,,2683,752,2026-09-08T10:18:31+09:00
388295960,얼음 성벽 13,얼음 성벽,13,,,아가사와 코챠,학산문화사(만화),2026-03,9000,10.0,2429,753,2026-09-08T10:18:31+09:00
388121581,봄바람의 에트랑제 6,봄바람의 에트랑제,6,,- 뉴 루비코믹스 3149,키이 칸나,현대지능개발사,2026-03,5400,10.0,2329,754,2026-09-08T10:18:31+09:00
396593327,일본삼국 7,일본삼국,7,,,마쓰키 잇카,재담,2026-06,7200,10.0,2415,755,2026-09-08T10:18:31+09:00
399556315,이우일의 만화 그리스로마 신화 1~3 세트 - 전3권,이우일의 만화 그리스로마 신화 1~3 세트 - 전3권,,,,이우일,비채,2026-07,59850,,2165,756,2026-09-08T10:18:31+09:00
352894044,강철의 연금술사 박스세트 3,강철의 연금술사 박스세트,3,,- 일반판 19~27권 + 19~27권 PVC 카드,아라카와 히로무,학산문화사(만화),2024-11,48600,,2573,757,2026-09-08T10:18:31+09:00
345784263,일본삼국 1,일본삼국,1,,,마쓰키 잇카,재담,2024-08,6750,9.2,2325,758,2026-09-08T10:18:31+09:00
393756001,둘이서 사랑을 하는 이유 12,둘이서 사랑을 하는 이유,12,,- 완결,히로 치히로,대원씨아이(만화),2026-05,4500,10.0,2150,759,2026-09-08T10:18:31+09:00
298665851,아인 1,아인,1,,,사쿠라이 가몬,학산문화사(만화),2014-08,5400,10.0,2239,760,2026-09-08T10:18:31+09:00
221329459,마도정병의 슬레이브 1,마도정병의 슬레이브,1,,,타케무라 요헤이,대원씨아이(만화),2019-12,4950,5.3,2086,761,2026-09-08T10:18:31+09:00
399541020,클레바테스 10,클레바테스,10,,,이와하라 유지,오팬스코믹,2026-07,6300,,2090,762,2026-09-08T10:18:31+09:00
400006981,유녀전기 대대야사 1,유녀전기 대대야사,1,,- 노엔 코믹스 / 초판한정 특별부록 : 일러스트 카드 + 띠지,토죠 치카,데이즈엔터(주),2026-08,5400,10.0,2050,763,2026-09-08T10:18:31+09:00
399782294,네즈미의 첫사랑 7,네즈미의 첫사랑,7,,,오오세토 리쿠,학산문화사(만화),2026-08,5400,,1895,764,2026-09-08T10:18:31+09:00
399390376,"가까이 와줘, 스피카 1 (특장판)","가까이 와줘, 스피카",1,특장판,- 단행본 + 아크릴 스탠드 + 인화사진 2종 + 일러스트 카드 + 별도 박스 포장,fuyu,대원씨아이(만화),2026-07,18000,10.0,1890,765,2026-09-08T10:18:31+09:00
399055863,다크 개더링 1,다크 개더링,1,,- 픽시하우스 /초판 한정: 띠지 + 일러스트 카드,콘도 켄이치,코믹레인,2026-08,6300,10.0,2005,766,2026-09-08T10:18:31+09:00
399953662,히마텐! 4,히마텐!,4,,- SL Comic,오노 겐키,디앤씨미디어(주)(D&C미디어),2026-08,6300,,1740,767,2026-09-08T10:18:31+09:00
388511029,고슴도치와 콘트라스트 1,고슴도치와 콘트라스트,1,,- 솔트 코믹스,호토나카,YNK MEDIA(만화),2026-03,5850,,1706,768,2026-09-08T10:18:31+09:00
374951156,얼음 성벽 11,얼음 성벽,11,,,아가사와 코챠,학산문화사(만화),2025-10,9000,10.0,1926,769,2026-09-08T10:18:31+09:00
301188387,나루토 Naruto 44,나루토 Naruto,44,,,키시모토 마사시,대원씨아이(만화),2009-03,4950,,1700,770,2026-09-08T10:18:31+09:00
396097455,장송의 프리렌 5,장송의 프리렌,5,,,야마다 카네히토,학산문화사(만화),2026-06,6300,,1710,771,2026-09-08T10:18:31+09:00
400364294,이기적 연애론 3,이기적 연애론,3,,,교교박,다산코믹스,2026-08,16020,,1560,772,2026-09-08T10:18:31+09:00
366792718,외톨이에는 익숙하니까요. 약혼자 방치 중! 1,외톨이에는 익숙하니까요. 약혼자 방치 중!,1,,,하레타 준,대원씨아이(만화),2025-06,6750,9.9,1831,773,2026-09-08T10:18:31+09:00
399973834,라라의 결혼 8,라라의 결혼,8,,,타메코우,블랑코믹스(BLANC COMICS),2026-08,6300,,1420,774,2026-09-08T10:18:31+09:00
395531975,통제구역관리부 3,통제구역관리부,3,,,탄광,다산코믹스,2026-06,18900,,1525,775,2026-09-08T10:18:31+09:00
389890616,아다치와 시마무라 3,아다치와 시마무라,3,,,유즈하라 모케,학산문화사(만화),2026-04,6300,10.0,1503,776,2026-09-08T10:18:31+09:00
400587655,킬블루 13,킬블루,13,,,후지마키 타다토시,대원씨아이(만화),2026-08,5400,,1400,777,2026-09-08T10:18:31+09:00
391206148,데스 노트 Death Note 1,데스 노트 Death Note,1,,,오바 츠구미,대원씨아이(만화),2026-04,6300,,1596,778,2026-09-08T10:18:31+09:00
400224536,딸이 아니라 나를 좋아한다고?! 4,딸이 아니라 나를 좋아한다고?!,4,,- S코믹스,아즈마 텟신,㈜소미미디어,2026-08,6300,,1545,779,2026-09-08T10:18:31+09:00
369308120,도쿄 학생 애처가 1,도쿄 학생 애처가,1,,,카유카와 스즈,학산문화사(만화),2025-08,6300,,1251,780,2026-09-08T10:18:31+09:00
400856516,아오아시 17,아오아시,17,,,코바야시 유고,대원씨아이(만화),2026-08,5850,,1280,781,2026-09-08T10:18:31+09:00
397048303,내 여자친구는 커여워 2,내 여자친구는 커여워,2,,,sanorin,오팬스코믹,2026-06,6300,9.0,1335,782,2026-09-08T10:18:31+09:00
386058010,사카모토 데이즈 25,사카모토 데이즈,25,,- 친구이상 킬러미만,스즈키 유우토,대원씨아이(만화),2026-02,5850,,1295,783,2026-09-08T10:18:31+09:00
2507110,블리치 1,블리치,1,,- 죽음과 스트로베리,쿠보 타이토,서울미디어코믹스(서울문화사),2002-04,4050,9.5,1328,784,2026-09-08T10:18:31+09:00
396049323,곰과 토끼는 친구로 지낼 수 없다 1,곰과 토끼는 친구로 지낼 수 없다,1,,,이누요시 아키라,대원씨아이(만화),2026-06,6300,,1315,785,2026-09-08T10:18:31+09:00
400669111,커다란 네가 제일 귀여워,커다란 네가 제일 귀여워,,,- 라르고 맥스 Largo Max,유키하루,조은세상(북두),2026-08,6300,,1110,786,2026-09-08T10:18:31+09:00
397592073,"여친, 빌리겠습니다 44","여친, 빌리겠습니다",44,,,미야지마 레이지,학산문화사(만화),2026-07,5400,,1330,787,2026-09-08T10:18:31+09:00
399925554,최애의 성벽이 너무 위험하다고요! 1,최애의 성벽이 너무 위험하다고요!,1,,- BB코믹스,하루지ON,㈜소미미디어,2026-08,5850,,1090,788,2026-09-08T10:18:31+09:00
302117591,까라마조프의 자매들 1,까라마조프의 자매들,1,,,정원사,artePOP(아르테팝),2022-09,13500,10.0,1085,789,2026-09-08T10:18:31+09:00
312727244,까라마조프의 자매들 3,까라마조프의 자매들,3,,,정원사,artePOP(아르테팝),2023-03,13500,,1065,790,2026-09-08T10:18:31+09:00
400586342,펜과 수갑과 사실혼 4,펜과 수갑과 사실혼,4,,,사와라기 신이치,학산문화사(만화),2026-08,5400,,910,791,2026-09-08T10:18:31+09:00
312727307,까라마조프의 자매들 4,까라마조프의 자매들,4,,- 완결,정원사,artePOP(아르테팝),2023-03,13500,,1044,792,2026-09-08T10:18:31+09:00
302117611,까라마조프의 자매들 2,까라마조프의 자매들,2,,,정원사,artePOP(아르테팝),2022-09,13500,,1041,793,2026-09-08T10:18:31+09:00
400653955,마왕과 용사의 사랑의 도피 바캉스 (더블 특전판),마왕과 용사의 사랑의 도피 바캉스,,더블 특전판,"- 솔트 코믹스, 초판 더블 특전 : 만화 1P 페이퍼, 일러스트 카드 1종",바세우,YNK MEDIA(만화),2026-08,5850,,810,794,2026-09-08T10:18:31+09:00
400585731,퀸즈 퀄리티 1,퀸즈 퀄리티,1,,- 루나 코믹스,모토미 쿄스케,㈜소미미디어,2026-08,6300,10.0,820,795,2026-09-08T10:18:31+09:00
352375450,못 미더운 악녀입니다만 : ~추궁접서 교체전~ 7,못 미더운 악녀입니다만 : ~추궁접서 교체전~,7,,,EI Ohitsuji,서울미디어코믹스(서울문화사),2024-11,6300,9.7,753,796,2026-09-08T10:18:31+09:00
400585953,떨거지 인어 디아나 1,떨거지 인어 디아나,1,,- S코믹스,스아마,㈜소미미디어,2026-08,6300,,690,797,2026-09-08T10:18:31+09:00
401247959,내일은 어느 쪽! 12,내일은 어느 쪽!,12,,- 코믹 라르고 Comic Largo,야마모토 코테츠코,조은세상(북두),2026-09,5400,,430,798,2026-09-08T10:18:31+09:00
400866292,장송의 프리렌 8,장송의 프리렌,8,,,야마다 카네히토,학산문화사(만화),2022-09,6300,,510,799,2026-09-08T10:18:31+09:00
400930535,발키리 키코 4,발키리 키코,4,,- S코믹스,아베노 챠코,㈜소미미디어,2026-09,6300,,440,800,2026-09-08T10:18:31+09:00
401041304,언더독의 왕관 1,언더독의 왕관,1,,,시나치쿠,대원씨아이(만화),2026-08,6300,,400,801,2026-09-08T10:18:31+09:00
401463048,블루 아카이브 코믹 앤솔로지 VOL.7,블루 아카이브 코믹 앤솔로지 VOL.7,,,"- SL Comic, 초판 한정 특전: 띠지, 폴라로이드 카드 1종",NEXON GAMES,디앤씨미디어(주)(D&C미디어),2026-09,8100,,400,802,2026-09-08T10:18:31+09:00
401462904,옆자리의 와카오는 보일 듯 안 보인다 2,옆자리의 와카오는 보일 듯 안 보인다,2,,- SL Comic,이나리야마,디앤씨미디어(주)(D&C미디어),2026-09,6300,,380,803,2026-09-08T10:18:31+09:00
401463047,누에의 음양사 11,누에의 음양사,11,,"- 전학생, SL Comic",카와에 코타,디앤씨미디어(주)(D&C미디어),2026-09,6300,,360,804,2026-09-08T10:18:31+09:00
401372455,굿바이 미니스커트 3,굿바이 미니스커트,3,,,마키노 아오이,서울미디어코믹스(서울문화사),2026-09,4500,,360,805,2026-09-08T10:18:31+09:00
366331655,원피스 111,원피스,111,,- 엘바프 모험,오다 에이치로,대원씨아이(만화),2025-06,5400,10.0,25068,806,2026-09-08T10:18:31+09:00
360231181,체인소 맨 19,체인소 맨,19,,,후지모토 타츠키,학산문화사(만화),2025-03,5400,9.4,17036,807,2026-09-08T10:18:31+09:00
355678823,원피스 110,원피스,110,,- 시대의 일렁임,오다 에이치로,대원씨아이(만화),2025-01,5400,9.9,13668,808,2026-09-08T10:18:31+09:00
393239337,모모세 아키라의 첫사랑 파탄 중 5 (트리플 특전판),모모세 아키라의 첫사랑 파탄 중,5,트리플 특전판,- 스페셜 아크릴 일러스트 카드(1종) + 다양한 매력의 양면 일러스트 카드(2종),하레카와 신타,서울미디어코믹스(서울문화사),2026-05,6750,9.8,11075,809,2026-09-08T10:18:31+09:00
368857673,명탐정 코난 107,명탐정 코난,107,,,아오야마 고쇼,서울미디어코믹스(서울문화사),2025-07,5400,9.9,10345,810,2026-09-08T10:18:31+09:00
296415507,체인소 맨 10,체인소 맨,10,,,후지모토 타츠키,학산문화사(만화),2022-01,5400,10.0,10149,811,2026-09-08T10:18:31+09:00
394027323,야마다의 학급일지 4,야마다의 학급일지,4,,"- 완결, 초판 한정 : 야마다 & 무라타 일러스트 카드 3종",아오미 루이,서울미디어코믹스(서울문화사),2026-05,5850,9.8,9810,812,2026-09-08T10:18:31+09:00
331003597,원피스 107,원피스,107,,- 전설의 영웅,오다 에이치로,대원씨아이(만화),2024-01,4950,9.7,8975,813,2026-09-08T10:18:31+09:00
376257892,그 비스크 돌은 사랑을 한다 15,그 비스크 돌은 사랑을 한다,15,,- S코믹스,후쿠다 신이치,㈜소미미디어,2025-11,5400,9.4,8796,814,2026-09-08T10:18:31+09:00
373273268,히카루가 죽은 여름 7,히카루가 죽은 여름,7,,- SL Comic,모쿠모쿠렌,디앤씨미디어(주)(D&C미디어),2025-10,5850,9.6,8478,815,2026-09-08T10:18:31+09:00
353809342,스파이 패밀리 14,스파이 패밀리,14,,,엔도 타츠야,학산문화사(만화),2024-12,5400,9.8,8417,816,2026-09-08T10:18:31+09:00
372549977,나 혼자만 레벨업 15,나 혼자만 레벨업,15,,- 만화,장성락(REDICE STUDIO),디앤씨웹툰비즈,2025-10,14400,10.0,8053,817,2026-09-08T10:18:31+09:00
366666131,반딧불이의 혼례 7,반딧불이의 혼례,7,,,타치바나 오레코,서울미디어코믹스(서울문화사),2025-06,7650,9.8,7844,818,2026-09-08T10:18:31+09:00
244216165,마음을 사로잡는 만화 컷 분할 교실,마음을 사로잡는 만화 컷 분할 교실,,,,도쿄네임탱크,삼호미디어,2020-07,14400,9.4,7908,819,2026-09-08T10:18:31+09:00
367932030,찍히지 않습니다 2,찍히지 않습니다,2,,- S코믹스,코노시마 루카,㈜소미미디어,2025-07,6300,9.8,7594,820,2026-09-08T10:18:31+09:00
393727271,전지적 독자 시점 19,전지적 독자 시점,19,,- 초판한정: 캐릭터 카드 1종 + 엽서 1종,슬리피-C,에이템포미디어,2026-05,14850,10.0,7635,821,2026-09-08T10:18:31+09:00
379027062,나의 히어로 아카데미아 캐릭터 팬북 컴플리트 에디션,나의 히어로 아카데미아 캐릭터 팬북 컴플리트 에디션,,,,호리코시 코헤이,서울미디어코믹스(서울문화사),2025-11,28620,9.2,7477,822,2026-09-08T10:18:31+09:00
283806419,장송의 프리렌 2,장송의 프리렌,2,,,야마다 카네히토,학산문화사(만화),2021-11,5400,9.6,7355,823,2026-09-08T10:18:31+09:00
294409871,귀멸의 칼날 21,귀멸의 칼날,21,,,고토게 코요하루,학산문화사(만화),2020-11,5400,10.0,7095,824,2026-09-08T10:18:31+09:00
390689243,찍히지 않습니다 5,찍히지 않습니다,5,,"- S코믹스 /초판 한정 일러스트 카드, 폴라로이드 사진풍 카드 2종, PET 책갈피",코노시마 루카,㈜소미미디어,2026-04,5850,9.8,6890,825,2026-09-08T10:18:31+09:00
374814986,찍히지 않습니다 3,찍히지 않습니다,3,,"- S코믹스, 초판종료",코노시마 루카,㈜소미미디어,2025-10,5850,8.3,6961,826,2026-09-08T10:18:31+09:00
294402029,귀멸의 칼날 20,귀멸의 칼날,20,,,고토게 코요하루,학산문화사(만화),2020-09,5400,,6877,827,2026-09-08T10:18:31+09:00
301706807,주술회전 4,주술회전,4,,,아쿠타미 게게,서울미디어코믹스(서울문화사),2019-05,5400,,6704,828,2026-09-08T10:18:31+09:00
365660227,모 이야기 2,모 이야기,2,,,최연주,엣눈북스(atnoonbooks),2025-06,20700,9.1,6647,829,2026-09-08T10:18:31+09:00
338121617,너와 장밋빛 매일 1,너와 장밋빛 매일,1,,,히로 치히로,서울미디어코믹스(서울문화사),2024-04,5400,9.9,6577,830,2026-09-08T10:18:31+09:00
376840612,아름다운 초저녁달 9,아름다운 초저녁달,9,,,야마모리 미카,학산문화사(만화),2025-11,5400,9.8,6462,831,2026-09-08T10:18:31+09:00
329151499,봄의 폭풍과 몬스터 2,봄의 폭풍과 몬스터,2,,,미츠바치 미유키,학산문화사(만화),2023-11,5400,9.7,6114,832,2026-09-08T10:18:31+09:00
216773326,그 비스크 돌은 사랑을 한다 1,그 비스크 돌은 사랑을 한다,1,,- S코믹스,후쿠다 신이치,㈜소미미디어,2019-11,6300,9.4,6131,833,2026-09-08T10:18:31+09:00
327556882,마루는 강쥐 2,마루는 강쥐,2,,,모죠,문페이스,2023-11,14400,10.0,6278,834,2026-09-08T10:18:31+09:00
380080135,봇치·더·록! 외전 히로이 키쿠리의 과음일기 4,봇치·더·록! 외전 히로이 키쿠리의 과음일기,4,,,쿠미쵸,대원씨아이(만화),2025-12,8100,10.0,6107,835,2026-09-08T10:18:31+09:00
361207805,"사랑하라, 거짓된 천사들이여 4","사랑하라, 거짓된 천사들이여",4,,,Coco Uzuki,서울미디어코믹스(서울문화사),2025-03,5400,10.0,5875,836,2026-09-08T10:18:31+09:00
333717879,봄의 폭풍과 몬스터 3,봄의 폭풍과 몬스터,3,,,미츠바치 미유키,학산문화사(만화),2024-02,5400,9.9,5806,837,2026-09-08T10:18:31+09:00
398197212,비실비실 선생님 15 (특별판),비실비실 선생님,15,특별판,- 패키지 박스 + 초판한정 일러스트 폴라로이드 카드 1종 + 캐릭터 아크릴 스탠드 1종 + 아크릴 키링 2종 + 포토카드 4종 + 미니포스터 1종,후쿠치 카미오,대원씨아이(만화),2026-07,27000,,5745,838,2026-09-08T10:18:31+09:00
301714703,주술회전 18,주술회전,18,,- 열기,아쿠타미 게게,서울미디어코믹스(서울문화사),2022-02,5400,,5752,839,2026-09-08T10:18:31+09:00
75162027,슬램덩크 오리지널 박스판 21~25 세트 - 전5권,슬램덩크 오리지널 박스판 21~25 세트 - 전5권,,,,이노우에 타케히코,대원씨아이(만화),2016-01,27000,10.0,5625,840,2026-09-08T10:18:31+09:00
226966203,그 비스크 돌은 사랑을 한다 2,그 비스크 돌은 사랑을 한다,2,,- S코믹스,후쿠다 신이치,㈜소미미디어,2020-01,6300,9.0,5434,841,2026-09-08T10:18:31+09:00
301707952,주술회전 6,주술회전,6,,,아쿠타미 게게,서울미디어코믹스(서울문화사),2019-09,5400,10.0,5236,842,2026-09-08T10:18:31+09:00
349422137,봄의 폭풍과 몬스터 5,봄의 폭풍과 몬스터,5,,,미츠바치 미유키,학산문화사(만화),2024-10,5400,9.8,5251,843,2026-09-08T10:18:31+09:00
301708374,주술회전 9,주술회전,9,,,아쿠타미 게게,서울미디어코믹스(서울문화사),2020-11,5400,,5129,844,2026-09-08T10:18:31+09:00
301708237,주술회전 8,주술회전,8,,,아쿠타미 게게,서울미디어코믹스(서울문화사),2020-10,5400,10.0,5121,845,2026-09-08T10:18:31+09:00
316060238,스킵과 로퍼 5,스킵과 로퍼,5,,- 시프트코믹스,타카마츠 미사키,YNK MEDIA(만화),2023-05,5400,9.9,5232,846,2026-09-08T10:18:31+09:00
352777880,스킵과 로퍼 9,스킵과 로퍼,9,,- 시프트코믹스,타카마츠 미사키,YNK MEDIA(만화),2024-12,5400,9.8,5153,847,2026-09-08T10:18:31+09:00
397362768,가끔씩 툭하고 러시아어로 부끄러워하는 옆자리의 아랴 양 11,가끔씩 툭하고 러시아어로 부끄러워하는 옆자리의 아랴 양,11,,"- L Novel /초판 한정 특전 : 띠지, 책갈피, 양면 표지, 폴라로이드 카드 1종",SUN SUN SUN,디앤씨미디어(주)(D&C미디어),2026-07,7650,,5060,848,2026-09-08T10:18:31+09:00
349387430,그 비스크 돌은 사랑을 한다 13,그 비스크 돌은 사랑을 한다,13,,- S코믹스,후쿠다 신이치,㈜소미미디어,2024-10,6300,10.0,4868,849,2026-09-08T10:18:31+09:00
341211935,마루는 강쥐 4,마루는 강쥐,4,,,모죠,문페이스,2024-06,14400,,5142,850,2026-09-08T10:18:31+09:00
303094586,아름다운 초저녁달 4,아름다운 초저녁달,4,,,야마모리 미카,학산문화사(만화),2022-10,5400,9.9,4789,851,2026-09-08T10:18:31+09:00
314173992,스킵과 로퍼 4,스킵과 로퍼,4,,- 시프트코믹스,타카마츠 미사키,YNK MEDIA(만화),2023-04,5400,10.0,5036,852,2026-09-08T10:18:31+09:00
340823801,봄의 폭풍과 몬스터 4,봄의 폭풍과 몬스터,4,,,미츠바치 미유키,학산문화사(만화),2024-06,5400,10.0,4786,853,2026-09-08T10:18:31+09:00
342597714,타몬 군 지금 어느 쪽?! 7,타몬 군 지금 어느 쪽?!,7,,,시와스 유키,학산문화사(만화),2024-07,5400,9.7,4788,854,2026-09-08T10:18:31+09:00
339235541,괴수 8호 5,괴수 8호,5,,,마츠모토 나오야,서울미디어코믹스(서울문화사),2022-01,5400,,4753,855,2026-09-08T10:18:31+09:00
301708653,주술회전 11,주술회전,11,,,아쿠타미 게게,서울미디어코믹스(서울문화사),2021-01,5400,,4809,856,2026-09-08T10:18:31+09:00
383612053,블루 록 34,블루 록,34,,,노무라 유스케,학산문화사(만화),2026-01,5400,9.5,4590,857,2026-09-08T10:18:31+09:00
356890808,사카모토 데이즈 16,사카모토 데이즈,16,,- 해후,스즈키 유우토,대원씨아이(만화),2024-06,5850,,4576,858,2026-09-08T10:18:31+09:00
357286627,GACHIAKUTA 12,GACHIAKUTA,12,,,케이 우라나,학산문화사(만화),2025-02,5400,10.0,4547,859,2026-09-08T10:18:31+09:00
355156419,아름다운 초저녁달 8,아름다운 초저녁달,8,,,야마모리 미카,학산문화사(만화),2025-01,5400,9.5,4453,860,2026-09-08T10:18:31+09:00
344817051,원펀맨 One Punch Man 30,원펀맨 One Punch Man,30,,- 최대의 벽,ONE,대원씨아이(만화),2024-08,4950,9.8,4595,861,2026-09-08T10:18:31+09:00
399052013,THE ART OF SOLO LEVELING : 웹툰 「나 혼자만 레벨업」 공식 아트북,THE ART OF SOLO LEVELING : 웹툰 「나 혼자만 레벨업」 공식 아트북,,,,장성락(REDICE STUDIO),디앤씨미디어(주)(D&C미디어),2026-08,43200,,4660,862,2026-09-08T10:18:31+09:00
394588669,천국대마경 12,천국대마경,12,,- S코믹스,이시구로 마사카즈,㈜소미미디어,2026-06,6300,9.0,4390,863,2026-09-08T10:18:31+09:00
394711869,김전일 아빠의 사건부 3,김전일 아빠의 사건부,3,,,아마기 세이마루,서울미디어코믹스(서울문화사),2026-06,6300,9.7,4410,864,2026-09-08T10:18:31+09:00
112476775,기븐 3,기븐,3,,- 뉴 루비코믹스 2033,키즈 나츠키,현대지능개발사,2017-06,4950,10.0,4511,865,2026-09-08T10:18:31+09:00
301476046,오늘부터 신령님 25,오늘부터 신령님,25,,- 완결,스즈키 줄리에타,학산문화사(만화),2017-06,5400,,4202,866,2026-09-08T10:18:31+09:00
397904768,푸른 상자 24,푸른 상자,24,,,미우라 코우지,학산문화사(만화),2026-07,5400,10.0,4175,867,2026-09-08T10:18:31+09:00
309125683,너에게 닿기를 번외편 ∼운명의 사람∼ 3 (일반판),너에게 닿기를 번외편 ∼운명의 사람∼,3,일반판,- 완결,시이나 카루호,대원씨아이(만화),2023-01,4500,9.6,4140,868,2026-09-08T10:18:31+09:00
341934453,동경일일 3,동경일일,3,,- 완결,마츠모토 타이요,문학동네,2024-06,9900,9.6,4136,869,2026-09-08T10:18:31+09:00
301714473,주술회전 15,주술회전,15,,- 시부야 사변 -변신-,아쿠타미 게게,서울미디어코믹스(서울문화사),2021-05,5400,,4031,870,2026-09-08T10:18:31+09:00
387704370,시든 꽃에 눈물을 5,시든 꽃에 눈물을,5,,,개,네이버웹툰,2026-05,14400,10.0,4016,871,2026-09-08T10:18:31+09:00
301708744,주술회전 12,주술회전,12,,,아쿠타미 게게,서울미디어코믹스(서울문화사),2021-02,5400,,4180,872,2026-09-08T10:18:31+09:00
81953629,용의 귀여운 일곱 아이 : 쿠이 료코 작품집,용의 귀여운 일곱 아이 : 쿠이 료코 작품집,,,- S코믹스,쿠이 료코,㈜소미미디어,2016-04,6300,8.7,4018,873,2026-09-08T10:18:31+09:00
389010799,오무라이스 잼잼 16 (스페셜 리커버 양장본),오무라이스 잼잼 16 (스페셜 리커버 양장본),,,,조경규,송송책방,2026-04,20700,10.0,3999,874,2026-09-08T10:18:31+09:00
324949642,블루 록 19,블루 록,19,,,노무라 유스케,학산문화사(만화),2023-09,5400,9.5,3774,875,2026-09-08T10:18:31+09:00
341802003,베르세르크 42,베르세르크,42,,,미우라 켄타로,대원씨아이(만화),2024-06,5400,9.7,3855,876,2026-09-08T10:18:31+09:00
360504886,빛과 색으로 그리는 디지털 스케치 입문,빛과 색으로 그리는 디지털 스케치 입문,,,,나가스나 히로,잉크잼(잼스푼),2025-03,19800,10.0,3807,877,2026-09-08T10:18:31+09:00
387904062,오달자의 봄,오달자의 봄,,,,김수정,둘리나라,2026-03,16200,9.9,3989,878,2026-09-08T10:18:31+09:00
367024440,"어서 오세요, 공룡 박사님의 마음 상담소","어서 오세요, 공룡 박사님의 마음 상담소",,,,스와프나 해도우,FIKAJUNIOR(피카주니어),2025-06,15300,9.8,3784,879,2026-09-08T10:18:31+09:00
397175745,악마에 입문했습니다! 이루마 군 47,악마에 입문했습니다! 이루마 군,47,,,니시 오사무,서울미디어코믹스(서울문화사),2026-07,5850,,3665,880,2026-09-08T10:18:31+09:00
325301274,슈가슈가 룬 박스 세트 - 전8권,슈가슈가 룬 박스 세트 - 전8권,,,,모요코 안노,학산문화사(만화),2023-09,50400,10.0,3966,881,2026-09-08T10:18:31+09:00
362603487,카구라바치 4,카구라바치,4,,,호카조노 타케루,대원씨아이(만화),2025-04,5850,9.4,3651,882,2026-09-08T10:18:31+09:00
342596427,아름다운 초저녁달 7,아름다운 초저녁달,7,,,야마모리 미카,학산문화사(만화),2024-07,5400,9.9,3639,883,2026-09-08T10:18:31+09:00
225770299,달빛천사 애장판 1,달빛천사 애장판,1,,,타네무라 아리나,서울미디어코믹스(서울문화사),2020-01,8550,9.5,3546,884,2026-09-08T10:18:31+09:00
362211849,주술회전 29,주술회전,29,,- 인외마경 신주쿠 결전 -사활-,아쿠타미 게게,서울미디어코믹스(서울문화사),2025-04,5400,10.0,3685,885,2026-09-08T10:18:31+09:00
393756075,폭식 너무 좋아! 모치즈키 양 3,폭식 너무 좋아! 모치즈키 양,3,,,마루요노 카모메,대원씨아이(만화),2026-05,6300,9.8,3420,886,2026-09-08T10:18:31+09:00
307010808,지. : 지구의 운동에 대하여 3,지. : 지구의 운동에 대하여,3,,,우오토,문학동네,2022-12,7200,9.5,3451,887,2026-09-08T10:18:31+09:00
389546642,이력서 1,이력서,1,,,유월,블루픽,2026-04,14220,10.0,3558,888,2026-09-08T10:18:31+09:00
327274039,원룸 조교님 2,원룸 조교님,2,,,지붕,유어마나(거북이북스),2023-10,15300,,3231,889,2026-09-08T10:18:31+09:00
392518824,테라피 게임 리스타트 6,테라피 게임 리스타트,6,,,히노하라 메구루,블랑코믹스(BLANC COMICS),2026-05,6300,10.0,3215,890,2026-09-08T10:18:31+09:00
383430621,도쿄 학생 애처가 3,도쿄 학생 애처가,3,,,카유카와 스즈,학산문화사(만화),2026-01,6300,10.0,3041,891,2026-09-08T10:18:31+09:00
337105674,Veil 2,Veil,2,,"- S코믹스, JAPAN EXPO 최우수작화상, 최우수장정상 수상",코테리,㈜소미미디어,2024-04,11520,9.4,3129,892,2026-09-08T10:18:31+09:00
374998765,GACHIAKUTA 15,GACHIAKUTA,15,,- 일반판,케이 우라나,학산문화사(만화),2025-10,5400,,3109,893,2026-09-08T10:18:31+09:00
384344629,오가미 츠미키와 기일상 5,오가미 츠미키와 기일상,5,,,모리시타 미유,학산문화사(만화),2026-01,5400,9.3,3247,894,2026-09-08T10:18:31+09:00
326990757,지. : 지구의 운동에 대하여 5,지. : 지구의 운동에 대하여,5,,,우오토,문학동네,2023-10,7200,9.6,3267,895,2026-09-08T10:18:31+09:00
326990928,지. : 지구의 운동에 대하여 6,지. : 지구의 운동에 대하여,6,,,우오토,문학동네,2023-10,7200,8.7,3133,896,2026-09-08T10:18:31+09:00
155396771,미스터 초밥왕 애장판 1~14 박스 세트 (완결),미스터 초밥왕 애장판 1~14 박스 세트 (완결),,,,다이스케 테라사와,학산문화사(만화),2010-01,88200,8.7,2995,897,2026-09-08T10:18:31+09:00
398870503,더 죠죠랜즈 3 : 돈벌이할 시간,더 죠죠랜즈 3 : 돈벌이할 시간,,,- 죠죠의 기묘한 모험 Part 9,아라키 히로히코,문학동네,2026-07,7200,10.0,3010,898,2026-09-08T10:18:31+09:00
288831826,하이큐!! 1,하이큐!!,1,,,후루다테 하루이치,대원씨아이(만화),2013-05,4950,10.0,2914,899,2026-09-08T10:18:31+09:00
372071162,참을 수 없는 건 사랑인 걸까 4,참을 수 없는 건 사랑인 걸까,4,,,소라하나 미아,대원씨아이(만화),2025-09,5850,10.0,2873,900,2026-09-08T10:18:31+09:00
345982331,흑무경담 1,흑무경담,1,,- S코믹스,토가와 요난,㈜소미미디어,2024-09,5400,8.6,2916,901,2026-09-08T10:18:31+09:00
386058254,타몬 군 지금 어느 쪽?! 9,타몬 군 지금 어느 쪽?!,9,,,시와스 유키,학산문화사(만화),2025-04,5400,,2800,902,2026-09-08T10:18:31+09:00
379009613,그 비스크 돌은 사랑을 한다 TV 애니메이션 공식 팬북 키타가와 마린이 최고야,그 비스크 돌은 사랑을 한다 TV 애니메이션 공식 팬북 키타가와 마린이 최고야,,,- S코믹스,후쿠다 신이치,㈜소미미디어,2025-12,18000,10.0,2730,903,2026-09-08T10:18:31+09:00
397905187,THE POOL,THE POOL,,,,사쿠라이 가몬,학산문화사(만화),2026-07,13500,10.0,2775,904,2026-09-08T10:18:31+09:00
281358408,원피스 제1부 EP1 BOX 동쪽의 바다 세트 - 전12권,원피스 제1부 EP1 BOX 동쪽의 바다 세트 - 전12권,,,- 1~12권,오다 에이치로,대원씨아이(만화),2021-10,63900,6.8,2770,905,2026-09-08T10:18:31+09:00
399291548,새내기 4,새내기,4,,,혁대,블루픽,2026-07,14220,10.0,2890,906,2026-09-08T10:18:31+09:00
395477416,타로의 얼렁뚱땅 1,타로의 얼렁뚱땅,1,,,야츠미 츠무,서울미디어코믹스(서울문화사),2026-06,5850,10.0,2625,907,2026-09-08T10:18:31+09:00
318774144,블루 록 17,블루 록,17,,,노무라 유스케,학산문화사(만화),2023-06,5400,9.8,2616,908,2026-09-08T10:18:31+09:00
232336577,달빛천사 애장판 3,달빛천사 애장판,3,,,타네무라 아리나,서울미디어코믹스(서울문화사),2020-02,8550,10.0,2585,909,2026-09-08T10:18:31+09:00
372904289,슬램덩크 오리지널 1~31 세트 - 전31권,슬램덩크 오리지널 1~31 세트 - 전31권,,,- 완결,이노우에 타케히코,대원씨아이(만화),2025-09,111600,,2709,910,2026-09-08T10:18:31+09:00
399050467,블루 피리어드 6 (한정판),블루 피리어드,6,한정판,"- 시프트코믹스 /한정판 구성품 : 도서(초판 부록 포함), 1~6권 수납 박스, 컬러링북 소책자, 박티켓 책갈피 3종",야마구치 츠바사,YNK MEDIA(만화),2026-07,13500,,2560,911,2026-09-08T10:18:31+09:00
331008605,약사의 혼잣말 4,약사의 혼잣말,4,,,네코쿠라게,학산문화사(만화),2019-12,5400,6.0,2570,912,2026-09-08T10:18:31+09:00
232338320,달빛천사 애장판 4,달빛천사 애장판,4,,- 완결,타네무라 아리나,서울미디어코믹스(서울문화사),2020-02,8550,10.0,2560,913,2026-09-08T10:18:31+09:00
393696313,창천항로 애장판 1,창천항로 애장판,1,,,킹곤타,대원씨아이(만화),2026-05,16200,6.4,2595,914,2026-09-08T10:18:31+09:00
329259067,약사의 혼잣말 5,약사의 혼잣말,5,,,네코쿠라게,학산문화사(만화),2020-01,5400,,2558,915,2026-09-08T10:18:31+09:00
391279568,블루 자이언트 모멘텀 5,블루 자이언트 모멘텀,5,,,이시즈카 신이치,대원씨아이(만화),2026-04,5850,,2638,916,2026-09-08T10:18:31+09:00
320691848,먼작귀 3,먼작귀,3,,- 먼가 작고 귀여운 녀석,나가노,미우(대원씨아이),2023-02,10800,,2511,917,2026-09-08T10:18:31+09:00
396168079,젖짜기 헌터의 이세계 착유기 1,젖짜기 헌터의 이세계 착유기,1,,,소라요미 다이치,길찾기,2026-05,7200,8.0,2595,918,2026-09-08T10:18:31+09:00
370836360,"밟고, 차고, 사랑하고 5","밟고, 차고, 사랑하고",5,,,이치야 스미,대원씨아이(만화),2025-08,4950,9.9,2531,919,2026-09-08T10:18:31+09:00
367691634,GACHIAKUTA 13,GACHIAKUTA,13,,,케이 우라나,학산문화사(만화),2025-07,5400,,2538,920,2026-09-08T10:18:31+09:00
369056766,사카모토 데이즈 21,사카모토 데이즈,21,,- 오늘의 운세,스즈키 유우토,대원씨아이(만화),2025-07,5850,,2512,921,2026-09-08T10:18:31+09:00
393313791,추우면 변하는 헤비가미 군 1,추우면 변하는 헤비가미 군,1,,"- 초판 한정 특전: 띠지, 스티커, PET 스탠드, 투명 책갈피, SL Comic",쿠리미야,디앤씨미디어(주)(D&C미디어),2026-05,6300,8.5,2475,922,2026-09-08T10:18:31+09:00
399290916,우리 반리가 신세 좀 지겠습니다 4,우리 반리가 신세 좀 지겠습니다,4,,,카이도 치토세,대원씨아이(만화),2026-07,5400,,2660,923,2026-09-08T10:18:31+09:00
369307957,GACHIAKUTA 14,GACHIAKUTA,14,,,케이 우라나,학산문화사(만화),2025-08,5400,,2500,924,2026-09-08T10:18:31+09:00
399594642,동거하는 검성 여스승이 너무 귀여워서 매일 행복합니다 1,동거하는 검성 여스승이 너무 귀여워서 매일 행복합니다,1,,,R_링고,길찾기,2026-06,7200,10.0,2245,925,2026-09-08T10:18:31+09:00
352893624,강철의 연금술사 박스세트 1,강철의 연금술사 박스세트,1,,- 일반판 1~9권 + 1~9권 PVC 카드,아라카와 히로무,학산문화사(만화),2024-11,48600,10.0,2752,926,2026-09-08T10:18:31+09:00
301570726,나루토 Naruto 43,나루토 Naruto,43,,,키시모토 마사시,대원씨아이(만화),2008-12,5400,10.0,2246,927,2026-09-08T10:18:31+09:00
323998705,먼작귀 4,먼작귀,4,,- 먼가 작고 귀여운 녀석,나가노,미우(대원씨아이),2023-09,10800,9.8,2209,928,2026-09-08T10:18:31+09:00
391724707,명탐정 코난 로맨틱 러버스 셀렉션,명탐정 코난 로맨틱 러버스 셀렉션,,,,아오야마 고쇼,서울미디어코믹스(서울문화사),2026-04,10800,10.0,2207,929,2026-09-08T10:18:31+09:00
368527098,사랑의 유령,사랑의 유령,,,- 솔트 코믹스,호토나카,YNK MEDIA(만화),2025-07,5400,6.0,2177,930,2026-09-08T10:18:31+09:00
393803230,J⇔M 제이엠 6,J⇔M 제이엠,6,,,오타케 마사오,대원씨아이(만화),2026-05,6300,10.0,2195,931,2026-09-08T10:18:31+09:00
374484302,서유요원전 서역편 : 화염산의 장 1,서유요원전 서역편 : 화염산의 장,1,,,모로호시 다이지로,문학동네,2025-10,9900,9.8,2148,932,2026-09-08T10:18:31+09:00
390999113,타마의 포상 7,타마의 포상,7,,,호시야 카오리,대원씨아이(만화),2026-04,4500,9.4,2441,933,2026-09-08T10:18:31+09:00
400225603,고교 시절에 거만했던 여왕님과의 동거 생활은 의외로 나쁘지 않다 1,고교 시절에 거만했던 여왕님과의 동거 생활은 의외로 나쁘지 않다,1,,- S Novel,미소네타 도자에몽,㈜소미미디어,2026-08,7650,,2210,934,2026-09-08T10:18:31+09:00
396766426,마왕성에서 잘 자요 31,마왕성에서 잘 자요,31,,,쿠마노마타 카기지,대원씨아이(만화),2026-06,5220,9.1,2100,935,2026-09-08T10:18:31+09:00
380346759,더블크로스 The 3rd Edition 상급 룰북,더블크로스 The 3rd Edition 상급 룰북,,,,F.E.A.R,데이즈엔터(주),2025-12,31500,,2168,936,2026-09-08T10:18:31+09:00
389001364,디그 잇 1,디그 잇,1,,,Yoshidamaru,학산문화사(만화),2026-04,6300,8.0,2015,937,2026-09-08T10:18:31+09:00
352761529,일본삼국 2,일본삼국,2,,,마쓰키 잇카,재담,2024-11,6750,10.0,2078,938,2026-09-08T10:18:31+09:00
399050537,리코리스 리코일 4 (더블 특전판),리코리스 리코일,4,더블 특전판,- 초판 특전 : 포토카드 2종,비젠 야스노리,YNK MEDIA(만화),2026-07,5400,10.0,1910,939,2026-09-08T10:18:31+09:00
394169803,버저 비터 신장판 2,버저 비터 신장판,2,,,이노우에 타케히코,대원씨아이(만화),2026-05,21600,9.3,1945,940,2026-09-08T10:18:31+09:00
298666790,아인 17,아인,17,,- 완결,사쿠라이 가몬,학산문화사(만화),2021-09,5400,10.0,1944,941,2026-09-08T10:18:31+09:00
360344081,얼음 성벽 9,얼음 성벽,9,,,아가사와 코챠,학산문화사(만화),2025-03,9000,10.0,1907,942,2026-09-08T10:18:31+09:00
234054568,마도정병의 슬레이브 2,마도정병의 슬레이브,2,,,타케무라 요헤이,대원씨아이(만화),2020-02,4950,8.2,1774,943,2026-09-08T10:18:31+09:00
331618813,먼작귀 1 (그림책 포함 특별판),먼작귀,1,그림책 포함 특별판,- 먼가 작고 귀여운 녀석,나가노,미우(대원씨아이),2022-06,17820,,1841,944,2026-09-08T10:18:31+09:00
319996599,명탐정 코난 2,명탐정 코난,2,,,아오야마 고쇼,서울미디어코믹스(서울문화사),2020-08,5400,10.0,1795,945,2026-09-08T10:18:31+09:00
397222553,데포르메 세계 그리는 법,데포르메 세계 그리는 법,,,,시마리스 유키치,잉크잼(잼스푼),2026-07,19800,,1850,946,2026-09-08T10:18:31+09:00
313255057,명탐정 코난 1,명탐정 코난,1,,,아오야마 고쇼,서울미디어코믹스(서울문화사),2020-08,5400,10.0,1745,947,2026-09-08T10:18:31+09:00
398326479,샨티 1,샨티,1,,"- S코믹스, 초판 한정 PET 일러스트 카드 2종",스가 쿄스케,㈜소미미디어,2026-07,6300,10.0,1700,948,2026-09-08T10:18:31+09:00
364587521,얼음 성벽 10,얼음 성벽,10,,,아가사와 코챠,학산문화사(만화),2025-05,9000,10.0,1793,949,2026-09-08T10:18:31+09:00
392518369,켄투리아 5,켄투리아,5,,,쿠라모리 토오루,학산문화사(만화),2026-05,5400,10.0,1825,950,2026-09-08T10:18:31+09:00
382235722,긴키 지방의 어느 장소에 대하여 2,긴키 지방의 어느 장소에 대하여,2,,,우스이 츠카사,오팬스코믹,2025-12,7650,9.4,1755,951,2026-09-08T10:18:31+09:00
358525681,얼음 성벽 8,얼음 성벽,8,,,아가사와 코챠,학산문화사(만화),2025-02,9000,10.0,1718,952,2026-09-08T10:18:31+09:00
400001284,와카코와 술 25,와카코와 술,25,,,신큐 치에,AK(에이케이)커뮤니케이션즈,2026-08,7200,,1650,953,2026-09-08T10:18:31+09:00
396564373,사장과 술과 별 1,사장과 술과 별,1,,,즈리 키시,대원씨아이(만화),2026-06,5850,,1605,954,2026-09-08T10:18:31+09:00
296275956,네가 죽을 때까지 사랑하고 싶어 2,네가 죽을 때까지 사랑하고 싶어,2,,,나치 아오노,학산문화사(만화),2021-02,5400,,1715,955,2026-09-08T10:18:31+09:00
298203573,나루토 Naruto 45,나루토 Naruto,45,,,키시모토 마사시,대원씨아이(만화),2009-06,4950,,1569,956,2026-09-08T10:18:31+09:00
390658499,외톨이에는 익숙하니까요. 약혼자 방치 중! 3,외톨이에는 익숙하니까요. 약혼자 방치 중!,3,,,하레타 준,대원씨아이(만화),2026-04,6750,9.9,1801,957,2026-09-08T10:18:31+09:00
399782211,평화로운 나라의 시마자키에게 11,평화로운 나라의 시마자키에게,11,,,세시모 타케시,학산문화사(만화),2026-08,5400,10.0,1580,958,2026-09-08T10:18:31+09:00
390588755,통제구역관리부 2,통제구역관리부,2,,,탄광,다산코믹스,2026-04,18900,,1650,959,2026-09-08T10:18:31+09:00
330130887,너의 밤에 닿는다,너의 밤에 닿는다,,,,모리 모요리,인디고,2023-12,5850,10.0,1582,960,2026-09-08T10:18:31+09:00
398360386,뷰티풀 군바리 12,뷰티풀 군바리,12,,- 초판 한정 포토카드 2종,설이,길찾기,2026-07,17820,,1675,961,2026-09-08T10:18:31+09:00
399056425,다크 개더링 3,다크 개더링,3,,- 픽시하우스 / 초판 한정 : 띠지+일러스트 카드,콘도 켄이치,코믹레인,2026-08,6300,,1600,962,2026-09-08T10:18:31+09:00
279639009,일하는 세포 6,일하는 세포,6,,- 완결,시미즈 아카네,학산문화사(만화),2021-09,4500,9.1,1494,963,2026-09-08T10:18:31+09:00
399056069,다크 개더링 2,다크 개더링,2,,- 픽시하우스 /초판 한정: 띠지 + 일러스트 카드,콘도 켄이치,코믹레인,2026-08,6300,,1590,964,2026-09-08T10:18:31+09:00
300075941,나루토 Naruto 51,나루토 Naruto,51,,,키시모토 마사시,대원씨아이(만화),2010-09,4950,,1421,965,2026-09-08T10:18:31+09:00
375536744,풀 나이트 3,풀 나이트,3,,- S코믹스,야스다 카스미,㈜소미미디어,2025-11,5400,10.0,1425,966,2026-09-08T10:18:31+09:00
392910813,루루의 망령 저택 1,루루의 망령 저택,1,,,타지마 이쿠노,학산문화사(만화),2026-05,6300,10.0,1415,967,2026-09-08T10:18:31+09:00
368364377,외톨이에는 익숙하니까요. 약혼자 방치 중! 2,외톨이에는 익숙하니까요. 약혼자 방치 중!,2,,,하레타 준,대원씨아이(만화),2025-07,6750,9.8,1597,968,2026-09-08T10:18:31+09:00
376973639,삼국지를 한번도 안 읽어 볼 수는 없잖아,삼국지를 한번도 안 읽어 볼 수는 없잖아,,,- 열 번은 읽은 듯한 빠삭함!,Team. StoryG,oldstairs(올드스테어즈),2025-11,18000,10.0,1428,969,2026-09-08T10:18:31+09:00
334713408,오리들,오리들,,,"- 돈과 기름의 땅, 오일샌드에서 보낸 2년",케이트 비턴,김영사,2024-03,26820,9.2,1332,970,2026-09-08T10:18:31+09:00
396563330,노이지 룸메이트 6,노이지 룸메이트,6,,,오자키 카호,대원씨아이(만화),2026-06,5400,10.0,1275,971,2026-09-08T10:18:31+09:00
400586316,커들 2,커들,2,,- 수인 오메가버스,하스미 하나,학산문화사(만화),2026-08,6300,,1270,972,2026-09-08T10:18:31+09:00
395514613,마법소녀 단델라이온 2,마법소녀 단델라이온,2,,"- SL Comic / 초판 한정 특전 띠지, 일러스트 카드 2종",미즈호 카에루,디앤씨미디어(주)(D&C미디어),2026-06,6300,,1255,973,2026-09-08T10:18:31+09:00
341991722,블리치 리믹스 4,블리치 리믹스,4,,,쿠보 타이토,서울미디어코믹스(서울문화사),2024-06,10800,10.0,1281,974,2026-09-08T10:18:31+09:00
400856505,아오아시 16,아오아시,16,,,코바야시 유고,대원씨아이(만화),2026-08,5850,,1150,975,2026-09-08T10:18:31+09:00
400224650,남녀비 1:5 세계에서도 평범하게 살 수 있을 줄 알았어? 1,남녀비 1:5 세계에서도 평범하게 살 수 있을 줄 알았어?,1,,- S코믹스,모모키 우이,㈜소미미디어,2026-08,6300,,1570,976,2026-09-08T10:18:31+09:00
400006895,내가 죽을 뿐인 100가지 괴담 2,내가 죽을 뿐인 100가지 괴담,2,,"- 노엔 코믹스 / 초판한정 특별부록 : 일러스트 카드, 띠지",마토노 안지,데이즈엔터(주),2026-08,7200,10.0,1115,977,2026-09-08T10:18:31+09:00
393822897,취미가 돈이 되는 인스타툰,취미가 돈이 되는 인스타툰,,,"- 인스타그램에서 연재하는 웹툰, 브랜딩부터 수익화까지 다 되는 인스타툰 작가 데뷔 성공 공식 with 프로크리에이트 [캐릭터 디자인 포즈, 표정 템플릿 제공]",뇽(이건용),시프트,2026-06,19800,10.0,1350,978,2026-09-08T10:18:31+09:00
337798928,새디스틱 뷰티 : 외전 A,새디스틱 뷰티 : 외전 A,,,,우연희,봄툰,2024-01,16200,10.0,1656,979,2026-09-08T10:18:31+09:00
399292665,싫은 채로 있게 해줘 : 매니저와 오토하,싫은 채로 있게 해줘 : 매니저와 오토하,,,- 뉴 루비코믹스 3164,히지키,현대지능개발사,2026-07,5850,,1110,980,2026-09-08T10:18:31+09:00
400307583,사악한 신의 도시락 가게 4,사악한 신의 도시락 가게,4,,,이시코,대원씨아이(만화),2026-08,6300,,1110,981,2026-09-08T10:18:31+09:00
393237131,왕국 이야기 6,왕국 이야기,6,,,나카무라 아스미코,미우(대원씨아이),2026-05,8100,9.5,1265,982,2026-09-08T10:18:31+09:00
400543500,"아리스, 우주까지도 4","아리스, 우주까지도",4,,,우리노 키코,대원씨아이(만화),2026-08,6300,,870,983,2026-09-08T10:18:31+09:00
399782235,최애에게 러브 바이트 8,최애에게 러브 바이트,8,,,스즈키 줄리에타,학산문화사(만화),2026-08,5400,,1020,984,2026-09-08T10:18:31+09:00
400585962,특별한 도라에몽 : 언제나 마음속에 친구 편 9,특별한 도라에몽 : 언제나 마음속에 친구 편,9,,,후지코 F. 후지오,대원씨아이(만화),2026-08,8100,,950,985,2026-09-08T10:18:31+09:00
398729196,우리들의 식탁 -한 그릇 더- 2,우리들의 식탁 -한 그릇 더-,2,,- B愛 338,미타 오리,대원씨아이(만화),2026-07,6300,,815,986,2026-09-08T10:18:31+09:00
399317706,장송의 프리렌 7,장송의 프리렌,7,,,야마다 카네히토,학산문화사(만화),2022-07,6300,,925,987,2026-09-08T10:18:31+09:00
400856407,탱크체어 TANK CHAIR 4,탱크체어 TANK CHAIR,4,,,야시로 마나부,대원씨아이(만화),2026-08,6300,,760,988,2026-09-08T10:18:31+09:00
400307391,꿀과 극약 2,꿀과 극약,2,,,사쿠라노코우지 카노코,대원씨아이(만화),2026-08,5400,,860,989,2026-09-08T10:18:31+09:00
400585960,특별한 도라에몽 : 쿵짜라♪ 울려퍼지는 음악 편 8,특별한 도라에몽 : 쿵짜라♪ 울려퍼지는 음악 편,8,,,후지코 F. 후지오,대원씨아이(만화),2026-08,8100,,890,990,2026-09-08T10:18:31+09:00
399784461,별정직 공무원 5,별정직 공무원,5,,,서재원,학산문화사(만화),2026-08,15120,,1030,991,2026-09-08T10:18:31+09:00
400585852,택배기사 형이랑 잘 될 수 있을까?,택배기사 형이랑 잘 될 수 있을까?,,,- B愛+750,노다 논다,대원씨아이(만화),2026-08,6300,,780,992,2026-09-08T10:18:31+09:00
400585822,W 줄리엣 2부 16,W 줄리엣 2부,16,,,에무라,대원씨아이(만화),2026-08,3780,,860,993,2026-09-08T10:18:31+09:00
398811048,모험왕 비트 19,모험왕 비트,19,,- 지고의 힘!,산조 리쿠,대원씨아이(만화),2026-07,5400,8.0,740,994,2026-09-08T10:18:31+09:00
337650883,스파이더버스 BOOK 2,스파이더버스 BOOK,2,,- 완결,크리스토스 게이지,시공사(만화),2024-05,39600,10.0,722,995,2026-09-08T10:18:31+09:00
362414300,반딧불이의 혼례 6,반딧불이의 혼례,6,,,타치바나 오레코,서울미디어코믹스(서울문화사),2025-03,7650,,660,996,2026-09-08T10:18:31+09:00
339953785,못 미더운 악녀입니다만 : ~추궁접서 교체전~ 6,못 미더운 악녀입니다만 : ~추궁접서 교체전~,6,,,EI Ohitsuji,서울미디어코믹스(서울문화사),2024-05,6300,9.5,695,997,2026-09-08T10:18:31+09:00
400307469,당신은 세상의 중심이에요 2,당신은 세상의 중심이에요,2,,,킨다이치 렌쥬로,대원씨아이(만화),2026-08,5400,,760,998,2026-09-08T10:18:31+09:00
400567543,취사병 전설이 되다 18,취사병 전설이 되다,18,,,제이로빈,지식오름,2026-08,13500,,610,999,2026-09-08T10:18:31+09:00
399522660,렛츠고 괴기조 4,렛츠고 괴기조,4,,,View,㈜에스엠지크리에이티브(고은문화사),2026-07,5850,9.8,675,1000,2026-09-08T10:18:31+09:00
