item_id,title,series_name,vol_no,edition_type,special_benefits,author,publisher,release_date,price,rating,sales_point,rank,collected_at
400315663,스파이 패밀리 17,스파이 패밀리,17,,,엔도 타츠야,학산문화사(만화),2026-08,5400,10.0,32050,1,2026-08-31T14:09:42+09:00
400917256,마남 이치 6 (트리플 특전판),마남 이치,6,트리플 특전판,- 아크릴 일러스트 카드 2종 + 홀로그램 일러스트 카드,유사자키 시로,서울미디어코믹스(서울문화사),2026-08,6300,10.0,15710,2,2026-08-31T14:09:42+09:00
400930743,아멜리아의 호기심 많은 로맨스 3,아멜리아의 호기심 많은 로맨스,3,,"- 루나 코믹스, 초판 한정 투명 pet 포토카드 1종, 양면 일러스트 카드 1종, PET 사원증 1종",코하쿠 요루,㈜소미미디어,2026-09,6300,,13100,3,2026-08-31T14:09:42+09:00
400652795,스킵과 로퍼 12,스킵과 로퍼,12,,- 시프트코믹스,타카마츠 미사키,YNK MEDIA(만화),2026-08,5400,10.0,28280,4,2026-08-31T14:09:42+09:00
400365190,사카모토 데이즈 27 (더블 특전판),사카모토 데이즈,27,더블 특전판,"- 자긍심, 초판 한정 띠지 + 일러스트 포스트 카드 + 일러스트 레이어 카드",스즈키 유우토,대원씨아이(만화),2026-08,5850,10.0,31790,5,2026-08-31T14:09:42+09:00
400710266,야마다 군과 Lv999의 사랑을 하다 8,야마다 군과 Lv999의 사랑을 하다,8,,"- 초판 한정 특전 : 띠지, 일러스트 카드, 폴라로이드 카드",마시로,디앤씨미디어(주)(D&C미디어),2026-09,7200,10.0,17780,6,2026-08-31T14:09:42+09:00
400587114,봇치·더·록! 외전 히로이 키쿠리의 과음일기 6,봇치·더·록! 외전 히로이 키쿠리의 과음일기,6,,- 띠지 + 초판한정 일러스트 포토 카드 1종,쿠미쵸,대원씨아이(만화),2026-08,8100,,32280,7,2026-08-31T14:09:42+09:00
400710167,야마다 군과 Lv999의 사랑을 하다 8 (특별판),야마다 군과 Lv999의 사랑을 하다,8,특별판,"- 특별판 한정 특전 : 일반판 초판 특전, 틴케이스, 특별판 한정 엽서 4종 세트, 키캡 키링",마시로,디앤씨미디어(주)(D&C미디어),2026-09,23400,10.0,18240,8,2026-08-31T14:09:42+09:00
400909479,킹덤 Kingdom 78,킹덤 Kingdom,78,,,하라 야스히사,대원씨아이(만화),2026-08,5400,,7620,9,2026-08-31T14:09:42+09:00
400246381,황천의 츠가이 12 (더블특전판),황천의 츠가이,12,더블특전판,- 초판한정 : 일러스트 포스트카드 1종 + 일러스트 pp카드 1종,아라카와 히로무,대원씨아이(만화),2026-08,5850,10.0,15330,10,2026-08-31T14:09:42+09:00
399974125,타몬 군 지금 어느 쪽?! 13 (한정판),타몬 군 지금 어느 쪽?!,13,한정판,- 후쿠하라 타몬 2nd 사진집 + 후쿠하라 타몬 사인 포토카드 + 일러스트 카드,시와스 유키,학산문화사(만화),2026-08,12600,10.0,20520,11,2026-08-31T14:09:42+09:00
399539936,명탐정 코난 108,명탐정 코난,108,,,아오야마 고쇼,서울미디어코믹스(서울문화사),2026-07,5400,9.7,24335,12,2026-08-31T14:09:42+09:00
397412056,책이라면 팔 만큼 1,책이라면 팔 만큼,1,,,코지마 아오,미우(대원씨아이),2026-07,11700,9.6,22990,13,2026-08-31T14:09:42+09:00
400707875,언니의 미도리 군 9,언니의 미도리 군,9,,,메구로 아무,대원씨아이(만화),2026-08,4950,,6310,14,2026-08-31T14:09:42+09:00
400586243,단다단 21,단다단,21,,,타츠 유키노부,대원씨아이(만화),2026-08,5400,10.0,10770,15,2026-08-31T14:09:42+09:00
391764120,포켓몬 생태도감,포켓몬 생태도감,,,,주식회사 포켓몬,대원씨아이(단행본),2026-04,13500,10.0,75572,16,2026-08-31T14:09:42+09:00
400547759,모모세 아키라의 첫사랑 파탄 중 6 (트리플 특전판),모모세 아키라의 첫사랑 파탄 중,6,트리플 특전판,- 스페셜 아크릴 일러스트 카드 1종 + 양면 일러스트 카드 2종,하레카와 신타,서울미디어코믹스(서울문화사),2026-08,6750,10.0,13870,17,2026-08-31T14:09:42+09:00
400856630,나나 NANA 완전판 12,나나 NANA 완전판,12,,"- 초판 한정 PP엽서 1종, 포토카드 1종",야자와 아이,학산문화사(만화),2026-08,10800,,5120,18,2026-08-31T14:09:42+09:00
401063905,블리치 리믹스 17,블리치 리믹스,17,,,쿠보 타이토,서울미디어코믹스(서울문화사),2026-08,10800,,7750,19,2026-08-31T14:09:42+09:00
400315752,디그 잇 3 (더블특전판),디그 잇,3,더블특전판,- 수량 한정 더블 특전 : 비주얼 보드 + 스포츠 선수 카드,Yoshidamaru,학산문화사(만화),2026-08,6300,,17610,20,2026-08-31T14:09:42+09:00
400713407,이세계 삼촌 14,이세계 삼촌,14,,"- 픽시하우스, 초판한정 특별부록 : 일러스트 카드 + 띠지",호톤도신데이루,데이즈엔터(주),2026-09,7200,,6440,21,2026-08-31T14:09:42+09:00
399973794,봄의 폭풍과 몬스터 9,봄의 폭풍과 몬스터,9,,,미츠바치 미유키,학산문화사(만화),2026-08,6300,10.0,15140,22,2026-08-31T14:09:42+09:00
400736391,엄마가 도망갔다,엄마가 도망갔다,,,,소복이,나무의말,2026-09,17820,,7240,23,2026-08-31T14:09:42+09:00
400909443,창천항로 애장판 4,창천항로 애장판,4,,,킹곤타,대원씨아이(만화),2026-08,16200,,4210,24,2026-08-31T14:09:42+09:00
400708725,3월의 벽력 2,3월의 벽력,2,,,이케 준코,대원씨아이(만화),2026-08,5400,,7020,25,2026-08-31T14:09:42+09:00
400977703,나의 첫 섹파 2,나의 첫 섹파,2,,,유리카와,재담,2026-08,6300,,4530,26,2026-08-31T14:09:42+09:00
399975177,GACHIAKUTA 18,GACHIAKUTA,18,,,케이 우라나,학산문화사(만화),2026-08,6300,,8810,27,2026-08-31T14:09:42+09:00
400980916,꿈인지 생시인지 4,꿈인지 생시인지,4,,,사키사카 이오,대원씨아이(만화),2026-08,5850,,4110,28,2026-08-31T14:09:42+09:00
400544318,마법소녀를 동경해서 7 (더블특전판),마법소녀를 동경해서,7,더블특전판,- 띠지 + 초판한정 일러스트 카드 1종 + 더블특전 SD 스티커,오노나카 아키히로,대원씨아이(만화),2026-08,6750,,11030,29,2026-08-31T14:09:42+09:00
395946461,원피스 114,원피스,114,,- 초판한정 띠지 + 일러스트 카드 1종,오다 에이치로,대원씨아이(만화),2026-06,5850,10.0,43875,30,2026-08-31T14:09:42+09:00
399974955,GACHIAKUTA 18 (한정판),GACHIAKUTA,18,한정판,"- 아크릴 디오라마 + 빅스티커 SET(5매) + 스페셜 비주얼 보드, 포토카드SET(4매) + 일러스트 카드(일반판 부록과 동일) + 아웃박스",케이 우라나,학산문화사(만화),2026-08,39600,,11020,31,2026-08-31T14:09:42+09:00
400714329,패배 히로인이 너무 많아! 8.5,패배 히로인이 너무 많아! 8.5,,,"- Novel Engine, 초판한정 특별부록 : 띠지 + 일러스트 카드",아마모리 타키비,데이즈엔터(주),2026-09,7200,,8910,32,2026-08-31T14:09:42+09:00
398738362,헬싱 한정판 1~5 세트 - 전5권,헬싱 한정판 1~5 세트 - 전5권,,,,히라노 코우타,AK(에이케이)커뮤니케이션즈,2026-08,67500,9.9,16565,33,2026-08-31T14:09:42+09:00
401047773,야화첩 8,야화첩,8,,"- 초판 한정: 띠지, 포토카드 1종, PET 책갈피 1종",변덕,레진코믹스(레진엔터테인먼트),2026-08,14400,,3610,34,2026-08-31T14:09:42+09:00
400544538,비실비실 선생님 16,비실비실 선생님,16,,- 띠지 + 초판한정 일러스트 폴라로이드 카드 1종,후쿠치 카미오,대원씨아이(만화),2026-08,5850,10.0,11220,35,2026-08-31T14:09:42+09:00
401009364,소드 아트 온라인 29,소드 아트 온라인,29,,- J Novel,카와하라 레키,서울문화사,2026-08,7200,,5060,36,2026-08-31T14:09:42+09:00
400594188,노아 선배는 친구 10,노아 선배는 친구,10,,,아키야마 엔마,서울미디어코믹스(서울문화사),2026-08,5850,,6790,37,2026-08-31T14:09:42+09:00
401049295,야화첩 9,야화첩,9,,"- 초판 한정: 띠지, 포토카드 2종",변덕,레진코믹스(레진엔터테인먼트),2026-08,14400,,3400,38,2026-08-31T14:09:42+09:00
395510885,슈퍼 뒤에서 담배 피우는 두 사람 8,슈퍼 뒤에서 담배 피우는 두 사람,8,,- SL Comic,지누시,디앤씨미디어(주)(D&C미디어),2026-06,6300,9.9,12605,39,2026-08-31T14:09:42+09:00
396103290,패밀리 레스토랑 가자. 下,패밀리 레스토랑 가자. 下,,,- 완결,와야마 야마,문학동네,2026-06,7650,9.8,62045,40,2026-08-31T14:09:42+09:00
400707954,블루 자이언트 모멘텀 7,블루 자이언트 모멘텀,7,,,이시즈카 신이치,대원씨아이(만화),2026-08,5850,,4190,41,2026-08-31T14:09:42+09:00
399925336,팬텀 버스터즈 7,팬텀 버스터즈,7,,- S코믹스,네오쇼코,㈜소미미디어,2026-08,5850,10.0,17330,42,2026-08-31T14:09:42+09:00
400930547,Myther 3,Myther,3,,- S코믹스,야츠다 테키,㈜소미미디어,2026-09,7200,,3050,43,2026-08-31T14:09:42+09:00
400980854,현시연 신장판 1,현시연 신장판,1,,,키오 시모쿠,대원씨아이(만화),2026-08,13500,10.0,3120,44,2026-08-31T14:09:42+09:00
400545480,전지적 독자 시점 20,전지적 독자 시점,20,,- 초판 한정 캐릭터 카드 1종 + 특전 엽서 1종,슬리피-C,에이템포미디어,2026-08,14850,,8480,45,2026-08-31T14:09:42+09:00
400707805,담배 고양이 6,담배 고양이,6,,,냥냥 팩토리,대원씨아이(만화),2026-08,5400,,4010,46,2026-08-31T14:09:42+09:00
400328644,요리 군과 다시 만날 수는 없어! 2,요리 군과 다시 만날 수는 없어!,2,,"- 초판 한정 특전 : 일러스트 카드, 접이식 아크릴 스탠드",Sumio Hataya,서울미디어코믹스(서울문화사),2026-08,5850,,9520,47,2026-08-31T14:09:42+09:00
400594291,유치원WARS 17,유치원WARS,17,,"- 초판특전: 아크릴 일러스트 카드, 더그 일러스트 카드",You Chiba,서울미디어코믹스(서울문화사),2026-08,5400,10.0,5950,48,2026-08-31T14:09:42+09:00
400365247,이거 그리고 죽어 8,이거 그리고 죽어,8,,- 초판 한정 : 띠지 + 일러스트 엽서 1종,토요다 미노루,대원씨아이(만화),2026-08,5400,10.0,4800,49,2026-08-31T14:09:42+09:00
399583956,명탐정 코난 108 (특장판),명탐정 코난,108,특장판,- 극장판 [하이웨이의 타천사] 티저 일러스트 아크릴 스탠드 + 어나더 커버 + 트레이딩 그래픽 컬렉션 카드 8종 중 랜덤 4종,아오야마 고쇼,서울미디어코믹스(서울문화사),2026-07,19800,10.0,17900,50,2026-08-31T14:09:42+09:00
395945176,나츠메 우인장 32,나츠메 우인장,32,,,미도리카와 유키,학산문화사(만화),2026-06,5400,8.2,13440,51,2026-08-31T14:09:42+09:00
400647778,이토준지 자선 걸작집 Dark Colors,이토준지 자선 걸작집 Dark Colors,,,,이토 준지,미우(대원씨아이),2026-08,17100,5.0,5470,52,2026-08-31T14:09:42+09:00
401063751,요괴소년 호야 완전판 4,요괴소년 호야 완전판,4,,,후지타 카즈히로,서울미디어코믹스(서울문화사),2026-08,14400,,3010,53,2026-08-31T14:09:42+09:00
398419129,황천의 츠가이 11 (더블특전판),황천의 츠가이,11,더블특전판,,아라카와 히로무,대원씨아이(만화),2026-07,5850,9.8,11070,54,2026-08-31T14:09:42+09:00
399973871,옆자리 녀석이 그런 눈으로 쳐다본다 4 (더블특전판),옆자리 녀석이 그런 눈으로 쳐다본다,4,더블특전판,- 수량 한정 더블 특전 : 폴라로이드 에구치 ANGEL Ver + 이케자와 DEVIL Ver,mmk,학산문화사(만화),2026-08,6300,,9780,55,2026-08-31T14:09:42+09:00
396653507,마루는 강쥐 9,마루는 강쥐,9,,- 초판 한정 작가 친필 사인 인쇄본 + 초판 한정 표지 일러스트 엽서,모죠,문페이스,2026-08,14400,,6555,56,2026-08-31T14:09:42+09:00
400707957,여우 우리군 1 (특장판),여우 우리군,1,특장판,"- B愛 341, 일러스트 카드 5종(초회 한정 일러스트 카드 1종 포함) + 클리어 스탠드 + 스티커 + 폴라로이드형 포토카드 + 어나더 커버 + 별도 박스 포장",네아,대원씨아이(만화),2026-08,16200,10.0,3070,57,2026-08-31T14:09:42+09:00
400662227,첫사랑은 나의 오빠 2,첫사랑은 나의 오빠,2,,,카스미 유코,서울미디어코믹스(서울문화사),2026-08,5850,,4120,58,2026-08-31T14:09:42+09:00
400878309,온통 여우 1,온통 여우,1,,- 초판 한정 특전 : 일러스트 카드 2종,Ayami Morinaga,서울미디어코믹스(서울문화사),2026-08,6750,10.0,2350,59,2026-08-31T14:09:42+09:00
400652816,블루 피리어드 7 (더블 특전판),블루 피리어드,7,더블 특전판,"- 초판 한정 일러스트 카드 1종 + 박티켓 책갈피 1종, 시프트코믹스",야마구치 츠바사,YNK MEDIA(만화),2026-08,5400,,3850,60,2026-08-31T14:09:42+09:00
400856525,애프터 갓 10,애프터 갓,10,,,에노 스미,대원씨아이(만화),2026-08,5400,10.0,2270,61,2026-08-31T14:09:42+09:00
396141385,사카모토 데이즈 26 (더블 특전판),사카모토 데이즈,26,더블 특전판,- 원정 / 띠지 + 일러스트 포스트 카드 + 사카모토 상점 양면 어나더커버,스즈키 유우토,대원씨아이(만화),2026-06,5850,9.2,23315,62,2026-08-31T14:09:42+09:00
399974190,타몬 군 지금 어느 쪽?! 13,타몬 군 지금 어느 쪽?!,13,,- 수량 한정 특전 : 일러스트 카드,시와스 유키,학산문화사(만화),2026-08,6300,10.0,5780,63,2026-08-31T14:09:42+09:00
400647677,아이돌라트리 1,아이돌라트리,1,,- 초판 한정 띠지 + 일러스트 pet 카드 1종,호마레,대원씨아이(만화),2026-08,6300,,3390,64,2026-08-31T14:09:42+09:00
400653146,세금으로 산 책 3,세금으로 산 책,3,,- 시프트코믹스,케이야마 케이,YNK MEDIA(만화),2026-08,5850,,2980,65,2026-08-31T14:09:42+09:00
400910174,이력서 3,이력서,3,,,유월,블루픽,2026-08,14220,10.0,2570,66,2026-08-31T14:09:42+09:00
400647796,이토준지 자선 걸작집 왜곡,이토준지 자선 걸작집 왜곡,,,,이토 준지,미우(대원씨아이),2026-08,14400,6.0,4210,67,2026-08-31T14:09:42+09:00
399782162,흑집사 35,흑집사,35,,,토보소 야나,학산문화사(만화),2026-08,5400,,9100,68,2026-08-31T14:09:42+09:00
394695719,옆자리 녀석이 그런 눈으로 쳐다본다 3 (더블특전판),옆자리 녀석이 그런 눈으로 쳐다본다,3,더블특전판,- 수량 한정 더블 특전: 포토카드 + 증명사진,mmk,학산문화사(만화),2026-06,6300,9.0,7125,69,2026-08-31T14:09:42+09:00
400653323,세금으로 산 책 4,세금으로 산 책,4,,- 시프트코믹스,케이야마 케이,YNK MEDIA(만화),2026-08,5850,,2730,70,2026-08-31T14:09:42+09:00
398309482,요리 군과 다시 만날 수는 없어! 1,요리 군과 다시 만날 수는 없어!,1,,"- 초판 한정 특전 : 양면 일러스트 카드, 접이식 아크릴 스탠드",Sumio Hataya,서울미디어코믹스(서울문화사),2026-07,5850,,10185,71,2026-08-31T14:09:42+09:00
400668931,커다란 네가 제일 귀여워 (한정판),커다란 네가 제일 귀여워,,한정판,"- 일러스트 메모패드, 작가님 사인 포토카드 2종, 빅 클리어 카드 2종, 일러스트 카드, 라르고 맥스 Largo Max",유키하루,조은세상(북두),2026-08,9900,10.0,2810,72,2026-08-31T14:09:42+09:00
400856659,눈이 나려 꽃 26,눈이 나려 꽃,26,,,임해연,학산문화사(만화),2026-08,7200,,1840,73,2026-08-31T14:09:42+09:00
400878045,온통 여우 1 (한정판),온통 여우,1,한정판,- 구성: 단행본(초판 특전 포함) + 커스텀 아크릴 키링 + 홀로그램 아크릴 일러스트 카드 + 판 스티커,Ayami Morinaga,서울미디어코믹스(서울문화사),2026-08,22500,10.0,1770,74,2026-08-31T14:09:42+09:00
401041191,너를 잊을 사랑이 하고 싶어 7,너를 잊을 사랑이 하고 싶어,7,,,유우키 하루,대원씨아이(만화),2026-08,5850,,1990,75,2026-08-31T14:09:42+09:00
400856516,아오아시 17,아오아시,17,,,코바야시 유고,대원씨아이(만화),2026-08,5850,,1720,76,2026-08-31T14:09:42+09:00
396452830,원펀맨 One Punch Man 35,원펀맨 One Punch Man,35,,- 만나서는 안 될 녀석,ONE,대원씨아이(만화),2026-06,5400,9.5,16305,77,2026-08-31T14:09:42+09:00
400543400,그랑블루 26,그랑블루,26,,,요시오카 키미타게,대원씨아이(만화),2026-08,4950,,3240,78,2026-08-31T14:09:42+09:00
401041190,참을 수 없는 건 사랑인 걸까 6,참을 수 없는 건 사랑인 걸까,6,,,소라하나 미아,대원씨아이(만화),2026-08,5850,,1740,79,2026-08-31T14:09:42+09:00
396369059,향기로운 꽃은 늠름하게 핀다 21,향기로운 꽃은 늠름하게 핀다,21,,- 띠지 + 초판한정 일러스트 엽서 1종,미카미 사카,대원씨아이(만화),2026-06,6300,,13500,80,2026-08-31T14:09:42+09:00
395840340,마남 이치 5 (트리플 특전판),마남 이치,5,트리플 특전판,- 홀로그램 일러스트 카드 2종 + 캐릭터 일러스트 카드,유사자키 시로,서울미디어코믹스(서울문화사),2026-06,6300,9.5,12800,81,2026-08-31T14:09:42+09:00
375360802,44교시 생존수업 1~2 세트 - 전2권,44교시 생존수업 1~2 세트 - 전2권,,,,상C,네이버웹툰,2025-12,28800,10.0,2664,82,2026-08-31T14:09:42+09:00
401009459,유감스러운 사랑의 주인공들 1,유감스러운 사랑의 주인공들,1,,,아와이 키사키,서울미디어코믹스(서울문화사),2026-08,5850,,1620,83,2026-08-31T14:09:42+09:00
400856505,아오아시 16,아오아시,16,,,코바야시 유고,대원씨아이(만화),2026-08,5850,,1600,84,2026-08-31T14:09:42+09:00
236826464,소년과 두더지와 여우와 말,소년과 두더지와 여우와 말,,,,찰리 맥커시,상상의힘,2020-04,19800,9.5,60660,85,2026-08-31T14:09:42+09:00
398962987,주술회전 모듈로 1,주술회전 모듈로,1,,- 특급 사안 /초판 한정 캐릭터 일러스트 카드 3종 + 선착순 한정 포토카드 1종,Yuji Iwasaki,서울미디어코믹스(서울문화사),2026-07,6300,9.0,25805,86,2026-08-31T14:09:42+09:00
389928857,옆자리 녀석이 그런 눈으로 쳐다본다 2,옆자리 녀석이 그런 눈으로 쳐다본다,2,,,mmk,학산문화사(만화),2026-04,6300,10.0,6183,87,2026-08-31T14:09:42+09:00
400930515,뒤에 있는 카무이 씨 1,뒤에 있는 카무이 씨,1,,- S코믹스 Red,코노시로 신코,㈜소미미디어,2026-09,6300,,1720,88,2026-08-31T14:09:42+09:00
398736065,너와 장밋빛 매일 3 (트리플 특전판),너와 장밋빛 매일,3,트리플 특전판,- 초판 한정 트리플 특전: 아크릴 일러스트 카드 + 일러스트 카드 + 폴라로이드 카드,히로 치히로,서울미디어코믹스(서울문화사),2026-07,5400,10.0,24210,89,2026-08-31T14:09:42+09:00
399782210,운명의 사람을 만나는 이야기 8,운명의 사람을 만나는 이야기,8,,,아나신,학산문화사(만화),2026-08,5400,10.0,8060,90,2026-08-31T14:09:42+09:00
400585881,귀여운 건 나다 3,귀여운 건 나다,3,,,야스코,대원씨아이(만화),2026-08,6300,,2920,91,2026-08-31T14:09:42+09:00
400707990,여우 우리군 1,여우 우리군,1,,- B愛 341,네아,대원씨아이(만화),2026-08,6300,,2090,92,2026-08-31T14:09:42+09:00
400707775,곰과 토끼는 친구로 지낼 수 없다 2,곰과 토끼는 친구로 지낼 수 없다,2,,,이누요시 아키라,대원씨아이(만화),2026-08,6300,,1830,93,2026-08-31T14:09:42+09:00
388083662,슈퍼 뒤에서 담배 피우는 두 사람 7,슈퍼 뒤에서 담배 피우는 두 사람,7,,- SL Comic,지누시,디앤씨미디어(주)(D&C미디어),2026-03,5850,9.3,11826,94,2026-08-31T14:09:42+09:00
399580240,엄마를 만나러 가는 길 3,엄마를 만나러 가는 길,3,,- 초판 한정 부록: 포토카드 2장 + 작가님 친필사인 면지 인쇄본,고먕,네이버웹툰,2026-10,16020,,8170,95,2026-08-31T14:09:42+09:00
400708280,발화 2,발화,2,,- 초판1쇄 한정 포토카드 2종,영재영,레진코믹스(레진엔터테인먼트),2026-08,15300,10.0,2560,96,2026-08-31T14:09:42+09:00
400594114,못 미더운 악녀입니다만 : ~추궁접서 교체전~ 10,못 미더운 악녀입니다만 : ~추궁접서 교체전~,10,,,EI Ohitsuji,서울미디어코믹스(서울문화사),2026-08,6300,10.0,2330,97,2026-08-31T14:09:42+09:00
384420875,원피스 113,원피스,113,,- 로키탄생,오다 에이치로,대원씨아이(만화),2026-01,5850,9.9,25240,98,2026-08-31T14:09:42+09:00
395444608,장송의 프리렌 15,장송의 프리렌,15,,,야마다 카네히토,학산문화사(만화),2026-06,6300,9.7,15480,99,2026-08-31T14:09:42+09:00
369848536,슈퍼 뒤에서 담배 피우는 두 사람 6,슈퍼 뒤에서 담배 피우는 두 사람,6,,- SL Comic,지누시,디앤씨미디어(주)(D&C미디어),2025-08,5850,10.0,10496,100,2026-08-31T14:09:42+09:00
400225135,"내가 연인이 될 수 있을 리 없잖아, 무리무리! (※무리가 아니었다?!) 8","내가 연인이 될 수 있을 리 없잖아, 무리무리! (※무리가 아니었다?!)",8,,"- S Novel+ , 초판 한정 책갈피, 쇼트스토리 소책자",미카미 테렌,㈜소미미디어,2026-08,9450,10.0,6580,101,2026-08-31T14:09:42+09:00
400585742,아메와 우미 1,아메와 우미,1,,"- S코믹스, 초판 한정 양면 일러스트 카드 2종(도서 내 래핑)",야마카타 아츠카,㈜소미미디어,2026-08,6300,10.0,2680,102,2026-08-31T14:09:42+09:00
400922115,순정 갸루는 여친은 아니지만,순정 갸루는 여친은 아니지만,,,- S 블랙,미우라 미우,㈜소미미디어,2026-09,9000,,2140,103,2026-08-31T14:09:42+09:00
400921125,사망 엔딩에서 벗어난 미연시의 히로인들이 내 【일기장】을 읽고 비밀을 알아챈 듯하다 1,사망 엔딩에서 벗어난 미연시의 히로인들이 내 【일기장】을 읽고 비밀을 알아챈 듯하다,1,,- S Novel,addict,㈜소미미디어,2026-09,7650,,2130,104,2026-08-31T14:09:42+09:00
400594187,아마 그녀는 우리 형을 노리고 있을 거야 1,아마 그녀는 우리 형을 노리고 있을 거야,1,,"- 초판 특전 양면 일러스트카드, 양면 일러스트 코스터",이세 마루노,서울미디어코믹스(서울문화사),2026-08,6300,,2050,105,2026-08-31T14:09:42+09:00
400981192,엇갈리는 중앙감정선,엇갈리는 중앙감정선,,,- 시무라 타카코 단편집,시무라 타카코,문학동네,2026-08,9000,,1370,106,2026-08-31T14:09:42+09:00
399781349,윈드 브레이커 15~16 세트 - 전2권,윈드 브레이커 15~16 세트 - 전2권,,,"- 초판한정부록 : 일러스트카드 1종, 아코디언카드 1종",니이 사토루,리디(RIDI),2026-08,10800,10.0,8040,107,2026-08-31T14:09:42+09:00
400245347,버서스 6,버서스,6,,,아즈마 쿄타로,학산문화사(만화),2026-08,5400,,4310,108,2026-08-31T14:09:42+09:00
400229048,사토 씨의 친구,사토 씨의 친구,,,,마스다 미리,이봄,2026-08,13500,9.0,3830,109,2026-08-31T14:09:42+09:00
388016420,스파이 패밀리 16,스파이 패밀리,16,,,엔도 타츠야,학산문화사(만화),2026-03,5400,9.7,20870,110,2026-08-31T14:09:42+09:00
393769452,불가항력의 I LOVE YOU 8,불가항력의 I LOVE YOU,8,,- 초판특전 : 포토카드 3종 세트,호시노 미즈키,서울미디어코믹스(서울문화사),2026-05,5400,9.7,18115,111,2026-08-31T14:09:42+09:00
394124358,캐릭캐릭 체인지! Jewel Joker 주얼 조커 3,캐릭캐릭 체인지! Jewel Joker 주얼 조커,3,,- 초판 특전: 아르카나 학원 아크릴 일러스트 카드,PEACH-PIT,서울미디어코믹스(서울문화사),2026-05,5850,10.0,12615,112,2026-08-31T14:09:42+09:00
399580402,엄마를 만나러 가는 길 4,엄마를 만나러 가는 길,4,,- 초판 한정 부록: 포토카드 2장 + 작가님 친필사인 면지 인쇄본,고먕,네이버웹툰,2026-10,16020,,7470,113,2026-08-31T14:09:42+09:00
400247736,만화 인소의 법칙 9 (한정판),만화 인소의 법칙,9,한정판,- 구성: 단행본 + 은지호 PET 스탠드 + 우주인 학생증 + 신용카드 스티커 2종 + 엽서 4종 + 미니 표지 아크릴 키링,아현,디앤씨웹툰비즈,2026-08,25200,,3840,114,2026-08-31T14:09:42+09:00
400878569,오컬트 타임즈 1,오컬트 타임즈,1,,- 초판 한정 : 일러스트 카드 부록 2종,Idonchi,서울미디어코믹스(서울문화사),2026-08,6300,10.0,1230,115,2026-08-31T14:09:42+09:00
290886787,룩 백,룩 백,,,,후지모토 타츠키,학산문화사(만화),2022-03,5400,9.5,35172,116,2026-08-31T14:09:42+09:00
360200073,슈퍼 뒤에서 담배 피우는 두 사람 5,슈퍼 뒤에서 담배 피우는 두 사람,5,,- SL Comic,지누시,디앤씨미디어(주)(D&C미디어),2025-03,5850,9.4,11558,117,2026-08-31T14:09:42+09:00
392518608,봄의 폭풍과 몬스터 8,봄의 폭풍과 몬스터,8,,,미츠바치 미유키,학산문화사(만화),2026-05,5400,9.7,10885,118,2026-08-31T14:09:42+09:00
398728364,마법소녀를 동경해서 6 (더블특전판),마법소녀를 동경해서,6,더블특전판,- 초판한정 : 일러스트 카드 1종 + SD 스티커 1종,오노나카 아키히로,대원씨아이(만화),2026-07,6750,,8295,119,2026-08-31T14:09:42+09:00
400547001,작전명 순정 7~9 스페셜 세트 - 전3권,작전명 순정 7~9 스페셜 세트 - 전3권,,,"- 구성: 단행본 7~9권, 엽서집(양면엽서 16장), 프로필 세트(프로필 3종 + PET 포스터 2종 + 종이 홀더), 레이어 카드 2종, 아크릴 코롯토, 증명사진 팩, 도화 인터뷰집, 스페셜 패키지 박스, 초판한정 엽서",꼬까리,영진.com(영진닷컴),2026-08,79200,10.0,5570,120,2026-08-31T14:09:42+09:00
400707962,추방 당한 전생 중기사는 게임 지식으로 무쌍한다 12,추방 당한 전생 중기사는 게임 지식으로 무쌍한다,12,,,브로콜리,대원씨아이(만화),2026-08,5850,,1660,121,2026-08-31T14:09:42+09:00
399402787,얼굴만으론 좋아할 수 없어요 17,얼굴만으론 좋아할 수 없어요,17,,"- 한국 한정 오리지널 일러스트 양면 커버, 초판 한정 SNS풍 주인공 커플 일러스트 카드, 졸업식 일러스트 카드",안자이 카린,서울미디어코믹스(서울문화사),2026-07,5400,,10190,122,2026-08-31T14:09:42+09:00
352187592,슈퍼 뒤에서 담배 피우는 두 사람 4,슈퍼 뒤에서 담배 피우는 두 사람,4,,- SL Comic,지누시,디앤씨미디어(주)(D&C미디어),2024-11,5400,9.8,10153,123,2026-08-31T14:09:42+09:00
393546382,봇치·더·록! 외전 히로이 키쿠리의 과음일기 5,봇치·더·록! 외전 히로이 키쿠리의 과음일기,5,,,쿠미쵸,대원씨아이(만화),2026-05,8100,10.0,9330,124,2026-08-31T14:09:42+09:00
400150223,남편을 내 편으로 만드는 방법 5 (한정판),남편을 내 편으로 만드는 방법,5,한정판,- 단행본 + 학생 AU 아크릴 스탠드 + 떡메모지 + 파노라마 미니 포스터 4종 + 트레이딩 카드 9종 + 이스케&루비 엽서 4종 + 초판 한정 부록 엽서,시루,캐롯툰,2026-10,35820,,7330,125,2026-08-31T14:09:42+09:00
399050948,세금으로 산 책 1,세금으로 산 책,1,,- 시프트코믹스,케이야마 케이,YNK MEDIA(만화),2026-07,5850,10.0,5625,126,2026-08-31T14:09:42+09:00
399381869,담배 고양이 5,담배 고양이,5,,,냥냥 팩토리,대원씨아이(만화),2026-07,5400,,4330,127,2026-08-31T14:09:42+09:00
400157314,2120,2120,,,,조지 와일솔,프시케의숲,2026-08,27000,10.0,2970,128,2026-08-31T14:09:42+09:00
400652779,스노우볼 어스 4,스노우볼 어스,4,,- 시프트코믹스,츠지츠구 유우히로,YNK MEDIA(만화),2026-08,5400,10.0,1790,129,2026-08-31T14:09:42+09:00
400545629,파인더의 도피행,파인더의 도피행,,,- 뉴 루비코믹스 3165,야마네 아야노,현대지능개발사,2026-08,7830,,2050,130,2026-08-31T14:09:42+09:00
401041186,너를 잊을 사랑이 하고 싶어 7 (특장판),너를 잊을 사랑이 하고 싶어,7,특장판,- 단행본 + 피크 키링 + 어나더 커버 + 일러스트 카드 2종 + 포토카드 2종 + 별도 박스 포장,유우키 하루,대원씨아이(만화),2026-08,19800,,1230,131,2026-08-31T14:09:42+09:00
400958916,11번째 고양이는 네네 2,11번째 고양이는 네네,2,,,하리카모,오팬스코믹,2026-08,6300,,1130,132,2026-08-31T14:09:42+09:00
400856423,처형당한 현자는 리치로 전생하여 침략전쟁을 시작한다 15,처형당한 현자는 리치로 전생하여 침략전쟁을 시작한다,15,,,쿠니토모 쇼타로,대원씨아이(만화),2026-08,4950,10.0,1060,133,2026-08-31T14:09:42+09:00
397284418,슈퍼 러버즈 19,슈퍼 러버즈,19,,,아베 미유키,서울미디어코믹스(서울문화사),2026-07,5400,10.0,8360,134,2026-08-31T14:09:42+09:00
399290739,메이드 인 어비스 14,메이드 인 어비스,14,,,츠쿠시 아키히토,미우(대원씨아이),2026-07,7200,,5635,135,2026-08-31T14:09:42+09:00
400246321,황천의 츠가이 12 (특별판),황천의 츠가이,12,특별판,- 초판부록 2종 + 패키지 박스 + 운명의 쌍둥이 아크릴 스탠드 1종 + 가브리엘 아크릴 참 키링 1종+ 시그니처 포토카드 1종 + 빅 캔배지 1종 + 홀로그램 카드 2종,아라카와 히로무,대원씨아이(만화),2026-08,25650,,4930,136,2026-08-31T14:09:42+09:00
398869909,나나 NANA 완전판 11,나나 NANA 완전판,11,,"- 초판 한정 PP엽서 1종, 포토카드 1종",야자와 아이,학산문화사(만화),2026-07,10800,,3725,137,2026-08-31T14:09:42+09:00
401131950,패배 히로인이 너무 많아! @comic 5,패배 히로인이 너무 많아! @comic,5,,,이타치,재담,2026-08,6300,,1650,138,2026-08-31T14:09:42+09:00
400909388,겁쟁이페달 95,겁쟁이페달,95,,,와타나베 와타루,대원씨아이(만화),2026-08,4950,,1110,139,2026-08-31T14:09:42+09:00
392518962,체인소 맨 23,체인소 맨,23,,,후지모토 타츠키,학산문화사(만화),2026-05,5400,9.1,16235,140,2026-08-31T14:09:42+09:00
399924966,팬텀 버스터즈 7 (한정판),팬텀 버스터즈,7,한정판,"- CD 라벨풍 스티커 + CD 자켓풍 일러스트 카드 2종 + 아크릴 키링 4종, M형 티켓 + 양면 어나더 커버 + 초판 한정 일러스트 카드, S코믹스",네오쇼코,㈜소미미디어,2026-08,27000,,13920,141,2026-08-31T14:09:42+09:00
390779612,야마다 군과 Lv999의 사랑을 하다 7,야마다 군과 Lv999의 사랑을 하다,7,,,마시로,디앤씨미디어(주)(D&C미디어),2026-04,7200,10.0,13468,142,2026-08-31T14:09:42+09:00
349202721,일러스트레이터를 위한 색과 빛 마스터 가이드북 : COLOR & LIGHT,일러스트레이터를 위한 색과 빛 마스터 가이드북 : COLOR & LIGHT,,,,3D토털 퍼블리싱,영진.com(영진닷컴),2024-10,28800,10.0,10988,143,2026-08-31T14:09:42+09:00
398867421,찍히지 않습니다 7,찍히지 않습니다,7,,"- S코믹스 /초판 한정 일러스트 카드, 폴라로이드 사진풍 카드 2종",코노시마 루카,㈜소미미디어,2026-08,6300,10.0,10335,144,2026-08-31T14:09:42+09:00
320428870,슈퍼 뒤에서 담배 피우는 두 사람 1,슈퍼 뒤에서 담배 피우는 두 사람,1,,- SL Comic,지누시,디앤씨미디어(주)(D&C미디어),2023-07,5400,9.3,9815,145,2026-08-31T14:09:42+09:00
393809247,사피엔스 : 그래픽 히스토리 Vol.4,사피엔스 : 그래픽 히스토리 Vol.4,,,- 혁명의 시대,,김영사,2026-05,17820,,7615,146,2026-08-31T14:09:42+09:00
398727110,봇치·더·록! 앤솔러지 코믹 6,봇치·더·록! 앤솔러지 코믹,6,,,치바 사도루,대원씨아이(만화),2026-07,8100,10.0,6865,147,2026-08-31T14:09:42+09:00
388852450,담배 고양이 1,담배 고양이,1,,,냥냥 팩토리,대원씨아이(만화),2026-03,5400,10.0,5538,148,2026-08-31T14:09:42+09:00
397904178,새벽의 연화 47,새벽의 연화,47,,,미즈호 쿠사나기,학산문화사(만화),2026-07,5400,,5265,149,2026-08-31T14:09:42+09:00
397818232,오가미 츠미키와 기일상 7,오가미 츠미키와 기일상,7,,,모리시타 미유,학산문화사(만화),2026-07,5400,9.4,5155,150,2026-08-31T14:09:42+09:00
400136861,누나의 친구 4,누나의 친구,4,,,타카세 와카,학산문화사(만화),2026-08,5400,,3870,151,2026-08-31T14:09:42+09:00
398221799,메달리스트 14,메달리스트,14,,,츠루마이카다,학산문화사(만화),2026-07,5400,10.0,16345,152,2026-08-31T14:09:42+09:00
193382764,페르세폴리스,페르세폴리스,,,,마르얀 사트라피,휴머니스트,2019-06,28800,8.6,15266,153,2026-08-31T14:09:42+09:00
388349614,카구라바치 9 (더블특전판),카구라바치,9,더블특전판,"- 엔텐, 일러스트 시네마 티켓 + 요도 계약자 pp 북마크",호카조노 타케루,대원씨아이(만화),2026-03,5850,,10964,154,2026-08-31T14:09:42+09:00
324439898,슈퍼 뒤에서 담배 피우는 두 사람 2,슈퍼 뒤에서 담배 피우는 두 사람,2,,- SL Comic,지누시,디앤씨미디어(주)(D&C미디어),2023-09,5400,9.4,8944,155,2026-08-31T14:09:42+09:00
396695591,루리 드래곤 5,루리 드래곤,5,,"- 초판특전: 일러스트 카드, 일러스트 스탠딩 POP",신도 마사오키,서울미디어코믹스(서울문화사),2026-06,5400,8.7,8380,156,2026-08-31T14:09:42+09:00
396819581,나의 첫 섹파 1,나의 첫 섹파,1,,- 초회 수량한정 특장판 구성 (수량 소진 시 종료),유리카와,재담,2026-06,6300,,4135,157,2026-08-31T14:09:42+09:00
309059685,판타지 배색 아이디어 사전,판타지 배색 아이디어 사전,,,- 세계관을 창조하는,사쿠라이 테루코,한즈미디어(한스미디어),2023-01,5630,10.0,4079,158,2026-08-31T14:09:42+09:00
400585911,녹풍당의 사계절 21,녹풍당의 사계절,21,,,시미즈 유우,대원씨아이(만화),2026-08,4500,,1520,159,2026-08-31T14:09:42+09:00
337054427,패밀리 레스토랑 가자. 上,패밀리 레스토랑 가자. 上,,,,와야마 야마,문학동네,2024-04,7650,9.7,31475,160,2026-08-31T14:09:42+09:00
374587018,원피스 112,원피스,112,,- 할리(신전),오다 에이치로,대원씨아이(만화),2025-10,5400,10.0,27277,161,2026-08-31T14:09:42+09:00
396644572,포켓몬 생태도감 특별판,포켓몬 생태도감 특별판,,,,주식회사 포켓몬,대원씨아이(단행본),2026-06,44100,10.0,23955,162,2026-08-31T14:09:42+09:00
394045519,아멜리아의 호기심 많은 로맨스 2,아멜리아의 호기심 많은 로맨스,2,,- 루나 코믹스,코하쿠 요루,㈜소미미디어,2026-06,6300,10.0,9105,163,2026-08-31T14:09:42+09:00
397904410,나 혼자만 레벨업 : 라그나로크 3,나 혼자만 레벨업 : 라그나로크,3,,- 만화,,디앤씨웹툰비즈,2026-07,14400,10.0,5820,164,2026-08-31T14:09:42+09:00
395170753,도쿄 학생 애처가 4,도쿄 학생 애처가,4,,,카유카와 스즈,학산문화사(만화),2026-06,6300,9.8,3640,165,2026-08-31T14:09:42+09:00
225772243,달빛천사 애장판 2,달빛천사 애장판,2,,,타네무라 아리나,서울미디어코믹스(서울문화사),2020-01,8550,10.0,3621,166,2026-08-31T14:09:42+09:00
398203513,톰 폭스의 옷을 입은 캐릭터 드로잉 : 아티스트를 위한 옷과 주름 그리기 가이드,톰 폭스의 옷을 입은 캐릭터 드로잉 : 아티스트를 위한 옷과 주름 그리기 가이드,,,,톰 폭스,한즈미디어(한스미디어),2026-07,28800,10.0,2395,167,2026-08-31T14:09:42+09:00
393803230,J⇔M 제이엠 6,J⇔M 제이엠,6,,,오타케 마사오,대원씨아이(만화),2026-05,6300,10.0,2265,168,2026-08-31T14:09:42+09:00
400587655,킬블루 13,킬블루,13,,,후지마키 타다토시,대원씨아이(만화),2026-08,5400,,1660,169,2026-08-31T14:09:42+09:00
400585950,보루토 -TWO BLUE VORTEX- 5,보루토 -TWO BLUE VORTEX-,5,,,이케모토 미키오,대원씨아이(만화),2026-08,5850,,1620,170,2026-08-31T14:09:42+09:00
400669134,반에서 두 번째로 귀여운 여자애와 친구가 되었다 6,반에서 두 번째로 귀여운 여자애와 친구가 되었다,6,,"- 왈츠 코믹스, 초판 한정 특전 : 일러스트 카드 1종, 포토카드 2종",오노 린,조은세상(북두),2026-08,5400,,1420,171,2026-08-31T14:09:42+09:00
400585836,아자미 야코를 좋아하게 된다 2,아자미 야코를 좋아하게 된다,2,,,유니티 콩,대원씨아이(만화),2026-08,5850,,1620,172,2026-08-31T14:09:42+09:00
401009461,달의 아이 신장판 8,달의 아이 신장판,8,,- 완결,시미즈 레이코,서울미디어코믹스(서울문화사),2026-08,16200,,1010,173,2026-08-31T14:09:42+09:00
400860220,작전명 순정 7,작전명 순정,7,,,꼬까리,영진.com(영진닷컴),2026-08,14400,,1000,174,2026-08-31T14:09:42+09:00
401042641,고랭순대 작품집 7,고랭순대 작품집,7,,,고랭순대,대원씨아이(만화),2026-08,13500,,970,175,2026-08-31T14:09:42+09:00
393688901,카구라바치 10 (트리플특전판),카구라바치,10,트리플특전판,- 초판한정 일러스트 시네마티켓 + 애니메이션 KV카드 + 검사들 일러스트카드,호카조노 타케루,대원씨아이(만화),2026-05,5850,9.8,18765,176,2026-08-31T14:09:42+09:00
336001751,슈퍼 뒤에서 담배 피우는 두 사람 3,슈퍼 뒤에서 담배 피우는 두 사람,3,,- SL Comic,지누시,디앤씨미디어(주)(D&C미디어),2024-03,5400,9.8,8404,177,2026-08-31T14:09:42+09:00
399055597,Re : 제로부터 시작하는 이세계 생활 43,Re : 제로부터 시작하는 이세계 생활,43,,"- Novel Engine / 초판한정 특별부록 : 띠지, 일러스트 카드",나가츠키 탓페이,데이즈엔터(주),2026-08,7200,,5995,178,2026-08-31T14:09:42+09:00
399540525,전희 서바이벌 사가 3,전희 서바이벌 사가,3,,,OTOSAMA,오팬스코믹,2026-07,6300,10.0,4040,179,2026-08-31T14:09:42+09:00
399953550,데스마치에서 시작되는 이세계 광상곡 34,데스마치에서 시작되는 이세계 광상곡,34,,"- L Novel /초판 한정 특전 : 띠지, 책갈피",아이나나 히로,디앤씨미디어(주)(D&C미디어),2026-08,9900,,3050,180,2026-08-31T14:09:42+09:00
400153916,명탐정 코난 : 범인 한자와 씨 10,명탐정 코난 : 범인 한자와 씨,10,,,칸바 마유코,서울미디어코믹스(서울문화사),2026-08,5400,10.0,3000,181,2026-08-31T14:09:42+09:00
400307585,재혼황후 11,재혼황후,11,,- 만화,히어리,영컴(YOUNG COM),2026-08,15120,,1920,182,2026-08-31T14:09:42+09:00
401041961,산가지는 도깨비의 꿈을 꾼다 5,산가지는 도깨비의 꿈을 꾼다,5,,,LAPIS,다산코믹스,2026-08,18000,,1300,183,2026-08-31T14:09:42+09:00
400860566,작전명 순정 8,작전명 순정,8,,,꼬까리,영진.com(영진닷컴),2026-08,14400,,970,184,2026-08-31T14:09:42+09:00
400860690,작전명 순정 9,작전명 순정,9,,,꼬까리,영진.com(영진닷컴),2026-08,14400,,950,185,2026-08-31T14:09:42+09:00
398869483,홀로서기 마왕성 12,홀로서기 마왕성,12,,,모리시타 마코토,대원씨아이(만화),2026-07,5400,9.4,1035,186,2026-08-31T14:09:42+09:00
400856470,선생님! 저희들이 세계를 멸망시킵니다. 9,선생님! 저희들이 세계를 멸망시킵니다.,9,,,코바야시 키나,대원씨아이(만화),2026-08,5400,,960,187,2026-08-31T14:09:42+09:00
400980564,킬러의 최애 4,킬러의 최애,4,,,오시마 린타로,대원씨아이(만화),2026-08,6300,,830,188,2026-08-31T14:09:42+09:00
292511593,가라오케 가자!,가라오케 가자!,,,,와야마 야마,문학동네,2022-04,7650,9.6,28599,189,2026-08-31T14:09:42+09:00
399403043,얼굴만으론 좋아할 수 없어요 17 (한정판),얼굴만으론 좋아할 수 없어요,17,한정판,- 한국 오리지널 일러스트 양면 커버 + 아크릴 스탠드 + 소책자 + 스페셜 일러스트 카드 2종 + 미니 일러스트 보드 (일반판 초판특전은 포함되지 않음),안자이 카린,서울미디어코믹스(서울문화사),2026-07,22500,10.0,14350,190,2026-08-31T14:09:42+09:00
391828072,열혈강호 95,열혈강호,95,,,전극진,대원씨아이(만화),2026-04,4950,9.6,13024,191,2026-08-31T14:09:42+09:00
393311014,히카루가 죽은 여름 8,히카루가 죽은 여름,8,,"- SL Comic, 초판 한정 특전 띠지, 일러스트 카드 & 클리어 일러스트 카드 세트 (2종 중 1종)",모쿠모쿠렌,디앤씨미디어(주)(D&C미디어),2026-05,6300,9.7,11935,192,2026-08-31T14:09:42+09:00
397047378,반딧불이의 혼례 11,반딧불이의 혼례,11,,,타치바나 오레코,서울미디어코믹스(서울문화사),2026-06,7650,10.0,11550,193,2026-08-31T14:09:42+09:00
397744206,학생회에도 구멍은 있다! 12,학생회에도 구멍은 있다!,12,,- S코믹스,무치마로,㈜소미미디어,2026-07,6300,9.0,10425,194,2026-08-31T14:09:42+09:00
353810399,헌터x헌터 HunterXHunter 신장판 38,헌터x헌터 HunterXHunter 신장판,38,,,토가시 요시히로,학산문화사(만화),2024-12,5400,9.8,10319,195,2026-08-31T14:09:42+09:00
399045982,유희왕 애장판 21,유희왕 애장판,21,,,다카하시 카즈키,대원씨아이(만화),2026-07,10800,,6895,196,2026-08-31T14:09:42+09:00
394169724,쓰레기 기둥서방 하나 군은 죽고 싶어 해 3,쓰레기 기둥서방 하나 군은 죽고 싶어 해,3,,,아메코,대원씨아이(만화),2026-05,5850,9.7,5355,197,2026-08-31T14:09:42+09:00
390998609,담배 고양이 2,담배 고양이,2,,,냥냥 팩토리,대원씨아이(만화),2026-04,5400,10.0,4655,198,2026-08-31T14:09:42+09:00
399051208,세금으로 산 책 2,세금으로 산 책,2,,- 시프트코믹스,케이야마 케이,YNK MEDIA(만화),2026-07,5850,10.0,4280,199,2026-08-31T14:09:42+09:00
394099635,담배 고양이 3,담배 고양이,3,,,냥냥 팩토리,대원씨아이(만화),2026-05,5400,10.0,4460,200,2026-08-31T14:09:42+09:00
396049036,담배 고양이 4,담배 고양이,4,,,냥냥 팩토리,대원씨아이(만화),2026-06,5400,10.0,4260,201,2026-08-31T14:09:42+09:00
400006981,유녀전기 대대야사 1,유녀전기 대대야사,1,,- 노엔 코믹스 / 초판한정 특별부록 : 일러스트 카드 + 띠지,토죠 치카,데이즈엔터(주),2026-08,5400,10.0,2490,202,2026-08-31T14:09:42+09:00
399953433,추우면 변하는 헤비가미 군 2,추우면 변하는 헤비가미 군,2,,"- SL Comic /초판 한정 특전: 띠지, PET 스탠드, 일러스트 스티커",쿠리미야,디앤씨미디어(주)(D&C미디어),2026-08,6300,,2430,203,2026-08-31T14:09:42+09:00
400543319,우자키 양은 놀고싶어! 14,우자키 양은 놀고싶어!,14,,,타케,대원씨아이(만화),2026-08,4950,,2210,204,2026-08-31T14:09:42+09:00
400006799,유녀전기 21,유녀전기,21,,- 노엔 코믹스,토죠 치카,데이즈엔터(주),2026-08,5400,10.0,2440,205,2026-08-31T14:09:42+09:00
395745763,아카네 이야기 15,아카네 이야기,15,,,유키 스에나가,학산문화사(만화),2026-06,5400,10.0,1645,206,2026-08-31T14:09:42+09:00
400669111,커다란 네가 제일 귀여워,커다란 네가 제일 귀여워,,,- 라르고 맥스 Largo Max,유키하루,조은세상(북두),2026-08,6300,,1270,207,2026-08-31T14:09:42+09:00
400585712,버그 에고 2,버그 에고,2,,- S코믹스,시타라 키요토,㈜소미미디어,2026-08,6300,,1330,208,2026-08-31T14:09:42+09:00
400707795,뉴노멀 8,뉴노멀,8,,,아이하라 아키토,대원씨아이(만화),2026-08,5400,,1030,209,2026-08-31T14:09:42+09:00
400707945,우리들은 미쳤다 연모 4,우리들은 미쳤다 연모,4,,,안도 나츠미,대원씨아이(만화),2026-08,5400,,950,210,2026-08-31T14:09:42+09:00
400909457,우린 엇갈리고 있다 1,우린 엇갈리고 있다,1,,,미나모토 유,대원씨아이(만화),2026-08,5850,,930,211,2026-08-31T14:09:42+09:00
366362146,엄마를 만나러 가는 길 1,엄마를 만나러 가는 길,1,,,고먕,네이버웹툰,2025-08,16020,10.0,15355,212,2026-08-31T14:09:42+09:00
385786461,스킵과 로퍼 11 (더블 특전판),스킵과 로퍼,11,더블 특전판,"- 미츠미 아크릴 POP + 명장면 흑백 스티커 4종 (초판 특전), 시프트코믹스",타카마츠 미사키,YNK MEDIA(만화),2026-02,5400,8.4,11541,213,2026-08-31T14:09:42+09:00
398221849,메달리스트 공식 팬북 더블특전판,메달리스트 공식 팬북 더블특전판,,,- 수량 한정 더블 특전 : 일러스트 카드 + 네컷사진,츠루마이카다,학산문화사(만화),2026-07,13500,10.0,9795,214,2026-08-31T14:09:42+09:00
397047219,쇼타 형아 7,쇼타 형아,7,,- BLovers Comics /초판 한정 더블 특전 : 양면 일러스트 카드 2종,나카야마 미유키,서울미디어코믹스(서울문화사),2026-06,5850,9.4,7825,215,2026-08-31T14:09:42+09:00
395173556,내 마음의 위험한 녀석 13,내 마음의 위험한 녀석,13,,- S코믹스,사쿠라이 노리오,㈜소미미디어,2026-06,6300,9.4,5025,216,2026-08-31T14:09:42+09:00
396583445,약사의 혼잣말 21,약사의 혼잣말,21,,- 마오마오의 후궁 수수께끼 풀이수첩,쿠라타 미노지,서울미디어코믹스(서울문화사),2026-06,5400,9.9,2955,217,2026-08-31T14:09:42+09:00
400154065,달님이 바라시는 대로 9,달님이 바라시는 대로,9,,,키우치 라무네,서울미디어코믹스(서울문화사),2026-08,5400,,2820,218,2026-08-31T14:09:42+09:00
400224750,선생님으로 ○○하면 안 됩니다! 3,선생님으로 ○○하면 안 됩니다!,3,,- S코믹스,무샤사부,㈜소미미디어,2026-08,6300,,2130,219,2026-08-31T14:09:42+09:00
401097577,"다른 학교 얼음공주를 구했더니, 친구부터 시작하게 되었습니다 2","다른 학교 얼음공주를 구했더니, 친구부터 시작하게 되었습니다",2,,,사츠키 히류,오팬스노벨,2026-08,7650,,1340,220,2026-08-31T14:09:42+09:00
393544789,향기로운 꽃은 늠름하게 핀다 20,향기로운 꽃은 늠름하게 핀다,20,,,미카미 사카,대원씨아이(만화),2026-05,5400,,1500,221,2026-08-31T14:09:42+09:00
400586316,커들 2,커들,2,,- 수인 오메가버스,하스미 하나,학산문화사(만화),2026-08,6300,,1520,222,2026-08-31T14:09:42+09:00
400733376,건강하고 문화적인 최저한도의 생활 11,건강하고 문화적인 최저한도의 생활,11,,,가시와기 하루코,문학동네,2026-08,8820,,1120,223,2026-08-31T14:09:42+09:00
400586056,SCP가 뭔가요? 3,SCP가 뭔가요?,3,,,하치훈,대원씨아이(만화),2026-08,5850,,1240,224,2026-08-31T14:09:42+09:00
401009550,월광천녀 애장판 8,월광천녀 애장판,8,,,시미즈 레이코,서울미디어코믹스(서울문화사),2026-08,16200,,790,225,2026-08-31T14:09:42+09:00
400856407,탱크체어 TANK CHAIR 4,탱크체어 TANK CHAIR,4,,,야시로 마나부,대원씨아이(만화),2026-08,6300,,780,226,2026-08-31T14:09:42+09:00
400909405,시오타 선생님과 아마이양 7,시오타 선생님과 아마이양,7,,,나카토카 쿠미코,대원씨아이(만화),2026-08,5850,,710,227,2026-08-31T14:09:42+09:00
400917239,전생 악녀의 흑역사 18,전생 악녀의 흑역사,18,,,토우카 아키하루,서울미디어코믹스(서울문화사),2026-08,4500,,710,228,2026-08-31T14:09:42+09:00
368857673,명탐정 코난 107,명탐정 코난,107,,,아오야마 고쇼,서울미디어코믹스(서울문화사),2025-07,5400,9.9,10454,229,2026-08-31T14:09:42+09:00
322919098,향기로운 꽃은 늠름하게 핀다 1,향기로운 꽃은 늠름하게 핀다,1,,,미카미 사카,대원씨아이(만화),2023-08,5400,9.7,9648,230,2026-08-31T14:09:42+09:00
315020417,헌터x헌터 HunterXHunter 신장판 37,헌터x헌터 HunterXHunter 신장판,37,,,토가시 요시히로,학산문화사(만화),2023-04,5400,10.0,9045,231,2026-08-31T14:09:42+09:00
388137331,3월의 벽력 1,3월의 벽력,1,,,이케 준코,대원씨아이(만화),2026-03,5400,9.5,8028,232,2026-08-31T14:09:42+09:00
393753728,수상한 경찰 1 (트리플 특전판),수상한 경찰,1,트리플 특전판,- 초판한정 일러스트 북마크 1종 + 일러스트 엽서 4종 + 캐릭터 프로필 카드 4종,무키시츠,대원씨아이(만화),2026-05,9000,9.7,5355,233,2026-08-31T14:09:42+09:00
396574570,Re : 제로부터 시작하는 이세계 생활 42,Re : 제로부터 시작하는 이세계 생활,42,,"- Novel Engine /초판한정 특별부록 : 띠지, 일러스트 카드",나가츠키 탓페이,데이즈엔터(주),2026-07,7200,10.0,5080,234,2026-08-31T14:09:42+09:00
399404721,오디세이아를 한 번도 안 읽어 볼 수는 없잖아,오디세이아를 한 번도 안 읽어 볼 수는 없잖아,,,,Team. StoryG,oldstairs(올드스테어즈),2026-07,21600,9.3,3800,235,2026-08-31T14:09:42+09:00
372904974,인간실격 무삭제판 1~3 세트- 전3권,인간실격 무삭제판 1~3 세트- 전3권,,,,이토 준지,미우(대원씨아이),2020-08,34560,,3408,236,2026-08-31T14:09:42+09:00
390907872,향기로운 꽃은 늠름하게 핀다 19,향기로운 꽃은 늠름하게 핀다,19,,,미카미 사카,대원씨아이(만화),2026-04,5400,,3320,237,2026-08-31T14:09:42+09:00
397995094,수상한 경찰 2 (더블특전판),수상한 경찰,2,더블특전판,- 띠지 + 초판한정 일러스트 카드 1종 + 선착순 더블특전 포토카드 1종,무키시츠,대원씨아이(만화),2026-07,9000,9.6,2825,238,2026-08-31T14:09:42+09:00
400138794,이번 생은 가주가 되겠습니다 2부 6,이번 생은 가주가 되겠습니다 2부,6,,- 만화,앤트스튜디오,디앤씨웹툰비즈,2026-08,14400,,2290,239,2026-08-31T14:09:42+09:00
313274245,네가 죽을 때까지 사랑하고 싶어 1,네가 죽을 때까지 사랑하고 싶어,1,,,나치 아오노,학산문화사(만화),2020-12,5400,,2338,240,2026-08-31T14:09:42+09:00
399926241,어쨌든 귀여워 25,어쨌든 귀여워,25,,- S코믹스,하타 켄지로,㈜소미미디어,2026-08,6300,,2120,241,2026-08-31T14:09:42+09:00
386058010,사카모토 데이즈 25,사카모토 데이즈,25,,- 친구이상 킬러미만,스즈키 유우토,대원씨아이(만화),2026-02,5850,,1455,242,2026-08-31T14:09:42+09:00
400585822,W 줄리엣 2부 16,W 줄리엣 2부,16,,,에무라,대원씨아이(만화),2026-08,3780,,940,243,2026-08-31T14:09:42+09:00
400856352,FIRE BALL！ 파이어 볼! 2,FIRE BALL！ 파이어 볼!,2,,,타츠 유키노부,대원씨아이(만화),2026-08,5850,,680,244,2026-08-31T14:09:42+09:00
373383665,언제나 기억해,언제나 기억해,,,"- 소년과 두더지와 여우와 말, 그리고 폭풍우",찰리 맥커시,상상의힘,2025-10,19800,10.0,17630,245,2026-08-31T14:09:42+09:00
392518622,타몬 군 지금 어느 쪽?! 12,타몬 군 지금 어느 쪽?!,12,,,시와스 유키,학산문화사(만화),2026-05,5400,10.0,14585,246,2026-08-31T14:09:42+09:00
390778469,원펀맨 One Punch Man 34,원펀맨 One Punch Man,34,,- 여명,ONE,대원씨아이(만화),2026-04,5400,9.2,13428,247,2026-08-31T14:09:42+09:00
391724964,가르쳐줘 집사 1,가르쳐줘 집사,1,,- 초판 한정 더블 특전 : 양면 코스터 & 포토카드 2종 세트,마사키 미치,서울미디어코믹스(서울문화사),2026-04,6300,9.7,11003,248,2026-08-31T14:09:42+09:00
390776539,3월의 라이온 18,3월의 라이온,18,,,우미노 치카,시리얼(학산문화사),2026-04,7200,10.0,10592,249,2026-08-31T14:09:42+09:00
353133344,컬러 앤 라이트,컬러 앤 라이트,,,"- 사실적인 표현을 위한 빛과 색 그리는 법, 개정판",제임스 거니,잉크잼(잼스푼),2024-12,31500,10.0,9857,250,2026-08-31T14:09:42+09:00
397904785,보석함에 사랑을 채우자 1,보석함에 사랑을 채우자,1,,,미키모토 린,학산문화사(만화),2026-07,6300,9.5,8350,251,2026-08-31T14:09:42+09:00
294400847,헌터x헌터 HunterXHunter 신장판 33,헌터x헌터 HunterXHunter 신장판,33,,,토가시 요시히로,학산문화사(만화),2018-05,5400,,8265,252,2026-08-31T14:09:42+09:00
294401191,헌터x헌터 HunterXHunter 신장판 35,헌터x헌터 HunterXHunter 신장판,35,,,토가시 요시히로,학산문화사(만화),2019-03,5400,2.0,7625,253,2026-08-31T14:09:42+09:00
385131682,야마다 군과 Lv999의 사랑을 하다 6,야마다 군과 Lv999의 사랑을 하다,6,,,마시로,디앤씨미디어(주)(D&C미디어),2026-01,7200,9.8,6536,254,2026-08-31T14:09:42+09:00
394099665,킹덤 Kingdom 77,킹덤 Kingdom,77,,,하라 야스히사,대원씨아이(만화),2026-05,5400,10.0,6530,255,2026-08-31T14:09:42+09:00
388496310,단다단 20,단다단,20,,,타츠 유키노부,대원씨아이(만화),2026-03,5400,9.5,6201,256,2026-08-31T14:09:42+09:00
384933730,아멜리아의 호기심 많은 로맨스 1,아멜리아의 호기심 많은 로맨스,1,,- 루나 코믹스,코하쿠 요루,㈜소미미디어,2026-02,6300,9.8,6043,257,2026-08-31T14:09:42+09:00
389597923,황천의 츠가이 10,황천의 츠가이,10,,,아라카와 히로무,대원씨아이(만화),2026-04,5850,10.0,5675,258,2026-08-31T14:09:42+09:00
395357976,Veil 7,Veil,7,,"- S코믹스, JAPAN EXPO 최우수작화상, 최우수장정상 수상",코테리,㈜소미미디어,2026-06,11520,,4555,259,2026-08-31T14:09:42+09:00
385522768,옆자리 녀석이 그런 눈으로 쳐다본다 1,옆자리 녀석이 그런 눈으로 쳐다본다,1,,,mmk,학산문화사(만화),2026-02,6300,,3813,260,2026-08-31T14:09:42+09:00
398285038,포켓몬스터 스페셜 63,포켓몬스터 스페셜,63,,,쿠사카 히데노리,대원씨아이(만화),2026-07,4950,,2540,261,2026-08-31T14:09:42+09:00
400245338,공주님 고문의 시간입니다 19,공주님 고문의 시간입니다,19,,- 완결,하루하라 로빈슨,학산문화사(만화),2026-08,5400,10.0,2280,262,2026-08-31T14:09:42+09:00
400547758,코믹 어둠의 실력자가 되고 싶어서! 15,코믹 어둠의 실력자가 되고 싶어서!,15,,- J Comic,사카노 안리,서울미디어코믹스(서울문화사),2026-08,4500,10.0,2390,263,2026-08-31T14:09:42+09:00
399953662,히마텐! 4,히마텐!,4,,- SL Comic,오노 겐키,디앤씨미디어(주)(D&C미디어),2026-08,6300,,1970,264,2026-08-31T14:09:42+09:00
388861705,얼굴만으론 좋아할 수 없어요 16,얼굴만으론 좋아할 수 없어요,16,,,안자이 카린,서울미디어코믹스(서울문화사),2026-03,5400,,1605,265,2026-08-31T14:09:42+09:00
400669097,서뱀프 Servamp 23~24 세트 - 전2권,서뱀프 Servamp 23~24 세트 - 전2권,,,"- 판도라 코믹스, 완결 ,초판 한정 일러스트 카드 2종, 16P 소책자, big 엽서 1종",타나카 스트라이크,조은세상(북두),2026-08,13500,,1440,266,2026-08-31T14:09:42+09:00
400647477,만화를 잘 그리기 위한 노하우 도감,만화를 잘 그리기 위한 노하우 도감,,,,사이드랜치(Sideranch),영진.com(영진닷컴),2026-08,18000,,950,267,2026-08-31T14:09:42+09:00
400715990,가짜 연금술사 4,가짜 연금술사,4,,"- 픽시하우스, 초판한정 특별부록 : 일러스트 카드 + 띠지",우메마루,미스터블루,2026-09,7200,,870,268,2026-08-31T14:09:42+09:00
400856452,치하야 리스타트! 2,치하야 리스타트!,2,,,타케우치 홀로,대원씨아이(만화),2026-08,5850,,610,269,2026-08-31T14:09:42+09:00
256860565,사피엔스 : 그래픽 히스토리 Vol.1,사피엔스 : 그래픽 히스토리 Vol.1,,,- 인류의 탄생,,김영사,2020-11,17820,9.4,26301,270,2026-08-31T14:09:42+09:00
366362586,엄마를 만나러 가는 길 2,엄마를 만나러 가는 길,2,,,고먕,네이버웹툰,2025-08,16020,10.0,14619,271,2026-08-31T14:09:42+09:00
391943528,엄마를 만나러 가는 길,엄마를 만나러 가는 길,,,"- 모리의 스티커북 /초판 한정 부록: 투명 북마크,작가 친필 사인 면지에 인쇄",고먕,네이버웹툰,2026-06,15300,10.0,11955,272,2026-08-31T14:09:42+09:00
389546868,반딧불이의 혼례 10,반딧불이의 혼례,10,,,타치바나 오레코,서울미디어코믹스(서울문화사),2026-04,7650,9.6,10988,273,2026-08-31T14:09:42+09:00
392518701,블루 록 35,블루 록,35,,,노무라 유스케,학산문화사(만화),2026-05,5400,9.8,9740,274,2026-08-31T14:09:42+09:00
369126143,주술회전 30,주술회전,30,,,아쿠타미 게게,서울미디어코믹스(서울문화사),2025-08,5400,10.0,9409,275,2026-08-31T14:09:42+09:00
298605858,헌터x헌터 HunterXHunter 신장판 36,헌터x헌터 HunterXHunter 신장판,36,,,토가시 요시히로,학산문화사(만화),2020-03,5400,,7750,276,2026-08-31T14:09:42+09:00
391456890,순경씨와 나 1,순경씨와 나,1,,,나오키 유우,대원씨아이(만화),2026-04,6300,9.6,7049,277,2026-08-31T14:09:42+09:00
386003919,향기로운 꽃은 늠름하게 핀다 18,향기로운 꽃은 늠름하게 핀다,18,,,미카미 사카,대원씨아이(만화),2026-02,5400,10.0,5664,278,2026-08-31T14:09:42+09:00
399453196,묘쌤은 이렇게 말했다 11,묘쌤은 이렇게 말했다,11,,- S코믹스,무테키 소다,㈜소미미디어,2026-08,6300,10.0,4470,279,2026-08-31T14:09:42+09:00
397904768,푸른 상자 24,푸른 상자,24,,,미우라 코우지,학산문화사(만화),2026-07,5400,10.0,4385,280,2026-08-31T14:09:42+09:00
390011039,황천의 츠가이 3,황천의 츠가이,3,,,아라카와 히로무,대원씨아이(만화),2023-05,5850,,4460,281,2026-08-31T14:09:42+09:00
396766600,유루캠 18,유루캠,18,,,아프로,대원씨아이(만화),2026-06,4950,9.6,4365,282,2026-08-31T14:09:42+09:00
399782190,한밤중 하트튠 11,한밤중 하트튠,11,,,이가라시 마사쿠니,학산문화사(만화),2026-08,5400,,4170,283,2026-08-31T14:09:42+09:00
390941683,황천의 츠가이 1,황천의 츠가이,1,,,아라카와 히로무,대원씨아이(만화),2022-08,5850,,3864,284,2026-08-31T14:09:42+09:00
390241459,황천의 츠가이 4,황천의 츠가이,4,,,아라카와 히로무,대원씨아이(만화),2023-10,5850,,3978,285,2026-08-31T14:09:42+09:00
399782154,어차피 울 거라면 사랑이 좋아 9,어차피 울 거라면 사랑이 좋아,9,,,쿠사카 아키,학산문화사(만화),2026-08,5400,10.0,3700,286,2026-08-31T14:09:42+09:00
305148069,장례식 케이크 전문점 연옥당 2,장례식 케이크 전문점 연옥당,2,,- 양장,산호,문학동네,2022-11,18900,10.0,3594,287,2026-08-31T14:09:42+09:00
225770299,달빛천사 애장판 1,달빛천사 애장판,1,,,타네무라 아리나,서울미디어코믹스(서울문화사),2020-01,8550,9.5,3599,288,2026-08-31T14:09:42+09:00
391205558,황천의 츠가이 9,황천의 츠가이,9,,,아라카와 히로무,대원씨아이(만화),2025-11,5850,,3390,289,2026-08-31T14:09:42+09:00
396563437,나나 NANA 완전판 10,나나 NANA 완전판,10,,"- 초판한정: PP엽서 1종, 포토카드 1종",야자와 아이,학산문화사(만화),2026-06,10800,,3540,290,2026-08-31T14:09:42+09:00
400225649,인생 역전 3,인생 역전,3,,- S Novel,D,㈜소미미디어,2026-08,7650,,3130,291,2026-08-31T14:09:42+09:00
397905187,THE POOL,THE POOL,,,,사쿠라이 가몬,학산문화사(만화),2026-07,13500,10.0,2895,292,2026-08-31T14:09:42+09:00
399594642,동거하는 검성 여스승이 너무 귀여워서 매일 행복합니다 1,동거하는 검성 여스승이 너무 귀여워서 매일 행복합니다,1,,,R_링고,길찾기,2026-06,7200,10.0,2470,293,2026-08-31T14:09:42+09:00
399900769,소꿉친구 컴플렉스 4~5 스페셜 세트 - 전2권,소꿉친구 컴플렉스 4~5 스페셜 세트 - 전2권,,,"- 초판 한정 부록 : 책갈피 2종(4, 5권 책갈피 각각 1종) + 렌티큘러 엽서 2종 + 증명사진 패키지 + 폴라로이드 4종 + 작가님 사인 인쇄본",은하이,네이버웹툰,2026-10,39600,,2450,294,2026-08-31T14:09:42+09:00
331618813,먼작귀 1 (그림책 포함 특별판),먼작귀,1,그림책 포함 특별판,- 먼가 작고 귀여운 녀석,나가노,미우(대원씨아이),2022-06,17820,,2018,295,2026-08-31T14:09:42+09:00
400245307,나쁜 X에게 행복 있으라 6,나쁜 X에게 행복 있으라,6,,,키시카와 미즈키,학산문화사(만화),2026-08,5400,,1820,296,2026-08-31T14:09:42+09:00
399973834,라라의 결혼 8,라라의 결혼,8,,,타메코우,블랑코믹스(BLANC COMICS),2026-08,6300,,1550,297,2026-08-31T14:09:42+09:00
398284864,책벌레의 하극상 제4부 : 귀족원의 도서관을 구하고 싶어! 10,책벌레의 하극상 제4부 : 귀족원의 도서관을 구하고 싶어!,10,,- 사서가 되기 위해서라면 뭐든지 할 수 있어,카츠키 히카루,대원씨아이(만화),2026-07,5400,10.0,1330,298,2026-08-31T14:09:42+09:00
400662198,오늘부터 시작하는 소꿉친구 9,오늘부터 시작하는 소꿉친구,9,,,Midori Obiya,서울미디어코믹스(서울문화사),2026-08,5400,,770,299,2026-08-31T14:09:42+09:00
400707974,사랑할 자격 3,사랑할 자격,3,,,난바 아츠코,대원씨아이(만화),2026-08,5400,,700,300,2026-08-31T14:09:42+09:00
400980709,키스 다음부터는 애드리브로,키스 다음부터는 애드리브로,,,- B愛+752,키사라기 마나미,대원씨아이(만화),2026-08,5850,2.0,580,301,2026-08-31T14:09:42+09:00
400909336,라면 재유기 13,라면 재유기,13,,,쿠베 로쿠로,대원씨아이(만화),2026-08,5850,,610,302,2026-08-31T14:09:42+09:00
400980630,룸메이트 1,룸메이트,1,,,사토 아키히토,대원씨아이(만화),2026-08,6750,,560,303,2026-08-31T14:09:42+09:00
323272361,"안녕, 에리","안녕, 에리",,,,후지모토 타츠키,학산문화사(만화),2023-08,5400,9.4,15709,304,2026-08-31T14:09:42+09:00
399067587,매거진 조이 Vol.3 : 가비지타임,매거진 조이 Vol.3 : 가비지타임,,,- 초판 한정 : 히든카드/ 상시 특별 부록: 접지 포스터 + 북마크 4종,2사장,다산코믹스,2026-07,22500,10.0,15125,305,2026-08-31T14:09:42+09:00
186848330,쥐 The Complete Maus 합본,쥐 The Complete Maus 합본,,,,아트 슈피겔만,아름드리미디어,2014-06,18900,9.4,13708,306,2026-08-31T14:09:42+09:00
393239337,모모세 아키라의 첫사랑 파탄 중 5 (트리플 특전판),모모세 아키라의 첫사랑 파탄 중,5,트리플 특전판,- 스페셜 아크릴 일러스트 카드(1종) + 다양한 매력의 양면 일러스트 카드(2종),하레카와 신타,서울미디어코믹스(서울문화사),2026-05,6750,9.8,11205,307,2026-08-31T14:09:42+09:00
389009894,오무라이스 잼잼 16,오무라이스 잼잼,16,,,조경규,송송책방,2026-04,18900,10.0,10822,308,2026-08-31T14:09:42+09:00
335112422,주술회전 25,주술회전,25,,- 인외마경 신주쿠 결전,아쿠타미 게게,서울미디어코믹스(서울문화사),2024-02,5400,9.6,10092,309,2026-08-31T14:09:42+09:00
294401024,헌터x헌터 HunterXHunter 신장판 34,헌터x헌터 HunterXHunter 신장판,34,,,토가시 요시히로,학산문화사(만화),2018-05,5400,,7901,310,2026-08-31T14:09:42+09:00
385131551,야마다 군과 Lv999의 사랑을 하다 5,야마다 군과 Lv999의 사랑을 하다,5,,,마시로,디앤씨미디어(주)(D&C미디어),2026-01,7200,9.8,6504,311,2026-08-31T14:09:42+09:00
298605722,헌터x헌터 HunterXHunter 신장판 32,헌터x헌터 HunterXHunter 신장판,32,,,토가시 요시히로,학산문화사(만화),2013-12,5400,,6242,312,2026-08-31T14:09:42+09:00
398728413,마법소녀를 동경해서 1~5 합본판,마법소녀를 동경해서 1~5 합본판,,,- 각권 초회 한정 일러스트 카드 각 1종씩 (총5종) + 각 권 선착순 더블 특전 SD스티커 각 1종씩(총5종) + PET스탠드 + 컵코스터 + 일러스트 카드 + 별도 박스 포장,오노나카 아키히로,대원씨아이(만화),2026-07,33750,,5330,313,2026-08-31T14:09:42+09:00
354729574,주술회전 28,주술회전,28,,- 인외마경 신주쿠 결전 : 9점 점바둑,아쿠타미 게게,서울미디어코믹스(서울문화사),2024-12,5400,10.0,5148,314,2026-08-31T14:09:42+09:00
399052013,THE ART OF SOLO LEVELING : 웹툰 「나 혼자만 레벨업」 공식 아트북,THE ART OF SOLO LEVELING : 웹툰 「나 혼자만 레벨업」 공식 아트북,,,,장성락(REDICE STUDIO),디앤씨미디어(주)(D&C미디어),2026-08,43200,,4855,315,2026-08-31T14:09:42+09:00
246152488,여름 안에서,여름 안에서,,,,성률,문학동네,2020-07,17550,8.1,4751,316,2026-08-31T14:09:42+09:00
394588669,천국대마경 12,천국대마경,12,,- S코믹스,이시구로 마사카즈,㈜소미미디어,2026-06,6300,9.0,4405,317,2026-08-31T14:09:42+09:00
389641207,황천의 츠가이 2,황천의 츠가이,2,,,아라카와 히로무,대원씨아이(만화),2022-12,5850,,4450,318,2026-08-31T14:09:42+09:00
294154150,헌터x헌터 HunterXHunter 신장판 12,헌터x헌터 HunterXHunter 신장판,12,,,토가시 요시히로,학산문화사(만화),2014-09,5400,,4195,319,2026-08-31T14:09:42+09:00
362211849,주술회전 29,주술회전,29,,- 인외마경 신주쿠 결전 -사활-,아쿠타미 게게,서울미디어코믹스(서울문화사),2025-04,5400,10.0,3950,320,2026-08-31T14:09:42+09:00
284922100,장례식 케이크 전문점 연옥당 1,장례식 케이크 전문점 연옥당,1,,- 양장,산호,문학동네,2021-12,17100,10.0,3882,321,2026-08-31T14:09:42+09:00
399451773,숨막힐 정도의 사랑을 줄게 7,숨막힐 정도의 사랑을 줄게,7,,,이와시타 케이코,대원씨아이(만화),2026-07,5400,,3620,322,2026-08-31T14:09:42+09:00
295865866,하이큐!! 43,하이큐!!,43,,- 최종보스,후루다테 하루이치,대원씨아이(만화),2020-09,4950,,3891,323,2026-08-31T14:09:42+09:00
300919411,헌터x헌터 HunterXHunter 신장판 18,헌터x헌터 HunterXHunter 신장판,18,,,토가시 요시히로,학산문화사(만화),2015-07,5400,,3686,324,2026-08-31T14:09:42+09:00
394239585,사피엔스: 그래픽 히스토리 시리즈 세트 - 전4권,사피엔스: 그래픽 히스토리 시리즈 세트 - 전4권,,,,,김영사,2026-05,71280,9.3,3260,325,2026-08-31T14:09:42+09:00
398833327,이 결혼은 어차피 망하게 되어 있다 8,이 결혼은 어차피 망하게 되어 있다,8,,,,영컴(YOUNG COM),2026-07,15120,,3125,326,2026-08-31T14:09:42+09:00
399290916,우리 반리가 신세 좀 지겠습니다 4,우리 반리가 신세 좀 지겠습니다,4,,,카이도 치토세,대원씨아이(만화),2026-07,5400,,2900,327,2026-08-31T14:09:42+09:00
399556315,이우일의 만화 그리스로마 신화 1~3 세트 - 전3권,이우일의 만화 그리스로마 신화 1~3 세트 - 전3권,,,,이우일,비채,2026-07,59850,,2415,328,2026-08-31T14:09:42+09:00
400225603,고교 시절에 거만했던 여왕님과의 동거 생활은 의외로 나쁘지 않다 1,고교 시절에 거만했던 여왕님과의 동거 생활은 의외로 나쁘지 않다,1,,- S Novel,미소네타 도자에몽,㈜소미미디어,2026-08,7650,,2260,329,2026-08-31T14:09:42+09:00
400136881,벡 Beck 신장판 8,벡 Beck 신장판,8,,,해롤드 사쿠이시,학산문화사(만화),2026-08,10800,10.0,2250,330,2026-08-31T14:09:42+09:00
400225413,쪼그맣고 커다랗고 귀여운 나나세를 착각 전남친한테서 빼앗아 행복하게 한다 3,쪼그맣고 커다랗고 귀여운 나나세를 착각 전남친한테서 빼앗아 행복하게 한다,3,,- S Novel,카라스마 에이,㈜소미미디어,2026-08,7650,,2060,331,2026-08-31T14:09:42+09:00
400001064,피토스포룸 두 번째 잎,피토스포룸 두 번째 잎,,,,미카미 시노,인디고,2026-08,6300,10.0,1980,332,2026-08-31T14:09:42+09:00
400001284,와카코와 술 25,와카코와 술,25,,,신큐 치에,AK(에이케이)커뮤니케이션즈,2026-08,7200,,1760,333,2026-08-31T14:09:42+09:00
400001034,피토스포룸 첫 번째 잎,피토스포룸 첫 번째 잎,,,,미카미 시노,인디고,2026-08,6300,10.0,1910,334,2026-08-31T14:09:42+09:00
395958550,핑키 나이트메어,핑키 나이트메어,,,- 라르고 맥스 Largo Max,NAREHATECHAN,조은세상(북두),2026-06,6300,9.5,1705,335,2026-08-31T14:09:42+09:00
399465061,신석기 시대부터 AI 시대까지 만화로 꿰뚫는 경제사,신석기 시대부터 AI 시대까지 만화로 꿰뚫는 경제사,,,- 물질적 풍요는 우리를 행복하게 만들었을까,,클,2026-08,19800,10.0,1615,336,2026-08-31T14:09:42+09:00
400247880,만화 인소의 법칙 9,만화 인소의 법칙,9,,,아현,디앤씨웹툰비즈,2026-08,14400,,1370,337,2026-08-31T14:09:42+09:00
400311047,호랑이형님 21,호랑이형님,21,,,이상규,영컴(YOUNG COM),2026-08,15120,,1310,338,2026-08-31T14:09:42+09:00
400224840,파랑과 아지랑이 2,파랑과 아지랑이,2,,- BB허니밀크코믹스,돈돈,㈜소미미디어,2026-08,5850,,1270,339,2026-08-31T14:09:42+09:00
400340156,마끼아또의 일러스트 레벨업 테크닉,마끼아또의 일러스트 레벨업 테크닉,,,- 초보가 가장 많이 막히는 고민 해결집,마끼아또,AK(에이케이)커뮤니케이션즈,2026-08,19800,10.0,1410,340,2026-08-31T14:09:42+09:00
400921733,이세계 전생 던전 마스터 온천 던전을 만들다 1,이세계 전생 던전 마스터 온천 던전을 만들다,1,,"- S Novel+, 초판 한정 아마하라 신규 일러스트 양면커버, 일러스트카드",아마하라,㈜소미미디어,2026-09,9000,,800,341,2026-08-31T14:09:42+09:00
400734025,건강하고 문화적인 최저한도의 생활 12,건강하고 문화적인 최저한도의 생활,12,,,가시와기 하루코,문학동네,2026-08,8820,,830,342,2026-08-31T14:09:42+09:00
400653955,마왕과 용사의 사랑의 도피 바캉스 (더블 특전판),마왕과 용사의 사랑의 도피 바캉스,,더블 특전판,"- 솔트 코믹스, 초판 더블 특전 : 만화 1P 페이퍼, 일러스트 카드 1종",바세우,YNK MEDIA(만화),2026-08,5850,,900,343,2026-08-31T14:09:42+09:00
401041322,술에 취한 영애가 영웅을 몰라보고 구혼한 결과 1,술에 취한 영애가 영웅을 몰라보고 구혼한 결과,1,,,오오토리,대원씨아이(만화),2026-08,5850,,570,344,2026-08-31T14:09:42+09:00
400856443,응원 걸! 1,응원 걸!,1,,,다나카 유치아,대원씨아이(만화),2026-08,5400,10.0,530,345,2026-08-31T14:09:42+09:00
385946226,만화의 원리,만화의 원리,,,,이리에 아키,대원씨아이(만화),2026-02,21600,9.4,17595,346,2026-08-31T14:09:42+09:00
280555213,포인트 캐릭터 드로잉 - 전2권,포인트 캐릭터 드로잉 - 전2권,,,,타코,레진코믹스(레진엔터테인먼트),2021-09,25200,10.0,16404,347,2026-08-31T14:09:42+09:00
393769371,가르쳐줘 집사 2,가르쳐줘 집사,2,,,마사키 미치,서울미디어코믹스(서울문화사),2026-05,6300,9.7,13295,348,2026-08-31T14:09:42+09:00
389928831,새벽의 연화 46,새벽의 연화,46,,,미즈호 쿠사나기,학산문화사(만화),2026-04,5400,9.8,10449,349,2026-08-31T14:09:42+09:00
362375950,불가항력의 I LOVE YOU 4,불가항력의 I LOVE YOU,4,,,호시노 미즈키,서울미디어코믹스(서울문화사),2025-04,5400,9.7,10345,350,2026-08-31T14:09:42+09:00
358910532,명탐정 코난 106,명탐정 코난,106,,,아오야마 고쇼,서울미디어코믹스(서울문화사),2025-02,5400,10.0,9271,351,2026-08-31T14:09:42+09:00
369786330,마남 이치 1 (트리플 특전판),마남 이치,1,트리플 특전판,- 홀로그램 일러스트 카드 2종 + 아크릴 일러스트 카드 1종,유사자키 시로,서울미디어코믹스(서울문화사),2025-08,6300,9.6,9567,352,2026-08-31T14:09:42+09:00
341524569,주술회전 26,주술회전,26,,- 남쪽으로,아쿠타미 게게,서울미디어코믹스(서울문화사),2024-06,5400,,8758,353,2026-08-31T14:09:42+09:00
396563591,히나타의 블루 6,히나타의 블루,6,,"- 완결, 루나 코믹스 / 초판 한정 양면 어나더 커버, 렌티큘러 카드, 일러스트 카드",메구로 아무,㈜소미미디어,2026-07,6300,10.0,8010,354,2026-08-31T14:09:42+09:00
393238375,양 선배는 혼자서 살아갈 수 없어 2,양 선배는 혼자서 살아갈 수 없어,2,,- 초판부록 : 일러스트 카드 1종 + 띠지,soon챠,대원씨아이(만화),2026-05,5850,9.9,8150,355,2026-08-31T14:09:42+09:00
353421098,불가항력의 I LOVE YOU 3,불가항력의 I LOVE YOU,3,,,호시노 미즈키,서울미디어코믹스(서울문화사),2024-12,5400,9.3,7797,356,2026-08-31T14:09:42+09:00
294032766,헌터x헌터 HunterXHunter 신장판 1,헌터x헌터 HunterXHunter 신장판,1,,,토가시 요시히로,학산문화사(만화),2013-07,5400,10.0,6448,357,2026-08-31T14:09:42+09:00
398903862,보이시한 여자친구가 너무 귀여워 5 (특장판),보이시한 여자친구가 너무 귀여워,5,특장판,- 특장판 구성: 단행본 + 48P 소책자 + 초판특전 폴라로이드 사진 + 초판 특전 카메라 렌즈 속 투샷 사진,규뉴무기고항,서울미디어코믹스(서울문화사),2026-07,10800,,6210,358,2026-08-31T14:09:42+09:00
394695461,블루 록 36,블루 록,36,,,노무라 유스케,학산문화사(만화),2026-06,5400,,5920,359,2026-08-31T14:09:42+09:00
382041006,사카모토 데이즈 24,사카모토 데이즈,24,,- 감전 주의,스즈키 유우토,대원씨아이(만화),2025-12,5850,,5689,360,2026-08-31T14:09:42+09:00
397021676,완전 쓰레기인 와타라세인데 3 (특장판),완전 쓰레기인 와타라세인데,3,특장판,- 어나더 커버 + 아크릴 스탠드 + 스티커 3종 + 포토카드 6종 + 일러스트 카드 3종 + 별도 박스 포장,나카가와 파리,대원씨아이(만화),2026-06,28800,10.0,5225,361,2026-08-31T14:09:42+09:00
373998674,야마다 군과 Lv999의 사랑을 하다 1,야마다 군과 Lv999의 사랑을 하다,1,,,마시로,디앤씨미디어(주)(D&C미디어),2025-09,7200,9.8,4968,362,2026-08-31T14:09:42+09:00
373999147,야마다 군과 Lv999의 사랑을 하다 2,야마다 군과 Lv999의 사랑을 하다,2,,,마시로,디앤씨미디어(주)(D&C미디어),2025-09,7200,9.8,4763,363,2026-08-31T14:09:42+09:00
386059133,나 혼자만 레벨업 : 라그나로크 2,나 혼자만 레벨업 : 라그나로크,2,,- 만화,,디앤씨웹툰비즈,2026-02,14400,7.0,4346,364,2026-08-31T14:09:42+09:00
396368739,어서 와 수평선 1 (트리플 특전판),어서 와 수평선,1,트리플 특전판,- 띠지 + 입욕권 북마크 1종 + pp 스탠드 1종 + 티셔츠 판 스티커 1종,와타베 타이요,대원씨아이(만화),2026-06,6300,10.0,4445,365,2026-08-31T14:09:42+09:00
311653748,헌터x헌터 HunterXHunter 신장판 11,헌터x헌터 HunterXHunter 신장판,11,,,토가시 요시히로,학산문화사(만화),2014-09,5400,,4354,366,2026-08-31T14:09:42+09:00
389641178,황천의 츠가이 5,황천의 츠가이,5,,,아라카와 히로무,대원씨아이(만화),2024-03,5850,,4281,367,2026-08-31T14:09:42+09:00
394711835,악마에 입문했습니다! 이루마 군 : if Episode of 마피아 7,악마에 입문했습니다! 이루마 군 : if Episode of 마피아,7,,,니시 오사무,서울미디어코믹스(서울문화사),2026-06,5850,,4020,368,2026-08-31T14:09:42+09:00
390940611,이로하의 글이 이끄는 -눈 녹는 길-,이로하의 글이 이끄는 -눈 녹는 길-,,,,하나모리,시플리,2026-04,6300,9.1,3894,369,2026-08-31T14:09:42+09:00
397745987,Myther 2,Myther,2,,"- S코믹스 /초판 한정 양면 일러스트 카드, 초판 한정 PET 일러스트 카드",야츠다 테키,㈜소미미디어,2026-07,6300,,4095,370,2026-08-31T14:09:42+09:00
300919038,헌터x헌터 HunterXHunter 신장판 13,헌터x헌터 HunterXHunter 신장판,13,,,토가시 요시히로,학산문화사(만화),2014-12,5400,,3845,371,2026-08-31T14:09:42+09:00
393715017,노아 선배는 친구 9,노아 선배는 친구,9,,- 초판특전 : 포토카드 2종 세트,아키야마 엔마,서울미디어코믹스(서울문화사),2026-05,5850,9.5,3745,372,2026-08-31T14:09:42+09:00
298280739,헌터x헌터 HunterXHunter 신장판 16,헌터x헌터 HunterXHunter 신장판,16,,,토가시 요시히로,학산문화사(만화),2015-04,5400,,3523,373,2026-08-31T14:09:42+09:00
394015605,나나 NANA 완전판 9,나나 NANA 완전판,9,,"- 초판 한정: PP엽서 1종, 포토카드 1종",야자와 아이,학산문화사(만화),2026-05,10800,,3450,374,2026-08-31T14:09:42+09:00
301058589,헌터x헌터 HunterXHunter 신장판 19,헌터x헌터 HunterXHunter 신장판,19,,,토가시 요시히로,학산문화사(만화),2015-08,5400,,3402,375,2026-08-31T14:09:42+09:00
400006989,이세계 유유자적 농가 16,이세계 유유자적 농가,16,,"- Novel Engine /초판한정 특별부록: 띠지, 양면 커버",나이토 키노스케,데이즈엔터(주),2026-08,9000,10.0,3040,376,2026-08-31T14:09:42+09:00
399050467,블루 피리어드 6 (한정판),블루 피리어드,6,한정판,"- 시프트코믹스 /한정판 구성품 : 도서(초판 부록 포함), 1~6권 수납 박스, 컬러링북 소책자, 박티켓 책갈피 3종",야마구치 츠바사,YNK MEDIA(만화),2026-07,13500,,2715,377,2026-08-31T14:09:42+09:00
379189364,발화 1,발화,1,,,영재영,레진코믹스(레진엔터테인먼트),2025-12,14400,10.0,2640,378,2026-08-31T14:09:42+09:00
378966916,드래곤볼 완전판 가이드북 LANDMARK,드래곤볼 완전판 가이드북 LANDMARK,,,,토리야마 아키라,서울미디어코믹스(서울문화사),2025-11,12600,10.0,2711,379,2026-08-31T14:09:42+09:00
393313791,추우면 변하는 헤비가미 군 1,추우면 변하는 헤비가미 군,1,,"- 초판 한정 특전: 띠지, 스티커, PET 스탠드, 투명 책갈피, SL Comic",쿠리미야,디앤씨미디어(주)(D&C미디어),2026-05,6300,8.5,2640,380,2026-08-31T14:09:42+09:00
86893672,이토준지 자선 걸작집,이토준지 자선 걸작집,,,,이토 준지,미우(대원씨아이),2016-07,12600,8.6,2558,381,2026-08-31T14:09:42+09:00
399486670,서유요원전 서역편 : 화염산의 장 4,서유요원전 서역편 : 화염산의 장,4,,,모로호시 다이지로,문학동네,2026-07,9900,,2490,382,2026-08-31T14:09:42+09:00
396593327,일본삼국 7,일본삼국,7,,,마쓰키 잇카,재담,2026-06,7200,10.0,2495,383,2026-08-31T14:09:42+09:00
400197883,망각 배터리 23,망각 배터리,23,,,에코 미카와,서울미디어코믹스(서울문화사),2026-08,5400,,2400,384,2026-08-31T14:09:42+09:00
333640869,먼작귀 5 (레터북 포함 특별판),먼작귀,5,레터북 포함 특별판,- 먼가 작고 귀여운 녀석,나가노,미우(대원씨아이),2024-02,23400,10.0,2277,385,2026-08-31T14:09:42+09:00
400197602,타로의 얼렁뚱땅 2,타로의 얼렁뚱땅,2,,,야츠미 츠무,서울미디어코믹스(서울문화사),2026-08,5850,,2330,386,2026-08-31T14:09:42+09:00
344689794,네가 죽을 때까지 사랑하고 싶어 7,네가 죽을 때까지 사랑하고 싶어,7,,,나치 아오노,학산문화사(만화),2024-08,5400,10.0,2320,387,2026-08-31T14:09:42+09:00
400310759,호랑이형님 20,호랑이형님,20,,,이상규,영컴(YOUNG COM),2026-08,15120,,1430,388,2026-08-31T14:09:42+09:00
385894622,먼작귀 2 (그림책 포함 특별판),먼작귀,2,그림책 포함 특별판,- 먼가 작고 귀여운 녀석,나가노,미우(대원씨아이),2022-08,17820,,1335,389,2026-08-31T14:09:42+09:00
400585727,전격데이지 애장판 1,전격데이지 애장판,1,,- 루나 코믹스,모토미 쿄스케,㈜소미미디어,2026-08,12600,10.0,1210,390,2026-08-31T14:09:42+09:00
396581696,향기로운 꽃은 늠름하게 핀다 12,향기로운 꽃은 늠름하게 핀다,12,,,미카미 사카,대원씨아이(만화),2025-01,6300,,1510,391,2026-08-31T14:09:42+09:00
400712982,내 백합도 영업인 줄 알았어?,내 백합도 영업인 줄 알았어?,,,"- Novel Engine , 초판한정 특별부록 : 띠지 + 일러스트 카드",아사쿠라 네루,코믹레인,2026-09,7200,,1280,392,2026-08-31T14:09:42+09:00
400311351,뇌를 바꾸려는 사람들,뇌를 바꾸려는 사람들,,,"- 프랑켄슈타인에서 현대 신경기술까지, 뇌과학으로 만나는 신경윤리의 질문들",류영준,어크로스,2026-08,19800,9.7,1070,393,2026-08-31T14:09:42+09:00
400136964,은하영웅전설 31,은하영웅전설,31,,,후지사키 류,학산문화사(만화),2026-08,5400,,1040,394,2026-08-31T14:09:42+09:00
401097694,피가 이어지지 않은 우리가 가족이 되는 단 하나의 방법 1,피가 이어지지 않은 우리가 가족이 되는 단 하나의 방법,1,,,히바리유,오팬스노벨,2026-08,7650,,930,395,2026-08-31T14:09:42+09:00
399973937,코믹 무직전생 21,코믹 무직전생,21,,- 이세계에 갔으면 최선을 다한다,후지카와 유카,학산문화사(만화),2026-08,5400,,1100,396,2026-08-31T14:09:42+09:00
400586342,펜과 수갑과 사실혼 4,펜과 수갑과 사실혼,4,,,사와라기 신이치,학산문화사(만화),2026-08,5400,,1050,397,2026-08-31T14:09:42+09:00
400585731,퀸즈 퀄리티 1,퀸즈 퀄리티,1,,- 루나 코믹스,모토미 쿄스케,㈜소미미디어,2026-08,6300,,790,398,2026-08-31T14:09:42+09:00
400307391,꿀과 극약 2,꿀과 극약,2,,,사쿠라노코우지 카노코,대원씨아이(만화),2026-08,5400,,930,399,2026-08-31T14:09:42+09:00
400654225,아질 Asyl 1,아질 Asyl,1,,- 시프트코믹스,하야토 유우,YNK MEDIA(만화),2026-08,5400,10.0,820,400,2026-08-31T14:09:42+09:00
400594105,블랙 라군 : 청소부 소여 해체! 고어고어 무스메 4,블랙 라군 : 청소부 소여 해체! 고어고어 무스메,4,,,이다 타츠히코,서울미디어코믹스(서울문화사),2026-08,5850,10.0,820,401,2026-08-31T14:09:42+09:00
400652846,트릴리온 게임 10,트릴리온 게임,10,,- 시프트코믹스,이케가미 료이치,YNK MEDIA(만화),2026-08,5400,10.0,810,402,2026-08-31T14:09:42+09:00
400649438,주인공은 될 수 없지만,주인공은 될 수 없지만,,,,모모코 스이카,레어블(Rareble),2026-08,6930,,700,403,2026-08-31T14:09:42+09:00
401008380,렛츠고 괴기조 5,렛츠고 괴기조,5,,,View,㈜에스엠지크리에이티브(고은문화사),2026-08,5850,,550,404,2026-08-31T14:09:42+09:00
395477065,역사에 남을 악녀가 될 거야 5,역사에 남을 악녀가 될 거야,5,,- ~악역 영애가 될수록 왕자의 사랑이 가속하는 것 같습니다!~,호시 아카리,서울미디어코믹스(서울문화사),2026-06,5400,10.0,405,405,2026-08-31T14:09:42+09:00
366331655,원피스 111,원피스,111,,- 엘바프 모험,오다 에이치로,대원씨아이(만화),2025-06,5400,10.0,25300,406,2026-08-31T14:09:42+09:00
393250501,도쿄 에일리언즈 12 (트리플 특장판),도쿄 에일리언즈,12,트리플 특장판,- 초판 한정 : 아크릴 일러스트 카드(초판 전체) + 스페셜 일러스트 카드(선착순 한정) + 인화사진 (선착순 한정),NAOE,서울미디어코믹스(서울문화사),2026-05,5400,10.0,16410,407,2026-08-31T14:09:42+09:00
355678823,원피스 110,원피스,110,,- 시대의 일렁임,오다 에이치로,대원씨아이(만화),2025-01,5400,9.9,14373,408,2026-08-31T14:09:42+09:00
368125805,장송의 프리렌 14,장송의 프리렌,14,,,야마다 카네히토,학산문화사(만화),2025-07,5400,9.8,11026,409,2026-08-31T14:09:42+09:00
379795065,괴수 8호 16 (더블 특전판),괴수 8호,16,더블 특전판,"- 완결, '카프카' 캐릭터 카드 + 스페셜 일러스트 카드 2종",마츠모토 나오야,서울미디어코믹스(서울문화사),2025-12,5400,10.0,11200,410,2026-08-31T14:09:42+09:00
384585231,불가항력의 I LOVE YOU 7,불가항력의 I LOVE YOU,7,,,호시노 미즈키,서울미디어코믹스(서울문화사),2026-01,5400,9.4,10958,411,2026-08-31T14:09:42+09:00
366700348,신부이야기 15,신부이야기,15,,,모리 카오루,대원씨아이(만화),2025-06,7200,9.4,10436,412,2026-08-31T14:09:42+09:00
392509863,아름다운 초저녁달 10,아름다운 초저녁달,10,,,야마모리 미카,학산문화사(만화),2026-05,5400,9.5,9825,413,2026-08-31T14:09:42+09:00
283355505,사피엔스 : 그래픽 히스토리 Vol.2,사피엔스 : 그래픽 히스토리 Vol.2,,,- 문명의 기둥,,김영사,2021-11,17820,9.7,9681,414,2026-08-31T14:09:42+09:00
299392454,자연스러운 인체 드로잉,자연스러운 인체 드로잉,,,- 해부학부터 옷 주름까지 배우는,소은 박경선,동양북스(동양문고),2022-08,21150,10.0,9876,415,2026-08-31T14:09:42+09:00
382046167,캐릭캐릭 체인지! Jewel Joker 주얼 조커 2,캐릭캐릭 체인지! Jewel Joker 주얼 조커,2,,,PEACH-PIT,서울미디어코믹스(서울문화사),2025-12,5850,9.8,9416,416,2026-08-31T14:09:42+09:00
341684925,불가항력의 I LOVE YOU 1,불가항력의 I LOVE YOU,1,,,호시노 미즈키,서울미디어코믹스(서울문화사),2024-06,5400,9.6,8925,417,2026-08-31T14:09:42+09:00
368087158,불가항력의 I LOVE YOU 5,불가항력의 I LOVE YOU,5,,,호시노 미즈키,서울미디어코믹스(서울문화사),2025-07,5400,9.5,8938,418,2026-08-31T14:09:42+09:00
387062834,백귀야행 31,백귀야행,31,,,이마 이치코,시공사(만화),2026-02,7200,9.8,8535,419,2026-08-31T14:09:42+09:00
342785369,불가항력의 I LOVE YOU 2,불가항력의 I LOVE YOU,2,,,호시노 미즈키,서울미디어코믹스(서울문화사),2024-07,5400,9.4,8412,420,2026-08-31T14:09:42+09:00
330062627,주술회전 24,주술회전,24,,- 주택대천 - 재귀 -,아쿠타미 게게,서울미디어코믹스(서울문화사),2023-12,5400,9.5,7756,421,2026-08-31T14:09:42+09:00
392518949,GACHIAKUTA 17,GACHIAKUTA,17,,,케이 우라나,학산문화사(만화),2026-05,5400,10.0,7680,422,2026-08-31T14:09:42+09:00
397592223,애태울 정도의 사랑을 알아라 3,애태울 정도의 사랑을 알아라,3,,- 완결,쿄노 마코,학산문화사(만화),2026-07,6300,10.0,7325,423,2026-08-31T14:09:42+09:00
335258160,향기로운 꽃은 늠름하게 핀다 6,향기로운 꽃은 늠름하게 핀다,6,,,미카미 사카,대원씨아이(만화),2024-02,5400,10.0,7356,424,2026-08-31T14:09:42+09:00
324949099,봄의 폭풍과 몬스터 1,봄의 폭풍과 몬스터,1,,,미츠바치 미유키,학산문화사(만화),2023-10,5400,9.7,7312,425,2026-08-31T14:09:42+09:00
375360162,향기로운 꽃은 늠름하게 핀다 17,향기로운 꽃은 늠름하게 핀다,17,,,미카미 사카,대원씨아이(만화),2025-10,5400,,7080,426,2026-08-31T14:09:42+09:00
318850889,마루는 강쥐 1,마루는 강쥐,1,,,모죠,문페이스,2023-07,14400,10.0,6890,427,2026-08-31T14:09:42+09:00
365046389,쓰레기 기둥서방 하나 군은 죽고 싶어 해 1,쓰레기 기둥서방 하나 군은 죽고 싶어 해,1,,,아메코,대원씨아이(만화),2025-05,5850,10.0,6916,428,2026-08-31T14:09:42+09:00
338121617,너와 장밋빛 매일 1,너와 장밋빛 매일,1,,,히로 치히로,서울미디어코믹스(서울문화사),2024-04,5400,9.9,6793,429,2026-08-31T14:09:42+09:00
389890662,약사의 혼잣말 16,약사의 혼잣말,16,,,네코쿠라게,학산문화사(만화),2026-04,5400,9.8,6306,430,2026-08-31T14:09:42+09:00
392509889,애태울 정도의 사랑을 알아라 2,애태울 정도의 사랑을 알아라,2,,,쿄노 마코,학산문화사(만화),2026-05,6300,9.9,6160,431,2026-08-31T14:09:42+09:00
398197212,비실비실 선생님 15 (특별판),비실비실 선생님,15,특별판,- 패키지 박스 + 초판한정 일러스트 폴라로이드 카드 1종 + 캐릭터 아크릴 스탠드 1종 + 아크릴 키링 2종 + 포토카드 4종 + 미니포스터 1종,후쿠치 카미오,대원씨아이(만화),2026-07,27000,,5905,432,2026-08-31T14:09:42+09:00
394695720,바닷바람과 용의 보금자리 2,바닷바람과 용의 보금자리,2,,,시마 아사토,학산문화사(만화),2026-06,6300,10.0,5805,433,2026-08-31T14:09:42+09:00
292320734,헌터x헌터 HunterXHunter 신장판 2,헌터x헌터 HunterXHunter 신장판,2,,,토가시 요시히로,학산문화사(만화),2012-07,5400,10.0,5764,434,2026-08-31T14:09:42+09:00
372712759,쓰레기 기둥서방 하나 군은 죽고 싶어 해 2,쓰레기 기둥서방 하나 군은 죽고 싶어 해,2,,,아메코,대원씨아이(만화),2025-09,5850,9.3,5387,435,2026-08-31T14:09:42+09:00
397021753,완전 쓰레기인 와타라세인데 3,완전 쓰레기인 와타라세인데,3,,,나카가와 파리,대원씨아이(만화),2026-06,5400,9.7,5350,436,2026-08-31T14:09:42+09:00
351000171,반딧불이의 혼례 4,반딧불이의 혼례,4,,,타치바나 오레코,서울미디어코믹스(서울문화사),2024-10,7650,9.8,5252,437,2026-08-31T14:09:42+09:00
362488315,참을 수 없는 건 사랑인 걸까 1,참을 수 없는 건 사랑인 걸까,1,,,소라하나 미아,대원씨아이(만화),2025-04,5850,9.1,5126,438,2026-08-31T14:09:42+09:00
398199313,이번 생은 가주가 되겠습니다 2부 6 (특장판),이번 생은 가주가 되겠습니다 2부,6,특장판,- 만화 / 특장판 구성: 단행본 + 아크릴 스탠드 1종 + 책갈피 2종 + 엽서 5종 + 패키지 박스,앤트스튜디오,디앤씨웹툰비즈,2026-07,24300,,4740,439,2026-08-31T14:09:42+09:00
380811247,스킵 비트! 50,스킵 비트!,50,,,나카무라 요시키,시공사(만화),2025-12,5850,9.7,5085,440,2026-08-31T14:09:42+09:00
352187570,주술회전 27,주술회전,27,,,아쿠타미 게게,서울미디어코믹스(서울문화사),2024-08,5400,,4744,441,2026-08-31T14:09:42+09:00
399051127,"너무 건방져, 치가야 군 1","너무 건방져, 치가야 군",1,,,안도 마이,에이템포미디어,2026-07,5850,,4865,442,2026-08-31T14:09:42+09:00
373999390,야마다 군과 Lv999의 사랑을 하다 3,야마다 군과 Lv999의 사랑을 하다,3,,,마시로,디앤씨미디어(주)(D&C미디어),2025-09,7200,9.8,4817,443,2026-08-31T14:09:42+09:00
398418968,황천의 츠가이 11 (특별판),황천의 츠가이,11,특별판,- 초판부록 2종 + 패키지 박스 + 운명의 쌍둥이 아크릴 스탠드 2종 + 팬던트 아크릴 참 키링 1종+ 시그니처 포토카드 1종 + 빅 캔배지 1종 + 홀로그램 카드 2종,아라카와 히로무,대원씨아이(만화),2026-07,25650,10.0,4675,444,2026-08-31T14:09:42+09:00
369308582,타워 던전 2,타워 던전,2,,,니헤이 츠토무,학산문화사(만화),2025-08,6300,9.9,4657,445,2026-08-31T14:09:42+09:00
374337173,장례식 케이크 전문점 연옥당 3,장례식 케이크 전문점 연옥당,3,,"- 양장, 완결",산호,문학동네,2025-10,19800,9.7,4215,446,2026-08-31T14:09:42+09:00
7633452,오란고교 호스트부 Fanbook,오란고교 호스트부 Fanbook,,,- 콩닥♥두근☆공략 대작전,하토리 비스코,학산문화사(만화),2010-08,6300,9.8,3959,447,2026-08-31T14:09:42+09:00
298051256,헌터x헌터 HunterXHunter 신장판 17,헌터x헌터 HunterXHunter 신장판,17,,,토가시 요시히로,학산문화사(만화),2015-06,5400,,4003,448,2026-08-31T14:09:42+09:00
330441742,기븐 9,기븐,9,,- 뉴 루비코믹스 2970,키즈 나츠키,현대지능개발사,2023-12,5400,9.7,3666,449,2026-08-31T14:09:42+09:00
380346507,더블크로스 The 3rd Edition 룰북 1,더블크로스 The 3rd Edition 룰북,1,,,F.E.A.R,데이즈엔터(주),2025-12,13500,,3612,450,2026-08-31T14:09:42+09:00
298203594,나루토 Naruto 3,나루토 Naruto,3,,,키시모토 마사시,대원씨아이(만화),2000-11,4950,,3548,451,2026-08-31T14:09:42+09:00
396565979,어떤 과학의 초전자포 20,어떤 과학의 초전자포,20,,- 어떤 마술의 금서목록 외전,,대원씨아이(만화),2026-06,5400,10.0,3250,452,2026-08-31T14:09:42+09:00
301917562,오란고교 호스트부 1,오란고교 호스트부,1,,,하토리 비스코,학산문화사(만화),2004-02,5400,8.0,3141,453,2026-08-31T14:09:42+09:00
391205551,황천의 츠가이 8,황천의 츠가이,8,,,아라카와 히로무,대원씨아이(만화),2025-06,5850,,3115,454,2026-08-31T14:09:42+09:00
398906133,벨 푸페의 슈퍼달링 약혼 2,벨 푸페의 슈퍼달링 약혼,2,,- 코믹,셀렌,학산문화사(만화),2026-07,6300,,3000,455,2026-08-31T14:09:42+09:00
397592282,아오이 군의 음담패설은 참을 수 없어!! 2,아오이 군의 음담패설은 참을 수 없어!!,2,,,mmk,학산문화사(만화),2026-07,6300,,3080,456,2026-08-31T14:09:42+09:00
344711200,명탐정 코난 105 (특장판),명탐정 코난,105,특장판,- 초기 설정집 노트 + 아크릴 스탠드(PET) + 스티커 2종,아오야마 고쇼,서울미디어코믹스(서울문화사),2024-08,9000,10.0,2957,457,2026-08-31T14:09:42+09:00
398728336,마법소녀를 동경해서 5 (더블특전판),마법소녀를 동경해서,5,더블특전판,- 초판한정 : 일러스트 카드 1종 + SD 스티커 1종,오노나카 아키히로,대원씨아이(만화),2026-07,6750,,2700,458,2026-08-31T14:09:42+09:00
400000607,빠져든 침대에서 천사의 자는 얼굴을 보고 싶을 뿐,빠져든 침대에서 천사의 자는 얼굴을 보고 싶을 뿐,,,- #둘이서 저지른 비밀의 교칙 위반,우에스 테츠토,AK(에이케이)커뮤니케이션즈,2026-08,10800,,2550,459,2026-08-31T14:09:42+09:00
399973609,켄투리아 6,켄투리아,6,,,쿠라모리 토오루,학산문화사(만화),2026-08,5400,10.0,2650,460,2026-08-31T14:09:42+09:00
398869812,창천항로 애장판 3,창천항로 애장판,3,,,킹곤타,대원씨아이(만화),2026-07,16200,,2675,461,2026-08-31T14:09:42+09:00
334780507,얼굴만으론 좋아할 수 없어요 2,얼굴만으론 좋아할 수 없어요,2,,,안자이 카린,서울미디어코믹스(서울문화사),2022-04,5400,,2573,462,2026-08-31T14:09:42+09:00
393696313,창천항로 애장판 1,창천항로 애장판,1,,,킹곤타,대원씨아이(만화),2026-05,16200,6.4,2820,463,2026-08-31T14:09:42+09:00
384344658,네가 죽을 때까지 사랑하고 싶어 8,네가 죽을 때까지 사랑하고 싶어,8,,,나치 아오노,학산문화사(만화),2026-01,5400,9.9,2538,464,2026-08-31T14:09:42+09:00
399486641,서유요원전 서역편 : 화염산의 장 3,서유요원전 서역편 : 화염산의 장,3,,,모로호시 다이지로,문학동네,2026-07,9900,,2470,465,2026-08-31T14:09:42+09:00
399973698,시노비고토 7,시노비고토,7,,,미타라시 산타,학산문화사(만화),2026-08,6300,,2380,466,2026-08-31T14:09:42+09:00
399055863,다크 개더링 1,다크 개더링,1,,- 픽시하우스 /초판 한정: 띠지 + 일러스트 카드,콘도 켄이치,코믹레인,2026-08,6300,10.0,2085,467,2026-08-31T14:09:42+09:00
397810577,쪽팔려게임 1~2 세트 - 전2권,쪽팔려게임 1~2 세트 - 전2권,,,"- 초판 한정 부록 : 1권,2권 엽서 2종 + 학생증 2종 + 면지에 작가님 친필 사인(인쇄본)",봉수,네이버웹툰,2026-09,28800,,1890,468,2026-08-31T14:09:42+09:00
399381805,격기 3반 18,격기 3반,18,,- 남일고등학교 격투기 특기반,이학,대원씨아이(만화),2026-07,4950,10.0,1980,469,2026-08-31T14:09:42+09:00
399390376,"가까이 와줘, 스피카 1 (특장판)","가까이 와줘, 스피카",1,특장판,- 단행본 + 아크릴 스탠드 + 인화사진 2종 + 일러스트 카드 + 별도 박스 포장,fuyu,대원씨아이(만화),2026-07,18000,10.0,2065,470,2026-08-31T14:09:42+09:00
398951543,이상한 집 6,이상한 집,6,,,아야노 교,리드비,2026-07,7650,,2045,471,2026-08-31T14:09:42+09:00
400001881,무서운 책 6,무서운 책,6,,- 괴물,우메즈 카즈오,AK(에이케이)커뮤니케이션즈,2026-08,9000,,1940,472,2026-08-31T14:09:42+09:00
318446151,네가 죽을 때까지 사랑하고 싶어 3,네가 죽을 때까지 사랑하고 싶어,3,,,나치 아오노,학산문화사(만화),2021-05,5400,,1847,473,2026-08-31T14:09:42+09:00
310882441,먼작귀 3 (카드놀이 포함 특별판),먼작귀,3,카드놀이 포함 특별판,"- 카드놀이 세트: 카드 96장(문장 카드 46장, 그림 카드 46장) + 설명서 1장",나가노,미우(대원씨아이),2023-02,24300,4.0,1818,474,2026-08-31T14:09:42+09:00
337058152,블리치 리믹스 1,블리치 리믹스,1,,,쿠보 타이토,서울미디어코믹스(서울문화사),2024-03,10800,8.0,1852,475,2026-08-31T14:09:42+09:00
296275956,네가 죽을 때까지 사랑하고 싶어 2,네가 죽을 때까지 사랑하고 싶어,2,,,나치 아오노,학산문화사(만화),2021-02,5400,,1738,476,2026-08-31T14:09:42+09:00
400150238,남편을 내 편으로 만드는 방법 5,남편을 내 편으로 만드는 방법,5,,,시루,캐롯툰,2026-10,14400,10.0,1850,477,2026-08-31T14:09:42+09:00
399056069,다크 개더링 2,다크 개더링,2,,- 픽시하우스 /초판 한정: 띠지 + 일러스트 카드,콘도 켄이치,코믹레인,2026-08,6300,,1670,478,2026-08-31T14:09:42+09:00
394214000,11번째 고양이는 네네 1,11번째 고양이는 네네,1,,"- 초판 한정 PET 스탠드, 판 스티커 2종, 일러스트 카드",하리카모,오팬스코믹,2026-05,6300,9.9,1530,479,2026-08-31T14:09:42+09:00
387582151,커들 1,커들,1,,- 수인 오메가버스,하스미 하나,학산문화사(만화),2026-03,6300,,1380,480,2026-08-31T14:09:42+09:00
400543440,마녀대전 이능의 마녀 32인은 서로 죽인다 14,마녀대전 이능의 마녀 32인은 서로 죽인다,14,,,카와모토 호무라,대원씨아이(만화),2026-08,5400,,1240,481,2026-08-31T14:09:42+09:00
400006756,녹는 눈과 아가판서스 1,녹는 눈과 아가판서스,1,,- 코믹 레인 / 초판한정 특별부록 : 띠지+일러스트 카드,나우치,미스터블루,2026-08,7200,,1180,482,2026-08-31T14:09:42+09:00
399046041,꿀과 극약 1,꿀과 극약,1,,,사쿠라노코우지 카노코,대원씨아이(만화),2026-07,5400,10.0,1115,483,2026-08-31T14:09:42+09:00
393236862,책벌레의 하극상 제2부 : 책을 위해서라면 무녀가 되겠어 13,책벌레의 하극상 제2부 : 책을 위해서라면 무녀가 되겠어,13,,,스즈카,대원씨아이(만화),2026-05,5400,10.0,995,484,2026-08-31T14:09:42+09:00
389482128,애태울 정도의 사랑을 알아라 1,애태울 정도의 사랑을 알아라,1,,,쿄노 마코,학산문화사(만화),2026-04,6300,,870,485,2026-08-31T14:09:42+09:00
400730154,1초 24,1초,24,,,시니,영컴(YOUNG COM),2026-08,15120,,970,486,2026-08-31T14:09:42+09:00
400593960,기계 인간 마리 플러스 2,기계 인간 마리 플러스,2,,- 완결,아키모토 아키,서울미디어코믹스(서울문화사),2026-08,5850,10.0,770,487,2026-08-31T14:09:42+09:00
400586291,도쿄대 세 자매 2,도쿄대 세 자매,2,,,이소야 유키,대원씨아이(만화),2026-08,5850,,780,488,2026-08-31T14:09:42+09:00
352375450,못 미더운 악녀입니다만 : ~추궁접서 교체전~ 7,못 미더운 악녀입니다만 : ~추궁접서 교체전~,7,,,EI Ohitsuji,서울미디어코믹스(서울문화사),2024-11,6300,9.7,826,489,2026-08-31T14:09:42+09:00
400662517,특급 알파가 사랑한 오메가,특급 알파가 사랑한 오메가,,,,Ayumi Kannami,서울미디어코믹스(서울문화사),2026-08,7650,,580,490,2026-08-31T14:09:42+09:00
400708015,영국 낭만 희화 포레스트 아이비 1,영국 낭만 희화 포레스트 아이비,1,,,아마자케 시마,대원씨아이(만화),2026-08,6300,,590,491,2026-08-31T14:09:42+09:00
400856418,미와 씨 행세를 합니다 14,미와 씨 행세를 합니다,14,,,아오키 유헤이,대원씨아이(만화),2026-08,5850,,480,492,2026-08-31T14:09:42+09:00
401049347,냄비로 총알을 막아내며 3,냄비로 총알을 막아내며,3,,,아오키 준타로,블루픽,2026-08,7200,,410,493,2026-08-31T14:09:42+09:00
401049303,냄비로 총알을 막아내며 2,냄비로 총알을 막아내며,2,,,아오키 준타로,블루픽,2026-08,7200,,410,494,2026-08-31T14:09:42+09:00
401047138,장송의 프리렌 10,장송의 프리렌,10,,,야마다 카네히토,학산문화사(만화),2026-08,6300,,480,495,2026-08-31T14:09:42+09:00
400878277,오컬트 타임즈 1 (한정판),오컬트 타임즈,1,한정판,- 일반판 초판 부록 + 아코디언 일러스트 엽서 세트 + 시로&레이 아크릴 키링,Idonchi,서울미디어코믹스(서울문화사),2026-08,22500,,410,496,2026-08-31T14:09:42+09:00
309862975,모 이야기,모 이야기,,,"- 숲속 모험, 2024 볼로냐 라가치상 오페라 프리마 스페셜 멘션, 2025 프랑스 소시에르상 수상작",최연주,엣눈북스(atnoonbooks),2023-02,19800,9.6,10440,497,2026-08-31T14:09:42+09:00
312942363,타코피의 원죄 - 상,타코피의 원죄 - 상,,,,타이잔5,대원씨아이(만화),2023-03,5400,9.9,10203,498,2026-08-31T14:09:42+09:00
394027323,야마다의 학급일지 4,야마다의 학급일지,4,,"- 완결, 초판 한정 : 야마다 & 무라타 일러스트 카드 3종",아오미 루이,서울미디어코믹스(서울문화사),2026-05,5850,9.8,9975,499,2026-08-31T14:09:42+09:00
312942437,타코피의 원죄 - 하,타코피의 원죄 - 하,,,,타이잔5,대원씨아이(만화),2023-03,5400,8.8,9952,500,2026-08-31T14:09:42+09:00
391479763,"사랑하라, 거짓된 천사들이여 6","사랑하라, 거짓된 천사들이여",6,,- 초판 한정 특전 : 양면 일러스트 카드 2종(지류),Coco Uzuki,서울미디어코믹스(서울문화사),2026-04,5400,10.0,9520,501,2026-08-31T14:09:42+09:00
374965771,불가항력의 I LOVE YOU 6,불가항력의 I LOVE YOU,6,,,호시노 미즈키,서울미디어코믹스(서울문화사),2025-10,5400,9.7,8753,502,2026-08-31T14:09:42+09:00
387160732,반딧불이의 혼례 9,반딧불이의 혼례,9,,,타치바나 오레코,서울미디어코믹스(서울문화사),2026-02,7650,9.7,8405,503,2026-08-31T14:09:42+09:00
338040640,사피엔스 : 그래픽 히스토리 Vol.3,사피엔스 : 그래픽 히스토리 Vol.3,,,- 역사의 배후,,김영사,2024-04,17820,9.5,8330,504,2026-08-31T14:09:42+09:00
393727271,전지적 독자 시점 19,전지적 독자 시점,19,,- 초판한정: 캐릭터 카드 1종 + 엽서 1종,슬리피-C,에이템포미디어,2026-05,14850,10.0,7905,505,2026-08-31T14:09:42+09:00
374276000,마남 이치 2 (더블 특전판),마남 이치,2,더블 특전판,- 홀로그램 일러스트 카드 1종 + 일러스트 책갈피 3종,유사자키 시로,서울미디어코믹스(서울문화사),2025-10,6300,9.6,7946,506,2026-08-31T14:09:42+09:00
329206984,향기로운 꽃은 늠름하게 핀다 3,향기로운 꽃은 늠름하게 핀다,3,,,미카미 사카,대원씨아이(만화),2023-11,5400,10.0,7576,507,2026-08-31T14:09:42+09:00
307634607,주술회전 21,주술회전,21,,- 도쿄 제2콜로니 -호운-,아쿠타미 게게,서울미디어코믹스(서울문화사),2022-12,5400,9.7,7774,508,2026-08-31T14:09:42+09:00
323339691,주술회전 23,주술회전,23,,- 별과 기름,아쿠타미 게게,서울미디어코믹스(서울문화사),2023-08,5400,9.9,7497,509,2026-08-31T14:09:42+09:00
343487620,향기로운 꽃은 늠름하게 핀다 10,향기로운 꽃은 늠름하게 핀다,10,,,미카미 사카,대원씨아이(만화),2024-07,5400,9.9,6977,510,2026-08-31T14:09:42+09:00
350620490,향기로운 꽃은 늠름하게 핀다 11,향기로운 꽃은 늠름하게 핀다,11,,,미카미 사카,대원씨아이(만화),2024-10,5400,9.8,6862,511,2026-08-31T14:09:42+09:00
384668324,어린이 탐구 생활,어린이 탐구 생활,,,,이다,창비,2026-01,15120,9.9,6809,512,2026-08-31T14:09:42+09:00
345263957,카구라바치 1,카구라바치,1,,,호카조노 타케루,대원씨아이(만화),2024-08,5850,9.2,6176,513,2026-08-31T14:09:42+09:00
216773326,그 비스크 돌은 사랑을 한다 1,그 비스크 돌은 사랑을 한다,1,,- S코믹스,후쿠다 신이치,㈜소미미디어,2019-11,6300,9.4,6029,514,2026-08-31T14:09:42+09:00
333717879,봄의 폭풍과 몬스터 3,봄의 폭풍과 몬스터,3,,,미츠바치 미유키,학산문화사(만화),2024-02,5400,9.9,5874,515,2026-08-31T14:09:42+09:00
386563480,단다단 19,단다단,19,,,타츠 유키노부,대원씨아이(만화),2026-02,5400,10.0,5904,516,2026-08-31T14:09:42+09:00
388349538,카구라바치 9 (특별판),카구라바치,9,특별판,"- 토비무네, 아크릴 스탠드 2종 + 자개풍 홀로그램 아크릴 코스터 1종 + 화투풍 능력카드 4종 + 갤러리 보드 1종 + 후가공 일러스트카드 1종 + 렌티큘러 카드 1종 + 초판한정 일러스트 시네마 티켓 1종 + 더블특전 요도 계약자 pp 북마크",호카조노 타케루,대원씨아이(만화),2026-03,35550,10.0,5759,517,2026-08-31T14:09:42+09:00
398289014,첫사랑은 나의 오빠 1,첫사랑은 나의 오빠,1,,,카스미 유코,서울미디어코믹스(서울문화사),2026-07,5850,9.3,5285,518,2026-08-31T14:09:42+09:00
388137308,믹스 MIX 24,믹스 MIX,24,,,아다치 미츠루,대원씨아이(만화),2026-03,5400,10.0,5274,519,2026-08-31T14:09:42+09:00
349201937,일러스트레이터를 위한 구도와 서사 마스터 가이드북 : COMPOSITION & NARRATIVE,일러스트레이터를 위한 구도와 서사 마스터 가이드북 : COMPOSITION & NARRATIVE,,,,3D토털 퍼블리싱,영진.com(영진닷컴),2024-10,28800,10.0,5252,520,2026-08-31T14:09:42+09:00
297902307,헌터x헌터 HunterXHunter 신장판 3,헌터x헌터 HunterXHunter 신장판,3,,,토가시 요시히로,학산문화사(만화),2013-08,5400,,5437,521,2026-08-31T14:09:42+09:00
385131522,야마다 군과 Lv999의 사랑을 하다 4,야마다 군과 Lv999의 사랑을 하다,4,,,마시로,디앤씨미디어(주)(D&C미디어),2026-01,7200,9.8,5112,522,2026-08-31T14:09:42+09:00
354350979,사카모토 데이즈 15,사카모토 데이즈,15,,- 세기의 킬러전,스즈키 유우토,대원씨아이(만화),2024-04,5850,,4860,523,2026-08-31T14:09:42+09:00
356890627,사카모토 데이즈 14,사카모토 데이즈,14,,- 기묘한 흔적,스즈키 유우토,대원씨아이(만화),2024-03,5850,,4877,524,2026-08-31T14:09:42+09:00
301708653,주술회전 11,주술회전,11,,,아쿠타미 게게,서울미디어코믹스(서울문화사),2021-01,5400,,4821,525,2026-08-31T14:09:42+09:00
395357833,전생했더니 슬라임이었던 건에 대하여 23,전생했더니 슬라임이었던 건에 대하여,23,,"- S Novel+, 완결 / 초판 한정 책갈피, 양면커버",후세,㈜소미미디어,2026-06,12600,,4445,526,2026-08-31T14:09:42+09:00
397904315,보석함에 사랑을 채우자 1 (한정판),보석함에 사랑을 채우자,1,한정판,"- 한정판 구성: 아웃박스, 단행본(일반판 부록 없이 도서만), 아크릴 키링, 캔배지 2종, 포토카드 1매",미키모토 린,학산문화사(만화),2026-07,22500,5.0,4510,527,2026-08-31T14:09:42+09:00
390010927,황천의 츠가이 7,황천의 츠가이,7,,,아라카와 히로무,대원씨아이(만화),2026-04,5850,,4244,528,2026-08-31T14:09:42+09:00
393717139,86 에이티식스 14,86 에이티식스,14,,"- Paint it Black, Novel Engine",아사토 아사토,데이즈엔터(주),2026-06,7200,10.0,4210,529,2026-08-31T14:09:42+09:00
358899876,극락가 1,극락가,1,,,사노 유토,대원씨아이(만화),2023-11,5850,8.0,4195,530,2026-08-31T14:09:42+09:00
392518926,오가미 츠미키와 기일상 6,오가미 츠미키와 기일상,6,,,모리시타 미유,학산문화사(만화),2026-05,5400,9.3,4230,531,2026-08-31T14:09:42+09:00
281358410,원피스 1,원피스,1,,- 동터오는 모험시대,오다 에이치로,대원씨아이(만화),2008-03,4950,10.0,4264,532,2026-08-31T14:09:42+09:00
295866022,하이큐!! 45,하이큐!!,45,,"- 완결, 도전자들",후루다테 하루이치,대원씨아이(만화),2020-12,4950,10.0,4196,533,2026-08-31T14:09:42+09:00
397294534,비교하고 검토하는 교열부의 쿠쥬 씨 1,비교하고 검토하는 교열부의 쿠쥬 씨,1,,,고이시 유카,서교책방,2026-07,11520,9.7,3960,534,2026-08-31T14:09:42+09:00
389641283,황천의 츠가이 6,황천의 츠가이,6,,,아라카와 히로무,대원씨아이(만화),2024-08,5850,,3943,535,2026-08-31T14:09:42+09:00
303284033,진격의 거인 18~34 박스 세트 Part 2 - 전17권,진격의 거인 18~34 박스 세트 Part 2 - 전17권,,,- PVC카드 17매 동봉,이사야마 하지메,학산문화사(만화),2022-10,91800,,3807,536,2026-08-31T14:09:42+09:00
290233284,하이큐!! 42,하이큐!!,42,,- 무엇,후루다테 하루이치,대원씨아이(만화),2020-07,4950,,3760,537,2026-08-31T14:09:42+09:00
301073130,하이큐!! 44,하이큐!!,44,,- 최강의 적,후루다테 하루이치,대원씨아이(만화),2020-11,4950,,3693,538,2026-08-31T14:09:42+09:00
397898246,역대급 영지 설계사 9,역대급 영지 설계사,9,,- 초판 한정 작가진 친필 사인 인쇄본 + 표지 일러스트 엽서 + 캐릭터 카드 3종,이현민,문페이스,2026-07,14400,,3450,539,2026-08-31T14:09:42+09:00
380346760,더블크로스 The 3rd Edition 룰북 2,더블크로스 The 3rd Edition 룰북,2,,,F.E.A.R,데이즈엔터(주),2025-12,13500,,3379,540,2026-08-31T14:09:42+09:00
300919153,헌터x헌터 HunterXHunter 신장판 14,헌터x헌터 HunterXHunter 신장판,14,,,토가시 요시히로,학산문화사(만화),2014-12,5400,,3598,541,2026-08-31T14:09:42+09:00
384923404,이세계 삼촌 13,이세계 삼촌,13,,- 픽시하우스,호톤도신데이루,데이즈엔터(주),2026-02,7200,,3432,542,2026-08-31T14:09:42+09:00
305225003,헌터x헌터 HunterXHunter 신장판 22,헌터x헌터 HunterXHunter 신장판,22,,,토가시 요시히로,학산문화사(만화),2016-04,5400,,3405,543,2026-08-31T14:09:42+09:00
378808440,블루 피리어드 1,블루 피리어드,1,,- 시프트코믹스,야마구치 츠바사,YNK MEDIA(만화),2025-11,5400,9.0,3413,544,2026-08-31T14:09:42+09:00
314918637,헌터x헌터 HunterXHunter 신장판 20,헌터x헌터 HunterXHunter 신장판,20,,,토가시 요시히로,학산문화사(만화),2015-12,5400,,3294,545,2026-08-31T14:09:42+09:00
396377705,블루 피리어드 5,블루 피리어드,5,,- 시프트코믹스,야마구치 츠바사,YNK MEDIA(만화),2026-06,5400,,3215,546,2026-08-31T14:09:42+09:00
397015748,어떤 여름방학,어떤 여름방학,,,,궁리(박조은),휴머니스트,2026-06,19800,,3160,547,2026-08-31T14:09:42+09:00
397162930,만화 데뷔 못 하면 죽는 병 걸림 4,만화 데뷔 못 하면 죽는 병 걸림,4,,,소흔,파인툰,2026-10,15750,,2915,548,2026-08-31T14:09:42+09:00
397022214,창천항로 애장판 2,창천항로 애장판,2,,,킹곤타,대원씨아이(만화),2026-06,16200,10.0,3075,549,2026-08-31T14:09:42+09:00
388510775,블루 피리어드 3,블루 피리어드,3,,- 시프트코믹스,야마구치 츠바사,YNK MEDIA(만화),2026-03,5400,10.0,2853,550,2026-08-31T14:09:42+09:00
378808731,블루 피리어드 2,블루 피리어드,2,,- 시프트코믹스,야마구치 츠바사,YNK MEDIA(만화),2025-12,5400,,2860,551,2026-08-31T14:09:42+09:00
399523141,정령환상기 28,정령환상기,28,,"- S Novel / 초판 한정 책갈피, 양면커버, 쇼트스토리 리플릿",키타야마 유리,㈜소미미디어,2026-08,8100,,2820,552,2026-08-31T14:09:42+09:00
323116716,얼굴만으론 좋아할 수 없어요 1,얼굴만으론 좋아할 수 없어요,1,,,안자이 카린,서울미디어코믹스(서울문화사),2022-01,5400,7.0,2861,553,2026-08-31T14:09:42+09:00
393153006,마가이모노 1,마가이모노,1,,"- 위작, S코믹스",쿠로카와 유미,㈜소미미디어,2026-05,8100,10.0,2705,554,2026-08-31T14:09:42+09:00
301917787,오란고교 호스트부 2,오란고교 호스트부,2,,,하토리 비스코,학산문화사(만화),2004-05,5400,,2631,555,2026-08-31T14:09:42+09:00
372904289,슬램덩크 오리지널 1~31 세트 - 전31권,슬램덩크 오리지널 1~31 세트 - 전31권,,,- 완결,이노우에 타케히코,대원씨아이(만화),2025-09,111600,,2668,556,2026-08-31T14:09:42+09:00
333640950,먼작귀 5,먼작귀,5,,- 먼가 작고 귀여운 녀석,나가노,미우(대원씨아이),2024-02,10800,10.0,2759,557,2026-08-31T14:09:42+09:00
399056156,보이는 여고생 12,보이는 여고생,12,,- 픽시하우스,이즈미 토모키,데이즈엔터(주),2026-08,7200,,2485,558,2026-08-31T14:09:42+09:00
387039298,이거 그리고 죽어 7,이거 그리고 죽어,7,,,토요다 미노루,대원씨아이(만화),2026-02,5400,9.5,2665,559,2026-08-31T14:09:42+09:00
389481532,묘쌤은 이렇게 말했다 10,묘쌤은 이렇게 말했다,10,,- S코믹스,무테키 소다,㈜소미미디어,2026-04,6300,9.5,2674,560,2026-08-31T14:09:42+09:00
324629346,그리고 마녀는 숲으로 갔다 1,그리고 마녀는 숲으로 갔다,1,,,산호,고블,2023-08,20700,9.2,3091,561,2026-08-31T14:09:42+09:00
320691848,먼작귀 3,먼작귀,3,,- 먼가 작고 귀여운 녀석,나가노,미우(대원씨아이),2023-02,10800,,2651,562,2026-08-31T14:09:42+09:00
321124579,먼작귀 1,먼작귀,1,,- 먼가 작고 귀여운 녀석,나가노,미우(대원씨아이),2022-06,10800,,2629,563,2026-08-31T14:09:42+09:00
396091726,나의 행복한 결혼 6,나의 행복한 결혼,6,,,코사카 리토,서울미디어코믹스(서울문화사),2026-06,4950,9.7,2485,564,2026-08-31T14:09:42+09:00
376977094,오디세이,오디세이,,,"- 사로잡는 강렬한 그래픽, 교실에서 검증된 탁월한 해석력, 누구나 완독할 수 있는",가레스 하인즈,인간희극,2025-12,16200,9.0,2381,565,2026-08-31T14:09:42+09:00
395945174,너와 우주를 걷기 위하여 5,너와 우주를 걷기 위하여,5,,,도로노다 이누히코,학산문화사(만화),2026-06,5400,9.7,2285,566,2026-08-31T14:09:42+09:00
398326987,소드 오라토리아 16,소드 오라토리아,16,,"- 던전에서 만남을 추구하면 안 되는 걸까 외전, S Novel",오모리 후지노,㈜소미미디어,2026-07,10800,,2335,567,2026-08-31T14:09:42+09:00
232336577,달빛천사 애장판 3,달빛천사 애장판,3,,,타네무라 아리나,서울미디어코믹스(서울문화사),2020-02,8550,10.0,2447,568,2026-08-31T14:09:42+09:00
232338320,달빛천사 애장판 4,달빛천사 애장판,4,,- 완결,타네무라 아리나,서울미디어코믹스(서울문화사),2020-02,8550,10.0,2422,569,2026-08-31T14:09:42+09:00
380346759,더블크로스 The 3rd Edition 상급 룰북,더블크로스 The 3rd Edition 상급 룰북,,,,F.E.A.R,데이즈엔터(주),2025-12,31500,,2120,570,2026-08-31T14:09:42+09:00
378051373,카구라바치 8,카구라바치,8,,,호카조노 타케루,대원씨아이(만화),2025-11,5850,,2255,571,2026-08-31T14:09:42+09:00
374878126,사카모토 데이즈 23,사카모토 데이즈,23,,- 신생살연,스즈키 유우토,대원씨아이(만화),2025-10,5850,,2313,572,2026-08-31T14:09:42+09:00
334207343,얼굴만으론 좋아할 수 없어요 5,얼굴만으론 좋아할 수 없어요,5,,,안자이 카린,서울미디어코믹스(서울문화사),2022-09,5400,,1918,573,2026-08-31T14:09:42+09:00
335854597,얼굴만으론 좋아할 수 없어요 9,얼굴만으론 좋아할 수 없어요,9,,,안자이 카린,서울미디어코믹스(서울문화사),2024-03,5400,10.0,1837,574,2026-08-31T14:09:42+09:00
385522632,절대 BL이 되는 세계 & 절대 BL이 되지 않는 고교 생활 1,절대 BL이 되는 세계 & 절대 BL이 되지 않는 고교 생활,1,,,콘키치,학산문화사(만화),2026-02,7200,9.0,1818,575,2026-08-31T14:09:42+09:00
325418441,먼작귀 2,먼작귀,2,,- 먼가 작고 귀여운 녀석,나가노,미우(대원씨아이),2022-08,10800,,1988,576,2026-08-31T14:09:42+09:00
342916553,얼굴만으론 좋아할 수 없어요 10,얼굴만으론 좋아할 수 없어요,10,,,안자이 카린,서울미디어코믹스(서울문화사),2024-07,5400,,1774,577,2026-08-31T14:09:42+09:00
366271674,정반대의 너와 나 7,정반대의 너와 나,7,,,아가사와 코챠,학산문화사(만화),2025-06,5400,9.9,1844,578,2026-08-31T14:09:42+09:00
399050317,블루 피리어드 6 (더블 특전판),블루 피리어드,6,더블 특전판,"- 시프트코믹스 /초판 더블 특전 : 일러스트 카드 1종, 박티켓 책갈피 1종",야마구치 츠바사,YNK MEDIA(만화),2026-07,5400,,1800,579,2026-08-31T14:09:42+09:00
316396526,진격의 거인 14,진격의 거인,14,,,이사야마 하지메,학산문화사(만화),2014-09,5400,,1667,580,2026-08-31T14:09:42+09:00
397222553,데포르메 세계 그리는 법,데포르메 세계 그리는 법,,,,시마리스 유키치,잉크잼(잼스푼),2026-07,19800,,1960,581,2026-08-31T14:09:42+09:00
399782211,평화로운 나라의 시마자키에게 11,평화로운 나라의 시마자키에게,11,,,세시모 타케시,학산문화사(만화),2026-08,5400,10.0,1720,582,2026-08-31T14:09:42+09:00
400364294,이기적 연애론 3,이기적 연애론,3,,,교교박,다산코믹스,2026-08,16020,,1620,583,2026-08-31T14:09:42+09:00
395945478,향기로운 꽃은 늠름하게 핀다 9,향기로운 꽃은 늠름하게 핀다,9,,,미카미 사카,대원씨아이(만화),2026-06,6300,,1655,584,2026-08-31T14:09:42+09:00
391289012,재혼황후 10,재혼황후,10,,- 만화,히어리,영컴(YOUNG COM),2026-03,14400,,1609,585,2026-08-31T14:09:42+09:00
400258397,세월이 흘러 다리로 간다 12,세월이 흘러 다리로 간다,12,,,히다카 쇼코,서울미디어코믹스(서울문화사),2026-08,6300,10.0,1330,586,2026-08-31T14:09:42+09:00
400007223,버림받은 공작 부인은 평온한 생활을 희망합니다 1,버림받은 공작 부인은 평온한 생활을 희망합니다,1,,- ROSY,카레야타미에,미스터블루,2026-08,9900,,1210,587,2026-08-31T14:09:42+09:00
381584698,Re : 제로부터 시작하는 이세계 생활 28,Re : 제로부터 시작하는 이세계 생활,28,,- Novel Engine,나가츠키 탓페이,데이즈엔터(주),2025-12,7200,10.0,1363,588,2026-08-31T14:09:42+09:00
396803899,"새벽, 구름, 강 6","새벽, 구름, 강",6,,- 완결,마증지,봄툰,2026-06,15300,,1250,589,2026-08-31T14:09:42+09:00
396049323,곰과 토끼는 친구로 지낼 수 없다 1,곰과 토끼는 친구로 지낼 수 없다,1,,,이누요시 아키라,대원씨아이(만화),2026-06,6300,,1300,590,2026-08-31T14:09:42+09:00
399045968,SCP가 뭔가요? 2,SCP가 뭔가요?,2,,,하치훈,대원씨아이(만화),2026-07,5850,10.0,1210,591,2026-08-31T14:09:42+09:00
271061787,비밀알바 : 도망금지 1,비밀알바 : 도망금지,1,,,다구치 쇼타로,문학동네,2021-05,8550,8.9,1269,592,2026-08-31T14:09:42+09:00
278587704,비밀알바 : 도망금지 2,비밀알바 : 도망금지,2,,,다구치 쇼타로,문학동네,2021-08,8550,9.0,1242,593,2026-08-31T14:09:42+09:00
391206653,데스 노트 Death Note 10,데스 노트 Death Note,10,,,오바 츠구미,대원씨아이(만화),2026-04,6300,,1125,594,2026-08-31T14:09:42+09:00
391206780,데스 노트 Death Note 11,데스 노트 Death Note,11,,,오바 츠구미,대원씨아이(만화),2006-10,6300,,1095,595,2026-08-31T14:09:42+09:00
400136893,뻐꾸기 커플 31,뻐꾸기 커플,31,,,요시카와 미키,학산문화사(만화),2026-08,5400,,1120,596,2026-08-31T14:09:42+09:00
392651381,데스 노트 Death Note 9,데스 노트 Death Note,9,,,오바 츠구미,대원씨아이(만화),2026-05,6300,,1050,597,2026-08-31T14:09:42+09:00
399973927,여주인공인데 잘생긴 아이돌♂이 되었습니다?! 3,여주인공인데 잘생긴 아이돌♂이 되었습니다?!,3,,,아이젠 마나,학산문화사(만화),2026-08,5400,,1060,598,2026-08-31T14:09:42+09:00
391302897,못 미더운 악녀입니다만 : ~추궁접서 교체전~ 9,못 미더운 악녀입니다만 : ~추궁접서 교체전~,9,,,EI Ohitsuji,서울미디어코믹스(서울문화사),2026-04,6300,10.0,1340,599,2026-08-31T14:09:42+09:00
400585956,통제구역관리부 4,통제구역관리부,4,,,탄광,다산코믹스,2026-08,18900,,870,600,2026-08-31T14:09:42+09:00
398284900,공정 드래곤즈 21,공정 드래곤즈,21,,,쿠와바라 타쿠,대원씨아이(만화),2026-07,5400,10.0,940,601,2026-08-31T14:09:42+09:00
399925554,최애의 성벽이 너무 위험하다고요! 1,최애의 성벽이 너무 위험하다고요!,1,,- BB코믹스,하루지ON,㈜소미미디어,2026-08,5850,,880,602,2026-08-31T14:09:42+09:00
400653356,"매지컬★익스플로러 : 에로게임의 친구 캐릭터로 전생했지만, 게임 지식을 써서 자유롭게 살아간다 12","매지컬★익스플로러 : 에로게임의 친구 캐릭터로 전생했지만, 게임 지식을 써서 자유롭게 살아간다",12,,- 시프트코믹스,이리스,YNK MEDIA(만화),2026-08,6300,,750,603,2026-08-31T14:09:42+09:00
339953785,못 미더운 악녀입니다만 : ~추궁접서 교체전~ 6,못 미더운 악녀입니다만 : ~추궁접서 교체전~,6,,,EI Ohitsuji,서울미디어코믹스(서울문화사),2024-05,6300,9.3,823,604,2026-08-31T14:09:42+09:00
400662468,룸 투어즈 2,룸 투어즈,2,,,마츠모토 토모,서울미디어코믹스(서울문화사),2026-08,5400,10.0,680,605,2026-08-31T14:09:42+09:00
400662384,꿈사랑 ~꿈에서 우리는 사랑에 빠진다~ 4,꿈사랑 ~꿈에서 우리는 사랑에 빠진다~,4,,- 완결,키타다 료마,서울미디어코믹스(서울문화사),2026-08,7650,,630,606,2026-08-31T14:09:42+09:00
319312677,못 미더운 악녀입니다만 : ~추궁접서 교체전~ 4,못 미더운 악녀입니다만 : ~추궁접서 교체전~,4,,,EI Ohitsuji,서울미디어코믹스(서울문화사),2023-06,6300,10.0,783,607,2026-08-31T14:09:42+09:00
400585953,떨거지 인어 디아나 1,떨거지 인어 디아나,1,,- S코믹스,스아마,㈜소미미디어,2026-08,6300,,720,608,2026-08-31T14:09:42+09:00
400921444,페이스리스 드롭아웃 1,페이스리스 드롭아웃,1,,- S Novel+,류토,㈜소미미디어,2026-09,10800,,550,609,2026-08-31T14:09:42+09:00
329581311,못 미더운 악녀입니다만 : ~추궁접서 교체전~ 5,못 미더운 악녀입니다만 : ~추궁접서 교체전~,5,,,EI Ohitsuji,서울미디어코믹스(서울문화사),2023-11,6300,10.0,742,610,2026-08-31T14:09:42+09:00
398200687,톰 폭스의 옷을 입은 캐릭터 드로잉 : 옷과 주름 그리기 워크북,톰 폭스의 옷을 입은 캐릭터 드로잉 : 옷과 주름 그리기 워크북,,,,톰 폭스,한즈미디어(한스미디어),2026-07,19800,,725,611,2026-08-31T14:09:42+09:00
400649530,친구 여동생이 나한테만 짜증나게 군다 9,친구 여동생이 나한테만 짜증나게 군다,9,,- SL Comic,히라오카 히라,디앤씨미디어(주)(D&C미디어),2026-08,6300,,530,612,2026-08-31T14:09:42+09:00
395170494,133cm의 풍경 4,133cm의 풍경,4,,,히루노 츠키코,학산문화사(만화),2026-06,5400,9.7,515,613,2026-08-31T14:09:42+09:00
400708005,신에게 맹세코 거짓입니다 2,신에게 맹세코 거짓입니다,2,,,마츠모토 스이세이,대원씨아이(만화),2026-08,6300,,450,614,2026-08-31T14:09:42+09:00
400930360,마로니에 왕국의 7인의 기사 7,마로니에 왕국의 7인의 기사,7,,,이와모토 나오,㈜소미미디어,2026-09,6300,,380,615,2026-08-31T14:09:42+09:00
400909486,회각의 용사 2,회각의 용사,2,,,사토 타카아키,미우(대원씨아이),2026-08,5850,,380,616,2026-08-31T14:09:42+09:00
400876143,1to10 2,1to10,2,,"- 초판 1쇄 한정 부록: 띠지, 포토카드 1매. 판스티커 1매",NOD,레진코믹스(레진엔터테인먼트),2026-08,14400,,480,617,2026-08-31T14:09:42+09:00
400876098,1to10 1,1to10,1,,"- 초판 1쇄 한정 부록 : 띠지, 포토카드 1매. 판스티커 1매",NOD,레진코믹스(레진엔터테인먼트),2026-08,14400,,480,618,2026-08-31T14:09:42+09:00
400707987,순애 러브하울링,순애 러브하울링,,,- B愛+751,시에로,대원씨아이(만화),2026-08,5850,,390,619,2026-08-31T14:09:42+09:00
400856416,벼랑 끝의 영애는 흑기사님을 반하게 하고 싶어 1,벼랑 끝의 영애는 흑기사님을 반하게 하고 싶어,1,,,스오우,대원씨아이(만화),2026-08,5850,,460,620,2026-08-31T14:09:42+09:00
366123624,스파이 패밀리 15,스파이 패밀리,15,,,엔도 타츠야,학산문화사(만화),2025-06,5400,9.9,15847,621,2026-08-31T14:09:42+09:00
350992427,팬텀 버스터즈 1,팬텀 버스터즈,1,,- S코믹스,네오쇼코,㈜소미미디어,2024-11,5850,9.4,13351,622,2026-08-31T14:09:42+09:00
311984400,히카루가 죽은 여름 1,히카루가 죽은 여름,1,,- SL Comic,모쿠모쿠렌,디앤씨미디어(주)(D&C미디어),2023-03,5400,9.6,11722,623,2026-08-31T14:09:42+09:00
397903959,새벽의 연화 47 (한정판),새벽의 연화,47,한정판,- 일러스트집 + 단행본,미즈호 쿠사나기,학산문화사(만화),2026-07,19800,10.0,11465,624,2026-08-31T14:09:42+09:00
387708305,월간순정 노자키 군 17,월간순정 노자키 군,17,,,츠바키 이즈미,학산문화사(만화),2026-03,5400,9.8,11445,625,2026-08-31T14:09:42+09:00
376257892,그 비스크 돌은 사랑을 한다 15,그 비스크 돌은 사랑을 한다,15,,- S코믹스,후쿠다 신이치,㈜소미미디어,2025-11,5400,9.4,8759,626,2026-08-31T14:09:42+09:00
384918469,루리 드래곤 4,루리 드래곤,4,,,신도 마사오키,서울미디어코믹스(서울문화사),2026-01,5400,9.6,8751,627,2026-08-31T14:09:42+09:00
373273268,히카루가 죽은 여름 7,히카루가 죽은 여름,7,,- SL Comic,모쿠모쿠렌,디앤씨미디어(주)(D&C미디어),2025-10,5850,9.6,8588,628,2026-08-31T14:09:42+09:00
327563621,향기로운 꽃은 늠름하게 핀다 2,향기로운 꽃은 늠름하게 핀다,2,,,미카미 사카,대원씨아이(만화),2023-10,5400,9.8,8130,629,2026-08-31T14:09:42+09:00
291463925,원피스 101,원피스,101,,- 주연 등장,오다 에이치로,대원씨아이(만화),2022-03,4950,9.7,8309,630,2026-08-31T14:09:42+09:00
378768331,모모세 아키라의 첫사랑 파탄 중 2 (트리플 특전판),모모세 아키라의 첫사랑 파탄 중,2,트리플 특전판,- 홀로그램 일러스트 카드(1종) + 반전 매력의 양면 일러스트 카드(2종),하레카와 신타,서울미디어코믹스(서울문화사),2025-11,6750,10.0,8124,631,2026-08-31T14:09:42+09:00
388821136,중년에 지친 밤에는,중년에 지친 밤에는,,,,마스다 미리,북포레스트,2026-03,16200,9.4,7976,632,2026-08-31T14:09:42+09:00
366666131,반딧불이의 혼례 7,반딧불이의 혼례,7,,,타치바나 오레코,서울미디어코믹스(서울문화사),2025-06,7650,9.8,7799,633,2026-08-31T14:09:42+09:00
286833118,장송의 프리렌 4,장송의 프리렌,4,,,야마다 카네히토,학산문화사(만화),2022-01,5400,9.3,7517,634,2026-08-31T14:09:42+09:00
301706355,주술회전 1,주술회전,1,,,아쿠타미 게게,서울미디어코믹스(서울문화사),2019-03,5400,4.0,7460,635,2026-08-31T14:09:42+09:00
372708826,향기로운 꽃은 늠름하게 핀다 16,향기로운 꽃은 늠름하게 핀다,16,,,미카미 사카,대원씨아이(만화),2025-09,5400,9.8,6964,636,2026-08-31T14:09:42+09:00
316015391,주술회전 22,주술회전,22,,- 사쿠라지마 콜로니 -환생-,아쿠타미 게게,서울미디어코믹스(서울문화사),2023-05,5400,10.0,7149,637,2026-08-31T14:09:42+09:00
332987456,향기로운 꽃은 늠름하게 핀다 5,향기로운 꽃은 늠름하게 핀다,5,,,미카미 사카,대원씨아이(만화),2024-01,5400,10.0,6803,638,2026-08-31T14:09:42+09:00
399784385,별정직 공무원 5 (특별판),별정직 공무원,5,특별판,- 아크릴 누들 스토퍼 + 미니 포스터 5종 + 마우스패드 + 일러스트 포토 4종 + 특별판 박스 (상시 부록 '포토카드' 포함),서재원,학산문화사(만화),2026-08,38700,10.0,6620,639,2026-08-31T14:09:42+09:00
327556882,마루는 강쥐 2,마루는 강쥐,2,,,모죠,문페이스,2023-11,14400,10.0,6263,640,2026-08-31T14:09:42+09:00
315295029,귀멸 학원! 3,귀멸 학원!,3,,,호카미 나츠키,학산문화사(만화),2023-04,5400,9.6,6167,641,2026-08-31T14:09:42+09:00
329151499,봄의 폭풍과 몬스터 2,봄의 폭풍과 몬스터,2,,,미츠바치 미유키,학산문화사(만화),2023-11,5400,9.7,6111,642,2026-08-31T14:09:42+09:00
395999849,이다의 날마다 자연관찰,이다의 날마다 자연관찰,,,- 어린이를 위한 자연관찰 그림일기,이다,보리,2026-06,16650,10.0,5800,643,2026-08-31T14:09:42+09:00
358910246,명탐정 코난 106 (특장판),명탐정 코난,106,특장판,- 아크릴 스탠드(PET 재질) + 아코디언 카드 + 그림 콘티 카드 세트,아오야마 고쇼,서울미디어코믹스(서울문화사),2025-02,10800,7.0,5840,644,2026-08-31T14:09:42+09:00
365659712,타워 던전 1,타워 던전,1,,,니헤이 츠토무,학산문화사(만화),2025-06,6300,9.6,5549,645,2026-08-31T14:09:42+09:00
349422137,봄의 폭풍과 몬스터 5,봄의 폭풍과 몬스터,5,,,미츠바치 미유키,학산문화사(만화),2024-10,5400,9.8,5259,646,2026-08-31T14:09:42+09:00
379953360,슈퍼 러버즈 18,슈퍼 러버즈,18,,,아베 미유키,서울미디어코믹스(서울문화사),2025-12,5400,10.0,5066,647,2026-08-31T14:09:42+09:00
340823801,봄의 폭풍과 몬스터 4,봄의 폭풍과 몬스터,4,,,미츠바치 미유키,학산문화사(만화),2024-06,5400,10.0,4749,648,2026-08-31T14:09:42+09:00
294153055,헌터x헌터 HunterXHunter 신장판 7,헌터x헌터 HunterXHunter 신장판,7,,,토가시 요시히로,학산문화사(만화),2014-01,5400,,4823,649,2026-08-31T14:09:42+09:00
344711414,명탐정 코난 105,명탐정 코난,105,,,아오야마 고쇼,서울미디어코믹스(서울문화사),2024-08,5400,9.8,4642,650,2026-08-31T14:09:42+09:00
291942810,나루토 Naruto 1,나루토 Naruto,1,,,키시모토 마사시,대원씨아이(만화),2000-09,4950,,4573,651,2026-08-31T14:09:42+09:00
349748255,마루는 강쥐 5,마루는 강쥐,5,,,모죠,문페이스,2024-10,14400,,4535,652,2026-08-31T14:09:42+09:00
395809429,비실비실 선생님 14,비실비실 선생님,14,,,후쿠치 카미오,대원씨아이(만화),2026-06,5850,,4460,653,2026-08-31T14:09:42+09:00
301714398,주술회전 14,주술회전,14,,- 시부야 사변 -이비-,아쿠타미 게게,서울미디어코믹스(서울문화사),2021-04,5400,,4351,654,2026-08-31T14:09:42+09:00
396455881,시온 군이 말하는 대로 1,시온 군이 말하는 대로,1,,,Neko Inukai,서울미디어코믹스(서울문화사),2026-06,5850,,4405,655,2026-08-31T14:09:42+09:00
373271203,마루는 강쥐 8,마루는 강쥐,8,,,모죠,문페이스,2025-10,14400,,4547,656,2026-08-31T14:09:42+09:00
379009893,내 마음의 위험한 녀석 12,내 마음의 위험한 녀석,12,,- S코믹스,사쿠라이 노리오,㈜소미미디어,2025-12,5400,9.0,4379,657,2026-08-31T14:09:42+09:00
399523259,놀이의 관계 2,놀이의 관계,2,,- S Novel,아오이 세키나,㈜소미미디어,2026-08,7650,10.0,4210,658,2026-08-31T14:09:42+09:00
301708798,주술회전 13,주술회전,13,,,아쿠타미 게게,서울미디어코믹스(서울문화사),2021-03,5400,,4062,659,2026-08-31T14:09:42+09:00
280309364,신부이야기 13,신부이야기,13,,,모리 카오루,대원씨아이(만화),2021-09,7200,9.6,3974,660,2026-08-31T14:09:42+09:00
355679069,카구라바치 3,카구라바치,3,,,호카조노 타케루,대원씨아이(만화),2025-01,5850,9.7,4010,661,2026-08-31T14:09:42+09:00
81953629,용의 귀여운 일곱 아이 : 쿠이 료코 작품집,용의 귀여운 일곱 아이 : 쿠이 료코 작품집,,,- S코믹스,쿠이 료코,㈜소미미디어,2016-04,6300,8.7,4068,662,2026-08-31T14:09:42+09:00
350095146,매거진 조이 Vol.1 : 집이 없어,매거진 조이 Vol.1 : 집이 없어,,,,와난,다산코믹스,2024-11,18900,8.8,3926,663,2026-08-31T14:09:42+09:00
365816384,야쿠자 때문에 목욕탕에서 일하고 있습니다 1,야쿠자 때문에 목욕탕에서 일하고 있습니다,1,,- 루나 코믹스,타카시,㈜소미미디어,2025-06,5850,9.8,4066,664,2026-08-31T14:09:42+09:00
322441129,꿈빛 파티시엘 신장판 2,꿈빛 파티시엘 신장판,2,,,마츠모토 나츠미,대원씨아이(만화),2023-08,5400,,3840,665,2026-08-31T14:09:42+09:00
86997362,용의 학교는 산 위에,용의 학교는 산 위에,,,"- 쿠이 료코 작품집, S코믹스",쿠이 료코,㈜소미미디어,2016-07,8550,9.4,3867,666,2026-08-31T14:09:42+09:00
366119898,나의 열두 살에게,나의 열두 살에게,,,,소복이,나무의말,2025-06,17820,9.5,3732,667,2026-08-31T14:09:42+09:00
310412096,기븐 8,기븐,8,,- 뉴 루비코믹스 2865,키즈 나츠키,현대지능개발사,2023-02,5400,9.6,3718,668,2026-08-31T14:09:42+09:00
158321666,토미에 - 상,토미에 - 상,,,,이토 준지,시공사(만화),2018-07,12600,8.0,3737,669,2026-08-31T14:09:42+09:00
316124839,운명의 사람을 만나는 이야기 1,운명의 사람을 만나는 이야기,1,,,아나신,학산문화사(만화),2023-06,5400,9.3,3539,670,2026-08-31T14:09:42+09:00
394124156,캐릭캐릭 체인지! Jewel Joker 주얼 조커 3 (특장판),캐릭캐릭 체인지! Jewel Joker 주얼 조커,3,특장판,- 슬리브 케이스 + 일러스트 엽서 5종 + 이쿠토&타다세 아크릴 블록 세트(일반판 초판 특전 미포함),PEACH-PIT,서울미디어코믹스(서울문화사),2026-05,36000,,3560,671,2026-08-31T14:09:42+09:00
395849750,놀이의 관계 1,놀이의 관계,1,,"- 초판 한정: 책갈피, 양면 커버, 양면 일러스트 카드, S Novel",아오이 세키나,㈜소미미디어,2026-06,7650,10.0,3985,672,2026-08-31T14:09:42+09:00
298280625,헌터x헌터 HunterXHunter 신장판 15,헌터x헌터 HunterXHunter 신장판,15,,,토가시 요시히로,학산문화사(만화),2015-04,5400,,3458,673,2026-08-31T14:09:42+09:00
298280697,헌터x헌터 HunterXHunter 신장판 23,헌터x헌터 HunterXHunter 신장판,23,,,토가시 요시히로,학산문화사(만화),2016-05,5400,,3373,674,2026-08-31T14:09:42+09:00
387319205,불교와 친해지는 만화 사찰의 상징세계,불교와 친해지는 만화 사찰의 상징세계,,,- 8박사 자현 스님이 아낌없이 들려주는 매혹적인 사찰 이야기,일우 자현,불광출판사,2026-03,19800,9.7,3279,675,2026-08-31T14:09:42+09:00
370424575,사카모토 데이즈 22,사카모토 데이즈,22,,- 텐큐vs신,스즈키 유우토,대원씨아이(만화),2025-08,5850,,3244,676,2026-08-31T14:09:42+09:00
314918984,헌터x헌터 HunterXHunter 신장판 28,헌터x헌터 HunterXHunter 신장판,28,,,토가시 요시히로,학산문화사(만화),2016-12,5400,,3298,677,2026-08-31T14:09:42+09:00
398009982,한구석의 기억 1,한구석의 기억,1,,,키요나가 타마고,빗금,2026-07,6750,10.0,3150,678,2026-08-31T14:09:42+09:00
393514967,아름다운 인체 그리기 레슨,아름다운 인체 그리기 레슨,,,,후지타쿠,한즈미디어(한스미디어),2026-05,16200,9.7,2995,679,2026-08-31T14:09:42+09:00
299654606,하이큐!! 41,하이큐!!,41,,- 작은 거인 VS,후루다테 하루이치,대원씨아이(만화),2020-04,4950,,3036,680,2026-08-31T14:09:42+09:00
369055987,사카모토 데이즈 21 : NAGUMO DIYS 특별판,사카모토 데이즈 21 : NAGUMO DIYS 특별판,,,- DIY 아크릴 디오라마 스탠드 1세트 + DIY 아크릴 참 3종 + DIY 아크릴 포토 프레임 1세트 + 컬러 포토 카드 4종 + 모노크롬 스티커팩 1종 + 스페셜 일러스트 보드 1종 + 네임택 스트랩 1종 + 캔배지 2종 + 구성품 안내지 + 박스,스즈키 유우토,대원씨아이(만화),2025-07,68850,10.0,2921,681,2026-08-31T14:09:42+09:00
396049332,블루 자이언트 모멘텀 6,블루 자이언트 모멘텀,6,,,이시즈카 신이치,대원씨아이(만화),2026-06,5850,10.0,2800,682,2026-08-31T14:09:42+09:00
369563161,타몬 군 지금 어느 쪽?! 10,타몬 군 지금 어느 쪽?!,10,,,시와스 유키,학산문화사(만화),2025-08,5400,,2643,683,2026-08-31T14:09:42+09:00
320637311,정반대의 너와 나 1,정반대의 너와 나,1,,,아가사와 코챠,학산문화사(만화),2023-07,5400,9.8,2758,684,2026-08-31T14:09:42+09:00
310815578,얼굴만으론 좋아할 수 없어요 6,얼굴만으론 좋아할 수 없어요,6,,,안자이 카린,서울미디어코믹스(서울문화사),2023-02,5400,9.6,2638,685,2026-08-31T14:09:42+09:00
309292959,무로이 야스오의 캐릭터 얼굴 & 바스트업 작화 기술,무로이 야스오의 캐릭터 얼굴 & 바스트업 작화 기술,,,,무로이 야스오,영진.com(영진닷컴),2023-02,18000,9.4,2794,686,2026-08-31T14:09:42+09:00
355242244,흑무경담 2,흑무경담,2,,- S코믹스,토가와 요난,㈜소미미디어,2025-01,5400,9.7,2998,687,2026-08-31T14:09:42+09:00
345982331,흑무경담 1,흑무경담,1,,- S코믹스,토가와 요난,㈜소미미디어,2024-09,5400,8.6,2993,688,2026-08-31T14:09:42+09:00
388854376,이번 생은 가주가 되겠습니다 2부 5,이번 생은 가주가 되겠습니다 2부,5,,- 만화,앤트스튜디오,디앤씨웹툰비즈,2026-03,14400,,2489,689,2026-08-31T14:09:42+09:00
399541020,클레바테스 10,클레바테스,10,,,이와하라 유지,오팬스코믹,2026-07,6300,,2295,690,2026-08-31T14:09:42+09:00
383277748,장르를 바꿔보도록 하겠습니다 9 (특별판),장르를 바꿔보도록 하겠습니다,9,특별판,- 라스트 레터 1종 + 인생 필름 3종 + 렌티큘러 카드 3종,가린,연담,2026-03,21150,,2498,691,2026-08-31T14:09:42+09:00
399054860,브라운더스트 2 오피셜 디자인 웍스,브라운더스트 2 오피셜 디자인 웍스,,,,네오위즈,대원씨아이(단행본),2026-07,39600,,2270,692,2026-08-31T14:09:42+09:00
393626220,구룡 제네릭 로맨스 11,구룡 제네릭 로맨스,11,,"- S코믹스/ 초판 한정 렌티큘러 카드, 일러스트 카드",마유즈키 준,㈜소미미디어,2026-05,6300,9.8,2400,693,2026-08-31T14:09:42+09:00
394833578,장송의 프리렌 1,장송의 프리렌,1,,,야마다 카네히토,학산문화사(만화),2021-11,6300,,2615,694,2026-08-31T14:09:42+09:00
391724707,명탐정 코난 로맨틱 러버스 셀렉션,명탐정 코난 로맨틱 러버스 셀렉션,,,,아오야마 고쇼,서울미디어코믹스(서울문화사),2026-04,10800,10.0,2359,695,2026-08-31T14:09:42+09:00
399451722,숨막힐 정도의 사랑을 줄게 7 (특장판),숨막힐 정도의 사랑을 줄게,7,특장판,- 어나더 커버 + 폴라로이드형 카드 + 아크릴 스탠드 + 일러스트 카드 5종 + 별도 박스 포장,이와시타 케이코,대원씨아이(만화),2026-07,24300,,2325,696,2026-08-31T14:09:42+09:00
333689768,건방진 그 녀석 1,건방진 그 녀석,1,,,미츠바치 미유키,학산문화사(만화),2016-03,5400,10.0,2557,697,2026-08-31T14:09:42+09:00
397021977,리:블루 6,리:블루,6,,,카세 마츠리,대원씨아이(만화),2026-06,5850,9.9,2275,698,2026-08-31T14:09:42+09:00
326203733,얼굴만으론 좋아할 수 없어요 8,얼굴만으론 좋아할 수 없어요,8,,,안자이 카린,서울미디어코믹스(서울문화사),2023-10,5400,,2245,699,2026-08-31T14:09:42+09:00
321812915,오란고교 호스트부 3,오란고교 호스트부,3,,,하토리 비스코,학산문화사(만화),2004-05,5400,,2252,700,2026-08-31T14:09:42+09:00
399782294,네즈미의 첫사랑 7,네즈미의 첫사랑,7,,,오오세토 리쿠,학산문화사(만화),2026-08,5400,,2100,701,2026-08-31T14:09:42+09:00
323998705,먼작귀 4,먼작귀,4,,- 먼가 작고 귀여운 녀석,나가노,미우(대원씨아이),2023-09,10800,9.8,2313,702,2026-08-31T14:09:42+09:00
397222848,반장으로서의 책임과 의무 7,반장으로서의 책임과 의무,7,,- 그래도 우리는,수신지,귤프레스,2026-06,13500,10.0,2080,703,2026-08-31T14:09:42+09:00
316354721,얼굴만으론 좋아할 수 없어요 4,얼굴만으론 좋아할 수 없어요,4,,,안자이 카린,서울미디어코믹스(서울문화사),2022-06,5400,,2064,704,2026-08-31T14:09:42+09:00
397163133,아주 깊은 우주에서 사랑을 담아 1,아주 깊은 우주에서 사랑을 담아,1,,"- 초판한정 : B5 포스터, 양면 일러스트 카드",아시다카 오즈,조은세상(북두),2026-07,5400,10.0,2055,705,2026-08-31T14:09:42+09:00
389001364,디그 잇 1,디그 잇,1,,,Yoshidamaru,학산문화사(만화),2026-04,6300,8.0,2105,706,2026-08-31T14:09:42+09:00
308287261,네가 죽을 때까지 사랑하고 싶어 5,네가 죽을 때까지 사랑하고 싶어,5,,,나치 아오노,학산문화사(만화),2023-01,5400,10.0,1920,707,2026-08-31T14:09:42+09:00
395513879,시노와 렌 4,시노와 렌,4,,- SL Comic,치구사 미노리,디앤씨미디어(주)(D&C미디어),2026-06,10800,10.0,2150,708,2026-08-31T14:09:42+09:00
326489876,네가 죽을 때까지 사랑하고 싶어 6,네가 죽을 때까지 사랑하고 싶어,6,,,나치 아오노,학산문화사(만화),2023-10,5400,10.0,1892,709,2026-08-31T14:09:42+09:00
378826604,얼굴만으론 좋아할 수 없어요 15,얼굴만으론 좋아할 수 없어요,15,,,안자이 카린,서울미디어코믹스(서울문화사),2025-11,5400,10.0,1849,710,2026-08-31T14:09:42+09:00
290968765,네가 죽을 때까지 사랑하고 싶어 4,네가 죽을 때까지 사랑하고 싶어,4,,,나치 아오노,학산문화사(만화),2022-03,5400,10.0,1805,711,2026-08-31T14:09:42+09:00
399453525,누가 용사를 죽였는가 1,누가 용사를 죽였는가,1,,- S코믹스,이시다 아키라,㈜소미미디어,2026-08,6300,,1740,712,2026-08-31T14:09:42+09:00
399381461,종말의 발키리 26,종말의 발키리,26,,,우메무라 신야,대원씨아이(만화),2026-07,4950,10.0,1705,713,2026-08-31T14:09:42+09:00
396048990,SCP가 뭔가요? 1,SCP가 뭔가요?,1,,,하치훈,대원씨아이(만화),2026-06,5850,10.0,1780,714,2026-08-31T14:09:42+09:00
395386354,무서운 책 4,무서운 책,4,,- 주박,우메즈 카즈오,AK(에이케이)커뮤니케이션즈,2026-06,9000,,1700,715,2026-08-31T14:09:42+09:00
387294608,데스 노트 Death Note 13,데스 노트 Death Note,13,,,오바 츠구미,대원씨아이(만화),2006-12,9000,,1574,716,2026-08-31T14:09:42+09:00
399056425,다크 개더링 3,다크 개더링,3,,- 픽시하우스 / 초판 한정 : 띠지+일러스트 카드,콘도 켄이치,코믹레인,2026-08,6300,,1570,717,2026-08-31T14:09:42+09:00
400001277,할렐루야 베이비 5,할렐루야 베이비,5,,,코지마 라라,AK(에이케이)커뮤니케이션즈,2026-08,5850,,1550,718,2026-08-31T14:09:42+09:00
399381129,지친 직장인은 악역 영애님을 모시고 싶어 5,지친 직장인은 악역 영애님을 모시고 싶어,5,,,네코타로,대원씨아이(만화),2026-07,5400,,1505,719,2026-08-31T14:09:42+09:00
398811035,방과 후 제방 일지 14,방과 후 제방 일지,14,,,코사카 야스유키,대원씨아이(만화),2026-07,4950,,1870,720,2026-08-31T14:09:42+09:00
313562788,진격의 거인 13,진격의 거인,13,,,이사야마 하지메,학산문화사(만화),2014-05,5400,,1532,721,2026-08-31T14:09:42+09:00
396089286,향기로운 꽃은 늠름하게 핀다 13,향기로운 꽃은 늠름하게 핀다,13,,,미카미 사카,대원씨아이(만화),2026-06,6300,,1555,722,2026-08-31T14:09:42+09:00
395950064,향기로운 꽃은 늠름하게 핀다 4,향기로운 꽃은 늠름하게 핀다,4,,,미카미 사카,대원씨아이(만화),2026-06,6300,,1420,723,2026-08-31T14:09:42+09:00
316395931,진격의 거인 15,진격의 거인,15,,,이사야마 하지메,학산문화사(만화),2015-01,5400,,1497,724,2026-08-31T14:09:42+09:00
375650121,블리치 리믹스 13,블리치 리믹스,13,,,쿠보 타이토,서울미디어코믹스(서울문화사),2025-10,10800,10.0,1323,725,2026-08-31T14:09:42+09:00
394588521,풀 나이트 4,풀 나이트,4,,- S코믹스,야스다 카스미,㈜소미미디어,2026-06,6300,10.0,1580,726,2026-08-31T14:09:42+09:00
396090083,향기로운 꽃은 늠름하게 핀다 8,향기로운 꽃은 늠름하게 핀다,8,,,미카미 사카,대원씨아이(만화),2026-06,6300,,1395,727,2026-08-31T14:09:42+09:00
397123611,파랑과 아지랑이 1,파랑과 아지랑이,1,,- BB허니밀크코믹스,돈돈,㈜소미미디어,2026-07,5850,,1275,728,2026-08-31T14:09:42+09:00
399056301,Re : 제로부터 시작하는 이세계 생활 제4장 11,Re : 제로부터 시작하는 이세계 생활 제4장,11,,"- 성역과 탐욕의 마녀, 노엔 코믹스",아토리 하루노,데이즈엔터(주),2026-08,5400,,1145,729,2026-08-31T14:09:42+09:00
400006895,내가 죽을 뿐인 100가지 괴담 2,내가 죽을 뿐인 100가지 괴담,2,,"- 노엔 코믹스 / 초판한정 특별부록 : 일러스트 카드, 띠지",마토노 안지,데이즈엔터(주),2026-08,7200,10.0,1070,730,2026-08-31T14:09:42+09:00
357930933,풀 나이트 2,풀 나이트,2,,- S코믹스,야스다 카스미,㈜소미미디어,2025-02,6300,10.0,1282,731,2026-08-31T14:09:42+09:00
400543277,어떤 마술의 금서목록 33,어떤 마술의 금서목록,33,,,카마치 카즈마,대원씨아이(만화),2026-08,4950,,970,732,2026-08-31T14:09:42+09:00
340310033,블리치 리믹스 3,블리치 리믹스,3,,,쿠보 타이토,서울미디어코믹스(서울문화사),2024-05,10800,10.0,963,733,2026-08-31T14:09:42+09:00
400136842,전대대실격 20,전대대실격,20,,,하루바 네기,학산문화사(만화),2026-08,5400,10.0,920,734,2026-08-31T14:09:42+09:00
399925214,이 미술부에는 문제가 있다 15,이 미술부에는 문제가 있다,15,,- S코믹스,이미기 무루,㈜소미미디어,2026-08,6300,,970,735,2026-08-31T14:09:42+09:00
337394406,풀 나이트 1,풀 나이트,1,,- S코믹스,야스다 카스미,㈜소미미디어,2024-04,6300,10.0,1159,736,2026-08-31T14:09:42+09:00
400585852,택배기사 형이랑 잘 될 수 있을까?,택배기사 형이랑 잘 될 수 있을까?,,,- B愛+750,노다 논다,대원씨아이(만화),2026-08,6300,,810,737,2026-08-31T14:09:42+09:00
399781883,백설공주에게 입맞춤을 1,백설공주에게 입맞춤을,1,,- 시트러스 코믹스,요시오 아키라,㈜에이블웍스C&C,2026-07,5400,,740,738,2026-08-31T14:09:42+09:00
400662089,바키도 11,바키도,11,,,이타가키 케이스케,서울미디어코믹스(서울문화사),2026-08,5400,10.0,670,739,2026-08-31T14:09:42+09:00
399522660,렛츠고 괴기조 4,렛츠고 괴기조,4,,,View,㈜에스엠지크리에이티브(고은문화사),2026-07,5850,,695,740,2026-08-31T14:09:42+09:00
317300306,못 미더운 악녀입니다만 : ~추궁접서 교체전~ 3,못 미더운 악녀입니다만 : ~추궁접서 교체전~,3,,,EI Ohitsuji,서울미디어코믹스(서울문화사),2023-05,6300,10.0,763,741,2026-08-31T14:09:42+09:00
400543262,일하지 않는 두사람 32,일하지 않는 두사람,32,,,요시다 사토루,대원씨아이(만화),2026-08,4950,,690,742,2026-08-31T14:09:42+09:00
400557793,공각기동대 -HUMAN ERROR PROCESSER-,공각기동대 -HUMAN ERROR PROCESSER-,,,,시로 마사무네,대원씨아이(만화),2026-08,12600,,450,743,2026-08-31T14:09:42+09:00
400652954,영세 소녀의 싸우는 법 7,영세 소녀의 싸우는 법,7,,- 시프트코믹스,쿠즈시로,YNK MEDIA(만화),2026-08,5400,,530,744,2026-08-31T14:09:42+09:00
400649747,노노코 양의 여자친구 군♂ 1,노노코 양의 여자친구 군♂,1,,,하치와카마루,HUSH(허쉬),2026-08,5400,,450,745,2026-08-31T14:09:42+09:00
400649976,노노코 양의 여자친구 군♂ 2,노노코 양의 여자친구 군♂,2,,,하치와카마루,HUSH(허쉬),2026-08,5400,,420,746,2026-08-31T14:09:42+09:00
400876188,1to10 3,1to10,3,,"- 완결, 초판 1쇄 한정 부록 : 띠지, 포토카드 1매, 판 스티커 1매",NOD,레진코믹스(레진엔터테인먼트),2026-08,14400,,430,747,2026-08-31T14:09:42+09:00
401052876,만화 이상적인 기둥서방 생활 11,만화 이상적인 기둥서방 생활,11,,,히노츠키 네코,길찾기,2026-08,6300,8.0,310,748,2026-08-31T14:09:42+09:00
385521459,체인소 맨 22,체인소 맨,22,,,후지모토 타츠키,학산문화사(만화),2026-02,5400,10.0,12914,749,2026-08-31T14:09:42+09:00
284699967,귀멸의 칼날 외전,귀멸의 칼날 외전,,,,히라노 료지,학산문화사(만화),2021-12,5400,9.8,10296,750,2026-08-31T14:09:42+09:00
379004652,열혈강호 94,열혈강호,94,,,전극진,대원씨아이(만화),2025-11,4950,9.2,9552,751,2026-08-31T14:09:42+09:00
252254600,귀멸의 칼날 : 공식 팬북 귀살대 견문록,귀멸의 칼날 : 공식 팬북 귀살대 견문록,,,,고토게 코요하루,학산문화사(만화),2020-09,8550,9.6,9462,752,2026-08-31T14:09:42+09:00
331003597,원피스 107,원피스,107,,- 전설의 영웅,오다 에이치로,대원씨아이(만화),2024-01,4950,9.7,9118,753,2026-08-31T14:09:42+09:00
387670769,팬텀 버스터즈 6,팬텀 버스터즈,6,,- S코믹스,네오쇼코,㈜소미미디어,2026-03,5850,9.8,8948,754,2026-08-31T14:09:42+09:00
387232917,모모세 아키라의 첫사랑 파탄 중 4 (트리플 특전판),모모세 아키라의 첫사랑 파탄 중,4,트리플 특전판,- 스페셜 아크릴 일러스트 카드(1종) + 반전 매력의 양면 일러스트 카드(2종),하레카와 신타,서울미디어코믹스(서울문화사),2026-02,6750,10.0,8631,755,2026-08-31T14:09:42+09:00
294677380,귀멸의 칼날 23,귀멸의 칼날,23,,- 완결,고토게 코요하루,학산문화사(만화),2021-04,5400,9.3,8291,756,2026-08-31T14:09:42+09:00
296798536,원피스 102,원피스,102,,- 천왕산,오다 에이치로,대원씨아이(만화),2022-06,4950,9.4,8484,757,2026-08-31T14:09:42+09:00
383612098,타몬 군 지금 어느 쪽?! 11,타몬 군 지금 어느 쪽?!,11,,,시와스 유키,학산문화사(만화),2026-01,5400,10.0,7541,758,2026-08-31T14:09:42+09:00
382045769,모모세 아키라의 첫사랑 파탄 중 3 (트리플 특전판),모모세 아키라의 첫사랑 파탄 중,3,트리플 특전판,- 홀로그램 일러스트 카드(1종) + 반전 매력의 양면 일러스트 카드(2종),하레카와 신타,서울미디어코믹스(서울문화사),2025-12,6750,9.8,7594,759,2026-08-31T14:09:42+09:00
329014950,히카루가 죽은 여름 3,히카루가 죽은 여름,3,,- SL Comic,모쿠모쿠렌,디앤씨미디어(주)(D&C미디어),2023-12,5400,9.8,7241,760,2026-08-31T14:09:42+09:00
336635744,향기로운 꽃은 늠름하게 핀다 7,향기로운 꽃은 늠름하게 핀다,7,,,미카미 사카,대원씨아이(만화),2024-03,5400,10.0,7122,761,2026-08-31T14:09:42+09:00
398836243,TV애니메이션 주술회전 회옥·옥절/시부야 사변 공식 가이드북,TV애니메이션 주술회전 회옥·옥절/시부야 사변 공식 가이드북,,,- 초판 한정 : 책갈피 2종,아쿠타미 게게,서울미디어코믹스(서울문화사),2026-07,24300,10.0,7260,762,2026-08-31T14:09:42+09:00
303306489,망그러진 만화 1,망그러진 만화,1,,- 망그러진 곰과 햄터의 귀염뽀짝 일상다반사!,유랑,좋은생각,2022-11,15120,9.9,7261,763,2026-08-31T14:09:42+09:00
379515213,야마다 군과 Lv999의 사랑을 하다 4~6 특별판 세트 - 전3권,야마다 군과 Lv999의 사랑을 하다 4~6 특별판 세트 - 전3권,,,- 띠지 + 특별판 아크릴 북스탠드 + 특별판 아크릴 블록 + 특별판 양면 책갈피 + 일반판 일러스트 카드 3종 + 일반판 폴라로이드 카드 3종,마시로,디앤씨미디어(주)(D&C미디어),2025-12,49500,10.0,6744,764,2026-08-31T14:09:42+09:00
301706807,주술회전 4,주술회전,4,,,아쿠타미 게게,서울미디어코믹스(서울문화사),2019-05,5400,,6786,765,2026-08-31T14:09:42+09:00
364518017,루리 드래곤 3,루리 드래곤,3,,,신도 마사오키,서울미디어코믹스(서울문화사),2025-05,5400,9.6,6548,766,2026-08-31T14:09:42+09:00
301182588,주술회전 3,주술회전,3,,,아쿠타미 게게,서울미디어코믹스(서울문화사),2019-04,5400,,6617,767,2026-08-31T14:09:42+09:00
287304526,아름다운 초저녁달 1,아름다운 초저녁달,1,,,야마모리 미카,학산문화사(만화),2022-01,5400,9.5,6611,768,2026-08-31T14:09:42+09:00
392519237,길고양이와 늑대 6,길고양이와 늑대,6,,,미츠바치 미유키,학산문화사(만화),2026-05,5400,9.9,6775,769,2026-08-31T14:09:42+09:00
393717336,문호 스트레이독스 27,문호 스트레이독스,27,,"- 노엔 코믹스 /초판한정 : 띠지, 일러스트 카드",아사기리 카프카,데이즈엔터(주),2026-06,5400,10.0,6355,770,2026-08-31T14:09:42+09:00
358560181,스킵과 로퍼 10,스킵과 로퍼,10,,- 시프트코믹스,타카마츠 미사키,YNK MEDIA(만화),2025-03,5400,9.8,6391,771,2026-08-31T14:09:42+09:00
380080135,봇치·더·록! 외전 히로이 키쿠리의 과음일기 4,봇치·더·록! 외전 히로이 키쿠리의 과음일기,4,,,쿠미쵸,대원씨아이(만화),2025-12,8100,10.0,6233,772,2026-08-31T14:09:42+09:00
354350771,사카모토 데이즈 11,사카모토 데이즈,11,,- 한 방,스즈키 유우토,대원씨아이(만화),2023-06,5850,,5959,773,2026-08-31T14:09:42+09:00
328897066,귀멸 학원! 4,귀멸 학원!,4,,,호카미 나츠키,학산문화사(만화),2023-11,5400,10.0,5701,774,2026-08-31T14:09:42+09:00
375158873,봄의 폭풍과 몬스터 7,봄의 폭풍과 몬스터,7,,,미츠바치 미유키,학산문화사(만화),2025-10,5400,9.6,5669,775,2026-08-31T14:09:42+09:00
247887919,"타시로, 너란 녀석은 1","타시로, 너란 녀석은",1,,- BLovers comics,야마다,서울미디어코믹스(서울문화사),2020-07,4950,9.5,5508,776,2026-08-31T14:09:42+09:00
338987904,귀멸 학원! 5,귀멸 학원!,5,,,호카미 나츠키,학산문화사(만화),2024-05,5400,10.0,5495,777,2026-08-31T14:09:42+09:00
67153695,기븐 1,기븐,1,,- 뉴 루비코믹스 1740,키즈 나츠키,현대지능개발사,2015-09,4950,9.2,5555,778,2026-08-31T14:09:42+09:00
355322769,사카모토 데이즈 13,사카모토 데이즈,13,,- 추억,스즈키 유우토,대원씨아이(만화),2023-11,5850,,5450,779,2026-08-31T14:09:42+09:00
352893694,귀멸 학원! 6,귀멸 학원!,6,,- 완결,호카미 나츠키,학산문화사(만화),2024-11,5400,10.0,5406,780,2026-08-31T14:09:42+09:00
233797853,은혼 77,은혼,77,,"- 완결, 곱슬머리치고 쓸 만한 놈 없다",소라치 히데아키,학산문화사(만화),2020-02,8100,9.8,5524,781,2026-08-31T14:09:42+09:00
379454044,학생회에도 구멍은 있다! 공식 풀컬러판 : 《생구멍 셀렉션!》,학생회에도 구멍은 있다! 공식 풀컬러판 : 《생구멍 셀렉션!》,,,- S코믹스,무치마로,㈜소미미디어,2025-12,10800,9.6,5440,782,2026-08-31T14:09:42+09:00
354788974,사카모토 데이즈 12,사카모토 데이즈,12,,- 크랭크 인,스즈키 유우토,대원씨아이(만화),2023-09,5850,,5343,783,2026-08-31T14:09:42+09:00
393112792,비실비실 선생님 13,비실비실 선생님,13,,,후쿠치 카미오,대원씨아이(만화),2026-05,5850,10.0,5270,784,2026-08-31T14:09:42+09:00
386937690,킹덤 Kingdom 76,킹덤 Kingdom,76,,,하라 야스히사,대원씨아이(만화),2026-02,5400,10.0,5239,785,2026-08-31T14:09:42+09:00
329751704,망그러진 만화 2,망그러진 만화,2,,- 망그러진 곰과 햄터의 데굴데굴 유쾌한 날들!,유랑,좋은생각,2023-12,15750,10.0,5395,786,2026-08-31T14:09:42+09:00
383611991,메달리스트 13,메달리스트,13,,,츠루마이카다,학산문화사(만화),2026-01,5400,9.6,5245,787,2026-08-31T14:09:42+09:00
333218155,마루는 강쥐 3,마루는 강쥐,3,,,모죠,문페이스,2024-02,14400,,5119,788,2026-08-31T14:09:42+09:00
388015005,도나츠와 서커스 1~2 완결 스페셜 세트 - 전2권,도나츠와 서커스 1~2 완결 스페셜 세트 - 전2권,,,,오븐,네이버웹툰,2026-05,32400,,4970,789,2026-08-31T14:09:42+09:00
314077334,헌터x헌터 HunterXHunter 신장판 4,헌터x헌터 HunterXHunter 신장판,4,,,토가시 요시히로,학산문화사(만화),2013-08,5400,,5095,790,2026-08-31T14:09:42+09:00
297863750,헌터x헌터 HunterXHunter 신장판 5,헌터x헌터 HunterXHunter 신장판,5,,,토가시 요시히로,학산문화사(만화),2013-10,5400,,5052,791,2026-08-31T14:09:42+09:00
307897037,"타시로, 너란 녀석은 3","타시로, 너란 녀석은",3,,- BLovers comics,야마다,서울미디어코믹스(서울문화사),2022-12,4950,9.7,4774,792,2026-08-31T14:09:42+09:00
82662361,기븐 2,기븐,2,,- 뉴 루비코믹스 1835,키즈 나츠키,현대지능개발사,2016-04,4950,9.1,5028,793,2026-08-31T14:09:42+09:00
311362968,헌터x헌터 HunterXHunter 신장판 6,헌터x헌터 HunterXHunter 신장판,6,,,토가시 요시히로,학산문화사(만화),2013-10,5400,10.0,4883,794,2026-08-31T14:09:42+09:00
350054497,카구라바치 2,카구라바치,2,,- 엔텐 VS 쿠레구모,호카조노 타케루,대원씨아이(만화),2024-10,5850,9.3,4674,795,2026-08-31T14:09:42+09:00
389890523,타워 던전 5,타워 던전,5,,,니헤이 츠토무,학산문화사(만화),2026-04,6300,9.9,4634,796,2026-08-31T14:09:42+09:00
356890808,사카모토 데이즈 16,사카모토 데이즈,16,,- 해후,스즈키 유우토,대원씨아이(만화),2024-06,5850,,4710,797,2026-08-31T14:09:42+09:00
297902517,헌터x헌터 HunterXHunter 신장판 10,헌터x헌터 HunterXHunter 신장판,10,,,토가시 요시히로,학산문화사(만화),2014-04,5400,,4468,798,2026-08-31T14:09:42+09:00
7219927,소용돌이 합본판,소용돌이 합본판,,,,이토 준지,시공사(만화),2010-06,14400,9.3,4366,799,2026-08-31T14:09:42+09:00
315823527,헌터x헌터 HunterXHunter 신장판 9,헌터x헌터 HunterXHunter 신장판,9,,,토가시 요시히로,학산문화사(만화),2014-04,5400,,4378,800,2026-08-31T14:09:42+09:00
314077483,헌터x헌터 HunterXHunter 신장판 8,헌터x헌터 HunterXHunter 신장판,8,,,토가시 요시히로,학산문화사(만화),2014-01,5400,,4329,801,2026-08-31T14:09:42+09:00
387708220,블루 록 : Episode 나기 8,블루 록 : Episode 나기,8,,- 완결,산노미야 코타,학산문화사(만화),2026-03,5400,10.0,4161,802,2026-08-31T14:09:42+09:00
396377370,너를 사랑하는 살인귀 1,너를 사랑하는 살인귀,1,,- 시프트코믹스,아키야마 엔마,YNK MEDIA(만화),2026-06,5400,10.0,4245,803,2026-08-31T14:09:42+09:00
384180355,단다단 18,단다단,18,,,타츠 유키노부,대원씨아이(만화),2026-01,5400,9.6,4383,804,2026-08-31T14:09:42+09:00
338430853,명탐정 코난 104 (특장판),명탐정 코난,104,특장판,- 아크릴 스탠드 + 극장판 '명탐정코난: 흑철의 어영' 그림 콘티북 + 어나더 커버,아오야마 고쇼,서울미디어코믹스(서울문화사),2024-04,9000,8.7,4037,805,2026-08-31T14:09:42+09:00
317503708,신부이야기 14,신부이야기,14,,,모리 카오루,대원씨아이(만화),2023-05,7200,9.9,4059,806,2026-08-31T14:09:42+09:00
257021910,기븐 6,기븐,6,,- 뉴 루비코믹스 2555,키즈 나츠키,현대지능개발사,2020-11,4950,9.6,4057,807,2026-08-31T14:09:42+09:00
303283805,진격의 거인 1~17 박스 세트 Part 1 - 전17권,진격의 거인 1~17 박스 세트 Part 1 - 전17권,,,- PVC카드 17매 동봉,이사야마 하지메,학산문화사(만화),2022-10,91800,10.0,4094,808,2026-08-31T14:09:42+09:00
344254532,GACHIAKUTA 6,GACHIAKUTA,6,,,케이 우라나,학산문화사(만화),2024-08,5400,10.0,3943,809,2026-08-31T14:09:42+09:00
301714473,주술회전 15,주술회전,15,,- 시부야 사변 -변신-,아쿠타미 게게,서울미디어코믹스(서울문화사),2021-05,5400,,3973,810,2026-08-31T14:09:42+09:00
337105332,Veil 1,Veil,1,,"- S코믹스, JAPAN EXPO 최우수작화상, 최우수장정상 수상",코테리,㈜소미미디어,2024-04,11520,9.2,4052,811,2026-08-31T14:09:42+09:00
387904062,오달자의 봄,오달자의 봄,,,,김수정,둘리나라,2026-03,16200,9.9,3889,812,2026-08-31T14:09:42+09:00
320877909,꿈빛 파티시엘 신장판 12,꿈빛 파티시엘 신장판,12,,- 완결,마츠모토 나츠미,대원씨아이(만화),2023-07,5400,,3900,813,2026-08-31T14:09:42+09:00
334819572,긴채널! : 은혼 공식 캐릭터북,긴채널! : 은혼 공식 캐릭터북,,,,소라치 히데아키,학산문화사(만화),2010-10,9000,,4012,814,2026-08-31T14:09:42+09:00
293068139,기븐 7,기븐,7,,- 뉴 루비코믹스 2755,키즈 나츠키,현대지능개발사,2022-04,5400,9.8,3816,815,2026-08-31T14:09:42+09:00
320877802,꿈빛 파티시엘 신장판 11,꿈빛 파티시엘 신장판,11,,,마츠모토 나츠미,대원씨아이(만화),2023-07,5400,10.0,3766,816,2026-08-31T14:09:42+09:00
359520421,극락가 2,극락가,2,,,사노 유토,대원씨아이(만화),2024-02,5850,,3774,817,2026-08-31T14:09:42+09:00
311936078,헌터x헌터 HunterXHunter 신장판 31,헌터x헌터 HunterXHunter 신장판,31,,,토가시 요시히로,학산문화사(만화),2013-10,5400,,3820,818,2026-08-31T14:09:42+09:00
362015779,사카모토 데이즈 비기너즈 팩 Vol.2 : 4~6 합본 세트,사카모토 데이즈 비기너즈 팩 Vol.2 : 4~6 합본 세트,,,- 나구모 홀로그램 카드 1종 + 일러스트 포스트카드 3종,스즈키 유우토,대원씨아이(만화),2025-04,17550,10.0,3706,819,2026-08-31T14:09:42+09:00
298280458,헌터x헌터 HunterXHunter 신장판 30,헌터x헌터 HunterXHunter 신장판,30,,,토가시 요시히로,학산문화사(만화),2017-03,5400,,3718,820,2026-08-31T14:09:42+09:00
397997937,사일런트 위치 10,사일런트 위치,10,,"- 침묵의 마녀의 비밀, ROSY",이소라 마츠리,데이즈엔터(주),2026-07,9900,10.0,3550,821,2026-08-31T14:09:42+09:00
366528002,메이드 인 어비스 13,메이드 인 어비스,13,,,츠쿠시 아키히토,미우(대원씨아이),2025-06,7200,9.2,3686,822,2026-08-31T14:09:42+09:00
395444518,러브 불릿 1,러브 불릿,1,,- 초판 한정 부록: SD 캐릭터 스티커 1매 + 저자 사인 메시지 (면지 인쇄),inee,빗금,2026-06,8100,10.0,3625,823,2026-08-31T14:09:42+09:00
322441152,꿈빛 파티시엘 신장판 3,꿈빛 파티시엘 신장판,3,,,마츠모토 나츠미,대원씨아이(만화),2023-08,5400,,3449,824,2026-08-31T14:09:42+09:00
337393287,내 마음의 위험한 녀석 9,내 마음의 위험한 녀석,9,,- S코믹스,사쿠라이 노리오,㈜소미미디어,2024-04,6300,9.8,3596,825,2026-08-31T14:09:42+09:00
397085713,오늘도 냠냠냠 4,오늘도 냠냠냠,4,,- 우리나라의 정겨운 맛집들,조경규,송송책방,2026-07,14400,,3545,826,2026-08-31T14:09:42+09:00
397294900,비교하고 검토하는 교열부의 쿠쥬 씨 2,비교하고 검토하는 교열부의 쿠쥬 씨,2,,,고이시 유카,서교책방,2026-07,11520,10.0,3475,827,2026-08-31T14:09:42+09:00
364156956,카구라바치 5,카구라바치,5,,,호카조노 타케루,대원씨아이(만화),2025-05,5850,9.4,3536,828,2026-08-31T14:09:42+09:00
298348779,서랍 속 테라리움 : 신장판,서랍 속 테라리움 : 신장판,,,- S코믹스,쿠이 료코,㈜소미미디어,2022-08,8100,9.5,3554,829,2026-08-31T14:09:42+09:00
296275457,고깔모자의 아틀리에 5,고깔모자의 아틀리에,5,,,시라하마 카모메,학산문화사(만화),2019-10,5400,,3522,830,2026-08-31T14:09:42+09:00
398867274,찍히지 않습니다 7 (한정판),찍히지 않습니다,7,한정판,"- 아크릴 키링 + 카드 스티커 2종 + PET 4컷 사진 책갈피 + 초판 한정 일러스트 카드 + 폴라로이드 사진풍 카드 2종, S코믹스",코노시마 루카,㈜소미미디어,2026-08,22500,,3410,831,2026-08-31T14:09:42+09:00
388858246,야쿠자 때문에 목욕탕에서 일하고 있습니다 3,야쿠자 때문에 목욕탕에서 일하고 있습니다,3,,,타카시,㈜소미미디어,2026-04,5850,9.9,3534,832,2026-08-31T14:09:42+09:00
298280477,헌터x헌터 HunterXHunter 신장판 21,헌터x헌터 HunterXHunter 신장판,21,,,토가시 요시히로,학산문화사(만화),2016-06,5400,,3345,833,2026-08-31T14:09:42+09:00
394170834,친구 엄마 9,친구 엄마,9,,,온점,블루픽,2026-05,14220,,3410,834,2026-08-31T14:09:42+09:00
298280366,헌터x헌터 HunterXHunter 신장판 24,헌터x헌터 HunterXHunter 신장판,24,,,토가시 요시히로,학산문화사(만화),2016-06,5400,,3431,835,2026-08-31T14:09:42+09:00
317918054,천막의 자두가르 1,천막의 자두가르,1,,,토마토수프,서울미디어코믹스(서울문화사),2023-06,6750,9.7,3254,836,2026-08-31T14:09:42+09:00
387232919,노아 선배는 친구 8,노아 선배는 친구,8,,,아키야마 엔마,서울미디어코믹스(서울문화사),2026-02,5850,9.7,3491,837,2026-08-31T14:09:42+09:00
301058824,헌터x헌터 HunterXHunter 신장판 29,헌터x헌터 HunterXHunter 신장판,29,,,토가시 요시히로,학산문화사(만화),2017-01,5400,,3331,838,2026-08-31T14:09:42+09:00
394171107,친구 엄마 10,친구 엄마,10,,,온점,블루픽,2026-05,14220,,3390,839,2026-08-31T14:09:42+09:00
391350801,나나 NANA 완전판 8,나나 NANA 완전판,8,,"- 초판 한정: PP엽서 1종, 포토카드 1종",야자와 아이,학산문화사(만화),2026-04,10800,,3234,840,2026-08-31T14:09:42+09:00
301058679,헌터x헌터 HunterXHunter 신장판 25,헌터x헌터 HunterXHunter 신장판,25,,,토가시 요시히로,학산문화사(만화),2016-08,5400,,3405,841,2026-08-31T14:09:42+09:00
328754691,블루 록 21,블루 록,21,,,노무라 유스케,학산문화사(만화),2023-11,5400,10.0,3383,842,2026-08-31T14:09:42+09:00
365413873,팔견전 21,팔견전,21,,"- 동방팔견이문, S코믹스",아베 미유키,㈜소미미디어,2025-06,5400,10.0,3266,843,2026-08-31T14:09:42+09:00
298280514,헌터x헌터 HunterXHunter 신장판 27,헌터x헌터 HunterXHunter 신장판,27,,,토가시 요시히로,학산문화사(만화),2016-10,5400,,3254,844,2026-08-31T14:09:42+09:00
296076806,고깔모자의 아틀리에 7,고깔모자의 아틀리에,7,,,시라하마 카모메,학산문화사(만화),2020-12,5400,,3215,845,2026-08-31T14:09:42+09:00
384444527,너와 장밋빛 매일 2,너와 장밋빛 매일,2,,,히로 치히로,서울미디어코믹스(서울문화사),2026-01,5400,9.7,3046,846,2026-08-31T14:09:42+09:00
392471811,전생했더니 슬라임이었던 건에 대하여 30,전생했더니 슬라임이었던 건에 대하여,30,,- S코믹스,카와카미 타이키,㈜소미미디어,2026-05,6300,10.0,3120,847,2026-08-31T14:09:42+09:00
390199323,"나와 다시 한번, 첫사랑 2","나와 다시 한번, 첫사랑",2,,"- 루나 코믹스, 초판 한정 일러스트 카드 4종, PET 일러스트 카드 1종",하세가키 나루미,㈜소미미디어,2026-04,6300,9.7,3254,848,2026-08-31T14:09:42+09:00
353581099,내 마음의 위험한 녀석 10,내 마음의 위험한 녀석,10,,- S코믹스,사쿠라이 노리오,㈜소미미디어,2024-12,6300,9.2,3233,849,2026-08-31T14:09:42+09:00
398872148,K-9 경시청 공안부 공안제9과 이능력 대책반 3,K-9 경시청 공안부 공안제9과 이능력 대책반,3,,,오쿠야마 테츠야,대원씨아이(만화),2026-07,6300,10.0,3035,850,2026-08-31T14:09:42+09:00
380293052,우타강의 시간 4,우타강의 시간,4,,,요시다 아키미,문학동네,2025-12,7650,9.3,3076,851,2026-08-31T14:09:42+09:00
387250318,Myther 1,Myther,1,,- S코믹스,야츠다 테키,㈜소미미디어,2026-03,6300,9.4,3042,852,2026-08-31T14:09:42+09:00
392518824,테라피 게임 리스타트 6,테라피 게임 리스타트,6,,,히노하라 메구루,블랑코믹스(BLANC COMICS),2026-05,6300,10.0,3150,853,2026-08-31T14:09:42+09:00
348294598,파리대왕 : 그래픽 노블,파리대왕 : 그래픽 노블,,,,,민음사,2024-09,25200,8.6,3069,854,2026-08-31T14:09:42+09:00
398870503,더 죠죠랜즈 3 : 돈벌이할 시간,더 죠죠랜즈 3 : 돈벌이할 시간,,,- 죠죠의 기묘한 모험 Part 9,아라키 히로히코,문학동네,2026-07,7200,10.0,3190,855,2026-08-31T14:09:42+09:00
374961203,팔견전 23,팔견전,23,,"- 동방팔견이문, S코믹스",아베 미유키,㈜소미미디어,2025-10,5400,10.0,3107,856,2026-08-31T14:09:42+09:00
318156190,얼굴만으론 좋아할 수 없어요 7,얼굴만으론 좋아할 수 없어요,7,,,안자이 카린,서울미디어코믹스(서울문화사),2023-06,5400,10.0,3027,857,2026-08-31T14:09:42+09:00
369868343,팔견전 22,팔견전,22,,"- 동방팔견이문, S코믹스",아베 미유키,㈜소미미디어,2025-08,5400,10.0,3064,858,2026-08-31T14:09:42+09:00
385417452,친구 엄마 8,친구 엄마,8,,,온점,블루픽,2026-01,14220,,3074,859,2026-08-31T14:09:42+09:00
331540292,블루 록 22,블루 록,22,,,노무라 유스케,학산문화사(만화),2024-01,5400,9.2,3134,860,2026-08-31T14:09:42+09:00
342596581,블루 록 25,블루 록,25,,,노무라 유스케,학산문화사(만화),2024-07,5400,9.1,2874,861,2026-08-31T14:09:42+09:00
356090755,그리고 마녀는 숲으로 갔다 2,그리고 마녀는 숲으로 갔다,2,,- 완결,산호,고블,2025-02,21600,9.9,3290,862,2026-08-31T14:09:42+09:00
390243150,장송의 프리렌 12,장송의 프리렌,12,,,야마다 카네히토,학산문화사(만화),2024-07,6300,,3036,863,2026-08-31T14:09:42+09:00
335604365,은혼 5학년 : 은혼 공식 캐릭터북 2,은혼 5학년 : 은혼 공식 캐릭터북,2,,,소라치 히데아키,학산문화사(만화),2013-03,9000,,2966,864,2026-08-31T14:09:42+09:00
306954722,하이큐!! 10th 크로니클,하이큐!! 10th 크로니클,,,,후루다테 하루이치,대원씨아이(만화),2022-12,21600,9.8,2799,865,2026-08-31T14:09:42+09:00
398360665,시메지 시뮬레이션 5 북케이스 세트,시메지 시뮬레이션 5 북케이스 세트,,,- 완결,츠쿠미즈,길찾기,2026-05,18000,,2915,866,2026-08-31T14:09:42+09:00
394214214,전희 서바이벌 사가 2,전희 서바이벌 사가,2,,,OTOSAMA,오팬스코믹,2026-05,6300,9.7,2785,867,2026-08-31T14:09:42+09:00
383428976,Veil 6,Veil,6,,"- S코믹스, JAPAN EXPO 최우수작화상, 최우수장정상 수상",코테리,㈜소미미디어,2026-01,11520,9.7,2885,868,2026-08-31T14:09:42+09:00
339277637,블루 록 24,블루 록,24,,,노무라 유스케,학산문화사(만화),2024-05,5400,9.4,2741,869,2026-08-31T14:09:42+09:00
387708182,한밤중 하트튠 10,한밤중 하트튠,10,,,이가라시 마사쿠니,학산문화사(만화),2026-03,5400,9.0,2605,870,2026-08-31T14:09:42+09:00
336556121,박시백의 고려사 1~5 세트 - 전5권,박시백의 고려사 1~5 세트 - 전5권,,,,박시백,휴머니스트,2024-03,66150,8.0,2532,871,2026-08-31T14:09:42+09:00
397818353,너를 너무너무너무너무 좋아하는 100명의 그녀 24,너를 너무너무너무너무 좋아하는 100명의 그녀,24,,,나카무라 리키토,학산문화사(만화),2026-07,5400,,2660,872,2026-08-31T14:09:42+09:00
393007477,사토리×콤플렉스,사토리×콤플렉스,,,"- 초판 특전 : 양면 일러스트 카드, PET 북마크 스탠드",유히,리크,2026-05,6300,9.6,2560,873,2026-08-31T14:09:42+09:00
392911737,더 파이팅 The Fighting 145,더 파이팅 The Fighting,145,,,모리카와 조지,학산문화사(만화),2026-05,5400,,2630,874,2026-08-31T14:09:42+09:00
323288688,내 마음의 위험한 녀석 8,내 마음의 위험한 녀석,8,,- S코믹스,사쿠라이 노리오,㈜소미미디어,2023-09,6300,9.7,2611,875,2026-08-31T14:09:42+09:00
369056766,사카모토 데이즈 21,사카모토 데이즈,21,,- 오늘의 운세,스즈키 유우토,대원씨아이(만화),2025-07,5850,,2473,876,2026-08-31T14:09:42+09:00
388041238,무서운 책 1,무서운 책,1,,- 뱀,우메즈 카즈오,AK(에이케이)커뮤니케이션즈,2026-03,9000,10.0,2461,877,2026-08-31T14:09:42+09:00
101106033,스파이더맨 / 데드풀 VOL. 1 : 브로맨틱하지 않나요?,스파이더맨 / 데드풀 VOL. 1 : 브로맨틱하지 않나요?,,,,조 켈리,시공사(만화),2017-01,10800,6.0,2430,878,2026-08-31T14:09:42+09:00
397093551,"노려보고, 사랑. 1","노려보고, 사랑.",1,,"- 초판 한정 일러스트 카드 3종, SD 칼선 스티커",나모,시플리,2026-07,6300,10.0,2425,879,2026-08-31T14:09:42+09:00
382418825,드래곤볼 완전판 가이드북 FOREVER,드래곤볼 완전판 가이드북 FOREVER,,,,토리야마 아키라,서울미디어코믹스(서울문화사),2025-12,12600,,2334,880,2026-08-31T14:09:42+09:00
315743462,얼굴만으론 좋아할 수 없어요 3,얼굴만으론 좋아할 수 없어요,3,,,안자이 카린,서울미디어코믹스(서울문화사),2022-04,5400,,2374,881,2026-08-31T14:09:42+09:00
103566404,블리치 74,블리치,74,,- 완결,쿠보 타이토,서울미디어코믹스(서울문화사),2017-02,4950,9.0,2261,882,2026-08-31T14:09:42+09:00
323998644,먼작귀 4 (콩알도감 포함 특별판),먼작귀,4,콩알도감 포함 특별판,- 먼가 작고 귀여운 녀석,나가노,미우(대원씨아이),2023-09,21600,6.7,2212,883,2026-08-31T14:09:42+09:00
368681375,귀엽다는 말 들은 적 없어!! 10,귀엽다는 말 들은 적 없어!!,10,,,하루후지 나카바,대원씨아이(만화),2025-07,4500,9.8,2163,884,2026-08-31T14:09:42+09:00
349941684,정반대의 너와 나 5,정반대의 너와 나,5,,,아가사와 코챠,학산문화사(만화),2024-10,5400,9.9,2320,885,2026-08-31T14:09:42+09:00
395390845,명탐정 코난 모리 코고로 셀렉션,명탐정 코난 모리 코고로 셀렉션,,,,아오야마 고쇼,서울미디어코믹스(서울문화사),2026-06,10800,10.0,2195,886,2026-08-31T14:09:42+09:00
396766426,마왕성에서 잘 자요 31,마왕성에서 잘 자요,31,,,쿠마노마타 카기지,대원씨아이(만화),2026-06,5220,9.2,2155,887,2026-08-31T14:09:42+09:00
311057046,명탐정 코난 : 경찰학교 셀렉션,명탐정 코난 : 경찰학교 셀렉션,,,- 특별 편집 코믹스,아오야마 고쇼,서울미디어코믹스(서울문화사),2023-02,10800,,2130,888,2026-08-31T14:09:42+09:00
322947641,오란고교 호스트부 17,오란고교 호스트부,17,,,하토리 비스코,학산문화사(만화),2011-02,5400,,1958,889,2026-08-31T14:09:42+09:00
399056149,제도성배기담 Fate/type Redline 6,제도성배기담 Fate/type Redline,6,,- 노엔 코믹스 / 초판한정 특별부록 : 일러스트 카드 + 띠지,히라노 료지,데이즈엔터(주),2026-08,7200,10.0,1910,890,2026-08-31T14:09:42+09:00
228132278,오무라이스 잼잼 1 (스페셜 리커버 양장본),오무라이스 잼잼 1 (스페셜 리커버 양장본),,,- 경이로운 일상음식 이야기,조경규,송송책방,2020-01,19800,9.3,2166,891,2026-08-31T14:09:42+09:00
398344410,아카네 이야기 16,아카네 이야기,16,,,유키 스에나가,학산문화사(만화),2026-07,5400,4.0,1960,892,2026-08-31T14:09:42+09:00
339487938,봇치·더·록! 앤솔러지 코믹 1 : 특별판 1st Extended Play,봇치·더·록! 앤솔러지 코믹 1 : 특별판 1st Extended Play,,,- 초판한정 일러스트 카드 + 홀로그램 일러스트 카드 2종 + 아티스트 캔뱃지 2종 + 박스 케이스,치바 사도루,대원씨아이(만화),2024-05,16200,10.0,1947,893,2026-08-31T14:09:42+09:00
399291160,우리 남동생들이 죄송합니다 9,우리 남동생들이 죄송합니다,9,,,오자키 아키라,대원씨아이(만화),2026-07,4500,,1940,894,2026-08-31T14:09:42+09:00
398016295,무서운 책 5,무서운 책,5,,- 집념,우메즈 카즈오,AK(에이케이)커뮤니케이션즈,2026-07,9000,,1905,895,2026-08-31T14:09:42+09:00
310530480,만화로 보는 일리아스,만화로 보는 일리아스,,,- 트로이의 노래,동사원형,한빛비즈,2023-02,17550,9.9,1902,896,2026-08-31T14:09:42+09:00
355888808,팔견전 20,팔견전,20,,"- 동방팔견이문, S코믹스",아베 미유키,㈜소미미디어,2025-01,6300,10.0,1851,897,2026-08-31T14:09:42+09:00
390658499,외톨이에는 익숙하니까요. 약혼자 방치 중! 3,외톨이에는 익숙하니까요. 약혼자 방치 중!,3,,,하레타 준,대원씨아이(만화),2026-04,6750,9.9,1718,898,2026-08-31T14:09:42+09:00
394841350,장송의 프리렌 6,장송의 프리렌,6,,,야마다 카네히토,학산문화사(만화),2022-03,6300,,1920,899,2026-08-31T14:09:42+09:00
353354451,네즈미의 첫사랑 1,네즈미의 첫사랑,1,,,오오세토 리쿠,학산문화사(만화),2024-12,5400,8.7,1762,900,2026-08-31T14:09:42+09:00
399451834,"신 울어라, 펜 11","신 울어라, 펜",11,,,시마모토 카즈히코,미우(대원씨아이),2026-07,9000,10.0,1615,901,2026-08-31T14:09:42+09:00
344452803,팔견전 19,팔견전,19,,"- 동방팔견이문, S코믹스",아베 미유키,㈜소미미디어,2024-08,6300,10.0,1790,902,2026-08-31T14:09:42+09:00
391834809,버그 에고 1,버그 에고,1,,"- S코믹스 /초판 한정 일러스트 카드 2종, 렌티큘러 카드",시타라 키요토,㈜소미미디어,2026-05,6300,10.0,1732,903,2026-08-31T14:09:42+09:00
301188387,나루토 Naruto 44,나루토 Naruto,44,,,키시모토 마사시,대원씨아이(만화),2009-03,4950,,1613,904,2026-08-31T14:09:42+09:00
335330575,팔견전 18,팔견전,18,,"- 동방팔견이문, S코믹스",아베 미유키,㈜소미미디어,2024-03,6300,6.8,1726,905,2026-08-31T14:09:42+09:00
399449527,사망 유희로 밥을 먹는다. 5,사망 유희로 밥을 먹는다.,5,,- 만화,반자이 코토부키 다이엔카이,오팬스코믹,2026-07,6300,,1585,906,2026-08-31T14:09:42+09:00
396658751,위치 워치 WITCH WATCH 23,위치 워치 WITCH WATCH,23,,- 역시 사랑이었어,시노하라 켄타,대원씨아이(만화),2026-06,5400,9.9,1660,907,2026-08-31T14:09:42+09:00
386453675,아오노 군에게 닿고 싶으니까 죽고 싶어 13,아오노 군에게 닿고 싶으니까 죽고 싶어,13,,,시이나 우미,대원씨아이(만화),2026-02,4950,9.6,1739,908,2026-08-31T14:09:42+09:00
394027566,블리치 리믹스 16,블리치 리믹스,16,,,쿠보 타이토,서울미디어코믹스(서울문화사),2026-05,10800,9.6,1685,909,2026-08-31T14:09:42+09:00
333361531,길가메쉬,길가메쉬,,,,옌스 하르더,마르코폴로,2024-02,18000,9.7,1630,910,2026-08-31T14:09:42+09:00
398811124,사장과 술과 별 3,사장과 술과 별,3,,,즈리 키시,대원씨아이(만화),2026-07,5850,,1640,911,2026-08-31T14:09:42+09:00
396097455,장송의 프리렌 5,장송의 프리렌,5,,,야마다 카네히토,학산문화사(만화),2026-06,6300,,1740,912,2026-08-31T14:09:42+09:00
306776958,아인 14,아인,14,,,사쿠라이 가몬,학산문화사(만화),2019-11,5400,,1572,913,2026-08-31T14:09:42+09:00
372547860,카구라바치 7,카구라바치,7,,,호카조노 타케루,대원씨아이(만화),2025-09,5850,,1645,914,2026-08-31T14:09:42+09:00
391173655,우리 길드 아이돌 3,우리 길드 아이돌,3,,,꼬보,네이버웹툰,2026-06,16020,,1608,915,2026-08-31T14:09:42+09:00
391172975,우리 길드 아이돌 1,우리 길드 아이돌,1,,,꼬보,네이버웹툰,2026-06,16020,,1602,916,2026-08-31T14:09:42+09:00
391173129,우리 길드 아이돌 2,우리 길드 아이돌,2,,,꼬보,네이버웹툰,2026-06,16020,,1596,917,2026-08-31T14:09:42+09:00
300076543,나루토 Naruto 50,나루토 Naruto,50,,,키시모토 마사시,대원씨아이(만화),2010-06,4950,6.0,1503,918,2026-08-31T14:09:42+09:00
396652918,마루는 강쥐 9 (특별판),마루는 강쥐,9,특별판,- 완결 /초판 한정 작가 친필 사인 인쇄본 + 초판 한정 표지 일러스트 엽서 + 북케이스 + 아크릴 스탠드,모죠,문페이스,2026-08,32400,,1545,919,2026-08-31T14:09:42+09:00
342128566,주말엔 숲으로,주말엔 숲으로,,,,마스다 미리,이봄,2024-06,11700,9.3,1588,920,2026-08-31T14:09:42+09:00
387254198,블리치 리믹스 15,블리치 리믹스,15,,,쿠보 타이토,서울미디어코믹스(서울문화사),2026-02,10800,9.5,1551,921,2026-08-31T14:09:42+09:00
332268158,진격의 거인 17,진격의 거인,17,,,이사야마 하지메,학산문화사(만화),2015-09,5400,6.0,1446,922,2026-08-31T14:09:42+09:00
321321957,진격의 거인 16,진격의 거인,16,,,이사야마 하지메,학산문화사(만화),2015-05,5400,8.0,1446,923,2026-08-31T14:09:42+09:00
396091175,향기로운 꽃은 늠름하게 핀다 14,향기로운 꽃은 늠름하게 핀다,14,,,미카미 사카,대원씨아이(만화),2026-06,6300,,1380,924,2026-08-31T14:09:42+09:00
322947468,아인 13,아인,13,,,사쿠라이 가몬,학산문화사(만화),2019-03,5400,,1541,925,2026-08-31T14:09:42+09:00
389359455,그리스 로마 신화를 한 번도 안 읽어볼 수는 없잖아,그리스 로마 신화를 한 번도 안 읽어볼 수는 없잖아,,,,Team. StoryG,oldstairs(올드스테어즈),2026-04,21600,,1416,926,2026-08-31T14:09:42+09:00
388016407,정반대의 너와 나 8,정반대의 너와 나,8,,- 완결,아가사와 코챠,학산문화사(만화),2026-03,5400,10.0,1494,927,2026-08-31T14:09:42+09:00
337798928,새디스틱 뷰티 : 외전 A,새디스틱 뷰티 : 외전 A,,,,우연희,봄툰,2024-01,16200,10.0,1427,928,2026-08-31T14:09:42+09:00
379966277,배가본드 1,배가본드,1,,,이노우에 타케히코,학산문화사(만화),2011-06,6300,10.0,1348,929,2026-08-31T14:09:42+09:00
400224536,딸이 아니라 나를 좋아한다고?! 4,딸이 아니라 나를 좋아한다고?!,4,,- S코믹스,아즈마 텟신,㈜소미미디어,2026-08,6300,,1480,930,2026-08-31T14:09:42+09:00
397363079,백조 무덤 1,백조 무덤,1,,- 만화,앤트스튜디오,디앤씨미디어(주)(D&C미디어),2026-08,14400,,1370,931,2026-08-31T14:09:42+09:00
399782226,폭력 만세 3,폭력 만세,3,,,나다이니시,학산문화사(만화),2026-08,6300,,1320,932,2026-08-31T14:09:42+09:00
329904871,진격의 거인 12,진격의 거인,12,,,이사야마 하지메,학산문화사(만화),2014-01,5400,,1312,933,2026-08-31T14:09:42+09:00
318149027,베르세르크 11,베르세르크,11,,,미우라 켄타로,대원씨아이(만화),2000-04,4950,,1418,934,2026-08-31T14:09:42+09:00
331073570,진격의 거인 11,진격의 거인,11,,,이사야마 하지메,학산문화사(만화),2013-09,5400,,1258,935,2026-08-31T14:09:42+09:00
332459969,아인 11,아인,11,,,사쿠라이 가몬,학산문화사(만화),2017-12,5400,,1373,936,2026-08-31T14:09:42+09:00
399782322,매리지 톡신 15,매리지 톡신,15,,,쥬 먀쿠,학산문화사(만화),2026-08,5400,10.0,1190,937,2026-08-31T14:09:42+09:00
398811243,힛 미 하드 1 (특별판),힛 미 하드,1,특별판,- 패키지 박스 + 엽서 1종 + 렌티큘러 엽서 1종 + 포토카드 3종 + 아크릴 스탠드 1종 + 멀티 클리너 1종,,다산코믹스,2026-07,34200,10.0,1295,938,2026-08-31T14:09:42+09:00
375536744,풀 나이트 3,풀 나이트,3,,- S코믹스,야스다 카스미,㈜소미미디어,2025-11,5400,10.0,1363,939,2026-08-31T14:09:42+09:00
399452036,핑크 하트 잼 beat 2,핑크 하트 잼 beat,2,,- B愛+745,싯케,대원씨아이(만화),2026-07,5850,,1135,940,2026-08-31T14:09:42+09:00
371796628,창작자를 위한 주술 용어 사전,창작자를 위한 주술 용어 사전,,,"- 저주부터 밀교까지, 신비로운 어둠의 지식서",A&F,므큐,2025-09,19800,,1092,941,2026-08-31T14:09:42+09:00
399872446,로스타임에 작별 인사를 Home and Away,로스타임에 작별 인사를 Home and Away,,,- 라르고 맥스 Largo Max,코코미,조은세상(북두),2026-08,5400,10.0,1060,942,2026-08-31T14:09:42+09:00
399046795,도쿄대 세 자매 1,도쿄대 세 자매,1,,,이소야 유키,대원씨아이(만화),2026-07,5850,10.0,1025,943,2026-08-31T14:09:42+09:00
398811109,미열공간 6,미열공간,6,,,아오키 우메,대원씨아이(만화),2026-07,6750,,955,944,2026-08-31T14:09:42+09:00
388432928,데스 노트 Death Note 12,데스 노트 Death Note,12,,,오바 츠구미,대원씨아이(만화),2006-12,6300,,885,945,2026-08-31T14:09:42+09:00
393823551,데스 노트 Death Note 8,데스 노트 Death Note,8,,,오바 츠구미,대원씨아이(만화),2011-01,6300,,850,946,2026-08-31T14:09:42+09:00
399303583,개를 낳았다 시즌 2 : 13,개를 낳았다 시즌 2 :,13,,- 이별부터 만남까지,이선,서울미디어코믹스(서울문화사),2026-07,14400,,1000,947,2026-08-31T14:09:42+09:00
397997349,엘든 링 머나먼 틈새의 이야기 1,엘든 링 머나먼 틈새의 이야기,1,,"- 픽시하우스 /초판한정 특별부록 : 띠지, 일러스트 카드",프롬 소프트웨어,미스터블루,2026-07,7200,,940,948,2026-08-31T14:09:42+09:00
400543500,"아리스, 우주까지도 4","아리스, 우주까지도",4,,,우리노 키코,대원씨아이(만화),2026-08,6300,,830,949,2026-08-31T14:09:42+09:00
399391916,천국에서의 생활은 어떻습니까 1,천국에서의 생활은 어떻습니까,1,,,나카야마 유카리,안경낀두더지,2026-07,15120,10.0,815,950,2026-08-31T14:09:42+09:00
399462068,아머드 코어 6 루비콘의 화염 오피셜 아트북,아머드 코어 6 루비콘의 화염 오피셜 아트북,,,,,미스터블루,2026-08,39600,,825,951,2026-08-31T14:09:42+09:00
400543235,악마이자 여경! 2,악마이자 여경!,2,,,안베 마사히로,대원씨아이(만화),2026-08,5850,,770,952,2026-08-31T14:09:42+09:00
399470005,창작자를 위한 판타지 용어 사전,창작자를 위한 판타지 용어 사전,,,"- 마법부터 연금술까지, 상상력을 깨우는 환상의 지식서",A&F,므큐,2026-07,19800,,775,953,2026-08-31T14:09:42+09:00
400543345,파티피플 공명 22,파티피플 공명,22,,,오가와 료,대원씨아이(만화),2026-08,4950,,770,954,2026-08-31T14:09:42+09:00
397382949,주말 내 맘대로 집밥 3,주말 내 맘대로 집밥,3,,,코무라 아유미,㈜에스엠지크리에이티브(고은문화사),2026-06,5400,,700,955,2026-08-31T14:09:42+09:00
334128695,사랑해 게임을 끝내고 싶어 4,사랑해 게임을 끝내고 싶어,4,,,도모토 유키,학산문화사(만화),2024-02,5400,,919,956,2026-08-31T14:09:42+09:00
396563354,도망을 잘 치는 도련님 22,도망을 잘 치는 도련님,22,,- 코노 모로후유 1351,마츠이 유세이,대원씨아이(만화),2026-06,5400,10.0,690,957,2026-08-31T14:09:42+09:00
399522533,렛츠고 괴기조 3,렛츠고 괴기조,3,,,View,㈜에스엠지크리에이티브(고은문화사),2026-07,5850,,665,958,2026-08-31T14:09:42+09:00
400313885,타베모노로그,타베모노로그,,,,JIU,재담,2026-08,14400,,650,959,2026-08-31T14:09:42+09:00
379966455,배가본드 34,배가본드,34,,,이노우에 타케히코,학산문화사(만화),2013-01,6300,,642,960,2026-08-31T14:09:42+09:00
398443139,데스 노트 Death Note 4,데스 노트 Death Note,4,,,오바 츠구미,대원씨아이(만화),2005-06,6300,,605,961,2026-08-31T14:09:42+09:00
400001026,사자나미 군이 가장 싫어하는 남자,사자나미 군이 가장 싫어하는 남자,,,,오기,인디고,2026-08,5850,,710,962,2026-08-31T14:09:42+09:00
400556285,꿈자리가 이상한데요?! 외전 (한정판),꿈자리가 이상한데요?! 외전,,한정판,"- 구성: 도서, SD 판 스티커, 작가 선화 및 사인 인쇄, 아크릴 누들 스토퍼, 네컷사진, 증명사진 세트, 포토카드 2종, 폴라로이드 2종",흰귀,북극여우,2026-10,39600,,730,963,2026-08-31T14:09:42+09:00
398440930,데스 노트 Death Note 7,데스 노트 Death Note,7,,,오바 츠구미,대원씨아이(만화),2022-03,6300,,575,964,2026-08-31T14:09:42+09:00
383643805,배가본드 31,배가본드,31,,,이노우에 타케히코,학산문화사(만화),2010-06,6300,,602,965,2026-08-31T14:09:42+09:00
383616336,배가본드 32,배가본드,32,,,이노우에 타케히코,학산문화사(만화),2011-02,6300,,576,966,2026-08-31T14:09:42+09:00
400653189,마도구사 달리아는 고개 숙이지 않아 7,마도구사 달리아는 고개 숙이지 않아,7,,- 시프트코믹스,스미카와 메구미,YNK MEDIA(만화),2026-08,5400,,540,967,2026-08-31T14:09:42+09:00
400224787,전생했더니 검이었습니다 Another Wish 5,전생했더니 검이었습니다 Another Wish,5,,- S코믹스,이노우에 히나코,㈜소미미디어,2026-08,6300,,540,968,2026-08-31T14:09:42+09:00
388462249,배가본드 33,배가본드,33,,,이노우에 타케히코,학산문화사(만화),2011-04,6300,,503,969,2026-08-31T14:09:42+09:00
400649593,"모험가 자격을 박탈당한 아저씨지만, 사랑하는 딸이 생겨서 느긋이 인생을 즐긴다 10","모험가 자격을 박탈당한 아저씨지만, 사랑하는 딸이 생겨서 느긋이 인생을 즐긴다",10,,- SL Comic,타다후라 후미,디앤씨미디어(주)(D&C미디어),2026-08,6300,,460,970,2026-08-31T14:09:42+09:00
400585938,버림받은 공주는 의외로 사랑받고 있다? 2,버림받은 공주는 의외로 사랑받고 있다?,2,,,아사노 아오이,대원씨아이(만화),2026-08,5850,,400,971,2026-08-31T14:09:42+09:00
396563326,"나태한 악욕귀족으로 환생한 나, 시나리오를 쳐부쉈더니~ 1","나태한 악욕귀족으로 환생한 나, 시나리오를 쳐부쉈더니~",1,,,오다 도우마,대원씨아이(만화),2026-06,5850,10.0,440,972,2026-08-31T14:09:42+09:00
400880249,파도였던 날들,파도였던 날들,,,,AJ 덩고,미메시스,2026-09,25200,,300,973,2026-08-31T14:09:42+09:00
400624765,장송의 프리렌 9,장송의 프리렌,9,,,야마다 카네히토,학산문화사(만화),2022-12,6300,,460,974,2026-08-31T14:09:42+09:00
400930279,에리스의 성배 6,에리스의 성배,6,,- S코믹스,모모야마 히나세,㈜소미미디어,2026-09,6300,,300,975,2026-08-31T14:09:42+09:00
400980601,퍼펙트 어딕션 3,퍼펙트 어딕션,3,,- B愛+753,미야마 카오루코,대원씨아이(만화),2026-08,5850,,280,976,2026-08-31T14:09:42+09:00
361704320,여학교의 별 4,여학교의 별,4,,,와야마 야마,문학동네,2025-03,7650,9.8,28559,977,2026-08-31T14:09:42+09:00
347729960,에일리언 스테이지 아트북 (특별판),에일리언 스테이지 아트북,,특별판,- 아트북 + 드로잉북,팀 포맷나인,다산코믹스,2024-09,48600,8.5,15887,978,2026-08-31T14:09:42+09:00
269056986,"빠졌어, 너에게","빠졌어, 너에게",,,,와야마 야마,문학동네,2021-04,7650,9.6,15975,979,2026-08-31T14:09:42+09:00
376840323,체인소 맨 21,체인소 맨,21,,,후지모토 타츠키,학산문화사(만화),2025-11,5400,9.1,14143,980,2026-08-31T14:09:42+09:00
360199002,히카루가 죽은 여름 5,히카루가 죽은 여름,5,,- SL Comic,모쿠모쿠렌,디앤씨미디어(주)(D&C미디어),2025-03,5850,9.8,11354,981,2026-08-31T14:09:42+09:00
350054747,원피스 109,원피스,109,,- 네 편,오다 에이치로,대원씨아이(만화),2024-10,5400,9.9,11234,982,2026-08-31T14:09:42+09:00
290886723,체인소 맨 11,체인소 맨,11,,- 1부 완결,후지모토 타츠키,학산문화사(만화),2022-03,5400,9.9,10916,983,2026-08-31T14:09:42+09:00
370794176,캐릭캐릭 체인지! Jewel Joker 주얼 조커 1,캐릭캐릭 체인지! Jewel Joker 주얼 조커,1,,,PEACH-PIT,서울미디어코믹스(서울문화사),2025-08,5850,10.0,10576,984,2026-08-31T14:09:42+09:00
366120687,히카루가 죽은 여름 6,히카루가 죽은 여름,6,,- SL Comic,모쿠모쿠렌,디앤씨미디어(주)(D&C미디어),2025-06,5850,9.8,9243,985,2026-08-31T14:09:42+09:00
242242096,까면서 보는 해부학 만화,까면서 보는 해부학 만화,,,,압듈라,한빛비즈,2020-06,16650,9.3,9281,986,2026-08-31T14:09:42+09:00
378096466,팬텀 버스터즈 5,팬텀 버스터즈,5,,- 일반판,네오쇼코,㈜소미미디어,2025-11,5850,10.0,9248,987,2026-08-31T14:09:42+09:00
366527586,열혈강호 93,열혈강호,93,,,전극진,대원씨아이(만화),2025-06,4950,9.6,9026,988,2026-08-31T14:09:42+09:00
364227299,나 혼자만 레벨업 14,나 혼자만 레벨업,14,,- 만화,장성락(REDICE STUDIO),디앤씨웹툰비즈,2025-06,14400,10.0,9011,989,2026-08-31T14:09:42+09:00
303523008,원피스 103,원피스,103,,- 해방의 전사,오다 에이치로,대원씨아이(만화),2022-10,4950,9.8,9140,990,2026-08-31T14:09:42+09:00
353809342,스파이 패밀리 14,스파이 패밀리,14,,,엔도 타츠야,학산문화사(만화),2024-12,5400,9.8,8659,991,2026-08-31T14:09:42+09:00
319537457,히카루가 죽은 여름 2,히카루가 죽은 여름,2,,- SL Comic,모쿠모쿠렌,디앤씨미디어(주)(D&C미디어),2023-07,5400,9.8,8487,992,2026-08-31T14:09:42+09:00
395358108,찍히지 않습니다 6,찍히지 않습니다,6,,"- S코믹스 /초판 한정 일러스트 카드, 폴라로이드 사진풍 카드 2종",코노시마 루카,㈜소미미디어,2026-06,6300,10.0,8105,993,2026-08-31T14:09:42+09:00
372549977,나 혼자만 레벨업 15,나 혼자만 레벨업,15,,- 만화,장성락(REDICE STUDIO),디앤씨웹툰비즈,2025-10,14400,10.0,7971,994,2026-08-31T14:09:42+09:00
360698719,봇치·더·록! 외전 히로이 키쿠리의 과음일기 2,봇치·더·록! 외전 히로이 키쿠리의 과음일기,2,,,쿠미쵸,대원씨아이(만화),2025-03,8100,10.0,7929,995,2026-08-31T14:09:42+09:00
342856068,히카루가 죽은 여름 4,히카루가 죽은 여름,4,,- SL Comic,모쿠모쿠렌,디앤씨미디어(주)(D&C미디어),2024-07,5400,9.9,7784,996,2026-08-31T14:09:42+09:00
295225480,귀멸의 칼날 22,귀멸의 칼날,22,,,고토게 코요하루,학산문화사(만화),2021-01,5400,,7567,997,2026-08-31T14:09:42+09:00
379027062,나의 히어로 아카데미아 캐릭터 팬북 컴플리트 에디션,나의 히어로 아카데미아 캐릭터 팬북 컴플리트 에디션,,,,호리코시 코헤이,서울미디어코믹스(서울문화사),2025-11,28620,9.2,7570,998,2026-08-31T14:09:42+09:00
283806419,장송의 프리렌 2,장송의 프리렌,2,,,야마다 카네히토,학산문화사(만화),2021-11,5400,9.6,7672,999,2026-08-31T14:09:42+09:00
303424817,주술회전 20,주술회전,20,,- 센다이 -연회 중반-,아쿠타미 게게,서울미디어코믹스(서울문화사),2022-10,5400,9.8,7422,1000,2026-08-31T14:09:42+09:00
400917256,마남 이치 6 (트리플 특전판),마남 이치,6,트리플 특전판,- 아크릴 일러스트 카드 2종 + 홀로그램 일러스트 카드,유사자키 시로,서울미디어코믹스(서울문화사),2026-08,6300,10.0,16800,1,2026-09-01T10:41:52+09:00
400315663,스파이 패밀리 17,스파이 패밀리,17,,,엔도 타츠야,학산문화사(만화),2026-08,5400,10.0,33340,2,2026-09-01T10:41:52+09:00
400930743,아멜리아의 호기심 많은 로맨스 3,아멜리아의 호기심 많은 로맨스,3,,"- 루나 코믹스, 초판 한정 투명 pet 포토카드 1종, 양면 일러스트 카드 1종, PET 사원증 1종",코하쿠 요루,㈜소미미디어,2026-09,6300,,14620,3,2026-09-01T10:41:52+09:00
400652795,스킵과 로퍼 12,스킵과 로퍼,12,,- 시프트코믹스,타카마츠 미사키,YNK MEDIA(만화),2026-08,5400,10.0,29560,4,2026-09-01T10:41:52+09:00
400365190,사카모토 데이즈 27 (더블 특전판),사카모토 데이즈,27,더블 특전판,"- 자긍심, 초판 한정 띠지 + 일러스트 포스트 카드 + 일러스트 레이어 카드",스즈키 유우토,대원씨아이(만화),2026-08,5850,10.0,32590,5,2026-09-01T10:41:52+09:00
400710266,야마다 군과 Lv999의 사랑을 하다 8,야마다 군과 Lv999의 사랑을 하다,8,,"- 초판 한정 특전 : 띠지, 일러스트 카드, 폴라로이드 카드",마시로,디앤씨미디어(주)(D&C미디어),2026-09,7200,10.0,17460,6,2026-09-01T10:41:52+09:00
400909479,킹덤 Kingdom 78,킹덤 Kingdom,78,,,하라 야스히사,대원씨아이(만화),2026-08,5400,,8480,7,2026-09-01T10:41:52+09:00
400587114,봇치·더·록! 외전 히로이 키쿠리의 과음일기 6,봇치·더·록! 외전 히로이 키쿠리의 과음일기,6,,- 띠지 + 초판한정 일러스트 포토 카드 1종,쿠미쵸,대원씨아이(만화),2026-08,8100,,31630,8,2026-09-01T10:41:52+09:00
399974125,타몬 군 지금 어느 쪽?! 13 (한정판),타몬 군 지금 어느 쪽?!,13,한정판,- 후쿠하라 타몬 2nd 사진집 + 후쿠하라 타몬 사인 포토카드 + 일러스트 카드,시와스 유키,학산문화사(만화),2026-08,12600,10.0,20900,9,2026-09-01T10:41:52+09:00
400246381,황천의 츠가이 12 (더블특전판),황천의 츠가이,12,더블특전판,- 초판한정 : 일러스트 포스트카드 1종 + 일러스트 pp카드 1종,아라카와 히로무,대원씨아이(만화),2026-08,5850,10.0,15430,10,2026-09-01T10:41:52+09:00
400710167,야마다 군과 Lv999의 사랑을 하다 8 (특별판),야마다 군과 Lv999의 사랑을 하다,8,특별판,"- 특별판 한정 특전 : 일반판 초판 특전, 틴케이스, 특별판 한정 엽서 4종 세트, 키캡 키링",마시로,디앤씨미디어(주)(D&C미디어),2026-09,23400,10.0,18150,11,2026-09-01T10:41:52+09:00
399539936,명탐정 코난 108,명탐정 코난,108,,,아오야마 고쇼,서울미디어코믹스(서울문화사),2026-07,5400,9.8,23775,12,2026-09-01T10:41:52+09:00
397412056,책이라면 팔 만큼 1,책이라면 팔 만큼,1,,,코지마 아오,미우(대원씨아이),2026-07,11700,9.6,23870,13,2026-09-01T10:41:52+09:00
400736391,엄마가 도망갔다,엄마가 도망갔다,,,,소복이,나무의말,2026-09,17820,10.0,9860,14,2026-09-01T10:41:52+09:00
401063905,블리치 리믹스 17,블리치 리믹스,17,,,쿠보 타이토,서울미디어코믹스(서울문화사),2026-08,10800,,12380,15,2026-09-01T10:41:52+09:00
400315752,디그 잇 3 (더블특전판),디그 잇,3,더블특전판,- 수량 한정 더블 특전 : 비주얼 보드 + 스포츠 선수 카드,Yoshidamaru,학산문화사(만화),2026-08,6300,,17860,16,2026-09-01T10:41:52+09:00
400547759,모모세 아키라의 첫사랑 파탄 중 6 (트리플 특전판),모모세 아키라의 첫사랑 파탄 중,6,트리플 특전판,- 스페셜 아크릴 일러스트 카드 1종 + 양면 일러스트 카드 2종,하레카와 신타,서울미디어코믹스(서울문화사),2026-08,6750,10.0,14580,17,2026-09-01T10:41:52+09:00
400586243,단다단 21,단다단,21,,,타츠 유키노부,대원씨아이(만화),2026-08,5400,10.0,11400,18,2026-09-01T10:41:52+09:00
400707875,언니의 미도리 군 9,언니의 미도리 군,9,,,메구로 아무,대원씨아이(만화),2026-08,4950,,6630,19,2026-09-01T10:41:52+09:00
391764120,포켓몬 생태도감,포켓몬 생태도감,,,,주식회사 포켓몬,대원씨아이(단행본),2026-04,13500,10.0,73516,20,2026-09-01T10:41:52+09:00
400909443,창천항로 애장판 4,창천항로 애장판,4,,,킹곤타,대원씨아이(만화),2026-08,16200,,4520,21,2026-09-01T10:41:52+09:00
400713407,이세계 삼촌 14,이세계 삼촌,14,,"- 픽시하우스, 초판한정 특별부록 : 일러스트 카드 + 띠지",호톤도신데이루,데이즈엔터(주),2026-09,7200,,7410,22,2026-09-01T10:41:52+09:00
400980916,꿈인지 생시인지 4,꿈인지 생시인지,4,,,사키사카 이오,대원씨아이(만화),2026-08,5850,,4400,23,2026-09-01T10:41:52+09:00
400856630,나나 NANA 완전판 12,나나 NANA 완전판,12,,"- 초판 한정 PP엽서 1종, 포토카드 1종",야자와 아이,학산문화사(만화),2026-08,10800,,4900,24,2026-09-01T10:41:52+09:00
400977703,나의 첫 섹파 2,나의 첫 섹파,2,,,유리카와,재담,2026-08,6300,,4720,25,2026-09-01T10:41:52+09:00
399973794,봄의 폭풍과 몬스터 9,봄의 폭풍과 몬스터,9,,,미츠바치 미유키,학산문화사(만화),2026-08,6300,10.0,15080,26,2026-09-01T10:41:52+09:00
400708725,3월의 벽력 2,3월의 벽력,2,,,이케 준코,대원씨아이(만화),2026-08,5400,,7380,27,2026-09-01T10:41:52+09:00
401047773,야화첩 8,야화첩,8,,"- 초판 한정: 띠지, 포토카드 1종, PET 책갈피 1종",변덕,레진코믹스(레진엔터테인먼트),2026-08,14400,,4230,28,2026-09-01T10:41:52+09:00
395946461,원피스 114,원피스,114,,- 초판한정 띠지 + 일러스트 카드 1종,오다 에이치로,대원씨아이(만화),2026-06,5850,10.0,43555,29,2026-09-01T10:41:52+09:00
400544318,마법소녀를 동경해서 7 (더블특전판),마법소녀를 동경해서,7,더블특전판,- 띠지 + 초판한정 일러스트 카드 1종 + 더블특전 SD 스티커,오노나카 아키히로,대원씨아이(만화),2026-08,6750,,11320,30,2026-09-01T10:41:52+09:00
401009364,소드 아트 온라인 29,소드 아트 온라인,29,,- J Novel,카와하라 레키,서울문화사,2026-08,7200,,5550,31,2026-09-01T10:41:52+09:00
401049295,야화첩 9,야화첩,9,,"- 초판 한정: 띠지, 포토카드 2종",변덕,레진코믹스(레진엔터테인먼트),2026-08,14400,,3980,32,2026-09-01T10:41:52+09:00
400714329,패배 히로인이 너무 많아! 8.5,패배 히로인이 너무 많아! 8.5,,,"- Novel Engine, 초판한정 특별부록 : 띠지 + 일러스트 카드",아마모리 타키비,데이즈엔터(주),2026-09,7200,,9770,33,2026-09-01T10:41:52+09:00
399975177,GACHIAKUTA 18,GACHIAKUTA,18,,,케이 우라나,학산문화사(만화),2026-08,6300,,8500,34,2026-09-01T10:41:52+09:00
396103290,패밀리 레스토랑 가자. 下,패밀리 레스토랑 가자. 下,,,- 완결,와야마 야마,문학동네,2026-06,7650,9.8,62435,35,2026-09-01T10:41:52+09:00
400930547,Myther 3,Myther,3,,- S코믹스,야츠다 테키,㈜소미미디어,2026-09,7200,,3490,36,2026-09-01T10:41:52+09:00
399974955,GACHIAKUTA 18 (한정판),GACHIAKUTA,18,한정판,"- 아크릴 디오라마 + 빅스티커 SET(5매) + 스페셜 비주얼 보드, 포토카드SET(4매) + 일러스트 카드(일반판 부록과 동일) + 아웃박스",케이 우라나,학산문화사(만화),2026-08,39600,,10410,37,2026-09-01T10:41:52+09:00
401063751,요괴소년 호야 완전판 4,요괴소년 호야 완전판,4,,,후지타 카즈히로,서울미디어코믹스(서울문화사),2026-08,14400,,3660,38,2026-09-01T10:41:52+09:00
398738362,헬싱 한정판 1~5 세트 - 전5권,헬싱 한정판 1~5 세트 - 전5권,,,,히라노 코우타,AK(에이케이)커뮤니케이션즈,2026-08,67500,9.9,16620,39,2026-09-01T10:41:52+09:00
395510885,슈퍼 뒤에서 담배 피우는 두 사람 8,슈퍼 뒤에서 담배 피우는 두 사람,8,,- SL Comic,지누시,디앤씨미디어(주)(D&C미디어),2026-06,6300,9.9,12710,40,2026-09-01T10:41:52+09:00
400594188,노아 선배는 친구 10,노아 선배는 친구,10,,,아키야마 엔마,서울미디어코믹스(서울문화사),2026-08,5850,,6780,41,2026-09-01T10:41:52+09:00
400707954,블루 자이언트 모멘텀 7,블루 자이언트 모멘텀,7,,,이시즈카 신이치,대원씨아이(만화),2026-08,5850,,4440,42,2026-09-01T10:41:52+09:00
400980854,현시연 신장판 1,현시연 신장판,1,,,키오 시모쿠,대원씨아이(만화),2026-08,13500,10.0,3040,43,2026-09-01T10:41:52+09:00
400544538,비실비실 선생님 16,비실비실 선생님,16,,- 띠지 + 초판한정 일러스트 폴라로이드 카드 1종,후쿠치 카미오,대원씨아이(만화),2026-08,5850,10.0,11300,44,2026-09-01T10:41:52+09:00
395945176,나츠메 우인장 32,나츠메 우인장,32,,,미도리카와 유키,학산문화사(만화),2026-06,5400,8.4,12840,45,2026-09-01T10:41:52+09:00
400328644,요리 군과 다시 만날 수는 없어! 2,요리 군과 다시 만날 수는 없어!,2,,"- 초판 한정 특전 : 일러스트 카드, 접이식 아크릴 스탠드",Sumio Hataya,서울미디어코믹스(서울문화사),2026-08,5850,,9330,46,2026-09-01T10:41:52+09:00
400545480,전지적 독자 시점 20,전지적 독자 시점,20,,- 초판 한정 캐릭터 카드 1종 + 특전 엽서 1종,슬리피-C,에이템포미디어,2026-08,14850,,8330,47,2026-09-01T10:41:52+09:00
399925336,팬텀 버스터즈 7,팬텀 버스터즈,7,,- S코믹스,네오쇼코,㈜소미미디어,2026-08,5850,10.0,17010,48,2026-09-01T10:41:52+09:00
396653507,마루는 강쥐 9,마루는 강쥐,9,,- 초판 한정 작가 친필 사인 인쇄본 + 초판 한정 표지 일러스트 엽서,모죠,문페이스,2026-08,14400,,6630,49,2026-09-01T10:41:52+09:00
400707805,담배 고양이 6,담배 고양이,6,,,냥냥 팩토리,대원씨아이(만화),2026-08,5400,,3950,50,2026-09-01T10:41:52+09:00
399583956,명탐정 코난 108 (특장판),명탐정 코난,108,특장판,- 극장판 [하이웨이의 타천사] 티저 일러스트 아크릴 스탠드 + 어나더 커버 + 트레이딩 그래픽 컬렉션 카드 8종 중 랜덤 4종,아오야마 고쇼,서울미디어코믹스(서울문화사),2026-07,19800,10.0,17505,51,2026-09-01T10:41:52+09:00
399973871,옆자리 녀석이 그런 눈으로 쳐다본다 4 (더블특전판),옆자리 녀석이 그런 눈으로 쳐다본다,4,더블특전판,- 수량 한정 더블 특전 : 폴라로이드 에구치 ANGEL Ver + 이케자와 DEVIL Ver,mmk,학산문화사(만화),2026-08,6300,,9440,52,2026-09-01T10:41:52+09:00
400365247,이거 그리고 죽어 8,이거 그리고 죽어,8,,- 초판 한정 : 띠지 + 일러스트 엽서 1종,토요다 미노루,대원씨아이(만화),2026-08,5400,10.0,5030,53,2026-09-01T10:41:52+09:00
398419129,황천의 츠가이 11 (더블특전판),황천의 츠가이,11,더블특전판,,아라카와 히로무,대원씨아이(만화),2026-07,5850,9.8,11115,54,2026-09-01T10:41:52+09:00
396141385,사카모토 데이즈 26 (더블 특전판),사카모토 데이즈,26,더블 특전판,- 원정 / 띠지 + 일러스트 포스트 카드 + 사카모토 상점 양면 어나더커버,스즈키 유우토,대원씨아이(만화),2026-06,5850,9.2,23225,55,2026-09-01T10:41:52+09:00
400652816,블루 피리어드 7 (더블 특전판),블루 피리어드,7,더블 특전판,"- 초판 한정 일러스트 카드 1종 + 박티켓 책갈피 1종, 시프트코믹스",야마구치 츠바사,YNK MEDIA(만화),2026-08,5400,,4130,56,2026-09-01T10:41:52+09:00
400647677,아이돌라트리 1,아이돌라트리,1,,- 초판 한정 띠지 + 일러스트 pet 카드 1종,호마레,대원씨아이(만화),2026-08,6300,,3720,57,2026-09-01T10:41:52+09:00
400856525,애프터 갓 10,애프터 갓,10,,,에노 스미,대원씨아이(만화),2026-08,5400,10.0,2690,58,2026-09-01T10:41:52+09:00
400594291,유치원WARS 17,유치원WARS,17,,"- 초판특전: 아크릴 일러스트 카드, 더그 일러스트 카드",You Chiba,서울미디어코믹스(서울문화사),2026-08,5400,10.0,5740,59,2026-09-01T10:41:52+09:00
400910174,이력서 3,이력서,3,,,유월,블루픽,2026-08,14220,10.0,3180,60,2026-09-01T10:41:52+09:00
400878309,온통 여우 1,온통 여우,1,,- 초판 한정 특전 : 일러스트 카드 2종,Ayami Morinaga,서울미디어코믹스(서울문화사),2026-08,6750,10.0,2540,61,2026-09-01T10:41:52+09:00
400707957,여우 우리군 1 (특장판),여우 우리군,1,특장판,"- B愛 341, 일러스트 카드 5종(초회 한정 일러스트 카드 1종 포함) + 클리어 스탠드 + 스티커 + 폴라로이드형 포토카드 + 어나더 커버 + 별도 박스 포장",네아,대원씨아이(만화),2026-08,16200,10.0,3380,62,2026-09-01T10:41:52+09:00
399974190,타몬 군 지금 어느 쪽?! 13,타몬 군 지금 어느 쪽?!,13,,- 수량 한정 특전 : 일러스트 카드,시와스 유키,학산문화사(만화),2026-08,6300,10.0,5730,63,2026-09-01T10:41:52+09:00
400662227,첫사랑은 나의 오빠 2,첫사랑은 나의 오빠,2,,,카스미 유코,서울미디어코믹스(서울문화사),2026-08,5850,,3880,64,2026-09-01T10:41:52+09:00
401041190,참을 수 없는 건 사랑인 걸까 6,참을 수 없는 건 사랑인 걸까,6,,,소라하나 미아,대원씨아이(만화),2026-08,5850,,2270,65,2026-09-01T10:41:52+09:00
400930515,뒤에 있는 카무이 씨 1,뒤에 있는 카무이 씨,1,,- S코믹스 Red,코노시로 신코,㈜소미미디어,2026-09,6300,,2440,66,2026-09-01T10:41:52+09:00
394695719,옆자리 녀석이 그런 눈으로 쳐다본다 3 (더블특전판),옆자리 녀석이 그런 눈으로 쳐다본다,3,더블특전판,- 수량 한정 더블 특전: 포토카드 + 증명사진,mmk,학산문화사(만화),2026-06,6300,9.4,6920,67,2026-09-01T10:41:52+09:00
401041191,너를 잊을 사랑이 하고 싶어 7,너를 잊을 사랑이 하고 싶어,7,,,유우키 하루,대원씨아이(만화),2026-08,5850,,2190,68,2026-09-01T10:41:52+09:00
400647778,이토준지 자선 걸작집 Dark Colors,이토준지 자선 걸작집 Dark Colors,,,,이토 준지,미우(대원씨아이),2026-08,17100,5.0,5430,69,2026-09-01T10:41:52+09:00
400653146,세금으로 산 책 3,세금으로 산 책,3,,- 시프트코믹스,케이야마 케이,YNK MEDIA(만화),2026-08,5850,,2830,70,2026-09-01T10:41:52+09:00
399782162,흑집사 35,흑집사,35,,,토보소 야나,학산문화사(만화),2026-08,5400,,9060,71,2026-09-01T10:41:52+09:00
236826464,소년과 두더지와 여우와 말,소년과 두더지와 여우와 말,,,,찰리 맥커시,상상의힘,2020-04,19800,9.5,60936,72,2026-09-01T10:41:52+09:00
400668931,커다란 네가 제일 귀여워 (한정판),커다란 네가 제일 귀여워,,한정판,"- 일러스트 메모패드, 작가님 사인 포토카드 2종, 빅 클리어 카드 2종, 일러스트 카드, 라르고 맥스 Largo Max",유키하루,조은세상(북두),2026-08,9900,10.0,3110,73,2026-09-01T10:41:52+09:00
396452830,원펀맨 One Punch Man 35,원펀맨 One Punch Man,35,,- 만나서는 안 될 녀석,ONE,대원씨아이(만화),2026-06,5400,9.5,16395,74,2026-09-01T10:41:52+09:00
398309482,요리 군과 다시 만날 수는 없어! 1,요리 군과 다시 만날 수는 없어!,1,,"- 초판 한정 특전 : 양면 일러스트 카드, 접이식 아크릴 스탠드",Sumio Hataya,서울미디어코믹스(서울문화사),2026-07,5850,,9915,75,2026-09-01T10:41:52+09:00
400653323,세금으로 산 책 4,세금으로 산 책,4,,- 시프트코믹스,케이야마 케이,YNK MEDIA(만화),2026-08,5850,,2590,76,2026-09-01T10:41:52+09:00
400856659,눈이 나려 꽃 26,눈이 나려 꽃,26,,,임해연,학산문화사(만화),2026-08,7200,,1980,77,2026-09-01T10:41:52+09:00
401009459,유감스러운 사랑의 주인공들 1,유감스러운 사랑의 주인공들,1,,,아와이 키사키,서울미디어코믹스(서울문화사),2026-08,5850,10.0,1830,78,2026-09-01T10:41:52+09:00
388083662,슈퍼 뒤에서 담배 피우는 두 사람 7,슈퍼 뒤에서 담배 피우는 두 사람,7,,- SL Comic,지누시,디앤씨미디어(주)(D&C미디어),2026-03,5850,9.3,12066,79,2026-09-01T10:41:52+09:00
400543400,그랑블루 26,그랑블루,26,,,요시오카 키미타게,대원씨아이(만화),2026-08,4950,,3220,80,2026-09-01T10:41:52+09:00
395444608,장송의 프리렌 15,장송의 프리렌,15,,,야마다 카네히토,학산문화사(만화),2026-06,6300,9.7,15785,81,2026-09-01T10:41:52+09:00
389928857,옆자리 녀석이 그런 눈으로 쳐다본다 2,옆자리 녀석이 그런 눈으로 쳐다본다,2,,,mmk,학산문화사(만화),2026-04,6300,10.0,6026,82,2026-09-01T10:41:52+09:00
400921125,사망 엔딩에서 벗어난 미연시의 히로인들이 내 【일기장】을 읽고 비밀을 알아챈 듯하다 1,사망 엔딩에서 벗어난 미연시의 히로인들이 내 【일기장】을 읽고 비밀을 알아챈 듯하다,1,,- S Novel,addict,㈜소미미디어,2026-09,7650,,2490,83,2026-09-01T10:41:52+09:00
290886787,룩 백,룩 백,,,,후지모토 타츠키,학산문화사(만화),2022-03,5400,9.5,35460,84,2026-09-01T10:41:52+09:00
400647796,이토준지 자선 걸작집 왜곡,이토준지 자선 걸작집 왜곡,,,,이토 준지,미우(대원씨아이),2026-08,14400,6.0,4070,85,2026-09-01T10:41:52+09:00
400585881,귀여운 건 나다 3,귀여운 건 나다,3,,,야스코,대원씨아이(만화),2026-08,6300,,2950,86,2026-09-01T10:41:52+09:00
375360802,44교시 생존수업 1~2 세트 - 전2권,44교시 생존수업 1~2 세트 - 전2권,,,,상C,네이버웹툰,2025-12,28800,10.0,2624,87,2026-09-01T10:41:52+09:00
400922115,순정 갸루는 여친은 아니지만,순정 갸루는 여친은 아니지만,,,- S 블랙,미우라 미우,㈜소미미디어,2026-09,9000,,2270,88,2026-09-01T10:41:52+09:00
398962987,주술회전 모듈로 1,주술회전 모듈로,1,,- 특급 사안 /초판 한정 캐릭터 일러스트 카드 3종 + 선착순 한정 포토카드 1종,Yuji Iwasaki,서울미디어코믹스(서울문화사),2026-07,6300,9.0,25605,89,2026-09-01T10:41:52+09:00
396369059,향기로운 꽃은 늠름하게 핀다 21,향기로운 꽃은 늠름하게 핀다,21,,- 띠지 + 초판한정 일러스트 엽서 1종,미카미 사카,대원씨아이(만화),2026-06,6300,,13115,90,2026-09-01T10:41:52+09:00
395840340,마남 이치 5 (트리플 특전판),마남 이치,5,트리플 특전판,- 홀로그램 일러스트 카드 2종 + 캐릭터 일러스트 카드,유사자키 시로,서울미디어코믹스(서울문화사),2026-06,6300,9.5,12535,91,2026-09-01T10:41:52+09:00
369848536,슈퍼 뒤에서 담배 피우는 두 사람 6,슈퍼 뒤에서 담배 피우는 두 사람,6,,- SL Comic,지누시,디앤씨미디어(주)(D&C미디어),2025-08,5850,10.0,10648,92,2026-09-01T10:41:52+09:00
400708280,발화 2,발화,2,,- 초판1쇄 한정 포토카드 2종,영재영,레진코믹스(레진엔터테인먼트),2026-08,15300,10.0,2910,93,2026-09-01T10:41:52+09:00
400981192,엇갈리는 중앙감정선,엇갈리는 중앙감정선,,,- 시무라 타카코 단편집,시무라 타카코,문학동네,2026-08,9000,,1480,94,2026-09-01T10:41:52+09:00
399580240,엄마를 만나러 가는 길 3,엄마를 만나러 가는 길,3,,- 초판 한정 부록: 포토카드 2장 + 작가님 친필사인 면지 인쇄본,고먕,네이버웹툰,2026-10,16020,,7585,95,2026-09-01T10:41:52+09:00
399782210,운명의 사람을 만나는 이야기 8,운명의 사람을 만나는 이야기,8,,,아나신,학산문화사(만화),2026-08,5400,10.0,8050,96,2026-09-01T10:41:52+09:00
400594114,못 미더운 악녀입니다만 : ~추궁접서 교체전~ 10,못 미더운 악녀입니다만 : ~추궁접서 교체전~,10,,,EI Ohitsuji,서울미디어코믹스(서울문화사),2026-08,6300,10.0,2670,97,2026-09-01T10:41:52+09:00
400707990,여우 우리군 1,여우 우리군,1,,- B愛 341,네아,대원씨아이(만화),2026-08,6300,,2110,98,2026-09-01T10:41:52+09:00
400856516,아오아시 17,아오아시,17,,,코바야시 유고,대원씨아이(만화),2026-08,5850,,1520,99,2026-09-01T10:41:52+09:00
401131950,패배 히로인이 너무 많아! @comic 5,패배 히로인이 너무 많아! @comic,5,,,이타치,재담,2026-08,6300,,1890,100,2026-09-01T10:41:52+09:00
400958916,11번째 고양이는 네네 2,11번째 고양이는 네네,2,,,하리카모,오팬스코믹,2026-08,6300,,1580,101,2026-09-01T10:41:52+09:00
398736065,너와 장밋빛 매일 3 (트리플 특전판),너와 장밋빛 매일,3,트리플 특전판,- 초판 한정 트리플 특전: 아크릴 일러스트 카드 + 일러스트 카드 + 폴라로이드 카드,히로 치히로,서울미디어코믹스(서울문화사),2026-07,5400,10.0,24045,102,2026-09-01T10:41:52+09:00
399580402,엄마를 만나러 가는 길 4,엄마를 만나러 가는 길,4,,- 초판 한정 부록: 포토카드 2장 + 작가님 친필사인 면지 인쇄본,고먕,네이버웹툰,2026-10,16020,,7060,103,2026-09-01T10:41:52+09:00
384420875,원피스 113,원피스,113,,- 로키탄생,오다 에이치로,대원씨아이(만화),2026-01,5850,9.9,24917,104,2026-09-01T10:41:52+09:00
388016420,스파이 패밀리 16,스파이 패밀리,16,,,엔도 타츠야,학산문화사(만화),2026-03,5400,9.7,21111,105,2026-09-01T10:41:52+09:00
360200073,슈퍼 뒤에서 담배 피우는 두 사람 5,슈퍼 뒤에서 담배 피우는 두 사람,5,,- SL Comic,지누시,디앤씨미디어(주)(D&C미디어),2025-03,5850,9.4,11705,106,2026-09-01T10:41:52+09:00
399290739,메이드 인 어비스 14,메이드 인 어비스,14,,,츠쿠시 아키히토,미우(대원씨아이),2026-07,7200,,5915,107,2026-09-01T10:41:52+09:00
400585742,아메와 우미 1,아메와 우미,1,,"- S코믹스, 초판 한정 양면 일러스트 카드 2종(도서 내 래핑)",야마카타 아츠카,㈜소미미디어,2026-08,6300,10.0,2550,108,2026-09-01T10:41:52+09:00
400707775,곰과 토끼는 친구로 지낼 수 없다 2,곰과 토끼는 친구로 지낼 수 없다,2,,,이누요시 아키라,대원씨아이(만화),2026-08,6300,,1750,109,2026-09-01T10:41:52+09:00
400878045,온통 여우 1 (한정판),온통 여우,1,한정판,- 구성: 단행본(초판 특전 포함) + 커스텀 아크릴 키링 + 홀로그램 아크릴 일러스트 카드 + 판 스티커,Ayami Morinaga,서울미디어코믹스(서울문화사),2026-08,22500,10.0,1530,110,2026-09-01T10:41:52+09:00
400856505,아오아시 16,아오아시,16,,,코바야시 유고,대원씨아이(만화),2026-08,5850,,1520,111,2026-09-01T10:41:52+09:00
400878569,오컬트 타임즈 1,오컬트 타임즈,1,,- 초판 한정 : 일러스트 카드 부록 2종,Idonchi,서울미디어코믹스(서울문화사),2026-08,6300,10.0,1280,112,2026-09-01T10:41:52+09:00
392518962,체인소 맨 23,체인소 맨,23,,,후지모토 타츠키,학산문화사(만화),2026-05,5400,9.1,16485,113,2026-09-01T10:41:52+09:00
352187592,슈퍼 뒤에서 담배 피우는 두 사람 4,슈퍼 뒤에서 담배 피우는 두 사람,4,,- SL Comic,지누시,디앤씨미디어(주)(D&C미디어),2024-11,5400,9.8,10366,114,2026-09-01T10:41:52+09:00
320428870,슈퍼 뒤에서 담배 피우는 두 사람 1,슈퍼 뒤에서 담배 피우는 두 사람,1,,- SL Comic,지누시,디앤씨미디어(주)(D&C미디어),2023-07,5400,9.3,10092,115,2026-09-01T10:41:52+09:00
400150223,남편을 내 편으로 만드는 방법 5 (한정판),남편을 내 편으로 만드는 방법,5,한정판,- 단행본 + 학생 AU 아크릴 스탠드 + 떡메모지 + 파노라마 미니 포스터 4종 + 트레이딩 카드 9종 + 이스케&루비 엽서 4종 + 초판 한정 부록 엽서,시루,캐롯툰,2026-10,35820,,8260,116,2026-09-01T10:41:52+09:00
400247736,만화 인소의 법칙 9 (한정판),만화 인소의 법칙,9,한정판,- 구성: 단행본 + 은지호 PET 스탠드 + 우주인 학생증 + 신용카드 스티커 2종 + 엽서 4종 + 미니 표지 아크릴 키링,아현,디앤씨웹툰비즈,2026-08,25200,,3990,117,2026-09-01T10:41:52+09:00
401041186,너를 잊을 사랑이 하고 싶어 7 (특장판),너를 잊을 사랑이 하고 싶어,7,특장판,- 단행본 + 피크 키링 + 어나더 커버 + 일러스트 카드 2종 + 포토카드 2종 + 별도 박스 포장,유우키 하루,대원씨아이(만화),2026-08,19800,10.0,1310,118,2026-09-01T10:41:52+09:00
400909388,겁쟁이페달 95,겁쟁이페달,95,,,와타나베 와타루,대원씨아이(만화),2026-08,4950,,1380,119,2026-09-01T10:41:52+09:00
393769452,불가항력의 I LOVE YOU 8,불가항력의 I LOVE YOU,8,,- 초판특전 : 포토카드 3종 세트,호시노 미즈키,서울미디어코믹스(서울문화사),2026-05,5400,9.7,18215,120,2026-09-01T10:41:52+09:00
394124358,캐릭캐릭 체인지! Jewel Joker 주얼 조커 3,캐릭캐릭 체인지! Jewel Joker 주얼 조커,3,,- 초판 특전: 아르카나 학원 아크릴 일러스트 카드,PEACH-PIT,서울미디어코믹스(서울문화사),2026-05,5850,10.0,12760,121,2026-09-01T10:41:52+09:00
399381869,담배 고양이 5,담배 고양이,5,,,냥냥 팩토리,대원씨아이(만화),2026-07,5400,,4455,122,2026-09-01T10:41:52+09:00
400594187,아마 그녀는 우리 형을 노리고 있을 거야 1,아마 그녀는 우리 형을 노리고 있을 거야,1,,"- 초판 특전 양면 일러스트카드, 양면 일러스트 코스터",이세 마루노,서울미디어코믹스(서울문화사),2026-08,6300,,2260,123,2026-09-01T10:41:52+09:00
399402787,얼굴만으론 좋아할 수 없어요 17,얼굴만으론 좋아할 수 없어요,17,,"- 한국 한정 오리지널 일러스트 양면 커버, 초판 한정 SNS풍 주인공 커플 일러스트 카드, 졸업식 일러스트 카드",안자이 카린,서울미디어코믹스(서울문화사),2026-07,5400,,10170,124,2026-09-01T10:41:52+09:00
324439898,슈퍼 뒤에서 담배 피우는 두 사람 2,슈퍼 뒤에서 담배 피우는 두 사람,2,,- SL Comic,지누시,디앤씨미디어(주)(D&C미디어),2023-09,5400,9.4,9121,125,2026-09-01T10:41:52+09:00
398728364,마법소녀를 동경해서 6 (더블특전판),마법소녀를 동경해서,6,더블특전판,- 초판한정 : 일러스트 카드 1종 + SD 스티커 1종,오노나카 아키히로,대원씨아이(만화),2026-07,6750,,8055,126,2026-09-01T10:41:52+09:00
400225135,"내가 연인이 될 수 있을 리 없잖아, 무리무리! (※무리가 아니었다?!) 8","내가 연인이 될 수 있을 리 없잖아, 무리무리! (※무리가 아니었다?!)",8,,"- S Novel+ , 초판 한정 책갈피, 쇼트스토리 소책자",미카미 테렌,㈜소미미디어,2026-08,9450,10.0,6570,127,2026-09-01T10:41:52+09:00
400547001,작전명 순정 7~9 스페셜 세트 - 전3권,작전명 순정 7~9 스페셜 세트 - 전3권,,,"- 구성: 단행본 7~9권, 엽서집(양면엽서 16장), 프로필 세트(프로필 3종 + PET 포스터 2종 + 종이 홀더), 레이어 카드 2종, 아크릴 코롯토, 증명사진 팩, 도화 인터뷰집, 스페셜 패키지 박스, 초판한정 엽서",꼬까리,영진.com(영진닷컴),2026-08,79200,10.0,5660,128,2026-09-01T10:41:52+09:00
397904178,새벽의 연화 47,새벽의 연화,47,,,미즈호 쿠사나기,학산문화사(만화),2026-07,5400,,5435,129,2026-09-01T10:41:52+09:00
400245347,버서스 6,버서스,6,,,아즈마 쿄타로,학산문화사(만화),2026-08,5400,,4070,130,2026-09-01T10:41:52+09:00
400652779,스노우볼 어스 4,스노우볼 어스,4,,- 시프트코믹스,츠지츠구 유우히로,YNK MEDIA(만화),2026-08,5400,10.0,1790,131,2026-09-01T10:41:52+09:00
392518608,봄의 폭풍과 몬스터 8,봄의 폭풍과 몬스터,8,,,미츠바치 미유키,학산문화사(만화),2026-05,5400,9.6,10790,132,2026-09-01T10:41:52+09:00
393546382,봇치·더·록! 외전 히로이 키쿠리의 과음일기 5,봇치·더·록! 외전 히로이 키쿠리의 과음일기,5,,,쿠미쵸,대원씨아이(만화),2026-05,8100,10.0,9330,133,2026-09-01T10:41:52+09:00
388852450,담배 고양이 1,담배 고양이,1,,,냥냥 팩토리,대원씨아이(만화),2026-03,5400,10.0,5743,134,2026-09-01T10:41:52+09:00
397818232,오가미 츠미키와 기일상 7,오가미 츠미키와 기일상,7,,,모리시타 미유,학산문화사(만화),2026-07,5400,9.5,5205,135,2026-09-01T10:41:52+09:00
400246321,황천의 츠가이 12 (특별판),황천의 츠가이,12,특별판,- 초판부록 2종 + 패키지 박스 + 운명의 쌍둥이 아크릴 스탠드 1종 + 가브리엘 아크릴 참 키링 1종+ 시그니처 포토카드 1종 + 빅 캔배지 1종 + 홀로그램 카드 2종,아라카와 히로무,대원씨아이(만화),2026-08,25650,,4870,136,2026-09-01T10:41:52+09:00
400229048,사토 씨의 친구,사토 씨의 친구,,,,마스다 미리,이봄,2026-08,13500,9.0,3710,137,2026-09-01T10:41:52+09:00
400856423,처형당한 현자는 리치로 전생하여 침략전쟁을 시작한다 15,처형당한 현자는 리치로 전생하여 침략전쟁을 시작한다,15,,,쿠니토모 쇼타로,대원씨아이(만화),2026-08,4950,10.0,1120,138,2026-09-01T10:41:52+09:00
401042641,고랭순대 작품집 7,고랭순대 작품집,7,,,고랭순대,대원씨아이(만화),2026-08,13500,,1180,139,2026-09-01T10:41:52+09:00
390779612,야마다 군과 Lv999의 사랑을 하다 7,야마다 군과 Lv999의 사랑을 하다,7,,,마시로,디앤씨미디어(주)(D&C미디어),2026-04,7200,10.0,13669,140,2026-09-01T10:41:52+09:00
336001751,슈퍼 뒤에서 담배 피우는 두 사람 3,슈퍼 뒤에서 담배 피우는 두 사람,3,,- SL Comic,지누시,디앤씨미디어(주)(D&C미디어),2024-03,5400,9.8,8671,141,2026-09-01T10:41:52+09:00
396695591,루리 드래곤 5,루리 드래곤,5,,"- 초판특전: 일러스트 카드, 일러스트 스탠딩 POP",신도 마사오키,서울미디어코믹스(서울문화사),2026-06,5400,8.7,8475,142,2026-09-01T10:41:52+09:00
397284418,슈퍼 러버즈 19,슈퍼 러버즈,19,,,아베 미유키,서울미디어코믹스(서울문화사),2026-07,5400,10.0,8230,143,2026-09-01T10:41:52+09:00
399781349,윈드 브레이커 15~16 세트 - 전2권,윈드 브레이커 15~16 세트 - 전2권,,,"- 초판한정부록 : 일러스트카드 1종, 아코디언카드 1종",니이 사토루,리디(RIDI),2026-08,10800,10.0,7710,144,2026-09-01T10:41:52+09:00
399050948,세금으로 산 책 1,세금으로 산 책,1,,- 시프트코믹스,케이야마 케이,YNK MEDIA(만화),2026-07,5850,10.0,5395,145,2026-09-01T10:41:52+09:00
398869909,나나 NANA 완전판 11,나나 NANA 완전판,11,,"- 초판 한정 PP엽서 1종, 포토카드 1종",야자와 아이,학산문화사(만화),2026-07,10800,,3740,146,2026-09-01T10:41:52+09:00
400157314,2120,2120,,,,조지 와일솔,프시케의숲,2026-08,27000,10.0,3240,147,2026-09-01T10:41:52+09:00
400545629,파인더의 도피행,파인더의 도피행,,,- 뉴 루비코믹스 3165,야마네 아야노,현대지능개발사,2026-08,7830,,2090,148,2026-09-01T10:41:52+09:00
400707962,추방 당한 전생 중기사는 게임 지식으로 무쌍한다 12,추방 당한 전생 중기사는 게임 지식으로 무쌍한다,12,,,브로콜리,대원씨아이(만화),2026-08,5850,,1650,149,2026-09-01T10:41:52+09:00
398869483,홀로서기 마왕성 12,홀로서기 마왕성,12,,,모리시타 마코토,대원씨아이(만화),2026-07,5400,9.3,1125,150,2026-09-01T10:41:52+09:00
393688901,카구라바치 10 (트리플특전판),카구라바치,10,트리플특전판,- 초판한정 일러스트 시네마티켓 + 애니메이션 KV카드 + 검사들 일러스트카드,호카조노 타케루,대원씨아이(만화),2026-05,5850,9.8,19115,151,2026-09-01T10:41:52+09:00
399924966,팬텀 버스터즈 7 (한정판),팬텀 버스터즈,7,한정판,"- CD 라벨풍 스티커 + CD 자켓풍 일러스트 카드 2종 + 아크릴 키링 4종, M형 티켓 + 양면 어나더 커버 + 초판 한정 일러스트 카드, S코믹스",네오쇼코,㈜소미미디어,2026-08,27000,,14040,152,2026-09-01T10:41:52+09:00
398867421,찍히지 않습니다 7,찍히지 않습니다,7,,"- S코믹스 /초판 한정 일러스트 카드, 폴라로이드 사진풍 카드 2종",코노시마 루카,㈜소미미디어,2026-08,6300,10.0,10315,153,2026-09-01T10:41:52+09:00
394045519,아멜리아의 호기심 많은 로맨스 2,아멜리아의 호기심 많은 로맨스,2,,- 루나 코믹스,코하쿠 요루,㈜소미미디어,2026-06,6300,10.0,9145,154,2026-09-01T10:41:52+09:00
398727110,봇치·더·록! 앤솔러지 코믹 6,봇치·더·록! 앤솔러지 코믹,6,,,치바 사도루,대원씨아이(만화),2026-07,8100,10.0,6695,155,2026-09-01T10:41:52+09:00
400136861,누나의 친구 4,누나의 친구,4,,,타카세 와카,학산문화사(만화),2026-08,5400,,3880,156,2026-09-01T10:41:52+09:00
395170753,도쿄 학생 애처가 4,도쿄 학생 애처가,4,,,카유카와 스즈,학산문화사(만화),2026-06,6300,9.8,3565,157,2026-09-01T10:41:52+09:00
225772243,달빛천사 애장판 2,달빛천사 애장판,2,,,타네무라 아리나,서울미디어코믹스(서울문화사),2020-01,8550,10.0,3651,158,2026-09-01T10:41:52+09:00
400543319,우자키 양은 놀고싶어! 14,우자키 양은 놀고싶어!,14,,,타케,대원씨아이(만화),2026-08,4950,,2540,159,2026-09-01T10:41:52+09:00
400587655,킬블루 13,킬블루,13,,,후지마키 타다토시,대원씨아이(만화),2026-08,5400,,1840,160,2026-09-01T10:41:52+09:00
401097577,"다른 학교 얼음공주를 구했더니, 친구부터 시작하게 되었습니다 2","다른 학교 얼음공주를 구했더니, 친구부터 시작하게 되었습니다",2,,,사츠키 히류,오팬스노벨,2026-08,7650,,2200,161,2026-09-01T10:41:52+09:00
401041961,산가지는 도깨비의 꿈을 꾼다 5,산가지는 도깨비의 꿈을 꾼다,5,,,LAPIS,다산코믹스,2026-08,18000,,1830,162,2026-09-01T10:41:52+09:00
337054427,패밀리 레스토랑 가자. 上,패밀리 레스토랑 가자. 上,,,,와야마 야마,문학동네,2024-04,7650,9.7,31409,163,2026-09-01T10:41:52+09:00
193382764,페르세폴리스,페르세폴리스,,,,마르얀 사트라피,휴머니스트,2019-06,28800,8.6,15156,164,2026-09-01T10:41:52+09:00
393809247,사피엔스 : 그래픽 히스토리 Vol.4,사피엔스 : 그래픽 히스토리 Vol.4,,,- 혁명의 시대,,김영사,2026-05,17820,,7600,165,2026-09-01T10:41:52+09:00
397904410,나 혼자만 레벨업 : 라그나로크 3,나 혼자만 레벨업 : 라그나로크,3,,- 만화,,디앤씨웹툰비즈,2026-07,14400,10.0,5720,166,2026-09-01T10:41:52+09:00
396819581,나의 첫 섹파 1,나의 첫 섹파,1,,- 초회 수량한정 특장판 구성 (수량 소진 시 종료),유리카와,재담,2026-06,6300,,4115,167,2026-09-01T10:41:52+09:00
393803230,J⇔M 제이엠 6,J⇔M 제이엠,6,,,오타케 마사오,대원씨아이(만화),2026-05,6300,10.0,2230,168,2026-09-01T10:41:52+09:00
401009461,달의 아이 신장판 8,달의 아이 신장판,8,,- 완결,시미즈 레이코,서울미디어코믹스(서울문화사),2026-08,16200,,910,169,2026-09-01T10:41:52+09:00
400980564,킬러의 최애 4,킬러의 최애,4,,,오시마 린타로,대원씨아이(만화),2026-08,6300,,910,170,2026-09-01T10:41:52+09:00
366362146,엄마를 만나러 가는 길 1,엄마를 만나러 가는 길,1,,,고먕,네이버웹툰,2025-08,16020,10.0,15456,171,2026-09-01T10:41:52+09:00
349202721,일러스트레이터를 위한 색과 빛 마스터 가이드북 : COLOR & LIGHT,일러스트레이터를 위한 색과 빛 마스터 가이드북 : COLOR & LIGHT,,,,3D토털 퍼블리싱,영진.com(영진닷컴),2024-10,28800,10.0,11038,172,2026-09-01T10:41:52+09:00
390998609,담배 고양이 2,담배 고양이,2,,,냥냥 팩토리,대원씨아이(만화),2026-04,5400,10.0,4760,173,2026-09-01T10:41:52+09:00
394099635,담배 고양이 3,담배 고양이,3,,,냥냥 팩토리,대원씨아이(만화),2026-05,5400,10.0,4565,174,2026-09-01T10:41:52+09:00
396049036,담배 고양이 4,담배 고양이,4,,,냥냥 팩토리,대원씨아이(만화),2026-06,5400,10.0,4355,175,2026-09-01T10:41:52+09:00
309059685,판타지 배색 아이디어 사전,판타지 배색 아이디어 사전,,,- 세계관을 창조하는,사쿠라이 테루코,한즈미디어(한스미디어),2023-01,5630,10.0,3874,176,2026-09-01T10:41:52+09:00
398203513,톰 폭스의 옷을 입은 캐릭터 드로잉 : 아티스트를 위한 옷과 주름 그리기 가이드,톰 폭스의 옷을 입은 캐릭터 드로잉 : 아티스트를 위한 옷과 주름 그리기 가이드,,,,톰 폭스,한즈미디어(한스미디어),2026-07,28800,10.0,2465,177,2026-09-01T10:41:52+09:00
400307585,재혼황후 11,재혼황후,11,,- 만화,히어리,영컴(YOUNG COM),2026-08,15120,,1960,178,2026-09-01T10:41:52+09:00
400585950,보루토 -TWO BLUE VORTEX- 5,보루토 -TWO BLUE VORTEX-,5,,,이케모토 미키오,대원씨아이(만화),2026-08,5850,,1640,179,2026-09-01T10:41:52+09:00
399465061,신석기 시대부터 AI 시대까지 만화로 꿰뚫는 경제사,신석기 시대부터 AI 시대까지 만화로 꿰뚫는 경제사,,,- 물질적 풍요는 우리를 행복하게 만들었을까,,클,2026-08,19800,10.0,2365,180,2026-09-01T10:41:52+09:00
400669111,커다란 네가 제일 귀여워,커다란 네가 제일 귀여워,,,- 라르고 맥스 Largo Max,유키하루,조은세상(북두),2026-08,6300,,1300,181,2026-09-01T10:41:52+09:00
400909405,시오타 선생님과 아마이양 7,시오타 선생님과 아마이양,7,,,나카토카 쿠미코,대원씨아이(만화),2026-08,5850,,910,182,2026-09-01T10:41:52+09:00
401247590,"달은 차고 이지러져, 짐승의 사랑 신장판 (특장판)","달은 차고 이지러져, 짐승의 사랑 신장판",,특장판,"- 작가님 사인 아크릴 카드 + 일러스트 카드 2종 + 이중 커버, 라르고 맥스 Largo Max",노지로 구리,조은세상(북두),2026-09,11700,,1610,183,2026-09-01T10:41:52+09:00
374587018,원피스 112,원피스,112,,- 할리(신전),오다 에이치로,대원씨아이(만화),2025-10,5400,10.0,27176,184,2026-09-01T10:41:52+09:00
399403043,얼굴만으론 좋아할 수 없어요 17 (한정판),얼굴만으론 좋아할 수 없어요,17,한정판,- 한국 오리지널 일러스트 양면 커버 + 아크릴 스탠드 + 소책자 + 스페셜 일러스트 카드 2종 + 미니 일러스트 보드 (일반판 초판특전은 포함되지 않음),안자이 카린,서울미디어코믹스(서울문화사),2026-07,22500,10.0,14085,185,2026-09-01T10:41:52+09:00
393311014,히카루가 죽은 여름 8,히카루가 죽은 여름,8,,"- SL Comic, 초판 한정 특전 띠지, 일러스트 카드 & 클리어 일러스트 카드 세트 (2종 중 1종)",모쿠모쿠렌,디앤씨미디어(주)(D&C미디어),2026-05,6300,9.7,11990,186,2026-09-01T10:41:52+09:00
397047219,쇼타 형아 7,쇼타 형아,7,,- BLovers Comics /초판 한정 더블 특전 : 양면 일러스트 카드 2종,나카야마 미유키,서울미디어코믹스(서울문화사),2026-06,5850,9.4,7710,187,2026-09-01T10:41:52+09:00
399045982,유희왕 애장판 21,유희왕 애장판,21,,,다카하시 카즈키,대원씨아이(만화),2026-07,10800,,6895,188,2026-09-01T10:41:52+09:00
399051208,세금으로 산 책 2,세금으로 산 책,2,,- 시프트코믹스,케이야마 케이,YNK MEDIA(만화),2026-07,5850,10.0,4205,189,2026-09-01T10:41:52+09:00
399540525,전희 서바이벌 사가 3,전희 서바이벌 사가,3,,,OTOSAMA,오팬스코믹,2026-07,6300,10.0,3870,190,2026-09-01T10:41:52+09:00
400006799,유녀전기 21,유녀전기,21,,- 노엔 코믹스,토죠 치카,데이즈엔터(주),2026-08,5400,10.0,2510,191,2026-09-01T10:41:52+09:00
395745763,아카네 이야기 15,아카네 이야기,15,,,유키 스에나가,학산문화사(만화),2026-06,5400,9.8,1595,192,2026-09-01T10:41:52+09:00
400585911,녹풍당의 사계절 21,녹풍당의 사계절,21,,,시미즈 유우,대원씨아이(만화),2026-08,4500,,1430,193,2026-09-01T10:41:52+09:00
400669134,반에서 두 번째로 귀여운 여자애와 친구가 되었다 6,반에서 두 번째로 귀여운 여자애와 친구가 되었다,6,,"- 왈츠 코믹스, 초판 한정 특전 : 일러스트 카드 1종, 포토카드 2종",오노 린,조은세상(북두),2026-08,5400,,1440,194,2026-09-01T10:41:52+09:00
400340156,마끼아또의 일러스트 레벨업 테크닉,마끼아또의 일러스트 레벨업 테크닉,,,- 초보가 가장 많이 막히는 고민 해결집,마끼아또,AK(에이케이)커뮤니케이션즈,2026-08,19800,10.0,1950,195,2026-09-01T10:41:52+09:00
400585712,버그 에고 2,버그 에고,2,,- S코믹스,시타라 키요토,㈜소미미디어,2026-08,6300,,1280,196,2026-09-01T10:41:52+09:00
400860220,작전명 순정 7,작전명 순정,7,,,꼬까리,영진.com(영진닷컴),2026-08,14400,,920,197,2026-09-01T10:41:52+09:00
400909457,우린 엇갈리고 있다 1,우린 엇갈리고 있다,1,,,미나모토 유,대원씨아이(만화),2026-08,5850,,960,198,2026-09-01T10:41:52+09:00
401009550,월광천녀 애장판 8,월광천녀 애장판,8,,,시미즈 레이코,서울미디어코믹스(서울문화사),2026-08,16200,,810,199,2026-09-01T10:41:52+09:00
400917239,전생 악녀의 흑역사 18,전생 악녀의 흑역사,18,,,토우카 아키하루,서울미디어코믹스(서울문화사),2026-08,4500,,810,200,2026-09-01T10:41:52+09:00
292511593,가라오케 가자!,가라오케 가자!,,,,와야마 야마,문학동네,2022-04,7650,9.6,28527,201,2026-09-01T10:41:52+09:00
398221799,메달리스트 14,메달리스트,14,,,츠루마이카다,학산문화사(만화),2026-07,5400,10.0,16115,202,2026-09-01T10:41:52+09:00
390778469,원펀맨 One Punch Man 34,원펀맨 One Punch Man,34,,- 여명,ONE,대원씨아이(만화),2026-04,5400,9.2,13654,203,2026-09-01T10:41:52+09:00
397047378,반딧불이의 혼례 11,반딧불이의 혼례,11,,,타치바나 오레코,서울미디어코믹스(서울문화사),2026-06,7650,10.0,11410,204,2026-09-01T10:41:52+09:00
388349614,카구라바치 9 (더블특전판),카구라바치,9,더블특전판,"- 엔텐, 일러스트 시네마 티켓 + 요도 계약자 pp 북마크",호카조노 타케루,대원씨아이(만화),2026-03,5850,,10977,205,2026-09-01T10:41:52+09:00
397744206,학생회에도 구멍은 있다! 12,학생회에도 구멍은 있다!,12,,- S코믹스,무치마로,㈜소미미디어,2026-07,6300,9.0,10350,206,2026-09-01T10:41:52+09:00
393753728,수상한 경찰 1 (트리플 특전판),수상한 경찰,1,트리플 특전판,- 초판한정 일러스트 북마크 1종 + 일러스트 엽서 4종 + 캐릭터 프로필 카드 4종,무키시츠,대원씨아이(만화),2026-05,9000,9.6,5340,207,2026-09-01T10:41:52+09:00
395357976,Veil 7,Veil,7,,"- S코믹스, JAPAN EXPO 최우수작화상, 최우수장정상 수상",코테리,㈜소미미디어,2026-06,11520,,4710,208,2026-09-01T10:41:52+09:00
399782154,어차피 울 거라면 사랑이 좋아 9,어차피 울 거라면 사랑이 좋아,9,,,쿠사카 아키,학산문화사(만화),2026-08,5400,10.0,4080,209,2026-09-01T10:41:52+09:00
399953550,데스마치에서 시작되는 이세계 광상곡 34,데스마치에서 시작되는 이세계 광상곡,34,,"- L Novel /초판 한정 특전 : 띠지, 책갈피",아이나나 히로,디앤씨미디어(주)(D&C미디어),2026-08,9900,,3040,210,2026-09-01T10:41:52+09:00
400153916,명탐정 코난 : 범인 한자와 씨 10,명탐정 코난 : 범인 한자와 씨,10,,,칸바 마유코,서울미디어코믹스(서울문화사),2026-08,5400,10.0,3090,211,2026-09-01T10:41:52+09:00
397995094,수상한 경찰 2 (더블특전판),수상한 경찰,2,더블특전판,- 띠지 + 초판한정 일러스트 카드 1종 + 선착순 더블특전 포토카드 1종,무키시츠,대원씨아이(만화),2026-07,9000,9.5,2845,212,2026-09-01T10:41:52+09:00
400154065,달님이 바라시는 대로 9,달님이 바라시는 대로,9,,,키우치 라무네,서울미디어코믹스(서울문화사),2026-08,5400,,2690,213,2026-09-01T10:41:52+09:00
400224750,선생님으로 ○○하면 안 됩니다! 3,선생님으로 ○○하면 안 됩니다!,3,,- S코믹스,무샤사부,㈜소미미디어,2026-08,6300,,2260,214,2026-09-01T10:41:52+09:00
393544789,향기로운 꽃은 늠름하게 핀다 20,향기로운 꽃은 늠름하게 핀다,20,,,미카미 사카,대원씨아이(만화),2026-05,5400,,1540,215,2026-09-01T10:41:52+09:00
400707795,뉴노멀 8,뉴노멀,8,,,아이하라 아키토,대원씨아이(만화),2026-08,5400,,1070,216,2026-09-01T10:41:52+09:00
400860566,작전명 순정 8,작전명 순정,8,,,꼬까리,영진.com(영진닷컴),2026-08,14400,,870,217,2026-09-01T10:41:52+09:00
400856470,선생님! 저희들이 세계를 멸망시킵니다. 9,선생님! 저희들이 세계를 멸망시킵니다.,9,,,코바야시 키나,대원씨아이(만화),2026-08,5400,,1000,218,2026-09-01T10:41:52+09:00
400647477,만화를 잘 그리기 위한 노하우 도감,만화를 잘 그리기 위한 노하우 도감,,,,사이드랜치(Sideranch),영진.com(영진닷컴),2026-08,18000,,1210,219,2026-09-01T10:41:52+09:00
401097694,피가 이어지지 않은 우리가 가족이 되는 단 하나의 방법 1,피가 이어지지 않은 우리가 가족이 되는 단 하나의 방법,1,,,히바리유,오팬스노벨,2026-08,7650,,1950,220,2026-09-01T10:41:52+09:00
396644572,포켓몬 생태도감 특별판,포켓몬 생태도감 특별판,,,,주식회사 포켓몬,대원씨아이(단행본),2026-06,44100,10.0,23405,221,2026-09-01T10:41:52+09:00
373383665,언제나 기억해,언제나 기억해,,,"- 소년과 두더지와 여우와 말, 그리고 폭풍우",찰리 맥커시,상상의힘,2025-10,19800,10.0,17836,222,2026-09-01T10:41:52+09:00
385786461,스킵과 로퍼 11 (더블 특전판),스킵과 로퍼,11,더블 특전판,"- 미츠미 아크릴 POP + 명장면 흑백 스티커 4종 (초판 특전), 시프트코믹스",타카마츠 미사키,YNK MEDIA(만화),2026-02,5400,8.4,11563,223,2026-09-01T10:41:52+09:00
368857673,명탐정 코난 107,명탐정 코난,107,,,아오야마 고쇼,서울미디어코믹스(서울문화사),2025-07,5400,9.9,10554,224,2026-09-01T10:41:52+09:00
353810399,헌터x헌터 HunterXHunter 신장판 38,헌터x헌터 HunterXHunter 신장판,38,,,토가시 요시히로,학산문화사(만화),2024-12,5400,9.8,10244,225,2026-09-01T10:41:52+09:00
315020417,헌터x헌터 HunterXHunter 신장판 37,헌터x헌터 HunterXHunter 신장판,37,,,토가시 요시히로,학산문화사(만화),2023-04,5400,10.0,8976,226,2026-09-01T10:41:52+09:00
399055597,Re : 제로부터 시작하는 이세계 생활 43,Re : 제로부터 시작하는 이세계 생활,43,,"- Novel Engine / 초판한정 특별부록 : 띠지, 일러스트 카드",나가츠키 탓페이,데이즈엔터(주),2026-08,7200,,5785,227,2026-09-01T10:41:52+09:00
394169724,쓰레기 기둥서방 하나 군은 죽고 싶어 해 3,쓰레기 기둥서방 하나 군은 죽고 싶어 해,3,,,아메코,대원씨아이(만화),2026-05,5850,9.7,5235,228,2026-09-01T10:41:52+09:00
394588669,천국대마경 12,천국대마경,12,,- S코믹스,이시구로 마사카즈,㈜소미미디어,2026-06,6300,9.0,4685,229,2026-09-01T10:41:52+09:00
399953433,추우면 변하는 헤비가미 군 2,추우면 변하는 헤비가미 군,2,,"- SL Comic /초판 한정 특전: 띠지, PET 스탠드, 일러스트 스티커",쿠리미야,디앤씨미디어(주)(D&C미디어),2026-08,6300,,2310,230,2026-09-01T10:41:52+09:00
400586316,커들 2,커들,2,,- 수인 오메가버스,하스미 하나,학산문화사(만화),2026-08,6300,,1680,231,2026-09-01T10:41:52+09:00
386058010,사카모토 데이즈 25,사카모토 데이즈,25,,- 친구이상 킬러미만,스즈키 유우토,대원씨아이(만화),2026-02,5850,,1455,232,2026-09-01T10:41:52+09:00
400733376,건강하고 문화적인 최저한도의 생활 11,건강하고 문화적인 최저한도의 생활,11,,,가시와기 하루코,문학동네,2026-08,8820,,1240,233,2026-09-01T10:41:52+09:00
400860690,작전명 순정 9,작전명 순정,9,,,꼬까리,영진.com(영진닷컴),2026-08,14400,,850,234,2026-09-01T10:41:52+09:00
400707945,우리들은 미쳤다 연모 4,우리들은 미쳤다 연모,4,,,안도 나츠미,대원씨아이(만화),2026-08,5400,,870,235,2026-09-01T10:41:52+09:00
400856407,탱크체어 TANK CHAIR 4,탱크체어 TANK CHAIR,4,,,야시로 마나부,대원씨아이(만화),2026-08,6300,,900,236,2026-09-01T10:41:52+09:00
400909336,라면 재유기 13,라면 재유기,13,,,쿠베 로쿠로,대원씨아이(만화),2026-08,5850,,810,237,2026-09-01T10:41:52+09:00
400856452,치하야 리스타트! 2,치하야 리스타트!,2,,,타케우치 홀로,대원씨아이(만화),2026-08,5850,,950,238,2026-09-01T10:41:52+09:00
400980630,룸메이트 1,룸메이트,1,,,사토 아키히토,대원씨아이(만화),2026-08,6750,,760,239,2026-09-01T10:41:52+09:00
366362586,엄마를 만나러 가는 길 2,엄마를 만나러 가는 길,2,,,고먕,네이버웹툰,2025-08,16020,10.0,14766,240,2026-09-01T10:41:52+09:00
391828072,열혈강호 95,열혈강호,95,,,전극진,대원씨아이(만화),2026-04,4950,9.6,12731,241,2026-09-01T10:41:52+09:00
390776539,3월의 라이온 18,3월의 라이온,18,,,우미노 치카,시리얼(학산문화사),2026-04,7200,10.0,10525,242,2026-09-01T10:41:52+09:00
398221849,메달리스트 공식 팬북 더블특전판,메달리스트 공식 팬북 더블특전판,,,- 수량 한정 더블 특전 : 일러스트 카드 + 네컷사진,츠루마이카다,학산문화사(만화),2026-07,13500,10.0,9655,243,2026-09-01T10:41:52+09:00
392518701,블루 록 35,블루 록,35,,,노무라 유스케,학산문화사(만화),2026-05,5400,9.8,9825,244,2026-09-01T10:41:52+09:00
322919098,향기로운 꽃은 늠름하게 핀다 1,향기로운 꽃은 늠름하게 핀다,1,,,미카미 사카,대원씨아이(만화),2023-08,5400,9.7,9566,245,2026-09-01T10:41:52+09:00
397904785,보석함에 사랑을 채우자 1,보석함에 사랑을 채우자,1,,,미키모토 린,학산문화사(만화),2026-07,6300,9.5,8405,246,2026-09-01T10:41:52+09:00
393238375,양 선배는 혼자서 살아갈 수 없어 2,양 선배는 혼자서 살아갈 수 없어,2,,- 초판부록 : 일러스트 카드 1종 + 띠지,soon챠,대원씨아이(만화),2026-05,5850,9.9,8280,247,2026-09-01T10:41:52+09:00
298605858,헌터x헌터 HunterXHunter 신장판 36,헌터x헌터 HunterXHunter 신장판,36,,,토가시 요시히로,학산문화사(만화),2020-03,5400,,7707,248,2026-09-01T10:41:52+09:00
384933730,아멜리아의 호기심 많은 로맨스 1,아멜리아의 호기심 많은 로맨스,1,,- 루나 코믹스,코하쿠 요루,㈜소미미디어,2026-02,6300,9.8,6032,249,2026-09-01T10:41:52+09:00
386003919,향기로운 꽃은 늠름하게 핀다 18,향기로운 꽃은 늠름하게 핀다,18,,,미카미 사카,대원씨아이(만화),2026-02,5400,10.0,5692,250,2026-09-01T10:41:52+09:00
395173556,내 마음의 위험한 녀석 13,내 마음의 위험한 녀석,13,,- S코믹스,사쿠라이 노리오,㈜소미미디어,2026-06,6300,9.4,4890,251,2026-09-01T10:41:52+09:00
399453196,묘쌤은 이렇게 말했다 11,묘쌤은 이렇게 말했다,11,,- S코믹스,무테키 소다,㈜소미미디어,2026-08,6300,10.0,4690,252,2026-09-01T10:41:52+09:00
397904768,푸른 상자 24,푸른 상자,24,,,미우라 코우지,학산문화사(만화),2026-07,5400,10.0,4415,253,2026-09-01T10:41:52+09:00
225770299,달빛천사 애장판 1,달빛천사 애장판,1,,,타네무라 아리나,서울미디어코믹스(서울문화사),2020-01,8550,9.5,3589,254,2026-09-01T10:41:52+09:00
390907872,향기로운 꽃은 늠름하게 핀다 19,향기로운 꽃은 늠름하게 핀다,19,,,미카미 사카,대원씨아이(만화),2026-04,5400,,3230,255,2026-09-01T10:41:52+09:00
398285038,포켓몬스터 스페셜 63,포켓몬스터 스페셜,63,,,쿠사카 히데노리,대원씨아이(만화),2026-07,4950,,2345,256,2026-09-01T10:41:52+09:00
400006981,유녀전기 대대야사 1,유녀전기 대대야사,1,,- 노엔 코믹스 / 초판한정 특별부록 : 일러스트 카드 + 띠지,토죠 치카,데이즈엔터(주),2026-08,5400,10.0,2390,257,2026-09-01T10:41:52+09:00
399900769,소꿉친구 컴플렉스 4~5 스페셜 세트 - 전2권,소꿉친구 컴플렉스 4~5 스페셜 세트 - 전2권,,,"- 초판 한정 부록 : 책갈피 2종(4, 5권 책갈피 각각 1종) + 렌티큘러 엽서 2종 + 증명사진 패키지 + 폴라로이드 4종 + 작가님 사인 인쇄본",은하이,네이버웹툰,2026-10,39600,,2510,258,2026-09-01T10:41:52+09:00
400245338,공주님 고문의 시간입니다 19,공주님 고문의 시간입니다,19,,- 완결,하루하라 로빈슨,학산문화사(만화),2026-08,5400,10.0,2310,259,2026-09-01T10:41:52+09:00
400136881,벡 Beck 신장판 8,벡 Beck 신장판,8,,,해롤드 사쿠이시,학산문화사(만화),2026-08,10800,10.0,2320,260,2026-09-01T10:41:52+09:00
400586056,SCP가 뭔가요? 3,SCP가 뭔가요?,3,,,하치훈,대원씨아이(만화),2026-08,5850,,1330,261,2026-09-01T10:41:52+09:00
400856352,FIRE BALL！ 파이어 볼! 2,FIRE BALL！ 파이어 볼!,2,,,타츠 유키노부,대원씨아이(만화),2026-08,5850,,640,262,2026-09-01T10:41:52+09:00
400980709,키스 다음부터는 애드리브로,키스 다음부터는 애드리브로,,,- B愛+752,키사라기 마나미,대원씨아이(만화),2026-08,5850,2.0,660,263,2026-09-01T10:41:52+09:00
323272361,"안녕, 에리","안녕, 에리",,,,후지모토 타츠키,학산문화사(만화),2023-08,5400,9.4,15713,264,2026-09-01T10:41:52+09:00
392518622,타몬 군 지금 어느 쪽?! 12,타몬 군 지금 어느 쪽?!,12,,,시와스 유키,학산문화사(만화),2026-05,5400,10.0,14560,265,2026-09-01T10:41:52+09:00
391724964,가르쳐줘 집사 1,가르쳐줘 집사,1,,- 초판 한정 더블 특전 : 양면 코스터 & 포토카드 2종 세트,마사키 미치,서울미디어코믹스(서울문화사),2026-04,6300,9.7,10782,266,2026-09-01T10:41:52+09:00
389546868,반딧불이의 혼례 10,반딧불이의 혼례,10,,,타치바나 오레코,서울미디어코믹스(서울문화사),2026-04,7650,9.6,10966,267,2026-09-01T10:41:52+09:00
335112422,주술회전 25,주술회전,25,,- 인외마경 신주쿠 결전,아쿠타미 게게,서울미디어코믹스(서울문화사),2024-02,5400,9.6,10091,268,2026-09-01T10:41:52+09:00
353133344,컬러 앤 라이트,컬러 앤 라이트,,,"- 사실적인 표현을 위한 빛과 색 그리는 법, 개정판",제임스 거니,잉크잼(잼스푼),2024-12,31500,10.0,9932,269,2026-09-01T10:41:52+09:00
369126143,주술회전 30,주술회전,30,,,아쿠타미 게게,서울미디어코믹스(서울문화사),2025-08,5400,10.0,9448,270,2026-09-01T10:41:52+09:00
388137331,3월의 벽력 1,3월의 벽력,1,,,이케 준코,대원씨아이(만화),2026-03,5400,9.5,8008,271,2026-09-01T10:41:52+09:00
294401191,헌터x헌터 HunterXHunter 신장판 35,헌터x헌터 HunterXHunter 신장판,35,,,토가시 요시히로,학산문화사(만화),2019-03,5400,2.0,7483,272,2026-09-01T10:41:52+09:00
394099665,킹덤 Kingdom 77,킹덤 Kingdom,77,,,하라 야스히사,대원씨아이(만화),2026-05,5400,10.0,6415,273,2026-09-01T10:41:52+09:00
388496310,단다단 20,단다단,20,,,타츠 유키노부,대원씨아이(만화),2026-03,5400,9.5,6173,274,2026-09-01T10:41:52+09:00
396574570,Re : 제로부터 시작하는 이세계 생활 42,Re : 제로부터 시작하는 이세계 생활,42,,"- Novel Engine /초판한정 특별부록 : 띠지, 일러스트 카드",나가츠키 탓페이,데이즈엔터(주),2026-07,7200,10.0,4990,275,2026-09-01T10:41:52+09:00
390011039,황천의 츠가이 3,황천의 츠가이,3,,,아라카와 히로무,대원씨아이(만화),2023-05,5850,,4420,276,2026-09-01T10:41:52+09:00
396766600,유루캠 18,유루캠,18,,,아프로,대원씨아이(만화),2026-06,4950,9.6,4125,277,2026-09-01T10:41:52+09:00
385522768,옆자리 녀석이 그런 눈으로 쳐다본다 1,옆자리 녀석이 그런 눈으로 쳐다본다,1,,,mmk,학산문화사(만화),2026-02,6300,,3684,278,2026-09-01T10:41:52+09:00
393715017,노아 선배는 친구 9,노아 선배는 친구,9,,- 초판특전 : 포토카드 2종 세트,아키야마 엔마,서울미디어코믹스(서울문화사),2026-05,5850,9.5,3865,279,2026-09-01T10:41:52+09:00
305148069,장례식 케이크 전문점 연옥당 2,장례식 케이크 전문점 연옥당,2,,- 양장,산호,문학동네,2022-11,18900,10.0,3514,280,2026-09-01T10:41:52+09:00
396563437,나나 NANA 완전판 10,나나 NANA 완전판,10,,"- 초판한정: PP엽서 1종, 포토카드 1종",야자와 아이,학산문화사(만화),2026-06,10800,,3575,281,2026-09-01T10:41:52+09:00
400006989,이세계 유유자적 농가 16,이세계 유유자적 농가,16,,"- Novel Engine /초판한정 특별부록: 띠지, 양면 커버",나이토 키노스케,데이즈엔터(주),2026-08,9000,10.0,3740,282,2026-09-01T10:41:52+09:00
396583445,약사의 혼잣말 21,약사의 혼잣말,21,,- 마오마오의 후궁 수수께끼 풀이수첩,쿠라타 미노지,서울미디어코믹스(서울문화사),2026-06,5400,9.9,2795,283,2026-09-01T10:41:52+09:00
399050467,블루 피리어드 6 (한정판),블루 피리어드,6,한정판,"- 시프트코믹스 /한정판 구성품 : 도서(초판 부록 포함), 1~6권 수납 박스, 컬러링북 소책자, 박티켓 책갈피 3종",야마구치 츠바사,YNK MEDIA(만화),2026-07,13500,,2810,284,2026-09-01T10:41:52+09:00
399556315,이우일의 만화 그리스로마 신화 1~3 세트 - 전3권,이우일의 만화 그리스로마 신화 1~3 세트 - 전3권,,,,이우일,비채,2026-07,59850,,2530,285,2026-09-01T10:41:52+09:00
399973698,시노비고토 7,시노비고토,7,,,미타라시 산타,학산문화사(만화),2026-08,6300,,2840,286,2026-09-01T10:41:52+09:00
313274245,네가 죽을 때까지 사랑하고 싶어 1,네가 죽을 때까지 사랑하고 싶어,1,,,나치 아오노,학산문화사(만화),2020-12,5400,,2308,287,2026-09-01T10:41:52+09:00
331618813,먼작귀 1 (그림책 포함 특별판),먼작귀,1,그림책 포함 특별판,- 먼가 작고 귀여운 녀석,나가노,미우(대원씨아이),2022-06,17820,,1958,288,2026-09-01T10:41:52+09:00
388861705,얼굴만으론 좋아할 수 없어요 16,얼굴만으론 좋아할 수 없어요,16,,,안자이 카린,서울미디어코믹스(서울문화사),2026-03,5400,,1595,289,2026-09-01T10:41:52+09:00
400310759,호랑이형님 20,호랑이형님,20,,,이상규,영컴(YOUNG COM),2026-08,15120,,1660,290,2026-09-01T10:41:52+09:00
400585727,전격데이지 애장판 1,전격데이지 애장판,1,,- 루나 코믹스,모토미 쿄스케,㈜소미미디어,2026-08,12600,10.0,1410,291,2026-09-01T10:41:52+09:00
400715990,가짜 연금술사 4,가짜 연금술사,4,,"- 픽시하우스, 초판한정 특별부록 : 일러스트 카드 + 띠지",우메마루,미스터블루,2026-09,7200,,910,292,2026-09-01T10:41:52+09:00
400921733,이세계 전생 던전 마스터 온천 던전을 만들다 1,이세계 전생 던전 마스터 온천 던전을 만들다,1,,"- S Novel+, 초판 한정 아마하라 신규 일러스트 양면커버, 일러스트카드",아마하라,㈜소미미디어,2026-09,9000,,860,293,2026-09-01T10:41:52+09:00
400662198,오늘부터 시작하는 소꿉친구 9,오늘부터 시작하는 소꿉친구,9,,,Midori Obiya,서울미디어코믹스(서울문화사),2026-08,5400,,930,294,2026-09-01T10:41:52+09:00
400707974,사랑할 자격 3,사랑할 자격,3,,,난바 아츠코,대원씨아이(만화),2026-08,5400,,760,295,2026-09-01T10:41:52+09:00
256860565,사피엔스 : 그래픽 히스토리 Vol.1,사피엔스 : 그래픽 히스토리 Vol.1,,,- 인류의 탄생,,김영사,2020-11,17820,9.4,26301,296,2026-09-01T10:41:52+09:00
186848330,쥐 The Complete Maus 합본,쥐 The Complete Maus 합본,,,,아트 슈피겔만,아름드리미디어,2014-06,18900,9.4,10687,297,2026-09-01T10:41:52+09:00
362375950,불가항력의 I LOVE YOU 4,불가항력의 I LOVE YOU,4,,,호시노 미즈키,서울미디어코믹스(서울문화사),2025-04,5400,9.7,10428,298,2026-09-01T10:41:52+09:00
392509863,아름다운 초저녁달 10,아름다운 초저녁달,10,,,야마모리 미카,학산문화사(만화),2026-05,5400,9.5,9995,299,2026-09-01T10:41:52+09:00
369786330,마남 이치 1 (트리플 특전판),마남 이치,1,트리플 특전판,- 홀로그램 일러스트 카드 2종 + 아크릴 일러스트 카드 1종,유사자키 시로,서울미디어코믹스(서울문화사),2025-08,6300,9.6,9387,300,2026-09-01T10:41:52+09:00
368087158,불가항력의 I LOVE YOU 5,불가항력의 I LOVE YOU,5,,,호시노 미즈키,서울미디어코믹스(서울문화사),2025-07,5400,9.5,9100,301,2026-09-01T10:41:52+09:00
341524569,주술회전 26,주술회전,26,,- 남쪽으로,아쿠타미 게게,서울미디어코믹스(서울문화사),2024-06,5400,,8817,302,2026-09-01T10:41:52+09:00
374965771,불가항력의 I LOVE YOU 6,불가항력의 I LOVE YOU,6,,,호시노 미즈키,서울미디어코믹스(서울문화사),2025-10,5400,9.7,8940,303,2026-09-01T10:41:52+09:00
294400847,헌터x헌터 HunterXHunter 신장판 33,헌터x헌터 HunterXHunter 신장판,33,,,토가시 요시히로,학산문화사(만화),2018-05,5400,,8096,304,2026-09-01T10:41:52+09:00
396563591,히나타의 블루 6,히나타의 블루,6,,"- 완결, 루나 코믹스 / 초판 한정 양면 어나더 커버, 렌티큘러 카드, 일러스트 카드",메구로 아무,㈜소미미디어,2026-07,6300,10.0,7890,305,2026-09-01T10:41:52+09:00
330062627,주술회전 24,주술회전,24,,- 주택대천 - 재귀 -,아쿠타미 게게,서울미디어코믹스(서울문화사),2023-12,5400,9.5,7852,306,2026-09-01T10:41:52+09:00
391456890,순경씨와 나 1,순경씨와 나,1,,,나오키 유우,대원씨아이(만화),2026-04,6300,9.6,7113,307,2026-09-01T10:41:52+09:00
394695461,블루 록 36,블루 록,36,,,노무라 유스케,학산문화사(만화),2026-06,5400,,6040,308,2026-09-01T10:41:52+09:00
389597923,황천의 츠가이 10,황천의 츠가이,10,,,아라카와 히로무,대원씨아이(만화),2026-04,5850,10.0,5549,309,2026-09-01T10:41:52+09:00
352187570,주술회전 27,주술회전,27,,,아쿠타미 게게,서울미디어코믹스(서울문화사),2024-08,5400,,4814,310,2026-09-01T10:41:52+09:00
389641207,황천의 츠가이 2,황천의 츠가이,2,,,아라카와 히로무,대원씨아이(만화),2022-12,5850,,4450,311,2026-09-01T10:41:52+09:00
396368739,어서 와 수평선 1 (트리플 특전판),어서 와 수평선,1,트리플 특전판,- 띠지 + 입욕권 북마크 1종 + pp 스탠드 1종 + 티셔츠 판 스티커 1종,와타베 타이요,대원씨아이(만화),2026-06,6300,10.0,4505,312,2026-09-01T10:41:52+09:00
399782190,한밤중 하트튠 11,한밤중 하트튠,11,,,이가라시 마사쿠니,학산문화사(만화),2026-08,5400,,4135,313,2026-09-01T10:41:52+09:00
390241459,황천의 츠가이 4,황천의 츠가이,4,,,아라카와 히로무,대원씨아이(만화),2023-10,5850,,3848,314,2026-09-01T10:41:52+09:00
295865866,하이큐!! 43,하이큐!!,43,,- 최종보스,후루다테 하루이치,대원씨아이(만화),2020-09,4950,,3879,315,2026-09-01T10:41:52+09:00
284922100,장례식 케이크 전문점 연옥당 1,장례식 케이크 전문점 연옥당,1,,- 양장,산호,문학동네,2021-12,17100,10.0,3817,316,2026-09-01T10:41:52+09:00
390941683,황천의 츠가이 1,황천의 츠가이,1,,,아라카와 히로무,대원씨아이(만화),2022-08,5850,,3752,317,2026-09-01T10:41:52+09:00
300919411,헌터x헌터 HunterXHunter 신장판 18,헌터x헌터 HunterXHunter 신장판,18,,,토가시 요시히로,학산문화사(만화),2015-07,5400,,3704,318,2026-09-01T10:41:52+09:00
330441742,기븐 9,기븐,9,,- 뉴 루비코믹스 2970,키즈 나츠키,현대지능개발사,2023-12,5400,9.7,3837,319,2026-09-01T10:41:52+09:00
399451773,숨막힐 정도의 사랑을 줄게 7,숨막힐 정도의 사랑을 줄게,7,,,이와시타 케이코,대원씨아이(만화),2026-07,5400,,3720,320,2026-09-01T10:41:52+09:00
397905187,THE POOL,THE POOL,,,,사쿠라이 가몬,학산문화사(만화),2026-07,13500,10.0,2885,321,2026-09-01T10:41:52+09:00
400547758,코믹 어둠의 실력자가 되고 싶어서! 15,코믹 어둠의 실력자가 되고 싶어서!,15,,- J Comic,사카노 안리,서울미디어코믹스(서울문화사),2026-08,4500,10.0,2400,322,2026-09-01T10:41:52+09:00
400138794,이번 생은 가주가 되겠습니다 2부 6,이번 생은 가주가 되겠습니다 2부,6,,- 만화,앤트스튜디오,디앤씨웹툰비즈,2026-08,14400,,2190,323,2026-09-01T10:41:52+09:00
400225413,쪼그맣고 커다랗고 귀여운 나나세를 착각 전남친한테서 빼앗아 행복하게 한다 3,쪼그맣고 커다랗고 귀여운 나나세를 착각 전남친한테서 빼앗아 행복하게 한다,3,,- S Novel,카라스마 에이,㈜소미미디어,2026-08,7650,,2040,324,2026-09-01T10:41:52+09:00
400001284,와카코와 술 25,와카코와 술,25,,,신큐 치에,AK(에이케이)커뮤니케이션즈,2026-08,7200,,1720,325,2026-09-01T10:41:52+09:00
395958550,핑키 나이트메어,핑키 나이트메어,,,- 라르고 맥스 Largo Max,NAREHATECHAN,조은세상(북두),2026-06,6300,9.5,1665,326,2026-09-01T10:41:52+09:00
400585836,아자미 야코를 좋아하게 된다 2,아자미 야코를 좋아하게 된다,2,,,유니티 콩,대원씨아이(만화),2026-08,5850,,1420,327,2026-09-01T10:41:52+09:00
396581696,향기로운 꽃은 늠름하게 핀다 12,향기로운 꽃은 늠름하게 핀다,12,,,미카미 사카,대원씨아이(만화),2025-01,6300,,1525,328,2026-09-01T10:41:52+09:00
400247880,만화 인소의 법칙 9,만화 인소의 법칙,9,,,아현,디앤씨웹툰비즈,2026-08,14400,,1400,329,2026-09-01T10:41:52+09:00
398284864,책벌레의 하극상 제4부 : 귀족원의 도서관을 구하고 싶어! 10,책벌레의 하극상 제4부 : 귀족원의 도서관을 구하고 싶어!,10,,- 사서가 되기 위해서라면 뭐든지 할 수 있어,카츠키 히카루,대원씨아이(만화),2026-07,5400,10.0,1290,330,2026-09-01T10:41:52+09:00
400311047,호랑이형님 21,호랑이형님,21,,,이상규,영컴(YOUNG COM),2026-08,15120,,1520,331,2026-09-01T10:41:52+09:00
400712982,내 백합도 영업인 줄 알았어?,내 백합도 영업인 줄 알았어?,,,"- Novel Engine , 초판한정 특별부록 : 띠지 + 일러스트 카드",아사쿠라 네루,코믹레인,2026-09,7200,,1300,332,2026-09-01T10:41:52+09:00
400585822,W 줄리엣 2부 16,W 줄리엣 2부,16,,,에무라,대원씨아이(만화),2026-08,3780,,830,333,2026-09-01T10:41:52+09:00
400307391,꿀과 극약 2,꿀과 극약,2,,,사쿠라노코우지 카노코,대원씨아이(만화),2026-08,5400,,1000,334,2026-09-01T10:41:52+09:00
389482128,애태울 정도의 사랑을 알아라 1,애태울 정도의 사랑을 알아라,1,,,쿄노 마코,학산문화사(만화),2026-04,6300,,1030,335,2026-09-01T10:41:52+09:00
400585731,퀸즈 퀄리티 1,퀸즈 퀄리티,1,,- 루나 코믹스,모토미 쿄스케,㈜소미미디어,2026-08,6300,,890,336,2026-09-01T10:41:52+09:00
401041322,술에 취한 영애가 영웅을 몰라보고 구혼한 결과 1,술에 취한 영애가 영웅을 몰라보고 구혼한 결과,1,,,오오토리,대원씨아이(만화),2026-08,5850,,510,337,2026-09-01T10:41:52+09:00
401247989,독점 마이 히어로 15,독점 마이 히어로,15,,- 코믹 라르고 Comic Largo,아리이 메메코,조은세상(북두),2026-09,5400,,1010,338,2026-09-01T10:41:52+09:00
280555213,포인트 캐릭터 드로잉 - 전2권,포인트 캐릭터 드로잉 - 전2권,,,,타코,레진코믹스(레진엔터테인먼트),2021-09,25200,10.0,16133,339,2026-09-01T10:41:52+09:00
393769371,가르쳐줘 집사 2,가르쳐줘 집사,2,,,마사키 미치,서울미디어코믹스(서울문화사),2026-05,6300,9.7,13235,340,2026-09-01T10:41:52+09:00
379795065,괴수 8호 16 (더블 특전판),괴수 8호,16,더블 특전판,"- 완결, '카프카' 캐릭터 카드 + 스페셜 일러스트 카드 2종",마츠모토 나오야,서울미디어코믹스(서울문화사),2025-12,5400,10.0,11167,341,2026-09-01T10:41:52+09:00
384585231,불가항력의 I LOVE YOU 7,불가항력의 I LOVE YOU,7,,,호시노 미즈키,서울미디어코믹스(서울문화사),2026-01,5400,9.4,10995,342,2026-09-01T10:41:52+09:00
389928831,새벽의 연화 46,새벽의 연화,46,,,미즈호 쿠사나기,학산문화사(만화),2026-04,5400,9.8,10417,343,2026-09-01T10:41:52+09:00
309862975,모 이야기,모 이야기,,,"- 숲속 모험, 2024 볼로냐 라가치상 오페라 프리마 스페셜 멘션, 2025 프랑스 소시에르상 수상작",최연주,엣눈북스(atnoonbooks),2023-02,19800,9.6,10682,344,2026-09-01T10:41:52+09:00
341684925,불가항력의 I LOVE YOU 1,불가항력의 I LOVE YOU,1,,,호시노 미즈키,서울미디어코믹스(서울문화사),2024-06,5400,9.6,8946,345,2026-09-01T10:41:52+09:00
387160732,반딧불이의 혼례 9,반딧불이의 혼례,9,,,타치바나 오레코,서울미디어코믹스(서울문화사),2026-02,7650,9.7,8338,346,2026-09-01T10:41:52+09:00
353421098,불가항력의 I LOVE YOU 3,불가항력의 I LOVE YOU,3,,,호시노 미즈키,서울미디어코믹스(서울문화사),2024-12,5400,9.3,7756,347,2026-09-01T10:41:52+09:00
392518949,GACHIAKUTA 17,GACHIAKUTA,17,,,케이 우라나,학산문화사(만화),2026-05,5400,10.0,7685,348,2026-09-01T10:41:52+09:00
323339691,주술회전 23,주술회전,23,,- 별과 기름,아쿠타미 게게,서울미디어코믹스(서울문화사),2023-08,5400,9.9,7589,349,2026-09-01T10:41:52+09:00
335258160,향기로운 꽃은 늠름하게 핀다 6,향기로운 꽃은 늠름하게 핀다,6,,,미카미 사카,대원씨아이(만화),2024-02,5400,10.0,7421,350,2026-09-01T10:41:52+09:00
397592223,애태울 정도의 사랑을 알아라 3,애태울 정도의 사랑을 알아라,3,,- 완결,쿄노 마코,학산문화사(만화),2026-07,6300,10.0,7415,351,2026-09-01T10:41:52+09:00
375360162,향기로운 꽃은 늠름하게 핀다 17,향기로운 꽃은 늠름하게 핀다,17,,,미카미 사카,대원씨아이(만화),2025-10,5400,,7064,352,2026-09-01T10:41:52+09:00
343487620,향기로운 꽃은 늠름하게 핀다 10,향기로운 꽃은 늠름하게 핀다,10,,,미카미 사카,대원씨아이(만화),2024-07,5400,9.9,7041,353,2026-09-01T10:41:52+09:00
318850889,마루는 강쥐 1,마루는 강쥐,1,,,모죠,문페이스,2023-07,14400,10.0,6996,354,2026-09-01T10:41:52+09:00
350620490,향기로운 꽃은 늠름하게 핀다 11,향기로운 꽃은 늠름하게 핀다,11,,,미카미 사카,대원씨아이(만화),2024-10,5400,9.8,6928,355,2026-09-01T10:41:52+09:00
385131682,야마다 군과 Lv999의 사랑을 하다 6,야마다 군과 Lv999의 사랑을 하다,6,,,마시로,디앤씨미디어(주)(D&C미디어),2026-01,7200,9.8,6361,356,2026-09-01T10:41:52+09:00
385131551,야마다 군과 Lv999의 사랑을 하다 5,야마다 군과 Lv999의 사랑을 하다,5,,,마시로,디앤씨미디어(주)(D&C미디어),2026-01,7200,9.8,6379,357,2026-09-01T10:41:52+09:00
298605722,헌터x헌터 HunterXHunter 신장판 32,헌터x헌터 HunterXHunter 신장판,32,,,토가시 요시히로,학산문화사(만화),2013-12,5400,,6108,358,2026-09-01T10:41:52+09:00
392509889,애태울 정도의 사랑을 알아라 2,애태울 정도의 사랑을 알아라,2,,,쿄노 마코,학산문화사(만화),2026-05,6300,9.9,6290,359,2026-09-01T10:41:52+09:00
398197212,비실비실 선생님 15 (특별판),비실비실 선생님,15,특별판,- 패키지 박스 + 초판한정 일러스트 폴라로이드 카드 1종 + 캐릭터 아크릴 스탠드 1종 + 아크릴 키링 2종 + 포토카드 4종 + 미니포스터 1종,후쿠치 카미오,대원씨아이(만화),2026-07,27000,,6070,360,2026-09-01T10:41:52+09:00
394695720,바닷바람과 용의 보금자리 2,바닷바람과 용의 보금자리,2,,,시마 아사토,학산문화사(만화),2026-06,6300,10.0,5885,361,2026-09-01T10:41:52+09:00
382041006,사카모토 데이즈 24,사카모토 데이즈,24,,- 감전 주의,스즈키 유우토,대원씨아이(만화),2025-12,5850,,5560,362,2026-09-01T10:41:52+09:00
354729574,주술회전 28,주술회전,28,,- 인외마경 신주쿠 결전 : 9점 점바둑,아쿠타미 게게,서울미디어코믹스(서울문화사),2024-12,5400,10.0,5069,363,2026-09-01T10:41:52+09:00
373998674,야마다 군과 Lv999의 사랑을 하다 1,야마다 군과 Lv999의 사랑을 하다,1,,,마시로,디앤씨미디어(주)(D&C미디어),2025-09,7200,9.8,5095,364,2026-09-01T10:41:52+09:00
373999390,야마다 군과 Lv999의 사랑을 하다 3,야마다 군과 Lv999의 사랑을 하다,3,,,마시로,디앤씨미디어(주)(D&C미디어),2025-09,7200,9.8,4932,365,2026-09-01T10:41:52+09:00
373999147,야마다 군과 Lv999의 사랑을 하다 2,야마다 군과 Lv999의 사랑을 하다,2,,,마시로,디앤씨미디어(주)(D&C미디어),2025-09,7200,9.8,4890,366,2026-09-01T10:41:52+09:00
246152488,여름 안에서,여름 안에서,,,,성률,문학동네,2020-07,17550,8.1,4711,367,2026-09-01T10:41:52+09:00
311653748,헌터x헌터 HunterXHunter 신장판 11,헌터x헌터 HunterXHunter 신장판,11,,,토가시 요시히로,학산문화사(만화),2014-09,5400,,4360,368,2026-09-01T10:41:52+09:00
295866022,하이큐!! 45,하이큐!!,45,,"- 완결, 도전자들",후루다테 하루이치,대원씨아이(만화),2020-12,4950,10.0,4413,369,2026-09-01T10:41:52+09:00
397745987,Myther 2,Myther,2,,"- S코믹스 /초판 한정 양면 일러스트 카드, 초판 한정 PET 일러스트 카드",야츠다 테키,㈜소미미디어,2026-07,6300,,4065,370,2026-09-01T10:41:52+09:00
298051256,헌터x헌터 HunterXHunter 신장판 17,헌터x헌터 HunterXHunter 신장판,17,,,토가시 요시히로,학산문화사(만화),2015-06,5400,,4129,371,2026-09-01T10:41:52+09:00
362211849,주술회전 29,주술회전,29,,- 인외마경 신주쿠 결전 -사활-,아쿠타미 게게,서울미디어코믹스(서울문화사),2025-04,5400,10.0,3880,372,2026-09-01T10:41:52+09:00
394015605,나나 NANA 완전판 9,나나 NANA 완전판,9,,"- 초판 한정: PP엽서 1종, 포토카드 1종",야자와 아이,학산문화사(만화),2026-05,10800,,3480,373,2026-09-01T10:41:52+09:00
372904974,인간실격 무삭제판 1~3 세트- 전3권,인간실격 무삭제판 1~3 세트- 전3권,,,,이토 준지,미우(대원씨아이),2020-08,34560,,3341,374,2026-09-01T10:41:52+09:00
301058589,헌터x헌터 HunterXHunter 신장판 19,헌터x헌터 HunterXHunter 신장판,19,,,토가시 요시히로,학산문화사(만화),2015-08,5400,,3414,375,2026-09-01T10:41:52+09:00
391205558,황천의 츠가이 9,황천의 츠가이,9,,,아라카와 히로무,대원씨아이(만화),2025-11,5850,,3295,376,2026-09-01T10:41:52+09:00
400225649,인생 역전 3,인생 역전,3,,- S Novel,D,㈜소미미디어,2026-08,7650,,3100,377,2026-09-01T10:41:52+09:00
398906133,벨 푸페의 슈퍼달링 약혼 2,벨 푸페의 슈퍼달링 약혼,2,,- 코믹,셀렌,학산문화사(만화),2026-07,6300,,3125,378,2026-09-01T10:41:52+09:00
398869812,창천항로 애장판 3,창천항로 애장판,3,,,킹곤타,대원씨아이(만화),2026-07,16200,,2675,379,2026-09-01T10:41:52+09:00
399486670,서유요원전 서역편 : 화염산의 장 4,서유요원전 서역편 : 화염산의 장,4,,,모로호시 다이지로,문학동네,2026-07,9900,,2635,380,2026-09-01T10:41:52+09:00
399056156,보이는 여고생 12,보이는 여고생,12,,- 픽시하우스,이즈미 토모키,데이즈엔터(주),2026-08,7200,,2650,381,2026-09-01T10:41:52+09:00
399594642,동거하는 검성 여스승이 너무 귀여워서 매일 행복합니다 1,동거하는 검성 여스승이 너무 귀여워서 매일 행복합니다,1,,,R_링고,길찾기,2026-06,7200,10.0,2520,382,2026-09-01T10:41:52+09:00
399486641,서유요원전 서역편 : 화염산의 장 3,서유요원전 서역편 : 화염산의 장,3,,,모로호시 다이지로,문학동네,2026-07,9900,,2635,383,2026-09-01T10:41:52+09:00
232336577,달빛천사 애장판 3,달빛천사 애장판,3,,,타네무라 아리나,서울미디어코믹스(서울문화사),2020-02,8550,10.0,2607,384,2026-09-01T10:41:52+09:00
232338320,달빛천사 애장판 4,달빛천사 애장판,4,,- 완결,타네무라 아리나,서울미디어코믹스(서울문화사),2020-02,8550,10.0,2582,385,2026-09-01T10:41:52+09:00
400197883,망각 배터리 23,망각 배터리,23,,,에코 미카와,서울미디어코믹스(서울문화사),2026-08,5400,,2410,386,2026-09-01T10:41:52+09:00
333640869,먼작귀 5 (레터북 포함 특별판),먼작귀,5,레터북 포함 특별판,- 먼가 작고 귀여운 녀석,나가노,미우(대원씨아이),2024-02,23400,10.0,2247,387,2026-09-01T10:41:52+09:00
399926241,어쨌든 귀여워 25,어쨌든 귀여워,25,,- S코믹스,하타 켄지로,㈜소미미디어,2026-08,6300,,1960,388,2026-09-01T10:41:52+09:00
399953662,히마텐! 4,히마텐!,4,,- SL Comic,오노 겐키,디앤씨미디어(주)(D&C미디어),2026-08,6300,,1960,389,2026-09-01T10:41:52+09:00
400001034,피토스포룸 첫 번째 잎,피토스포룸 첫 번째 잎,,,,미카미 시노,인디고,2026-08,6300,10.0,1920,390,2026-09-01T10:41:52+09:00
397810577,쪽팔려게임 1~2 세트 - 전2권,쪽팔려게임 1~2 세트 - 전2권,,,"- 초판 한정 부록 : 1권,2권 엽서 2종 + 학생증 2종 + 면지에 작가님 친필 사인(인쇄본)",봉수,네이버웹툰,2026-09,28800,,2045,391,2026-09-01T10:41:52+09:00
400245307,나쁜 X에게 행복 있으라 6,나쁜 X에게 행복 있으라,6,,,키시카와 미즈키,학산문화사(만화),2026-08,5400,,1760,392,2026-09-01T10:41:52+09:00
395945478,향기로운 꽃은 늠름하게 핀다 9,향기로운 꽃은 늠름하게 핀다,9,,,미카미 사카,대원씨아이(만화),2026-06,6300,,1715,393,2026-09-01T10:41:52+09:00
399973834,라라의 결혼 8,라라의 결혼,8,,,타메코우,블랑코믹스(BLANC COMICS),2026-08,6300,,1580,394,2026-09-01T10:41:52+09:00
394214000,11번째 고양이는 네네 1,11번째 고양이는 네네,1,,"- 초판 한정 PET 스탠드, 판 스티커 2종, 일러스트 카드",하리카모,오팬스코믹,2026-05,6300,9.9,1605,395,2026-09-01T10:41:52+09:00
400669097,서뱀프 Servamp 23~24 세트 - 전2권,서뱀프 Servamp 23~24 세트 - 전2권,,,"- 판도라 코믹스, 완결 ,초판 한정 일러스트 카드 2종, 16P 소책자, big 엽서 1종",타나카 스트라이크,조은세상(북두),2026-08,13500,,1230,396,2026-09-01T10:41:52+09:00
385894622,먼작귀 2 (그림책 포함 특별판),먼작귀,2,그림책 포함 특별판,- 먼가 작고 귀여운 녀석,나가노,미우(대원씨아이),2022-08,17820,,1285,397,2026-09-01T10:41:52+09:00
400006756,녹는 눈과 아가판서스 1,녹는 눈과 아가판서스,1,,- 코믹 레인 / 초판한정 특별부록 : 띠지+일러스트 카드,나우치,미스터블루,2026-08,7200,,1250,398,2026-09-01T10:41:52+09:00
399973937,코믹 무직전생 21,코믹 무직전생,21,,- 이세계에 갔으면 최선을 다한다,후지카와 유카,학산문화사(만화),2026-08,5400,,1310,399,2026-09-01T10:41:52+09:00
400734025,건강하고 문화적인 최저한도의 생활 12,건강하고 문화적인 최저한도의 생활,12,,,가시와기 하루코,문학동네,2026-08,8820,,870,400,2026-09-01T10:41:52+09:00
400586291,도쿄대 세 자매 2,도쿄대 세 자매,2,,,이소야 유키,대원씨아이(만화),2026-08,5850,,830,401,2026-09-01T10:41:52+09:00
401008380,렛츠고 괴기조 5,렛츠고 괴기조,5,,,View,㈜에스엠지크리에이티브(고은문화사),2026-08,5850,,480,402,2026-09-01T10:41:52+09:00
400856443,응원 걸! 1,응원 걸!,1,,,다나카 유치아,대원씨아이(만화),2026-08,5400,10.0,570,403,2026-09-01T10:41:52+09:00
401047138,장송의 프리렌 10,장송의 프리렌,10,,,야마다 카네히토,학산문화사(만화),2026-08,6300,,530,404,2026-09-01T10:41:52+09:00
400856416,벼랑 끝의 영애는 흑기사님을 반하게 하고 싶어 1,벼랑 끝의 영애는 흑기사님을 반하게 하고 싶어,1,,,스오우,대원씨아이(만화),2026-08,5850,,600,405,2026-09-01T10:41:52+09:00
401049347,냄비로 총알을 막아내며 3,냄비로 총알을 막아내며,3,,,아오키 준타로,블루픽,2026-08,7200,,510,406,2026-09-01T10:41:52+09:00
401049303,냄비로 총알을 막아내며 2,냄비로 총알을 막아내며,2,,,아오키 준타로,블루픽,2026-08,7200,,510,407,2026-09-01T10:41:52+09:00
385946226,만화의 원리,만화의 원리,,,,이리에 아키,대원씨아이(만화),2026-02,21600,9.4,17547,408,2026-09-01T10:41:52+09:00
366123624,스파이 패밀리 15,스파이 패밀리,15,,,엔도 타츠야,학산문화사(만화),2025-06,5400,9.9,16010,409,2026-09-01T10:41:52+09:00
391943528,엄마를 만나러 가는 길,엄마를 만나러 가는 길,,,"- 모리의 스티커북 /초판 한정 부록: 투명 북마크,작가 친필 사인 면지에 인쇄",고먕,네이버웹툰,2026-06,15300,10.0,11725,410,2026-09-01T10:41:52+09:00
387708305,월간순정 노자키 군 17,월간순정 노자키 군,17,,,츠바키 이즈미,학산문화사(만화),2026-03,5400,9.8,11539,411,2026-09-01T10:41:52+09:00
368125805,장송의 프리렌 14,장송의 프리렌,14,,,야마다 카네히토,학산문화사(만화),2025-07,5400,9.8,11009,412,2026-09-01T10:41:52+09:00
389009894,오무라이스 잼잼 16,오무라이스 잼잼,16,,,조경규,송송책방,2026-04,18900,10.0,10717,413,2026-09-01T10:41:52+09:00
366700348,신부이야기 15,신부이야기,15,,,모리 카오루,대원씨아이(만화),2025-06,7200,9.4,10610,414,2026-09-01T10:41:52+09:00
299392454,자연스러운 인체 드로잉,자연스러운 인체 드로잉,,,- 해부학부터 옷 주름까지 배우는,소은 박경선,동양북스(동양문고),2022-08,21150,10.0,9733,415,2026-09-01T10:41:52+09:00
387062834,백귀야행 31,백귀야행,31,,,이마 이치코,시공사(만화),2026-02,7200,9.8,8370,416,2026-09-01T10:41:52+09:00
342785369,불가항력의 I LOVE YOU 2,불가항력의 I LOVE YOU,2,,,호시노 미즈키,서울미디어코믹스(서울문화사),2024-07,5400,9.4,8236,417,2026-09-01T10:41:52+09:00
327563621,향기로운 꽃은 늠름하게 핀다 2,향기로운 꽃은 늠름하게 핀다,2,,,미카미 사카,대원씨아이(만화),2023-10,5400,9.8,8263,418,2026-09-01T10:41:52+09:00
294401024,헌터x헌터 HunterXHunter 신장판 34,헌터x헌터 HunterXHunter 신장판,34,,,토가시 요시히로,학산문화사(만화),2018-05,5400,,7764,419,2026-09-01T10:41:52+09:00
307634607,주술회전 21,주술회전,21,,- 도쿄 제2콜로니 -호운-,아쿠타미 게게,서울미디어코믹스(서울문화사),2022-12,5400,9.7,7743,420,2026-09-01T10:41:52+09:00
329206984,향기로운 꽃은 늠름하게 핀다 3,향기로운 꽃은 늠름하게 핀다,3,,,미카미 사카,대원씨아이(만화),2023-11,5400,10.0,7716,421,2026-09-01T10:41:52+09:00
294032766,헌터x헌터 HunterXHunter 신장판 1,헌터x헌터 HunterXHunter 신장판,1,,,토가시 요시히로,학산문화사(만화),2013-07,5400,10.0,6338,422,2026-09-01T10:41:52+09:00
398903862,보이시한 여자친구가 너무 귀여워 5 (특장판),보이시한 여자친구가 너무 귀여워,5,특장판,- 특장판 구성: 단행본 + 48P 소책자 + 초판특전 폴라로이드 사진 + 초판 특전 카메라 렌즈 속 투샷 사진,규뉴무기고항,서울미디어코믹스(서울문화사),2026-07,10800,,6110,423,2026-09-01T10:41:52+09:00
216773326,그 비스크 돌은 사랑을 한다 1,그 비스크 돌은 사랑을 한다,1,,- S코믹스,후쿠다 신이치,㈜소미미디어,2019-11,6300,9.4,6156,424,2026-09-01T10:41:52+09:00
386563480,단다단 19,단다단,19,,,타츠 유키노부,대원씨아이(만화),2026-02,5400,10.0,5876,425,2026-09-01T10:41:52+09:00
397021753,완전 쓰레기인 와타라세인데 3,완전 쓰레기인 와타라세인데,3,,,나카가와 파리,대원씨아이(만화),2026-06,5400,9.7,5315,426,2026-09-01T10:41:52+09:00
398289014,첫사랑은 나의 오빠 1,첫사랑은 나의 오빠,1,,,카스미 유코,서울미디어코믹스(서울문화사),2026-07,5850,9.3,5350,427,2026-09-01T10:41:52+09:00
380811247,스킵 비트! 50,스킵 비트!,50,,,나카무라 요시키,시공사(만화),2025-12,5850,9.7,5004,428,2026-09-01T10:41:52+09:00
399052013,THE ART OF SOLO LEVELING : 웹툰 「나 혼자만 레벨업」 공식 아트북,THE ART OF SOLO LEVELING : 웹툰 「나 혼자만 레벨업」 공식 아트북,,,,장성락(REDICE STUDIO),디앤씨미디어(주)(D&C미디어),2026-08,43200,,4750,429,2026-09-01T10:41:52+09:00
398199313,이번 생은 가주가 되겠습니다 2부 6 (특장판),이번 생은 가주가 되겠습니다 2부,6,특장판,- 만화 / 특장판 구성: 단행본 + 아크릴 스탠드 1종 + 책갈피 2종 + 엽서 5종 + 패키지 박스,앤트스튜디오,디앤씨웹툰비즈,2026-07,24300,,4680,430,2026-09-01T10:41:52+09:00
398418968,황천의 츠가이 11 (특별판),황천의 츠가이,11,특별판,- 초판부록 2종 + 패키지 박스 + 운명의 쌍둥이 아크릴 스탠드 2종 + 팬던트 아크릴 참 키링 1종+ 시그니처 포토카드 1종 + 빅 캔배지 1종 + 홀로그램 카드 2종,아라카와 히로무,대원씨아이(만화),2026-07,25650,10.0,4595,431,2026-09-01T10:41:52+09:00
389890523,타워 던전 5,타워 던전,5,,,니헤이 츠토무,학산문화사(만화),2026-04,6300,9.9,4871,432,2026-09-01T10:41:52+09:00
386059133,나 혼자만 레벨업 : 라그나로크 2,나 혼자만 레벨업 : 라그나로크,2,,- 만화,,디앤씨웹툰비즈,2026-02,14400,7.0,4337,433,2026-09-01T10:41:52+09:00
389641178,황천의 츠가이 5,황천의 츠가이,5,,,아라카와 히로무,대원씨아이(만화),2024-03,5850,,4186,434,2026-09-01T10:41:52+09:00
392518926,오가미 츠미키와 기일상 6,오가미 츠미키와 기일상,6,,,모리시타 미유,학산문화사(만화),2026-05,5400,9.3,4335,435,2026-09-01T10:41:52+09:00
374337173,장례식 케이크 전문점 연옥당 3,장례식 케이크 전문점 연옥당,3,,"- 양장, 완결",산호,문학동네,2025-10,19800,9.7,4185,436,2026-09-01T10:41:52+09:00
294154150,헌터x헌터 HunterXHunter 신장판 12,헌터x헌터 HunterXHunter 신장판,12,,,토가시 요시히로,학산문화사(만화),2014-09,5400,,4085,437,2026-09-01T10:41:52+09:00
394711835,악마에 입문했습니다! 이루마 군 : if Episode of 마피아 7,악마에 입문했습니다! 이루마 군 : if Episode of 마피아,7,,,니시 오사무,서울미디어코믹스(서울문화사),2026-06,5850,,3935,438,2026-09-01T10:41:52+09:00
395849750,놀이의 관계 1,놀이의 관계,1,,"- 초판 한정: 책갈피, 양면 커버, 양면 일러스트 카드, S Novel",아오이 세키나,㈜소미미디어,2026-06,7650,10.0,4330,439,2026-09-01T10:41:52+09:00
390940611,이로하의 글이 이끄는 -눈 녹는 길-,이로하의 글이 이끄는 -눈 녹는 길-,,,,하나모리,시플리,2026-04,6300,9.1,3868,440,2026-09-01T10:41:52+09:00
7633452,오란고교 호스트부 Fanbook,오란고교 호스트부 Fanbook,,,- 콩닥♥두근☆공략 대작전,하토리 비스코,학산문화사(만화),2010-08,6300,9.8,3889,441,2026-09-01T10:41:52+09:00
300919038,헌터x헌터 HunterXHunter 신장판 13,헌터x헌터 HunterXHunter 신장판,13,,,토가시 요시히로,학산문화사(만화),2014-12,5400,,3860,442,2026-09-01T10:41:52+09:00
322441129,꿈빛 파티시엘 신장판 2,꿈빛 파티시엘 신장판,2,,,마츠모토 나츠미,대원씨아이(만화),2023-08,5400,,3975,443,2026-09-01T10:41:52+09:00
399404721,오디세이아를 한 번도 안 읽어 볼 수는 없잖아,오디세이아를 한 번도 안 읽어 볼 수는 없잖아,,,,Team. StoryG,oldstairs(올드스테어즈),2026-07,21600,9.3,3670,444,2026-09-01T10:41:52+09:00
290233284,하이큐!! 42,하이큐!!,42,,- 무엇,후루다테 하루이치,대원씨아이(만화),2020-07,4950,,3791,445,2026-09-01T10:41:52+09:00
301073130,하이큐!! 44,하이큐!!,44,,- 최강의 적,후루다테 하루이치,대원씨아이(만화),2020-11,4950,,3811,446,2026-09-01T10:41:52+09:00
380346507,더블크로스 The 3rd Edition 룰북 1,더블크로스 The 3rd Edition 룰북,1,,,F.E.A.R,데이즈엔터(주),2025-12,13500,,3496,447,2026-09-01T10:41:52+09:00
298280739,헌터x헌터 HunterXHunter 신장판 16,헌터x헌터 HunterXHunter 신장판,16,,,토가시 요시히로,학산문화사(만화),2015-04,5400,,3499,448,2026-09-01T10:41:52+09:00
397898246,역대급 영지 설계사 9,역대급 영지 설계사,9,,- 초판 한정 작가진 친필 사인 인쇄본 + 표지 일러스트 엽서 + 캐릭터 카드 3종,이현민,문페이스,2026-07,14400,,3515,449,2026-09-01T10:41:52+09:00
394239585,사피엔스: 그래픽 히스토리 시리즈 세트 - 전4권,사피엔스: 그래픽 히스토리 시리즈 세트 - 전4권,,,,,김영사,2026-05,71280,9.3,3180,450,2026-09-01T10:41:52+09:00
398009982,한구석의 기억 1,한구석의 기억,1,,,키요나가 타마고,빗금,2026-07,6750,10.0,3330,451,2026-09-01T10:41:52+09:00
301917562,오란고교 호스트부 1,오란고교 호스트부,1,,,하토리 비스코,학산문화사(만화),2004-02,5400,8.0,3114,452,2026-09-01T10:41:52+09:00
398833327,이 결혼은 어차피 망하게 되어 있다 8,이 결혼은 어차피 망하게 되어 있다,8,,,,영컴(YOUNG COM),2026-07,15120,,2965,453,2026-09-01T10:41:52+09:00
397592282,아오이 군의 음담패설은 참을 수 없어!! 2,아오이 군의 음담패설은 참을 수 없어!!,2,,,mmk,학산문화사(만화),2026-07,6300,,3060,454,2026-09-01T10:41:52+09:00
397022214,창천항로 애장판 2,창천항로 애장판,2,,,킹곤타,대원씨아이(만화),2026-06,16200,10.0,2970,455,2026-09-01T10:41:52+09:00
344711200,명탐정 코난 105 (특장판),명탐정 코난,105,특장판,- 초기 설정집 노트 + 아크릴 스탠드(PET) + 스티커 2종,아오야마 고쇼,서울미디어코믹스(서울문화사),2024-08,9000,10.0,2940,456,2026-09-01T10:41:52+09:00
399290916,우리 반리가 신세 좀 지겠습니다 4,우리 반리가 신세 좀 지겠습니다,4,,,카이도 치토세,대원씨아이(만화),2026-07,5400,,2775,457,2026-09-01T10:41:52+09:00
323116716,얼굴만으론 좋아할 수 없어요 1,얼굴만으론 좋아할 수 없어요,1,,,안자이 카린,서울미디어코믹스(서울문화사),2022-01,5400,7.0,2925,458,2026-09-01T10:41:52+09:00
393696313,창천항로 애장판 1,창천항로 애장판,1,,,킹곤타,대원씨아이(만화),2026-05,16200,6.4,2695,459,2026-09-01T10:41:52+09:00
309292959,무로이 야스오의 캐릭터 얼굴 & 바스트업 작화 기술,무로이 야스오의 캐릭터 얼굴 & 바스트업 작화 기술,,,,무로이 야스오,영진.com(영진닷컴),2023-02,18000,9.4,2934,460,2026-09-01T10:41:52+09:00
320637311,정반대의 너와 나 1,정반대의 너와 나,1,,,아가사와 코챠,학산문화사(만화),2023-07,5400,9.8,2906,461,2026-09-01T10:41:52+09:00
393153006,마가이모노 1,마가이모노,1,,"- 위작, S코믹스",쿠로카와 유미,㈜소미미디어,2026-05,8100,9.6,2775,462,2026-09-01T10:41:52+09:00
399973609,켄투리아 6,켄투리아,6,,,쿠라모리 토오루,학산문화사(만화),2026-08,5400,10.0,2620,463,2026-09-01T10:41:52+09:00
393313791,추우면 변하는 헤비가미 군 1,추우면 변하는 헤비가미 군,1,,"- 초판 한정 특전: 띠지, 스티커, PET 스탠드, 투명 책갈피, SL Comic",쿠리미야,디앤씨미디어(주)(D&C미디어),2026-05,6300,8.5,2520,464,2026-09-01T10:41:52+09:00
379189364,발화 1,발화,1,,,영재영,레진코믹스(레진엔터테인먼트),2025-12,14400,10.0,2700,465,2026-09-01T10:41:52+09:00
394833578,장송의 프리렌 1,장송의 프리렌,1,,,야마다 카네히토,학산문화사(만화),2021-11,6300,,2705,466,2026-09-01T10:41:52+09:00
334780507,얼굴만으론 좋아할 수 없어요 2,얼굴만으론 좋아할 수 없어요,2,,,안자이 카린,서울미디어코믹스(서울문화사),2022-04,5400,,2562,467,2026-09-01T10:41:52+09:00
396593327,일본삼국 7,일본삼국,7,,,마쓰키 잇카,재담,2026-06,7200,10.0,2435,468,2026-09-01T10:41:52+09:00
349941684,정반대의 너와 나 5,정반대의 너와 나,5,,,아가사와 코챠,학산문화사(만화),2024-10,5400,9.9,2585,469,2026-09-01T10:41:52+09:00
344689794,네가 죽을 때까지 사랑하고 싶어 7,네가 죽을 때까지 사랑하고 싶어,7,,,나치 아오노,학산문화사(만화),2024-08,5400,10.0,2350,470,2026-09-01T10:41:52+09:00
395945174,너와 우주를 걷기 위하여 5,너와 우주를 걷기 위하여,5,,,도로노다 이누히코,학산문화사(만화),2026-06,5400,9.7,2350,471,2026-09-01T10:41:52+09:00
399055863,다크 개더링 1,다크 개더링,1,,- 픽시하우스 /초판 한정: 띠지 + 일러스트 카드,콘도 켄이치,코믹레인,2026-08,6300,10.0,2105,472,2026-09-01T10:41:52+09:00
400001064,피토스포룸 두 번째 잎,피토스포룸 두 번째 잎,,,,미카미 시노,인디고,2026-08,6300,10.0,1890,473,2026-09-01T10:41:52+09:00
400001881,무서운 책 6,무서운 책,6,,- 괴물,우메즈 카즈오,AK(에이케이)커뮤니케이션즈,2026-08,9000,,2100,474,2026-09-01T10:41:52+09:00
337058152,블리치 리믹스 1,블리치 리믹스,1,,,쿠보 타이토,서울미디어코믹스(서울문화사),2024-03,10800,8.0,1812,475,2026-09-01T10:41:52+09:00
400150238,남편을 내 편으로 만드는 방법 5,남편을 내 편으로 만드는 방법,5,,,시루,캐롯툰,2026-10,14400,10.0,2130,476,2026-09-01T10:41:52+09:00
366271674,정반대의 너와 나 7,정반대의 너와 나,7,,,아가사와 코챠,학산문화사(만화),2025-06,5400,9.9,1962,477,2026-09-01T10:41:52+09:00
335854597,얼굴만으론 좋아할 수 없어요 9,얼굴만으론 좋아할 수 없어요,9,,,안자이 카린,서울미디어코믹스(서울문화사),2024-03,5400,10.0,1908,478,2026-09-01T10:41:52+09:00
385522632,절대 BL이 되는 세계 & 절대 BL이 되지 않는 고교 생활 1,절대 BL이 되는 세계 & 절대 BL이 되지 않는 고교 생활,1,,,콘키치,학산문화사(만화),2026-02,7200,9.1,1897,479,2026-09-01T10:41:52+09:00
310882441,먼작귀 3 (카드놀이 포함 특별판),먼작귀,3,카드놀이 포함 특별판,"- 카드놀이 세트: 카드 96장(문장 카드 46장, 그림 카드 46장) + 설명서 1장",나가노,미우(대원씨아이),2023-02,24300,4.0,1778,480,2026-09-01T10:41:52+09:00
399050317,블루 피리어드 6 (더블 특전판),블루 피리어드,6,더블 특전판,"- 시프트코믹스 /초판 더블 특전 : 일러스트 카드 1종, 박티켓 책갈피 1종",야마구치 츠바사,YNK MEDIA(만화),2026-07,5400,,1930,481,2026-09-01T10:41:52+09:00
296275956,네가 죽을 때까지 사랑하고 싶어 2,네가 죽을 때까지 사랑하고 싶어,2,,,나치 아오노,학산문화사(만화),2021-02,5400,,1788,482,2026-09-01T10:41:52+09:00
399056069,다크 개더링 2,다크 개더링,2,,- 픽시하우스 /초판 한정: 띠지 + 일러스트 카드,콘도 켄이치,코믹레인,2026-08,6300,,1715,483,2026-09-01T10:41:52+09:00
391289012,재혼황후 10,재혼황후,10,,- 만화,히어리,영컴(YOUNG COM),2026-03,14400,,1633,484,2026-09-01T10:41:52+09:00
396089286,향기로운 꽃은 늠름하게 핀다 13,향기로운 꽃은 늠름하게 핀다,13,,,미카미 사카,대원씨아이(만화),2026-06,6300,,1640,485,2026-09-01T10:41:52+09:00
400001277,할렐루야 베이비 5,할렐루야 베이비,5,,,코지마 라라,AK(에이케이)커뮤니케이션즈,2026-08,5850,,1800,486,2026-09-01T10:41:52+09:00
396090083,향기로운 꽃은 늠름하게 핀다 8,향기로운 꽃은 늠름하게 핀다,8,,,미카미 사카,대원씨아이(만화),2026-06,6300,,1505,487,2026-09-01T10:41:52+09:00
400224840,파랑과 아지랑이 2,파랑과 아지랑이,2,,- BB허니밀크코믹스,돈돈,㈜소미미디어,2026-08,5850,,1190,488,2026-09-01T10:41:52+09:00
399046041,꿀과 극약 1,꿀과 극약,1,,,사쿠라노코우지 카노코,대원씨아이(만화),2026-07,5400,10.0,1040,489,2026-09-01T10:41:52+09:00
399973927,여주인공인데 잘생긴 아이돌♂이 되었습니다?! 3,여주인공인데 잘생긴 아이돌♂이 되었습니다?!,3,,,아이젠 마나,학산문화사(만화),2026-08,5400,,1140,490,2026-09-01T10:41:52+09:00
400136964,은하영웅전설 31,은하영웅전설,31,,,후지사키 류,학산문화사(만화),2026-08,5400,,1060,491,2026-09-01T10:41:52+09:00
398284900,공정 드래곤즈 21,공정 드래곤즈,21,,,쿠와바라 타쿠,대원씨아이(만화),2026-07,5400,10.0,900,492,2026-09-01T10:41:52+09:00
400653955,마왕과 용사의 사랑의 도피 바캉스 (더블 특전판),마왕과 용사의 사랑의 도피 바캉스,,더블 특전판,"- 솔트 코믹스, 초판 더블 특전 : 만화 1P 페이퍼, 일러스트 카드 1종",바세우,YNK MEDIA(만화),2026-08,5850,,780,493,2026-09-01T10:41:52+09:00
400585956,통제구역관리부 4,통제구역관리부,4,,,탄광,다산코믹스,2026-08,18900,,1010,494,2026-09-01T10:41:52+09:00
352375450,못 미더운 악녀입니다만 : ~추궁접서 교체전~ 7,못 미더운 악녀입니다만 : ~추궁접서 교체전~,7,,,EI Ohitsuji,서울미디어코믹스(서울문화사),2024-11,6300,9.7,776,495,2026-09-01T10:41:52+09:00
339953785,못 미더운 악녀입니다만 : ~추궁접서 교체전~ 6,못 미더운 악녀입니다만 : ~추궁접서 교체전~,6,,,EI Ohitsuji,서울미디어코믹스(서울문화사),2024-05,6300,9.3,783,496,2026-09-01T10:41:52+09:00
400594105,블랙 라군 : 청소부 소여 해체! 고어고어 무스메 4,블랙 라군 : 청소부 소여 해체! 고어고어 무스메,4,,,이다 타츠히코,서울미디어코믹스(서울문화사),2026-08,5850,10.0,800,497,2026-09-01T10:41:52+09:00
400652846,트릴리온 게임 10,트릴리온 게임,10,,- 시프트코믹스,이케가미 료이치,YNK MEDIA(만화),2026-08,5400,10.0,840,498,2026-09-01T10:41:52+09:00
400649438,주인공은 될 수 없지만,주인공은 될 수 없지만,,,,모모코 스이카,레어블(Rareble),2026-08,6930,,680,499,2026-09-01T10:41:52+09:00
400662468,룸 투어즈 2,룸 투어즈,2,,,마츠모토 토모,서울미디어코믹스(서울문화사),2026-08,5400,10.0,760,500,2026-09-01T10:41:52+09:00
400878277,오컬트 타임즈 1 (한정판),오컬트 타임즈,1,한정판,- 일반판 초판 부록 + 아코디언 일러스트 엽서 세트 + 시로&레이 아크릴 키링,Idonchi,서울미디어코믹스(서울문화사),2026-08,22500,,490,501,2026-09-01T10:41:52+09:00
400930360,마로니에 왕국의 7인의 기사 7,마로니에 왕국의 7인의 기사,7,,,이와모토 나오,㈜소미미디어,2026-09,6300,,460,502,2026-09-01T10:41:52+09:00
400909486,회각의 용사 2,회각의 용사,2,,,사토 타카아키,미우(대원씨아이),2026-08,5850,,460,503,2026-09-01T10:41:52+09:00
401052876,만화 이상적인 기둥서방 생활 11,만화 이상적인 기둥서방 생활,11,,,히노츠키 네코,길찾기,2026-08,6300,8.0,510,504,2026-09-01T10:41:52+09:00
399067587,매거진 조이 Vol.3 : 가비지타임,매거진 조이 Vol.3 : 가비지타임,,,- 초판 한정 : 히든카드/ 상시 특별 부록: 접지 포스터 + 북마크 4종,2사장,다산코믹스,2026-07,22500,10.0,14670,505,2026-09-01T10:41:52+09:00
355678823,원피스 110,원피스,110,,- 시대의 일렁임,오다 에이치로,대원씨아이(만화),2025-01,5400,9.9,14169,506,2026-09-01T10:41:52+09:00
311984400,히카루가 죽은 여름 1,히카루가 죽은 여름,1,,- SL Comic,모쿠모쿠렌,디앤씨미디어(주)(D&C미디어),2023-03,5400,9.6,11784,507,2026-09-01T10:41:52+09:00
393239337,모모세 아키라의 첫사랑 파탄 중 5 (트리플 특전판),모모세 아키라의 첫사랑 파탄 중,5,트리플 특전판,- 스페셜 아크릴 일러스트 카드(1종) + 다양한 매력의 양면 일러스트 카드(2종),하레카와 신타,서울미디어코믹스(서울문화사),2026-05,6750,9.8,11080,508,2026-09-01T10:41:52+09:00
394027323,야마다의 학급일지 4,야마다의 학급일지,4,,"- 완결, 초판 한정 : 야마다 & 무라타 일러스트 카드 3종",아오미 루이,서울미디어코믹스(서울문화사),2026-05,5850,9.8,9890,509,2026-09-01T10:41:52+09:00
391479763,"사랑하라, 거짓된 천사들이여 6","사랑하라, 거짓된 천사들이여",6,,- 초판 한정 특전 : 양면 일러스트 카드 2종(지류),Coco Uzuki,서울미디어코믹스(서울문화사),2026-04,5400,10.0,9385,510,2026-09-01T10:41:52+09:00
382046167,캐릭캐릭 체인지! Jewel Joker 주얼 조커 2,캐릭캐릭 체인지! Jewel Joker 주얼 조커,2,,,PEACH-PIT,서울미디어코믹스(서울문화사),2025-12,5850,9.8,9454,511,2026-09-01T10:41:52+09:00
358910532,명탐정 코난 106,명탐정 코난,106,,,아오야마 고쇼,서울미디어코믹스(서울문화사),2025-02,5400,10.0,9022,512,2026-09-01T10:41:52+09:00
376257892,그 비스크 돌은 사랑을 한다 15,그 비스크 돌은 사랑을 한다,15,,- S코믹스,후쿠다 신이치,㈜소미미디어,2025-11,5400,9.4,8679,513,2026-09-01T10:41:52+09:00
338040640,사피엔스 : 그래픽 히스토리 Vol.3,사피엔스 : 그래픽 히스토리 Vol.3,,,- 역사의 배후,,김영사,2024-04,17820,9.5,8339,514,2026-09-01T10:41:52+09:00
388821136,중년에 지친 밤에는,중년에 지친 밤에는,,,,마스다 미리,북포레스트,2026-03,16200,9.4,7967,515,2026-09-01T10:41:52+09:00
316015391,주술회전 22,주술회전,22,,- 사쿠라지마 콜로니 -환생-,아쿠타미 게게,서울미디어코믹스(서울문화사),2023-05,5400,10.0,7115,516,2026-09-01T10:41:52+09:00
336635744,향기로운 꽃은 늠름하게 핀다 7,향기로운 꽃은 늠름하게 핀다,7,,,미카미 사카,대원씨아이(만화),2024-03,5400,10.0,7242,517,2026-09-01T10:41:52+09:00
372708826,향기로운 꽃은 늠름하게 핀다 16,향기로운 꽃은 늠름하게 핀다,16,,,미카미 사카,대원씨아이(만화),2025-09,5400,9.8,6946,518,2026-09-01T10:41:52+09:00
365046389,쓰레기 기둥서방 하나 군은 죽고 싶어 해 1,쓰레기 기둥서방 하나 군은 죽고 싶어 해,1,,,아메코,대원씨아이(만화),2025-05,5850,10.0,6819,519,2026-09-01T10:41:52+09:00
384668324,어린이 탐구 생활,어린이 탐구 생활,,,,이다,창비,2026-01,15120,9.9,6754,520,2026-09-01T10:41:52+09:00
332987456,향기로운 꽃은 늠름하게 핀다 5,향기로운 꽃은 늠름하게 핀다,5,,,미카미 사카,대원씨아이(만화),2024-01,5400,10.0,6899,521,2026-09-01T10:41:52+09:00
379515213,야마다 군과 Lv999의 사랑을 하다 4~6 특별판 세트 - 전3권,야마다 군과 Lv999의 사랑을 하다 4~6 특별판 세트 - 전3권,,,- 띠지 + 특별판 아크릴 북스탠드 + 특별판 아크릴 블록 + 특별판 양면 책갈피 + 일반판 일러스트 카드 3종 + 일반판 폴라로이드 카드 3종,마시로,디앤씨미디어(주)(D&C미디어),2025-12,49500,10.0,7009,522,2026-09-01T10:41:52+09:00
389890662,약사의 혼잣말 16,약사의 혼잣말,16,,,네코쿠라게,학산문화사(만화),2026-04,5400,9.8,6325,523,2026-09-01T10:41:52+09:00
327556882,마루는 강쥐 2,마루는 강쥐,2,,,모죠,문페이스,2023-11,14400,10.0,6363,524,2026-09-01T10:41:52+09:00
358910246,명탐정 코난 106 (특장판),명탐정 코난,106,특장판,- 아크릴 스탠드(PET 재질) + 아코디언 카드 + 그림 콘티 카드 세트,아오야마 고쇼,서울미디어코믹스(서울문화사),2025-02,10800,7.0,5663,525,2026-09-01T10:41:52+09:00
395999849,이다의 날마다 자연관찰,이다의 날마다 자연관찰,,,- 어린이를 위한 자연관찰 그림일기,이다,보리,2026-06,16650,10.0,5735,526,2026-09-01T10:41:52+09:00
292320734,헌터x헌터 HunterXHunter 신장판 2,헌터x헌터 HunterXHunter 신장판,2,,,토가시 요시히로,학산문화사(만화),2012-07,5400,10.0,5679,527,2026-09-01T10:41:52+09:00
365659712,타워 던전 1,타워 던전,1,,,니헤이 츠토무,학산문화사(만화),2025-06,6300,9.6,5585,528,2026-09-01T10:41:52+09:00
398728413,마법소녀를 동경해서 1~5 합본판,마법소녀를 동경해서 1~5 합본판,,,- 각권 초회 한정 일러스트 카드 각 1종씩 (총5종) + 각 권 선착순 더블 특전 SD스티커 각 1종씩(총5종) + PET스탠드 + 컵코스터 + 일러스트 카드 + 별도 박스 포장,오노나카 아키히로,대원씨아이(만화),2026-07,33750,,5195,529,2026-09-01T10:41:52+09:00
349422137,봄의 폭풍과 몬스터 5,봄의 폭풍과 몬스터,5,,,미츠바치 미유키,학산문화사(만화),2024-10,5400,9.8,5279,530,2026-09-01T10:41:52+09:00
349201937,일러스트레이터를 위한 구도와 서사 마스터 가이드북 : COMPOSITION & NARRATIVE,일러스트레이터를 위한 구도와 서사 마스터 가이드북 : COMPOSITION & NARRATIVE,,,,3D토털 퍼블리싱,영진.com(영진닷컴),2024-10,28800,10.0,5167,531,2026-09-01T10:41:52+09:00
397021676,완전 쓰레기인 와타라세인데 3 (특장판),완전 쓰레기인 와타라세인데,3,특장판,- 어나더 커버 + 아크릴 스탠드 + 스티커 3종 + 포토카드 6종 + 일러스트 카드 3종 + 별도 박스 포장,나카가와 파리,대원씨아이(만화),2026-06,28800,10.0,5045,532,2026-09-01T10:41:52+09:00
385131522,야마다 군과 Lv999의 사랑을 하다 4,야마다 군과 Lv999의 사랑을 하다,4,,,마시로,디앤씨미디어(주)(D&C미디어),2026-01,7200,9.8,5124,533,2026-09-01T10:41:52+09:00
82662361,기븐 2,기븐,2,,- 뉴 루비코믹스 1835,키즈 나츠키,현대지능개발사,2016-04,4950,9.1,5164,534,2026-09-01T10:41:52+09:00
399051127,"너무 건방져, 치가야 군 1","너무 건방져, 치가야 군",1,,,안도 마이,에이템포미디어,2026-07,5850,,4735,535,2026-09-01T10:41:52+09:00
354350979,사카모토 데이즈 15,사카모토 데이즈,15,,- 세기의 킬러전,스즈키 유우토,대원씨아이(만화),2024-04,5850,,4836,536,2026-09-01T10:41:52+09:00
369308582,타워 던전 2,타워 던전,2,,,니헤이 츠토무,학산문화사(만화),2025-08,6300,9.9,4582,537,2026-09-01T10:41:52+09:00
373271203,마루는 강쥐 8,마루는 강쥐,8,,,모죠,문페이스,2025-10,14400,,4654,538,2026-09-01T10:41:52+09:00
349748255,마루는 강쥐 5,마루는 강쥐,5,,,모죠,문페이스,2024-10,14400,,4715,539,2026-09-01T10:41:52+09:00
397904315,보석함에 사랑을 채우자 1 (한정판),보석함에 사랑을 채우자,1,한정판,"- 한정판 구성: 아웃박스, 단행본(일반판 부록 없이 도서만), 아크릴 키링, 캔배지 2종, 포토카드 1매",미키모토 린,학산문화사(만화),2026-07,22500,5.0,4460,540,2026-09-01T10:41:52+09:00
395809429,비실비실 선생님 14,비실비실 선생님,14,,,후쿠치 카미오,대원씨아이(만화),2026-06,5850,,4480,541,2026-09-01T10:41:52+09:00
395357833,전생했더니 슬라임이었던 건에 대하여 23,전생했더니 슬라임이었던 건에 대하여,23,,"- S Novel+, 완결 / 초판 한정 책갈피, 양면커버",후세,㈜소미미디어,2026-06,12600,,4375,542,2026-09-01T10:41:52+09:00
384180355,단다단 18,단다단,18,,,타츠 유키노부,대원씨아이(만화),2026-01,5400,9.6,4407,543,2026-09-01T10:41:52+09:00
301714398,주술회전 14,주술회전,14,,- 시부야 사변 -이비-,아쿠타미 게게,서울미디어코믹스(서울문화사),2021-04,5400,,4393,544,2026-09-01T10:41:52+09:00
393717139,86 에이티식스 14,86 에이티식스,14,,"- Paint it Black, Novel Engine",아사토 아사토,데이즈엔터(주),2026-06,7200,10.0,4120,545,2026-09-01T10:41:52+09:00
81953629,용의 귀여운 일곱 아이 : 쿠이 료코 작품집,용의 귀여운 일곱 아이 : 쿠이 료코 작품집,,,- S코믹스,쿠이 료코,㈜소미미디어,2016-04,6300,8.7,4134,546,2026-09-01T10:41:52+09:00
397294534,비교하고 검토하는 교열부의 쿠쥬 씨 1,비교하고 검토하는 교열부의 쿠쥬 씨,1,,,고이시 유카,서교책방,2026-07,11520,9.7,3975,547,2026-09-01T10:41:52+09:00
86997362,용의 학교는 산 위에,용의 학교는 산 위에,,,"- 쿠이 료코 작품집, S코믹스",쿠이 료코,㈜소미미디어,2016-07,8550,9.4,3925,548,2026-09-01T10:41:52+09:00
310412096,기븐 8,기븐,8,,- 뉴 루비코믹스 2865,키즈 나츠키,현대지능개발사,2023-02,5400,9.6,3809,549,2026-09-01T10:41:52+09:00
316124839,운명의 사람을 만나는 이야기 1,운명의 사람을 만나는 이야기,1,,,아나신,학산문화사(만화),2023-06,5400,9.3,3636,550,2026-09-01T10:41:52+09:00
387232919,노아 선배는 친구 8,노아 선배는 친구,8,,,아키야마 엔마,서울미디어코믹스(서울문화사),2026-02,5850,9.7,3552,551,2026-09-01T10:41:52+09:00
322441152,꿈빛 파티시엘 신장판 3,꿈빛 파티시엘 신장판,3,,,마츠모토 나츠미,대원씨아이(만화),2023-08,5400,,3587,552,2026-09-01T10:41:52+09:00
384923404,이세계 삼촌 13,이세계 삼촌,13,,- 픽시하우스,호톤도신데이루,데이즈엔터(주),2026-02,7200,,3408,553,2026-09-01T10:41:52+09:00
305225003,헌터x헌터 HunterXHunter 신장판 22,헌터x헌터 HunterXHunter 신장판,22,,,토가시 요시히로,학산문화사(만화),2016-04,5400,,3358,554,2026-09-01T10:41:52+09:00
380346760,더블크로스 The 3rd Edition 룰북 2,더블크로스 The 3rd Edition 룰북,2,,,F.E.A.R,데이즈엔터(주),2025-12,13500,,3295,555,2026-09-01T10:41:52+09:00
298280697,헌터x헌터 HunterXHunter 신장판 23,헌터x헌터 HunterXHunter 신장판,23,,,토가시 요시히로,학산문화사(만화),2016-05,5400,,3390,556,2026-09-01T10:41:52+09:00
314918984,헌터x헌터 HunterXHunter 신장판 28,헌터x헌터 HunterXHunter 신장판,28,,,토가시 요시히로,학산문화사(만화),2016-12,5400,,3334,557,2026-09-01T10:41:52+09:00
314918637,헌터x헌터 HunterXHunter 신장판 20,헌터x헌터 HunterXHunter 신장판,20,,,토가시 요시히로,학산문화사(만화),2015-12,5400,,3301,558,2026-09-01T10:41:52+09:00
396377705,블루 피리어드 5,블루 피리어드,5,,- 시프트코믹스,야마구치 츠바사,YNK MEDIA(만화),2026-06,5400,,3130,559,2026-09-01T10:41:52+09:00
391205551,황천의 츠가이 8,황천의 츠가이,8,,,아라카와 히로무,대원씨아이(만화),2025-06,5850,,3050,560,2026-09-01T10:41:52+09:00
324629346,그리고 마녀는 숲으로 갔다 1,그리고 마녀는 숲으로 갔다,1,,,산호,고블,2023-08,20700,9.2,2906,561,2026-09-01T10:41:52+09:00
299654606,하이큐!! 41,하이큐!!,41,,- 작은 거인 VS,후루다테 하루이치,대원씨아이(만화),2020-04,4950,,3147,562,2026-09-01T10:41:52+09:00
397162930,만화 데뷔 못 하면 죽는 병 걸림 4,만화 데뷔 못 하면 죽는 병 걸림,4,,,소흔,파인툰,2026-10,15750,,2875,563,2026-09-01T10:41:52+09:00
375535559,나의 히어로 아카데미아 공식 일러스트집 Ultra Artworks,나의 히어로 아카데미아 공식 일러스트집 Ultra Artworks,,,,호리코시 코헤이,서울미디어코믹스(서울문화사),2025-10,39600,,3138,564,2026-09-01T10:41:52+09:00
396049332,블루 자이언트 모멘텀 6,블루 자이언트 모멘텀,6,,,이시즈카 신이치,대원씨아이(만화),2026-06,5850,10.0,2845,565,2026-09-01T10:41:52+09:00
398728336,마법소녀를 동경해서 5 (더블특전판),마법소녀를 동경해서,5,더블특전판,- 초판한정 : 일러스트 카드 1종 + SD 스티커 1종,오노나카 아키히로,대원씨아이(만화),2026-07,6750,,2660,566,2026-09-01T10:41:52+09:00
372904289,슬램덩크 오리지널 1~31 세트 - 전31권,슬램덩크 오리지널 1~31 세트 - 전31권,,,- 완결,이노우에 타케히코,대원씨아이(만화),2025-09,111600,,2651,567,2026-09-01T10:41:52+09:00
301917787,오란고교 호스트부 2,오란고교 호스트부,2,,,하토리 비스코,학산문화사(만화),2004-05,5400,,2624,568,2026-09-01T10:41:52+09:00
321124579,먼작귀 1,먼작귀,1,,- 먼가 작고 귀여운 녀석,나가노,미우(대원씨아이),2022-06,10800,,2795,569,2026-09-01T10:41:52+09:00
86893672,이토준지 자선 걸작집,이토준지 자선 걸작집,,,,이토 준지,미우(대원씨아이),2016-07,12600,8.6,2428,570,2026-09-01T10:41:52+09:00
384344658,네가 죽을 때까지 사랑하고 싶어 8,네가 죽을 때까지 사랑하고 싶어,8,,,나치 아오노,학산문화사(만화),2026-01,5400,9.9,2560,571,2026-09-01T10:41:52+09:00
396091726,나의 행복한 결혼 6,나의 행복한 결혼,6,,,코사카 리토,서울미디어코믹스(서울문화사),2026-06,4950,9.7,2415,572,2026-09-01T10:41:52+09:00
393626220,구룡 제네릭 로맨스 11,구룡 제네릭 로맨스,11,,"- S코믹스/ 초판 한정 렌티큘러 카드, 일러스트 카드",마유즈키 준,㈜소미미디어,2026-05,6300,9.8,2440,573,2026-09-01T10:41:52+09:00
333640352,정반대의 너와 나 3,정반대의 너와 나,3,,,아가사와 코챠,학산문화사(만화),2024-02,5400,9.8,2737,574,2026-09-01T10:41:52+09:00
345587184,정반대의 너와 나 4,정반대의 너와 나,4,,,아가사와 코챠,학산문화사(만화),2024-08,5400,9.7,2726,575,2026-09-01T10:41:52+09:00
398326987,소드 오라토리아 16,소드 오라토리아,16,,"- 던전에서 만남을 추구하면 안 되는 걸까 외전, S Novel",오모리 후지노,㈜소미미디어,2026-07,10800,,2265,576,2026-09-01T10:41:52+09:00
374878126,사카모토 데이즈 23,사카모토 데이즈,23,,- 신생살연,스즈키 유우토,대원씨아이(만화),2025-10,5850,,2247,577,2026-09-01T10:41:52+09:00
400225603,고교 시절에 거만했던 여왕님과의 동거 생활은 의외로 나쁘지 않다 1,고교 시절에 거만했던 여왕님과의 동거 생활은 의외로 나쁘지 않다,1,,- S Novel,미소네타 도자에몽,㈜소미미디어,2026-08,7650,,2110,578,2026-09-01T10:41:52+09:00
397222848,반장으로서의 책임과 의무 7,반장으로서의 책임과 의무,7,,- 그래도 우리는,수신지,귤프레스,2026-06,13500,10.0,2125,579,2026-09-01T10:41:52+09:00
399390376,"가까이 와줘, 스피카 1 (특장판)","가까이 와줘, 스피카",1,특장판,- 단행본 + 아크릴 스탠드 + 인화사진 2종 + 일러스트 카드 + 별도 박스 포장,fuyu,대원씨아이(만화),2026-07,18000,10.0,2025,580,2026-09-01T10:41:52+09:00
398951543,이상한 집 6,이상한 집,6,,,아야노 교,리드비,2026-07,7650,,1975,581,2026-09-01T10:41:52+09:00
399381805,격기 3반 18,격기 3반,18,,- 남일고등학교 격투기 특기반,이학,대원씨아이(만화),2026-07,4950,10.0,2005,582,2026-09-01T10:41:52+09:00
334207343,얼굴만으론 좋아할 수 없어요 5,얼굴만으론 좋아할 수 없어요,5,,,안자이 카린,서울미디어코믹스(서울문화사),2022-09,5400,,1913,583,2026-09-01T10:41:52+09:00
378826604,얼굴만으론 좋아할 수 없어요 15,얼굴만으론 좋아할 수 없어요,15,,,안자이 카린,서울미디어코믹스(서울문화사),2025-11,5400,10.0,1931,584,2026-09-01T10:41:52+09:00
318446151,네가 죽을 때까지 사랑하고 싶어 3,네가 죽을 때까지 사랑하고 싶어,3,,,나치 아오노,학산문화사(만화),2021-05,5400,,1907,585,2026-09-01T10:41:52+09:00
342916553,얼굴만으론 좋아할 수 없어요 10,얼굴만으론 좋아할 수 없어요,10,,,안자이 카린,서울미디어코믹스(서울문화사),2024-07,5400,,1825,586,2026-09-01T10:41:52+09:00
399056425,다크 개더링 3,다크 개더링,3,,- 픽시하우스 / 초판 한정 : 띠지+일러스트 카드,콘도 켄이치,코믹레인,2026-08,6300,,1715,587,2026-09-01T10:41:52+09:00
387582151,커들 1,커들,1,,- 수인 오메가버스,하스미 하나,학산문화사(만화),2026-03,6300,,1300,588,2026-09-01T10:41:52+09:00
400258397,세월이 흘러 다리로 간다 12,세월이 흘러 다리로 간다,12,,,히다카 쇼코,서울미디어코믹스(서울문화사),2026-08,6300,10.0,1350,589,2026-09-01T10:41:52+09:00
357930933,풀 나이트 2,풀 나이트,2,,- S코믹스,야스다 카스미,㈜소미미디어,2025-02,6300,10.0,1307,590,2026-09-01T10:41:52+09:00
337394406,풀 나이트 1,풀 나이트,1,,- S코믹스,야스다 카스미,㈜소미미디어,2024-04,6300,10.0,1159,591,2026-09-01T10:41:52+09:00
400311351,뇌를 바꾸려는 사람들,뇌를 바꾸려는 사람들,,,"- 프랑켄슈타인에서 현대 신경기술까지, 뇌과학으로 만나는 신경윤리의 질문들",류영준,어크로스,2026-08,19800,9.7,1070,592,2026-09-01T10:41:52+09:00
393236862,책벌레의 하극상 제2부 : 책을 위해서라면 무녀가 되겠어 13,책벌레의 하극상 제2부 : 책을 위해서라면 무녀가 되겠어,13,,,스즈카,대원씨아이(만화),2026-05,5400,10.0,995,593,2026-09-01T10:41:52+09:00
400543500,"아리스, 우주까지도 4","아리스, 우주까지도",4,,,우리노 키코,대원씨아이(만화),2026-08,6300,,1110,594,2026-09-01T10:41:52+09:00
400654225,아질 Asyl 1,아질 Asyl,1,,- 시프트코믹스,하야토 유우,YNK MEDIA(만화),2026-08,5400,10.0,780,595,2026-09-01T10:41:52+09:00
319312677,못 미더운 악녀입니다만 : ~추궁접서 교체전~ 4,못 미더운 악녀입니다만 : ~추궁접서 교체전~,4,,,EI Ohitsuji,서울미디어코믹스(서울문화사),2023-06,6300,10.0,743,596,2026-09-01T10:41:52+09:00
400653356,"매지컬★익스플로러 : 에로게임의 친구 캐릭터로 전생했지만, 게임 지식을 써서 자유롭게 살아간다 12","매지컬★익스플로러 : 에로게임의 친구 캐릭터로 전생했지만, 게임 지식을 써서 자유롭게 살아간다",12,,- 시프트코믹스,이리스,YNK MEDIA(만화),2026-08,6300,,930,597,2026-09-01T10:41:52+09:00
329581311,못 미더운 악녀입니다만 : ~추궁접서 교체전~ 5,못 미더운 악녀입니다만 : ~추궁접서 교체전~,5,,,EI Ohitsuji,서울미디어코믹스(서울문화사),2023-11,6300,10.0,702,598,2026-09-01T10:41:52+09:00
400556285,꿈자리가 이상한데요?! 외전 (한정판),꿈자리가 이상한데요?! 외전,,한정판,"- 구성: 도서, SD 판 스티커, 작가 선화 및 사인 인쇄, 아크릴 누들 스토퍼, 네컷사진, 증명사진 세트, 포토카드 2종, 폴라로이드 2종",흰귀,북극여우,2026-10,39600,,980,599,2026-09-01T10:41:52+09:00
400543262,일하지 않는 두사람 32,일하지 않는 두사람,32,,,요시다 사토루,대원씨아이(만화),2026-08,4950,,760,600,2026-09-01T10:41:52+09:00
400662089,바키도 11,바키도,11,,,이타가키 케이스케,서울미디어코믹스(서울문화사),2026-08,5400,10.0,770,601,2026-09-01T10:41:52+09:00
400708015,영국 낭만 희화 포레스트 아이비 1,영국 낭만 희화 포레스트 아이비,1,,,아마자케 시마,대원씨아이(만화),2026-08,6300,,580,602,2026-09-01T10:41:52+09:00
400921444,페이스리스 드롭아웃 1,페이스리스 드롭아웃,1,,- S Novel+,류토,㈜소미미디어,2026-09,10800,,510,603,2026-09-01T10:41:52+09:00
400652954,영세 소녀의 싸우는 법 7,영세 소녀의 싸우는 법,7,,- 시프트코믹스,쿠즈시로,YNK MEDIA(만화),2026-08,5400,,580,604,2026-09-01T10:41:52+09:00
400649530,친구 여동생이 나한테만 짜증나게 군다 9,친구 여동생이 나한테만 짜증나게 군다,9,,- SL Comic,히라오카 히라,디앤씨미디어(주)(D&C미디어),2026-08,6300,,590,605,2026-09-01T10:41:52+09:00
395170494,133cm의 풍경 4,133cm의 풍경,4,,,히루노 츠키코,학산문화사(만화),2026-06,5400,9.8,495,606,2026-09-01T10:41:52+09:00
400557793,공각기동대 -HUMAN ERROR PROCESSER-,공각기동대 -HUMAN ERROR PROCESSER-,,,,시로 마사무네,대원씨아이(만화),2026-08,12600,,530,607,2026-09-01T10:41:52+09:00
366331655,원피스 111,원피스,111,,- 엘바프 모험,오다 에이치로,대원씨아이(만화),2025-06,5400,10.0,25307,608,2026-09-01T10:41:52+09:00
312942363,타코피의 원죄 - 상,타코피의 원죄 - 상,,,,타이잔5,대원씨아이(만화),2023-03,5400,9.9,10099,609,2026-09-01T10:41:52+09:00
312942437,타코피의 원죄 - 하,타코피의 원죄 - 하,,,,타이잔5,대원씨아이(만화),2023-03,5400,8.8,9848,610,2026-09-01T10:41:52+09:00
283355505,사피엔스 : 그래픽 히스토리 Vol.2,사피엔스 : 그래픽 히스토리 Vol.2,,,- 문명의 기둥,,김영사,2021-11,17820,9.7,9581,611,2026-09-01T10:41:52+09:00
378096466,팬텀 버스터즈 5,팬텀 버스터즈,5,,- 일반판,네오쇼코,㈜소미미디어,2025-11,5850,10.0,9380,612,2026-09-01T10:41:52+09:00
294677380,귀멸의 칼날 23,귀멸의 칼날,23,,- 완결,고토게 코요하루,학산문화사(만화),2021-04,5400,9.3,8339,613,2026-09-01T10:41:52+09:00
378768331,모모세 아키라의 첫사랑 파탄 중 2 (트리플 특전판),모모세 아키라의 첫사랑 파탄 중,2,트리플 특전판,- 홀로그램 일러스트 카드(1종) + 반전 매력의 양면 일러스트 카드(2종),하레카와 신타,서울미디어코믹스(서울문화사),2025-11,6750,10.0,8061,614,2026-09-01T10:41:52+09:00
393727271,전지적 독자 시점 19,전지적 독자 시점,19,,- 초판한정: 캐릭터 카드 1종 + 엽서 1종,슬리피-C,에이템포미디어,2026-05,14850,10.0,7795,615,2026-09-01T10:41:52+09:00
283806419,장송의 프리렌 2,장송의 프리렌,2,,,야마다 카네히토,학산문화사(만화),2021-11,5400,9.6,7777,616,2026-09-01T10:41:52+09:00
286833118,장송의 프리렌 4,장송의 프리렌,4,,,야마다 카네히토,학산문화사(만화),2022-01,5400,9.3,7484,617,2026-09-01T10:41:52+09:00
301706355,주술회전 1,주술회전,1,,,아쿠타미 게게,서울미디어코믹스(서울문화사),2019-03,5400,4.0,7444,618,2026-09-01T10:41:52+09:00
324949099,봄의 폭풍과 몬스터 1,봄의 폭풍과 몬스터,1,,,미츠바치 미유키,학산문화사(만화),2023-10,5400,9.7,7110,619,2026-09-01T10:41:52+09:00
338121617,너와 장밋빛 매일 1,너와 장밋빛 매일,1,,,히로 치히로,서울미디어코믹스(서울문화사),2024-04,5400,9.9,6664,620,2026-09-01T10:41:52+09:00
301706807,주술회전 4,주술회전,4,,,아쿠타미 게게,서울미디어코믹스(서울문화사),2019-05,5400,,6866,621,2026-09-01T10:41:52+09:00
287304526,아름다운 초저녁달 1,아름다운 초저녁달,1,,,야마모리 미카,학산문화사(만화),2022-01,5400,9.5,6622,622,2026-09-01T10:41:52+09:00
315295029,귀멸 학원! 3,귀멸 학원!,3,,,호카미 나츠키,학산문화사(만화),2023-04,5400,9.6,6219,623,2026-09-01T10:41:52+09:00
333717879,봄의 폭풍과 몬스터 3,봄의 폭풍과 몬스터,3,,,미츠바치 미유키,학산문화사(만화),2024-02,5400,9.9,5798,624,2026-09-01T10:41:52+09:00
384927762,약사의 혼잣말 16,약사의 혼잣말,16,,- 카니발 플러스,휴우가 나츠,학산문화사(단행본),2026-01,8100,9.2,6096,625,2026-09-01T10:41:52+09:00
375158873,봄의 폭풍과 몬스터 7,봄의 폭풍과 몬스터,7,,,미츠바치 미유키,학산문화사(만화),2025-10,5400,9.6,5698,626,2026-09-01T10:41:52+09:00
297902307,헌터x헌터 HunterXHunter 신장판 3,헌터x헌터 HunterXHunter 신장판,3,,,토가시 요시히로,학산문화사(만화),2013-08,5400,,5322,627,2026-09-01T10:41:52+09:00
351000171,반딧불이의 혼례 4,반딧불이의 혼례,4,,,타치바나 오레코,서울미디어코믹스(서울문화사),2024-10,7650,9.8,5197,628,2026-09-01T10:41:52+09:00
305390989,스킵과 로퍼 1,스킵과 로퍼,1,,- 시프트코믹스,타카마츠 미사키,YNK MEDIA(만화),2022-11,5400,9.8,5367,629,2026-09-01T10:41:52+09:00
362488315,참을 수 없는 건 사랑인 걸까 1,참을 수 없는 건 사랑인 걸까,1,,,소라하나 미아,대원씨아이(만화),2025-04,5850,9.1,5041,630,2026-09-01T10:41:52+09:00
333218155,마루는 강쥐 3,마루는 강쥐,3,,,모죠,문페이스,2024-02,14400,,5219,631,2026-09-01T10:41:52+09:00
356890627,사카모토 데이즈 14,사카모토 데이즈,14,,- 기묘한 흔적,스즈키 유우토,대원씨아이(만화),2024-03,5850,,4832,632,2026-09-01T10:41:52+09:00
294153055,헌터x헌터 HunterXHunter 신장판 7,헌터x헌터 HunterXHunter 신장판,7,,,토가시 요시히로,학산문화사(만화),2014-01,5400,,4731,633,2026-09-01T10:41:52+09:00
356890808,사카모토 데이즈 16,사카모토 데이즈,16,,- 해후,스즈키 유우토,대원씨아이(만화),2024-06,5850,,4746,634,2026-09-01T10:41:52+09:00
344711414,명탐정 코난 105,명탐정 코난,105,,,아오야마 고쇼,서울미디어코믹스(서울문화사),2024-08,5400,9.8,4582,635,2026-09-01T10:41:52+09:00
377704735,봇치·더·록! 8,봇치·더·록!,8,,,하마지 아키,대원씨아이(만화),2025-11,8100,10.0,4568,636,2026-09-01T10:41:52+09:00
396455881,시온 군이 말하는 대로 1,시온 군이 말하는 대로,1,,,Neko Inukai,서울미디어코믹스(서울문화사),2026-06,5850,,4220,637,2026-09-01T10:41:52+09:00
379009893,내 마음의 위험한 녀석 12,내 마음의 위험한 녀석,12,,- S코믹스,사쿠라이 노리오,㈜소미미디어,2025-12,5400,9.0,4298,638,2026-09-01T10:41:52+09:00
396377370,너를 사랑하는 살인귀 1,너를 사랑하는 살인귀,1,,- 시프트코믹스,아키야마 엔마,YNK MEDIA(만화),2026-06,5400,10.0,4285,639,2026-09-01T10:41:52+09:00
390010927,황천의 츠가이 7,황천의 츠가이,7,,,아라카와 히로무,대원씨아이(만화),2026-04,5850,,4173,640,2026-09-01T10:41:52+09:00
358899876,극락가 1,극락가,1,,,사노 유토,대원씨아이(만화),2023-11,5850,8.0,4246,641,2026-09-01T10:41:52+09:00
295417935,지. : 지구의 운동에 대하여 1,지. : 지구의 운동에 대하여,1,,,우오토,문학동네,2022-05,7200,9.7,4333,642,2026-09-01T10:41:52+09:00
365816384,야쿠자 때문에 목욕탕에서 일하고 있습니다 1,야쿠자 때문에 목욕탕에서 일하고 있습니다,1,,- 루나 코믹스,타카시,㈜소미미디어,2025-06,5850,9.8,3997,643,2026-09-01T10:41:52+09:00
301708798,주술회전 13,주술회전,13,,,아쿠타미 게게,서울미디어코믹스(서울문화사),2021-03,5400,,4113,644,2026-09-01T10:41:52+09:00
257021910,기븐 6,기븐,6,,- 뉴 루비코믹스 2555,키즈 나츠키,현대지능개발사,2020-11,4950,9.6,4133,645,2026-09-01T10:41:52+09:00
338430853,명탐정 코난 104 (특장판),명탐정 코난,104,특장판,- 아크릴 스탠드 + 극장판 '명탐정코난: 흑철의 어영' 그림 콘티북 + 어나더 커버,아오야마 고쇼,서울미디어코믹스(서울문화사),2024-04,9000,8.7,4053,646,2026-09-01T10:41:52+09:00
322441091,꿈빛 파티시엘 신장판 1,꿈빛 파티시엘 신장판,1,,,마츠모토 나츠미,대원씨아이(만화),2023-08,5400,10.0,4169,647,2026-09-01T10:41:52+09:00
301714473,주술회전 15,주술회전,15,,- 시부야 사변 -변신-,아쿠타미 게게,서울미디어코믹스(서울문화사),2021-05,5400,,4048,648,2026-09-01T10:41:52+09:00
389641283,황천의 츠가이 6,황천의 츠가이,6,,,아라카와 히로무,대원씨아이(만화),2024-08,5850,,3846,649,2026-09-01T10:41:52+09:00
387904062,오달자의 봄,오달자의 봄,,,,김수정,둘리나라,2026-03,16200,9.9,4020,650,2026-09-01T10:41:52+09:00
311936078,헌터x헌터 HunterXHunter 신장판 31,헌터x헌터 HunterXHunter 신장판,31,,,토가시 요시히로,학산문화사(만화),2013-10,5400,,3872,651,2026-09-01T10:41:52+09:00
293068139,기븐 7,기븐,7,,- 뉴 루비코믹스 2755,키즈 나츠키,현대지능개발사,2022-04,5400,9.8,3887,652,2026-09-01T10:41:52+09:00
303284033,진격의 거인 18~34 박스 세트 Part 2 - 전17권,진격의 거인 18~34 박스 세트 Part 2 - 전17권,,,- PVC카드 17매 동봉,이사야마 하지메,학산문화사(만화),2022-10,91800,,3710,653,2026-09-01T10:41:52+09:00
366119898,나의 열두 살에게,나의 열두 살에게,,,,소복이,나무의말,2025-06,17820,9.5,3720,654,2026-09-01T10:41:52+09:00
298280458,헌터x헌터 HunterXHunter 신장판 30,헌터x헌터 HunterXHunter 신장판,30,,,토가시 요시히로,학산문화사(만화),2017-03,5400,,3745,655,2026-09-01T10:41:52+09:00
366528002,메이드 인 어비스 13,메이드 인 어비스,13,,,츠쿠시 아키히토,미우(대원씨아이),2025-06,7200,9.2,3741,656,2026-09-01T10:41:52+09:00
395444518,러브 불릿 1,러브 불릿,1,,- 초판 한정 부록: SD 캐릭터 스티커 1매 + 저자 사인 메시지 (면지 인쇄),inee,빗금,2026-06,8100,10.0,3615,657,2026-09-01T10:41:52+09:00
300919153,헌터x헌터 HunterXHunter 신장판 14,헌터x헌터 HunterXHunter 신장판,14,,,토가시 요시히로,학산문화사(만화),2014-12,5400,,3608,658,2026-09-01T10:41:52+09:00
394124156,캐릭캐릭 체인지! Jewel Joker 주얼 조커 3 (특장판),캐릭캐릭 체인지! Jewel Joker 주얼 조커,3,특장판,- 슬리브 케이스 + 일러스트 엽서 5종 + 이쿠토&타다세 아크릴 블록 세트(일반판 초판 특전 미포함),PEACH-PIT,서울미디어코믹스(서울문화사),2026-05,36000,,3555,659,2026-09-01T10:41:52+09:00
298348779,서랍 속 테라리움 : 신장판,서랍 속 테라리움 : 신장판,,,- S코믹스,쿠이 료코,㈜소미미디어,2022-08,8100,9.5,3576,660,2026-09-01T10:41:52+09:00
397997937,사일런트 위치 10,사일런트 위치,10,,"- 침묵의 마녀의 비밀, ROSY",이소라 마츠리,데이즈엔터(주),2026-07,9900,10.0,3590,661,2026-09-01T10:41:52+09:00
298280366,헌터x헌터 HunterXHunter 신장판 24,헌터x헌터 HunterXHunter 신장판,24,,,토가시 요시히로,학산문화사(만화),2016-06,5400,,3413,662,2026-09-01T10:41:52+09:00
378808440,블루 피리어드 1,블루 피리어드,1,,- 시프트코믹스,야마구치 츠바사,YNK MEDIA(만화),2025-11,5400,9.0,3370,663,2026-09-01T10:41:52+09:00
301058679,헌터x헌터 HunterXHunter 신장판 25,헌터x헌터 HunterXHunter 신장판,25,,,토가시 요시히로,학산문화사(만화),2016-08,5400,,3418,664,2026-09-01T10:41:52+09:00
301058824,헌터x헌터 HunterXHunter 신장판 29,헌터x헌터 HunterXHunter 신장판,29,,,토가시 요시히로,학산문화사(만화),2017-01,5400,,3367,665,2026-09-01T10:41:52+09:00
387319205,불교와 친해지는 만화 사찰의 상징세계,불교와 친해지는 만화 사찰의 상징세계,,,- 8박사 자현 스님이 아낌없이 들려주는 매혹적인 사찰 이야기,일우 자현,불광출판사,2026-03,19800,9.7,3269,666,2026-09-01T10:41:52+09:00
365413873,팔견전 21,팔견전,21,,"- 동방팔견이문, S코믹스",아베 미유키,㈜소미미디어,2025-06,5400,10.0,3305,667,2026-09-01T10:41:52+09:00
298280514,헌터x헌터 HunterXHunter 신장판 27,헌터x헌터 HunterXHunter 신장판,27,,,토가시 요시히로,학산문화사(만화),2016-10,5400,,3285,668,2026-09-01T10:41:52+09:00
396565979,어떤 과학의 초전자포 20,어떤 과학의 초전자포,20,,- 어떤 마술의 금서목록 외전,,대원씨아이(만화),2026-06,5400,10.0,3225,669,2026-09-01T10:41:52+09:00
370424575,사카모토 데이즈 22,사카모토 데이즈,22,,- 텐큐vs신,스즈키 유우토,대원씨아이(만화),2025-08,5850,,3237,670,2026-09-01T10:41:52+09:00
397015748,어떤 여름방학,어떤 여름방학,,,,궁리(박조은),휴머니스트,2026-06,19800,,3140,671,2026-09-01T10:41:52+09:00
374961203,팔견전 23,팔견전,23,,"- 동방팔견이문, S코믹스",아베 미유키,㈜소미미디어,2025-10,5400,10.0,3139,672,2026-09-01T10:41:52+09:00
369868343,팔견전 22,팔견전,22,,"- 동방팔견이문, S코믹스",아베 미유키,㈜소미미디어,2025-08,5400,10.0,3109,673,2026-09-01T10:41:52+09:00
355242244,흑무경담 2,흑무경담,2,,- S코믹스,토가와 요난,㈜소미미디어,2025-01,5400,9.7,2828,674,2026-09-01T10:41:52+09:00
393514967,아름다운 인체 그리기 레슨,아름다운 인체 그리기 레슨,,,,후지타쿠,한즈미디어(한스미디어),2026-05,16200,9.7,3050,675,2026-09-01T10:41:52+09:00
345982331,흑무경담 1,흑무경담,1,,- S코믹스,토가와 요난,㈜소미미디어,2024-09,5400,8.6,2838,676,2026-09-01T10:41:52+09:00
378808731,블루 피리어드 2,블루 피리어드,2,,- 시프트코믹스,야마구치 츠바사,YNK MEDIA(만화),2025-12,5400,,2837,677,2026-09-01T10:41:52+09:00
388510775,블루 피리어드 3,블루 피리어드,3,,- 시프트코믹스,야마구치 츠바사,YNK MEDIA(만화),2026-03,5400,10.0,2818,678,2026-09-01T10:41:52+09:00
399523141,정령환상기 28,정령환상기,28,,"- S Novel / 초판 한정 책갈피, 양면커버, 쇼트스토리 리플릿",키타야마 유리,㈜소미미디어,2026-08,8100,,2760,679,2026-09-01T10:41:52+09:00
333640950,먼작귀 5,먼작귀,5,,- 먼가 작고 귀여운 녀석,나가노,미우(대원씨아이),2024-02,10800,10.0,2710,680,2026-09-01T10:41:52+09:00
378966916,드래곤볼 완전판 가이드북 LANDMARK,드래곤볼 완전판 가이드북 LANDMARK,,,,토리야마 아키라,서울미디어코믹스(서울문화사),2025-11,12600,10.0,2563,681,2026-09-01T10:41:52+09:00
389481532,묘쌤은 이렇게 말했다 10,묘쌤은 이렇게 말했다,10,,- S코믹스,무테키 소다,㈜소미미디어,2026-04,6300,9.5,2637,682,2026-09-01T10:41:52+09:00
387039298,이거 그리고 죽어 7,이거 그리고 죽어,7,,,토요다 미노루,대원씨아이(만화),2026-02,5400,9.4,2623,683,2026-09-01T10:41:52+09:00
320691848,먼작귀 3,먼작귀,3,,- 먼가 작고 귀여운 녀석,나가노,미우(대원씨아이),2023-02,10800,,2641,684,2026-09-01T10:41:52+09:00
369563161,타몬 군 지금 어느 쪽?! 10,타몬 군 지금 어느 쪽?!,10,,,시와스 유키,학산문화사(만화),2025-08,5400,,2623,685,2026-09-01T10:41:52+09:00
310815578,얼굴만으론 좋아할 수 없어요 6,얼굴만으론 좋아할 수 없어요,6,,,안자이 카린,서울미디어코믹스(서울문화사),2023-02,5400,9.6,2633,686,2026-09-01T10:41:52+09:00
322804966,정반대의 너와 나 2,정반대의 너와 나,2,,,아가사와 코챠,학산문화사(만화),2023-08,5400,9.8,2729,687,2026-09-01T10:41:52+09:00
393007477,사토리×콤플렉스,사토리×콤플렉스,,,"- 초판 특전 : 양면 일러스트 카드, PET 북마크 스탠드",유히,리크,2026-05,6300,9.6,2630,688,2026-09-01T10:41:52+09:00
400000607,빠져든 침대에서 천사의 자는 얼굴을 보고 싶을 뿐,빠져든 침대에서 천사의 자는 얼굴을 보고 싶을 뿐,,,- #둘이서 저지른 비밀의 교칙 위반,우에스 테츠토,AK(에이케이)커뮤니케이션즈,2026-08,10800,,2520,689,2026-09-01T10:41:52+09:00
336556121,박시백의 고려사 1~5 세트 - 전5권,박시백의 고려사 1~5 세트 - 전5권,,,,박시백,휴머니스트,2024-03,66150,8.0,2625,690,2026-09-01T10:41:52+09:00
383277748,장르를 바꿔보도록 하겠습니다 9 (특별판),장르를 바꿔보도록 하겠습니다,9,특별판,- 라스트 레터 1종 + 인생 필름 3종 + 렌티큘러 카드 3종,가린,연담,2026-03,21150,,2445,691,2026-09-01T10:41:52+09:00
397093551,"노려보고, 사랑. 1","노려보고, 사랑.",1,,"- 초판 한정 일러스트 카드 3종, SD 칼선 스티커",나모,시플리,2026-07,6300,10.0,2475,692,2026-09-01T10:41:52+09:00
400197602,타로의 얼렁뚱땅 2,타로의 얼렁뚱땅,2,,,야츠미 츠무,서울미디어코믹스(서울문화사),2026-08,5850,,2210,693,2026-09-01T10:41:52+09:00
323998705,먼작귀 4,먼작귀,4,,- 먼가 작고 귀여운 녀석,나가노,미우(대원씨아이),2023-09,10800,9.8,2317,694,2026-09-01T10:41:52+09:00
396136941,세레나 9,세레나,9,,"- 초판 한정 부록 : 일러스트 엽서 1종, 면지에 작가님 친필 사인(인쇄본)",정이나,네이버웹툰,2026-07,14400,,2490,695,2026-09-01T10:41:52+09:00
399541020,클레바테스 10,클레바테스,10,,,이와하라 유지,오팬스코믹,2026-07,6300,,2300,696,2026-09-01T10:41:52+09:00
353581707,정반대의 너와 나 6,정반대의 너와 나,6,,,아가사와 코챠,학산문화사(만화),2024-12,5400,9.9,2433,697,2026-09-01T10:41:52+09:00
321812915,오란고교 호스트부 3,오란고교 호스트부,3,,,하토리 비스코,학산문화사(만화),2004-05,5400,,2215,698,2026-09-01T10:41:52+09:00
326203733,얼굴만으론 좋아할 수 없어요 8,얼굴만으론 좋아할 수 없어요,8,,,안자이 카린,서울미디어코믹스(서울문화사),2023-10,5400,,2236,699,2026-09-01T10:41:52+09:00
395513879,시노와 렌 4,시노와 렌,4,,- SL Comic,치구사 미노리,디앤씨미디어(주)(D&C미디어),2026-06,10800,10.0,2050,700,2026-09-01T10:41:52+09:00
380346759,더블크로스 The 3rd Edition 상급 룰북,더블크로스 The 3rd Edition 상급 룰북,,,,F.E.A.R,데이즈엔터(주),2025-12,31500,,2033,701,2026-09-01T10:41:52+09:00
389001364,디그 잇 1,디그 잇,1,,,Yoshidamaru,학산문화사(만화),2026-04,6300,8.0,2095,702,2026-09-01T10:41:52+09:00
316354721,얼굴만으론 좋아할 수 없어요 4,얼굴만으론 좋아할 수 없어요,4,,,안자이 카린,서울미디어코믹스(서울문화사),2022-06,5400,,2056,703,2026-09-01T10:41:52+09:00
325418441,먼작귀 2,먼작귀,2,,- 먼가 작고 귀여운 녀석,나가노,미우(대원씨아이),2022-08,10800,,1971,704,2026-09-01T10:41:52+09:00
308287261,네가 죽을 때까지 사랑하고 싶어 5,네가 죽을 때까지 사랑하고 싶어,5,,,나치 아오노,학산문화사(만화),2023-01,5400,10.0,1995,705,2026-09-01T10:41:52+09:00
310530480,만화로 보는 일리아스,만화로 보는 일리아스,,,- 트로이의 노래,동사원형,한빛비즈,2023-02,17550,9.9,2017,706,2026-09-01T10:41:52+09:00
398811035,방과 후 제방 일지 14,방과 후 제방 일지,14,,,코사카 야스유키,대원씨아이(만화),2026-07,4950,,1815,707,2026-09-01T10:41:52+09:00
355888808,팔견전 20,팔견전,20,,"- 동방팔견이문, S코믹스",아베 미유키,㈜소미미디어,2025-01,6300,10.0,1886,708,2026-09-01T10:41:52+09:00
396657276,비밀법인 데스메이커 1,비밀법인 데스메이커,1,,,우나다 마아치,대원씨아이(만화),2026-06,6300,10.0,1930,709,2026-09-01T10:41:52+09:00
290968765,네가 죽을 때까지 사랑하고 싶어 4,네가 죽을 때까지 사랑하고 싶어,4,,,나치 아오노,학산문화사(만화),2022-03,5400,10.0,1876,710,2026-09-01T10:41:52+09:00
344452803,팔견전 19,팔견전,19,,"- 동방팔견이문, S코믹스",아베 미유키,㈜소미미디어,2024-08,6300,10.0,1829,711,2026-09-01T10:41:52+09:00
396048990,SCP가 뭔가요? 1,SCP가 뭔가요?,1,,,하치훈,대원씨아이(만화),2026-06,5850,10.0,1725,712,2026-09-01T10:41:52+09:00
396097455,장송의 프리렌 5,장송의 프리렌,5,,,야마다 카네히토,학산문화사(만화),2026-06,6300,,1745,713,2026-09-01T10:41:52+09:00
335330575,팔견전 18,팔견전,18,,"- 동방팔견이문, S코믹스",아베 미유키,㈜소미미디어,2024-03,6300,6.8,1768,714,2026-09-01T10:41:52+09:00
394027566,블리치 리믹스 16,블리치 리믹스,16,,,쿠보 타이토,서울미디어코믹스(서울문화사),2026-05,10800,9.6,1750,715,2026-09-01T10:41:52+09:00
316396526,진격의 거인 14,진격의 거인,14,,,이사야마 하지메,학산문화사(만화),2014-09,5400,,1722,716,2026-09-01T10:41:52+09:00
398811124,사장과 술과 별 3,사장과 술과 별,3,,,즈리 키시,대원씨아이(만화),2026-07,5850,,1680,717,2026-09-01T10:41:52+09:00
333361531,길가메쉬,길가메쉬,,,,옌스 하르더,마르코폴로,2024-02,18000,9.7,1657,718,2026-09-01T10:41:52+09:00
400364294,이기적 연애론 3,이기적 연애론,3,,,교교박,다산코믹스,2026-08,16020,,1620,719,2026-09-01T10:41:52+09:00
394588521,풀 나이트 4,풀 나이트,4,,- S코믹스,야스다 카스미,㈜소미미디어,2026-06,6300,10.0,1605,720,2026-09-01T10:41:52+09:00
399381129,지친 직장인은 악역 영애님을 모시고 싶어 5,지친 직장인은 악역 영애님을 모시고 싶어,5,,,네코타로,대원씨아이(만화),2026-07,5400,,1470,721,2026-09-01T10:41:52+09:00
388016407,정반대의 너와 나 8,정반대의 너와 나,8,,- 완결,아가사와 코챠,학산문화사(만화),2026-03,5400,10.0,1614,722,2026-09-01T10:41:52+09:00
395950064,향기로운 꽃은 늠름하게 핀다 4,향기로운 꽃은 늠름하게 핀다,4,,,미카미 사카,대원씨아이(만화),2026-06,6300,,1495,723,2026-09-01T10:41:52+09:00
396091175,향기로운 꽃은 늠름하게 핀다 14,향기로운 꽃은 늠름하게 핀다,14,,,미카미 사카,대원씨아이(만화),2026-06,6300,,1415,724,2026-09-01T10:41:52+09:00
397363079,백조 무덤 1,백조 무덤,1,,- 만화,앤트스튜디오,디앤씨미디어(주)(D&C미디어),2026-08,14400,,1470,725,2026-09-01T10:41:52+09:00
381584698,Re : 제로부터 시작하는 이세계 생활 28,Re : 제로부터 시작하는 이세계 생활,28,,- Novel Engine,나가츠키 탓페이,데이즈엔터(주),2025-12,7200,10.0,1285,726,2026-09-01T10:41:52+09:00
375536744,풀 나이트 3,풀 나이트,3,,- S코믹스,야스다 카스미,㈜소미미디어,2025-11,5400,10.0,1398,727,2026-09-01T10:41:52+09:00
391302897,못 미더운 악녀입니다만 : ~추궁접서 교체전~ 9,못 미더운 악녀입니다만 : ~추궁접서 교체전~,9,,,EI Ohitsuji,서울미디어코믹스(서울문화사),2026-04,6300,10.0,1145,728,2026-09-01T10:41:52+09:00
375650121,블리치 리믹스 13,블리치 리믹스,13,,,쿠보 타이토,서울미디어코믹스(서울문화사),2025-10,10800,10.0,1278,729,2026-09-01T10:41:52+09:00
398811243,힛 미 하드 1 (특별판),힛 미 하드,1,특별판,- 패키지 박스 + 엽서 1종 + 렌티큘러 엽서 1종 + 포토카드 3종 + 아크릴 스탠드 1종 + 멀티 클리너 1종,,다산코믹스,2026-07,34200,10.0,1450,730,2026-09-01T10:41:52+09:00
396803899,"새벽, 구름, 강 6","새벽, 구름, 강",6,,- 완결,마증지,봄툰,2026-06,15300,,1215,731,2026-09-01T10:41:52+09:00
400543440,마녀대전 이능의 마녀 32인은 서로 죽인다 14,마녀대전 이능의 마녀 32인은 서로 죽인다,14,,,카와모토 호무라,대원씨아이(만화),2026-08,5400,,1180,732,2026-09-01T10:41:52+09:00
399056301,Re : 제로부터 시작하는 이세계 생활 제4장 11,Re : 제로부터 시작하는 이세계 생활 제4장,11,,"- 성역과 탐욕의 마녀, 노엔 코믹스",아토리 하루노,데이즈엔터(주),2026-08,5400,,1060,733,2026-09-01T10:41:52+09:00
391206653,데스 노트 Death Note 10,데스 노트 Death Note,10,,,오바 츠구미,대원씨아이(만화),2026-04,6300,,1070,734,2026-09-01T10:41:52+09:00
400136893,뻐꾸기 커플 31,뻐꾸기 커플,31,,,요시카와 미키,학산문화사(만화),2026-08,5400,,1100,735,2026-09-01T10:41:52+09:00
391206780,데스 노트 Death Note 11,데스 노트 Death Note,11,,,오바 츠구미,대원씨아이(만화),2006-10,6300,,1020,736,2026-09-01T10:41:52+09:00
399872446,로스타임에 작별 인사를 Home and Away,로스타임에 작별 인사를 Home and Away,,,- 라르고 맥스 Largo Max,코코미,조은세상(북두),2026-08,5400,10.0,1110,737,2026-09-01T10:41:52+09:00
400586342,펜과 수갑과 사실혼 4,펜과 수갑과 사실혼,4,,,사와라기 신이치,학산문화사(만화),2026-08,5400,,960,738,2026-09-01T10:41:52+09:00
392651381,데스 노트 Death Note 9,데스 노트 Death Note,9,,,오바 츠구미,대원씨아이(만화),2026-05,6300,,995,739,2026-09-01T10:41:52+09:00
399046795,도쿄대 세 자매 1,도쿄대 세 자매,1,,,이소야 유키,대원씨아이(만화),2026-07,5850,10.0,1095,740,2026-09-01T10:41:52+09:00
399303583,개를 낳았다 시즌 2 : 13,개를 낳았다 시즌 2 :,13,,- 이별부터 만남까지,이선,서울미디어코믹스(서울문화사),2026-07,14400,,1055,741,2026-09-01T10:41:52+09:00
349229181,단둘만의 로맨틱 1,단둘만의 로맨틱,1,,,카니사와 치히로,학산문화사(만화),2024-10,5400,10.0,1356,742,2026-09-01T10:41:52+09:00
400730154,1초 24,1초,24,,,시니,영컴(YOUNG COM),2026-08,15120,,910,743,2026-09-01T10:41:52+09:00
340310033,블리치 리믹스 3,블리치 리믹스,3,,,쿠보 타이토,서울미디어코믹스(서울문화사),2024-05,10800,10.0,998,744,2026-09-01T10:41:52+09:00
399925554,최애의 성벽이 너무 위험하다고요! 1,최애의 성벽이 너무 위험하다고요!,1,,- BB코믹스,하루지ON,㈜소미미디어,2026-08,5850,,850,745,2026-09-01T10:41:52+09:00
400585962,특별한 도라에몽 : 언제나 마음속에 친구 편 9,특별한 도라에몽 : 언제나 마음속에 친구 편,9,,,후지코 F. 후지오,대원씨아이(만화),2026-08,8100,,1030,746,2026-09-01T10:41:52+09:00
400585852,택배기사 형이랑 잘 될 수 있을까?,택배기사 형이랑 잘 될 수 있을까?,,,- B愛+750,노다 논다,대원씨아이(만화),2026-08,6300,,870,747,2026-09-01T10:41:52+09:00
317300306,못 미더운 악녀입니다만 : ~추궁접서 교체전~ 3,못 미더운 악녀입니다만 : ~추궁접서 교체전~,3,,,EI Ohitsuji,서울미디어코믹스(서울문화사),2023-05,6300,10.0,713,748,2026-09-01T10:41:52+09:00
398200687,톰 폭스의 옷을 입은 캐릭터 드로잉 : 옷과 주름 그리기 워크북,톰 폭스의 옷을 입은 캐릭터 드로잉 : 옷과 주름 그리기 워크북,,,,톰 폭스,한즈미디어(한스미디어),2026-07,19800,,675,749,2026-09-01T10:41:52+09:00
400585953,떨거지 인어 디아나 1,떨거지 인어 디아나,1,,- S코믹스,스아마,㈜소미미디어,2026-08,6300,,630,750,2026-09-01T10:41:52+09:00
400001026,사자나미 군이 가장 싫어하는 남자,사자나미 군이 가장 싫어하는 남자,,,,오기,인디고,2026-08,5850,,750,751,2026-09-01T10:41:52+09:00
398443139,데스 노트 Death Note 4,데스 노트 Death Note,4,,,오바 츠구미,대원씨아이(만화),2005-06,6300,,680,752,2026-09-01T10:41:52+09:00
400662517,특급 알파가 사랑한 오메가,특급 알파가 사랑한 오메가,,,,Ayumi Kannami,서울미디어코믹스(서울문화사),2026-08,7650,,520,753,2026-09-01T10:41:52+09:00
400856418,미와 씨 행세를 합니다 14,미와 씨 행세를 합니다,14,,,아오키 유헤이,대원씨아이(만화),2026-08,5850,,420,754,2026-09-01T10:41:52+09:00
400624765,장송의 프리렌 9,장송의 프리렌,9,,,야마다 카네히토,학산문화사(만화),2022-12,6300,,530,755,2026-09-01T10:41:52+09:00
400708005,신에게 맹세코 거짓입니다 2,신에게 맹세코 거짓입니다,2,,,마츠모토 스이세이,대원씨아이(만화),2026-08,6300,,430,756,2026-09-01T10:41:52+09:00
395477065,역사에 남을 악녀가 될 거야 5,역사에 남을 악녀가 될 거야,5,,- ~악역 영애가 될수록 왕자의 사랑이 가속하는 것 같습니다!~,호시 아카리,서울미디어코믹스(서울문화사),2026-06,5400,10.0,375,757,2026-09-01T10:41:52+09:00
400707987,순애 러브하울링,순애 러브하울링,,,- B愛+751,시에로,대원씨아이(만화),2026-08,5850,,370,758,2026-09-01T10:41:52+09:00
401052841,만화 이상적인 기둥서방 생활 10,만화 이상적인 기둥서방 생활,10,,,히노츠키 네코,길찾기,2026-08,6300,,410,759,2026-09-01T10:41:52+09:00
401247959,내일은 어느 쪽! 12,내일은 어느 쪽!,12,,- 코믹 라르고 Comic Largo,야마모토 코테츠코,조은세상(북두),2026-09,5400,,610,760,2026-09-01T10:41:52+09:00
361704320,여학교의 별 4,여학교의 별,4,,,와야마 야마,문학동네,2025-03,7650,9.8,28586,761,2026-09-01T10:41:52+09:00
350992427,팬텀 버스터즈 1,팬텀 버스터즈,1,,- S코믹스,네오쇼코,㈜소미미디어,2024-11,5850,9.4,13309,762,2026-09-01T10:41:52+09:00
385521459,체인소 맨 22,체인소 맨,22,,,후지모토 타츠키,학산문화사(만화),2026-02,5400,10.0,12867,763,2026-09-01T10:41:52+09:00
284699967,귀멸의 칼날 외전,귀멸의 칼날 외전,,,,히라노 료지,학산문화사(만화),2021-12,5400,9.8,10210,764,2026-09-01T10:41:52+09:00
309270072,후지모토 타츠키 단편집 17-21,후지모토 타츠키 단편집,17-21,,,후지모토 타츠키,학산문화사(만화),2023-01,5400,8.6,9773,765,2026-09-01T10:41:52+09:00
379004652,열혈강호 94,열혈강호,94,,,전극진,대원씨아이(만화),2025-11,4950,9.2,9515,766,2026-09-01T10:41:52+09:00
252254600,귀멸의 칼날 : 공식 팬북 귀살대 견문록,귀멸의 칼날 : 공식 팬북 귀살대 견문록,,,,고토게 코요하루,학산문화사(만화),2020-09,8550,9.6,9496,767,2026-09-01T10:41:52+09:00
215083221,스파이 패밀리 1,스파이 패밀리,1,,,엔도 타츠야,학산문화사(만화),2019-11,5400,9.7,9421,768,2026-09-01T10:41:52+09:00
387670769,팬텀 버스터즈 6,팬텀 버스터즈,6,,- S코믹스,네오쇼코,㈜소미미디어,2026-03,5850,9.8,8887,769,2026-09-01T10:41:52+09:00
384918469,루리 드래곤 4,루리 드래곤,4,,,신도 마사오키,서울미디어코믹스(서울문화사),2026-01,5400,9.6,8689,770,2026-09-01T10:41:52+09:00
387232917,모모세 아키라의 첫사랑 파탄 중 4 (트리플 특전판),모모세 아키라의 첫사랑 파탄 중,4,트리플 특전판,- 스페셜 아크릴 일러스트 카드(1종) + 반전 매력의 양면 일러스트 카드(2종),하레카와 신타,서울미디어코믹스(서울문화사),2026-02,6750,10.0,8433,771,2026-09-01T10:41:52+09:00
373273268,히카루가 죽은 여름 7,히카루가 죽은 여름,7,,- SL Comic,모쿠모쿠렌,디앤씨미디어(주)(D&C미디어),2025-10,5850,9.6,8523,772,2026-09-01T10:41:52+09:00
395358108,찍히지 않습니다 6,찍히지 않습니다,6,,"- S코믹스 /초판 한정 일러스트 카드, 폴라로이드 사진풍 카드 2종",코노시마 루카,㈜소미미디어,2026-06,6300,10.0,8025,773,2026-09-01T10:41:52+09:00
374276000,마남 이치 2 (더블 특전판),마남 이치,2,더블 특전판,- 홀로그램 일러스트 카드 1종 + 일러스트 책갈피 3종,유사자키 시로,서울미디어코믹스(서울문화사),2025-10,6300,9.6,7797,774,2026-09-01T10:41:52+09:00
382045769,모모세 아키라의 첫사랑 파탄 중 3 (트리플 특전판),모모세 아키라의 첫사랑 파탄 중,3,트리플 특전판,- 홀로그램 일러스트 카드(1종) + 반전 매력의 양면 일러스트 카드(2종),하레카와 신타,서울미디어코믹스(서울문화사),2025-12,6750,9.8,7545,775,2026-09-01T10:41:52+09:00
295225480,귀멸의 칼날 22,귀멸의 칼날,22,,,고토게 코요하루,학산문화사(만화),2021-01,5400,,7624,776,2026-09-01T10:41:52+09:00
383612098,타몬 군 지금 어느 쪽?! 11,타몬 군 지금 어느 쪽?!,11,,,시와스 유키,학산문화사(만화),2026-01,5400,10.0,7528,777,2026-09-01T10:41:52+09:00
303424817,주술회전 20,주술회전,20,,- 센다이 -연회 중반-,아쿠타미 게게,서울미디어코믹스(서울문화사),2022-10,5400,9.8,7450,778,2026-09-01T10:41:52+09:00
303306489,망그러진 만화 1,망그러진 만화,1,,- 망그러진 곰과 햄터의 귀염뽀짝 일상다반사!,유랑,좋은생각,2022-11,15120,9.9,7271,779,2026-09-01T10:41:52+09:00
398836243,TV애니메이션 주술회전 회옥·옥절/시부야 사변 공식 가이드북,TV애니메이션 주술회전 회옥·옥절/시부야 사변 공식 가이드북,,,- 초판 한정 : 책갈피 2종,아쿠타미 게게,서울미디어코믹스(서울문화사),2026-07,24300,10.0,7300,780,2026-09-01T10:41:52+09:00
329014950,히카루가 죽은 여름 3,히카루가 죽은 여름,3,,- SL Comic,모쿠모쿠렌,디앤씨미디어(주)(D&C미디어),2023-12,5400,9.8,7204,781,2026-09-01T10:41:52+09:00
392519237,길고양이와 늑대 6,길고양이와 늑대,6,,,미츠바치 미유키,학산문화사(만화),2026-05,5400,9.9,6640,782,2026-09-01T10:41:52+09:00
304249889,귀멸의 칼날 1~23 박스 세트 - 전23권 (완결),귀멸의 칼날 1~23 박스 세트 - 전23권 (완결),,,,고토게 코요하루,학산문화사(만화),2022-11,124200,6.0,6764,783,2026-09-01T10:41:52+09:00
365660227,모 이야기 2,모 이야기,2,,,최연주,엣눈북스(atnoonbooks),2025-06,20700,9.1,6670,784,2026-09-01T10:41:52+09:00
393717336,문호 스트레이독스 27,문호 스트레이독스,27,,"- 노엔 코믹스 /초판한정 : 띠지, 일러스트 카드",아사기리 카프카,데이즈엔터(주),2026-06,5400,10.0,6290,785,2026-09-01T10:41:52+09:00
370615925,향기로운 꽃은 늠름하게 핀다 15,향기로운 꽃은 늠름하게 핀다,15,,,미카미 사카,대원씨아이(만화),2025-08,5400,,6348,786,2026-09-01T10:41:52+09:00
380080135,봇치·더·록! 외전 히로이 키쿠리의 과음일기 4,봇치·더·록! 외전 히로이 키쿠리의 과음일기,4,,,쿠미쵸,대원씨아이(만화),2025-12,8100,10.0,6190,787,2026-09-01T10:41:52+09:00
149320447,던전밥 6,던전밥,6,,- S코믹스,쿠이 료코,㈜소미미디어,2018-06,6300,9.4,6246,788,2026-09-01T10:41:52+09:00
345263957,카구라바치 1,카구라바치,1,,,호카조노 타케루,대원씨아이(만화),2024-08,5850,9.2,6167,789,2026-09-01T10:41:52+09:00
329151499,봄의 폭풍과 몬스터 2,봄의 폭풍과 몬스터,2,,,미츠바치 미유키,학산문화사(만화),2023-11,5400,9.7,6045,790,2026-09-01T10:41:52+09:00
6475285,이토 준지의 고양이일기 욘&무,이토 준지의 고양이일기 욘&무,,,,이토 준지,대원씨아이(만화),2010-02,5400,8.6,5982,791,2026-09-01T10:41:52+09:00
354350771,사카모토 데이즈 11,사카모토 데이즈,11,,- 한 방,스즈키 유우토,대원씨아이(만화),2023-06,5850,,5933,792,2026-09-01T10:41:52+09:00
304252422,귀멸 학원! 2,귀멸 학원!,2,,,호카미 나츠키,학산문화사(만화),2022-11,5400,8.0,6072,793,2026-09-01T10:41:52+09:00
388349538,카구라바치 9 (특별판),카구라바치,9,특별판,"- 토비무네, 아크릴 스탠드 2종 + 자개풍 홀로그램 아크릴 코스터 1종 + 화투풍 능력카드 4종 + 갤러리 보드 1종 + 후가공 일러스트카드 1종 + 렌티큘러 카드 1종 + 초판한정 일러스트 시네마 티켓 1종 + 더블특전 요도 계약자 pp 북마크",호카조노 타케루,대원씨아이(만화),2026-03,35550,10.0,5681,794,2026-09-01T10:41:52+09:00
328897066,귀멸 학원! 4,귀멸 학원!,4,,,호카미 나츠키,학산문화사(만화),2023-11,5400,10.0,5742,795,2026-09-01T10:41:52+09:00
290968392,아름다운 초저녁달 2,아름다운 초저녁달,2,,,야마모리 미카,학산문화사(만화),2022-03,5400,10.0,5811,796,2026-09-01T10:41:52+09:00
67153695,기븐 1,기븐,1,,- 뉴 루비코믹스 1740,키즈 나츠키,현대지능개발사,2015-09,4950,9.2,5581,797,2026-09-01T10:41:52+09:00
357701937,사카모토 데이즈 10,사카모토 데이즈,10,,- 재회,스즈키 유우토,대원씨아이(만화),2023-05,5850,,5643,798,2026-09-01T10:41:52+09:00
379454044,학생회에도 구멍은 있다! 공식 풀컬러판 : 《생구멍 셀렉션!》,학생회에도 구멍은 있다! 공식 풀컬러판 : 《생구멍 셀렉션!》,,,- S코믹스,무치마로,㈜소미미디어,2025-12,10800,9.6,5465,799,2026-09-01T10:41:52+09:00
372712759,쓰레기 기둥서방 하나 군은 죽고 싶어 해 2,쓰레기 기둥서방 하나 군은 죽고 싶어 해,2,,,아메코,대원씨아이(만화),2025-09,5850,9.3,5291,800,2026-09-01T10:41:52+09:00
354788974,사카모토 데이즈 12,사카모토 데이즈,12,,- 크랭크 인,스즈키 유우토,대원씨아이(만화),2023-09,5850,,5324,801,2026-09-01T10:41:52+09:00
226966203,그 비스크 돌은 사랑을 한다 2,그 비스크 돌은 사랑을 한다,2,,- S코믹스,후쿠다 신이치,㈜소미미디어,2020-01,6300,9.0,5413,802,2026-09-01T10:41:52+09:00
397362768,가끔씩 툭하고 러시아어로 부끄러워하는 옆자리의 아랴 양 11,가끔씩 툭하고 러시아어로 부끄러워하는 옆자리의 아랴 양,11,,"- L Novel /초판 한정 특전 : 띠지, 책갈피, 양면 표지, 폴라로이드 카드 1종",SUN SUN SUN,디앤씨미디어(주)(D&C미디어),2026-07,7650,,5355,803,2026-09-01T10:41:52+09:00
393112792,비실비실 선생님 13,비실비실 선생님,13,,,후쿠치 카미오,대원씨아이(만화),2026-05,5850,10.0,5225,804,2026-09-01T10:41:52+09:00
383611991,메달리스트 13,메달리스트,13,,,츠루마이카다,학산문화사(만화),2026-01,5400,9.6,5183,805,2026-09-01T10:41:52+09:00
314077334,헌터x헌터 HunterXHunter 신장판 4,헌터x헌터 HunterXHunter 신장판,4,,,토가시 요시히로,학산문화사(만화),2013-08,5400,,5018,806,2026-09-01T10:41:52+09:00
297863750,헌터x헌터 HunterXHunter 신장판 5,헌터x헌터 HunterXHunter 신장판,5,,,토가시 요시히로,학산문화사(만화),2013-10,5400,,4982,807,2026-09-01T10:41:52+09:00
388015005,도나츠와 서커스 1~2 완결 스페셜 세트 - 전2권,도나츠와 서커스 1~2 완결 스페셜 세트 - 전2권,,,,오븐,네이버웹툰,2026-05,32400,,4915,808,2026-09-01T10:41:52+09:00
311362968,헌터x헌터 HunterXHunter 신장판 6,헌터x헌터 HunterXHunter 신장판,6,,,토가시 요시히로,학산문화사(만화),2013-10,5400,10.0,4821,809,2026-09-01T10:41:52+09:00
387582084,타워 던전 4,타워 던전,4,,,니헤이 츠토무,학산문화사(만화),2026-03,6300,10.0,5088,810,2026-09-01T10:41:52+09:00
301708653,주술회전 11,주술회전,11,,,아쿠타미 게게,서울미디어코믹스(서울문화사),2021-01,5400,,4728,811,2026-09-01T10:41:52+09:00
340823801,봄의 폭풍과 몬스터 4,봄의 폭풍과 몬스터,4,,,미츠바치 미유키,학산문화사(만화),2024-06,5400,10.0,4705,812,2026-09-01T10:41:52+09:00
297902517,헌터x헌터 HunterXHunter 신장판 10,헌터x헌터 HunterXHunter 신장판,10,,,토가시 요시히로,학산문화사(만화),2014-04,5400,,4389,813,2026-09-01T10:41:52+09:00
367919526,마루는 강쥐 7,마루는 강쥐,7,,,모죠,문페이스,2025-07,14400,,4534,814,2026-09-01T10:41:52+09:00
315823527,헌터x헌터 HunterXHunter 신장판 9,헌터x헌터 HunterXHunter 신장판,9,,,토가시 요시히로,학산문화사(만화),2014-04,5400,,4306,815,2026-09-01T10:41:52+09:00
314077483,헌터x헌터 HunterXHunter 신장판 8,헌터x헌터 HunterXHunter 신장판,8,,,토가시 요시히로,학산문화사(만화),2014-01,5400,,4257,816,2026-09-01T10:41:52+09:00
105525838,공각기동대 -MANMACHINE INTERFACE-,공각기동대 -MANMACHINE INTERFACE-,,,,시로 마사무네,대원씨아이(만화),2017-03,14400,7.7,4380,817,2026-09-01T10:41:52+09:00
281358410,원피스 1,원피스,1,,- 동터오는 모험시대,오다 에이치로,대원씨아이(만화),2008-03,4950,10.0,4124,818,2026-09-01T10:41:52+09:00
135438370,기븐 4,기븐,4,,- 뉴 루비코믹스 2133,키즈 나츠키,현대지능개발사,2018-02,4950,8.7,4342,819,2026-09-01T10:41:52+09:00
387708220,블루 록 : Episode 나기 8,블루 록 : Episode 나기,8,,- 완결,산노미야 코타,학산문화사(만화),2026-03,5400,10.0,4113,820,2026-09-01T10:41:52+09:00
199996910,기븐 5,기븐,5,,- 뉴 루비코믹스 2350,키즈 나츠키,현대지능개발사,2019-07,5400,9.6,4244,821,2026-09-01T10:41:52+09:00
303283805,진격의 거인 1~17 박스 세트 Part 1 - 전17권,진격의 거인 1~17 박스 세트 Part 1 - 전17권,,,- PVC카드 17매 동봉,이사야마 하지메,학산문화사(만화),2022-10,91800,10.0,4028,822,2026-09-01T10:41:52+09:00
317503708,신부이야기 14,신부이야기,14,,,모리 카오루,대원씨아이(만화),2023-05,7200,9.9,4135,823,2026-09-01T10:41:52+09:00
367953506,얼굴만으론 좋아할 수 없어요 14,얼굴만으론 좋아할 수 없어요,14,,,안자이 카린,서울미디어코믹스(서울문화사),2025-07,5400,,4125,824,2026-09-01T10:41:52+09:00
337105332,Veil 1,Veil,1,,"- S코믹스, JAPAN EXPO 최우수작화상, 최우수장정상 수상",코테리,㈜소미미디어,2024-04,11520,9.2,4168,825,2026-09-01T10:41:52+09:00
280309364,신부이야기 13,신부이야기,13,,,모리 카오루,대원씨아이(만화),2021-09,7200,9.6,3994,826,2026-09-01T10:41:52+09:00
344254532,GACHIAKUTA 6,GACHIAKUTA,6,,,케이 우라나,학산문화사(만화),2024-08,5400,10.0,3901,827,2026-09-01T10:41:52+09:00
385522283,운명의 사람을 만나는 이야기 7,운명의 사람을 만나는 이야기,7,,,아나신,학산문화사(만화),2026-02,5400,9.9,4010,828,2026-09-01T10:41:52+09:00
393803131,"밟고, 차고, 사랑하고 6","밟고, 차고, 사랑하고",6,,,이치야 스미,대원씨아이(만화),2026-05,4950,9.7,3890,829,2026-09-01T10:41:52+09:00
320877909,꿈빛 파티시엘 신장판 12,꿈빛 파티시엘 신장판,12,,- 완결,마츠모토 나츠미,대원씨아이(만화),2023-07,5400,,3885,830,2026-09-01T10:41:52+09:00
328754603,아름다운 초저녁달 6,아름다운 초저녁달,6,,,야마모리 미카,학산문화사(만화),2023-11,5400,9.9,4175,831,2026-09-01T10:41:52+09:00
359520421,극락가 2,극락가,2,,,사노 유토,대원씨아이(만화),2024-02,5850,,3835,832,2026-09-01T10:41:52+09:00
320877802,꿈빛 파티시엘 신장판 11,꿈빛 파티시엘 신장판,11,,,마츠모토 나츠미,대원씨아이(만화),2023-07,5400,10.0,3749,833,2026-09-01T10:41:52+09:00
362628387,사카모토 데이즈 18,사카모토 데이즈,18,,,스즈키 유우토,대원씨아이(만화),2024-11,5850,,3785,834,2026-09-01T10:41:52+09:00
362015779,사카모토 데이즈 비기너즈 팩 Vol.2 : 4~6 합본 세트,사카모토 데이즈 비기너즈 팩 Vol.2 : 4~6 합본 세트,,,- 나구모 홀로그램 카드 1종 + 일러스트 포스트카드 3종,스즈키 유우토,대원씨아이(만화),2025-04,17550,10.0,3644,835,2026-09-01T10:41:52+09:00
369868455,야쿠자 때문에 목욕탕에서 일하고 있습니다 2,야쿠자 때문에 목욕탕에서 일하고 있습니다,2,,- 루나 코믹스,타카시,㈜소미미디어,2025-08,5850,9.8,3718,836,2026-09-01T10:41:52+09:00
337393287,내 마음의 위험한 녀석 9,내 마음의 위험한 녀석,9,,- S코믹스,사쿠라이 노리오,㈜소미미디어,2024-04,6300,9.8,3549,837,2026-09-01T10:41:52+09:00
298203594,나루토 Naruto 3,나루토 Naruto,3,,,키시모토 마사시,대원씨아이(만화),2000-11,4950,,3393,838,2026-09-01T10:41:52+09:00
388858246,야쿠자 때문에 목욕탕에서 일하고 있습니다 3,야쿠자 때문에 목욕탕에서 일하고 있습니다,3,,,타카시,㈜소미미디어,2026-04,5850,9.9,3457,839,2026-09-01T10:41:52+09:00
397294900,비교하고 검토하는 교열부의 쿠쥬 씨 2,비교하고 검토하는 교열부의 쿠쥬 씨,2,,,고이시 유카,서교책방,2026-07,11520,10.0,3495,840,2026-09-01T10:41:52+09:00
298280625,헌터x헌터 HunterXHunter 신장판 15,헌터x헌터 HunterXHunter 신장판,15,,,토가시 요시히로,학산문화사(만화),2015-04,5400,,3455,841,2026-09-01T10:41:52+09:00
298280477,헌터x헌터 HunterXHunter 신장판 21,헌터x헌터 HunterXHunter 신장판,21,,,토가시 요시히로,학산문화사(만화),2016-06,5400,,3333,842,2026-09-01T10:41:52+09:00
295224714,귀멸의 칼날 6,귀멸의 칼날,6,,,고토게 코요하루,학산문화사(만화),2018-10,5400,,3519,843,2026-09-01T10:41:52+09:00
322441168,꿈빛 파티시엘 신장판 4,꿈빛 파티시엘 신장판,4,,,마츠모토 나츠미,대원씨아이(만화),2023-08,5400,,3327,844,2026-09-01T10:41:52+09:00
307010808,지. : 지구의 운동에 대하여 3,지. : 지구의 운동에 대하여,3,,,우오토,문학동네,2022-12,7200,9.5,3371,845,2026-09-01T10:41:52+09:00
356090755,그리고 마녀는 숲으로 갔다 2,그리고 마녀는 숲으로 갔다,2,,- 완결,산호,고블,2025-02,21600,9.9,3160,846,2026-09-01T10:41:52+09:00
322441190,꿈빛 파티시엘 신장판 5,꿈빛 파티시엘 신장판,5,,,마츠모토 나츠미,대원씨아이(만화),2023-08,5400,,3272,847,2026-09-01T10:41:52+09:00
241030899,소녀종말여행 1~6 박스 세트 - 전6권 (엽서 세트 포함),소녀종말여행 1~6 박스 세트 - 전6권 (엽서 세트 포함),,,- 완결,츠쿠미즈,학산문화사(만화),2020-06,36000,9.6,3326,848,2026-09-01T10:41:52+09:00
294498008,블루 록 1,블루 록,1,,,노무라 유스케,학산문화사(만화),2020-11,5400,10.0,3258,849,2026-09-01T10:41:52+09:00
391350801,나나 NANA 완전판 8,나나 NANA 완전판,8,,"- 초판 한정: PP엽서 1종, 포토카드 1종",야자와 아이,학산문화사(만화),2026-04,10800,,3278,850,2026-09-01T10:41:52+09:00
337506090,삼색 고양이 모부는 캔 부자가 되고 싶어,삼색 고양이 모부는 캔 부자가 되고 싶어,,,,쿠로야마 캐시 램,AK(에이케이)커뮤니케이션즈,2024-04,10620,9.6,3301,851,2026-09-01T10:41:52+09:00
353581099,내 마음의 위험한 녀석 10,내 마음의 위험한 녀석,10,,- S코믹스,사쿠라이 노리오,㈜소미미디어,2024-12,6300,9.2,3173,852,2026-09-01T10:41:52+09:00
379954205,팔견전 24,팔견전,24,,"- 동방팔견이문, S코믹스, 완결",아베 미유키,㈜소미미디어,2025-12,5400,8.5,3262,853,2026-09-01T10:41:52+09:00
298051313,헌터x헌터 HunterXHunter 신장판 26,헌터x헌터 HunterXHunter 신장판,26,,,토가시 요시히로,학산문화사(만화),2016-08,5400,,3224,854,2026-09-01T10:41:52+09:00
398870503,더 죠죠랜즈 3 : 돈벌이할 시간,더 죠죠랜즈 3 : 돈벌이할 시간,,,- 죠죠의 기묘한 모험 Part 9,아라키 히로히코,문학동네,2026-07,7200,10.0,3045,855,2026-09-01T10:41:52+09:00
195325312,일러스트와 만화를 위한 구도 노하우,일러스트와 만화를 위한 구도 노하우,,,,마츠오카 신지,영진.com(영진닷컴),2019-06,15300,7.5,3329,856,2026-09-01T10:41:52+09:00
392471811,전생했더니 슬라임이었던 건에 대하여 30,전생했더니 슬라임이었던 건에 대하여,30,,- S코믹스,카와카미 타이키,㈜소미미디어,2026-05,6300,10.0,3160,857,2026-09-01T10:41:52+09:00
390243150,장송의 프리렌 12,장송의 프리렌,12,,,야마다 카네히토,학산문화사(만화),2024-07,6300,,3041,858,2026-09-01T10:41:52+09:00
398872148,K-9 경시청 공안부 공안제9과 이능력 대책반 3,K-9 경시청 공안부 공안제9과 이능력 대책반,3,,,오쿠야마 테츠야,대원씨아이(만화),2026-07,6300,10.0,2975,859,2026-09-01T10:41:52+09:00
318156190,얼굴만으론 좋아할 수 없어요 7,얼굴만으론 좋아할 수 없어요,7,,,안자이 카린,서울미디어코믹스(서울문화사),2023-06,5400,10.0,3018,860,2026-09-01T10:41:52+09:00
394099586,금색의 갓슈 5 (2기),금색의 갓슈 5 (2기),,,,라이쿠 마코토,대원씨아이(만화),2026-05,9000,9.9,3000,861,2026-09-01T10:41:52+09:00
369055987,사카모토 데이즈 21 : NAGUMO DIYS 특별판,사카모토 데이즈 21 : NAGUMO DIYS 특별판,,,- DIY 아크릴 디오라마 스탠드 1세트 + DIY 아크릴 참 3종 + DIY 아크릴 포토 프레임 1세트 + 컬러 포토 카드 4종 + 모노크롬 스티커팩 1종 + 스페셜 일러스트 보드 1종 + 네임택 스트랩 1종 + 캔배지 2종 + 구성품 안내지 + 박스,스즈키 유우토,대원씨아이(만화),2025-07,68850,10.0,2871,862,2026-09-01T10:41:52+09:00
383428976,Veil 6,Veil,6,,"- S코믹스, JAPAN EXPO 최우수작화상, 최우수장정상 수상",코테리,㈜소미미디어,2026-01,11520,9.7,2895,863,2026-09-01T10:41:52+09:00
398010173,한구석의 기억 2,한구석의 기억,2,,,키요나가 타마고,빗금,2026-07,6750,10.0,2870,864,2026-09-01T10:41:52+09:00
397818353,너를 너무너무너무너무 좋아하는 100명의 그녀 24,너를 너무너무너무너무 좋아하는 100명의 그녀,24,,,나카무라 리키토,학산문화사(만화),2026-07,5400,,2675,865,2026-09-01T10:41:52+09:00
323288688,내 마음의 위험한 녀석 8,내 마음의 위험한 녀석,8,,- S코믹스,사쿠라이 노리오,㈜소미미디어,2023-09,6300,9.7,2561,866,2026-09-01T10:41:52+09:00
387708182,한밤중 하트튠 10,한밤중 하트튠,10,,,이가라시 마사쿠니,학산문화사(만화),2026-03,5400,9.0,2596,867,2026-09-01T10:41:52+09:00
333689768,건방진 그 녀석 1,건방진 그 녀석,1,,,미츠바치 미유키,학산문화사(만화),2016-03,5400,10.0,2347,868,2026-09-01T10:41:52+09:00
370798859,할렐루야 베이비 1,할렐루야 베이비,1,,,코지마 라라,AK(에이케이)커뮤니케이션즈,2025-08,5850,10.0,2581,869,2026-09-01T10:41:52+09:00
337103761,나 혼자만 레벨업 5,나 혼자만 레벨업,5,,- 만화,장성락(REDICE STUDIO),디앤씨웹툰비즈,2021-10,14400,9.3,2574,870,2026-09-01T10:41:52+09:00
369056766,사카모토 데이즈 21,사카모토 데이즈,21,,- 오늘의 운세,스즈키 유우토,대원씨아이(만화),2025-07,5850,,2466,871,2026-09-01T10:41:52+09:00
388041238,무서운 책 1,무서운 책,1,,- 뱀,우메즈 카즈오,AK(에이케이)커뮤니케이션즈,2026-03,9000,10.0,2452,872,2026-09-01T10:41:52+09:00
304629473,블루 록 6,블루 록,6,,,노무라 유스케,학산문화사(만화),2021-06,5400,,2381,873,2026-09-01T10:41:52+09:00
315743462,얼굴만으론 좋아할 수 없어요 3,얼굴만으론 좋아할 수 없어요,3,,,안자이 카린,서울미디어코믹스(서울문화사),2022-04,5400,,2369,874,2026-09-01T10:41:52+09:00
391724707,명탐정 코난 로맨틱 러버스 셀렉션,명탐정 코난 로맨틱 러버스 셀렉션,,,,아오야마 고쇼,서울미디어코믹스(서울문화사),2026-04,10800,10.0,2229,875,2026-09-01T10:41:52+09:00
396137173,세레나 10,세레나,10,,"- 초판 한정 부록 : 일러스트 엽서 1종, 면지에 작가님 친필 사인(인쇄본)",정이나,네이버웹툰,2026-07,16020,,2385,876,2026-09-01T10:41:52+09:00
397021977,리:블루 6,리:블루,6,,,카세 마츠리,대원씨아이(만화),2026-06,5850,9.9,2185,877,2026-09-01T10:41:52+09:00
378051373,카구라바치 8,카구라바치,8,,,호카조노 타케루,대원씨아이(만화),2025-11,5850,,2345,878,2026-09-01T10:41:52+09:00
336005906,나 혼자만 레벨업 1,나 혼자만 레벨업,1,,- 만화,장성락(REDICE STUDIO),디앤씨웹툰비즈,2019-09,14400,9.3,2442,879,2026-09-01T10:41:52+09:00
323998644,먼작귀 4 (콩알도감 포함 특별판),먼작귀,4,콩알도감 포함 특별판,- 먼가 작고 귀여운 녀석,나가노,미우(대원씨아이),2023-09,21600,6.7,2192,880,2026-09-01T10:41:52+09:00
375449964,노아 선배는 친구 7,노아 선배는 친구,7,,,아키야마 엔마,서울미디어코믹스(서울문화사),2025-10,5850,9.6,2256,881,2026-09-01T10:41:52+09:00
368681375,귀엽다는 말 들은 적 없어!! 10,귀엽다는 말 들은 적 없어!!,10,,,하루후지 나카바,대원씨아이(만화),2025-07,4500,9.8,2163,882,2026-09-01T10:41:52+09:00
349368452,악마에 입문했습니다! 이루마 군 : if Episode of 마피아 2,악마에 입문했습니다! 이루마 군 : if Episode of 마피아,2,,,니시 오사무,서울미디어코믹스(서울문화사),2024-10,5850,9.6,2186,883,2026-09-01T10:41:52+09:00
395531072,장송의 프리렌 13,장송의 프리렌,13,,,야마다 카네히토,학산문화사(만화),2024-12,6300,,2095,884,2026-09-01T10:41:52+09:00
386478518,이 땅에 ADHD로 태어나,이 땅에 ADHD로 태어나,,,,비스카차,유유히,2026-03,17100,10.0,2273,885,2026-09-01T10:41:52+09:00
294260782,팔견전 14,팔견전,14,,"- 동방팔견이문, S코믹스",아베 미유키,㈜소미미디어,2022-05,6300,8.7,2030,886,2026-09-01T10:41:52+09:00
397222553,데포르메 세계 그리는 법,데포르메 세계 그리는 법,,,,시마리스 유키치,잉크잼(잼스푼),2026-07,19800,,1830,887,2026-09-01T10:41:52+09:00
306089896,블루 록 9,블루 록,9,,,노무라 유스케,학산문화사(만화),2022-01,5400,,1985,888,2026-09-01T10:41:52+09:00
301396135,오란고교 호스트부 8,오란고교 호스트부,8,,,하토리 비스코,학산문화사(만화),2011-01,5400,,2016,889,2026-09-01T10:41:52+09:00
314184207,팔견전 16,팔견전,16,,"- 동방팔견이문, S코믹스",아베 미유키,㈜소미미디어,2023-04,6300,9.3,1982,890,2026-09-01T10:41:52+09:00
385521705,벡 Beck 신장판 1,벡 Beck 신장판,1,,,해롤드 사쿠이시,학산문화사(만화),2026-02,10800,6.8,1969,891,2026-09-01T10:41:52+09:00
394841350,장송의 프리렌 6,장송의 프리렌,6,,,야마다 카네히토,학산문화사(만화),2022-03,6300,,1925,892,2026-09-01T10:41:52+09:00
399056149,제도성배기담 Fate/type Redline 6,제도성배기담 Fate/type Redline,6,,- 노엔 코믹스 / 초판한정 특별부록 : 일러스트 카드 + 띠지,히라노 료지,데이즈엔터(주),2026-08,7200,10.0,1980,893,2026-09-01T10:41:52+09:00
326489876,네가 죽을 때까지 사랑하고 싶어 6,네가 죽을 때까지 사랑하고 싶어,6,,,나치 아오노,학산문화사(만화),2023-10,5400,10.0,1947,894,2026-09-01T10:41:52+09:00
328061218,팔견전 17,팔견전,17,,"- 동방팔견이문, S코믹스",아베 미유키,㈜소미미디어,2023-11,6300,,1858,895,2026-09-01T10:41:52+09:00
386453675,아오노 군에게 닿고 싶으니까 죽고 싶어 13,아오노 군에게 닿고 싶으니까 죽고 싶어,13,,,시이나 우미,대원씨아이(만화),2026-02,4950,9.6,1689,896,2026-09-01T10:41:52+09:00
391834809,버그 에고 1,버그 에고,1,,"- S코믹스 /초판 한정 일러스트 카드 2종, 렌티큘러 카드",시타라 키요토,㈜소미미디어,2026-05,6300,10.0,1641,897,2026-09-01T10:41:52+09:00
399782211,평화로운 나라의 시마자키에게 11,평화로운 나라의 시마자키에게,11,,,세시모 타케시,학산문화사(만화),2026-08,5400,10.0,1710,898,2026-09-01T10:41:52+09:00
390658499,외톨이에는 익숙하니까요. 약혼자 방치 중! 3,외톨이에는 익숙하니까요. 약혼자 방치 중!,3,,,하레타 준,대원씨아이(만화),2026-04,6750,9.9,1694,899,2026-09-01T10:41:52+09:00
399381461,종말의 발키리 26,종말의 발키리,26,,,우메무라 신야,대원씨아이(만화),2026-07,4950,10.0,1735,900,2026-09-01T10:41:52+09:00
395386354,무서운 책 4,무서운 책,4,,- 주박,우메즈 카즈오,AK(에이케이)커뮤니케이션즈,2026-06,9000,,1680,901,2026-09-01T10:41:52+09:00
302960457,팔견전 15,팔견전,15,,"- 동방팔견이문, S코믹스",아베 미유키,㈜소미미디어,2022-10,6300,7.6,1737,902,2026-09-01T10:41:52+09:00
399451834,"신 울어라, 펜 11","신 울어라, 펜",11,,,시마모토 카즈히코,미우(대원씨아이),2026-07,9000,10.0,1565,903,2026-09-01T10:41:52+09:00
397818393,카모노하시 론의 금단추리 17,카모노하시 론의 금단추리,17,,,아마노 아키라,학산문화사(만화),2026-07,5400,,1705,904,2026-09-01T10:41:52+09:00
342128566,주말엔 숲으로,주말엔 숲으로,,,,마스다 미리,이봄,2024-06,11700,9.3,1554,905,2026-09-01T10:41:52+09:00
387294608,데스 노트 Death Note 13,데스 노트 Death Note,13,,,오바 츠구미,대원씨아이(만화),2006-12,9000,,1507,906,2026-09-01T10:41:52+09:00
387254198,블리치 리믹스 15,블리치 리믹스,15,,,쿠보 타이토,서울미디어코믹스(서울문화사),2026-02,10800,9.5,1492,907,2026-09-01T10:41:52+09:00
322947468,아인 13,아인,13,,,사쿠라이 가몬,학산문화사(만화),2019-03,5400,,1503,908,2026-09-01T10:41:52+09:00
313562788,진격의 거인 13,진격의 거인,13,,,이사야마 하지메,학산문화사(만화),2014-05,5400,,1587,909,2026-09-01T10:41:52+09:00
316395931,진격의 거인 15,진격의 거인,15,,,이사야마 하지메,학산문화사(만화),2015-01,5400,,1552,910,2026-09-01T10:41:52+09:00
337798928,새디스틱 뷰티 : 외전 A,새디스틱 뷰티 : 외전 A,,,,우연희,봄툰,2024-01,16200,10.0,1427,911,2026-09-01T10:41:52+09:00
318149027,베르세르크 11,베르세르크,11,,,미우라 켄타로,대원씨아이(만화),2000-04,4950,,1378,912,2026-09-01T10:41:52+09:00
396563330,노이지 룸메이트 6,노이지 룸메이트,6,,,오자키 카호,대원씨아이(만화),2026-06,5400,10.0,1405,913,2026-09-01T10:41:52+09:00
329904871,진격의 거인 12,진격의 거인,12,,,이사야마 하지메,학산문화사(만화),2014-01,5400,,1387,914,2026-09-01T10:41:52+09:00
397123611,파랑과 아지랑이 1,파랑과 아지랑이,1,,- BB허니밀크코믹스,돈돈,㈜소미미디어,2026-07,5850,,1225,915,2026-09-01T10:41:52+09:00
271061787,비밀알바 : 도망금지 1,비밀알바 : 도망금지,1,,,다구치 쇼타로,문학동네,2021-05,8550,8.9,1179,916,2026-09-01T10:41:52+09:00
387323690,패배 히로인이 너무 많아! @comic 2,패배 히로인이 너무 많아! @comic,2,,,이타치,재담,2026-02,6300,,1435,917,2026-09-01T10:41:52+09:00
331073570,진격의 거인 11,진격의 거인,11,,,이사야마 하지메,학산문화사(만화),2013-09,5400,,1329,918,2026-09-01T10:41:52+09:00
400543325,쿠로이와 메다카에게 내 귀여움이 통하지 않아 23,쿠로이와 메다카에게 내 귀여움이 통하지 않아,23,,,쿠제 란,대원씨아이(만화),2026-08,5400,10.0,1330,919,2026-09-01T10:41:52+09:00
278587704,비밀알바 : 도망금지 2,비밀알바 : 도망금지,2,,,다구치 쇼타로,문학동네,2021-08,8550,9.0,1152,920,2026-09-01T10:41:52+09:00
400007223,버림받은 공작 부인은 평온한 생활을 희망합니다 1,버림받은 공작 부인은 평온한 생활을 희망합니다,1,,- ROSY,카레야타미에,미스터블루,2026-08,9900,,1230,921,2026-09-01T10:41:52+09:00
399045968,SCP가 뭔가요? 2,SCP가 뭔가요?,2,,,하치훈,대원씨아이(만화),2026-07,5850,10.0,1155,922,2026-09-01T10:41:52+09:00
399782322,매리지 톡신 15,매리지 톡신,15,,,쥬 먀쿠,학산문화사(만화),2026-08,5400,10.0,1270,923,2026-09-01T10:41:52+09:00
397620794,장송의 프리렌 3,장송의 프리렌,3,,,야마다 카네히토,학산문화사(만화),2021-12,6300,,1205,924,2026-09-01T10:41:52+09:00
391649024,페이백 6,페이백,6,,- 초판 한정 : 포토카드 + 판 스티커,푸죠킹,봄툰,2026-04,15300,,1224,925,2026-09-01T10:41:52+09:00
370934076,동인녀의 감정 1 : 동인판,동인녀의 감정 1 : 동인판,,,,사나다 츠즈루,길찾기,2025-09,7200,9.8,1222,926,2026-09-01T10:41:52+09:00
399452036,핑크 하트 잼 beat 2,핑크 하트 잼 beat,2,,- B愛+745,싯케,대원씨아이(만화),2026-07,5850,,1150,927,2026-09-01T10:41:52+09:00
304439735,격기 3반 4,격기 3반,4,,- 남일고등학교 격투기 특기반,이학,대원씨아이(만화),2018-09,4950,,1182,928,2026-09-01T10:41:52+09:00
395962610,룸 투어즈 1,룸 투어즈,1,,,마츠모토 토모,서울미디어코믹스(서울문화사),2026-06,5400,9.5,1075,929,2026-09-01T10:41:52+09:00
399543570,이우일의 만화 그리스로마 신화 3,이우일의 만화 그리스로마 신화,3,,- 오뒷세우스,이우일,비채,2026-07,20250,,1185,930,2026-09-01T10:41:52+09:00
400006895,내가 죽을 뿐인 100가지 괴담 2,내가 죽을 뿐인 100가지 괴담,2,,"- 노엔 코믹스 / 초판한정 특별부록 : 일러스트 카드, 띠지",마토노 안지,데이즈엔터(주),2026-08,7200,10.0,1050,931,2026-09-01T10:41:52+09:00
398896498,약사의 혼잣말 1,약사의 혼잣말,1,,- 카니발 플러스,휴우가 나츠,학산문화사(단행본),2026-07,9000,,1045,932,2026-09-01T10:41:52+09:00
393162271,데스 노트 Death Note 2,데스 노트 Death Note,2,,,오바 츠구미,대원씨아이(만화),2004-12,6300,,1075,933,2026-09-01T10:41:52+09:00
351722750,단둘만의 로맨틱 2,단둘만의 로맨틱,2,,,카니사와 치히로,학산문화사(만화),2024-11,5400,10.0,1373,934,2026-09-01T10:41:52+09:00
400543277,어떤 마술의 금서목록 33,어떤 마술의 금서목록,33,,,카마치 카즈마,대원씨아이(만화),2026-08,4950,,950,935,2026-09-01T10:41:52+09:00
398811109,미열공간 6,미열공간,6,,,아오키 우메,대원씨아이(만화),2026-07,6750,,955,936,2026-09-01T10:41:52+09:00
334128695,사랑해 게임을 끝내고 싶어 4,사랑해 게임을 끝내고 싶어,4,,,도모토 유키,학산문화사(만화),2024-02,5400,,859,937,2026-09-01T10:41:52+09:00
355732920,단둘만의 로맨틱 3,단둘만의 로맨틱,3,,- 완결,카니사와 치히로,학산문화사(만화),2025-01,5400,10.0,1299,938,2026-09-01T10:41:52+09:00
388432928,데스 노트 Death Note 12,데스 노트 Death Note,12,,,오바 츠구미,대원씨아이(만화),2006-12,6300,,835,939,2026-09-01T10:41:52+09:00
399405822,볼 앤 체인 2,볼 앤 체인,2,,,미나미 큐타,문학동네,2026-07,8100,,940,940,2026-09-01T10:41:52+09:00
399045597,이세계 사정은 사축하기 나름 7,이세계 사정은 사축하기 나름,7,,- B愛 340,이로도리 카즈키,대원씨아이(만화),2026-07,6300,,1000,941,2026-09-01T10:41:52+09:00
393823551,데스 노트 Death Note 8,데스 노트 Death Note,8,,,오바 츠구미,대원씨아이(만화),2011-01,6300,,825,942,2026-09-01T10:41:52+09:00
395357125,호스트와 사축 1,호스트와 사축,1,,,가와지리 미쓰루,학산문화사(만화),2026-06,6300,,860,943,2026-09-01T10:41:52+09:00
399470005,창작자를 위한 판타지 용어 사전,창작자를 위한 판타지 용어 사전,,,"- 마법부터 연금술까지, 상상력을 깨우는 환상의 지식서",A&F,므큐,2026-07,19800,,835,944,2026-09-01T10:41:52+09:00
400593960,기계 인간 마리 플러스 2,기계 인간 마리 플러스,2,,- 완결,아키모토 아키,서울미디어코믹스(서울문화사),2026-08,5850,10.0,710,945,2026-09-01T10:41:52+09:00
400585960,특별한 도라에몽 : 쿵짜라♪ 울려퍼지는 음악 편 8,특별한 도라에몽 : 쿵짜라♪ 울려퍼지는 음악 편,8,,,후지코 F. 후지오,대원씨아이(만화),2026-08,8100,,840,946,2026-09-01T10:41:52+09:00
399781883,백설공주에게 입맞춤을 1,백설공주에게 입맞춤을,1,,- 시트러스 코믹스,요시오 아키라,㈜에이블웍스C&C,2026-07,5400,,720,947,2026-09-01T10:41:52+09:00
314179780,못 미더운 악녀입니다만 : ~추궁접서 교체전~ 2,못 미더운 악녀입니다만 : ~추궁접서 교체전~,2,,,EI Ohitsuji,서울미디어코믹스(서울문화사),2023-03,6300,10.0,658,948,2026-09-01T10:41:52+09:00
399522660,렛츠고 괴기조 4,렛츠고 괴기조,4,,,View,㈜에스엠지크리에이티브(고은문화사),2026-07,5850,,655,949,2026-09-01T10:41:52+09:00
398344478,섀도 하우스 20,섀도 하우스,20,,,소마토,학산문화사(만화),2026-07,10800,10.0,655,950,2026-09-01T10:41:52+09:00
393685635,전주교실 9,전주교실,9,,,모즈쿠 소라,학산문화사(만화),2026-05,5400,10.0,785,951,2026-09-01T10:41:52+09:00
379966455,배가본드 34,배가본드,34,,,이노우에 타케히코,학산문화사(만화),2013-01,6300,,622,952,2026-09-01T10:41:52+09:00
400662384,꿈사랑 ~꿈에서 우리는 사랑에 빠진다~ 4,꿈사랑 ~꿈에서 우리는 사랑에 빠진다~,4,,- 완결,키타다 료마,서울미디어코믹스(서울문화사),2026-08,7650,,590,953,2026-09-01T10:41:52+09:00
400567329,취사병 전설이 되다 17,취사병 전설이 되다,17,,,제이로빈,지식오름,2026-08,13500,,790,954,2026-09-01T10:41:52+09:00
383643805,배가본드 31,배가본드,31,,,이노우에 타케히코,학산문화사(만화),2010-06,6300,,582,955,2026-09-01T10:41:52+09:00
383616336,배가본드 32,배가본드,32,,,이노우에 타케히코,학산문화사(만화),2011-02,6300,,556,956,2026-09-01T10:41:52+09:00
398440930,데스 노트 Death Note 7,데스 노트 Death Note,7,,,오바 츠구미,대원씨아이(만화),2022-03,6300,,555,957,2026-09-01T10:41:52+09:00
399046651,"나태한 악욕귀족으로 환생한 나, 시나리오를 쳐부쉈더니~ 2","나태한 악욕귀족으로 환생한 나, 시나리오를 쳐부쉈더니~",2,,,오다 도우마,대원씨아이(만화),2026-07,5850,10.0,540,958,2026-09-01T10:41:52+09:00
388462249,배가본드 33,배가본드,33,,,이노우에 타케히코,학산문화사(만화),2011-04,6300,,483,959,2026-09-01T10:41:52+09:00
400876143,1to10 2,1to10,2,,"- 초판 1쇄 한정 부록: 띠지, 포토카드 1매. 판스티커 1매",NOD,레진코믹스(레진엔터테인먼트),2026-08,14400,,390,960,2026-09-01T10:41:52+09:00
400876098,1to10 1,1to10,1,,"- 초판 1쇄 한정 부록 : 띠지, 포토카드 1매. 판스티커 1매",NOD,레진코믹스(레진엔터테인먼트),2026-08,14400,,390,961,2026-09-01T10:41:52+09:00
400197624,코믹 신들에게 주워진 남자 6,코믹 신들에게 주워진 남자,6,,- J Comic,란란,서울미디어코믹스(서울문화사),2026-08,4500,10.0,530,962,2026-09-01T10:41:52+09:00
400649593,"모험가 자격을 박탈당한 아저씨지만, 사랑하는 딸이 생겨서 느긋이 인생을 즐긴다 10","모험가 자격을 박탈당한 아저씨지만, 사랑하는 딸이 생겨서 느긋이 인생을 즐긴다",10,,- SL Comic,타다후라 후미,디앤씨미디어(주)(D&C미디어),2026-08,6300,,440,963,2026-09-01T10:41:52+09:00
400649747,노노코 양의 여자친구 군♂ 1,노노코 양의 여자친구 군♂,1,,,하치와카마루,HUSH(허쉬),2026-08,5400,,490,964,2026-09-01T10:41:52+09:00
396563326,"나태한 악욕귀족으로 환생한 나, 시나리오를 쳐부쉈더니~ 1","나태한 악욕귀족으로 환생한 나, 시나리오를 쳐부쉈더니~",1,,,오다 도우마,대원씨아이(만화),2026-06,5850,10.0,435,965,2026-09-01T10:41:52+09:00
400866292,장송의 프리렌 8,장송의 프리렌,8,,,야마다 카네히토,학산문화사(만화),2022-09,6300,,350,966,2026-09-01T10:41:52+09:00
392519845,디그 잇 2,디그 잇,2,,,Yoshidamaru,학산문화사(만화),2026-05,6300,6.0,350,967,2026-09-01T10:41:52+09:00
400930279,에리스의 성배 6,에리스의 성배,6,,- S코믹스,모모야마 히나세,㈜소미미디어,2026-09,6300,,260,968,2026-09-01T10:41:52+09:00
400980601,퍼펙트 어딕션 3,퍼펙트 어딕션,3,,- B愛+753,미야마 카오루코,대원씨아이(만화),2026-08,5850,,260,969,2026-09-01T10:41:52+09:00
400707762,스즈키 군의 정중한 생활 3,스즈키 군의 정중한 생활,3,,,후지모토 유키,대원씨아이(만화),2026-08,5850,,370,970,2026-09-01T10:41:52+09:00
400930488,숲 변두리의 꼬마 마녀 1,숲 변두리의 꼬마 마녀,1,,- S코믹스,후지무라 아유미,㈜소미미디어,2026-09,6300,,310,971,2026-09-01T10:41:52+09:00
393250501,도쿄 에일리언즈 12 (트리플 특장판),도쿄 에일리언즈,12,트리플 특장판,- 초판 한정 : 아크릴 일러스트 카드(초판 전체) + 스페셜 일러스트 카드(선착순 한정) + 인화사진 (선착순 한정),NAOE,서울미디어코믹스(서울문화사),2026-05,5400,10.0,16225,972,2026-09-01T10:41:52+09:00
269056986,"빠졌어, 너에게","빠졌어, 너에게",,,,와야마 야마,문학동네,2021-04,7650,9.6,15899,973,2026-09-01T10:41:52+09:00
376840323,체인소 맨 21,체인소 맨,21,,,후지모토 타츠키,학산문화사(만화),2025-11,5400,9.1,14109,974,2026-09-01T10:41:52+09:00
360199002,히카루가 죽은 여름 5,히카루가 죽은 여름,5,,- SL Comic,모쿠모쿠렌,디앤씨미디어(주)(D&C미디어),2025-03,5850,9.8,11378,975,2026-09-01T10:41:52+09:00
350054747,원피스 109,원피스,109,,- 네 편,오다 에이치로,대원씨아이(만화),2024-10,5400,9.9,11110,976,2026-09-01T10:41:52+09:00
296415507,체인소 맨 10,체인소 맨,10,,,후지모토 타츠키,학산문화사(만화),2022-01,5400,10.0,10152,977,2026-09-01T10:41:52+09:00
283685224,원피스 100,원피스,100,,- 패왕색,오다 에이치로,대원씨아이(만화),2021-11,4950,9.2,10197,978,2026-09-01T10:41:52+09:00
309270127,후지모토 타츠키 단편집 22-26,후지모토 타츠키 단편집,22-26,,,후지모토 타츠키,학산문화사(만화),2023-01,5400,9.4,9863,979,2026-09-01T10:41:52+09:00
303523008,원피스 103,원피스,103,,- 해방의 전사,오다 에이치로,대원씨아이(만화),2022-10,4950,9.8,9034,980,2026-09-01T10:41:52+09:00
331003597,원피스 107,원피스,107,,- 전설의 영웅,오다 에이치로,대원씨아이(만화),2024-01,4950,9.7,8994,981,2026-09-01T10:41:52+09:00
366527586,열혈강호 93,열혈강호,93,,,전극진,대원씨아이(만화),2025-06,4950,9.6,9023,982,2026-09-01T10:41:52+09:00
364227299,나 혼자만 레벨업 14,나 혼자만 레벨업,14,,- 만화,장성락(REDICE STUDIO),디앤씨웹툰비즈,2025-06,14400,10.0,9005,983,2026-09-01T10:41:52+09:00
370290371,팬텀 버스터즈 4,팬텀 버스터즈,4,,"- S코믹스, 초판 종료",네오쇼코,㈜소미미디어,2025-08,5850,9.5,8966,984,2026-09-01T10:41:52+09:00
363873557,찍히지 않습니다 1,찍히지 않습니다,1,,- S코믹스,코노시마 루카,㈜소미미디어,2025-05,5850,9.8,8898,985,2026-09-01T10:41:52+09:00
319537457,히카루가 죽은 여름 2,히카루가 죽은 여름,2,,- SL Comic,모쿠모쿠렌,디앤씨미디어(주)(D&C미디어),2023-07,5400,9.8,8446,986,2026-09-01T10:41:52+09:00
296798536,원피스 102,원피스,102,,- 천왕산,오다 에이치로,대원씨아이(만화),2022-06,4950,9.4,8364,987,2026-09-01T10:41:52+09:00
309335749,원피스 104,원피스,104,,- 와노쿠니 쇼군 코즈키 모모노스케,오다 에이치로,대원씨아이(만화),2023-02,4950,9.2,8482,988,2026-09-01T10:41:52+09:00
291463925,원피스 101,원피스,101,,- 주연 등장,오다 에이치로,대원씨아이(만화),2022-03,4950,9.7,8189,989,2026-09-01T10:41:52+09:00
372549977,나 혼자만 레벨업 15,나 혼자만 레벨업,15,,- 만화,장성락(REDICE STUDIO),디앤씨웹툰비즈,2025-10,14400,10.0,7960,990,2026-09-01T10:41:52+09:00
343614799,괴수 8호 side B 1,괴수 8호 side B,1,,,히다노 켄타로,서울미디어코믹스(서울문화사),2024-07,5400,9.7,8076,991,2026-09-01T10:41:52+09:00
369001873,파이브 스타 스토리 The Five Star Stories 18,파이브 스타 스토리 The Five Star Stories,18,,,나가노 마모루,서울미디어코믹스(서울문화사),2025-07,10800,9.3,7936,992,2026-09-01T10:41:52+09:00
366666131,반딧불이의 혼례 7,반딧불이의 혼례,7,,,타치바나 오레코,서울미디어코믹스(서울문화사),2025-06,7650,9.8,7753,993,2026-09-01T10:41:52+09:00
395268985,괴수 8호 RELAX 4,괴수 8호 RELAX,4,,"- 초판 한정: 홀로그램 일러스트 카드, 방위대 4컷 포토카드",,서울미디어코믹스(서울문화사),2026-06,5400,8.0,7280,994,2026-09-01T10:41:52+09:00
78029198,던전밥 2,던전밥,2,,- S코믹스,쿠이 료코,㈜소미미디어,2016-02,6300,9.8,7088,995,2026-09-01T10:41:52+09:00
390689243,찍히지 않습니다 5,찍히지 않습니다,5,,"- S코믹스 /초판 한정 일러스트 카드, 폴라로이드 사진풍 카드 2종, PET 책갈피",코노시마 루카,㈜소미미디어,2026-04,5850,9.8,7182,996,2026-09-01T10:41:52+09:00
378353900,사카모토 홀리데이즈 2,사카모토 홀리데이즈,2,,- 타카무라의 휴일,오오카와 테츠,대원씨아이(만화),2025-11,5850,8.8,6948,997,2026-09-01T10:41:52+09:00
301706475,주술회전 2,주술회전,2,,,아쿠타미 게게,서울미디어코믹스(서울문화사),2019-03,5400,,6721,998,2026-09-01T10:41:52+09:00
96404647,던전밥 3,던전밥,3,,- S코믹스,쿠이 료코,㈜소미미디어,2016-11,6300,8.4,6741,999,2026-09-01T10:41:52+09:00
399784385,별정직 공무원 5 (특별판),별정직 공무원,5,특별판,- 아크릴 누들 스토퍼 + 미니 포스터 5종 + 마우스패드 + 일러스트 포토 4종 + 특별판 박스 (상시 부록 '포토카드' 포함),서재원,학산문화사(만화),2026-08,38700,10.0,7200,1000,2026-09-01T10:41:52+09:00
400930743,아멜리아의 호기심 많은 로맨스 3,아멜리아의 호기심 많은 로맨스,3,,"- 루나 코믹스, 초판 한정 투명 pet 포토카드 1종, 양면 일러스트 카드 1종, PET 사원증 1종",코하쿠 요루,㈜소미미디어,2026-09,6300,,16080,1,2026-09-02T09:04:12+09:00
400315663,스파이 패밀리 17,스파이 패밀리,17,,,엔도 타츠야,학산문화사(만화),2026-08,5400,10.0,34050,2,2026-09-02T09:04:12+09:00
400917256,마남 이치 6 (트리플 특전판),마남 이치,6,트리플 특전판,- 아크릴 일러스트 카드 2종 + 홀로그램 일러스트 카드,유사자키 시로,서울미디어코믹스(서울문화사),2026-08,6300,10.0,17900,3,2026-09-02T09:04:12+09:00
400652795,스킵과 로퍼 12,스킵과 로퍼,12,,- 시프트코믹스,타카마츠 미사키,YNK MEDIA(만화),2026-08,5400,10.0,30370,4,2026-09-02T09:04:12+09:00
400365190,사카모토 데이즈 27 (더블 특전판),사카모토 데이즈,27,더블 특전판,"- 자긍심, 초판 한정 띠지 + 일러스트 포스트 카드 + 일러스트 레이어 카드",스즈키 유우토,대원씨아이(만화),2026-08,5850,10.0,33540,5,2026-09-02T09:04:12+09:00
400710266,야마다 군과 Lv999의 사랑을 하다 8,야마다 군과 Lv999의 사랑을 하다,8,,"- 초판 한정 특전 : 띠지, 일러스트 카드, 폴라로이드 카드",마시로,디앤씨미디어(주)(D&C미디어),2026-09,7200,10.0,19820,6,2026-09-02T09:04:12+09:00
399974125,타몬 군 지금 어느 쪽?! 13 (한정판),타몬 군 지금 어느 쪽?!,13,한정판,- 후쿠하라 타몬 2nd 사진집 + 후쿠하라 타몬 사인 포토카드 + 일러스트 카드,시와스 유키,학산문화사(만화),2026-08,12600,10.0,22080,7,2026-09-02T09:04:12+09:00
400587114,봇치·더·록! 외전 히로이 키쿠리의 과음일기 6,봇치·더·록! 외전 히로이 키쿠리의 과음일기,6,,- 띠지 + 초판한정 일러스트 포토 카드 1종,쿠미쵸,대원씨아이(만화),2026-08,8100,,31600,8,2026-09-02T09:04:12+09:00
400736391,엄마가 도망갔다,엄마가 도망갔다,,,,소복이,나무의말,2026-09,17820,10.0,11350,9,2026-09-02T09:04:12+09:00
400909479,킹덤 Kingdom 78,킹덤 Kingdom,78,,,하라 야스히사,대원씨아이(만화),2026-08,5400,,8810,10,2026-09-02T09:04:12+09:00
400710167,야마다 군과 Lv999의 사랑을 하다 8 (특별판),야마다 군과 Lv999의 사랑을 하다,8,특별판,"- 특별판 한정 특전 : 일반판 초판 특전, 틴케이스, 특별판 한정 엽서 4종 세트, 키캡 키링",마시로,디앤씨미디어(주)(D&C미디어),2026-09,23400,10.0,19490,11,2026-09-02T09:04:12+09:00
397412056,책이라면 팔 만큼 1,책이라면 팔 만큼,1,,,코지마 아오,미우(대원씨아이),2026-07,11700,9.6,25135,12,2026-09-02T09:04:12+09:00
399539936,명탐정 코난 108,명탐정 코난,108,,,아오야마 고쇼,서울미디어코믹스(서울문화사),2026-07,5400,9.8,23105,13,2026-09-02T09:04:12+09:00
401063905,블리치 리믹스 17,블리치 리믹스,17,,,쿠보 타이토,서울미디어코믹스(서울문화사),2026-08,10800,,11220,14,2026-09-02T09:04:12+09:00
400246381,황천의 츠가이 12 (더블특전판),황천의 츠가이,12,더블특전판,- 초판한정 : 일러스트 포스트카드 1종 + 일러스트 pp카드 1종,아라카와 히로무,대원씨아이(만화),2026-08,5850,10.0,15710,15,2026-09-02T09:04:12+09:00
400980916,꿈인지 생시인지 4,꿈인지 생시인지,4,,,사키사카 이오,대원씨아이(만화),2026-08,5850,,5510,16,2026-09-02T09:04:12+09:00
400315752,디그 잇 3 (더블특전판),디그 잇,3,더블특전판,- 수량 한정 더블 특전 : 비주얼 보드 + 스포츠 선수 카드,Yoshidamaru,학산문화사(만화),2026-08,6300,,17950,17,2026-09-02T09:04:12+09:00
400547759,모모세 아키라의 첫사랑 파탄 중 6 (트리플 특전판),모모세 아키라의 첫사랑 파탄 중,6,트리플 특전판,- 스페셜 아크릴 일러스트 카드 1종 + 양면 일러스트 카드 2종,하레카와 신타,서울미디어코믹스(서울문화사),2026-08,6750,10.0,14130,18,2026-09-02T09:04:12+09:00
400977703,나의 첫 섹파 2,나의 첫 섹파,2,,,유리카와,재담,2026-08,6300,,5340,19,2026-09-02T09:04:12+09:00
400713407,이세계 삼촌 14,이세계 삼촌,14,,"- 픽시하우스, 초판한정 특별부록 : 일러스트 카드 + 띠지",호톤도신데이루,데이즈엔터(주),2026-09,7200,,8710,20,2026-09-02T09:04:12+09:00
391764120,포켓몬 생태도감,포켓몬 생태도감,,,,주식회사 포켓몬,대원씨아이(단행본),2026-04,13500,10.0,72049,21,2026-09-02T09:04:12+09:00
401047773,야화첩 8,야화첩,8,,"- 초판 한정: 띠지, 포토카드 1종, PET 책갈피 1종",변덕,레진코믹스(레진엔터테인먼트),2026-08,14400,,4940,22,2026-09-02T09:04:12+09:00
400707875,언니의 미도리 군 9,언니의 미도리 군,9,,,메구로 아무,대원씨아이(만화),2026-08,4950,,6500,23,2026-09-02T09:04:12+09:00
400586243,단다단 21,단다단,21,,,타츠 유키노부,대원씨아이(만화),2026-08,5400,10.0,11610,24,2026-09-02T09:04:12+09:00
400708725,3월의 벽력 2,3월의 벽력,2,,,이케 준코,대원씨아이(만화),2026-08,5400,,8390,25,2026-09-02T09:04:12+09:00
401049295,야화첩 9,야화첩,9,,"- 초판 한정: 띠지, 포토카드 2종",변덕,레진코믹스(레진엔터테인먼트),2026-08,14400,,4920,26,2026-09-02T09:04:12+09:00
399973794,봄의 폭풍과 몬스터 9,봄의 폭풍과 몬스터,9,,,미츠바치 미유키,학산문화사(만화),2026-08,6300,10.0,15790,27,2026-09-02T09:04:12+09:00
401009364,소드 아트 온라인 29,소드 아트 온라인,29,,- J Novel,카와하라 레키,서울문화사,2026-08,7200,,6140,28,2026-09-02T09:04:12+09:00
400544318,마법소녀를 동경해서 7 (더블특전판),마법소녀를 동경해서,7,더블특전판,- 띠지 + 초판한정 일러스트 카드 1종 + 더블특전 SD 스티커,오노나카 아키히로,대원씨아이(만화),2026-08,6750,,11400,29,2026-09-02T09:04:12+09:00
395946461,원피스 114,원피스,114,,- 초판한정 띠지 + 일러스트 카드 1종,오다 에이치로,대원씨아이(만화),2026-06,5850,10.0,42935,30,2026-09-02T09:04:12+09:00
401063751,요괴소년 호야 완전판 4,요괴소년 호야 완전판,4,,,후지타 카즈히로,서울미디어코믹스(서울문화사),2026-08,14400,,4760,31,2026-09-02T09:04:12+09:00
400930547,Myther 3,Myther,3,,- S코믹스,야츠다 테키,㈜소미미디어,2026-09,7200,,4200,32,2026-09-02T09:04:12+09:00
396103290,패밀리 레스토랑 가자. 下,패밀리 레스토랑 가자. 下,,,- 완결,와야마 야마,문학동네,2026-06,7650,9.8,62525,33,2026-09-02T09:04:12+09:00
400714329,패배 히로인이 너무 많아! 8.5,패배 히로인이 너무 많아! 8.5,,,"- Novel Engine, 초판한정 특별부록 : 띠지 + 일러스트 카드",아마모리 타키비,데이즈엔터(주),2026-09,7200,,9800,34,2026-09-02T09:04:12+09:00
400909443,창천항로 애장판 4,창천항로 애장판,4,,,킹곤타,대원씨아이(만화),2026-08,16200,,4400,35,2026-09-02T09:04:12+09:00
400856630,나나 NANA 완전판 12,나나 NANA 완전판,12,,"- 초판 한정 PP엽서 1종, 포토카드 1종",야자와 아이,학산문화사(만화),2026-08,10800,,4980,36,2026-09-02T09:04:12+09:00
400980854,현시연 신장판 1,현시연 신장판,1,,,키오 시모쿠,대원씨아이(만화),2026-08,13500,10.0,3600,37,2026-09-02T09:04:12+09:00
399975177,GACHIAKUTA 18,GACHIAKUTA,18,,,케이 우라나,학산문화사(만화),2026-08,6300,,8990,38,2026-09-02T09:04:12+09:00
395945176,나츠메 우인장 32,나츠메 우인장,32,,,미도리카와 유키,학산문화사(만화),2026-06,5400,8.4,12700,39,2026-09-02T09:04:12+09:00
398738362,헬싱 한정판 1~5 세트 - 전5권,헬싱 한정판 1~5 세트 - 전5권,,,,히라노 코우타,AK(에이케이)커뮤니케이션즈,2026-08,67500,9.9,16955,40,2026-09-02T09:04:12+09:00
395510885,슈퍼 뒤에서 담배 피우는 두 사람 8,슈퍼 뒤에서 담배 피우는 두 사람,8,,- SL Comic,지누시,디앤씨미디어(주)(D&C미디어),2026-06,6300,9.9,12985,41,2026-09-02T09:04:12+09:00
400707954,블루 자이언트 모멘텀 7,블루 자이언트 모멘텀,7,,,이시즈카 신이치,대원씨아이(만화),2026-08,5850,,4920,42,2026-09-02T09:04:12+09:00
399974955,GACHIAKUTA 18 (한정판),GACHIAKUTA,18,한정판,"- 아크릴 디오라마 + 빅스티커 SET(5매) + 스페셜 비주얼 보드, 포토카드SET(4매) + 일러스트 카드(일반판 부록과 동일) + 아웃박스",케이 우라나,학산문화사(만화),2026-08,39600,,10000,43,2026-09-02T09:04:12+09:00
398419129,황천의 츠가이 11 (더블특전판),황천의 츠가이,11,더블특전판,,아라카와 히로무,대원씨아이(만화),2026-07,5850,9.8,11630,44,2026-09-02T09:04:12+09:00
400328644,요리 군과 다시 만날 수는 없어! 2,요리 군과 다시 만날 수는 없어!,2,,"- 초판 한정 특전 : 일러스트 카드, 접이식 아크릴 스탠드",Sumio Hataya,서울미디어코믹스(서울문화사),2026-08,5850,10.0,9440,45,2026-09-02T09:04:12+09:00
400365247,이거 그리고 죽어 8,이거 그리고 죽어,8,,- 초판 한정 : 띠지 + 일러스트 엽서 1종,토요다 미노루,대원씨아이(만화),2026-08,5400,10.0,5380,46,2026-09-02T09:04:12+09:00
399925336,팬텀 버스터즈 7,팬텀 버스터즈,7,,- S코믹스,네오쇼코,㈜소미미디어,2026-08,5850,10.0,17150,47,2026-09-02T09:04:12+09:00
399973871,옆자리 녀석이 그런 눈으로 쳐다본다 4 (더블특전판),옆자리 녀석이 그런 눈으로 쳐다본다,4,더블특전판,- 수량 한정 더블 특전 : 폴라로이드 에구치 ANGEL Ver + 이케자와 DEVIL Ver,mmk,학산문화사(만화),2026-08,6300,,9320,48,2026-09-02T09:04:12+09:00
400594188,노아 선배는 친구 10,노아 선배는 친구,10,,,아키야마 엔마,서울미디어코믹스(서울문화사),2026-08,5850,,7010,49,2026-09-02T09:04:12+09:00
400662227,첫사랑은 나의 오빠 2,첫사랑은 나의 오빠,2,,,카스미 유코,서울미디어코믹스(서울문화사),2026-08,5850,,4970,50,2026-09-02T09:04:12+09:00
401041190,참을 수 없는 건 사랑인 걸까 6,참을 수 없는 건 사랑인 걸까,6,,,소라하나 미아,대원씨아이(만화),2026-08,5850,,2830,51,2026-09-02T09:04:12+09:00
400652816,블루 피리어드 7 (더블 특전판),블루 피리어드,7,더블 특전판,"- 초판 한정 일러스트 카드 1종 + 박티켓 책갈피 1종, 시프트코믹스",야마구치 츠바사,YNK MEDIA(만화),2026-08,5400,,4810,52,2026-09-02T09:04:12+09:00
396141385,사카모토 데이즈 26 (더블 특전판),사카모토 데이즈,26,더블 특전판,- 원정 / 띠지 + 일러스트 포스트 카드 + 사카모토 상점 양면 어나더커버,스즈키 유우토,대원씨아이(만화),2026-06,5850,9.2,23130,53,2026-09-02T09:04:12+09:00
400544538,비실비실 선생님 16,비실비실 선생님,16,,- 띠지 + 초판한정 일러스트 폴라로이드 카드 1종,후쿠치 카미오,대원씨아이(만화),2026-08,5850,10.0,10450,54,2026-09-02T09:04:12+09:00
401041191,너를 잊을 사랑이 하고 싶어 7,너를 잊을 사랑이 하고 싶어,7,,,유우키 하루,대원씨아이(만화),2026-08,5850,,2760,55,2026-09-02T09:04:12+09:00
400594291,유치원WARS 17,유치원WARS,17,,"- 초판특전: 아크릴 일러스트 카드, 더그 일러스트 카드",You Chiba,서울미디어코믹스(서울문화사),2026-08,5400,10.0,6150,56,2026-09-02T09:04:12+09:00
399974190,타몬 군 지금 어느 쪽?! 13,타몬 군 지금 어느 쪽?!,13,,- 수량 한정 특전 : 일러스트 카드,시와스 유키,학산문화사(만화),2026-08,6300,10.0,6150,57,2026-09-02T09:04:12+09:00
400545480,전지적 독자 시점 20,전지적 독자 시점,20,,- 초판 한정 캐릭터 카드 1종 + 특전 엽서 1종,슬리피-C,에이템포미디어,2026-08,14850,,8070,58,2026-09-02T09:04:12+09:00
400647778,이토준지 자선 걸작집 Dark Colors,이토준지 자선 걸작집 Dark Colors,,,,이토 준지,미우(대원씨아이),2026-08,17100,5.0,5890,59,2026-09-02T09:04:12+09:00
400930515,뒤에 있는 카무이 씨 1,뒤에 있는 카무이 씨,1,,- S코믹스 Red,코노시로 신코,㈜소미미디어,2026-09,6300,,2220,60,2026-09-02T09:04:12+09:00
401009459,유감스러운 사랑의 주인공들 1,유감스러운 사랑의 주인공들,1,,,아와이 키사키,서울미디어코믹스(서울문화사),2026-08,5850,10.0,2340,61,2026-09-02T09:04:12+09:00
394695719,옆자리 녀석이 그런 눈으로 쳐다본다 3 (더블특전판),옆자리 녀석이 그런 눈으로 쳐다본다,3,더블특전판,- 수량 한정 더블 특전: 포토카드 + 증명사진,mmk,학산문화사(만화),2026-06,6300,9.4,6740,62,2026-09-02T09:04:12+09:00
400647677,아이돌라트리 1,아이돌라트리,1,,- 초판 한정 띠지 + 일러스트 pet 카드 1종,호마레,대원씨아이(만화),2026-08,6300,,3660,63,2026-09-02T09:04:12+09:00
400707957,여우 우리군 1 (특장판),여우 우리군,1,특장판,"- B愛 341, 일러스트 카드 5종(초회 한정 일러스트 카드 1종 포함) + 클리어 스탠드 + 스티커 + 폴라로이드형 포토카드 + 어나더 커버 + 별도 박스 포장",네아,대원씨아이(만화),2026-08,16200,10.0,3580,64,2026-09-02T09:04:12+09:00
399583956,명탐정 코난 108 (특장판),명탐정 코난,108,특장판,- 극장판 [하이웨이의 타천사] 티저 일러스트 아크릴 스탠드 + 어나더 커버 + 트레이딩 그래픽 컬렉션 카드 8종 중 랜덤 4종,아오야마 고쇼,서울미디어코믹스(서울문화사),2026-07,19800,10.0,16905,65,2026-09-02T09:04:12+09:00
388083662,슈퍼 뒤에서 담배 피우는 두 사람 7,슈퍼 뒤에서 담배 피우는 두 사람,7,,- SL Comic,지누시,디앤씨미디어(주)(D&C미디어),2026-03,5850,9.3,12476,66,2026-09-02T09:04:12+09:00
398309482,요리 군과 다시 만날 수는 없어! 1,요리 군과 다시 만날 수는 없어!,1,,"- 초판 한정 특전 : 양면 일러스트 카드, 접이식 아크릴 스탠드",Sumio Hataya,서울미디어코믹스(서울문화사),2026-07,5850,10.0,10095,67,2026-09-02T09:04:12+09:00
236826464,소년과 두더지와 여우와 말,소년과 두더지와 여우와 말,,,,찰리 맥커시,상상의힘,2020-04,19800,9.5,60936,68,2026-09-02T09:04:12+09:00
400707805,담배 고양이 6,담배 고양이,6,,,냥냥 팩토리,대원씨아이(만화),2026-08,5400,,4000,69,2026-09-02T09:04:12+09:00
400910174,이력서 3,이력서,3,,,유월,블루픽,2026-08,14220,10.0,3280,70,2026-09-02T09:04:12+09:00
400653146,세금으로 산 책 3,세금으로 산 책,3,,- 시프트코믹스,케이야마 케이,YNK MEDIA(만화),2026-08,5850,,3470,71,2026-09-02T09:04:12+09:00
400878309,온통 여우 1,온통 여우,1,,- 초판 한정 특전 : 일러스트 카드 2종,Ayami Morinaga,서울미디어코믹스(서울문화사),2026-08,6750,10.0,2520,72,2026-09-02T09:04:12+09:00
399782162,흑집사 35,흑집사,35,,,토보소 야나,학산문화사(만화),2026-08,5400,,9060,73,2026-09-02T09:04:12+09:00
396452830,원펀맨 One Punch Man 35,원펀맨 One Punch Man,35,,- 만나서는 안 될 녀석,ONE,대원씨아이(만화),2026-06,5400,9.5,16225,74,2026-09-02T09:04:12+09:00
400668931,커다란 네가 제일 귀여워 (한정판),커다란 네가 제일 귀여워,,한정판,"- 일러스트 메모패드, 작가님 사인 포토카드 2종, 빅 클리어 카드 2종, 일러스트 카드, 라르고 맥스 Largo Max",유키하루,조은세상(북두),2026-08,9900,10.0,3160,75,2026-09-02T09:04:12+09:00
400981192,엇갈리는 중앙감정선,엇갈리는 중앙감정선,,,- 시무라 타카코 단편집,시무라 타카코,문학동네,2026-08,9000,,2130,76,2026-09-02T09:04:12+09:00
395444608,장송의 프리렌 15,장송의 프리렌,15,,,야마다 카네히토,학산문화사(만화),2026-06,6300,9.7,15795,77,2026-09-02T09:04:12+09:00
396653507,마루는 강쥐 9,마루는 강쥐,9,,- 초판 한정 작가 친필 사인 인쇄본 + 초판 한정 표지 일러스트 엽서,모죠,문페이스,2026-08,14400,,6810,78,2026-09-02T09:04:12+09:00
400653323,세금으로 산 책 4,세금으로 산 책,4,,- 시프트코믹스,케이야마 케이,YNK MEDIA(만화),2026-08,5850,,3150,79,2026-09-02T09:04:12+09:00
400921125,사망 엔딩에서 벗어난 미연시의 히로인들이 내 【일기장】을 읽고 비밀을 알아챈 듯하다 1,사망 엔딩에서 벗어난 미연시의 히로인들이 내 【일기장】을 읽고 비밀을 알아챈 듯하다,1,,- S Novel,addict,㈜소미미디어,2026-09,7650,,2830,80,2026-09-02T09:04:12+09:00
369848536,슈퍼 뒤에서 담배 피우는 두 사람 6,슈퍼 뒤에서 담배 피우는 두 사람,6,,- SL Comic,지누시,디앤씨미디어(주)(D&C미디어),2025-08,5850,10.0,10648,81,2026-09-02T09:04:12+09:00
400543400,그랑블루 26,그랑블루,26,,,요시오카 키미타게,대원씨아이(만화),2026-08,4950,,3580,82,2026-09-02T09:04:12+09:00
400856525,애프터 갓 10,애프터 갓,10,,,에노 스미,대원씨아이(만화),2026-08,5400,10.0,2630,83,2026-09-02T09:04:12+09:00
400922115,순정 갸루는 여친은 아니지만,순정 갸루는 여친은 아니지만,,,- S 블랙,미우라 미우,㈜소미미디어,2026-09,9000,,2690,84,2026-09-02T09:04:12+09:00
401131950,패배 히로인이 너무 많아! @comic 5,패배 히로인이 너무 많아! @comic,5,,,이타치,재담,2026-08,6300,,2330,85,2026-09-02T09:04:12+09:00
360200073,슈퍼 뒤에서 담배 피우는 두 사람 5,슈퍼 뒤에서 담배 피우는 두 사람,5,,- SL Comic,지누시,디앤씨미디어(주)(D&C미디어),2025-03,5850,9.4,12060,86,2026-09-02T09:04:12+09:00
352187592,슈퍼 뒤에서 담배 피우는 두 사람 4,슈퍼 뒤에서 담배 피우는 두 사람,4,,- SL Comic,지누시,디앤씨미디어(주)(D&C미디어),2024-11,5400,9.8,10921,87,2026-09-02T09:04:12+09:00
320428870,슈퍼 뒤에서 담배 피우는 두 사람 1,슈퍼 뒤에서 담배 피우는 두 사람,1,,- SL Comic,지누시,디앤씨미디어(주)(D&C미디어),2023-07,5400,9.3,10528,88,2026-09-02T09:04:12+09:00
389928857,옆자리 녀석이 그런 눈으로 쳐다본다 2,옆자리 녀석이 그런 눈으로 쳐다본다,2,,,mmk,학산문화사(만화),2026-04,6300,10.0,5888,89,2026-09-02T09:04:12+09:00
400647796,이토준지 자선 걸작집 왜곡,이토준지 자선 걸작집 왜곡,,,,이토 준지,미우(대원씨아이),2026-08,14400,4.0,4570,90,2026-09-02T09:04:12+09:00
290886787,룩 백,룩 백,,,,후지모토 타츠키,학산문화사(만화),2022-03,5400,9.5,35305,91,2026-09-02T09:04:12+09:00
398962987,주술회전 모듈로 1,주술회전 모듈로,1,,- 특급 사안 /초판 한정 캐릭터 일러스트 카드 3종 + 선착순 한정 포토카드 1종,Yuji Iwasaki,서울미디어코믹스(서울문화사),2026-07,6300,9.0,25590,92,2026-09-02T09:04:12+09:00
398736065,너와 장밋빛 매일 3 (트리플 특전판),너와 장밋빛 매일,3,트리플 특전판,- 초판 한정 트리플 특전: 아크릴 일러스트 카드 + 일러스트 카드 + 폴라로이드 카드,히로 치히로,서울미디어코믹스(서울문화사),2026-07,5400,10.0,24330,93,2026-09-02T09:04:12+09:00
401247590,"달은 차고 이지러져, 짐승의 사랑 신장판 (특장판)","달은 차고 이지러져, 짐승의 사랑 신장판",,특장판,"- 작가님 사인 아크릴 카드 + 일러스트 카드 2종 + 이중 커버, 라르고 맥스 Largo Max",노지로 구리,조은세상(북두),2026-09,11700,,2430,94,2026-09-02T09:04:12+09:00
390779612,야마다 군과 Lv999의 사랑을 하다 7,야마다 군과 Lv999의 사랑을 하다,7,,,마시로,디앤씨미디어(주)(D&C미디어),2026-04,7200,10.0,14245,95,2026-09-02T09:04:12+09:00
324439898,슈퍼 뒤에서 담배 피우는 두 사람 2,슈퍼 뒤에서 담배 피우는 두 사람,2,,- SL Comic,지누시,디앤씨미디어(주)(D&C미디어),2023-09,5400,9.4,9509,96,2026-09-02T09:04:12+09:00
399782210,운명의 사람을 만나는 이야기 8,운명의 사람을 만나는 이야기,8,,,아나신,학산문화사(만화),2026-08,5400,10.0,8230,97,2026-09-02T09:04:12+09:00
400585881,귀여운 건 나다 3,귀여운 건 나다,3,,,야스코,대원씨아이(만화),2026-08,6300,,3350,98,2026-09-02T09:04:12+09:00
400909388,겁쟁이페달 95,겁쟁이페달,95,,,와타나베 와타루,대원씨아이(만화),2026-08,4950,,1780,99,2026-09-02T09:04:12+09:00
336001751,슈퍼 뒤에서 담배 피우는 두 사람 3,슈퍼 뒤에서 담배 피우는 두 사람,3,,- SL Comic,지누시,디앤씨미디어(주)(D&C미디어),2024-03,5400,9.8,8671,100,2026-09-02T09:04:12+09:00
400150223,남편을 내 편으로 만드는 방법 5 (한정판),남편을 내 편으로 만드는 방법,5,한정판,- 단행본 + 학생 AU 아크릴 스탠드 + 떡메모지 + 파노라마 미니 포스터 4종 + 트레이딩 카드 9종 + 이스케&루비 엽서 4종 + 초판 한정 부록 엽서,시루,캐롯툰,2026-10,35820,,8540,101,2026-09-02T09:04:12+09:00
399580240,엄마를 만나러 가는 길 3,엄마를 만나러 가는 길,3,,- 초판 한정 부록: 포토카드 2장 + 작가님 친필사인 면지 인쇄본,고먕,네이버웹툰,2026-10,16020,,7695,102,2026-09-02T09:04:12+09:00
399290739,메이드 인 어비스 14,메이드 인 어비스,14,,,츠쿠시 아키히토,미우(대원씨아이),2026-07,7200,,6055,103,2026-09-02T09:04:12+09:00
400707990,여우 우리군 1,여우 우리군,1,,- B愛 341,네아,대원씨아이(만화),2026-08,6300,,2120,104,2026-09-02T09:04:12+09:00
401041186,너를 잊을 사랑이 하고 싶어 7 (특장판),너를 잊을 사랑이 하고 싶어,7,특장판,- 단행본 + 피크 키링 + 어나더 커버 + 일러스트 카드 2종 + 포토카드 2종 + 별도 박스 포장,유우키 하루,대원씨아이(만화),2026-08,19800,10.0,1500,105,2026-09-02T09:04:12+09:00
401042641,고랭순대 작품집 7,고랭순대 작품집,7,,,고랭순대,대원씨아이(만화),2026-08,13500,,1570,106,2026-09-02T09:04:12+09:00
396369059,향기로운 꽃은 늠름하게 핀다 21,향기로운 꽃은 늠름하게 핀다,21,,- 띠지 + 초판한정 일러스트 엽서 1종,미카미 사카,대원씨아이(만화),2026-06,6300,,12775,107,2026-09-02T09:04:12+09:00
395840340,마남 이치 5 (트리플 특전판),마남 이치,5,트리플 특전판,- 홀로그램 일러스트 카드 2종 + 캐릭터 일러스트 카드,유사자키 시로,서울미디어코믹스(서울문화사),2026-06,6300,9.5,12695,108,2026-09-02T09:04:12+09:00
400594114,못 미더운 악녀입니다만 : ~추궁접서 교체전~ 10,못 미더운 악녀입니다만 : ~추궁접서 교체전~,10,,,EI Ohitsuji,서울미디어코믹스(서울문화사),2026-08,6300,10.0,2700,109,2026-09-02T09:04:12+09:00
400856659,눈이 나려 꽃 26,눈이 나려 꽃,26,,,임해연,학산문화사(만화),2026-08,7200,,1890,110,2026-09-02T09:04:12+09:00
400958916,11번째 고양이는 네네 2,11번째 고양이는 네네,2,,,하리카모,오팬스코믹,2026-08,6300,,1470,111,2026-09-02T09:04:12+09:00
399580402,엄마를 만나러 가는 길 4,엄마를 만나러 가는 길,4,,- 초판 한정 부록: 포토카드 2장 + 작가님 친필사인 면지 인쇄본,고먕,네이버웹툰,2026-10,16020,,7095,112,2026-09-02T09:04:12+09:00
401097577,"다른 학교 얼음공주를 구했더니, 친구부터 시작하게 되었습니다 2","다른 학교 얼음공주를 구했더니, 친구부터 시작하게 되었습니다",2,,,사츠키 히류,오팬스노벨,2026-08,7650,,2630,113,2026-09-02T09:04:12+09:00
384420875,원피스 113,원피스,113,,- 로키탄생,오다 에이치로,대원씨아이(만화),2026-01,5850,9.9,24692,114,2026-09-02T09:04:12+09:00
392518962,체인소 맨 23,체인소 맨,23,,,후지모토 타츠키,학산문화사(만화),2026-05,5400,9.1,16280,115,2026-09-02T09:04:12+09:00
396819581,나의 첫 섹파 1,나의 첫 섹파,1,,- 초회 수량한정 특장판 구성 (수량 소진 시 종료),유리카와,재담,2026-06,6300,,4455,116,2026-09-02T09:04:12+09:00
400708280,발화 2,발화,2,,- 초판1쇄 한정 포토카드 2종,영재영,레진코믹스(레진엔터테인먼트),2026-08,15300,10.0,3000,117,2026-09-02T09:04:12+09:00
388016420,스파이 패밀리 16,스파이 패밀리,16,,,엔도 타츠야,학산문화사(만화),2026-03,5400,9.7,21007,118,2026-09-02T09:04:12+09:00
394124358,캐릭캐릭 체인지! Jewel Joker 주얼 조커 3,캐릭캐릭 체인지! Jewel Joker 주얼 조커,3,,- 초판 특전: 아르카나 학원 아크릴 일러스트 카드,PEACH-PIT,서울미디어코믹스(서울문화사),2026-05,5850,10.0,12760,119,2026-09-02T09:04:12+09:00
398728364,마법소녀를 동경해서 6 (더블특전판),마법소녀를 동경해서,6,더블특전판,- 초판한정 : 일러스트 카드 1종 + SD 스티커 1종,오노나카 아키히로,대원씨아이(만화),2026-07,6750,,8155,120,2026-09-02T09:04:12+09:00
397904178,새벽의 연화 47,새벽의 연화,47,,,미즈호 쿠사나기,학산문화사(만화),2026-07,5400,,5590,121,2026-09-02T09:04:12+09:00
400245347,버서스 6,버서스,6,,,아즈마 쿄타로,학산문화사(만화),2026-08,5400,,4280,122,2026-09-02T09:04:12+09:00
400229048,사토 씨의 친구,사토 씨의 친구,,,,마스다 미리,이봄,2026-08,13500,9.0,4090,123,2026-09-02T09:04:12+09:00
400585742,아메와 우미 1,아메와 우미,1,,"- S코믹스, 초판 한정 양면 일러스트 카드 2종(도서 내 래핑)",야마카타 아츠카,㈜소미미디어,2026-08,6300,10.0,2730,124,2026-09-02T09:04:12+09:00
401041961,산가지는 도깨비의 꿈을 꾼다 5,산가지는 도깨비의 꿈을 꾼다,5,,,LAPIS,다산코믹스,2026-08,18000,,2030,125,2026-09-02T09:04:12+09:00
393769452,불가항력의 I LOVE YOU 8,불가항력의 I LOVE YOU,8,,- 초판특전 : 포토카드 3종 세트,호시노 미즈키,서울미디어코믹스(서울문화사),2026-05,5400,9.7,18215,126,2026-09-02T09:04:12+09:00
392518608,봄의 폭풍과 몬스터 8,봄의 폭풍과 몬스터,8,,,미츠바치 미유키,학산문화사(만화),2026-05,5400,9.6,11000,127,2026-09-02T09:04:12+09:00
399402787,얼굴만으론 좋아할 수 없어요 17,얼굴만으론 좋아할 수 없어요,17,,"- 한국 한정 오리지널 일러스트 양면 커버, 초판 한정 SNS풍 주인공 커플 일러스트 카드, 졸업식 일러스트 카드",안자이 카린,서울미디어코믹스(서울문화사),2026-07,5400,,10200,128,2026-09-02T09:04:12+09:00
393809247,사피엔스 : 그래픽 히스토리 Vol.4,사피엔스 : 그래픽 히스토리 Vol.4,,,- 혁명의 시대,,김영사,2026-05,17820,,7860,129,2026-09-02T09:04:12+09:00
400547001,작전명 순정 7~9 스페셜 세트 - 전3권,작전명 순정 7~9 스페셜 세트 - 전3권,,,"- 구성: 단행본 7~9권, 엽서집(양면엽서 16장), 프로필 세트(프로필 3종 + PET 포스터 2종 + 종이 홀더), 레이어 카드 2종, 아크릴 코롯토, 증명사진 팩, 도화 인터뷰집, 스페셜 패키지 박스, 초판한정 엽서",꼬까리,영진.com(영진닷컴),2026-08,79200,10.0,5300,130,2026-09-02T09:04:12+09:00
397818232,오가미 츠미키와 기일상 7,오가미 츠미키와 기일상,7,,,모리시타 미유,학산문화사(만화),2026-07,5400,9.5,5065,131,2026-09-02T09:04:12+09:00
375360802,44교시 생존수업 1~2 세트 - 전2권,44교시 생존수업 1~2 세트 - 전2권,,,,상C,네이버웹툰,2025-12,28800,10.0,2454,132,2026-09-02T09:04:12+09:00
400980564,킬러의 최애 4,킬러의 최애,4,,,오시마 린타로,대원씨아이(만화),2026-08,6300,,1380,133,2026-09-02T09:04:12+09:00
337054427,패밀리 레스토랑 가자. 上,패밀리 레스토랑 가자. 上,,,,와야마 야마,문학동네,2024-04,7650,9.7,31684,134,2026-09-02T09:04:12+09:00
393688901,카구라바치 10 (트리플특전판),카구라바치,10,트리플특전판,- 초판한정 일러스트 시네마티켓 + 애니메이션 KV카드 + 검사들 일러스트카드,호카조노 타케루,대원씨아이(만화),2026-05,5850,9.8,19290,135,2026-09-02T09:04:12+09:00
394045519,아멜리아의 호기심 많은 로맨스 2,아멜리아의 호기심 많은 로맨스,2,,- 루나 코믹스,코하쿠 요루,㈜소미미디어,2026-06,6300,10.0,9330,136,2026-09-02T09:04:12+09:00
397284418,슈퍼 러버즈 19,슈퍼 러버즈,19,,,아베 미유키,서울미디어코믹스(서울문화사),2026-07,5400,10.0,8345,137,2026-09-02T09:04:12+09:00
349202721,일러스트레이터를 위한 색과 빛 마스터 가이드북 : COLOR & LIGHT,일러스트레이터를 위한 색과 빛 마스터 가이드북 : COLOR & LIGHT,,,,3D토털 퍼블리싱,영진.com(영진닷컴),2024-10,28800,10.0,11250,138,2026-09-02T09:04:12+09:00
398867421,찍히지 않습니다 7,찍히지 않습니다,7,,"- S코믹스 /초판 한정 일러스트 카드, 폴라로이드 사진풍 카드 2종",코노시마 루카,㈜소미미디어,2026-08,6300,10.0,10145,139,2026-09-02T09:04:12+09:00
393546382,봇치·더·록! 외전 히로이 키쿠리의 과음일기 5,봇치·더·록! 외전 히로이 키쿠리의 과음일기,5,,,쿠미쵸,대원씨아이(만화),2026-05,8100,10.0,9330,140,2026-09-02T09:04:12+09:00
399781349,윈드 브레이커 15~16 세트 - 전2권,윈드 브레이커 15~16 세트 - 전2권,,,"- 초판한정부록 : 일러스트카드 1종, 아코디언카드 1종",니이 사토루,리디(RIDI),2026-08,10800,10.0,7920,141,2026-09-02T09:04:12+09:00
400246321,황천의 츠가이 12 (특별판),황천의 츠가이,12,특별판,- 초판부록 2종 + 패키지 박스 + 운명의 쌍둥이 아크릴 스탠드 1종 + 가브리엘 아크릴 참 키링 1종+ 시그니처 포토카드 1종 + 빅 캔배지 1종 + 홀로그램 카드 2종,아라카와 히로무,대원씨아이(만화),2026-08,25650,,4980,142,2026-09-02T09:04:12+09:00
400247736,만화 인소의 법칙 9 (한정판),만화 인소의 법칙,9,한정판,- 구성: 단행본 + 은지호 PET 스탠드 + 우주인 학생증 + 신용카드 스티커 2종 + 엽서 4종 + 미니 표지 아크릴 키링,아현,디앤씨웹툰비즈,2026-08,25200,,3850,143,2026-09-02T09:04:12+09:00
225772243,달빛천사 애장판 2,달빛천사 애장판,2,,,타네무라 아리나,서울미디어코믹스(서울문화사),2020-01,8550,10.0,3701,144,2026-09-02T09:04:12+09:00
401097694,피가 이어지지 않은 우리가 가족이 되는 단 하나의 방법 1,피가 이어지지 않은 우리가 가족이 되는 단 하나의 방법,1,,,히바리유,오팬스노벨,2026-08,7650,,2250,145,2026-09-02T09:04:12+09:00
400652779,스노우볼 어스 4,스노우볼 어스,4,,- 시프트코믹스,츠지츠구 유우히로,YNK MEDIA(만화),2026-08,5400,10.0,1880,146,2026-09-02T09:04:12+09:00
398869483,홀로서기 마왕성 12,홀로서기 마왕성,12,,,모리시타 마코토,대원씨아이(만화),2026-07,5400,9.3,1035,147,2026-09-02T09:04:12+09:00
401009461,달의 아이 신장판 8,달의 아이 신장판,8,,- 완결,시미즈 레이코,서울미디어코믹스(서울문화사),2026-08,16200,,1110,148,2026-09-02T09:04:12+09:00
396695591,루리 드래곤 5,루리 드래곤,5,,"- 초판특전: 일러스트 카드, 일러스트 스탠딩 POP",신도 마사오키,서울미디어코믹스(서울문화사),2026-06,5400,8.7,8450,149,2026-09-02T09:04:12+09:00
400225135,"내가 연인이 될 수 있을 리 없잖아, 무리무리! (※무리가 아니었다?!) 8","내가 연인이 될 수 있을 리 없잖아, 무리무리! (※무리가 아니었다?!)",8,,"- S Novel+ , 초판 한정 책갈피, 쇼트스토리 소책자",미카미 테렌,㈜소미미디어,2026-08,9450,10.0,6450,150,2026-09-02T09:04:12+09:00
395170753,도쿄 학생 애처가 4,도쿄 학생 애처가,4,,,카유카와 스즈,학산문화사(만화),2026-06,6300,9.8,3580,151,2026-09-02T09:04:12+09:00
400157314,2120,2120,,,,조지 와일솔,프시케의숲,2026-08,27000,10.0,3090,152,2026-09-02T09:04:12+09:00
399953433,추우면 변하는 헤비가미 군 2,추우면 변하는 헤비가미 군,2,,"- SL Comic /초판 한정 특전: 띠지, PET 스탠드, 일러스트 스티커",쿠리미야,디앤씨미디어(주)(D&C미디어),2026-08,6300,,2760,153,2026-09-02T09:04:12+09:00
400594187,아마 그녀는 우리 형을 노리고 있을 거야 1,아마 그녀는 우리 형을 노리고 있을 거야,1,,"- 초판 특전 양면 일러스트카드, 양면 일러스트 코스터",이세 마루노,서울미디어코믹스(서울문화사),2026-08,6300,,2220,154,2026-09-02T09:04:12+09:00
400856516,아오아시 17,아오아시,17,,,코바야시 유고,대원씨아이(만화),2026-08,5850,,1700,155,2026-09-02T09:04:12+09:00
400878569,오컬트 타임즈 1,오컬트 타임즈,1,,- 초판 한정 : 일러스트 카드 부록 2종,Idonchi,서울미디어코믹스(서울문화사),2026-08,6300,10.0,1270,156,2026-09-02T09:04:12+09:00
366362146,엄마를 만나러 가는 길 1,엄마를 만나러 가는 길,1,,,고먕,네이버웹툰,2025-08,16020,10.0,15156,157,2026-09-02T09:04:12+09:00
398727110,봇치·더·록! 앤솔러지 코믹 6,봇치·더·록! 앤솔러지 코믹,6,,,치바 사도루,대원씨아이(만화),2026-07,8100,10.0,6710,158,2026-09-02T09:04:12+09:00
399381869,담배 고양이 5,담배 고양이,5,,,냥냥 팩토리,대원씨아이(만화),2026-07,5400,,4235,159,2026-09-02T09:04:12+09:00
309059685,판타지 배색 아이디어 사전,판타지 배색 아이디어 사전,,,- 세계관을 창조하는,사쿠라이 테루코,한즈미디어(한스미디어),2023-01,5630,10.0,4026,160,2026-09-02T09:04:12+09:00
398869909,나나 NANA 완전판 11,나나 NANA 완전판,11,,"- 초판 한정 PP엽서 1종, 포토카드 1종",야자와 아이,학산문화사(만화),2026-07,10800,,3710,161,2026-09-02T09:04:12+09:00
400154065,달님이 바라시는 대로 9,달님이 바라시는 대로,9,,,키우치 라무네,서울미디어코믹스(서울문화사),2026-08,5400,,2890,162,2026-09-02T09:04:12+09:00
399465061,신석기 시대부터 AI 시대까지 만화로 꿰뚫는 경제사,신석기 시대부터 AI 시대까지 만화로 꿰뚫는 경제사,,,- 물질적 풍요는 우리를 행복하게 만들었을까,,클,2026-08,19800,10.0,2205,163,2026-09-02T09:04:12+09:00
400340156,마끼아또의 일러스트 레벨업 테크닉,마끼아또의 일러스트 레벨업 테크닉,,,- 초보가 가장 많이 막히는 고민 해결집,마끼아또,AK(에이케이)커뮤니케이션즈,2026-08,19800,10.0,1930,164,2026-09-02T09:04:12+09:00
400707775,곰과 토끼는 친구로 지낼 수 없다 2,곰과 토끼는 친구로 지낼 수 없다,2,,,이누요시 아키라,대원씨아이(만화),2026-08,6300,,1620,165,2026-09-02T09:04:12+09:00
400856505,아오아시 16,아오아시,16,,,코바야시 유고,대원씨아이(만화),2026-08,5850,,1590,166,2026-09-02T09:04:12+09:00
400669134,반에서 두 번째로 귀여운 여자애와 친구가 되었다 6,반에서 두 번째로 귀여운 여자애와 친구가 되었다,6,,"- 왈츠 코믹스, 초판 한정 특전 : 일러스트 카드 1종, 포토카드 2종",오노 린,조은세상(북두),2026-08,5400,,1850,167,2026-09-02T09:04:12+09:00
292511593,가라오케 가자!,가라오케 가자!,,,,와야마 야마,문학동네,2022-04,7650,9.6,28852,168,2026-09-02T09:04:12+09:00
388137331,3월의 벽력 1,3월의 벽력,1,,,이케 준코,대원씨아이(만화),2026-03,5400,9.5,8448,169,2026-09-02T09:04:12+09:00
385131551,야마다 군과 Lv999의 사랑을 하다 5,야마다 군과 Lv999의 사랑을 하다,5,,,마시로,디앤씨미디어(주)(D&C미디어),2026-01,7200,9.8,6906,170,2026-09-02T09:04:12+09:00
385131682,야마다 군과 Lv999의 사랑을 하다 6,야마다 군과 Lv999의 사랑을 하다,6,,,마시로,디앤씨미디어(주)(D&C미디어),2026-01,7200,9.8,6361,171,2026-09-02T09:04:12+09:00
388852450,담배 고양이 1,담배 고양이,1,,,냥냥 팩토리,대원씨아이(만화),2026-03,5400,10.0,5651,172,2026-09-02T09:04:12+09:00
397904410,나 혼자만 레벨업 : 라그나로크 3,나 혼자만 레벨업 : 라그나로크,3,,- 만화,,디앤씨웹툰비즈,2026-07,14400,10.0,5635,173,2026-09-02T09:04:12+09:00
290092090,아이다이로 화집 지박소년 하나코 군,아이다이로 화집 지박소년 하나코 군,,,,아이다이로,서울미디어코믹스(서울문화사),2022-03,16200,10.0,4255,174,2026-09-02T09:04:12+09:00
400307585,재혼황후 11,재혼황후,11,,- 만화,히어리,영컴(YOUNG COM),2026-08,15120,,1980,175,2026-09-02T09:04:12+09:00
395745763,아카네 이야기 15,아카네 이야기,15,,,유키 스에나가,학산문화사(만화),2026-06,5400,9.8,1565,176,2026-09-02T09:04:12+09:00
400878045,온통 여우 1 (한정판),온통 여우,1,한정판,- 구성: 단행본(초판 특전 포함) + 커스텀 아크릴 키링 + 홀로그램 아크릴 일러스트 카드 + 판 스티커,Ayami Morinaga,서울미디어코믹스(서울문화사),2026-08,22500,10.0,1510,177,2026-09-02T09:04:12+09:00
400585911,녹풍당의 사계절 21,녹풍당의 사계절,21,,,시미즈 유우,대원씨아이(만화),2026-08,4500,,1640,178,2026-09-02T09:04:12+09:00
400647477,만화를 잘 그리기 위한 노하우 도감,만화를 잘 그리기 위한 노하우 도감,,,,사이드랜치(Sideranch),영진.com(영진닷컴),2026-08,18000,,1560,179,2026-09-02T09:04:12+09:00
401247989,독점 마이 히어로 15,독점 마이 히어로,15,,- 코믹 라르고 Comic Largo,아리이 메메코,조은세상(북두),2026-09,5400,,1310,180,2026-09-02T09:04:12+09:00
401009550,월광천녀 애장판 8,월광천녀 애장판,8,,,시미즈 레이코,서울미디어코믹스(서울문화사),2026-08,16200,,880,181,2026-09-02T09:04:12+09:00
373383665,언제나 기억해,언제나 기억해,,,"- 소년과 두더지와 여우와 말, 그리고 폭풍우",찰리 맥커시,상상의힘,2025-10,19800,10.0,17762,182,2026-09-02T09:04:12+09:00
399924966,팬텀 버스터즈 7 (한정판),팬텀 버스터즈,7,한정판,"- CD 라벨풍 스티커 + CD 자켓풍 일러스트 카드 2종 + 아크릴 키링 4종, M형 티켓 + 양면 어나더 커버 + 초판 한정 일러스트 카드, S코믹스",네오쇼코,㈜소미미디어,2026-08,27000,,13940,183,2026-09-02T09:04:12+09:00
388349614,카구라바치 9 (더블특전판),카구라바치,9,더블특전판,"- 엔텐, 일러스트 시네마 티켓 + 요도 계약자 pp 북마크",호카조노 타케루,대원씨아이(만화),2026-03,5850,,11164,184,2026-09-02T09:04:12+09:00
390776539,3월의 라이온 18,3월의 라이온,18,,,우미노 치카,시리얼(학산문화사),2026-04,7200,10.0,10742,185,2026-09-02T09:04:12+09:00
399050948,세금으로 산 책 1,세금으로 산 책,1,,- 시프트코믹스,케이야마 케이,YNK MEDIA(만화),2026-07,5850,10.0,5380,186,2026-09-02T09:04:12+09:00
393753728,수상한 경찰 1 (트리플 특전판),수상한 경찰,1,트리플 특전판,- 초판한정 일러스트 북마크 1종 + 일러스트 엽서 4종 + 캐릭터 프로필 카드 4종,무키시츠,대원씨아이(만화),2026-05,9000,9.6,5515,187,2026-09-02T09:04:12+09:00
373999390,야마다 군과 Lv999의 사랑을 하다 3,야마다 군과 Lv999의 사랑을 하다,3,,,마시로,디앤씨미디어(주)(D&C미디어),2025-09,7200,9.8,5420,188,2026-09-02T09:04:12+09:00
373999147,야마다 군과 Lv999의 사랑을 하다 2,야마다 군과 Lv999의 사랑을 하다,2,,,마시로,디앤씨미디어(주)(D&C미디어),2025-09,7200,9.8,5395,189,2026-09-02T09:04:12+09:00
400136861,누나의 친구 4,누나의 친구,4,,,타카세 와카,학산문화사(만화),2026-08,5400,,3750,190,2026-09-02T09:04:12+09:00
400006799,유녀전기 21,유녀전기,21,,- 노엔 코믹스,토죠 치카,데이즈엔터(주),2026-08,5400,10.0,2620,191,2026-09-02T09:04:12+09:00
398203513,톰 폭스의 옷을 입은 캐릭터 드로잉 : 아티스트를 위한 옷과 주름 그리기 가이드,톰 폭스의 옷을 입은 캐릭터 드로잉 : 아티스트를 위한 옷과 주름 그리기 가이드,,,,톰 폭스,한즈미디어(한스미디어),2026-07,28800,10.0,2480,192,2026-09-02T09:04:12+09:00
400545629,파인더의 도피행,파인더의 도피행,,,- 뉴 루비코믹스 3165,야마네 아야노,현대지능개발사,2026-08,7830,,2000,193,2026-09-02T09:04:12+09:00
400669111,커다란 네가 제일 귀여워,커다란 네가 제일 귀여워,,,- 라르고 맥스 Largo Max,유키하루,조은세상(북두),2026-08,6300,,1230,194,2026-09-02T09:04:12+09:00
400909336,라면 재유기 13,라면 재유기,13,,,쿠베 로쿠로,대원씨아이(만화),2026-08,5850,,1250,195,2026-09-02T09:04:12+09:00
401049347,냄비로 총알을 막아내며 3,냄비로 총알을 막아내며,3,,,아오키 준타로,블루픽,2026-08,7200,,1080,196,2026-09-02T09:04:12+09:00
401049303,냄비로 총알을 막아내며 2,냄비로 총알을 막아내며,2,,,아오키 준타로,블루픽,2026-08,7200,,1080,197,2026-09-02T09:04:12+09:00
392518622,타몬 군 지금 어느 쪽?! 12,타몬 군 지금 어느 쪽?!,12,,,시와스 유키,학산문화사(만화),2026-05,5400,10.0,14855,198,2026-09-02T09:04:12+09:00
393311014,히카루가 죽은 여름 8,히카루가 죽은 여름,8,,"- SL Comic, 초판 한정 특전 띠지, 일러스트 카드 & 클리어 일러스트 카드 세트 (2종 중 1종)",모쿠모쿠렌,디앤씨미디어(주)(D&C미디어),2026-05,6300,9.7,11990,199,2026-09-02T09:04:12+09:00
322919098,향기로운 꽃은 늠름하게 핀다 1,향기로운 꽃은 늠름하게 핀다,1,,,미카미 사카,대원씨아이(만화),2023-08,5400,9.7,9592,200,2026-09-02T09:04:12+09:00
315020417,헌터x헌터 HunterXHunter 신장판 37,헌터x헌터 HunterXHunter 신장판,37,,,토가시 요시히로,학산문화사(만화),2023-04,5400,10.0,9096,201,2026-09-02T09:04:12+09:00
384933730,아멜리아의 호기심 많은 로맨스 1,아멜리아의 호기심 많은 로맨스,1,,- 루나 코믹스,코하쿠 요루,㈜소미미디어,2026-02,6300,9.8,6089,202,2026-09-02T09:04:12+09:00
399055597,Re : 제로부터 시작하는 이세계 생활 43,Re : 제로부터 시작하는 이세계 생활,43,,"- Novel Engine / 초판한정 특별부록 : 띠지, 일러스트 카드",나가츠키 탓페이,데이즈엔터(주),2026-08,7200,,5965,203,2026-09-02T09:04:12+09:00
385131522,야마다 군과 Lv999의 사랑을 하다 4,야마다 군과 Lv999의 사랑을 하다,4,,,마시로,디앤씨미디어(주)(D&C미디어),2026-01,7200,9.8,5744,204,2026-09-02T09:04:12+09:00
373998674,야마다 군과 Lv999의 사랑을 하다 1,야마다 군과 Lv999의 사랑을 하다,1,,,마시로,디앤씨미디어(주)(D&C미디어),2025-09,7200,9.8,5499,205,2026-09-02T09:04:12+09:00
395173556,내 마음의 위험한 녀석 13,내 마음의 위험한 녀석,13,,- S코믹스,사쿠라이 노리오,㈜소미미디어,2026-06,6300,9.4,5020,206,2026-09-02T09:04:12+09:00
399782154,어차피 울 거라면 사랑이 좋아 9,어차피 울 거라면 사랑이 좋아,9,,,쿠사카 아키,학산문화사(만화),2026-08,5400,10.0,4020,207,2026-09-02T09:04:12+09:00
399540525,전희 서바이벌 사가 3,전희 서바이벌 사가,3,,,OTOSAMA,오팬스코믹,2026-07,6300,10.0,3740,208,2026-09-02T09:04:12+09:00
397995094,수상한 경찰 2 (더블특전판),수상한 경찰,2,더블특전판,- 띠지 + 초판한정 일러스트 카드 1종 + 선착순 더블특전 포토카드 1종,무키시츠,대원씨아이(만화),2026-07,9000,9.5,2965,209,2026-09-02T09:04:12+09:00
400543319,우자키 양은 놀고싶어! 14,우자키 양은 놀고싶어!,14,,,타케,대원씨아이(만화),2026-08,4950,,2400,210,2026-09-02T09:04:12+09:00
398285038,포켓몬스터 스페셜 63,포켓몬스터 스페셜,63,,,쿠사카 히데노리,대원씨아이(만화),2026-07,4950,,2625,211,2026-09-02T09:04:12+09:00
393544789,향기로운 꽃은 늠름하게 핀다 20,향기로운 꽃은 늠름하게 핀다,20,,,미카미 사카,대원씨아이(만화),2026-05,5400,,1540,212,2026-09-02T09:04:12+09:00
400712982,내 백합도 영업인 줄 알았어?,내 백합도 영업인 줄 알았어?,,,"- Novel Engine , 초판한정 특별부록 : 띠지 + 일러스트 카드",아사쿠라 네루,코믹레인,2026-09,7200,,1810,213,2026-09-02T09:04:12+09:00
400980630,룸메이트 1,룸메이트,1,,,사토 아키히토,대원씨아이(만화),2026-08,6750,,800,214,2026-09-02T09:04:12+09:00
374587018,원피스 112,원피스,112,,- 할리(신전),오다 에이치로,대원씨아이(만화),2025-10,5400,10.0,26969,215,2026-09-02T09:04:12+09:00
396644572,포켓몬 생태도감 특별판,포켓몬 생태도감 특별판,,,,주식회사 포켓몬,대원씨아이(단행본),2026-06,44100,10.0,23115,216,2026-09-02T09:04:12+09:00
385946226,만화의 원리,만화의 원리,,,,이리에 아키,대원씨아이(만화),2026-02,21600,9.4,17859,217,2026-09-02T09:04:12+09:00
193382764,페르세폴리스,페르세폴리스,,,,마르얀 사트라피,휴머니스트,2019-06,28800,8.6,14931,218,2026-09-02T09:04:12+09:00
366362586,엄마를 만나러 가는 길 2,엄마를 만나러 가는 길,2,,,고먕,네이버웹툰,2025-08,16020,10.0,14418,219,2026-09-02T09:04:12+09:00
399403043,얼굴만으론 좋아할 수 없어요 17 (한정판),얼굴만으론 좋아할 수 없어요,17,한정판,- 한국 오리지널 일러스트 양면 커버 + 아크릴 스탠드 + 소책자 + 스페셜 일러스트 카드 2종 + 미니 일러스트 보드 (일반판 초판특전은 포함되지 않음),안자이 카린,서울미디어코믹스(서울문화사),2026-07,22500,10.0,13715,220,2026-09-02T09:04:12+09:00
390778469,원펀맨 One Punch Man 34,원펀맨 One Punch Man,34,,- 여명,ONE,대원씨아이(만화),2026-04,5400,9.2,13469,221,2026-09-02T09:04:12+09:00
393769371,가르쳐줘 집사 2,가르쳐줘 집사,2,,,마사키 미치,서울미디어코믹스(서울문화사),2026-05,6300,9.7,13495,222,2026-09-02T09:04:12+09:00
385786461,스킵과 로퍼 11 (더블 특전판),스킵과 로퍼,11,더블 특전판,"- 미츠미 아크릴 POP + 명장면 흑백 스티커 4종 (초판 특전), 시프트코믹스",타카마츠 미사키,YNK MEDIA(만화),2026-02,5400,8.4,11587,223,2026-09-02T09:04:12+09:00
397047378,반딧불이의 혼례 11,반딧불이의 혼례,11,,,타치바나 오레코,서울미디어코믹스(서울문화사),2026-06,7650,10.0,11085,224,2026-09-02T09:04:12+09:00
392518701,블루 록 35,블루 록,35,,,노무라 유스케,학산문화사(만화),2026-05,5400,9.8,9950,225,2026-09-02T09:04:12+09:00
397047219,쇼타 형아 7,쇼타 형아,7,,- BLovers Comics /초판 한정 더블 특전 : 양면 일러스트 카드 2종,나카야마 미유키,서울미디어코믹스(서울문화사),2026-06,5850,9.4,7710,226,2026-09-02T09:04:12+09:00
298605858,헌터x헌터 HunterXHunter 신장판 36,헌터x헌터 HunterXHunter 신장판,36,,,토가시 요시히로,학산문화사(만화),2020-03,5400,,7753,227,2026-09-02T09:04:12+09:00
350620490,향기로운 꽃은 늠름하게 핀다 11,향기로운 꽃은 늠름하게 핀다,11,,,미카미 사카,대원씨아이(만화),2024-10,5400,9.8,7272,228,2026-09-02T09:04:12+09:00
394695461,블루 록 36,블루 록,36,,,노무라 유스케,학산문화사(만화),2026-06,5400,,6310,229,2026-09-02T09:04:12+09:00
389597923,황천의 츠가이 10,황천의 츠가이,10,,,아라카와 히로무,대원씨아이(만화),2026-04,5850,10.0,5549,230,2026-09-02T09:04:12+09:00
396574570,Re : 제로부터 시작하는 이세계 생활 42,Re : 제로부터 시작하는 이세계 생활,42,,"- Novel Engine /초판한정 특별부록 : 띠지, 일러스트 카드",나가츠키 탓페이,데이즈엔터(주),2026-07,7200,10.0,5070,231,2026-09-02T09:04:12+09:00
394099635,담배 고양이 3,담배 고양이,3,,,냥냥 팩토리,대원씨아이(만화),2026-05,5400,10.0,4465,232,2026-09-02T09:04:12+09:00
396049036,담배 고양이 4,담배 고양이,4,,,냥냥 팩토리,대원씨아이(만화),2026-06,5400,10.0,4175,233,2026-09-02T09:04:12+09:00
396766600,유루캠 18,유루캠,18,,,아프로,대원씨아이(만화),2026-06,4950,9.6,4115,234,2026-09-02T09:04:12+09:00
399451773,숨막힐 정도의 사랑을 줄게 7,숨막힐 정도의 사랑을 줄게,7,,,이와시타 케이코,대원씨아이(만화),2026-07,5400,,3935,235,2026-09-02T09:04:12+09:00
390907872,향기로운 꽃은 늠름하게 핀다 19,향기로운 꽃은 늠름하게 핀다,19,,,미카미 사카,대원씨아이(만화),2026-04,5400,,3420,236,2026-09-02T09:04:12+09:00
400587655,킬블루 13,킬블루,13,,,후지마키 타다토시,대원씨아이(만화),2026-08,5400,,1840,237,2026-09-02T09:04:12+09:00
400585712,버그 에고 2,버그 에고,2,,- S코믹스,시타라 키요토,㈜소미미디어,2026-08,6300,,1280,238,2026-09-02T09:04:12+09:00
400909457,우린 엇갈리고 있다 1,우린 엇갈리고 있다,1,,,미나모토 유,대원씨아이(만화),2026-08,5850,,890,239,2026-09-02T09:04:12+09:00
400860220,작전명 순정 7,작전명 순정,7,,,꼬까리,영진.com(영진닷컴),2026-08,14400,,960,240,2026-09-02T09:04:12+09:00
400860566,작전명 순정 8,작전명 순정,8,,,꼬까리,영진.com(영진닷컴),2026-08,14400,,930,241,2026-09-02T09:04:12+09:00
400921733,이세계 전생 던전 마스터 온천 던전을 만들다 1,이세계 전생 던전 마스터 온천 던전을 만들다,1,,"- S Novel+, 초판 한정 아마하라 신규 일러스트 양면커버, 일러스트카드",아마하라,㈜소미미디어,2026-09,9000,,1130,242,2026-09-02T09:04:12+09:00
401052876,만화 이상적인 기둥서방 생활 11,만화 이상적인 기둥서방 생활,11,,,히노츠키 네코,길찾기,2026-08,6300,8.0,950,243,2026-09-02T09:04:12+09:00
398221799,메달리스트 14,메달리스트,14,,,츠루마이카다,학산문화사(만화),2026-07,5400,10.0,16105,244,2026-09-02T09:04:12+09:00
362375950,불가항력의 I LOVE YOU 4,불가항력의 I LOVE YOU,4,,,호시노 미즈키,서울미디어코믹스(서울문화사),2025-04,5400,9.7,10573,245,2026-09-02T09:04:12+09:00
353810399,헌터x헌터 HunterXHunter 신장판 38,헌터x헌터 HunterXHunter 신장판,38,,,토가시 요시히로,학산문화사(만화),2024-12,5400,9.8,10244,246,2026-09-02T09:04:12+09:00
368087158,불가항력의 I LOVE YOU 5,불가항력의 I LOVE YOU,5,,,호시노 미즈키,서울미디어코믹스(서울문화사),2025-07,5400,9.5,9140,247,2026-09-02T09:04:12+09:00
341684925,불가항력의 I LOVE YOU 1,불가항력의 I LOVE YOU,1,,,호시노 미즈키,서울미디어코믹스(서울문화사),2024-06,5400,9.6,9128,248,2026-09-02T09:04:12+09:00
393238375,양 선배는 혼자서 살아갈 수 없어 2,양 선배는 혼자서 살아갈 수 없어,2,,- 초판부록 : 일러스트 카드 1종 + 띠지,soon챠,대원씨아이(만화),2026-05,5850,9.9,8235,249,2026-09-02T09:04:12+09:00
342785369,불가항력의 I LOVE YOU 2,불가항력의 I LOVE YOU,2,,,호시노 미즈키,서울미디어코믹스(서울문화사),2024-07,5400,9.4,8236,250,2026-09-02T09:04:12+09:00
353421098,불가항력의 I LOVE YOU 3,불가항력의 I LOVE YOU,3,,,호시노 미즈키,서울미디어코믹스(서울문화사),2024-12,5400,9.3,7931,251,2026-09-02T09:04:12+09:00
294401191,헌터x헌터 HunterXHunter 신장판 35,헌터x헌터 HunterXHunter 신장판,35,,,토가시 요시히로,학산문화사(만화),2019-03,5400,2.0,7579,252,2026-09-02T09:04:12+09:00
335258160,향기로운 꽃은 늠름하게 핀다 6,향기로운 꽃은 늠름하게 핀다,6,,,미카미 사카,대원씨아이(만화),2024-02,5400,10.0,7600,253,2026-09-02T09:04:12+09:00
343487620,향기로운 꽃은 늠름하게 핀다 10,향기로운 꽃은 늠름하게 핀다,10,,,미카미 사카,대원씨아이(만화),2024-07,5400,9.9,7290,254,2026-09-02T09:04:12+09:00
318850889,마루는 강쥐 1,마루는 강쥐,1,,,모죠,문페이스,2023-07,14400,10.0,7252,255,2026-09-02T09:04:12+09:00
297448639,방과 후 소년 하나코 군,방과 후 소년 하나코 군,,,,아이다이로,서울미디어코믹스(서울문화사),2022-07,5400,10.0,6090,256,2026-09-02T09:04:12+09:00
390998609,담배 고양이 2,담배 고양이,2,,,냥냥 팩토리,대원씨아이(만화),2026-04,5400,10.0,4563,257,2026-09-02T09:04:12+09:00
395357976,Veil 7,Veil,7,,"- S코믹스, JAPAN EXPO 최우수작화상, 최우수장정상 수상",코테리,㈜소미미디어,2026-06,11520,,4710,258,2026-09-02T09:04:12+09:00
394588669,천국대마경 12,천국대마경,12,,- S코믹스,이시구로 마사카즈,㈜소미미디어,2026-06,6300,9.0,4635,259,2026-09-02T09:04:12+09:00
397904768,푸른 상자 24,푸른 상자,24,,,미우라 코우지,학산문화사(만화),2026-07,5400,10.0,4405,260,2026-09-02T09:04:12+09:00
397745987,Myther 2,Myther,2,,"- S코믹스 /초판 한정 양면 일러스트 카드, 초판 한정 PET 일러스트 카드",야츠다 테키,㈜소미미디어,2026-07,6300,,4240,261,2026-09-02T09:04:12+09:00
330441742,기븐 9,기븐,9,,- 뉴 루비코믹스 2970,키즈 나츠키,현대지능개발사,2023-12,5400,9.7,3837,262,2026-09-02T09:04:12+09:00
284922100,장례식 케이크 전문점 연옥당 1,장례식 케이크 전문점 연옥당,1,,- 양장,산호,문학동네,2021-12,17100,10.0,3817,263,2026-09-02T09:04:12+09:00
225770299,달빛천사 애장판 1,달빛천사 애장판,1,,,타네무라 아리나,서울미디어코믹스(서울문화사),2020-01,8550,9.5,3619,264,2026-09-02T09:04:12+09:00
305148069,장례식 케이크 전문점 연옥당 2,장례식 케이크 전문점 연옥당,2,,- 양장,산호,문학동네,2022-11,18900,10.0,3634,265,2026-09-02T09:04:12+09:00
400197602,타로의 얼렁뚱땅 2,타로의 얼렁뚱땅,2,,,야츠미 츠무,서울미디어코믹스(서울문화사),2026-08,5850,,2770,266,2026-09-02T09:04:12+09:00
298959168,아이다이로 화집 지박소년 하나코 군 2,아이다이로 화집 지박소년 하나코 군,2,,,아이다이로,서울미디어코믹스(서울문화사),2022-08,16200,,3267,267,2026-09-02T09:04:12+09:00
331618813,먼작귀 1 (그림책 포함 특별판),먼작귀,1,그림책 포함 특별판,- 먼가 작고 귀여운 녀석,나가노,미우(대원씨아이),2022-06,17820,,2131,268,2026-09-02T09:04:12+09:00
395945478,향기로운 꽃은 늠름하게 핀다 9,향기로운 꽃은 늠름하게 핀다,9,,,미카미 사카,대원씨아이(만화),2026-06,6300,,1950,269,2026-09-02T09:04:12+09:00
400585950,보루토 -TWO BLUE VORTEX- 5,보루토 -TWO BLUE VORTEX-,5,,,이케모토 미키오,대원씨아이(만화),2026-08,5850,,1770,270,2026-09-02T09:04:12+09:00
396581696,향기로운 꽃은 늠름하게 핀다 12,향기로운 꽃은 늠름하게 핀다,12,,,미카미 사카,대원씨아이(만화),2025-01,6300,,1525,271,2026-09-02T09:04:12+09:00
400585727,전격데이지 애장판 1,전격데이지 애장판,1,,- 루나 코믹스,모토미 쿄스케,㈜소미미디어,2026-08,12600,10.0,1450,272,2026-09-02T09:04:12+09:00
400856423,처형당한 현자는 리치로 전생하여 침략전쟁을 시작한다 15,처형당한 현자는 리치로 전생하여 침략전쟁을 시작한다,15,,,쿠니토모 쇼타로,대원씨아이(만화),2026-08,4950,10.0,1010,273,2026-09-02T09:04:12+09:00
400856452,치하야 리스타트! 2,치하야 리스타트!,2,,,타케우치 홀로,대원씨아이(만화),2026-08,5850,,970,274,2026-09-02T09:04:12+09:00
400860690,작전명 순정 9,작전명 순정,9,,,꼬까리,영진.com(영진닷컴),2026-08,14400,,910,275,2026-09-02T09:04:12+09:00
400917239,전생 악녀의 흑역사 18,전생 악녀의 흑역사,18,,,토우카 아키하루,서울미디어코믹스(서울문화사),2026-08,4500,,850,276,2026-09-02T09:04:12+09:00
400980709,키스 다음부터는 애드리브로,키스 다음부터는 애드리브로,,,- B愛+752,키사라기 마나미,대원씨아이(만화),2026-08,5850,2.0,630,277,2026-09-02T09:04:12+09:00
401041322,술에 취한 영애가 영웅을 몰라보고 구혼한 결과 1,술에 취한 영애가 영웅을 몰라보고 구혼한 결과,1,,,오오토리,대원씨아이(만화),2026-08,5850,,710,278,2026-09-02T09:04:12+09:00
391828072,열혈강호 95,열혈강호,95,,,전극진,대원씨아이(만화),2026-04,4950,9.6,12640,279,2026-09-02T09:04:12+09:00
397744206,학생회에도 구멍은 있다! 12,학생회에도 구멍은 있다!,12,,- S코믹스,무치마로,㈜소미미디어,2026-07,6300,9.0,10195,280,2026-09-02T09:04:12+09:00
335112422,주술회전 25,주술회전,25,,- 인외마경 신주쿠 결전,아쿠타미 게게,서울미디어코믹스(서울문화사),2024-02,5400,9.6,10091,281,2026-09-02T09:04:12+09:00
392509863,아름다운 초저녁달 10,아름다운 초저녁달,10,,,야마모리 미카,학산문화사(만화),2026-05,5400,9.5,9995,282,2026-09-02T09:04:12+09:00
299392454,자연스러운 인체 드로잉,자연스러운 인체 드로잉,,,- 해부학부터 옷 주름까지 배우는,소은 박경선,동양북스(동양문고),2022-08,21150,10.0,9905,283,2026-09-02T09:04:12+09:00
398221849,메달리스트 공식 팬북 더블특전판,메달리스트 공식 팬북 더블특전판,,,- 수량 한정 더블 특전 : 일러스트 카드 + 네컷사진,츠루마이카다,학산문화사(만화),2026-07,13500,10.0,9630,284,2026-09-02T09:04:12+09:00
374965771,불가항력의 I LOVE YOU 6,불가항력의 I LOVE YOU,6,,,호시노 미즈키,서울미디어코믹스(서울문화사),2025-10,5400,9.7,8976,285,2026-09-02T09:04:12+09:00
396563591,히나타의 블루 6,히나타의 블루,6,,"- 완결, 루나 코믹스 / 초판 한정 양면 어나더 커버, 렌티큘러 카드, 일러스트 카드",메구로 아무,㈜소미미디어,2026-07,6300,10.0,7730,286,2026-09-02T09:04:12+09:00
330062627,주술회전 24,주술회전,24,,- 주택대천 - 재귀 -,아쿠타미 게게,서울미디어코믹스(서울문화사),2023-12,5400,9.5,7834,287,2026-09-02T09:04:12+09:00
392518949,GACHIAKUTA 17,GACHIAKUTA,17,,,케이 우라나,학산문화사(만화),2026-05,5400,10.0,7780,288,2026-09-02T09:04:12+09:00
399045982,유희왕 애장판 21,유희왕 애장판,21,,,다카하시 카즈키,대원씨아이(만화),2026-07,10800,,6750,289,2026-09-02T09:04:12+09:00
394099665,킹덤 Kingdom 77,킹덤 Kingdom,77,,,하라 야스히사,대원씨아이(만화),2026-05,5400,10.0,6360,290,2026-09-02T09:04:12+09:00
394169724,쓰레기 기둥서방 하나 군은 죽고 싶어 해 3,쓰레기 기둥서방 하나 군은 죽고 싶어 해,3,,,아메코,대원씨아이(만화),2026-05,5850,9.7,5250,291,2026-09-02T09:04:12+09:00
399051208,세금으로 산 책 2,세금으로 산 책,2,,- 시프트코믹스,케이야마 케이,YNK MEDIA(만화),2026-07,5850,10.0,4030,292,2026-09-02T09:04:12+09:00
399782190,한밤중 하트튠 11,한밤중 하트튠,11,,,이가라시 마사쿠니,학산문화사(만화),2026-08,5400,,4165,293,2026-09-02T09:04:12+09:00
300919411,헌터x헌터 HunterXHunter 신장판 18,헌터x헌터 HunterXHunter 신장판,18,,,토가시 요시히로,학산문화사(만화),2015-07,5400,,3807,294,2026-09-02T09:04:12+09:00
385522768,옆자리 녀석이 그런 눈으로 쳐다본다 1,옆자리 녀석이 그런 눈으로 쳐다본다,1,,,mmk,학산문화사(만화),2026-02,6300,,3583,295,2026-09-02T09:04:12+09:00
305225003,헌터x헌터 HunterXHunter 신장판 22,헌터x헌터 HunterXHunter 신장판,22,,,토가시 요시히로,학산문화사(만화),2016-04,5400,,3672,296,2026-09-02T09:04:12+09:00
372904974,인간실격 무삭제판 1~3 세트- 전3권,인간실격 무삭제판 1~3 세트- 전3권,,,,이토 준지,미우(대원씨아이),2020-08,34560,,3341,297,2026-09-02T09:04:12+09:00
400153916,명탐정 코난 : 범인 한자와 씨 10,명탐정 코난 : 범인 한자와 씨,10,,,칸바 마유코,서울미디어코믹스(서울문화사),2026-08,5400,10.0,2940,298,2026-09-02T09:04:12+09:00
399953550,데스마치에서 시작되는 이세계 광상곡 34,데스마치에서 시작되는 이세계 광상곡,34,,"- L Novel /초판 한정 특전 : 띠지, 책갈피",아이나나 히로,디앤씨미디어(주)(D&C미디어),2026-08,9900,,2960,299,2026-09-02T09:04:12+09:00
324629346,그리고 마녀는 숲으로 갔다 1,그리고 마녀는 숲으로 갔다,1,,,산호,고블,2023-08,20700,9.2,3070,300,2026-09-02T09:04:12+09:00
399556315,이우일의 만화 그리스로마 신화 1~3 세트 - 전3권,이우일의 만화 그리스로마 신화 1~3 세트 - 전3권,,,,이우일,비채,2026-07,59850,,2410,301,2026-09-02T09:04:12+09:00
399900769,소꿉친구 컴플렉스 4~5 스페셜 세트 - 전2권,소꿉친구 컴플렉스 4~5 스페셜 세트 - 전2권,,,"- 초판 한정 부록 : 책갈피 2종(4, 5권 책갈피 각각 1종) + 렌티큘러 엽서 2종 + 증명사진 패키지 + 폴라로이드 4종 + 작가님 사인 인쇄본",은하이,네이버웹툰,2026-10,39600,,2480,302,2026-09-02T09:04:12+09:00
400006981,유녀전기 대대야사 1,유녀전기 대대야사,1,,- 노엔 코믹스 / 초판한정 특별부록 : 일러스트 카드 + 띠지,토죠 치카,데이즈엔터(주),2026-08,5400,10.0,2360,303,2026-09-02T09:04:12+09:00
313274245,네가 죽을 때까지 사랑하고 싶어 1,네가 죽을 때까지 사랑하고 싶어,1,,,나치 아오노,학산문화사(만화),2020-12,5400,,2238,304,2026-09-02T09:04:12+09:00
400224750,선생님으로 ○○하면 안 됩니다! 3,선생님으로 ○○하면 안 됩니다!,3,,- S코믹스,무샤사부,㈜소미미디어,2026-08,6300,,2110,305,2026-09-02T09:04:12+09:00
400150238,남편을 내 편으로 만드는 방법 5,남편을 내 편으로 만드는 방법,5,,,시루,캐롯툰,2026-10,14400,10.0,2280,306,2026-09-02T09:04:12+09:00
400001277,할렐루야 베이비 5,할렐루야 베이비,5,,,코지마 라라,AK(에이케이)커뮤니케이션즈,2026-08,5850,,1970,307,2026-09-02T09:04:12+09:00
400310759,호랑이형님 20,호랑이형님,20,,,이상규,영컴(YOUNG COM),2026-08,15120,,1590,308,2026-09-02T09:04:12+09:00
400707962,추방 당한 전생 중기사는 게임 지식으로 무쌍한다 12,추방 당한 전생 중기사는 게임 지식으로 무쌍한다,12,,,브로콜리,대원씨아이(만화),2026-08,5850,,1380,309,2026-09-02T09:04:12+09:00
388861705,얼굴만으론 좋아할 수 없어요 16,얼굴만으론 좋아할 수 없어요,16,,,안자이 카린,서울미디어코믹스(서울문화사),2026-03,5400,,1600,310,2026-09-02T09:04:12+09:00
400247880,만화 인소의 법칙 9,만화 인소의 법칙,9,,,아현,디앤씨웹툰비즈,2026-08,14400,,1510,311,2026-09-02T09:04:12+09:00
400585731,퀸즈 퀄리티 1,퀸즈 퀄리티,1,,- 루나 코믹스,모토미 쿄스케,㈜소미미디어,2026-08,6300,,1040,312,2026-09-02T09:04:12+09:00
400707945,우리들은 미쳤다 연모 4,우리들은 미쳤다 연모,4,,,안도 나츠미,대원씨아이(만화),2026-08,5400,,830,313,2026-09-02T09:04:12+09:00
401008380,렛츠고 괴기조 5,렛츠고 괴기조,5,,,View,㈜에스엠지크리에이티브(고은문화사),2026-08,5850,,660,314,2026-09-02T09:04:12+09:00
400930360,마로니에 왕국의 7인의 기사 7,마로니에 왕국의 7인의 기사,7,,,이와모토 나오,㈜소미미디어,2026-09,6300,,730,315,2026-09-02T09:04:12+09:00
256860565,사피엔스 : 그래픽 히스토리 Vol.1,사피엔스 : 그래픽 히스토리 Vol.1,,,- 인류의 탄생,,김영사,2020-11,17820,9.4,26265,316,2026-09-02T09:04:12+09:00
387708305,월간순정 노자키 군 17,월간순정 노자키 군,17,,,츠바키 이즈미,학산문화사(만화),2026-03,5400,9.8,11614,317,2026-09-02T09:04:12+09:00
391724964,가르쳐줘 집사 1,가르쳐줘 집사,1,,- 초판 한정 더블 특전 : 양면 코스터 & 포토카드 2종 세트,마사키 미치,서울미디어코믹스(서울문화사),2026-04,6300,9.7,10669,318,2026-09-02T09:04:12+09:00
186848330,쥐 The Complete Maus 합본,쥐 The Complete Maus 합본,,,,아트 슈피겔만,아름드리미디어,2014-06,18900,9.4,13728,319,2026-09-02T09:04:12+09:00
368857673,명탐정 코난 107,명탐정 코난,107,,,아오야마 고쇼,서울미디어코믹스(서울문화사),2025-07,5400,9.9,10368,320,2026-09-02T09:04:12+09:00
389928831,새벽의 연화 46,새벽의 연화,46,,,미즈호 쿠사나기,학산문화사(만화),2026-04,5400,9.8,10378,321,2026-09-02T09:04:12+09:00
369126143,주술회전 30,주술회전,30,,,아쿠타미 게게,서울미디어코믹스(서울문화사),2025-08,5400,10.0,9293,322,2026-09-02T09:04:12+09:00
327563621,향기로운 꽃은 늠름하게 핀다 2,향기로운 꽃은 늠름하게 핀다,2,,,미카미 사카,대원씨아이(만화),2023-10,5400,9.8,8294,323,2026-09-02T09:04:12+09:00
294400847,헌터x헌터 HunterXHunter 신장판 33,헌터x헌터 HunterXHunter 신장판,33,,,토가시 요시히로,학산문화사(만화),2018-05,5400,,8170,324,2026-09-02T09:04:12+09:00
329206984,향기로운 꽃은 늠름하게 핀다 3,향기로운 꽃은 늠름하게 핀다,3,,,미카미 사카,대원씨아이(만화),2023-11,5400,10.0,7779,325,2026-09-02T09:04:12+09:00
323339691,주술회전 23,주술회전,23,,- 별과 기름,아쿠타미 게게,서울미디어코믹스(서울문화사),2023-08,5400,9.9,7589,326,2026-09-02T09:04:12+09:00
391456890,순경씨와 나 1,순경씨와 나,1,,,나오키 유우,대원씨아이(만화),2026-04,6300,9.6,7113,327,2026-09-02T09:04:12+09:00
332987456,향기로운 꽃은 늠름하게 핀다 5,향기로운 꽃은 늠름하게 핀다,5,,,미카미 사카,대원씨아이(만화),2024-01,5400,10.0,7108,328,2026-09-02T09:04:12+09:00
294032766,헌터x헌터 HunterXHunter 신장판 1,헌터x헌터 HunterXHunter 신장판,1,,,토가시 요시히로,학산문화사(만화),2013-07,5400,10.0,6701,329,2026-09-02T09:04:12+09:00
298605722,헌터x헌터 HunterXHunter 신장판 32,헌터x헌터 HunterXHunter 신장판,32,,,토가시 요시히로,학산문화사(만화),2013-12,5400,,6203,330,2026-09-02T09:04:12+09:00
386003919,향기로운 꽃은 늠름하게 핀다 18,향기로운 꽃은 늠름하게 핀다,18,,,미카미 사카,대원씨아이(만화),2026-02,5400,10.0,5692,331,2026-09-02T09:04:12+09:00
398289014,첫사랑은 나의 오빠 1,첫사랑은 나의 오빠,1,,,카스미 유코,서울미디어코믹스(서울문화사),2026-07,5850,9.3,5590,332,2026-09-02T09:04:12+09:00
399051127,"너무 건방져, 치가야 군 1","너무 건방져, 치가야 군",1,,,안도 마이,에이템포미디어,2026-07,5850,,4920,333,2026-09-02T09:04:12+09:00
399453196,묘쌤은 이렇게 말했다 11,묘쌤은 이렇게 말했다,11,,- S코믹스,무테키 소다,㈜소미미디어,2026-08,6300,10.0,4420,334,2026-09-02T09:04:12+09:00
280599591,지박소년 하나코 군 0,지박소년 하나코 군,0,,,아이다이로,서울미디어코믹스(서울문화사),2021-10,5400,9.0,5122,335,2026-09-02T09:04:12+09:00
390011039,황천의 츠가이 3,황천의 츠가이,3,,,아라카와 히로무,대원씨아이(만화),2023-05,5850,,4343,336,2026-09-02T09:04:12+09:00
298051256,헌터x헌터 HunterXHunter 신장판 17,헌터x헌터 HunterXHunter 신장판,17,,,토가시 요시히로,학산문화사(만화),2015-06,5400,,4188,337,2026-09-02T09:04:12+09:00
394711835,악마에 입문했습니다! 이루마 군 : if Episode of 마피아 7,악마에 입문했습니다! 이루마 군 : if Episode of 마피아,7,,,니시 오사무,서울미디어코믹스(서울문화사),2026-06,5850,,4145,338,2026-09-02T09:04:12+09:00
390241459,황천의 츠가이 4,황천의 츠가이,4,,,아라카와 히로무,대원씨아이(만화),2023-10,5850,,3921,339,2026-09-02T09:04:12+09:00
310412096,기븐 8,기븐,8,,- 뉴 루비코믹스 2865,키즈 나츠키,현대지능개발사,2023-02,5400,9.6,4074,340,2026-09-02T09:04:12+09:00
400006989,이세계 유유자적 농가 16,이세계 유유자적 농가,16,,"- Novel Engine /초판한정 특별부록: 띠지, 양면 커버",나이토 키노스케,데이즈엔터(주),2026-08,9000,10.0,3590,341,2026-09-02T09:04:12+09:00
396563437,나나 NANA 완전판 10,나나 NANA 완전판,10,,"- 초판한정: PP엽서 1종, 포토카드 1종",야자와 아이,학산문화사(만화),2026-06,10800,,3460,342,2026-09-02T09:04:12+09:00
298280739,헌터x헌터 HunterXHunter 신장판 16,헌터x헌터 HunterXHunter 신장판,16,,,토가시 요시히로,학산문화사(만화),2015-04,5400,,3691,343,2026-09-02T09:04:12+09:00
301058589,헌터x헌터 HunterXHunter 신장판 19,헌터x헌터 HunterXHunter 신장판,19,,,토가시 요시히로,학산문화사(만화),2015-08,5400,,3414,344,2026-09-02T09:04:12+09:00
396583445,약사의 혼잣말 21,약사의 혼잣말,21,,- 마오마오의 후궁 수수께끼 풀이수첩,쿠라타 미노지,서울미디어코믹스(서울문화사),2026-06,5400,9.9,2775,345,2026-09-02T09:04:12+09:00
398728336,마법소녀를 동경해서 5 (더블특전판),마법소녀를 동경해서,5,더블특전판,- 초판한정 : 일러스트 카드 1종 + SD 스티커 1종,오노나카 아키히로,대원씨아이(만화),2026-07,6750,,2850,346,2026-09-02T09:04:12+09:00
399486670,서유요원전 서역편 : 화염산의 장 4,서유요원전 서역편 : 화염산의 장,4,,,모로호시 다이지로,문학동네,2026-07,9900,,2665,347,2026-09-02T09:04:12+09:00
399486641,서유요원전 서역편 : 화염산의 장 3,서유요원전 서역편 : 화염산의 장,3,,,모로호시 다이지로,문학동네,2026-07,9900,,2660,348,2026-09-02T09:04:12+09:00
232336577,달빛천사 애장판 3,달빛천사 애장판,3,,,타네무라 아리나,서울미디어코믹스(서울문화사),2020-02,8550,10.0,2627,349,2026-09-02T09:04:12+09:00
349941684,정반대의 너와 나 5,정반대의 너와 나,5,,,아가사와 코챠,학산문화사(만화),2024-10,5400,9.9,2585,350,2026-09-02T09:04:12+09:00
353581707,정반대의 너와 나 6,정반대의 너와 나,6,,,아가사와 코챠,학산문화사(만화),2024-12,5400,9.9,2433,351,2026-09-02T09:04:12+09:00
400245338,공주님 고문의 시간입니다 19,공주님 고문의 시간입니다,19,,- 완결,하루하라 로빈슨,학산문화사(만화),2026-08,5400,10.0,2360,352,2026-09-02T09:04:12+09:00
397810577,쪽팔려게임 1~2 세트 - 전2권,쪽팔려게임 1~2 세트 - 전2권,,,"- 초판 한정 부록 : 1권,2권 엽서 2종 + 학생증 2종 + 면지에 작가님 친필 사인(인쇄본)",봉수,네이버웹툰,2026-09,28800,,2080,353,2026-09-02T09:04:12+09:00
366271674,정반대의 너와 나 7,정반대의 너와 나,7,,,아가사와 코챠,학산문화사(만화),2025-06,5400,9.9,2230,354,2026-09-02T09:04:12+09:00
399926241,어쨌든 귀여워 25,어쨌든 귀여워,25,,- S코믹스,하타 켄지로,㈜소미미디어,2026-08,6300,,2170,355,2026-09-02T09:04:12+09:00
337058152,블리치 리믹스 1,블리치 리믹스,1,,,쿠보 타이토,서울미디어코믹스(서울문화사),2024-03,10800,8.0,2002,356,2026-09-02T09:04:12+09:00
400001284,와카코와 술 25,와카코와 술,25,,,신큐 치에,AK(에이케이)커뮤니케이션즈,2026-08,7200,,1870,357,2026-09-02T09:04:12+09:00
400586316,커들 2,커들,2,,- 수인 오메가버스,하스미 하나,학산문화사(만화),2026-08,6300,,1520,358,2026-09-02T09:04:12+09:00
388016407,정반대의 너와 나 8,정반대의 너와 나,8,,- 완결,아가사와 코챠,학산문화사(만화),2026-03,5400,10.0,1924,359,2026-09-02T09:04:12+09:00
400311047,호랑이형님 21,호랑이형님,21,,,이상규,영컴(YOUNG COM),2026-08,15120,,1460,360,2026-09-02T09:04:12+09:00
386058010,사카모토 데이즈 25,사카모토 데이즈,25,,- 친구이상 킬러미만,스즈키 유우토,대원씨아이(만화),2026-02,5850,,1310,361,2026-09-02T09:04:12+09:00
385894622,먼작귀 2 (그림책 포함 특별판),먼작귀,2,그림책 포함 특별판,- 먼가 작고 귀여운 녀석,나가노,미우(대원씨아이),2022-08,17820,,1451,362,2026-09-02T09:04:12+09:00
400733376,건강하고 문화적인 최저한도의 생활 11,건강하고 문화적인 최저한도의 생활,11,,,가시와기 하루코,문학동네,2026-08,8820,,1120,363,2026-09-02T09:04:12+09:00
400669097,서뱀프 Servamp 23~24 세트 - 전2권,서뱀프 Servamp 23~24 세트 - 전2권,,,"- 판도라 코믹스, 완결 ,초판 한정 일러스트 카드 2종, 16P 소책자, big 엽서 1종",타나카 스트라이크,조은세상(북두),2026-08,13500,,1330,364,2026-09-02T09:04:12+09:00
400585956,통제구역관리부 4,통제구역관리부,4,,,탄광,다산코믹스,2026-08,18900,,1150,365,2026-09-02T09:04:12+09:00
400909405,시오타 선생님과 아마이양 7,시오타 선생님과 아마이양,7,,,나카토카 쿠미코,대원씨아이(만화),2026-08,5850,,830,366,2026-09-02T09:04:12+09:00
400586291,도쿄대 세 자매 2,도쿄대 세 자매,2,,,이소야 유키,대원씨아이(만화),2026-08,5850,,880,367,2026-09-02T09:04:12+09:00
339953785,못 미더운 악녀입니다만 : ~추궁접서 교체전~ 6,못 미더운 악녀입니다만 : ~추궁접서 교체전~,6,,,EI Ohitsuji,서울미디어코믹스(서울문화사),2024-05,6300,9.3,783,368,2026-09-02T09:04:12+09:00
352375450,못 미더운 악녀입니다만 : ~추궁접서 교체전~ 7,못 미더운 악녀입니다만 : ~추궁접서 교체전~,7,,,EI Ohitsuji,서울미디어코믹스(서울문화사),2024-11,6300,9.7,853,369,2026-09-02T09:04:12+09:00
401052841,만화 이상적인 기둥서방 생활 10,만화 이상적인 기둥서방 생활,10,,,히노츠키 네코,길찾기,2026-08,6300,,750,370,2026-09-02T09:04:12+09:00
323272361,"안녕, 에리","안녕, 에리",,,,후지모토 타츠키,학산문화사(만화),2023-08,5400,9.4,15385,371,2026-09-02T09:04:12+09:00
391943528,엄마를 만나러 가는 길,엄마를 만나러 가는 길,,,"- 모리의 스티커북 /초판 한정 부록: 투명 북마크,작가 친필 사인 면지에 인쇄",고먕,네이버웹툰,2026-06,15300,10.0,11636,372,2026-09-02T09:04:12+09:00
379795065,괴수 8호 16 (더블 특전판),괴수 8호,16,더블 특전판,"- 완결, '카프카' 캐릭터 카드 + 스페셜 일러스트 카드 2종",마츠모토 나오야,서울미디어코믹스(서울문화사),2025-12,5400,10.0,11122,373,2026-09-02T09:04:12+09:00
368125805,장송의 프리렌 14,장송의 프리렌,14,,,야마다 카네히토,학산문화사(만화),2025-07,5400,9.8,10995,374,2026-09-02T09:04:12+09:00
384585231,불가항력의 I LOVE YOU 7,불가항력의 I LOVE YOU,7,,,호시노 미즈키,서울미디어코믹스(서울문화사),2026-01,5400,9.4,10938,375,2026-09-02T09:04:12+09:00
389546868,반딧불이의 혼례 10,반딧불이의 혼례,10,,,타치바나 오레코,서울미디어코믹스(서울문화사),2026-04,7650,9.6,10928,376,2026-09-02T09:04:12+09:00
389009894,오무라이스 잼잼 16,오무라이스 잼잼,16,,,조경규,송송책방,2026-04,18900,10.0,10717,377,2026-09-02T09:04:12+09:00
369786330,마남 이치 1 (트리플 특전판),마남 이치,1,트리플 특전판,- 홀로그램 일러스트 카드 2종 + 아크릴 일러스트 카드 1종,유사자키 시로,서울미디어코믹스(서울문화사),2025-08,6300,9.6,9316,378,2026-09-02T09:04:12+09:00
341524569,주술회전 26,주술회전,26,,- 남쪽으로,아쿠타미 게게,서울미디어코믹스(서울문화사),2024-06,5400,,8817,379,2026-09-02T09:04:12+09:00
397904785,보석함에 사랑을 채우자 1,보석함에 사랑을 채우자,1,,,미키모토 린,학산문화사(만화),2026-07,6300,9.5,8240,380,2026-09-02T09:04:12+09:00
388821136,중년에 지친 밤에는,중년에 지친 밤에는,,,,마스다 미리,북포레스트,2026-03,16200,9.4,8230,381,2026-09-02T09:04:12+09:00
294401024,헌터x헌터 HunterXHunter 신장판 34,헌터x헌터 HunterXHunter 신장판,34,,,토가시 요시히로,학산문화사(만화),2018-05,5400,,7764,382,2026-09-02T09:04:12+09:00
397592223,애태울 정도의 사랑을 알아라 3,애태울 정도의 사랑을 알아라,3,,- 완결,쿄노 마코,학산문화사(만화),2026-07,6300,10.0,7435,383,2026-09-02T09:04:12+09:00
336635744,향기로운 꽃은 늠름하게 핀다 7,향기로운 꽃은 늠름하게 핀다,7,,,미카미 사카,대원씨아이(만화),2024-03,5400,10.0,7340,384,2026-09-02T09:04:12+09:00
375360162,향기로운 꽃은 늠름하게 핀다 17,향기로운 꽃은 늠름하게 핀다,17,,,미카미 사카,대원씨아이(만화),2025-10,5400,,7159,385,2026-09-02T09:04:12+09:00
379515213,야마다 군과 Lv999의 사랑을 하다 4~6 특별판 세트 - 전3권,야마다 군과 Lv999의 사랑을 하다 4~6 특별판 세트 - 전3권,,,- 띠지 + 특별판 아크릴 북스탠드 + 특별판 아크릴 블록 + 특별판 양면 책갈피 + 일반판 일러스트 카드 3종 + 일반판 폴라로이드 카드 3종,마시로,디앤씨미디어(주)(D&C미디어),2025-12,49500,10.0,7089,386,2026-09-02T09:04:12+09:00
388496310,단다단 20,단다단,20,,,타츠 유키노부,대원씨아이(만화),2026-03,5400,9.5,6134,387,2026-09-02T09:04:12+09:00
216773326,그 비스크 돌은 사랑을 한다 1,그 비스크 돌은 사랑을 한다,1,,- S코믹스,후쿠다 신이치,㈜소미미디어,2019-11,6300,9.4,6349,388,2026-09-02T09:04:12+09:00
394695720,바닷바람과 용의 보금자리 2,바닷바람과 용의 보금자리,2,,,시마 아사토,학산문화사(만화),2026-06,6300,10.0,5885,389,2026-09-02T09:04:12+09:00
352187570,주술회전 27,주술회전,27,,,아쿠타미 게게,서울미디어코믹스(서울문화사),2024-08,5400,,4680,390,2026-09-02T09:04:12+09:00
396368739,어서 와 수평선 1 (트리플 특전판),어서 와 수평선,1,트리플 특전판,- 띠지 + 입욕권 북마크 1종 + pp 스탠드 1종 + 티셔츠 판 스티커 1종,와타베 타이요,대원씨아이(만화),2026-06,6300,10.0,4505,391,2026-09-02T09:04:12+09:00
389641207,황천의 츠가이 2,황천의 츠가이,2,,,아라카와 히로무,대원씨아이(만화),2022-12,5850,,4428,392,2026-09-02T09:04:12+09:00
295866022,하이큐!! 45,하이큐!!,45,,"- 완결, 도전자들",후루다테 하루이치,대원씨아이(만화),2020-12,4950,10.0,4413,393,2026-09-02T09:04:12+09:00
311653748,헌터x헌터 HunterXHunter 신장판 11,헌터x헌터 HunterXHunter 신장판,11,,,토가시 요시히로,학산문화사(만화),2014-09,5400,,4428,394,2026-09-02T09:04:12+09:00
395849750,놀이의 관계 1,놀이의 관계,1,,- S Novel,아오이 세키나,㈜소미미디어,2026-06,7650,10.0,4190,395,2026-09-02T09:04:12+09:00
389641178,황천의 츠가이 5,황천의 츠가이,5,,,아라카와 히로무,대원씨아이(만화),2024-03,5850,,4308,396,2026-09-02T09:04:12+09:00
294154150,헌터x헌터 HunterXHunter 신장판 12,헌터x헌터 HunterXHunter 신장판,12,,,토가시 요시히로,학산문화사(만화),2014-09,5400,,4208,397,2026-09-02T09:04:12+09:00
295865866,하이큐!! 43,하이큐!!,43,,- 최종보스,후루다테 하루이치,대원씨아이(만화),2020-09,4950,,3852,398,2026-09-02T09:04:12+09:00
300919038,헌터x헌터 HunterXHunter 신장판 13,헌터x헌터 HunterXHunter 신장판,13,,,토가시 요시히로,학산문화사(만화),2014-12,5400,,3953,399,2026-09-02T09:04:12+09:00
390941683,황천의 츠가이 1,황천의 츠가이,1,,,아라카와 히로무,대원씨아이(만화),2022-08,5850,,3756,400,2026-09-02T09:04:12+09:00
397898246,역대급 영지 설계사 9,역대급 영지 설계사,9,,- 초판 한정 작가진 친필 사인 인쇄본 + 표지 일러스트 엽서 + 캐릭터 카드 3종,이현민,문페이스,2026-07,14400,,3765,401,2026-09-02T09:04:12+09:00
298280477,헌터x헌터 HunterXHunter 신장판 21,헌터x헌터 HunterXHunter 신장판,21,,,토가시 요시히로,학산문화사(만화),2016-06,5400,,3632,402,2026-09-02T09:04:12+09:00
314918637,헌터x헌터 HunterXHunter 신장판 20,헌터x헌터 HunterXHunter 신장판,20,,,토가시 요시히로,학산문화사(만화),2015-12,5400,,3301,403,2026-09-02T09:04:12+09:00
391205558,황천의 츠가이 9,황천의 츠가이,9,,,아라카와 히로무,대원씨아이(만화),2025-11,5850,,3320,404,2026-09-02T09:04:12+09:00
375535559,나의 히어로 아카데미아 공식 일러스트집 Ultra Artworks,나의 히어로 아카데미아 공식 일러스트집 Ultra Artworks,,,,호리코시 코헤이,서울미디어코믹스(서울문화사),2025-10,39600,,3218,405,2026-09-02T09:04:12+09:00
399973698,시노비고토 7,시노비고토,7,,,미타라시 산타,학산문화사(만화),2026-08,6300,,2720,406,2026-09-02T09:04:12+09:00
399050467,블루 피리어드 6 (한정판),블루 피리어드,6,한정판,"- 시프트코믹스 /한정판 구성품 : 도서(초판 부록 포함), 1~6권 수납 박스, 컬러링북 소책자, 박티켓 책갈피 3종",야마구치 츠바사,YNK MEDIA(만화),2026-07,13500,,2675,407,2026-09-02T09:04:12+09:00
333640352,정반대의 너와 나 3,정반대의 너와 나,3,,,아가사와 코챠,학산문화사(만화),2024-02,5400,9.8,2737,408,2026-09-02T09:04:12+09:00
345587184,정반대의 너와 나 4,정반대의 너와 나,4,,,아가사와 코챠,학산문화사(만화),2024-08,5400,9.7,2726,409,2026-09-02T09:04:12+09:00
398869812,창천항로 애장판 3,창천항로 애장판,3,,,킹곤타,대원씨아이(만화),2026-07,16200,,2675,410,2026-09-02T09:04:12+09:00
232338320,달빛천사 애장판 4,달빛천사 애장판,4,,- 완결,타네무라 아리나,서울미디어코믹스(서울문화사),2020-02,8550,10.0,2582,411,2026-09-02T09:04:12+09:00
393313791,추우면 변하는 헤비가미 군 1,추우면 변하는 헤비가미 군,1,,"- 초판 한정 특전: 띠지, 스티커, PET 스탠드, 투명 책갈피, SL Comic",쿠리미야,디앤씨미디어(주)(D&C미디어),2026-05,6300,8.5,2755,412,2026-09-02T09:04:12+09:00
400197883,망각 배터리 23,망각 배터리,23,,,에코 미카와,서울미디어코믹스(서울문화사),2026-08,5400,,2500,413,2026-09-02T09:04:12+09:00
400136881,벡 Beck 신장판 8,벡 Beck 신장판,8,,,해롤드 사쿠이시,학산문화사(만화),2026-08,10800,10.0,2170,414,2026-09-02T09:04:12+09:00
333640869,먼작귀 5 (레터북 포함 특별판),먼작귀,5,레터북 포함 특별판,- 먼가 작고 귀여운 녀석,나가노,미우(대원씨아이),2024-02,23400,10.0,2247,415,2026-09-02T09:04:12+09:00
400138794,이번 생은 가주가 되겠습니다 2부 6,이번 생은 가주가 되겠습니다 2부,6,,- 만화,앤트스튜디오,디앤씨웹툰비즈,2026-08,14400,,2160,416,2026-09-02T09:04:12+09:00
399055863,다크 개더링 1,다크 개더링,1,,- 픽시하우스 /초판 한정: 띠지 + 일러스트 카드,콘도 켄이치,코믹레인,2026-08,6300,10.0,2165,417,2026-09-02T09:04:12+09:00
310882441,먼작귀 3 (카드놀이 포함 특별판),먼작귀,3,카드놀이 포함 특별판,"- 카드놀이 세트: 카드 96장(문장 카드 46장, 그림 카드 46장) + 설명서 1장",나가노,미우(대원씨아이),2023-02,24300,4.0,1953,418,2026-09-02T09:04:12+09:00
396089286,향기로운 꽃은 늠름하게 핀다 13,향기로운 꽃은 늠름하게 핀다,13,,,미카미 사카,대원씨아이(만화),2026-06,6300,,1640,419,2026-09-02T09:04:12+09:00
396090083,향기로운 꽃은 늠름하게 핀다 8,향기로운 꽃은 늠름하게 핀다,8,,,미카미 사카,대원씨아이(만화),2026-06,6300,,1565,420,2026-09-02T09:04:12+09:00
395950064,향기로운 꽃은 늠름하게 핀다 4,향기로운 꽃은 늠름하게 핀다,4,,,미카미 사카,대원씨아이(만화),2026-06,6300,,1705,421,2026-09-02T09:04:12+09:00
400586056,SCP가 뭔가요? 3,SCP가 뭔가요?,3,,,하치훈,대원씨아이(만화),2026-08,5850,,1270,422,2026-09-02T09:04:12+09:00
337394406,풀 나이트 1,풀 나이트,1,,- S코믹스,야스다 카스미,㈜소미미디어,2024-04,6300,10.0,1159,423,2026-09-02T09:04:12+09:00
400707795,뉴노멀 8,뉴노멀,8,,,아이하라 아키토,대원씨아이(만화),2026-08,5400,,1060,424,2026-09-02T09:04:12+09:00
389482128,애태울 정도의 사랑을 알아라 1,애태울 정도의 사랑을 알아라,1,,,쿄노 마코,학산문화사(만화),2026-04,6300,,940,425,2026-09-02T09:04:12+09:00
400715990,가짜 연금술사 4,가짜 연금술사,4,,"- 픽시하우스, 초판한정 특별부록 : 일러스트 카드 + 띠지",우메마루,미스터블루,2026-09,7200,,1000,426,2026-09-02T09:04:12+09:00
400856407,탱크체어 TANK CHAIR 4,탱크체어 TANK CHAIR,4,,,야시로 마나부,대원씨아이(만화),2026-08,6300,,740,427,2026-09-02T09:04:12+09:00
400585822,W 줄리엣 2부 16,W 줄리엣 2부,16,,,에무라,대원씨아이(만화),2026-08,3780,,790,428,2026-09-02T09:04:12+09:00
400707974,사랑할 자격 3,사랑할 자격,3,,,난바 아츠코,대원씨아이(만화),2026-08,5400,,690,429,2026-09-02T09:04:12+09:00
319312677,못 미더운 악녀입니다만 : ~추궁접서 교체전~ 4,못 미더운 악녀입니다만 : ~추궁접서 교체전~,4,,,EI Ohitsuji,서울미디어코믹스(서울문화사),2023-06,6300,10.0,820,430,2026-09-02T09:04:12+09:00
329581311,못 미더운 악녀입니다만 : ~추궁접서 교체전~ 5,못 미더운 악녀입니다만 : ~추궁접서 교체전~,5,,,EI Ohitsuji,서울미디어코믹스(서울문화사),2023-11,6300,10.0,779,431,2026-09-02T09:04:12+09:00
396563354,도망을 잘 치는 도련님 22,도망을 잘 치는 도련님,22,,- 코노 모로후유 1351,마츠이 유세이,대원씨아이(만화),2026-06,5400,10.0,855,432,2026-09-02T09:04:12+09:00
401047138,장송의 프리렌 10,장송의 프리렌,10,,,야마다 카네히토,학산문화사(만화),2026-08,6300,,480,433,2026-09-02T09:04:12+09:00
400921444,페이스리스 드롭아웃 1,페이스리스 드롭아웃,1,,- S Novel+,류토,㈜소미미디어,2026-09,10800,,910,434,2026-09-02T09:04:12+09:00
401131327,월간 트릴레마 1,월간 트릴레마,1,,,타치바나 로쿠,재담,2026-08,7200,,750,435,2026-09-02T09:04:12+09:00
280555213,포인트 캐릭터 드로잉 - 전2권,포인트 캐릭터 드로잉 - 전2권,,,,타코,레진코믹스(레진엔터테인먼트),2021-09,25200,10.0,16190,436,2026-09-02T09:04:12+09:00
394027323,야마다의 학급일지 4,야마다의 학급일지,4,,"- 완결, 초판 한정 : 야마다 & 무라타 일러스트 카드 3종",아오미 루이,서울미디어코믹스(서울문화사),2026-05,5850,9.8,10025,437,2026-09-02T09:04:12+09:00
387062834,백귀야행 31,백귀야행,31,,,이마 이치코,시공사(만화),2026-02,7200,9.8,8313,438,2026-09-02T09:04:12+09:00
338040640,사피엔스 : 그래픽 히스토리 Vol.3,사피엔스 : 그래픽 히스토리 Vol.3,,,- 역사의 배후,,김영사,2024-04,17820,9.5,8317,439,2026-09-02T09:04:12+09:00
307634607,주술회전 21,주술회전,21,,- 도쿄 제2콜로니 -호운-,아쿠타미 게게,서울미디어코믹스(서울문화사),2022-12,5400,9.7,7743,440,2026-09-02T09:04:12+09:00
398836243,TV애니메이션 주술회전 회옥·옥절/시부야 사변 공식 가이드북,TV애니메이션 주술회전 회옥·옥절/시부야 사변 공식 가이드북,,,- 초판 한정 : 책갈피 2종,아쿠타미 게게,서울미디어코믹스(서울문화사),2026-07,24300,10.0,7530,441,2026-09-02T09:04:12+09:00
316015391,주술회전 22,주술회전,22,,- 사쿠라지마 콜로니 -환생-,아쿠타미 게게,서울미디어코믹스(서울문화사),2023-05,5400,10.0,7103,442,2026-09-02T09:04:12+09:00
372708826,향기로운 꽃은 늠름하게 핀다 16,향기로운 꽃은 늠름하게 핀다,16,,,미카미 사카,대원씨아이(만화),2025-09,5400,9.8,7071,443,2026-09-02T09:04:12+09:00
327556882,마루는 강쥐 2,마루는 강쥐,2,,,모죠,문페이스,2023-11,14400,10.0,6363,444,2026-09-02T09:04:12+09:00
389890662,약사의 혼잣말 16,약사의 혼잣말,16,,,네코쿠라게,학산문화사(만화),2026-04,5400,9.8,6356,445,2026-09-02T09:04:12+09:00
392509889,애태울 정도의 사랑을 알아라 2,애태울 정도의 사랑을 알아라,2,,,쿄노 마코,학산문화사(만화),2026-05,6300,9.9,6185,446,2026-09-02T09:04:12+09:00
315295029,귀멸 학원! 3,귀멸 학원!,3,,,호카미 나츠키,학산문화사(만화),2023-04,5400,9.6,6219,447,2026-09-02T09:04:12+09:00
386563480,단다단 19,단다단,19,,,타츠 유키노부,대원씨아이(만화),2026-02,5400,10.0,5843,448,2026-09-02T09:04:12+09:00
292320734,헌터x헌터 HunterXHunter 신장판 2,헌터x헌터 HunterXHunter 신장판,2,,,토가시 요시히로,학산문화사(만화),2012-07,5400,10.0,5890,449,2026-09-02T09:04:12+09:00
358910246,명탐정 코난 106 (특장판),명탐정 코난,106,특장판,- 아크릴 스탠드(PET 재질) + 아코디언 카드 + 그림 콘티 카드 세트,아오야마 고쇼,서울미디어코믹스(서울문화사),2025-02,10800,7.0,5663,450,2026-09-02T09:04:12+09:00
382041006,사카모토 데이즈 24,사카모토 데이즈,24,,- 감전 주의,스즈키 유우토,대원씨아이(만화),2025-12,5850,,5450,451,2026-09-02T09:04:12+09:00
297902307,헌터x헌터 HunterXHunter 신장판 3,헌터x헌터 HunterXHunter 신장판,3,,,토가시 요시히로,학산문화사(만화),2013-08,5400,,5535,452,2026-09-02T09:04:12+09:00
397021753,완전 쓰레기인 와타라세인데 3,완전 쓰레기인 와타라세인데,3,,,나카가와 파리,대원씨아이(만화),2026-06,5400,9.7,5210,453,2026-09-02T09:04:12+09:00
333218155,마루는 강쥐 3,마루는 강쥐,3,,,모죠,문페이스,2024-02,14400,,5219,454,2026-09-02T09:04:12+09:00
82662361,기븐 2,기븐,2,,- 뉴 루비코믹스 1835,키즈 나츠키,현대지능개발사,2016-04,4950,9.1,5154,455,2026-09-02T09:04:12+09:00
354729574,주술회전 28,주술회전,28,,- 인외마경 신주쿠 결전 : 9점 점바둑,아쿠타미 게게,서울미디어코믹스(서울문화사),2024-12,5400,10.0,5069,456,2026-09-02T09:04:12+09:00
389890523,타워 던전 5,타워 던전,5,,,니헤이 츠토무,학산문화사(만화),2026-04,6300,9.9,4871,457,2026-09-02T09:04:12+09:00
399052013,THE ART OF SOLO LEVELING : 웹툰 「나 혼자만 레벨업」 공식 아트북,THE ART OF SOLO LEVELING : 웹툰 「나 혼자만 레벨업」 공식 아트북,,,,장성락(REDICE STUDIO),디앤씨미디어(주)(D&C미디어),2026-08,43200,,4760,458,2026-09-02T09:04:12+09:00
349748255,마루는 강쥐 5,마루는 강쥐,5,,,모죠,문페이스,2024-10,14400,,4715,459,2026-09-02T09:04:12+09:00
246152488,여름 안에서,여름 안에서,,,,성률,문학동네,2020-07,17550,8.1,4581,460,2026-09-02T09:04:12+09:00
397904315,보석함에 사랑을 채우자 1 (한정판),보석함에 사랑을 채우자,1,한정판,"- 한정판 구성: 아웃박스, 단행본(일반판 부록 없이 도서만), 아크릴 키링, 캔배지 2종, 포토카드 1매",미키모토 린,학산문화사(만화),2026-07,22500,5.0,4590,461,2026-09-02T09:04:12+09:00
392518926,오가미 츠미키와 기일상 6,오가미 츠미키와 기일상,6,,,모리시타 미유,학산문화사(만화),2026-05,5400,9.3,4250,462,2026-09-02T09:04:12+09:00
282899765,지박소년 하나코 군 8,지박소년 하나코 군,8,,,아이다이로,서울미디어코믹스(서울문화사),2021-11,5400,10.0,4868,463,2026-09-02T09:04:12+09:00
374337173,장례식 케이크 전문점 연옥당 3,장례식 케이크 전문점 연옥당,3,,"- 양장, 완결",산호,문학동네,2025-10,19800,9.7,4235,464,2026-09-02T09:04:12+09:00
390010927,황천의 츠가이 7,황천의 츠가이,7,,,아라카와 히로무,대원씨아이(만화),2026-04,5850,,4299,465,2026-09-02T09:04:12+09:00
257021910,기븐 6,기븐,6,,- 뉴 루비코믹스 2555,키즈 나츠키,현대지능개발사,2020-11,4950,9.6,4293,466,2026-09-02T09:04:12+09:00
397294534,비교하고 검토하는 교열부의 쿠쥬 씨 1,비교하고 검토하는 교열부의 쿠쥬 씨,1,,,고이시 유카,서교책방,2026-07,11520,9.7,4025,467,2026-09-02T09:04:12+09:00
322441129,꿈빛 파티시엘 신장판 2,꿈빛 파티시엘 신장판,2,,,마츠모토 나츠미,대원씨아이(만화),2023-08,5400,,3997,468,2026-09-02T09:04:12+09:00
393803131,"밟고, 차고, 사랑하고 6","밟고, 차고, 사랑하고",6,,,이치야 스미,대원씨아이(만화),2026-05,4950,9.7,4155,469,2026-09-02T09:04:12+09:00
362211849,주술회전 29,주술회전,29,,- 인외마경 신주쿠 결전 -사활-,아쿠타미 게게,서울미디어코믹스(서울문화사),2025-04,5400,10.0,3765,470,2026-09-02T09:04:12+09:00
301073130,하이큐!! 44,하이큐!!,44,,- 최강의 적,후루다테 하루이치,대원씨아이(만화),2020-11,4950,,3811,471,2026-09-02T09:04:12+09:00
298280458,헌터x헌터 HunterXHunter 신장판 30,헌터x헌터 HunterXHunter 신장판,30,,,토가시 요시히로,학산문화사(만화),2017-03,5400,,3931,472,2026-09-02T09:04:12+09:00
298348779,서랍 속 테라리움 : 신장판,서랍 속 테라리움 : 신장판,,,- S코믹스,쿠이 료코,㈜소미미디어,2022-08,8100,9.5,3740,473,2026-09-02T09:04:12+09:00
298280625,헌터x헌터 HunterXHunter 신장판 15,헌터x헌터 HunterXHunter 신장판,15,,,토가시 요시히로,학산문화사(만화),2015-04,5400,,3661,474,2026-09-02T09:04:12+09:00
301058679,헌터x헌터 HunterXHunter 신장판 25,헌터x헌터 HunterXHunter 신장판,25,,,토가시 요시히로,학산문화사(만화),2016-08,5400,,3515,475,2026-09-02T09:04:12+09:00
298280514,헌터x헌터 HunterXHunter 신장판 27,헌터x헌터 HunterXHunter 신장판,27,,,토가시 요시히로,학산문화사(만화),2016-10,5400,,3484,476,2026-09-02T09:04:12+09:00
394239585,사피엔스: 그래픽 히스토리 시리즈 세트 - 전4권,사피엔스: 그래픽 히스토리 시리즈 세트 - 전4권,,,,,김영사,2026-05,71280,9.3,3260,477,2026-09-02T09:04:12+09:00
391205551,황천의 츠가이 8,황천의 츠가이,8,,,아라카와 히로무,대원씨아이(만화),2025-06,5850,,3095,478,2026-09-02T09:04:12+09:00
397022214,창천항로 애장판 2,창천항로 애장판,2,,,킹곤타,대원씨아이(만화),2026-06,16200,10.0,2870,479,2026-09-02T09:04:12+09:00
398833327,이 결혼은 어차피 망하게 되어 있다 8,이 결혼은 어차피 망하게 되어 있다,8,,,,영컴(YOUNG COM),2026-07,15120,,2840,480,2026-09-02T09:04:12+09:00
309292959,무로이 야스오의 캐릭터 얼굴 & 바스트업 작화 기술,무로이 야스오의 캐릭터 얼굴 & 바스트업 작화 기술,,,,무로이 야스오,영진.com(영진닷컴),2023-02,18000,9.4,2934,481,2026-09-02T09:04:12+09:00
320637311,정반대의 너와 나 1,정반대의 너와 나,1,,,아가사와 코챠,학산문화사(만화),2023-07,5400,9.8,2961,482,2026-09-02T09:04:12+09:00
397905187,THE POOL,THE POOL,,,,사쿠라이 가몬,학산문화사(만화),2026-07,13500,10.0,2860,483,2026-09-02T09:04:12+09:00
396049332,블루 자이언트 모멘텀 6,블루 자이언트 모멘텀,6,,,이시즈카 신이치,대원씨아이(만화),2026-06,5850,10.0,2855,484,2026-09-02T09:04:12+09:00
321124579,먼작귀 1,먼작귀,1,,- 먼가 작고 귀여운 녀석,나가노,미우(대원씨아이),2022-06,10800,,2737,485,2026-09-02T09:04:12+09:00
399290916,우리 반리가 신세 좀 지겠습니다 4,우리 반리가 신세 좀 지겠습니다,4,,,카이도 치토세,대원씨아이(만화),2026-07,5400,,2780,486,2026-09-02T09:04:12+09:00
322804966,정반대의 너와 나 2,정반대의 너와 나,2,,,아가사와 코챠,학산문화사(만화),2023-08,5400,9.8,2899,487,2026-09-02T09:04:12+09:00
394833578,장송의 프리렌 1,장송의 프리렌,1,,,야마다 카네히토,학산문화사(만화),2021-11,6300,,2705,488,2026-09-02T09:04:12+09:00
399594642,동거하는 검성 여스승이 너무 귀여워서 매일 행복합니다 1,동거하는 검성 여스승이 너무 귀여워서 매일 행복합니다,1,,,R_링고,길찾기,2026-06,7200,10.0,2370,489,2026-09-02T09:04:12+09:00
396091726,나의 행복한 결혼 6,나의 행복한 결혼,6,,,코사카 리토,서울미디어코믹스(서울문화사),2026-06,4950,9.7,2530,490,2026-09-02T09:04:12+09:00
344689794,네가 죽을 때까지 사랑하고 싶어 7,네가 죽을 때까지 사랑하고 싶어,7,,,나치 아오노,학산문화사(만화),2024-08,5400,10.0,2290,491,2026-09-02T09:04:12+09:00
391724707,명탐정 코난 로맨틱 러버스 셀렉션,명탐정 코난 로맨틱 러버스 셀렉션,,,,아오야마 고쇼,서울미디어코믹스(서울문화사),2026-04,10800,10.0,2560,492,2026-09-02T09:04:12+09:00
399050317,블루 피리어드 6 (더블 특전판),블루 피리어드,6,더블 특전판,"- 시프트코믹스 /초판 더블 특전 : 일러스트 카드 1종, 박티켓 책갈피 1종",야마구치 츠바사,YNK MEDIA(만화),2026-07,5400,,1880,493,2026-09-02T09:04:12+09:00
296275956,네가 죽을 때까지 사랑하고 싶어 2,네가 죽을 때까지 사랑하고 싶어,2,,,나치 아오노,학산문화사(만화),2021-02,5400,,1748,494,2026-09-02T09:04:12+09:00
400245307,나쁜 X에게 행복 있으라 6,나쁜 X에게 행복 있으라,6,,,키시카와 미즈키,학산문화사(만화),2026-08,5400,,1670,495,2026-09-02T09:04:12+09:00
394027566,블리치 리믹스 16,블리치 리믹스,16,,,쿠보 타이토,서울미디어코믹스(서울문화사),2026-05,10800,9.6,1895,496,2026-09-02T09:04:12+09:00
399056425,다크 개더링 3,다크 개더링,3,,- 픽시하우스 / 초판 한정 : 띠지+일러스트 카드,콘도 켄이치,코믹레인,2026-08,6300,,1785,497,2026-09-02T09:04:12+09:00
399056069,다크 개더링 2,다크 개더링,2,,- 픽시하우스 /초판 한정: 띠지 + 일러스트 카드,콘도 켄이치,코믹레인,2026-08,6300,,1765,498,2026-09-02T09:04:12+09:00
395958550,핑키 나이트메어,핑키 나이트메어,,,- 라르고 맥스 Largo Max,NAREHATECHAN,조은세상(북두),2026-06,6300,9.5,1625,499,2026-09-02T09:04:12+09:00
394214000,11번째 고양이는 네네 1,11번째 고양이는 네네,1,,"- 초판 한정 PET 스탠드, 판 스티커 2종, 일러스트 카드",하리카모,오팬스코믹,2026-05,6300,9.9,1540,500,2026-09-02T09:04:12+09:00
399973834,라라의 결혼 8,라라의 결혼,8,,,타메코우,블랑코믹스(BLANC COMICS),2026-08,6300,,1520,501,2026-09-02T09:04:12+09:00
400585836,아자미 야코를 좋아하게 된다 2,아자미 야코를 좋아하게 된다,2,,,유니티 콩,대원씨아이(만화),2026-08,5850,,1420,502,2026-09-02T09:04:12+09:00
399973937,코믹 무직전생 21,코믹 무직전생,21,,- 이세계에 갔으면 최선을 다한다,후지카와 유카,학산문화사(만화),2026-08,5400,,1160,503,2026-09-02T09:04:12+09:00
357930933,풀 나이트 2,풀 나이트,2,,- S코믹스,야스다 카스미,㈜소미미디어,2025-02,6300,10.0,1333,504,2026-09-02T09:04:12+09:00
398284864,책벌레의 하극상 제4부 : 귀족원의 도서관을 구하고 싶어! 10,책벌레의 하극상 제4부 : 귀족원의 도서관을 구하고 싶어!,10,,- 사서가 되기 위해서라면 뭐든지 할 수 있어,카츠키 히카루,대원씨아이(만화),2026-07,5400,10.0,1290,505,2026-09-02T09:04:12+09:00
391302897,못 미더운 악녀입니다만 : ~추궁접서 교체전~ 9,못 미더운 악녀입니다만 : ~추궁접서 교체전~,9,,,EI Ohitsuji,서울미디어코믹스(서울문화사),2026-04,6300,10.0,1280,506,2026-09-02T09:04:12+09:00
400856470,선생님! 저희들이 세계를 멸망시킵니다. 9,선생님! 저희들이 세계를 멸망시킵니다.,9,,,코바야시 키나,대원씨아이(만화),2026-08,5400,,870,507,2026-09-02T09:04:12+09:00
400307391,꿀과 극약 2,꿀과 극약,2,,,사쿠라노코우지 카노코,대원씨아이(만화),2026-08,5400,,1000,508,2026-09-02T09:04:12+09:00
340310033,블리치 리믹스 3,블리치 리믹스,3,,,쿠보 타이토,서울미디어코믹스(서울문화사),2024-05,10800,10.0,998,509,2026-09-02T09:04:12+09:00
400001026,사자나미 군이 가장 싫어하는 남자,사자나미 군이 가장 싫어하는 남자,,,,오기,인디고,2026-08,5850,,970,510,2026-09-02T09:04:12+09:00
400856443,응원 걸! 1,응원 걸!,1,,,다나카 유치아,대원씨아이(만화),2026-08,5400,10.0,730,511,2026-09-02T09:04:12+09:00
382043008,지박소년 하나코 군 25,지박소년 하나코 군,25,,,아이다이로,서울미디어코믹스(서울문화사),2026-01,5400,,890,512,2026-09-02T09:04:12+09:00
400909486,회각의 용사 2,회각의 용사,2,,,사토 타카아키,미우(대원씨아이),2026-08,5850,,430,513,2026-09-02T09:04:12+09:00
400856418,미와 씨 행세를 합니다 14,미와 씨 행세를 합니다,14,,,아오키 유헤이,대원씨아이(만화),2026-08,5850,,620,514,2026-09-02T09:04:12+09:00
366123624,스파이 패밀리 15,스파이 패밀리,15,,,엔도 타츠야,학산문화사(만화),2025-06,5400,9.9,15989,515,2026-09-02T09:04:12+09:00
385521459,체인소 맨 22,체인소 맨,22,,,후지모토 타츠키,학산문화사(만화),2026-02,5400,10.0,12867,516,2026-09-02T09:04:12+09:00
393239337,모모세 아키라의 첫사랑 파탄 중 5 (트리플 특전판),모모세 아키라의 첫사랑 파탄 중,5,트리플 특전판,- 스페셜 아크릴 일러스트 카드(1종) + 다양한 매력의 양면 일러스트 카드(2종),하레카와 신타,서울미디어코믹스(서울문화사),2026-05,6750,9.8,11010,517,2026-09-02T09:04:12+09:00
309862975,모 이야기,모 이야기,,,"- 숲속 모험, 2024 볼로냐 라가치상 오페라 프리마 스페셜 멘션, 2025 프랑스 소시에르상 수상작",최연주,엣눈북스(atnoonbooks),2023-02,19800,9.6,10507,518,2026-09-02T09:04:12+09:00
284699967,귀멸의 칼날 외전,귀멸의 칼날 외전,,,,히라노 료지,학산문화사(만화),2021-12,5400,9.8,10372,519,2026-09-02T09:04:12+09:00
312942363,타코피의 원죄 - 상,타코피의 원죄 - 상,,,,타이잔5,대원씨아이(만화),2023-03,5400,9.9,10099,520,2026-09-02T09:04:12+09:00
353133344,컬러 앤 라이트,컬러 앤 라이트,,,"- 사실적인 표현을 위한 빛과 색 그리는 법, 개정판",제임스 거니,잉크잼(잼스푼),2024-12,31500,10.0,9788,521,2026-09-02T09:04:12+09:00
283355505,사피엔스 : 그래픽 히스토리 Vol.2,사피엔스 : 그래픽 히스토리 Vol.2,,,- 문명의 기둥,,김영사,2021-11,17820,9.7,9713,522,2026-09-02T09:04:12+09:00
294677380,귀멸의 칼날 23,귀멸의 칼날,23,,- 완결,고토게 코요하루,학산문화사(만화),2021-04,5400,9.3,8339,523,2026-09-02T09:04:12+09:00
387160732,반딧불이의 혼례 9,반딧불이의 혼례,9,,,타치바나 오레코,서울미디어코믹스(서울문화사),2026-02,7650,9.7,8346,524,2026-09-02T09:04:12+09:00
383612098,타몬 군 지금 어느 쪽?! 11,타몬 군 지금 어느 쪽?!,11,,,시와스 유키,학산문화사(만화),2026-01,5400,10.0,7657,525,2026-09-02T09:04:12+09:00
303306489,망그러진 만화 1,망그러진 만화,1,,- 망그러진 곰과 햄터의 귀염뽀짝 일상다반사!,유랑,좋은생각,2022-11,15120,9.9,7271,526,2026-09-02T09:04:12+09:00
380080135,봇치·더·록! 외전 히로이 키쿠리의 과음일기 4,봇치·더·록! 외전 히로이 키쿠리의 과음일기,4,,,쿠미쵸,대원씨아이(만화),2025-12,8100,10.0,6190,527,2026-09-02T09:04:12+09:00
384927762,약사의 혼잣말 16,약사의 혼잣말,16,,- 카니발 플러스,휴우가 나츠,학산문화사(단행본),2026-01,8100,9.2,6096,528,2026-09-02T09:04:12+09:00
360411647,마루는 강쥐 6,마루는 강쥐,6,,,모죠,문페이스,2025-03,14400,,6089,529,2026-09-02T09:04:12+09:00
304252422,귀멸 학원! 2,귀멸 학원!,2,,,호카미 나츠키,학산문화사(만화),2022-11,5400,8.0,6159,530,2026-09-02T09:04:12+09:00
67153695,기븐 1,기븐,1,,- 뉴 루비코믹스 1740,키즈 나츠키,현대지능개발사,2015-09,4950,9.2,5711,531,2026-09-02T09:04:12+09:00
365659712,타워 던전 1,타워 던전,1,,,니헤이 츠토무,학산문화사(만화),2025-06,6300,9.6,5693,532,2026-09-02T09:04:12+09:00
351000171,반딧불이의 혼례 4,반딧불이의 혼례,4,,,타치바나 오레코,서울미디어코믹스(서울문화사),2024-10,7650,9.8,5258,533,2026-09-02T09:04:12+09:00
398728413,마법소녀를 동경해서 1~5 합본판,마법소녀를 동경해서 1~5 합본판,,,- 각권 초회 한정 일러스트 카드 각 1종씩 (총5종) + 각 권 선착순 더블 특전 SD스티커 각 1종씩(총5종) + PET스탠드 + 컵코스터 + 일러스트 카드 + 별도 박스 포장,오노나카 아키히로,대원씨아이(만화),2026-07,33750,,5095,534,2026-09-02T09:04:12+09:00
314077334,헌터x헌터 HunterXHunter 신장판 4,헌터x헌터 HunterXHunter 신장판,4,,,토가시 요시히로,학산문화사(만화),2013-08,5400,,5018,535,2026-09-02T09:04:12+09:00
373271203,마루는 강쥐 8,마루는 강쥐,8,,,모죠,문페이스,2025-10,14400,,4529,536,2026-09-02T09:04:12+09:00
398418968,황천의 츠가이 11 (특별판),황천의 츠가이,11,특별판,- 초판부록 2종 + 패키지 박스 + 운명의 쌍둥이 아크릴 스탠드 2종 + 팬던트 아크릴 참 키링 1종+ 시그니처 포토카드 1종 + 빅 캔배지 1종 + 홀로그램 카드 2종,아라카와 히로무,대원씨아이(만화),2026-07,25650,10.0,4745,537,2026-09-02T09:04:12+09:00
395809429,비실비실 선생님 14,비실비실 선생님,14,,,후쿠치 카미오,대원씨아이(만화),2026-06,5850,,4480,538,2026-09-02T09:04:12+09:00
384180355,단다단 18,단다단,18,,,타츠 유키노부,대원씨아이(만화),2026-01,5400,9.6,4323,539,2026-09-02T09:04:12+09:00
395357833,전생했더니 슬라임이었던 건에 대하여 23,전생했더니 슬라임이었던 건에 대하여,23,,"- S Novel+, 완결 / 초판 한정 책갈피, 양면커버",후세,㈜소미미디어,2026-06,12600,,4485,540,2026-09-02T09:04:12+09:00
396455881,시온 군이 말하는 대로 1,시온 군이 말하는 대로,1,,,Neko Inukai,서울미디어코믹스(서울문화사),2026-06,5850,,4260,541,2026-09-02T09:04:12+09:00
337105332,Veil 1,Veil,1,,"- S코믹스, JAPAN EXPO 최우수작화상, 최우수장정상 수상",코테리,㈜소미미디어,2024-04,11520,9.2,4263,542,2026-09-02T09:04:12+09:00
281358410,원피스 1,원피스,1,,- 동터오는 모험시대,오다 에이치로,대원씨아이(만화),2008-03,4950,10.0,4349,543,2026-09-02T09:04:12+09:00
86997362,용의 학교는 산 위에,용의 학교는 산 위에,,,"- 쿠이 료코 작품집, S코믹스",쿠이 료코,㈜소미미디어,2016-07,8550,9.4,3925,544,2026-09-02T09:04:12+09:00
293068139,기븐 7,기븐,7,,- 뉴 루비코믹스 2755,키즈 나츠키,현대지능개발사,2022-04,5400,9.8,3947,545,2026-09-02T09:04:12+09:00
390940611,이로하의 글이 이끄는 -눈 녹는 길-,이로하의 글이 이끄는 -눈 녹는 길-,,,,하나모리,시플리,2026-04,6300,9.1,3868,546,2026-09-02T09:04:12+09:00
393715017,노아 선배는 친구 9,노아 선배는 친구,9,,- 초판특전 : 포토카드 2종 세트,아키야마 엔마,서울미디어코믹스(서울문화사),2026-05,5850,9.5,3670,547,2026-09-02T09:04:12+09:00
7633452,오란고교 호스트부 Fanbook,오란고교 호스트부 Fanbook,,,- 콩닥♥두근☆공략 대작전,하토리 비스코,학산문화사(만화),2010-08,6300,9.8,3845,548,2026-09-02T09:04:12+09:00
290233284,하이큐!! 42,하이큐!!,42,,- 무엇,후루다테 하루이치,대원씨아이(만화),2020-07,4950,,3791,549,2026-09-02T09:04:12+09:00
366528002,메이드 인 어비스 13,메이드 인 어비스,13,,,츠쿠시 아키히토,미우(대원씨아이),2025-06,7200,9.2,3741,550,2026-09-02T09:04:12+09:00
300919153,헌터x헌터 HunterXHunter 신장판 14,헌터x헌터 HunterXHunter 신장판,14,,,토가시 요시히로,학산문화사(만화),2014-12,5400,,3608,551,2026-09-02T09:04:12+09:00
322441152,꿈빛 파티시엘 신장판 3,꿈빛 파티시엘 신장판,3,,,마츠모토 나츠미,대원씨아이(만화),2023-08,5400,,3612,552,2026-09-02T09:04:12+09:00
394015605,나나 NANA 완전판 9,나나 NANA 완전판,9,,"- 초판 한정: PP엽서 1종, 포토카드 1종",야자와 아이,학산문화사(만화),2026-05,10800,,3445,553,2026-09-02T09:04:12+09:00
298280366,헌터x헌터 HunterXHunter 신장판 24,헌터x헌터 HunterXHunter 신장판,24,,,토가시 요시히로,학산문화사(만화),2016-06,5400,,3490,554,2026-09-02T09:04:12+09:00
384923404,이세계 삼촌 13,이세계 삼촌,13,,- 픽시하우스,호톤도신데이루,데이즈엔터(주),2026-02,7200,,3408,555,2026-09-02T09:04:12+09:00
298280697,헌터x헌터 HunterXHunter 신장판 23,헌터x헌터 HunterXHunter 신장판,23,,,토가시 요시히로,학산문화사(만화),2016-05,5400,,3390,556,2026-09-02T09:04:12+09:00
301058824,헌터x헌터 HunterXHunter 신장판 29,헌터x헌터 HunterXHunter 신장판,29,,,토가시 요시히로,학산문화사(만화),2017-01,5400,,3460,557,2026-09-02T09:04:12+09:00
314918984,헌터x헌터 HunterXHunter 신장판 28,헌터x헌터 HunterXHunter 신장판,28,,,토가시 요시히로,학산문화사(만화),2016-12,5400,,3407,558,2026-09-02T09:04:12+09:00
365413873,팔견전 21,팔견전,21,,"- 동방팔견이문, S코믹스",아베 미유키,㈜소미미디어,2025-06,5400,10.0,3321,559,2026-09-02T09:04:12+09:00
370424575,사카모토 데이즈 22,사카모토 데이즈,22,,- 텐큐vs신,스즈키 유우토,대원씨아이(만화),2025-08,5850,,3237,560,2026-09-02T09:04:12+09:00
298051313,헌터x헌터 HunterXHunter 신장판 26,헌터x헌터 HunterXHunter 신장판,26,,,토가시 요시히로,학산문화사(만화),2016-08,5400,,3341,561,2026-09-02T09:04:12+09:00
392471811,전생했더니 슬라임이었던 건에 대하여 30,전생했더니 슬라임이었던 건에 대하여,30,,- S코믹스,카와카미 타이키,㈜소미미디어,2026-05,6300,10.0,3160,562,2026-09-02T09:04:12+09:00
356090755,그리고 마녀는 숲으로 갔다 2,그리고 마녀는 숲으로 갔다,2,,- 완결,산호,고블,2025-02,21600,9.9,3254,563,2026-09-02T09:04:12+09:00
299654606,하이큐!! 41,하이큐!!,41,,- 작은 거인 VS,후루다테 하루이치,대원씨아이(만화),2020-04,4950,,3056,564,2026-09-02T09:04:12+09:00
396377705,블루 피리어드 5,블루 피리어드,5,,- 시프트코믹스,야마구치 츠바사,YNK MEDIA(만화),2026-06,5400,,3110,565,2026-09-02T09:04:12+09:00
398906133,벨 푸페의 슈퍼달링 약혼 2,벨 푸페의 슈퍼달링 약혼,2,,- 코믹,셀렌,학산문화사(만화),2026-07,6300,,2930,566,2026-09-02T09:04:12+09:00
301917562,오란고교 호스트부 1,오란고교 호스트부,1,,,하토리 비스코,학산문화사(만화),2004-02,5400,8.0,3143,567,2026-09-02T09:04:12+09:00
400225649,인생 역전 3,인생 역전,3,,- S Novel,D,㈜소미미디어,2026-08,7650,,2890,568,2026-09-02T09:04:12+09:00
397592282,아오이 군의 음담패설은 참을 수 없어!! 2,아오이 군의 음담패설은 참을 수 없어!!,2,,,mmk,학산문화사(만화),2026-07,6300,,2955,569,2026-09-02T09:04:12+09:00
393514967,아름다운 인체 그리기 레슨,아름다운 인체 그리기 레슨,,,,후지타쿠,한즈미디어(한스미디어),2026-05,16200,9.7,3095,570,2026-09-02T09:04:12+09:00
344711200,명탐정 코난 105 (특장판),명탐정 코난,105,특장판,- 초기 설정집 노트 + 아크릴 스탠드(PET) + 스티커 2종,아오야마 고쇼,서울미디어코믹스(서울문화사),2024-08,9000,10.0,2930,571,2026-09-02T09:04:12+09:00
393696313,창천항로 애장판 1,창천항로 애장판,1,,,킹곤타,대원씨아이(만화),2026-05,16200,6.4,2675,572,2026-09-02T09:04:12+09:00
399291548,새내기 4,새내기,4,,,혁대,블루픽,2026-07,14220,10.0,3115,573,2026-09-02T09:04:12+09:00
301917787,오란고교 호스트부 2,오란고교 호스트부,2,,,하토리 비스코,학산문화사(만화),2004-05,5400,,2624,574,2026-09-02T09:04:12+09:00
387039298,이거 그리고 죽어 7,이거 그리고 죽어,7,,,토요다 미노루,대원씨아이(만화),2026-02,5400,9.4,2623,575,2026-09-02T09:04:12+09:00
399973609,켄투리아 6,켄투리아,6,,,쿠라모리 토오루,학산문화사(만화),2026-08,5400,10.0,2660,576,2026-09-02T09:04:12+09:00
378966916,드래곤볼 완전판 가이드북 LANDMARK,드래곤볼 완전판 가이드북 LANDMARK,,,,토리야마 아키라,서울미디어코믹스(서울문화사),2025-11,12600,10.0,2638,577,2026-09-02T09:04:12+09:00
384344658,네가 죽을 때까지 사랑하고 싶어 8,네가 죽을 때까지 사랑하고 싶어,8,,,나치 아오노,학산문화사(만화),2026-01,5400,9.9,2560,578,2026-09-02T09:04:12+09:00
396593327,일본삼국 7,일본삼국,7,,,마쓰키 잇카,재담,2026-06,7200,10.0,2395,579,2026-09-02T09:04:12+09:00
400547758,코믹 어둠의 실력자가 되고 싶어서! 15,코믹 어둠의 실력자가 되고 싶어서!,15,,- J Comic,사카노 안리,서울미디어코믹스(서울문화사),2026-08,4500,10.0,2170,580,2026-09-02T09:04:12+09:00
333689768,건방진 그 녀석 1,건방진 그 녀석,1,,,미츠바치 미유키,학산문화사(만화),2016-03,5400,10.0,2347,581,2026-09-02T09:04:12+09:00
323998705,먼작귀 4,먼작귀,4,,- 먼가 작고 귀여운 녀석,나가노,미우(대원씨아이),2023-09,10800,9.8,2317,582,2026-09-02T09:04:12+09:00
398326987,소드 오라토리아 16,소드 오라토리아,16,,"- 던전에서 만남을 추구하면 안 되는 걸까 외전, S Novel",오모리 후지노,㈜소미미디어,2026-07,10800,,2290,583,2026-09-02T09:04:12+09:00
400225603,고교 시절에 거만했던 여왕님과의 동거 생활은 의외로 나쁘지 않다 1,고교 시절에 거만했던 여왕님과의 동거 생활은 의외로 나쁘지 않다,1,,- S Novel,미소네타 도자에몽,㈜소미미디어,2026-08,7650,,2190,584,2026-09-02T09:04:12+09:00
400001881,무서운 책 6,무서운 책,6,,- 괴물,우메즈 카즈오,AK(에이케이)커뮤니케이션즈,2026-08,9000,,2160,585,2026-09-02T09:04:12+09:00
400225413,쪼그맣고 커다랗고 귀여운 나나세를 착각 전남친한테서 빼앗아 행복하게 한다 3,쪼그맣고 커다랗고 귀여운 나나세를 착각 전남친한테서 빼앗아 행복하게 한다,3,,- S Novel,카라스마 에이,㈜소미미디어,2026-08,7650,,1850,586,2026-09-02T09:04:12+09:00
339953506,방과 후 소년 하나코 군 2,방과 후 소년 하나코 군,2,,,아이다이로,서울미디어코믹스(서울문화사),2024-05,5400,,2603,587,2026-09-02T09:04:12+09:00
399381805,격기 3반 18,격기 3반,18,,- 남일고등학교 격투기 특기반,이학,대원씨아이(만화),2026-07,4950,10.0,2095,588,2026-09-02T09:04:12+09:00
335854597,얼굴만으론 좋아할 수 없어요 9,얼굴만으론 좋아할 수 없어요,9,,,안자이 카린,서울미디어코믹스(서울문화사),2024-03,5400,10.0,1854,589,2026-09-02T09:04:12+09:00
318446151,네가 죽을 때까지 사랑하고 싶어 3,네가 죽을 때까지 사랑하고 싶어,3,,,나치 아오노,학산문화사(만화),2021-05,5400,,1847,590,2026-09-02T09:04:12+09:00
385522632,절대 BL이 되는 세계 & 절대 BL이 되지 않는 고교 생활 1,절대 BL이 되는 세계 & 절대 BL이 되지 않는 고교 생활,1,,,콘키치,학산문화사(만화),2026-02,7200,9.1,1845,591,2026-09-02T09:04:12+09:00
400001064,피토스포룸 두 번째 잎,피토스포룸 두 번째 잎,,,,미카미 시노,인디고,2026-08,6300,10.0,1910,592,2026-09-02T09:04:12+09:00
397222553,데포르메 세계 그리는 법,데포르메 세계 그리는 법,,,,시마리스 유키치,잉크잼(잼스푼),2026-07,19800,,1890,593,2026-09-02T09:04:12+09:00
391289012,재혼황후 10,재혼황후,10,,- 만화,히어리,영컴(YOUNG COM),2026-03,14400,,1545,594,2026-09-02T09:04:12+09:00
400364294,이기적 연애론 3,이기적 연애론,3,,,교교박,다산코믹스,2026-08,16020,,1570,595,2026-09-02T09:04:12+09:00
394588521,풀 나이트 4,풀 나이트,4,,- S코믹스,야스다 카스미,㈜소미미디어,2026-06,6300,10.0,1635,596,2026-09-02T09:04:12+09:00
398811243,힛 미 하드 1 (특별판),힛 미 하드,1,특별판,- 패키지 박스 + 엽서 1종 + 렌티큘러 엽서 1종 + 포토카드 3종 + 아크릴 스탠드 1종 + 멀티 클리너 1종,,다산코믹스,2026-07,34200,10.0,1490,597,2026-09-02T09:04:12+09:00
396091175,향기로운 꽃은 늠름하게 핀다 14,향기로운 꽃은 늠름하게 핀다,14,,,미카미 사카,대원씨아이(만화),2026-06,6300,,1545,598,2026-09-02T09:04:12+09:00
375536744,풀 나이트 3,풀 나이트,3,,- S코믹스,야스다 카스미,㈜소미미디어,2025-11,5400,10.0,1398,599,2026-09-02T09:04:12+09:00
400258397,세월이 흘러 다리로 간다 12,세월이 흘러 다리로 간다,12,,,히다카 쇼코,서울미디어코믹스(서울문화사),2026-08,6300,10.0,1300,600,2026-09-02T09:04:12+09:00
400006756,녹는 눈과 아가판서스 1,녹는 눈과 아가판서스,1,,- 코믹 레인 / 초판한정 특별부록 : 띠지+일러스트 카드,나우치,미스터블루,2026-08,7200,,1150,601,2026-09-02T09:04:12+09:00
400543500,"아리스, 우주까지도 4","아리스, 우주까지도",4,,,우리노 키코,대원씨아이(만화),2026-08,6300,,1130,602,2026-09-02T09:04:12+09:00
400311351,뇌를 바꾸려는 사람들,뇌를 바꾸려는 사람들,,,"- 프랑켄슈타인에서 현대 신경기술까지, 뇌과학으로 만나는 신경윤리의 질문들",류영준,어크로스,2026-08,19800,9.7,1180,603,2026-09-02T09:04:12+09:00
399046041,꿀과 극약 1,꿀과 극약,1,,,사쿠라노코우지 카노코,대원씨아이(만화),2026-07,5400,10.0,1050,604,2026-09-02T09:04:12+09:00
400556285,꿈자리가 이상한데요?! 외전 (한정판),꿈자리가 이상한데요?! 외전,,한정판,"- 구성: 도서, SD 판 스티커, 작가 선화 및 사인 인쇄, 아크릴 누들 스토퍼, 네컷사진, 증명사진 세트, 포토카드 2종, 폴라로이드 2종",흰귀,북극여우,2026-10,39600,,950,605,2026-09-02T09:04:12+09:00
400662198,오늘부터 시작하는 소꿉친구 9,오늘부터 시작하는 소꿉친구,9,,,Midori Obiya,서울미디어코믹스(서울문화사),2026-08,5400,,870,606,2026-09-02T09:04:12+09:00
400734025,건강하고 문화적인 최저한도의 생활 12,건강하고 문화적인 최저한도의 생활,12,,,가시와기 하루코,문학동네,2026-08,8820,,800,607,2026-09-02T09:04:12+09:00
400652846,트릴리온 게임 10,트릴리온 게임,10,,- 시프트코믹스,이케가미 료이치,YNK MEDIA(만화),2026-08,5400,10.0,850,608,2026-09-02T09:04:12+09:00
400653955,마왕과 용사의 사랑의 도피 바캉스 (더블 특전판),마왕과 용사의 사랑의 도피 바캉스,,더블 특전판,"- 솔트 코믹스, 초판 더블 특전 : 만화 1P 페이퍼, 일러스트 카드 1종",바세우,YNK MEDIA(만화),2026-08,5850,,800,609,2026-09-02T09:04:12+09:00
400662089,바키도 11,바키도,11,,,이타가키 케이스케,서울미디어코믹스(서울문화사),2026-08,5400,10.0,900,610,2026-09-02T09:04:12+09:00
317300306,못 미더운 악녀입니다만 : ~추궁접서 교체전~ 3,못 미더운 악녀입니다만 : ~추궁접서 교체전~,3,,,EI Ohitsuji,서울미디어코믹스(서울문화사),2023-05,6300,10.0,790,611,2026-09-02T09:04:12+09:00
400649438,주인공은 될 수 없지만,주인공은 될 수 없지만,,,,모모코 스이카,레어블(Rareble),2026-08,6930,,660,612,2026-09-02T09:04:12+09:00
400313885,타베모노로그,타베모노로그,,,,JIU,재담,2026-08,14400,,940,613,2026-09-02T09:04:12+09:00
400856416,벼랑 끝의 영애는 흑기사님을 반하게 하고 싶어 1,벼랑 끝의 영애는 흑기사님을 반하게 하고 싶어,1,,,스오우,대원씨아이(만화),2026-08,5850,,460,614,2026-09-02T09:04:12+09:00
400649530,친구 여동생이 나한테만 짜증나게 군다 9,친구 여동생이 나한테만 짜증나게 군다,9,,- SL Comic,히라오카 히라,디앤씨미디어(주)(D&C미디어),2026-08,6300,,560,615,2026-09-02T09:04:12+09:00
400557793,공각기동대 -HUMAN ERROR PROCESSER-,공각기동대 -HUMAN ERROR PROCESSER-,,,,시로 마사무네,대원씨아이(만화),2026-08,12600,,580,616,2026-09-02T09:04:12+09:00
400224787,전생했더니 검이었습니다 Another Wish 5,전생했더니 검이었습니다 Another Wish,5,,- S코믹스,이노우에 히나코,㈜소미미디어,2026-08,6300,,490,617,2026-09-02T09:04:12+09:00
400707987,순애 러브하울링,순애 러브하울링,,,- B愛+751,시에로,대원씨아이(만화),2026-08,5850,,470,618,2026-09-02T09:04:12+09:00
361704320,여학교의 별 4,여학교의 별,4,,,와야마 야마,문학동네,2025-03,7650,9.8,28591,619,2026-09-02T09:04:12+09:00
399067587,매거진 조이 Vol.3 : 가비지타임,매거진 조이 Vol.3 : 가비지타임,,,- 초판 한정 : 히든카드/ 상시 특별 부록: 접지 포스터 + 북마크 4종,2사장,다산코믹스,2026-07,22500,10.0,14275,620,2026-09-02T09:04:12+09:00
355678823,원피스 110,원피스,110,,- 시대의 일렁임,오다 에이치로,대원씨아이(만화),2025-01,5400,9.9,14169,621,2026-09-02T09:04:12+09:00
366700348,신부이야기 15,신부이야기,15,,,모리 카오루,대원씨아이(만화),2025-06,7200,9.4,10502,622,2026-09-02T09:04:12+09:00
370794176,캐릭캐릭 체인지! Jewel Joker 주얼 조커 1,캐릭캐릭 체인지! Jewel Joker 주얼 조커,1,,,PEACH-PIT,서울미디어코믹스(서울문화사),2025-08,5850,10.0,10744,623,2026-09-02T09:04:12+09:00
312942437,타코피의 원죄 - 하,타코피의 원죄 - 하,,,,타이잔5,대원씨아이(만화),2023-03,5400,8.8,9848,624,2026-09-02T09:04:12+09:00
382046167,캐릭캐릭 체인지! Jewel Joker 주얼 조커 2,캐릭캐릭 체인지! Jewel Joker 주얼 조커,2,,,PEACH-PIT,서울미디어코믹스(서울문화사),2025-12,5850,9.8,9488,625,2026-09-02T09:04:12+09:00
215083221,스파이 패밀리 1,스파이 패밀리,1,,,엔도 타츠야,학산문화사(만화),2019-11,5400,9.7,9479,626,2026-09-02T09:04:12+09:00
2308089,만화의 이해,만화의 이해,,,,스콧 맥클라우드,비즈앤비즈,2008-07,17100,9.8,9113,627,2026-09-02T09:04:12+09:00
358910532,명탐정 코난 106,명탐정 코난,106,,,아오야마 고쇼,서울미디어코믹스(서울문화사),2025-02,5400,10.0,8857,628,2026-09-02T09:04:12+09:00
363873557,찍히지 않습니다 1,찍히지 않습니다,1,,- S코믹스,코노시마 루카,㈜소미미디어,2025-05,5850,9.8,8898,629,2026-09-02T09:04:12+09:00
376257892,그 비스크 돌은 사랑을 한다 15,그 비스크 돌은 사랑을 한다,15,,- S코믹스,후쿠다 신이치,㈜소미미디어,2025-11,5400,9.4,8710,630,2026-09-02T09:04:12+09:00
378768331,모모세 아키라의 첫사랑 파탄 중 2 (트리플 특전판),모모세 아키라의 첫사랑 파탄 중,2,트리플 특전판,- 홀로그램 일러스트 카드(1종) + 반전 매력의 양면 일러스트 카드(2종),하레카와 신타,서울미디어코믹스(서울문화사),2025-11,6750,10.0,8061,631,2026-09-02T09:04:12+09:00
395358108,찍히지 않습니다 6,찍히지 않습니다,6,,"- S코믹스 /초판 한정 일러스트 카드, 폴라로이드 사진풍 카드 2종",코노시마 루카,㈜소미미디어,2026-06,6300,10.0,8030,632,2026-09-02T09:04:12+09:00
295225480,귀멸의 칼날 22,귀멸의 칼날,22,,,고토게 코요하루,학산문화사(만화),2021-01,5400,,7716,633,2026-09-02T09:04:12+09:00
286833118,장송의 프리렌 4,장송의 프리렌,4,,,야마다 카네히토,학산문화사(만화),2022-01,5400,9.3,7434,634,2026-09-02T09:04:12+09:00
301706355,주술회전 1,주술회전,1,,,아쿠타미 게게,서울미디어코믹스(서울문화사),2019-03,5400,4.0,7355,635,2026-09-02T09:04:12+09:00
395268985,괴수 8호 RELAX 4,괴수 8호 RELAX,4,,"- 초판 한정: 홀로그램 일러스트 카드, 방위대 4컷 포토카드",,서울미디어코믹스(서울문화사),2026-06,5400,8.0,7470,636,2026-09-02T09:04:12+09:00
390689243,찍히지 않습니다 5,찍히지 않습니다,5,,"- S코믹스 /초판 한정 일러스트 카드, 폴라로이드 사진풍 카드 2종, PET 책갈피",코노시마 루카,㈜소미미디어,2026-04,5850,9.8,7182,637,2026-09-02T09:04:12+09:00
301706807,주술회전 4,주술회전,4,,,아쿠타미 게게,서울미디어코믹스(서울문화사),2019-05,5400,,6773,638,2026-09-02T09:04:12+09:00
384668324,어린이 탐구 생활,어린이 탐구 생활,,,,이다,창비,2026-01,15120,9.9,6754,639,2026-09-02T09:04:12+09:00
338121617,너와 장밋빛 매일 1,너와 장밋빛 매일,1,,,히로 치히로,서울미디어코믹스(서울문화사),2024-04,5400,9.9,6671,640,2026-09-02T09:04:12+09:00
392519237,길고양이와 늑대 6,길고양이와 늑대,6,,,미츠바치 미유키,학산문화사(만화),2026-05,5400,9.9,6640,641,2026-09-02T09:04:12+09:00
370615925,향기로운 꽃은 늠름하게 핀다 15,향기로운 꽃은 늠름하게 핀다,15,,,미카미 사카,대원씨아이(만화),2025-08,5400,,6455,642,2026-09-02T09:04:12+09:00
398903862,보이시한 여자친구가 너무 귀여워 5 (특장판),보이시한 여자친구가 너무 귀여워,5,특장판,- 특장판 구성: 단행본 + 48P 소책자 + 초판특전 폴라로이드 사진 + 초판 특전 카메라 렌즈 속 투샷 사진,규뉴무기고항,서울미디어코믹스(서울문화사),2026-07,10800,,5955,643,2026-09-02T09:04:12+09:00
398197212,비실비실 선생님 15 (특별판),비실비실 선생님,15,특별판,- 패키지 박스 + 초판한정 일러스트 폴라로이드 카드 1종 + 캐릭터 아크릴 스탠드 1종 + 아크릴 키링 2종 + 포토카드 4종 + 미니포스터 1종,후쿠치 카미오,대원씨아이(만화),2026-07,27000,,5865,644,2026-09-02T09:04:12+09:00
328897066,귀멸 학원! 4,귀멸 학원!,4,,,호카미 나츠키,학산문화사(만화),2023-11,5400,10.0,5760,645,2026-09-02T09:04:12+09:00
395999849,이다의 날마다 자연관찰,이다의 날마다 자연관찰,,,- 어린이를 위한 자연관찰 그림일기,이다,보리,2026-06,16650,10.0,5660,646,2026-09-02T09:04:12+09:00
375158873,봄의 폭풍과 몬스터 7,봄의 폭풍과 몬스터,7,,,미츠바치 미유키,학산문화사(만화),2025-10,5400,9.6,5698,647,2026-09-02T09:04:12+09:00
335717444,GACHIAKUTA 1,GACHIAKUTA,1,,,케이 우라나,학산문화사(만화),2024-03,5400,10.0,5638,648,2026-09-02T09:04:12+09:00
226966203,그 비스크 돌은 사랑을 한다 2,그 비스크 돌은 사랑을 한다,2,,- S코믹스,후쿠다 신이치,㈜소미미디어,2020-01,6300,9.0,5413,649,2026-09-02T09:04:12+09:00
397362768,가끔씩 툭하고 러시아어로 부끄러워하는 옆자리의 아랴 양 11,가끔씩 툭하고 러시아어로 부끄러워하는 옆자리의 아랴 양,11,,"- L Novel /초판 한정 특전 : 띠지, 책갈피, 양면 표지, 폴라로이드 카드 1종",SUN SUN SUN,디앤씨미디어(주)(D&C미디어),2026-07,7650,,5475,650,2026-09-02T09:04:12+09:00
349201937,일러스트레이터를 위한 구도와 서사 마스터 가이드북 : COMPOSITION & NARRATIVE,일러스트레이터를 위한 구도와 서사 마스터 가이드북 : COMPOSITION & NARRATIVE,,,,3D토털 퍼블리싱,영진.com(영진닷컴),2024-10,28800,10.0,5148,651,2026-09-02T09:04:12+09:00
387582084,타워 던전 4,타워 던전,4,,,니헤이 츠토무,학산문화사(만화),2026-03,6300,10.0,5234,652,2026-09-02T09:04:12+09:00
397021676,완전 쓰레기인 와타라세인데 3 (특장판),완전 쓰레기인 와타라세인데,3,특장판,- 어나더 커버 + 아크릴 스탠드 + 스티커 3종 + 포토카드 6종 + 일러스트 카드 3종 + 별도 박스 포장,나카가와 파리,대원씨아이(만화),2026-06,28800,10.0,4810,653,2026-09-02T09:04:12+09:00
380811247,스킵 비트! 50,스킵 비트!,50,,,나카무라 요시키,시공사(만화),2025-12,5850,9.7,4906,654,2026-09-02T09:04:12+09:00
297863750,헌터x헌터 HunterXHunter 신장판 5,헌터x헌터 HunterXHunter 신장판,5,,,토가시 요시히로,학산문화사(만화),2013-10,5400,,5075,655,2026-09-02T09:04:12+09:00
280599653,지박소년 하나코 군 1,지박소년 하나코 군,1,,,아이다이로,서울미디어코믹스(서울문화사),2021-10,5400,10.0,5374,656,2026-09-02T09:04:12+09:00
294153055,헌터x헌터 HunterXHunter 신장판 7,헌터x헌터 HunterXHunter 신장판,7,,,토가시 요시히로,학산문화사(만화),2014-01,5400,,4834,657,2026-09-02T09:04:12+09:00
398199313,이번 생은 가주가 되겠습니다 2부 6 (특장판),이번 생은 가주가 되겠습니다 2부,6,특장판,- 만화 / 특장판 구성: 단행본 + 아크릴 스탠드 1종 + 책갈피 2종 + 엽서 5종 + 패키지 박스,앤트스튜디오,디앤씨웹툰비즈,2026-07,24300,,4610,658,2026-09-02T09:04:12+09:00
301714509,주술회전 16,주술회전,16,,- 시부야 사변 -폐문-,아쿠타미 게게,서울미디어코믹스(서울문화사),2021-08,5400,,4768,659,2026-09-02T09:04:12+09:00
377704735,봇치·더·록! 8,봇치·더·록!,8,,,하마지 아키,대원씨아이(만화),2025-11,8100,10.0,4568,660,2026-09-02T09:04:12+09:00
301714398,주술회전 14,주술회전,14,,- 시부야 사변 -이비-,아쿠타미 게게,서울미디어코믹스(서울문화사),2021-04,5400,,4393,661,2026-09-02T09:04:12+09:00
297902517,헌터x헌터 HunterXHunter 신장판 10,헌터x헌터 HunterXHunter 신장판,10,,,토가시 요시히로,학산문화사(만화),2014-04,5400,,4597,662,2026-09-02T09:04:12+09:00
135438370,기븐 4,기븐,4,,- 뉴 루비코믹스 2133,키즈 나츠키,현대지능개발사,2018-02,4950,8.7,4402,663,2026-09-02T09:04:12+09:00
386059133,나 혼자만 레벨업 : 라그나로크 2,나 혼자만 레벨업 : 라그나로크,2,,- 만화,,디앤씨웹툰비즈,2026-02,14400,7.0,4216,664,2026-09-02T09:04:12+09:00
295417935,지. : 지구의 운동에 대하여 1,지. : 지구의 운동에 대하여,1,,,우오토,문학동네,2022-05,7200,9.7,4310,665,2026-09-02T09:04:12+09:00
315823527,헌터x헌터 HunterXHunter 신장판 9,헌터x헌터 HunterXHunter 신장판,9,,,토가시 요시히로,학산문화사(만화),2014-04,5400,,4306,666,2026-09-02T09:04:12+09:00
379009893,내 마음의 위험한 녀석 12,내 마음의 위험한 녀석,12,,- S코믹스,사쿠라이 노리오,㈜소미미디어,2025-12,5400,9.0,4298,667,2026-09-02T09:04:12+09:00
314077483,헌터x헌터 HunterXHunter 신장판 8,헌터x헌터 HunterXHunter 신장판,8,,,토가시 요시히로,학산문화사(만화),2014-01,5400,,4465,668,2026-09-02T09:04:12+09:00
199996910,기븐 5,기븐,5,,- 뉴 루비코믹스 2350,키즈 나츠키,현대지능개발사,2019-07,5400,9.6,4244,669,2026-09-02T09:04:12+09:00
328754603,아름다운 초저녁달 6,아름다운 초저녁달,6,,,야마모리 미카,학산문화사(만화),2023-11,5400,9.9,4175,670,2026-09-02T09:04:12+09:00
322441091,꿈빛 파티시엘 신장판 1,꿈빛 파티시엘 신장판,1,,,마츠모토 나츠미,대원씨아이(만화),2023-08,5400,10.0,4184,671,2026-09-02T09:04:12+09:00
81953629,용의 귀여운 일곱 아이 : 쿠이 료코 작품집,용의 귀여운 일곱 아이 : 쿠이 료코 작품집,,,- S코믹스,쿠이 료코,㈜소미미디어,2016-04,6300,8.7,4092,672,2026-09-02T09:04:12+09:00
393717139,86 에이티식스 14,86 에이티식스,14,,"- Paint it Black, Novel Engine",아사토 아사토,데이즈엔터(주),2026-06,7200,10.0,4080,673,2026-09-02T09:04:12+09:00
387708220,블루 록 : Episode 나기 8,블루 록 : Episode 나기,8,,- 완결,산노미야 코타,학산문화사(만화),2026-03,5400,10.0,4213,674,2026-09-02T09:04:12+09:00
338430853,명탐정 코난 104 (특장판),명탐정 코난,104,특장판,- 아크릴 스탠드 + 극장판 '명탐정코난: 흑철의 어영' 그림 콘티북 + 어나더 커버,아오야마 고쇼,서울미디어코믹스(서울문화사),2024-04,9000,8.7,4055,675,2026-09-02T09:04:12+09:00
301714473,주술회전 15,주술회전,15,,- 시부야 사변 -변신-,아쿠타미 게게,서울미디어코믹스(서울문화사),2021-05,5400,,4048,676,2026-09-02T09:04:12+09:00
334819572,긴채널! : 은혼 공식 캐릭터북,긴채널! : 은혼 공식 캐릭터북,,,,소라치 히데아키,학산문화사(만화),2010-10,9000,,4146,677,2026-09-02T09:04:12+09:00
365816384,야쿠자 때문에 목욕탕에서 일하고 있습니다 1,야쿠자 때문에 목욕탕에서 일하고 있습니다,1,,- 루나 코믹스,타카시,㈜소미미디어,2025-06,5850,9.8,3970,678,2026-09-02T09:04:12+09:00
284923922,지박소년 하나코 군 13,지박소년 하나코 군,13,,,아이다이로,서울미디어코믹스(서울문화사),2021-12,5400,10.0,4010,679,2026-09-02T09:04:12+09:00
311936078,헌터x헌터 HunterXHunter 신장판 31,헌터x헌터 HunterXHunter 신장판,31,,,토가시 요시히로,학산문화사(만화),2013-10,5400,,3939,680,2026-09-02T09:04:12+09:00
389641283,황천의 츠가이 6,황천의 츠가이,6,,,아라카와 히로무,대원씨아이(만화),2024-08,5850,,3846,681,2026-09-02T09:04:12+09:00
294497749,오늘부터 신령님 1,오늘부터 신령님,1,,,스즈키 줄리에타,학산문화사(만화),2010-05,5400,10.0,4009,682,2026-09-02T09:04:12+09:00
366119898,나의 열두 살에게,나의 열두 살에게,,,,소복이,나무의말,2025-06,17820,9.5,3720,683,2026-09-02T09:04:12+09:00
399404721,오디세이아를 한 번도 안 읽어 볼 수는 없잖아,오디세이아를 한 번도 안 읽어 볼 수는 없잖아,,,,Team. StoryG,oldstairs(올드스테어즈),2026-07,21600,9.3,3515,684,2026-09-02T09:04:12+09:00
362015779,사카모토 데이즈 비기너즈 팩 Vol.2 : 4~6 합본 세트,사카모토 데이즈 비기너즈 팩 Vol.2 : 4~6 합본 세트,,,- 나구모 홀로그램 카드 1종 + 일러스트 포스트카드 3종,스즈키 유우토,대원씨아이(만화),2025-04,17550,10.0,3644,685,2026-09-02T09:04:12+09:00
316124839,운명의 사람을 만나는 이야기 1,운명의 사람을 만나는 이야기,1,,,아나신,학산문화사(만화),2023-06,5400,9.3,3576,686,2026-09-02T09:04:12+09:00
395444518,러브 불릿 1,러브 불릿,1,,- 초판 한정 부록: SD 캐릭터 스티커 1매 + 저자 사인 메시지 (면지 인쇄),inee,빗금,2026-06,8100,10.0,3530,687,2026-09-02T09:04:12+09:00
394124156,캐릭캐릭 체인지! Jewel Joker 주얼 조커 3 (특장판),캐릭캐릭 체인지! Jewel Joker 주얼 조커,3,특장판,- 슬리브 케이스 + 일러스트 엽서 5종 + 이쿠토&타다세 아크릴 블록 세트(일반판 초판 특전 미포함),PEACH-PIT,서울미디어코믹스(서울문화사),2026-05,36000,,3555,688,2026-09-02T09:04:12+09:00
387232919,노아 선배는 친구 8,노아 선배는 친구,8,,,아키야마 엔마,서울미디어코믹스(서울문화사),2026-02,5850,9.7,3376,689,2026-09-02T09:04:12+09:00
307010808,지. : 지구의 운동에 대하여 3,지. : 지구의 운동에 대하여,3,,,우오토,문학동네,2022-12,7200,9.5,3407,690,2026-09-02T09:04:12+09:00
378808440,블루 피리어드 1,블루 피리어드,1,,- 시프트코믹스,야마구치 츠바사,YNK MEDIA(만화),2025-11,5400,9.0,3370,691,2026-09-02T09:04:12+09:00
241030899,소녀종말여행 1~6 박스 세트 - 전6권 (엽서 세트 포함),소녀종말여행 1~6 박스 세트 - 전6권 (엽서 세트 포함),,,- 완결,츠쿠미즈,학산문화사(만화),2020-06,36000,9.6,3362,692,2026-09-02T09:04:12+09:00
294498008,블루 록 1,블루 록,1,,,노무라 유스케,학산문화사(만화),2020-11,5400,10.0,3258,693,2026-09-02T09:04:12+09:00
397015748,어떤 여름방학,어떤 여름방학,,,,궁리(박조은),휴머니스트,2026-06,19800,,3090,694,2026-09-02T09:04:12+09:00
374961203,팔견전 23,팔견전,23,,"- 동방팔견이문, S코믹스",아베 미유키,㈜소미미디어,2025-10,5400,10.0,3139,695,2026-09-02T09:04:12+09:00
369868343,팔견전 22,팔견전,22,,"- 동방팔견이문, S코믹스",아베 미유키,㈜소미미디어,2025-08,5400,10.0,3030,696,2026-09-02T09:04:12+09:00
398870503,더 죠죠랜즈 3 : 돈벌이할 시간,더 죠죠랜즈 3 : 돈벌이할 시간,,,- 죠죠의 기묘한 모험 Part 9,아라키 히로히코,문학동네,2026-07,7200,10.0,3050,697,2026-09-02T09:04:12+09:00
323116716,얼굴만으론 좋아할 수 없어요 1,얼굴만으론 좋아할 수 없어요,1,,,안자이 카린,서울미디어코믹스(서울문화사),2022-01,5400,7.0,2835,698,2026-09-02T09:04:12+09:00
397162930,만화 데뷔 못 하면 죽는 병 걸림 4,만화 데뷔 못 하면 죽는 병 걸림,4,,,소흔,파인툰,2026-10,15750,,2730,699,2026-09-02T09:04:12+09:00
345982331,흑무경담 1,흑무경담,1,,- S코믹스,토가와 요난,㈜소미미디어,2024-09,5400,8.6,2838,700,2026-09-02T09:04:12+09:00
355242244,흑무경담 2,흑무경담,2,,- S코믹스,토가와 요난,㈜소미미디어,2025-01,5400,9.7,2818,701,2026-09-02T09:04:12+09:00
385950289,마도정병의 슬레이브 19,마도정병의 슬레이브,19,,,타케무라 요헤이,대원씨아이(만화),2026-02,5400,10.0,2821,702,2026-09-02T09:04:12+09:00
399523141,정령환상기 28,정령환상기,28,,"- S Novel / 초판 한정 책갈피, 양면커버, 쇼트스토리 리플릿",키타야마 유리,㈜소미미디어,2026-08,8100,,2745,703,2026-09-02T09:04:12+09:00
333640950,먼작귀 5,먼작귀,5,,- 먼가 작고 귀여운 녀석,나가노,미우(대원씨아이),2024-02,10800,10.0,2616,704,2026-09-02T09:04:12+09:00
379189364,발화 1,발화,1,,,영재영,레진코믹스(레진엔터테인먼트),2025-12,14400,10.0,2630,705,2026-09-02T09:04:12+09:00
388562286,양 선배는 혼자서 살아갈 수 없어 1,양 선배는 혼자서 살아갈 수 없어,1,,,soon챠,대원씨아이(만화),2026-03,5850,,2871,706,2026-09-02T09:04:12+09:00
372904289,슬램덩크 오리지널 1~31 세트 - 전31권,슬램덩크 오리지널 1~31 세트 - 전31권,,,- 완결,이노우에 타케히코,대원씨아이(만화),2025-09,111600,,2707,707,2026-09-02T09:04:12+09:00
399056156,보이는 여고생 12,보이는 여고생,12,,- 픽시하우스,이즈미 토모키,데이즈엔터(주),2026-08,7200,,2500,708,2026-09-02T09:04:12+09:00
320691848,먼작귀 3,먼작귀,3,,- 먼가 작고 귀여운 녀석,나가노,미우(대원씨아이),2023-02,10800,,2622,709,2026-09-02T09:04:12+09:00
393007477,사토리×콤플렉스,사토리×콤플렉스,,,"- 초판 특전 : 양면 일러스트 카드, PET 북마크 스탠드",유히,리크,2026-05,6300,9.6,2580,710,2026-09-02T09:04:12+09:00
336556121,박시백의 고려사 1~5 세트 - 전5권,박시백의 고려사 1~5 세트 - 전5권,,,,박시백,휴머니스트,2024-03,66150,8.0,2555,711,2026-09-02T09:04:12+09:00
369563161,타몬 군 지금 어느 쪽?! 10,타몬 군 지금 어느 쪽?!,10,,,시와스 유키,학산문화사(만화),2025-08,5400,,2668,712,2026-09-02T09:04:12+09:00
395477416,타로의 얼렁뚱땅 1,타로의 얼렁뚱땅,1,,,야츠미 츠무,서울미디어코믹스(서울문화사),2026-06,5850,10.0,2950,713,2026-09-02T09:04:12+09:00
370798859,할렐루야 베이비 1,할렐루야 베이비,1,,,코지마 라라,AK(에이케이)커뮤니케이션즈,2025-08,5850,10.0,2615,714,2026-09-02T09:04:12+09:00
400000607,빠져든 침대에서 천사의 자는 얼굴을 보고 싶을 뿐,빠져든 침대에서 천사의 자는 얼굴을 보고 싶을 뿐,,,- #둘이서 저지른 비밀의 교칙 위반,우에스 테츠토,AK(에이케이)커뮤니케이션즈,2026-08,10800,,2640,715,2026-09-02T09:04:12+09:00
396136941,세레나 9,세레나,9,,"- 초판 한정 부록 : 일러스트 엽서 1종, 면지에 작가님 친필 사인(인쇄본)",정이나,네이버웹툰,2026-07,14400,,2490,716,2026-09-02T09:04:12+09:00
238301861,마스터 키튼 완전판 1~12 세트 - 전12권 (완결),마스터 키튼 완전판 1~12 세트 - 전12권 (완결),,,,,대원씨아이(만화),2012-05,84680,10.0,2706,717,2026-09-02T09:04:12+09:00
369056766,사카모토 데이즈 21,사카모토 데이즈,21,,- 오늘의 운세,스즈키 유우토,대원씨아이(만화),2025-07,5850,,2547,718,2026-09-02T09:04:12+09:00
383277748,장르를 바꿔보도록 하겠습니다 9 (특별판),장르를 바꿔보도록 하겠습니다,9,특별판,- 라스트 레터 1종 + 인생 필름 3종 + 렌티큘러 카드 3종,가린,연담,2026-03,21150,,2422,719,2026-09-02T09:04:12+09:00
86893672,이토준지 자선 걸작집,이토준지 자선 걸작집,,,,이토 준지,미우(대원씨아이),2016-07,12600,8.6,2428,720,2026-09-02T09:04:12+09:00
101106033,스파이더맨 / 데드풀 VOL. 1 : 브로맨틱하지 않나요?,스파이더맨 / 데드풀 VOL. 1 : 브로맨틱하지 않나요?,,,,조 켈리,시공사(만화),2017-01,10800,6.0,2490,721,2026-09-02T09:04:12+09:00
395945174,너와 우주를 걷기 위하여 5,너와 우주를 걷기 위하여,5,,,도로노다 이누히코,학산문화사(만화),2026-06,5400,9.7,2265,722,2026-09-02T09:04:12+09:00
399541020,클레바테스 10,클레바테스,10,,,이와하라 유지,오팬스코믹,2026-07,6300,,2165,723,2026-09-02T09:04:12+09:00
374878126,사카모토 데이즈 23,사카모토 데이즈,23,,- 신생살연,스즈키 유우토,대원씨아이(만화),2025-10,5850,,2172,724,2026-09-02T09:04:12+09:00
323998644,먼작귀 4 (콩알도감 포함 특별판),먼작귀,4,콩알도감 포함 특별판,- 먼가 작고 귀여운 녀석,나가노,미우(대원씨아이),2023-09,21600,6.7,2192,725,2026-09-02T09:04:12+09:00
349368452,악마에 입문했습니다! 이루마 군 : if Episode of 마피아 2,악마에 입문했습니다! 이루마 군 : if Episode of 마피아,2,,,니시 오사무,서울미디어코믹스(서울문화사),2024-10,5850,9.6,2256,726,2026-09-02T09:04:12+09:00
397021977,리:블루 6,리:블루,6,,,카세 마츠리,대원씨아이(만화),2026-06,5850,9.9,2195,727,2026-09-02T09:04:12+09:00
397222848,반장으로서의 책임과 의무 7,반장으로서의 책임과 의무,7,,- 그래도 우리는,수신지,귤프레스,2026-06,13500,10.0,2030,728,2026-09-02T09:04:12+09:00
395531072,장송의 프리렌 13,장송의 프리렌,13,,,야마다 카네히토,학산문화사(만화),2024-12,6300,,2200,729,2026-09-02T09:04:12+09:00
389001364,디그 잇 1,디그 잇,1,,,Yoshidamaru,학산문화사(만화),2026-04,6300,8.0,2000,730,2026-09-02T09:04:12+09:00
399390376,"가까이 와줘, 스피카 1 (특장판)","가까이 와줘, 스피카",1,특장판,- 단행본 + 아크릴 스탠드 + 인화사진 2종 + 일러스트 카드 + 별도 박스 포장,fuyu,대원씨아이(만화),2026-07,18000,10.0,1955,731,2026-09-02T09:04:12+09:00
301396135,오란고교 호스트부 8,오란고교 호스트부,8,,,하토리 비스코,학산문화사(만화),2011-01,5400,,2074,732,2026-09-02T09:04:12+09:00
308287261,네가 죽을 때까지 사랑하고 싶어 5,네가 죽을 때까지 사랑하고 싶어,5,,,나치 아오노,학산문화사(만화),2023-01,5400,10.0,1935,733,2026-09-02T09:04:12+09:00
399056149,제도성배기담 Fate/type Redline 6,제도성배기담 Fate/type Redline,6,,- 노엔 코믹스 / 초판한정 특별부록 : 일러스트 카드 + 띠지,히라노 료지,데이즈엔터(주),2026-08,7200,10.0,2110,734,2026-09-02T09:04:12+09:00
398951543,이상한 집 6,이상한 집,6,,,아야노 교,리드비,2026-07,7650,,2005,735,2026-09-02T09:04:12+09:00
325418441,먼작귀 2,먼작귀,2,,- 먼가 작고 귀여운 녀석,나가노,미우(대원씨아이),2022-08,10800,,1977,736,2026-09-02T09:04:12+09:00
399953662,히마텐! 4,히마텐!,4,,- SL Comic,오노 겐키,디앤씨미디어(주)(D&C미디어),2026-08,6300,,1800,737,2026-09-02T09:04:12+09:00
378826604,얼굴만으론 좋아할 수 없어요 15,얼굴만으론 좋아할 수 없어요,15,,,안자이 카린,서울미디어코믹스(서울문화사),2025-11,5400,10.0,1931,738,2026-09-02T09:04:12+09:00
396657276,비밀법인 데스메이커 1,비밀법인 데스메이커,1,,,우나다 마아치,대원씨아이(만화),2026-06,6300,10.0,1810,739,2026-09-02T09:04:12+09:00
400001034,피토스포룸 첫 번째 잎,피토스포룸 첫 번째 잎,,,,미카미 시노,인디고,2026-08,6300,10.0,1790,740,2026-09-02T09:04:12+09:00
290968765,네가 죽을 때까지 사랑하고 싶어 4,네가 죽을 때까지 사랑하고 싶어,4,,,나치 아오노,학산문화사(만화),2022-03,5400,10.0,1846,741,2026-09-02T09:04:12+09:00
342916553,얼굴만으론 좋아할 수 없어요 10,얼굴만으론 좋아할 수 없어요,10,,,안자이 카린,서울미디어코믹스(서울문화사),2024-07,5400,,1771,742,2026-09-02T09:04:12+09:00
398811035,방과 후 제방 일지 14,방과 후 제방 일지,14,,,코사카 야스유키,대원씨아이(만화),2026-07,4950,,1815,743,2026-09-02T09:04:12+09:00
396097455,장송의 프리렌 5,장송의 프리렌,5,,,야마다 카네히토,학산문화사(만화),2026-06,6300,,1745,744,2026-09-02T09:04:12+09:00
396048990,SCP가 뭔가요? 1,SCP가 뭔가요?,1,,,하치훈,대원씨아이(만화),2026-06,5850,10.0,1730,745,2026-09-02T09:04:12+09:00
399782211,평화로운 나라의 시마자키에게 11,평화로운 나라의 시마자키에게,11,,,세시모 타케시,학산문화사(만화),2026-08,5400,10.0,1760,746,2026-09-02T09:04:12+09:00
390658499,외톨이에는 익숙하니까요. 약혼자 방치 중! 3,외톨이에는 익숙하니까요. 약혼자 방치 중!,3,,,하레타 준,대원씨아이(만화),2026-04,6750,9.9,1694,747,2026-09-02T09:04:12+09:00
382235722,긴키 지방의 어느 장소에 대하여 2,긴키 지방의 어느 장소에 대하여,2,,,우스이 츠카사,오팬스코믹,2025-12,7650,9.4,1611,748,2026-09-02T09:04:12+09:00
399451834,"신 울어라, 펜 11","신 울어라, 펜",11,,,시마모토 카즈히코,미우(대원씨아이),2026-07,9000,10.0,1705,749,2026-09-02T09:04:12+09:00
387254198,블리치 리믹스 15,블리치 리믹스,15,,,쿠보 타이토,서울미디어코믹스(서울문화사),2026-02,10800,9.5,1564,750,2026-09-02T09:04:12+09:00
397363079,백조 무덤 1,백조 무덤,1,,- 만화,앤트스튜디오,디앤씨미디어(주)(D&C미디어),2026-08,14400,,1485,751,2026-09-02T09:04:12+09:00
398727927,마법소녀를 동경해서 1 (더블특전판),마법소녀를 동경해서,1,더블특전판,- 초판한정 : 일러스트 카드 1종 + SD 스티커 1종,오노나카 아키히로,대원씨아이(만화),2026-07,6750,7.3,1635,752,2026-09-02T09:04:12+09:00
396563330,노이지 룸메이트 6,노이지 룸메이트,6,,,오자키 카호,대원씨아이(만화),2026-06,5400,10.0,1440,753,2026-09-02T09:04:12+09:00
349229181,단둘만의 로맨틱 1,단둘만의 로맨틱,1,,,카니사와 치히로,학산문화사(만화),2024-10,5400,10.0,1231,754,2026-09-02T09:04:12+09:00
387582151,커들 1,커들,1,,- 수인 오메가버스,하스미 하나,학산문화사(만화),2026-03,6300,,1258,755,2026-09-02T09:04:12+09:00
375650121,블리치 리믹스 13,블리치 리믹스,13,,,쿠보 타이토,서울미디어코믹스(서울문화사),2025-10,10800,10.0,1273,756,2026-09-02T09:04:12+09:00
400007223,버림받은 공작 부인은 평온한 생활을 희망합니다 1,버림받은 공작 부인은 평온한 생활을 희망합니다,1,,- ROSY,카레야타미에,미스터블루,2026-08,9900,,1300,757,2026-09-02T09:04:12+09:00
399953613,모스크바 2160 4,모스크바 2160,4,,- SL Comic,세키네 코타로,디앤씨미디어(주)(D&C미디어),2026-08,6300,,1430,758,2026-09-02T09:04:12+09:00
399543570,이우일의 만화 그리스로마 신화 3,이우일의 만화 그리스로마 신화,3,,- 오뒷세우스,이우일,비채,2026-07,20250,,1215,759,2026-09-02T09:04:12+09:00
399872446,로스타임에 작별 인사를 Home and Away,로스타임에 작별 인사를 Home and Away,,,- 라르고 맥스 Largo Max,코코미,조은세상(북두),2026-08,5400,10.0,1160,760,2026-09-02T09:04:12+09:00
400136964,은하영웅전설 31,은하영웅전설,31,,,후지사키 류,학산문화사(만화),2026-08,5400,,1060,761,2026-09-02T09:04:12+09:00
400006895,내가 죽을 뿐인 100가지 괴담 2,내가 죽을 뿐인 100가지 괴담,2,,"- 노엔 코믹스 / 초판한정 특별부록 : 일러스트 카드, 띠지",마토노 안지,데이즈엔터(주),2026-08,7200,10.0,1300,762,2026-09-02T09:04:12+09:00
399312403,극한견주 6,극한견주,6,,- 출간 기념 선착순 특전: 잘라쓰는 북마크,마일로,북극여우,2026-07,14850,,1515,763,2026-09-02T09:04:12+09:00
388433908,사랑해 게임을 끝내고 싶어 7,사랑해 게임을 끝내고 싶어,7,,,도모토 유키,학산문화사(만화),2026-03,5400,10.0,1144,764,2026-09-02T09:04:12+09:00
393236862,책벌레의 하극상 제2부 : 책을 위해서라면 무녀가 되겠어 13,책벌레의 하극상 제2부 : 책을 위해서라면 무녀가 되겠어,13,,,스즈카,대원씨아이(만화),2026-05,5400,10.0,990,765,2026-09-02T09:04:12+09:00
400653356,"매지컬★익스플로러 : 에로게임의 친구 캐릭터로 전생했지만, 게임 지식을 써서 자유롭게 살아간다 12","매지컬★익스플로러 : 에로게임의 친구 캐릭터로 전생했지만, 게임 지식을 써서 자유롭게 살아간다",12,,- 시프트코믹스,이리스,YNK MEDIA(만화),2026-08,6300,,910,766,2026-09-02T09:04:12+09:00
400730154,1초 24,1초,24,,,시니,영컴(YOUNG COM),2026-08,15120,,840,767,2026-09-02T09:04:12+09:00
334128695,사랑해 게임을 끝내고 싶어 4,사랑해 게임을 끝내고 싶어,4,,,도모토 유키,학산문화사(만화),2024-02,5400,,904,768,2026-09-02T09:04:12+09:00
399925554,최애의 성벽이 너무 위험하다고요! 1,최애의 성벽이 너무 위험하다고요!,1,,- BB코믹스,하루지ON,㈜소미미디어,2026-08,5850,,930,769,2026-09-02T09:04:12+09:00
400594105,블랙 라군 : 청소부 소여 해체! 고어고어 무스메 4,블랙 라군 : 청소부 소여 해체! 고어고어 무스메,4,,,이다 타츠히코,서울미디어코믹스(서울문화사),2026-08,5850,10.0,760,770,2026-09-02T09:04:12+09:00
400662468,룸 투어즈 2,룸 투어즈,2,,,마츠모토 토모,서울미디어코믹스(서울문화사),2026-08,5400,10.0,690,771,2026-09-02T09:04:12+09:00
314179780,못 미더운 악녀입니다만 : ~추궁접서 교체전~ 2,못 미더운 악녀입니다만 : ~추궁접서 교체전~,2,,,EI Ohitsuji,서울미디어코믹스(서울문화사),2023-03,6300,10.0,735,772,2026-09-02T09:04:12+09:00
400585953,떨거지 인어 디아나 1,떨거지 인어 디아나,1,,- S코믹스,스아마,㈜소미미디어,2026-08,6300,,610,773,2026-09-02T09:04:12+09:00
401247959,내일은 어느 쪽! 12,내일은 어느 쪽!,12,,- 코믹 라르고 Comic Largo,야마모토 코테츠코,조은세상(북두),2026-09,5400,,430,774,2026-09-02T09:04:12+09:00
400708015,영국 낭만 희화 포레스트 아이비 1,영국 낭만 희화 포레스트 아이비,1,,,아마자케 시마,대원씨아이(만화),2026-08,6300,,510,775,2026-09-02T09:04:12+09:00
400652954,영세 소녀의 싸우는 법 7,영세 소녀의 싸우는 법,7,,- 시프트코믹스,쿠즈시로,YNK MEDIA(만화),2026-08,5400,,510,776,2026-09-02T09:04:12+09:00
392519845,디그 잇 2,디그 잇,2,,,Yoshidamaru,학산문화사(만화),2026-05,6300,6.0,380,777,2026-09-02T09:04:12+09:00
400930488,숲 변두리의 꼬마 마녀 1,숲 변두리의 꼬마 마녀,1,,- S코믹스,후지무라 아유미,㈜소미미디어,2026-09,6300,,380,778,2026-09-02T09:04:12+09:00
400880249,파도였던 날들,파도였던 날들,,,,AJ 덩고,미메시스,2026-09,25200,10.0,410,779,2026-09-02T09:04:12+09:00
376840323,체인소 맨 21,체인소 맨,21,,,후지모토 타츠키,학산문화사(만화),2025-11,5400,9.1,14169,780,2026-09-02T09:04:12+09:00
280840739,주술회전 공식 팬북,주술회전 공식 팬북,,,,아쿠타미 게게,서울미디어코믹스(서울문화사),2021-10,9000,9.8,11436,781,2026-09-02T09:04:12+09:00
387708173,GACHIAKUTA 16,GACHIAKUTA,16,,,케이 우라나,학산문화사(만화),2026-03,5400,10.0,11078,782,2026-09-02T09:04:12+09:00
309270072,후지모토 타츠키 단편집 17-21,후지모토 타츠키 단편집,17-21,,,후지모토 타츠키,학산문화사(만화),2023-01,5400,8.6,9617,783,2026-09-02T09:04:12+09:00
252254600,귀멸의 칼날 : 공식 팬북 귀살대 견문록,귀멸의 칼날 : 공식 팬북 귀살대 견문록,,,,고토게 코요하루,학산문화사(만화),2020-09,8550,9.6,9513,784,2026-09-02T09:04:12+09:00
391479763,"사랑하라, 거짓된 천사들이여 6","사랑하라, 거짓된 천사들이여",6,,- 초판 한정 특전 : 양면 일러스트 카드 2종(지류),Coco Uzuki,서울미디어코믹스(서울문화사),2026-04,5400,10.0,9614,785,2026-09-02T09:04:12+09:00
378096466,팬텀 버스터즈 5,팬텀 버스터즈,5,,- 일반판,네오쇼코,㈜소미미디어,2025-11,5850,10.0,9238,786,2026-09-02T09:04:12+09:00
387232917,모모세 아키라의 첫사랑 파탄 중 4 (트리플 특전판),모모세 아키라의 첫사랑 파탄 중,4,트리플 특전판,- 스페셜 아크릴 일러스트 카드(1종) + 반전 매력의 양면 일러스트 카드(2종),하레카와 신타,서울미디어코믹스(서울문화사),2026-02,6750,10.0,8259,787,2026-09-02T09:04:12+09:00
369001873,파이브 스타 스토리 The Five Star Stories 18,파이브 스타 스토리 The Five Star Stories,18,,,나가노 마모루,서울미디어코믹스(서울문화사),2025-07,10800,9.3,7963,788,2026-09-02T09:04:12+09:00
393727271,전지적 독자 시점 19,전지적 독자 시점,19,,- 초판한정: 캐릭터 카드 1종 + 엽서 1종,슬리피-C,에이템포미디어,2026-05,14850,10.0,7880,789,2026-09-02T09:04:12+09:00
283806419,장송의 프리렌 2,장송의 프리렌,2,,,야마다 카네히토,학산문화사(만화),2021-11,5400,9.6,7777,790,2026-09-02T09:04:12+09:00
277000811,명탐정 코난 : 경찰학교 편 - 하,명탐정 코난 : 경찰학교 편 - 하,,,,아라이 타카히로,서울미디어코믹스(서울문화사),2021-08,4950,9.3,7767,791,2026-09-02T09:04:12+09:00
382045769,모모세 아키라의 첫사랑 파탄 중 3 (트리플 특전판),모모세 아키라의 첫사랑 파탄 중,3,트리플 특전판,- 홀로그램 일러스트 카드(1종) + 반전 매력의 양면 일러스트 카드(2종),하레카와 신타,서울미디어코믹스(서울문화사),2025-12,6750,9.8,7478,792,2026-09-02T09:04:12+09:00
303424817,주술회전 20,주술회전,20,,- 센다이 -연회 중반-,아쿠타미 게게,서울미디어코믹스(서울문화사),2022-10,5400,9.8,7343,793,2026-09-02T09:04:12+09:00
399784385,별정직 공무원 5 (특별판),별정직 공무원,5,특별판,- 아크릴 누들 스토퍼 + 미니 포스터 5종 + 마우스패드 + 일러스트 포토 4종 + 특별판 박스 (상시 부록 '포토카드' 포함),서재원,학산문화사(만화),2026-08,38700,10.0,7520,794,2026-09-02T09:04:12+09:00
324949099,봄의 폭풍과 몬스터 1,봄의 폭풍과 몬스터,1,,,미츠바치 미유키,학산문화사(만화),2023-10,5400,9.7,7110,795,2026-09-02T09:04:12+09:00
365046389,쓰레기 기둥서방 하나 군은 죽고 싶어 해 1,쓰레기 기둥서방 하나 군은 죽고 싶어 해,1,,,아메코,대원씨아이(만화),2025-05,5850,10.0,6730,796,2026-09-02T09:04:12+09:00
301706475,주술회전 2,주술회전,2,,,아쿠타미 게게,서울미디어코믹스(서울문화사),2019-03,5400,,6721,797,2026-09-02T09:04:12+09:00
365660227,모 이야기 2,모 이야기,2,,,최연주,엣눈북스(atnoonbooks),2025-06,20700,9.1,6672,798,2026-09-02T09:04:12+09:00
287304526,아름다운 초저녁달 1,아름다운 초저녁달,1,,,야마모리 미카,학산문화사(만화),2022-01,5400,9.5,6598,799,2026-09-02T09:04:12+09:00
364586421,봄의 폭풍과 몬스터 6,봄의 폭풍과 몬스터,6,,,미츠바치 미유키,학산문화사(만화),2025-05,5400,9.7,6571,800,2026-09-02T09:04:12+09:00
340343369,쿠이 료코 낙서집 데이드림 아워,쿠이 료코 낙서집 데이드림 아워,,,- S코믹스,쿠이 료코,㈜소미미디어,2024-06,18000,9.6,6478,801,2026-09-02T09:04:12+09:00
388745962,옆집 천사님 때문에 어느샌가 인간적으로 타락한 사연 11.5 (소책자 부속 특별판),옆집 천사님 때문에 어느샌가 인간적으로 타락한 사연 11.5,,소책자 부속 특별판,"- Novel Engine, ①특별판 전용 커버 사양 11.5권 본편 (11.5권 일반판과 동일한 일러스트 카드 포함 ※띠지 없음) ②별책 단편집 (※커버 없음) ③전용 슬리브 타입 케이스",사에키상,데이즈엔터(주),2026-04,14400,,6361,802,2026-09-02T09:04:12+09:00
132200228,재즈 잇 업! Jazz It Up!,재즈 잇 업! Jazz It Up!,,,"- 남무성의 만화로 보는 재즈의 역사, 출간 15주년 특별 개정증보판",남무성,서해문집,2018-02,24300,9.6,6423,803,2026-09-02T09:04:12+09:00
6475285,이토 준지의 고양이일기 욘&무,이토 준지의 고양이일기 욘&무,,,,이토 준지,대원씨아이(만화),2010-02,5400,8.6,5979,804,2026-09-02T09:04:12+09:00
290968392,아름다운 초저녁달 2,아름다운 초저녁달,2,,,야마모리 미카,학산문화사(만화),2022-03,5400,10.0,5782,805,2026-09-02T09:04:12+09:00
333717879,봄의 폭풍과 몬스터 3,봄의 폭풍과 몬스터,3,,,미츠바치 미유키,학산문화사(만화),2024-02,5400,9.9,5798,806,2026-09-02T09:04:12+09:00
379454044,학생회에도 구멍은 있다! 공식 풀컬러판 : 《생구멍 셀렉션!》,학생회에도 구멍은 있다! 공식 풀컬러판 : 《생구멍 셀렉션!》,,,- S코믹스,무치마로,㈜소미미디어,2025-12,10800,9.6,5480,807,2026-09-02T09:04:12+09:00
338987904,귀멸 학원! 5,귀멸 학원!,5,,,호카미 나츠키,학산문화사(만화),2024-05,5400,10.0,5506,808,2026-09-02T09:04:12+09:00
352893694,귀멸 학원! 6,귀멸 학원!,6,,- 완결,호카미 나츠키,학산문화사(만화),2024-11,5400,10.0,5416,809,2026-09-02T09:04:12+09:00
305390989,스킵과 로퍼 1,스킵과 로퍼,1,,- 시프트코믹스,타카마츠 미사키,YNK MEDIA(만화),2022-11,5400,9.8,5263,810,2026-09-02T09:04:12+09:00
349422137,봄의 폭풍과 몬스터 5,봄의 폭풍과 몬스터,5,,,미츠바치 미유키,학산문화사(만화),2024-10,5400,9.8,5279,811,2026-09-02T09:04:12+09:00
393112792,비실비실 선생님 13,비실비실 선생님,13,,,후쿠치 카미오,대원씨아이(만화),2026-05,5850,10.0,5225,812,2026-09-02T09:04:12+09:00
388137308,믹스 MIX 24,믹스 MIX,24,,,아다치 미츠루,대원씨아이(만화),2026-03,5400,10.0,5184,813,2026-09-02T09:04:12+09:00
383611991,메달리스트 13,메달리스트,13,,,츠루마이카다,학산문화사(만화),2026-01,5400,9.6,5144,814,2026-09-02T09:04:12+09:00
341211935,마루는 강쥐 4,마루는 강쥐,4,,,모죠,문페이스,2024-06,14400,,5174,815,2026-09-02T09:04:12+09:00
105525634,공각기동대 -THE GHOST IN THE SHELL-,공각기동대 -THE GHOST IN THE SHELL-,,,,시로 마사무네,대원씨아이(만화),2017-03,14400,9.2,5184,816,2026-09-02T09:04:12+09:00
362488315,참을 수 없는 건 사랑인 걸까 1,참을 수 없는 건 사랑인 걸까,1,,,소라하나 미아,대원씨아이(만화),2025-04,5850,9.1,4996,817,2026-09-02T09:04:12+09:00
379953360,슈퍼 러버즈 18,슈퍼 러버즈,18,,,아베 미유키,서울미디어코믹스(서울문화사),2025-12,5400,10.0,5045,818,2026-09-02T09:04:12+09:00
388015005,도나츠와 서커스 1~2 완결 스페셜 세트 - 전2권,도나츠와 서커스 1~2 완결 스페셜 세트 - 전2권,,,,오븐,네이버웹툰,2026-05,32400,,4882,819,2026-09-02T09:04:12+09:00
338987945,GACHIAKUTA 3,GACHIAKUTA,3,,,케이 우라나,학산문화사(만화),2024-05,5400,10.0,4908,820,2026-09-02T09:04:12+09:00
311362968,헌터x헌터 HunterXHunter 신장판 6,헌터x헌터 HunterXHunter 신장판,6,,,토가시 요시히로,학산문화사(만화),2013-10,5400,10.0,4821,821,2026-09-02T09:04:12+09:00
304091956,지박소년 하나코 군 18,지박소년 하나코 군,18,,,아이다이로,서울미디어코믹스(서울문화사),2022-11,5400,9.6,5092,822,2026-09-02T09:04:12+09:00
374593353,블루 록 33,블루 록,33,,,노무라 유스케,학산문화사(만화),2025-10,5400,9.3,4752,823,2026-09-02T09:04:12+09:00
384102110,완전 쓰레기인 와타라세인데 1,완전 쓰레기인 와타라세인데,1,,,나카가와 파리,대원씨아이(만화),2026-01,5400,9.6,4703,824,2026-09-02T09:04:12+09:00
383612053,블루 록 34,블루 록,34,,,노무라 유스케,학산문화사(만화),2026-01,5400,9.5,4769,825,2026-09-02T09:04:12+09:00
292995505,지박소년 하나코 군 17,지박소년 하나코 군,17,,,아이다이로,서울미디어코믹스(서울문화사),2022-05,5400,9.7,4875,826,2026-09-02T09:04:12+09:00
355156419,아름다운 초저녁달 8,아름다운 초저녁달,8,,,야마모리 미카,학산문화사(만화),2025-01,5400,9.5,4602,827,2026-09-02T09:04:12+09:00
369308582,타워 던전 2,타워 던전,2,,,니헤이 츠토무,학산문화사(만화),2025-08,6300,9.9,4582,828,2026-09-02T09:04:12+09:00
344711414,명탐정 코난 105,명탐정 코난,105,,,아오야마 고쇼,서울미디어코믹스(서울문화사),2024-08,5400,9.8,4588,829,2026-09-02T09:04:12+09:00
367919526,마루는 강쥐 7,마루는 강쥐,7,,,모죠,문페이스,2025-07,14400,,4442,830,2026-09-02T09:04:12+09:00
394711869,김전일 아빠의 사건부 3,김전일 아빠의 사건부,3,,,아마기 세이마루,서울미디어코믹스(서울문화사),2026-06,6300,9.7,4510,831,2026-09-02T09:04:12+09:00
7219927,소용돌이 합본판,소용돌이 합본판,,,,이토 준지,시공사(만화),2010-06,14400,9.3,4321,832,2026-09-02T09:04:12+09:00
291942810,나루토 Naruto 1,나루토 Naruto,1,,,키시모토 마사시,대원씨아이(만화),2000-09,4950,,4622,833,2026-09-02T09:04:12+09:00
105525838,공각기동대 -MANMACHINE INTERFACE-,공각기동대 -MANMACHINE INTERFACE-,,,,시로 마사무네,대원씨아이(만화),2017-03,14400,7.7,4387,834,2026-09-02T09:04:12+09:00
396377370,너를 사랑하는 살인귀 1,너를 사랑하는 살인귀,1,,- 시프트코믹스,아키야마 엔마,YNK MEDIA(만화),2026-06,5400,10.0,4145,835,2026-09-02T09:04:12+09:00
382042317,디 그레이 맨 29,디 그레이 맨,29,,,호시노 카츠라,대원씨아이(만화),2025-12,5400,10.0,4225,836,2026-09-02T09:04:12+09:00
301708798,주술회전 13,주술회전,13,,,아쿠타미 게게,서울미디어코믹스(서울문화사),2021-03,5400,,4113,837,2026-09-02T09:04:12+09:00
341934453,동경일일 3,동경일일,3,,- 완결,마츠모토 타이요,문학동네,2024-06,9900,9.6,4102,838,2026-09-02T09:04:12+09:00
387904062,오달자의 봄,오달자의 봄,,,,김수정,둘리나라,2026-03,16200,9.9,3940,839,2026-09-02T09:04:12+09:00
385522283,운명의 사람을 만나는 이야기 7,운명의 사람을 만나는 이야기,7,,,아나신,학산문화사(만화),2026-02,5400,9.9,4049,840,2026-09-02T09:04:12+09:00
344254532,GACHIAKUTA 6,GACHIAKUTA,6,,,케이 우라나,학산문화사(만화),2024-08,5400,10.0,3972,841,2026-09-02T09:04:12+09:00
382707103,소년X소녀 일러스트&스티커북,소년X소녀 일러스트&스티커북,,,,규잉,서울미디어코믹스(서울문화사),2025-12,18000,7.2,3896,842,2026-09-02T09:04:12+09:00
320877909,꿈빛 파티시엘 신장판 12,꿈빛 파티시엘 신장판,12,,- 완결,마츠모토 나츠미,대원씨아이(만화),2023-07,5400,,3935,843,2026-09-02T09:04:12+09:00
325301274,슈가슈가 룬 박스 세트 - 전8권,슈가슈가 룬 박스 세트 - 전8권,,,,모요코 안노,학산문화사(만화),2023-09,50400,10.0,3869,844,2026-09-02T09:04:12+09:00
362628387,사카모토 데이즈 18,사카모토 데이즈,18,,,스즈키 유우토,대원씨아이(만화),2024-11,5850,,3695,845,2026-09-02T09:04:12+09:00
320877802,꿈빛 파티시엘 신장판 11,꿈빛 파티시엘 신장판,11,,,마츠모토 나츠미,대원씨아이(만화),2023-07,5400,10.0,3804,846,2026-09-02T09:04:12+09:00
369868455,야쿠자 때문에 목욕탕에서 일하고 있습니다 2,야쿠자 때문에 목욕탕에서 일하고 있습니다,2,,- 루나 코믹스,타카시,㈜소미미디어,2025-08,5850,9.8,3660,847,2026-09-02T09:04:12+09:00
303284033,진격의 거인 18~34 박스 세트 Part 2 - 전17권,진격의 거인 18~34 박스 세트 Part 2 - 전17권,,,- PVC카드 17매 동봉,이사야마 하지메,학산문화사(만화),2022-10,91800,,3658,848,2026-09-02T09:04:12+09:00
294617796,귀멸의 칼날 1,귀멸의 칼날,1,,,고토게 코요하루,학산문화사(만화),2017-09,5400,8.0,3747,849,2026-09-02T09:04:12+09:00
398843926,무대 담당과 악역 군 2,무대 담당과 악역 군,2,,- 완결 / 초판 한정 양면 일러스트 카드 2종,야마시나 티나,㈜소미미디어,2026-07,6300,,3690,850,2026-09-02T09:04:12+09:00
337393287,내 마음의 위험한 녀석 9,내 마음의 위험한 녀석,9,,- S코믹스,사쿠라이 노리오,㈜소미미디어,2024-04,6300,9.8,3515,851,2026-09-02T09:04:12+09:00
327273874,원룸 조교님 1,원룸 조교님,1,,,지붕,유어마나(거북이북스),2023-10,15300,9.0,3563,852,2026-09-02T09:04:12+09:00
295224714,귀멸의 칼날 6,귀멸의 칼날,6,,,고토게 코요하루,학산문화사(만화),2018-10,5400,,3533,853,2026-09-02T09:04:12+09:00
397294900,비교하고 검토하는 교열부의 쿠쥬 씨 2,비교하고 검토하는 교열부의 쿠쥬 씨,2,,,고이시 유카,서교책방,2026-07,11520,10.0,3495,854,2026-09-02T09:04:12+09:00
391001172,매니저의 나날 2,매니저의 나날,2,,,야마모토 소이치로,대원씨아이(만화),2026-04,6750,,3482,855,2026-09-02T09:04:12+09:00
388858246,야쿠자 때문에 목욕탕에서 일하고 있습니다 3,야쿠자 때문에 목욕탕에서 일하고 있습니다,3,,,타카시,㈜소미미디어,2026-04,5850,9.9,3457,856,2026-09-02T09:04:12+09:00
295418499,지. : 지구의 운동에 대하여 2,지. : 지구의 운동에 대하여,2,,,우오토,문학동네,2022-05,7200,9.8,3464,857,2026-09-02T09:04:12+09:00
393756075,폭식 너무 좋아! 모치즈키 양 3,폭식 너무 좋아! 모치즈키 양,3,,,마루요노 카모메,대원씨아이(만화),2026-05,6300,9.8,3570,858,2026-09-02T09:04:12+09:00
298203594,나루토 Naruto 3,나루토 Naruto,3,,,키시모토 마사시,대원씨아이(만화),2000-11,4950,,3421,859,2026-09-02T09:04:12+09:00
353713801,봇치·더·록! 외전 히로이 키쿠리의 과음일기 1,봇치·더·록! 외전 히로이 키쿠리의 과음일기,1,,,쿠미쵸,대원씨아이(만화),2024-12,8100,9.8,3420,860,2026-09-02T09:04:12+09:00
295225182,귀멸의 칼날 14,귀멸의 칼날,14,,,고토게 코요하루,학산문화사(만화),2020-01,5400,,3355,861,2026-09-02T09:04:12+09:00
398009982,한구석의 기억 1,한구석의 기억,1,,,키요나가 타마고,빗금,2026-07,6750,10.0,3220,862,2026-09-02T09:04:12+09:00
322441168,꿈빛 파티시엘 신장판 4,꿈빛 파티시엘 신장판,4,,,마츠모토 나츠미,대원씨아이(만화),2023-08,5400,,3361,863,2026-09-02T09:04:12+09:00
327274039,원룸 조교님 2,원룸 조교님,2,,,지붕,유어마나(거북이북스),2023-10,15300,,3322,864,2026-09-02T09:04:12+09:00
391350801,나나 NANA 완전판 8,나나 NANA 완전판,8,,"- 초판 한정: PP엽서 1종, 포토카드 1종",야자와 아이,학산문화사(만화),2026-04,10800,,3292,865,2026-09-02T09:04:12+09:00
322441190,꿈빛 파티시엘 신장판 5,꿈빛 파티시엘 신장판,5,,,마츠모토 나츠미,대원씨아이(만화),2023-08,5400,,3310,866,2026-09-02T09:04:12+09:00
379954205,팔견전 24,팔견전,24,,"- 동방팔견이문, S코믹스, 완결",아베 미유키,㈜소미미디어,2025-12,5400,8.5,3262,867,2026-09-02T09:04:12+09:00
385543603,악마에 입문했습니다! 이루마 군 : if Episode of 마피아 6,악마에 입문했습니다! 이루마 군 : if Episode of 마피아,6,,,니시 오사무,서울미디어코믹스(서울문화사),2026-02,5850,9.9,3315,868,2026-09-02T09:04:12+09:00
307010996,지. : 지구의 운동에 대하여 4,지. : 지구의 운동에 대하여,4,,,우오토,문학동네,2022-12,7200,9.8,3215,869,2026-09-02T09:04:12+09:00
394171104,이력서 2,이력서,2,,,유월,블루픽,2026-05,14220,10.0,3370,870,2026-09-02T09:04:12+09:00
353581099,내 마음의 위험한 녀석 10,내 마음의 위험한 녀석,10,,- S코믹스,사쿠라이 노리오,㈜소미미디어,2024-12,6300,9.2,3173,871,2026-09-02T09:04:12+09:00
332864221,악역 영애 안의 사람 1,악역 영애 안의 사람,1,,,시라우메 나즈나,데이즈엔터(주),2024-01,5400,10.0,3140,872,2026-09-02T09:04:12+09:00
295225057,귀멸의 칼날 11,귀멸의 칼날,11,,,고토게 코요하루,학산문화사(만화),2019-10,5400,,3219,873,2026-09-02T09:04:12+09:00
372013929,지박소년 하나코 군 24,지박소년 하나코 군,24,,,아이다이로,서울미디어코믹스(서울문화사),2025-09,5400,,3240,874,2026-09-02T09:04:12+09:00
326990757,지. : 지구의 운동에 대하여 5,지. : 지구의 운동에 대하여,5,,,우오토,문학동네,2023-10,7200,9.6,3095,875,2026-09-02T09:04:12+09:00
341682079,패배 히로인이 너무 많아! 5,패배 히로인이 너무 많아!,5,,- Novel Engine,아마모리 타키비,데이즈엔터(주),2024-07,6750,9.3,3223,876,2026-09-02T09:04:12+09:00
383428976,Veil 6,Veil,6,,"- S코믹스, JAPAN EXPO 최우수작화상, 최우수장정상 수상",코테리,㈜소미미디어,2026-01,11520,9.7,2892,877,2026-09-02T09:04:12+09:00
369055987,사카모토 데이즈 21 : NAGUMO DIYS 특별판,사카모토 데이즈 21 : NAGUMO DIYS 특별판,,,- DIY 아크릴 디오라마 스탠드 1세트 + DIY 아크릴 참 3종 + DIY 아크릴 포토 프레임 1세트 + 컬러 포토 카드 4종 + 모노크롬 스티커팩 1종 + 스페셜 일러스트 보드 1종 + 네임택 스트랩 1종 + 캔배지 2종 + 구성품 안내지 + 박스,스즈키 유우토,대원씨아이(만화),2025-07,68850,10.0,2866,878,2026-09-02T09:04:12+09:00
378808731,블루 피리어드 2,블루 피리어드,2,,- 시프트코믹스,야마구치 츠바사,YNK MEDIA(만화),2025-12,5400,,2810,879,2026-09-02T09:04:12+09:00
372071162,참을 수 없는 건 사랑인 걸까 4,참을 수 없는 건 사랑인 걸까,4,,,소라하나 미아,대원씨아이(만화),2025-09,5850,10.0,2941,880,2026-09-02T09:04:12+09:00
388510775,블루 피리어드 3,블루 피리어드,3,,- 시프트코믹스,야마구치 츠바사,YNK MEDIA(만화),2026-03,5400,10.0,2783,881,2026-09-02T09:04:12+09:00
23585900,애니메이터 서바이벌 키트,애니메이터 서바이벌 키트,,,- 증보판,리처드 윌리엄스,한울(한울아카데미),2020-11,52000,8.6,2773,882,2026-09-02T09:04:12+09:00
391284987,블루 피리어드 4,블루 피리어드,4,,- 시프트코믹스,야마구치 츠바사,YNK MEDIA(만화),2026-04,5400,,2829,883,2026-09-02T09:04:12+09:00
304629310,블루 록 3,블루 록,3,,,노무라 유스케,학산문화사(만화),2021-02,5400,10.0,2710,884,2026-09-02T09:04:12+09:00
389481532,묘쌤은 이렇게 말했다 10,묘쌤은 이렇게 말했다,10,,- S코믹스,무테키 소다,㈜소미미디어,2026-04,6300,9.5,2595,885,2026-09-02T09:04:12+09:00
337103761,나 혼자만 레벨업 5,나 혼자만 레벨업,5,,- 만화,장성락(REDICE STUDIO),디앤씨웹툰비즈,2021-10,14400,9.3,2611,886,2026-09-02T09:04:12+09:00
334780507,얼굴만으론 좋아할 수 없어요 2,얼굴만으론 좋아할 수 없어요,2,,,안자이 카린,서울미디어코믹스(서울문화사),2022-04,5400,,2497,887,2026-09-02T09:04:12+09:00
323288688,내 마음의 위험한 녀석 8,내 마음의 위험한 녀석,8,,- S코믹스,사쿠라이 노리오,㈜소미미디어,2023-09,6300,9.7,2530,888,2026-09-02T09:04:12+09:00
324950007,운명의 사람을 만나는 이야기 3,운명의 사람을 만나는 이야기,3,,,아나신,학산문화사(만화),2023-09,5400,9.5,2753,889,2026-09-02T09:04:12+09:00
319093776,100미터 1,100미터,1,,,우오토,학산문화사(만화),2023-06,8100,10.0,2738,890,2026-09-02T09:04:12+09:00
336005906,나 혼자만 레벨업 1,나 혼자만 레벨업,1,,- 만화,장성락(REDICE STUDIO),디앤씨웹툰비즈,2019-09,14400,9.3,2436,891,2026-09-02T09:04:12+09:00
393626220,구룡 제네릭 로맨스 11,구룡 제네릭 로맨스,11,,"- S코믹스/ 초판 한정 렌티큘러 카드, 일러스트 카드",마유즈키 준,㈜소미미디어,2026-05,6300,9.8,2440,892,2026-09-02T09:04:12+09:00
396137173,세레나 10,세레나,10,,"- 초판 한정 부록 : 일러스트 엽서 1종, 면지에 작가님 친필 사인(인쇄본)",정이나,네이버웹툰,2026-07,16020,,2385,893,2026-09-02T09:04:12+09:00
304629473,블루 록 6,블루 록,6,,,노무라 유스케,학산문화사(만화),2021-06,5400,,2301,894,2026-09-02T09:04:12+09:00
382418825,드래곤볼 완전판 가이드북 FOREVER,드래곤볼 완전판 가이드북 FOREVER,,,,토리야마 아키라,서울미디어코믹스(서울문화사),2025-12,12600,,2429,895,2026-09-02T09:04:12+09:00
395745585,이런 게 좋아 12,이런 게 좋아,12,,,소류,학산문화사(만화),2026-06,7200,9.7,2345,896,2026-09-02T09:04:12+09:00
378051373,카구라바치 8,카구라바치,8,,,호카조노 타케루,대원씨아이(만화),2025-11,5850,,2345,897,2026-09-02T09:04:12+09:00
338119636,운명의 사람을 만나는 이야기 4,운명의 사람을 만나는 이야기,4,,,아나신,학산문화사(만화),2024-04,5400,9.9,2388,898,2026-09-02T09:04:12+09:00
386478518,이 땅에 ADHD로 태어나,이 땅에 ADHD로 태어나,,,,비스카차,유유히,2026-03,17100,10.0,2109,899,2026-09-02T09:04:12+09:00
326203733,얼굴만으론 좋아할 수 없어요 8,얼굴만으론 좋아할 수 없어요,8,,,안자이 카린,서울미디어코믹스(서울문화사),2023-10,5400,,2216,900,2026-09-02T09:04:12+09:00
376977094,오디세이,오디세이,,,"- 사로잡는 강렬한 그래픽, 교실에서 검증된 탁월한 해석력, 누구나 완독할 수 있는",가레스 하인즈,인간희극,2025-12,16200,9.0,2586,901,2026-09-02T09:04:12+09:00
321812915,오란고교 호스트부 3,오란고교 호스트부,3,,,하토리 비스코,학산문화사(만화),2004-05,5400,,2149,902,2026-09-02T09:04:12+09:00
298972634,나루토 Naruto 8,나루토 Naruto,8,,,키시모토 마사시,대원씨아이(만화),2001-10,4950,,2376,903,2026-09-02T09:04:12+09:00
301570726,나루토 Naruto 43,나루토 Naruto,43,,,키시모토 마사시,대원씨아이(만화),2008-12,5400,10.0,2344,904,2026-09-02T09:04:12+09:00
368681375,귀엽다는 말 들은 적 없어!! 10,귀엽다는 말 들은 적 없어!!,10,,,하루후지 나카바,대원씨아이(만화),2025-07,4500,9.8,2163,905,2026-09-02T09:04:12+09:00
319093936,100미터 2,100미터,2,,,우오토,학산문화사(만화),2023-06,8100,10.0,2375,906,2026-09-02T09:04:12+09:00
311057046,명탐정 코난 : 경찰학교 셀렉션,명탐정 코난 : 경찰학교 셀렉션,,,- 특별 편집 코믹스,아오야마 고쇼,서울미디어코믹스(서울문화사),2023-02,10800,,2307,907,2026-09-02T09:04:12+09:00
395513879,시노와 렌 4,시노와 렌,4,,- SL Comic,치구사 미노리,디앤씨미디어(주)(D&C미디어),2026-06,10800,10.0,1930,908,2026-09-02T09:04:12+09:00
294260782,팔견전 14,팔견전,14,,"- 동방팔견이문, S코믹스",아베 미유키,㈜소미미디어,2022-05,6300,8.7,1958,909,2026-09-02T09:04:12+09:00
319094091,100미터 5,100미터,5,,,우오토,학산문화사(만화),2023-06,8100,10.0,2417,910,2026-09-02T09:04:12+09:00
310530480,만화로 보는 일리아스,만화로 보는 일리아스,,,- 트로이의 노래,동사원형,한빛비즈,2023-02,17550,9.9,1890,911,2026-09-02T09:04:12+09:00
338379758,이거 그리고 죽어 1,이거 그리고 죽어,1,,,토요다 미노루,대원씨아이(만화),2024-04,5400,9.7,2016,912,2026-09-02T09:04:12+09:00
314184207,팔견전 16,팔견전,16,,"- 동방팔견이문, S코믹스",아베 미유키,㈜소미미디어,2023-04,6300,9.3,1893,913,2026-09-02T09:04:12+09:00
319093999,100미터 3,100미터,3,,,우오토,학산문화사(만화),2023-06,8100,10.0,1976,914,2026-09-02T09:04:12+09:00
319094052,100미터 4,100미터,4,,,우오토,학산문화사(만화),2023-06,8100,10.0,2366,915,2026-09-02T09:04:12+09:00
385521705,벡 Beck 신장판 1,벡 Beck 신장판,1,,,해롤드 사쿠이시,학산문화사(만화),2026-02,10800,6.8,1983,916,2026-09-02T09:04:12+09:00
352662803,소라닌 신장판,소라닌 신장판,,,,아사노 이니오,서울미디어코믹스(서울문화사),2024-11,18000,8.0,1934,917,2026-09-02T09:04:12+09:00
326489876,네가 죽을 때까지 사랑하고 싶어 6,네가 죽을 때까지 사랑하고 싶어,6,,,나치 아오노,학산문화사(만화),2023-10,5400,10.0,1917,918,2026-09-02T09:04:12+09:00
394841350,장송의 프리렌 6,장송의 프리렌,6,,,야마다 카네히토,학산문화사(만화),2022-03,6300,,1890,919,2026-09-02T09:04:12+09:00
334207343,얼굴만으론 좋아할 수 없어요 5,얼굴만으론 좋아할 수 없어요,5,,,안자이 카린,서울미디어코믹스(서울문화사),2022-09,5400,,1868,920,2026-09-02T09:04:12+09:00
355888808,팔견전 20,팔견전,20,,"- 동방팔견이문, S코믹스",아베 미유키,㈜소미미디어,2025-01,6300,10.0,1784,921,2026-09-02T09:04:12+09:00
322947641,오란고교 호스트부 17,오란고교 호스트부,17,,,하토리 비스코,학산문화사(만화),2011-02,5400,,1954,922,2026-09-02T09:04:12+09:00
328061218,팔견전 17,팔견전,17,,"- 동방팔견이문, S코믹스",아베 미유키,㈜소미미디어,2023-11,6300,,1858,923,2026-09-02T09:04:12+09:00
344452803,팔견전 19,팔견전,19,,"- 동방팔견이문, S코믹스",아베 미유키,㈜소미미디어,2024-08,6300,10.0,1730,924,2026-09-02T09:04:12+09:00
335330575,팔견전 18,팔견전,18,,"- 동방팔견이문, S코믹스",아베 미유키,㈜소미미디어,2024-03,6300,6.8,1768,925,2026-09-02T09:04:12+09:00
374951156,얼음 성벽 11,얼음 성벽,11,,,아가사와 코챠,학산문화사(만화),2025-10,9000,10.0,1894,926,2026-09-02T09:04:12+09:00
291487356,하이큐!! 31,하이큐!!,31,,- 히어로,후루다테 하루이치,대원씨아이(만화),2018-09,4950,,1798,927,2026-09-02T09:04:12+09:00
302960457,팔견전 15,팔견전,15,,"- 동방팔견이문, S코믹스",아베 미유키,㈜소미미디어,2022-10,6300,7.6,1737,928,2026-09-02T09:04:12+09:00
399381461,종말의 발키리 26,종말의 발키리,26,,,우메무라 신야,대원씨아이(만화),2026-07,4950,10.0,1660,929,2026-09-02T09:04:12+09:00
394695697,마법기사 레이어스 원화집,마법기사 레이어스 원화집,,,,CLAMP,학산문화사(만화),2026-06,34200,,1885,930,2026-09-02T09:04:12+09:00
340411847,이거 그리고 죽어 2,이거 그리고 죽어,2,,,토요다 미노루,대원씨아이(만화),2024-05,5400,9.5,1731,931,2026-09-02T09:04:12+09:00
398811124,사장과 술과 별 3,사장과 술과 별,3,,,즈리 키시,대원씨아이(만화),2026-07,5850,,1680,932,2026-09-02T09:04:12+09:00
300851320,몬스터 완전판 7,몬스터 완전판,7,,,우라사와 나오키,서울미디어코믹스(서울문화사),2022-09,14400,,1737,933,2026-09-02T09:04:12+09:00
333361531,길가메쉬,길가메쉬,,,,옌스 하르더,마르코폴로,2024-02,18000,9.7,1569,934,2026-09-02T09:04:12+09:00
391834809,버그 에고 1,버그 에고,1,,"- S코믹스 /초판 한정 일러스트 카드 2종, 렌티큘러 카드",시타라 키요토,㈜소미미디어,2026-05,6300,10.0,1641,935,2026-09-02T09:04:12+09:00
342061810,이거 그리고 죽어 3,이거 그리고 죽어,3,,,토요다 미노루,대원씨아이(만화),2024-06,5400,10.0,1591,936,2026-09-02T09:04:12+09:00
301188387,나루토 Naruto 44,나루토 Naruto,44,,,키시모토 마사시,대원씨아이(만화),2009-03,4950,,1714,937,2026-09-02T09:04:12+09:00
390588755,통제구역관리부 2,통제구역관리부,2,,,탄광,다산코믹스,2026-04,18900,,1663,938,2026-09-02T09:04:12+09:00
322947468,아인 13,아인,13,,,사쿠라이 가몬,학산문화사(만화),2019-03,5400,,1548,939,2026-09-02T09:04:12+09:00
387323690,패배 히로인이 너무 많아! @comic 2,패배 히로인이 너무 많아! @comic,2,,,이타치,재담,2026-02,6300,,1435,940,2026-09-02T09:04:12+09:00
300076543,나루토 Naruto 50,나루토 Naruto,50,,,키시모토 마사시,대원씨아이(만화),2010-06,4950,6.0,1619,941,2026-09-02T09:04:12+09:00
385238703,패배 히로인이 너무 많아! @comic 1,패배 히로인이 너무 많아! @comic,1,,,이타치,재담,2026-01,6300,8.4,1438,942,2026-09-02T09:04:12+09:00
351722750,단둘만의 로맨틱 2,단둘만의 로맨틱,2,,,카니사와 치히로,학산문화사(만화),2024-11,5400,10.0,1243,943,2026-09-02T09:04:12+09:00
400543325,쿠로이와 메다카에게 내 귀여움이 통하지 않아 23,쿠로이와 메다카에게 내 귀여움이 통하지 않아,23,,,쿠제 란,대원씨아이(만화),2026-08,5400,10.0,1200,944,2026-09-02T09:04:12+09:00
371390937,배가본드 2,배가본드,2,,,이노우에 타케히코,학산문화사(만화),1999-03,6300,,1329,945,2026-09-02T09:04:12+09:00
287237782,하이큐!! 컴플리트 일러스트레이션 북 끝과 시작,하이큐!! 컴플리트 일러스트레이션 북 끝과 시작,,,,후루다테 하루이치,대원씨아이(만화),2022-01,36000,9.5,1461,946,2026-09-02T09:04:12+09:00
355732920,단둘만의 로맨틱 3,단둘만의 로맨틱,3,,- 완결,카니사와 치히로,학산문화사(만화),2025-01,5400,10.0,1169,947,2026-09-02T09:04:12+09:00
381584698,Re : 제로부터 시작하는 이세계 생활 28,Re : 제로부터 시작하는 이세계 생활,28,,- Novel Engine,나가츠키 탓페이,데이즈엔터(주),2025-12,7200,10.0,1285,948,2026-09-02T09:04:12+09:00
370934076,동인녀의 감정 1 : 동인판,동인녀의 감정 1 : 동인판,,,,사나다 츠즈루,길찾기,2025-09,7200,9.8,1222,949,2026-09-02T09:04:12+09:00
399872215,니시코 군과 히가시가와 군 1,니시코 군과 히가시가와 군,1,,- 라르고 맥스 Largo Max,사토 슈가,조은세상(북두),2026-08,5400,,1240,950,2026-09-02T09:04:12+09:00
396803899,"새벽, 구름, 강 6","새벽, 구름, 강",6,,- 완결,마증지,봄툰,2026-06,15300,,1215,951,2026-09-02T09:04:12+09:00
338563463,블리치 리믹스 2,블리치 리믹스,2,,,쿠보 타이토,서울미디어코믹스(서울문화사),2024-04,10800,10.0,1389,952,2026-09-02T09:04:12+09:00
398836644,장하다! 원조 괴짜가족 13,장하다! 원조 괴짜가족,13,,,하마오카 켄지,서울미디어코믹스(서울문화사),2026-07,4500,,1175,953,2026-09-02T09:04:12+09:00
399452036,핑크 하트 잼 beat 2,핑크 하트 잼 beat,2,,- B愛+745,싯케,대원씨아이(만화),2026-07,5850,,1100,954,2026-09-02T09:04:12+09:00
399973927,여주인공인데 잘생긴 아이돌♂이 되었습니다?! 3,여주인공인데 잘생긴 아이돌♂이 되었습니다?!,3,,,아이젠 마나,학산문화사(만화),2026-08,5400,10.0,1100,955,2026-09-02T09:04:12+09:00
341991722,블리치 리믹스 4,블리치 리믹스,4,,,쿠보 타이토,서울미디어코믹스(서울문화사),2024-06,10800,10.0,1125,956,2026-09-02T09:04:12+09:00
396653696,산가지는 도깨비의 꿈을 꾼다 4,산가지는 도깨비의 꿈을 꾼다,4,,,LAPIS,다산코믹스,2026-06,18000,,1225,957,2026-09-02T09:04:12+09:00
399046795,도쿄대 세 자매 1,도쿄대 세 자매,1,,,이소야 유키,대원씨아이(만화),2026-07,5850,10.0,1025,958,2026-09-02T09:04:12+09:00
393162271,데스 노트 Death Note 2,데스 노트 Death Note,2,,,오바 츠구미,대원씨아이(만화),2004-12,6300,,1025,959,2026-09-02T09:04:12+09:00
391206653,데스 노트 Death Note 10,데스 노트 Death Note,10,,,오바 츠구미,대원씨아이(만화),2026-04,6300,,1040,960,2026-09-02T09:04:12+09:00
398728056,마법소녀를 동경해서 4 (더블특전판),마법소녀를 동경해서,4,더블특전판,- 초판한정 : 일러스트 카드 1종 + SD 스티커 1종,오노나카 아키히로,대원씨아이(만화),2026-07,6750,,1325,961,2026-09-02T09:04:12+09:00
400585962,특별한 도라에몽 : 언제나 마음속에 친구 편 9,특별한 도라에몽 : 언제나 마음속에 친구 편,9,,,후지코 F. 후지오,대원씨아이(만화),2026-08,8100,,930,962,2026-09-02T09:04:12+09:00
391206780,데스 노트 Death Note 11,데스 노트 Death Note,11,,,오바 츠구미,대원씨아이(만화),2006-10,6300,,1020,963,2026-09-02T09:04:12+09:00
369851616,사랑해 게임을 끝내고 싶어 6,사랑해 게임을 끝내고 싶어,6,,,도모토 유키,학산문화사(만화),2025-08,5400,10.0,1050,964,2026-09-02T09:04:12+09:00
400586342,펜과 수갑과 사실혼 4,펜과 수갑과 사실혼,4,,,사와라기 신이치,학산문화사(만화),2026-08,5400,,1000,965,2026-09-02T09:04:12+09:00
200656574,아이들의 장난감 애장판 1~7 세트 - 전7권 (완결),아이들의 장난감 애장판 1~7 세트 - 전7권 (완결),,,,오바나 미호,학산문화사(만화),2019-07,40320,10.0,1096,966,2026-09-02T09:04:12+09:00
344690001,사랑해 게임을 끝내고 싶어 5,사랑해 게임을 끝내고 싶어,5,,,도모토 유키,학산문화사(만화),2024-08,5400,10.0,900,967,2026-09-02T09:04:12+09:00
324002854,사랑해 게임을 끝내고 싶어 2,사랑해 게임을 끝내고 싶어,2,,,도모토 유키,학산문화사(만화),2023-09,5400,10.0,949,968,2026-09-02T09:04:12+09:00
400585852,택배기사 형이랑 잘 될 수 있을까?,택배기사 형이랑 잘 될 수 있을까?,,,- B愛+750,노다 논다,대원씨아이(만화),2026-08,6300,,820,969,2026-09-02T09:04:12+09:00
395357125,호스트와 사축 1,호스트와 사축,1,,,가와지리 미쓰루,학산문화사(만화),2026-06,6300,,800,970,2026-09-02T09:04:12+09:00
400585960,특별한 도라에몽 : 쿵짜라♪ 울려퍼지는 음악 편 8,특별한 도라에몽 : 쿵짜라♪ 울려퍼지는 음악 편,8,,,후지코 F. 후지오,대원씨아이(만화),2026-08,8100,,840,971,2026-09-02T09:04:12+09:00
322283203,명탐정 코난 20,명탐정 코난,20,,,아오야마 고쇼,서울미디어코믹스(서울문화사),2020-08,5400,,1109,972,2026-09-02T09:04:12+09:00
306782224,고수 7,고수,7,,,류기운,학산문화사(만화),2022-12,13500,6.0,882,973,2026-09-02T09:04:12+09:00
400654225,아질 Asyl 1,아질 Asyl,1,,- 시프트코믹스,하야토 유우,YNK MEDIA(만화),2026-08,5400,10.0,740,974,2026-09-02T09:04:12+09:00
400543262,일하지 않는 두사람 32,일하지 않는 두사람,32,,,요시다 사토루,대원씨아이(만화),2026-08,4950,,760,975,2026-09-02T09:04:12+09:00
400543235,악마이자 여경! 2,악마이자 여경!,2,,,안베 마사히로,대원씨아이(만화),2026-08,5850,,820,976,2026-09-02T09:04:12+09:00
398200687,톰 폭스의 옷을 입은 캐릭터 드로잉 : 옷과 주름 그리기 워크북,톰 폭스의 옷을 입은 캐릭터 드로잉 : 옷과 주름 그리기 워크북,,,,톰 폭스,한즈미디어(한스미디어),2026-07,19800,,630,977,2026-09-02T09:04:12+09:00
398344478,섀도 하우스 20,섀도 하우스,20,,,소마토,학산문화사(만화),2026-07,10800,10.0,655,978,2026-09-02T09:04:12+09:00
305104777,못 미더운 악녀입니다만 : ~추궁접서 교체전~ 1,못 미더운 악녀입니다만 : ~추궁접서 교체전~,1,,,EI Ohitsuji,서울미디어코믹스(서울문화사),2022-11,6300,10.0,725,979,2026-09-02T09:04:12+09:00
379966455,배가본드 34,배가본드,34,,,이노우에 타케히코,학산문화사(만화),2013-01,6300,,620,980,2026-09-02T09:04:12+09:00
400662384,꿈사랑 ~꿈에서 우리는 사랑에 빠진다~ 4,꿈사랑 ~꿈에서 우리는 사랑에 빠진다~,4,,- 완결,키타다 료마,서울미디어코믹스(서울문화사),2026-08,7650,,750,981,2026-09-02T09:04:12+09:00
383643805,배가본드 31,배가본드,31,,,이노우에 타케히코,학산문화사(만화),2010-06,6300,,582,982,2026-09-02T09:04:12+09:00
383616336,배가본드 32,배가본드,32,,,이노우에 타케히코,학산문화사(만화),2011-02,6300,,556,983,2026-09-02T09:04:12+09:00
400662517,특급 알파가 사랑한 오메가,특급 알파가 사랑한 오메가,,,,Ayumi Kannami,서울미디어코믹스(서울문화사),2026-08,7650,,500,984,2026-09-02T09:04:12+09:00
395170494,133cm의 풍경 4,133cm의 풍경,4,,,히루노 츠키코,학산문화사(만화),2026-06,5400,9.8,495,985,2026-09-02T09:04:12+09:00
400878277,오컬트 타임즈 1 (한정판),오컬트 타임즈,1,한정판,- 일반판 초판 부록 + 아코디언 일러스트 엽서 세트 + 시로&레이 아크릴 키링,Idonchi,서울미디어코믹스(서울문화사),2026-08,22500,,480,986,2026-09-02T09:04:12+09:00
388462249,배가본드 33,배가본드,33,,,이노우에 타케히코,학산문화사(만화),2011-04,6300,,483,987,2026-09-02T09:04:12+09:00
400708005,신에게 맹세코 거짓입니다 2,신에게 맹세코 거짓입니다,2,,,마츠모토 스이세이,대원씨아이(만화),2026-08,6300,,410,988,2026-09-02T09:04:12+09:00
400876143,1to10 2,1to10,2,,"- 초판 1쇄 한정 부록: 띠지, 포토카드 1매. 판스티커 1매",NOD,레진코믹스(레진엔터테인먼트),2026-08,14400,,370,989,2026-09-02T09:04:12+09:00
401046164,안티 페이크 러브,안티 페이크 러브,,,,미스미 요코,레어블(Rareble),2026-08,5400,,330,990,2026-09-02T09:04:12+09:00
401045748,거짓 사랑을 꿰뚫다,거짓 사랑을 꿰뚫다,,,,닛코로,레어블(Rareble),2026-08,5400,,330,991,2026-09-02T09:04:12+09:00
400980601,퍼펙트 어딕션 3,퍼펙트 어딕션,3,,- B愛+753,미야마 카오루코,대원씨아이(만화),2026-08,5850,,260,992,2026-09-02T09:04:12+09:00
400930279,에리스의 성배 6,에리스의 성배,6,,- S코믹스,모모야마 히나세,㈜소미미디어,2026-09,6300,,260,993,2026-09-02T09:04:12+09:00
366331655,원피스 111,원피스,111,,- 엘바프 모험,오다 에이치로,대원씨아이(만화),2025-06,5400,10.0,25307,994,2026-09-02T09:04:12+09:00
393250501,도쿄 에일리언즈 12 (트리플 특장판),도쿄 에일리언즈,12,트리플 특장판,- 초판 한정 : 아크릴 일러스트 카드(초판 전체) + 스페셜 일러스트 카드(선착순 한정) + 인화사진 (선착순 한정),NAOE,서울미디어코믹스(서울문화사),2026-05,5400,10.0,16185,995,2026-09-02T09:04:12+09:00
311984400,히카루가 죽은 여름 1,히카루가 죽은 여름,1,,- SL Comic,모쿠모쿠렌,디앤씨미디어(주)(D&C미디어),2023-03,5400,9.6,11674,996,2026-09-02T09:04:12+09:00
350054747,원피스 109,원피스,109,,- 네 편,오다 에이치로,대원씨아이(만화),2024-10,5400,9.9,11037,997,2026-09-02T09:04:12+09:00
283685224,원피스 100,원피스,100,,- 패왕색,오다 에이치로,대원씨아이(만화),2021-11,4950,9.2,10116,998,2026-09-02T09:04:12+09:00
309270127,후지모토 타츠키 단편집 22-26,후지모토 타츠키 단편집,22-26,,,후지모토 타츠키,학산문화사(만화),2023-01,5400,9.4,9767,999,2026-09-02T09:04:12+09:00
379004652,열혈강호 94,열혈강호,94,,,전극진,대원씨아이(만화),2025-11,4950,9.2,9551,1000,2026-09-02T09:04:12+09:00
400930743,아멜리아의 호기심 많은 로맨스 3,아멜리아의 호기심 많은 로맨스,3,,"- 루나 코믹스, 초판 한정 투명 pet 포토카드 1종, 양면 일러스트 카드 1종, PET 사원증 1종",코하쿠 요루,㈜소미미디어,2026-09,6300,,16080,1,2026-09-02T09:31:51+09:00
400315663,스파이 패밀리 17,스파이 패밀리,17,,,엔도 타츠야,학산문화사(만화),2026-08,5400,10.0,34050,2,2026-09-02T09:31:51+09:00
400917256,마남 이치 6 (트리플 특전판),마남 이치,6,트리플 특전판,- 아크릴 일러스트 카드 2종 + 홀로그램 일러스트 카드,유사자키 시로,서울미디어코믹스(서울문화사),2026-08,6300,10.0,17900,3,2026-09-02T09:31:51+09:00
400652795,스킵과 로퍼 12,스킵과 로퍼,12,,- 시프트코믹스,타카마츠 미사키,YNK MEDIA(만화),2026-08,5400,10.0,30370,4,2026-09-02T09:31:51+09:00
400365190,사카모토 데이즈 27 (더블 특전판),사카모토 데이즈,27,더블 특전판,"- 자긍심, 초판 한정 띠지 + 일러스트 포스트 카드 + 일러스트 레이어 카드",스즈키 유우토,대원씨아이(만화),2026-08,5850,10.0,33540,5,2026-09-02T09:31:51+09:00
400710266,야마다 군과 Lv999의 사랑을 하다 8,야마다 군과 Lv999의 사랑을 하다,8,,"- 초판 한정 특전 : 띠지, 일러스트 카드, 폴라로이드 카드",마시로,디앤씨미디어(주)(D&C미디어),2026-09,7200,10.0,19820,6,2026-09-02T09:31:51+09:00
399974125,타몬 군 지금 어느 쪽?! 13 (한정판),타몬 군 지금 어느 쪽?!,13,한정판,- 후쿠하라 타몬 2nd 사진집 + 후쿠하라 타몬 사인 포토카드 + 일러스트 카드,시와스 유키,학산문화사(만화),2026-08,12600,10.0,22080,7,2026-09-02T09:31:51+09:00
400587114,봇치·더·록! 외전 히로이 키쿠리의 과음일기 6,봇치·더·록! 외전 히로이 키쿠리의 과음일기,6,,- 띠지 + 초판한정 일러스트 포토 카드 1종,쿠미쵸,대원씨아이(만화),2026-08,8100,,31600,8,2026-09-02T09:31:51+09:00
400736391,엄마가 도망갔다,엄마가 도망갔다,,,,소복이,나무의말,2026-09,17820,10.0,11350,9,2026-09-02T09:31:51+09:00
400909479,킹덤 Kingdom 78,킹덤 Kingdom,78,,,하라 야스히사,대원씨아이(만화),2026-08,5400,,8810,10,2026-09-02T09:31:51+09:00
400710167,야마다 군과 Lv999의 사랑을 하다 8 (특별판),야마다 군과 Lv999의 사랑을 하다,8,특별판,"- 특별판 한정 특전 : 일반판 초판 특전, 틴케이스, 특별판 한정 엽서 4종 세트, 키캡 키링",마시로,디앤씨미디어(주)(D&C미디어),2026-09,23400,10.0,19490,11,2026-09-02T09:31:51+09:00
397412056,책이라면 팔 만큼 1,책이라면 팔 만큼,1,,,코지마 아오,미우(대원씨아이),2026-07,11700,9.6,25135,12,2026-09-02T09:31:51+09:00
399539936,명탐정 코난 108,명탐정 코난,108,,,아오야마 고쇼,서울미디어코믹스(서울문화사),2026-07,5400,9.8,23105,13,2026-09-02T09:31:51+09:00
401063905,블리치 리믹스 17,블리치 리믹스,17,,,쿠보 타이토,서울미디어코믹스(서울문화사),2026-08,10800,,11220,14,2026-09-02T09:31:51+09:00
400246381,황천의 츠가이 12 (더블특전판),황천의 츠가이,12,더블특전판,- 초판한정 : 일러스트 포스트카드 1종 + 일러스트 pp카드 1종,아라카와 히로무,대원씨아이(만화),2026-08,5850,10.0,15710,15,2026-09-02T09:31:51+09:00
400980916,꿈인지 생시인지 4,꿈인지 생시인지,4,,,사키사카 이오,대원씨아이(만화),2026-08,5850,,5510,16,2026-09-02T09:31:51+09:00
400315752,디그 잇 3 (더블특전판),디그 잇,3,더블특전판,- 수량 한정 더블 특전 : 비주얼 보드 + 스포츠 선수 카드,Yoshidamaru,학산문화사(만화),2026-08,6300,,17950,17,2026-09-02T09:31:51+09:00
400547759,모모세 아키라의 첫사랑 파탄 중 6 (트리플 특전판),모모세 아키라의 첫사랑 파탄 중,6,트리플 특전판,- 스페셜 아크릴 일러스트 카드 1종 + 양면 일러스트 카드 2종,하레카와 신타,서울미디어코믹스(서울문화사),2026-08,6750,10.0,14130,18,2026-09-02T09:31:51+09:00
400977703,나의 첫 섹파 2,나의 첫 섹파,2,,,유리카와,재담,2026-08,6300,,5340,19,2026-09-02T09:31:51+09:00
400713407,이세계 삼촌 14,이세계 삼촌,14,,"- 픽시하우스, 초판한정 특별부록 : 일러스트 카드 + 띠지",호톤도신데이루,데이즈엔터(주),2026-09,7200,,8710,20,2026-09-02T09:31:51+09:00
391764120,포켓몬 생태도감,포켓몬 생태도감,,,,주식회사 포켓몬,대원씨아이(단행본),2026-04,13500,10.0,72049,21,2026-09-02T09:31:51+09:00
401047773,야화첩 8,야화첩,8,,"- 초판 한정: 띠지, 포토카드 1종, PET 책갈피 1종",변덕,레진코믹스(레진엔터테인먼트),2026-08,14400,,4940,22,2026-09-02T09:31:51+09:00
400707875,언니의 미도리 군 9,언니의 미도리 군,9,,,메구로 아무,대원씨아이(만화),2026-08,4950,,6500,23,2026-09-02T09:31:51+09:00
400586243,단다단 21,단다단,21,,,타츠 유키노부,대원씨아이(만화),2026-08,5400,10.0,11610,24,2026-09-02T09:31:51+09:00
400708725,3월의 벽력 2,3월의 벽력,2,,,이케 준코,대원씨아이(만화),2026-08,5400,,8390,25,2026-09-02T09:31:51+09:00
401049295,야화첩 9,야화첩,9,,"- 초판 한정: 띠지, 포토카드 2종",변덕,레진코믹스(레진엔터테인먼트),2026-08,14400,,4920,26,2026-09-02T09:31:51+09:00
399973794,봄의 폭풍과 몬스터 9,봄의 폭풍과 몬스터,9,,,미츠바치 미유키,학산문화사(만화),2026-08,6300,10.0,15790,27,2026-09-02T09:31:51+09:00
401009364,소드 아트 온라인 29,소드 아트 온라인,29,,- J Novel,카와하라 레키,서울문화사,2026-08,7200,,6140,28,2026-09-02T09:31:51+09:00
400544318,마법소녀를 동경해서 7 (더블특전판),마법소녀를 동경해서,7,더블특전판,- 띠지 + 초판한정 일러스트 카드 1종 + 더블특전 SD 스티커,오노나카 아키히로,대원씨아이(만화),2026-08,6750,,11400,29,2026-09-02T09:31:51+09:00
395946461,원피스 114,원피스,114,,- 초판한정 띠지 + 일러스트 카드 1종,오다 에이치로,대원씨아이(만화),2026-06,5850,10.0,42935,30,2026-09-02T09:31:51+09:00
401063751,요괴소년 호야 완전판 4,요괴소년 호야 완전판,4,,,후지타 카즈히로,서울미디어코믹스(서울문화사),2026-08,14400,,4760,31,2026-09-02T09:31:51+09:00
400930547,Myther 3,Myther,3,,- S코믹스,야츠다 테키,㈜소미미디어,2026-09,7200,,4200,32,2026-09-02T09:31:51+09:00
396103290,패밀리 레스토랑 가자. 下,패밀리 레스토랑 가자. 下,,,- 완결,와야마 야마,문학동네,2026-06,7650,9.8,62525,33,2026-09-02T09:31:51+09:00
400714329,패배 히로인이 너무 많아! 8.5,패배 히로인이 너무 많아! 8.5,,,"- Novel Engine, 초판한정 특별부록 : 띠지 + 일러스트 카드",아마모리 타키비,데이즈엔터(주),2026-09,7200,,9800,34,2026-09-02T09:31:51+09:00
400909443,창천항로 애장판 4,창천항로 애장판,4,,,킹곤타,대원씨아이(만화),2026-08,16200,,4400,35,2026-09-02T09:31:51+09:00
400856630,나나 NANA 완전판 12,나나 NANA 완전판,12,,"- 초판 한정 PP엽서 1종, 포토카드 1종",야자와 아이,학산문화사(만화),2026-08,10800,,4980,36,2026-09-02T09:31:51+09:00
400980854,현시연 신장판 1,현시연 신장판,1,,,키오 시모쿠,대원씨아이(만화),2026-08,13500,10.0,3600,37,2026-09-02T09:31:51+09:00
399975177,GACHIAKUTA 18,GACHIAKUTA,18,,,케이 우라나,학산문화사(만화),2026-08,6300,,8990,38,2026-09-02T09:31:51+09:00
395945176,나츠메 우인장 32,나츠메 우인장,32,,,미도리카와 유키,학산문화사(만화),2026-06,5400,8.4,12700,39,2026-09-02T09:31:51+09:00
398738362,헬싱 한정판 1~5 세트 - 전5권,헬싱 한정판 1~5 세트 - 전5권,,,,히라노 코우타,AK(에이케이)커뮤니케이션즈,2026-08,67500,9.9,16955,40,2026-09-02T09:31:51+09:00
395510885,슈퍼 뒤에서 담배 피우는 두 사람 8,슈퍼 뒤에서 담배 피우는 두 사람,8,,- SL Comic,지누시,디앤씨미디어(주)(D&C미디어),2026-06,6300,9.9,12985,41,2026-09-02T09:31:51+09:00
400707954,블루 자이언트 모멘텀 7,블루 자이언트 모멘텀,7,,,이시즈카 신이치,대원씨아이(만화),2026-08,5850,,4920,42,2026-09-02T09:31:51+09:00
399974955,GACHIAKUTA 18 (한정판),GACHIAKUTA,18,한정판,"- 아크릴 디오라마 + 빅스티커 SET(5매) + 스페셜 비주얼 보드, 포토카드SET(4매) + 일러스트 카드(일반판 부록과 동일) + 아웃박스",케이 우라나,학산문화사(만화),2026-08,39600,,10000,43,2026-09-02T09:31:51+09:00
398419129,황천의 츠가이 11 (더블특전판),황천의 츠가이,11,더블특전판,,아라카와 히로무,대원씨아이(만화),2026-07,5850,9.8,11630,44,2026-09-02T09:31:51+09:00
400328644,요리 군과 다시 만날 수는 없어! 2,요리 군과 다시 만날 수는 없어!,2,,"- 초판 한정 특전 : 일러스트 카드, 접이식 아크릴 스탠드",Sumio Hataya,서울미디어코믹스(서울문화사),2026-08,5850,10.0,9440,45,2026-09-02T09:31:51+09:00
400365247,이거 그리고 죽어 8,이거 그리고 죽어,8,,- 초판 한정 : 띠지 + 일러스트 엽서 1종,토요다 미노루,대원씨아이(만화),2026-08,5400,10.0,5380,46,2026-09-02T09:31:51+09:00
399925336,팬텀 버스터즈 7,팬텀 버스터즈,7,,- S코믹스,네오쇼코,㈜소미미디어,2026-08,5850,10.0,17150,47,2026-09-02T09:31:51+09:00
399973871,옆자리 녀석이 그런 눈으로 쳐다본다 4 (더블특전판),옆자리 녀석이 그런 눈으로 쳐다본다,4,더블특전판,- 수량 한정 더블 특전 : 폴라로이드 에구치 ANGEL Ver + 이케자와 DEVIL Ver,mmk,학산문화사(만화),2026-08,6300,,9320,48,2026-09-02T09:31:51+09:00
400594188,노아 선배는 친구 10,노아 선배는 친구,10,,,아키야마 엔마,서울미디어코믹스(서울문화사),2026-08,5850,,7010,49,2026-09-02T09:31:51+09:00
400662227,첫사랑은 나의 오빠 2,첫사랑은 나의 오빠,2,,,카스미 유코,서울미디어코믹스(서울문화사),2026-08,5850,,4970,50,2026-09-02T09:31:51+09:00
401041190,참을 수 없는 건 사랑인 걸까 6,참을 수 없는 건 사랑인 걸까,6,,,소라하나 미아,대원씨아이(만화),2026-08,5850,,2830,51,2026-09-02T09:31:51+09:00
400652816,블루 피리어드 7 (더블 특전판),블루 피리어드,7,더블 특전판,"- 초판 한정 일러스트 카드 1종 + 박티켓 책갈피 1종, 시프트코믹스",야마구치 츠바사,YNK MEDIA(만화),2026-08,5400,,4810,52,2026-09-02T09:31:51+09:00
396141385,사카모토 데이즈 26 (더블 특전판),사카모토 데이즈,26,더블 특전판,- 원정 / 띠지 + 일러스트 포스트 카드 + 사카모토 상점 양면 어나더커버,스즈키 유우토,대원씨아이(만화),2026-06,5850,9.2,23130,53,2026-09-02T09:31:51+09:00
400544538,비실비실 선생님 16,비실비실 선생님,16,,- 띠지 + 초판한정 일러스트 폴라로이드 카드 1종,후쿠치 카미오,대원씨아이(만화),2026-08,5850,10.0,10450,54,2026-09-02T09:31:51+09:00
401041191,너를 잊을 사랑이 하고 싶어 7,너를 잊을 사랑이 하고 싶어,7,,,유우키 하루,대원씨아이(만화),2026-08,5850,,2760,55,2026-09-02T09:31:51+09:00
400594291,유치원WARS 17,유치원WARS,17,,"- 초판특전: 아크릴 일러스트 카드, 더그 일러스트 카드",You Chiba,서울미디어코믹스(서울문화사),2026-08,5400,10.0,6150,56,2026-09-02T09:31:51+09:00
399974190,타몬 군 지금 어느 쪽?! 13,타몬 군 지금 어느 쪽?!,13,,- 수량 한정 특전 : 일러스트 카드,시와스 유키,학산문화사(만화),2026-08,6300,10.0,6150,57,2026-09-02T09:31:51+09:00
400545480,전지적 독자 시점 20,전지적 독자 시점,20,,- 초판 한정 캐릭터 카드 1종 + 특전 엽서 1종,슬리피-C,에이템포미디어,2026-08,14850,,8070,58,2026-09-02T09:31:51+09:00
400647778,이토준지 자선 걸작집 Dark Colors,이토준지 자선 걸작집 Dark Colors,,,,이토 준지,미우(대원씨아이),2026-08,17100,5.0,5890,59,2026-09-02T09:31:51+09:00
400930515,뒤에 있는 카무이 씨 1,뒤에 있는 카무이 씨,1,,- S코믹스 Red,코노시로 신코,㈜소미미디어,2026-09,6300,,2220,60,2026-09-02T09:31:51+09:00
401009459,유감스러운 사랑의 주인공들 1,유감스러운 사랑의 주인공들,1,,,아와이 키사키,서울미디어코믹스(서울문화사),2026-08,5850,10.0,2340,61,2026-09-02T09:31:51+09:00
394695719,옆자리 녀석이 그런 눈으로 쳐다본다 3 (더블특전판),옆자리 녀석이 그런 눈으로 쳐다본다,3,더블특전판,- 수량 한정 더블 특전: 포토카드 + 증명사진,mmk,학산문화사(만화),2026-06,6300,9.4,6740,62,2026-09-02T09:31:51+09:00
400647677,아이돌라트리 1,아이돌라트리,1,,- 초판 한정 띠지 + 일러스트 pet 카드 1종,호마레,대원씨아이(만화),2026-08,6300,,3660,63,2026-09-02T09:31:51+09:00
400707957,여우 우리군 1 (특장판),여우 우리군,1,특장판,"- B愛 341, 일러스트 카드 5종(초회 한정 일러스트 카드 1종 포함) + 클리어 스탠드 + 스티커 + 폴라로이드형 포토카드 + 어나더 커버 + 별도 박스 포장",네아,대원씨아이(만화),2026-08,16200,10.0,3580,64,2026-09-02T09:31:51+09:00
399583956,명탐정 코난 108 (특장판),명탐정 코난,108,특장판,- 극장판 [하이웨이의 타천사] 티저 일러스트 아크릴 스탠드 + 어나더 커버 + 트레이딩 그래픽 컬렉션 카드 8종 중 랜덤 4종,아오야마 고쇼,서울미디어코믹스(서울문화사),2026-07,19800,10.0,16905,65,2026-09-02T09:31:51+09:00
388083662,슈퍼 뒤에서 담배 피우는 두 사람 7,슈퍼 뒤에서 담배 피우는 두 사람,7,,- SL Comic,지누시,디앤씨미디어(주)(D&C미디어),2026-03,5850,9.3,12476,66,2026-09-02T09:31:51+09:00
398309482,요리 군과 다시 만날 수는 없어! 1,요리 군과 다시 만날 수는 없어!,1,,"- 초판 한정 특전 : 양면 일러스트 카드, 접이식 아크릴 스탠드",Sumio Hataya,서울미디어코믹스(서울문화사),2026-07,5850,10.0,10095,67,2026-09-02T09:31:51+09:00
236826464,소년과 두더지와 여우와 말,소년과 두더지와 여우와 말,,,,찰리 맥커시,상상의힘,2020-04,19800,9.5,60936,68,2026-09-02T09:31:51+09:00
400707805,담배 고양이 6,담배 고양이,6,,,냥냥 팩토리,대원씨아이(만화),2026-08,5400,,4000,69,2026-09-02T09:31:51+09:00
400910174,이력서 3,이력서,3,,,유월,블루픽,2026-08,14220,10.0,3280,70,2026-09-02T09:31:51+09:00
400653146,세금으로 산 책 3,세금으로 산 책,3,,- 시프트코믹스,케이야마 케이,YNK MEDIA(만화),2026-08,5850,,3470,71,2026-09-02T09:31:51+09:00
400878309,온통 여우 1,온통 여우,1,,- 초판 한정 특전 : 일러스트 카드 2종,Ayami Morinaga,서울미디어코믹스(서울문화사),2026-08,6750,10.0,2520,72,2026-09-02T09:31:51+09:00
399782162,흑집사 35,흑집사,35,,,토보소 야나,학산문화사(만화),2026-08,5400,,9060,73,2026-09-02T09:31:51+09:00
396452830,원펀맨 One Punch Man 35,원펀맨 One Punch Man,35,,- 만나서는 안 될 녀석,ONE,대원씨아이(만화),2026-06,5400,9.5,16225,74,2026-09-02T09:31:51+09:00
400668931,커다란 네가 제일 귀여워 (한정판),커다란 네가 제일 귀여워,,한정판,"- 일러스트 메모패드, 작가님 사인 포토카드 2종, 빅 클리어 카드 2종, 일러스트 카드, 라르고 맥스 Largo Max",유키하루,조은세상(북두),2026-08,9900,10.0,3160,75,2026-09-02T09:31:51+09:00
400981192,엇갈리는 중앙감정선,엇갈리는 중앙감정선,,,- 시무라 타카코 단편집,시무라 타카코,문학동네,2026-08,9000,,2130,76,2026-09-02T09:31:51+09:00
395444608,장송의 프리렌 15,장송의 프리렌,15,,,야마다 카네히토,학산문화사(만화),2026-06,6300,9.7,15795,77,2026-09-02T09:31:51+09:00
396653507,마루는 강쥐 9,마루는 강쥐,9,,- 초판 한정 작가 친필 사인 인쇄본 + 초판 한정 표지 일러스트 엽서,모죠,문페이스,2026-08,14400,,6810,78,2026-09-02T09:31:51+09:00
400653323,세금으로 산 책 4,세금으로 산 책,4,,- 시프트코믹스,케이야마 케이,YNK MEDIA(만화),2026-08,5850,,3150,79,2026-09-02T09:31:51+09:00
400921125,사망 엔딩에서 벗어난 미연시의 히로인들이 내 【일기장】을 읽고 비밀을 알아챈 듯하다 1,사망 엔딩에서 벗어난 미연시의 히로인들이 내 【일기장】을 읽고 비밀을 알아챈 듯하다,1,,- S Novel,addict,㈜소미미디어,2026-09,7650,,2830,80,2026-09-02T09:31:51+09:00
369848536,슈퍼 뒤에서 담배 피우는 두 사람 6,슈퍼 뒤에서 담배 피우는 두 사람,6,,- SL Comic,지누시,디앤씨미디어(주)(D&C미디어),2025-08,5850,10.0,10648,81,2026-09-02T09:31:51+09:00
400543400,그랑블루 26,그랑블루,26,,,요시오카 키미타게,대원씨아이(만화),2026-08,4950,,3580,82,2026-09-02T09:31:51+09:00
400856525,애프터 갓 10,애프터 갓,10,,,에노 스미,대원씨아이(만화),2026-08,5400,10.0,2630,83,2026-09-02T09:31:51+09:00
400922115,순정 갸루는 여친은 아니지만,순정 갸루는 여친은 아니지만,,,- S 블랙,미우라 미우,㈜소미미디어,2026-09,9000,,2690,84,2026-09-02T09:31:51+09:00
401131950,패배 히로인이 너무 많아! @comic 5,패배 히로인이 너무 많아! @comic,5,,,이타치,재담,2026-08,6300,,2330,85,2026-09-02T09:31:51+09:00
360200073,슈퍼 뒤에서 담배 피우는 두 사람 5,슈퍼 뒤에서 담배 피우는 두 사람,5,,- SL Comic,지누시,디앤씨미디어(주)(D&C미디어),2025-03,5850,9.4,12060,86,2026-09-02T09:31:51+09:00
352187592,슈퍼 뒤에서 담배 피우는 두 사람 4,슈퍼 뒤에서 담배 피우는 두 사람,4,,- SL Comic,지누시,디앤씨미디어(주)(D&C미디어),2024-11,5400,9.8,10921,87,2026-09-02T09:31:51+09:00
320428870,슈퍼 뒤에서 담배 피우는 두 사람 1,슈퍼 뒤에서 담배 피우는 두 사람,1,,- SL Comic,지누시,디앤씨미디어(주)(D&C미디어),2023-07,5400,9.3,10528,88,2026-09-02T09:31:51+09:00
389928857,옆자리 녀석이 그런 눈으로 쳐다본다 2,옆자리 녀석이 그런 눈으로 쳐다본다,2,,,mmk,학산문화사(만화),2026-04,6300,10.0,5888,89,2026-09-02T09:31:51+09:00
400647796,이토준지 자선 걸작집 왜곡,이토준지 자선 걸작집 왜곡,,,,이토 준지,미우(대원씨아이),2026-08,14400,4.0,4570,90,2026-09-02T09:31:51+09:00
290886787,룩 백,룩 백,,,,후지모토 타츠키,학산문화사(만화),2022-03,5400,9.5,35305,91,2026-09-02T09:31:51+09:00
398962987,주술회전 모듈로 1,주술회전 모듈로,1,,- 특급 사안 /초판 한정 캐릭터 일러스트 카드 3종 + 선착순 한정 포토카드 1종,Yuji Iwasaki,서울미디어코믹스(서울문화사),2026-07,6300,9.0,25590,92,2026-09-02T09:31:51+09:00
398736065,너와 장밋빛 매일 3 (트리플 특전판),너와 장밋빛 매일,3,트리플 특전판,- 초판 한정 트리플 특전: 아크릴 일러스트 카드 + 일러스트 카드 + 폴라로이드 카드,히로 치히로,서울미디어코믹스(서울문화사),2026-07,5400,10.0,24330,93,2026-09-02T09:31:51+09:00
401247590,"달은 차고 이지러져, 짐승의 사랑 신장판 (특장판)","달은 차고 이지러져, 짐승의 사랑 신장판",,특장판,"- 작가님 사인 아크릴 카드 + 일러스트 카드 2종 + 이중 커버, 라르고 맥스 Largo Max",노지로 구리,조은세상(북두),2026-09,11700,,2430,94,2026-09-02T09:31:51+09:00
390779612,야마다 군과 Lv999의 사랑을 하다 7,야마다 군과 Lv999의 사랑을 하다,7,,,마시로,디앤씨미디어(주)(D&C미디어),2026-04,7200,10.0,14245,95,2026-09-02T09:31:51+09:00
324439898,슈퍼 뒤에서 담배 피우는 두 사람 2,슈퍼 뒤에서 담배 피우는 두 사람,2,,- SL Comic,지누시,디앤씨미디어(주)(D&C미디어),2023-09,5400,9.4,9509,96,2026-09-02T09:31:51+09:00
399782210,운명의 사람을 만나는 이야기 8,운명의 사람을 만나는 이야기,8,,,아나신,학산문화사(만화),2026-08,5400,10.0,8230,97,2026-09-02T09:31:51+09:00
400585881,귀여운 건 나다 3,귀여운 건 나다,3,,,야스코,대원씨아이(만화),2026-08,6300,,3350,98,2026-09-02T09:31:51+09:00
400909388,겁쟁이페달 95,겁쟁이페달,95,,,와타나베 와타루,대원씨아이(만화),2026-08,4950,,1780,99,2026-09-02T09:31:51+09:00
336001751,슈퍼 뒤에서 담배 피우는 두 사람 3,슈퍼 뒤에서 담배 피우는 두 사람,3,,- SL Comic,지누시,디앤씨미디어(주)(D&C미디어),2024-03,5400,9.8,9036,100,2026-09-02T09:31:51+09:00
400150223,남편을 내 편으로 만드는 방법 5 (한정판),남편을 내 편으로 만드는 방법,5,한정판,- 단행본 + 학생 AU 아크릴 스탠드 + 떡메모지 + 파노라마 미니 포스터 4종 + 트레이딩 카드 9종 + 이스케&루비 엽서 4종 + 초판 한정 부록 엽서,시루,캐롯툰,2026-10,35820,,8540,101,2026-09-02T09:31:51+09:00
399580240,엄마를 만나러 가는 길 3,엄마를 만나러 가는 길,3,,- 초판 한정 부록: 포토카드 2장 + 작가님 친필사인 면지 인쇄본,고먕,네이버웹툰,2026-10,16020,,7695,102,2026-09-02T09:31:51+09:00
399290739,메이드 인 어비스 14,메이드 인 어비스,14,,,츠쿠시 아키히토,미우(대원씨아이),2026-07,7200,,6055,103,2026-09-02T09:31:51+09:00
400707990,여우 우리군 1,여우 우리군,1,,- B愛 341,네아,대원씨아이(만화),2026-08,6300,,2120,104,2026-09-02T09:31:51+09:00
401041186,너를 잊을 사랑이 하고 싶어 7 (특장판),너를 잊을 사랑이 하고 싶어,7,특장판,- 단행본 + 피크 키링 + 어나더 커버 + 일러스트 카드 2종 + 포토카드 2종 + 별도 박스 포장,유우키 하루,대원씨아이(만화),2026-08,19800,10.0,1500,105,2026-09-02T09:31:51+09:00
401042641,고랭순대 작품집 7,고랭순대 작품집,7,,,고랭순대,대원씨아이(만화),2026-08,13500,,1570,106,2026-09-02T09:31:51+09:00
396369059,향기로운 꽃은 늠름하게 핀다 21,향기로운 꽃은 늠름하게 핀다,21,,- 띠지 + 초판한정 일러스트 엽서 1종,미카미 사카,대원씨아이(만화),2026-06,6300,,12775,107,2026-09-02T09:31:51+09:00
395840340,마남 이치 5 (트리플 특전판),마남 이치,5,트리플 특전판,- 홀로그램 일러스트 카드 2종 + 캐릭터 일러스트 카드,유사자키 시로,서울미디어코믹스(서울문화사),2026-06,6300,9.5,12695,108,2026-09-02T09:31:51+09:00
400594114,못 미더운 악녀입니다만 : ~추궁접서 교체전~ 10,못 미더운 악녀입니다만 : ~추궁접서 교체전~,10,,,EI Ohitsuji,서울미디어코믹스(서울문화사),2026-08,6300,10.0,2700,109,2026-09-02T09:31:51+09:00
400856659,눈이 나려 꽃 26,눈이 나려 꽃,26,,,임해연,학산문화사(만화),2026-08,7200,,1890,110,2026-09-02T09:31:51+09:00
400958916,11번째 고양이는 네네 2,11번째 고양이는 네네,2,,,하리카모,오팬스코믹,2026-08,6300,,1470,111,2026-09-02T09:31:51+09:00
399580402,엄마를 만나러 가는 길 4,엄마를 만나러 가는 길,4,,- 초판 한정 부록: 포토카드 2장 + 작가님 친필사인 면지 인쇄본,고먕,네이버웹툰,2026-10,16020,,7095,112,2026-09-02T09:31:51+09:00
401097577,"다른 학교 얼음공주를 구했더니, 친구부터 시작하게 되었습니다 2","다른 학교 얼음공주를 구했더니, 친구부터 시작하게 되었습니다",2,,,사츠키 히류,오팬스노벨,2026-08,7650,,2630,113,2026-09-02T09:31:51+09:00
384420875,원피스 113,원피스,113,,- 로키탄생,오다 에이치로,대원씨아이(만화),2026-01,5850,9.9,24692,114,2026-09-02T09:31:51+09:00
392518962,체인소 맨 23,체인소 맨,23,,,후지모토 타츠키,학산문화사(만화),2026-05,5400,9.1,16280,115,2026-09-02T09:31:51+09:00
396819581,나의 첫 섹파 1,나의 첫 섹파,1,,- 초회 수량한정 특장판 구성 (수량 소진 시 종료),유리카와,재담,2026-06,6300,,4455,116,2026-09-02T09:31:51+09:00
400708280,발화 2,발화,2,,- 초판1쇄 한정 포토카드 2종,영재영,레진코믹스(레진엔터테인먼트),2026-08,15300,10.0,3000,117,2026-09-02T09:31:51+09:00
388016420,스파이 패밀리 16,스파이 패밀리,16,,,엔도 타츠야,학산문화사(만화),2026-03,5400,9.7,21007,118,2026-09-02T09:31:51+09:00
394124358,캐릭캐릭 체인지! Jewel Joker 주얼 조커 3,캐릭캐릭 체인지! Jewel Joker 주얼 조커,3,,- 초판 특전: 아르카나 학원 아크릴 일러스트 카드,PEACH-PIT,서울미디어코믹스(서울문화사),2026-05,5850,10.0,12760,119,2026-09-02T09:31:51+09:00
398728364,마법소녀를 동경해서 6 (더블특전판),마법소녀를 동경해서,6,더블특전판,- 초판한정 : 일러스트 카드 1종 + SD 스티커 1종,오노나카 아키히로,대원씨아이(만화),2026-07,6750,,8155,120,2026-09-02T09:31:51+09:00
397904178,새벽의 연화 47,새벽의 연화,47,,,미즈호 쿠사나기,학산문화사(만화),2026-07,5400,,5590,121,2026-09-02T09:31:51+09:00
400245347,버서스 6,버서스,6,,,아즈마 쿄타로,학산문화사(만화),2026-08,5400,,4280,122,2026-09-02T09:31:51+09:00
400229048,사토 씨의 친구,사토 씨의 친구,,,,마스다 미리,이봄,2026-08,13500,9.0,4090,123,2026-09-02T09:31:51+09:00
400585742,아메와 우미 1,아메와 우미,1,,"- S코믹스, 초판 한정 양면 일러스트 카드 2종(도서 내 래핑)",야마카타 아츠카,㈜소미미디어,2026-08,6300,10.0,2730,124,2026-09-02T09:31:51+09:00
401041961,산가지는 도깨비의 꿈을 꾼다 5,산가지는 도깨비의 꿈을 꾼다,5,,,LAPIS,다산코믹스,2026-08,18000,,2030,125,2026-09-02T09:31:51+09:00
393769452,불가항력의 I LOVE YOU 8,불가항력의 I LOVE YOU,8,,- 초판특전 : 포토카드 3종 세트,호시노 미즈키,서울미디어코믹스(서울문화사),2026-05,5400,9.7,18215,126,2026-09-02T09:31:51+09:00
392518608,봄의 폭풍과 몬스터 8,봄의 폭풍과 몬스터,8,,,미츠바치 미유키,학산문화사(만화),2026-05,5400,9.6,11000,127,2026-09-02T09:31:51+09:00
399402787,얼굴만으론 좋아할 수 없어요 17,얼굴만으론 좋아할 수 없어요,17,,"- 한국 한정 오리지널 일러스트 양면 커버, 초판 한정 SNS풍 주인공 커플 일러스트 카드, 졸업식 일러스트 카드",안자이 카린,서울미디어코믹스(서울문화사),2026-07,5400,,10200,128,2026-09-02T09:31:51+09:00
393809247,사피엔스 : 그래픽 히스토리 Vol.4,사피엔스 : 그래픽 히스토리 Vol.4,,,- 혁명의 시대,,김영사,2026-05,17820,,7860,129,2026-09-02T09:31:51+09:00
400547001,작전명 순정 7~9 스페셜 세트 - 전3권,작전명 순정 7~9 스페셜 세트 - 전3권,,,"- 구성: 단행본 7~9권, 엽서집(양면엽서 16장), 프로필 세트(프로필 3종 + PET 포스터 2종 + 종이 홀더), 레이어 카드 2종, 아크릴 코롯토, 증명사진 팩, 도화 인터뷰집, 스페셜 패키지 박스, 초판한정 엽서",꼬까리,영진.com(영진닷컴),2026-08,79200,10.0,5300,130,2026-09-02T09:31:51+09:00
397818232,오가미 츠미키와 기일상 7,오가미 츠미키와 기일상,7,,,모리시타 미유,학산문화사(만화),2026-07,5400,9.5,5065,131,2026-09-02T09:31:51+09:00
375360802,44교시 생존수업 1~2 세트 - 전2권,44교시 생존수업 1~2 세트 - 전2권,,,,상C,네이버웹툰,2025-12,28800,10.0,2454,132,2026-09-02T09:31:51+09:00
400980564,킬러의 최애 4,킬러의 최애,4,,,오시마 린타로,대원씨아이(만화),2026-08,6300,,1380,133,2026-09-02T09:31:51+09:00
337054427,패밀리 레스토랑 가자. 上,패밀리 레스토랑 가자. 上,,,,와야마 야마,문학동네,2024-04,7650,9.7,31684,134,2026-09-02T09:31:51+09:00
393688901,카구라바치 10 (트리플특전판),카구라바치,10,트리플특전판,- 초판한정 일러스트 시네마티켓 + 애니메이션 KV카드 + 검사들 일러스트카드,호카조노 타케루,대원씨아이(만화),2026-05,5850,9.8,19290,135,2026-09-02T09:31:51+09:00
394045519,아멜리아의 호기심 많은 로맨스 2,아멜리아의 호기심 많은 로맨스,2,,- 루나 코믹스,코하쿠 요루,㈜소미미디어,2026-06,6300,10.0,9330,136,2026-09-02T09:31:51+09:00
397284418,슈퍼 러버즈 19,슈퍼 러버즈,19,,,아베 미유키,서울미디어코믹스(서울문화사),2026-07,5400,10.0,8345,137,2026-09-02T09:31:51+09:00
349202721,일러스트레이터를 위한 색과 빛 마스터 가이드북 : COLOR & LIGHT,일러스트레이터를 위한 색과 빛 마스터 가이드북 : COLOR & LIGHT,,,,3D토털 퍼블리싱,영진.com(영진닷컴),2024-10,28800,10.0,11250,138,2026-09-02T09:31:51+09:00
398867421,찍히지 않습니다 7,찍히지 않습니다,7,,"- S코믹스 /초판 한정 일러스트 카드, 폴라로이드 사진풍 카드 2종",코노시마 루카,㈜소미미디어,2026-08,6300,10.0,10145,139,2026-09-02T09:31:51+09:00
393546382,봇치·더·록! 외전 히로이 키쿠리의 과음일기 5,봇치·더·록! 외전 히로이 키쿠리의 과음일기,5,,,쿠미쵸,대원씨아이(만화),2026-05,8100,10.0,9330,140,2026-09-02T09:31:51+09:00
399781349,윈드 브레이커 15~16 세트 - 전2권,윈드 브레이커 15~16 세트 - 전2권,,,"- 초판한정부록 : 일러스트카드 1종, 아코디언카드 1종",니이 사토루,리디(RIDI),2026-08,10800,10.0,7920,141,2026-09-02T09:31:51+09:00
400246321,황천의 츠가이 12 (특별판),황천의 츠가이,12,특별판,- 초판부록 2종 + 패키지 박스 + 운명의 쌍둥이 아크릴 스탠드 1종 + 가브리엘 아크릴 참 키링 1종+ 시그니처 포토카드 1종 + 빅 캔배지 1종 + 홀로그램 카드 2종,아라카와 히로무,대원씨아이(만화),2026-08,25650,,4980,142,2026-09-02T09:31:51+09:00
400247736,만화 인소의 법칙 9 (한정판),만화 인소의 법칙,9,한정판,- 구성: 단행본 + 은지호 PET 스탠드 + 우주인 학생증 + 신용카드 스티커 2종 + 엽서 4종 + 미니 표지 아크릴 키링,아현,디앤씨웹툰비즈,2026-08,25200,,3850,143,2026-09-02T09:31:51+09:00
225772243,달빛천사 애장판 2,달빛천사 애장판,2,,,타네무라 아리나,서울미디어코믹스(서울문화사),2020-01,8550,10.0,3701,144,2026-09-02T09:31:51+09:00
401097694,피가 이어지지 않은 우리가 가족이 되는 단 하나의 방법 1,피가 이어지지 않은 우리가 가족이 되는 단 하나의 방법,1,,,히바리유,오팬스노벨,2026-08,7650,,2250,145,2026-09-02T09:31:51+09:00
400652779,스노우볼 어스 4,스노우볼 어스,4,,- 시프트코믹스,츠지츠구 유우히로,YNK MEDIA(만화),2026-08,5400,10.0,1880,146,2026-09-02T09:31:51+09:00
398869483,홀로서기 마왕성 12,홀로서기 마왕성,12,,,모리시타 마코토,대원씨아이(만화),2026-07,5400,9.3,1035,147,2026-09-02T09:31:51+09:00
401009461,달의 아이 신장판 8,달의 아이 신장판,8,,- 완결,시미즈 레이코,서울미디어코믹스(서울문화사),2026-08,16200,,1110,148,2026-09-02T09:31:51+09:00
396695591,루리 드래곤 5,루리 드래곤,5,,"- 초판특전: 일러스트 카드, 일러스트 스탠딩 POP",신도 마사오키,서울미디어코믹스(서울문화사),2026-06,5400,8.7,8450,149,2026-09-02T09:31:51+09:00
400225135,"내가 연인이 될 수 있을 리 없잖아, 무리무리! (※무리가 아니었다?!) 8","내가 연인이 될 수 있을 리 없잖아, 무리무리! (※무리가 아니었다?!)",8,,"- S Novel+ , 초판 한정 책갈피, 쇼트스토리 소책자",미카미 테렌,㈜소미미디어,2026-08,9450,10.0,6450,150,2026-09-02T09:31:51+09:00
395170753,도쿄 학생 애처가 4,도쿄 학생 애처가,4,,,카유카와 스즈,학산문화사(만화),2026-06,6300,9.8,3580,151,2026-09-02T09:31:51+09:00
400157314,2120,2120,,,,조지 와일솔,프시케의숲,2026-08,27000,10.0,3090,152,2026-09-02T09:31:51+09:00
399953433,추우면 변하는 헤비가미 군 2,추우면 변하는 헤비가미 군,2,,"- SL Comic /초판 한정 특전: 띠지, PET 스탠드, 일러스트 스티커",쿠리미야,디앤씨미디어(주)(D&C미디어),2026-08,6300,,2760,153,2026-09-02T09:31:51+09:00
400594187,아마 그녀는 우리 형을 노리고 있을 거야 1,아마 그녀는 우리 형을 노리고 있을 거야,1,,"- 초판 특전 양면 일러스트카드, 양면 일러스트 코스터",이세 마루노,서울미디어코믹스(서울문화사),2026-08,6300,,2220,154,2026-09-02T09:31:51+09:00
400856516,아오아시 17,아오아시,17,,,코바야시 유고,대원씨아이(만화),2026-08,5850,,1700,155,2026-09-02T09:31:51+09:00
400878569,오컬트 타임즈 1,오컬트 타임즈,1,,- 초판 한정 : 일러스트 카드 부록 2종,Idonchi,서울미디어코믹스(서울문화사),2026-08,6300,10.0,1270,156,2026-09-02T09:31:51+09:00
366362146,엄마를 만나러 가는 길 1,엄마를 만나러 가는 길,1,,,고먕,네이버웹툰,2025-08,16020,10.0,15156,157,2026-09-02T09:31:51+09:00
398727110,봇치·더·록! 앤솔러지 코믹 6,봇치·더·록! 앤솔러지 코믹,6,,,치바 사도루,대원씨아이(만화),2026-07,8100,10.0,6710,158,2026-09-02T09:31:51+09:00
399381869,담배 고양이 5,담배 고양이,5,,,냥냥 팩토리,대원씨아이(만화),2026-07,5400,,4235,159,2026-09-02T09:31:51+09:00
309059685,판타지 배색 아이디어 사전,판타지 배색 아이디어 사전,,,- 세계관을 창조하는,사쿠라이 테루코,한즈미디어(한스미디어),2023-01,5630,10.0,4026,160,2026-09-02T09:31:51+09:00
398869909,나나 NANA 완전판 11,나나 NANA 완전판,11,,"- 초판 한정 PP엽서 1종, 포토카드 1종",야자와 아이,학산문화사(만화),2026-07,10800,,3710,161,2026-09-02T09:31:51+09:00
400154065,달님이 바라시는 대로 9,달님이 바라시는 대로,9,,,키우치 라무네,서울미디어코믹스(서울문화사),2026-08,5400,,2890,162,2026-09-02T09:31:51+09:00
399465061,신석기 시대부터 AI 시대까지 만화로 꿰뚫는 경제사,신석기 시대부터 AI 시대까지 만화로 꿰뚫는 경제사,,,- 물질적 풍요는 우리를 행복하게 만들었을까,,클,2026-08,19800,10.0,2205,163,2026-09-02T09:31:51+09:00
400340156,마끼아또의 일러스트 레벨업 테크닉,마끼아또의 일러스트 레벨업 테크닉,,,- 초보가 가장 많이 막히는 고민 해결집,마끼아또,AK(에이케이)커뮤니케이션즈,2026-08,19800,10.0,1930,164,2026-09-02T09:31:51+09:00
400707775,곰과 토끼는 친구로 지낼 수 없다 2,곰과 토끼는 친구로 지낼 수 없다,2,,,이누요시 아키라,대원씨아이(만화),2026-08,6300,,1620,165,2026-09-02T09:31:51+09:00
400856505,아오아시 16,아오아시,16,,,코바야시 유고,대원씨아이(만화),2026-08,5850,,1590,166,2026-09-02T09:31:51+09:00
400669134,반에서 두 번째로 귀여운 여자애와 친구가 되었다 6,반에서 두 번째로 귀여운 여자애와 친구가 되었다,6,,"- 왈츠 코믹스, 초판 한정 특전 : 일러스트 카드 1종, 포토카드 2종",오노 린,조은세상(북두),2026-08,5400,,1850,167,2026-09-02T09:31:51+09:00
292511593,가라오케 가자!,가라오케 가자!,,,,와야마 야마,문학동네,2022-04,7650,9.6,28852,168,2026-09-02T09:31:51+09:00
388137331,3월의 벽력 1,3월의 벽력,1,,,이케 준코,대원씨아이(만화),2026-03,5400,9.5,8448,169,2026-09-02T09:31:51+09:00
385131551,야마다 군과 Lv999의 사랑을 하다 5,야마다 군과 Lv999의 사랑을 하다,5,,,마시로,디앤씨미디어(주)(D&C미디어),2026-01,7200,9.8,6906,170,2026-09-02T09:31:51+09:00
385131682,야마다 군과 Lv999의 사랑을 하다 6,야마다 군과 Lv999의 사랑을 하다,6,,,마시로,디앤씨미디어(주)(D&C미디어),2026-01,7200,9.8,6881,171,2026-09-02T09:31:51+09:00
388852450,담배 고양이 1,담배 고양이,1,,,냥냥 팩토리,대원씨아이(만화),2026-03,5400,10.0,5651,172,2026-09-02T09:31:51+09:00
397904410,나 혼자만 레벨업 : 라그나로크 3,나 혼자만 레벨업 : 라그나로크,3,,- 만화,,디앤씨웹툰비즈,2026-07,14400,10.0,5635,173,2026-09-02T09:31:51+09:00
290092090,아이다이로 화집 지박소년 하나코 군,아이다이로 화집 지박소년 하나코 군,,,,아이다이로,서울미디어코믹스(서울문화사),2022-03,16200,10.0,4255,174,2026-09-02T09:31:51+09:00
400307585,재혼황후 11,재혼황후,11,,- 만화,히어리,영컴(YOUNG COM),2026-08,15120,,1980,175,2026-09-02T09:31:51+09:00
395745763,아카네 이야기 15,아카네 이야기,15,,,유키 스에나가,학산문화사(만화),2026-06,5400,9.8,1565,176,2026-09-02T09:31:51+09:00
400878045,온통 여우 1 (한정판),온통 여우,1,한정판,- 구성: 단행본(초판 특전 포함) + 커스텀 아크릴 키링 + 홀로그램 아크릴 일러스트 카드 + 판 스티커,Ayami Morinaga,서울미디어코믹스(서울문화사),2026-08,22500,10.0,1510,177,2026-09-02T09:31:51+09:00
400585911,녹풍당의 사계절 21,녹풍당의 사계절,21,,,시미즈 유우,대원씨아이(만화),2026-08,4500,,1640,178,2026-09-02T09:31:51+09:00
400647477,만화를 잘 그리기 위한 노하우 도감,만화를 잘 그리기 위한 노하우 도감,,,,사이드랜치(Sideranch),영진.com(영진닷컴),2026-08,18000,,1560,179,2026-09-02T09:31:51+09:00
401247989,독점 마이 히어로 15,독점 마이 히어로,15,,- 코믹 라르고 Comic Largo,아리이 메메코,조은세상(북두),2026-09,5400,,1310,180,2026-09-02T09:31:51+09:00
401009550,월광천녀 애장판 8,월광천녀 애장판,8,,,시미즈 레이코,서울미디어코믹스(서울문화사),2026-08,16200,,880,181,2026-09-02T09:31:51+09:00
373383665,언제나 기억해,언제나 기억해,,,"- 소년과 두더지와 여우와 말, 그리고 폭풍우",찰리 맥커시,상상의힘,2025-10,19800,10.0,17762,182,2026-09-02T09:31:51+09:00
399924966,팬텀 버스터즈 7 (한정판),팬텀 버스터즈,7,한정판,"- CD 라벨풍 스티커 + CD 자켓풍 일러스트 카드 2종 + 아크릴 키링 4종, M형 티켓 + 양면 어나더 커버 + 초판 한정 일러스트 카드, S코믹스",네오쇼코,㈜소미미디어,2026-08,27000,,13940,183,2026-09-02T09:31:51+09:00
388349614,카구라바치 9 (더블특전판),카구라바치,9,더블특전판,"- 엔텐, 일러스트 시네마 티켓 + 요도 계약자 pp 북마크",호카조노 타케루,대원씨아이(만화),2026-03,5850,,11164,184,2026-09-02T09:31:51+09:00
390776539,3월의 라이온 18,3월의 라이온,18,,,우미노 치카,시리얼(학산문화사),2026-04,7200,10.0,10742,185,2026-09-02T09:31:51+09:00
399050948,세금으로 산 책 1,세금으로 산 책,1,,- 시프트코믹스,케이야마 케이,YNK MEDIA(만화),2026-07,5850,10.0,5380,186,2026-09-02T09:31:51+09:00
393753728,수상한 경찰 1 (트리플 특전판),수상한 경찰,1,트리플 특전판,- 초판한정 일러스트 북마크 1종 + 일러스트 엽서 4종 + 캐릭터 프로필 카드 4종,무키시츠,대원씨아이(만화),2026-05,9000,9.6,5515,187,2026-09-02T09:31:51+09:00
373999390,야마다 군과 Lv999의 사랑을 하다 3,야마다 군과 Lv999의 사랑을 하다,3,,,마시로,디앤씨미디어(주)(D&C미디어),2025-09,7200,9.8,5420,188,2026-09-02T09:31:51+09:00
373999147,야마다 군과 Lv999의 사랑을 하다 2,야마다 군과 Lv999의 사랑을 하다,2,,,마시로,디앤씨미디어(주)(D&C미디어),2025-09,7200,9.8,5395,189,2026-09-02T09:31:51+09:00
400136861,누나의 친구 4,누나의 친구,4,,,타카세 와카,학산문화사(만화),2026-08,5400,,3750,190,2026-09-02T09:31:51+09:00
400006799,유녀전기 21,유녀전기,21,,- 노엔 코믹스,토죠 치카,데이즈엔터(주),2026-08,5400,10.0,2620,191,2026-09-02T09:31:51+09:00
398203513,톰 폭스의 옷을 입은 캐릭터 드로잉 : 아티스트를 위한 옷과 주름 그리기 가이드,톰 폭스의 옷을 입은 캐릭터 드로잉 : 아티스트를 위한 옷과 주름 그리기 가이드,,,,톰 폭스,한즈미디어(한스미디어),2026-07,28800,10.0,2480,192,2026-09-02T09:31:51+09:00
400545629,파인더의 도피행,파인더의 도피행,,,- 뉴 루비코믹스 3165,야마네 아야노,현대지능개발사,2026-08,7830,,2000,193,2026-09-02T09:31:51+09:00
400669111,커다란 네가 제일 귀여워,커다란 네가 제일 귀여워,,,- 라르고 맥스 Largo Max,유키하루,조은세상(북두),2026-08,6300,,1230,194,2026-09-02T09:31:51+09:00
400909336,라면 재유기 13,라면 재유기,13,,,쿠베 로쿠로,대원씨아이(만화),2026-08,5850,,1250,195,2026-09-02T09:31:51+09:00
401049347,냄비로 총알을 막아내며 3,냄비로 총알을 막아내며,3,,,아오키 준타로,블루픽,2026-08,7200,,1080,196,2026-09-02T09:31:51+09:00
401049303,냄비로 총알을 막아내며 2,냄비로 총알을 막아내며,2,,,아오키 준타로,블루픽,2026-08,7200,,1080,197,2026-09-02T09:31:51+09:00
392518622,타몬 군 지금 어느 쪽?! 12,타몬 군 지금 어느 쪽?!,12,,,시와스 유키,학산문화사(만화),2026-05,5400,10.0,14855,198,2026-09-02T09:31:51+09:00
393311014,히카루가 죽은 여름 8,히카루가 죽은 여름,8,,"- SL Comic, 초판 한정 특전 띠지, 일러스트 카드 & 클리어 일러스트 카드 세트 (2종 중 1종)",모쿠모쿠렌,디앤씨미디어(주)(D&C미디어),2026-05,6300,9.7,11740,199,2026-09-02T09:31:51+09:00
322919098,향기로운 꽃은 늠름하게 핀다 1,향기로운 꽃은 늠름하게 핀다,1,,,미카미 사카,대원씨아이(만화),2023-08,5400,9.7,9592,200,2026-09-02T09:31:51+09:00
315020417,헌터x헌터 HunterXHunter 신장판 37,헌터x헌터 HunterXHunter 신장판,37,,,토가시 요시히로,학산문화사(만화),2023-04,5400,10.0,9096,201,2026-09-02T09:31:51+09:00
384933730,아멜리아의 호기심 많은 로맨스 1,아멜리아의 호기심 많은 로맨스,1,,- 루나 코믹스,코하쿠 요루,㈜소미미디어,2026-02,6300,9.8,6089,202,2026-09-02T09:31:51+09:00
399055597,Re : 제로부터 시작하는 이세계 생활 43,Re : 제로부터 시작하는 이세계 생활,43,,"- Novel Engine / 초판한정 특별부록 : 띠지, 일러스트 카드",나가츠키 탓페이,데이즈엔터(주),2026-08,7200,,5965,203,2026-09-02T09:31:51+09:00
385131522,야마다 군과 Lv999의 사랑을 하다 4,야마다 군과 Lv999의 사랑을 하다,4,,,마시로,디앤씨미디어(주)(D&C미디어),2026-01,7200,9.8,5744,204,2026-09-02T09:31:51+09:00
373998674,야마다 군과 Lv999의 사랑을 하다 1,야마다 군과 Lv999의 사랑을 하다,1,,,마시로,디앤씨미디어(주)(D&C미디어),2025-09,7200,9.8,5499,205,2026-09-02T09:31:51+09:00
395173556,내 마음의 위험한 녀석 13,내 마음의 위험한 녀석,13,,- S코믹스,사쿠라이 노리오,㈜소미미디어,2026-06,6300,9.4,5020,206,2026-09-02T09:31:51+09:00
399782154,어차피 울 거라면 사랑이 좋아 9,어차피 울 거라면 사랑이 좋아,9,,,쿠사카 아키,학산문화사(만화),2026-08,5400,10.0,4020,207,2026-09-02T09:31:51+09:00
399540525,전희 서바이벌 사가 3,전희 서바이벌 사가,3,,,OTOSAMA,오팬스코믹,2026-07,6300,10.0,3740,208,2026-09-02T09:31:51+09:00
397995094,수상한 경찰 2 (더블특전판),수상한 경찰,2,더블특전판,- 띠지 + 초판한정 일러스트 카드 1종 + 선착순 더블특전 포토카드 1종,무키시츠,대원씨아이(만화),2026-07,9000,9.5,2965,209,2026-09-02T09:31:51+09:00
400543319,우자키 양은 놀고싶어! 14,우자키 양은 놀고싶어!,14,,,타케,대원씨아이(만화),2026-08,4950,,2400,210,2026-09-02T09:31:51+09:00
398285038,포켓몬스터 스페셜 63,포켓몬스터 스페셜,63,,,쿠사카 히데노리,대원씨아이(만화),2026-07,4950,,2625,211,2026-09-02T09:31:51+09:00
393544789,향기로운 꽃은 늠름하게 핀다 20,향기로운 꽃은 늠름하게 핀다,20,,,미카미 사카,대원씨아이(만화),2026-05,5400,,1690,212,2026-09-02T09:31:51+09:00
400712982,내 백합도 영업인 줄 알았어?,내 백합도 영업인 줄 알았어?,,,"- Novel Engine , 초판한정 특별부록 : 띠지 + 일러스트 카드",아사쿠라 네루,코믹레인,2026-09,7200,,1810,213,2026-09-02T09:31:51+09:00
400980630,룸메이트 1,룸메이트,1,,,사토 아키히토,대원씨아이(만화),2026-08,6750,,800,214,2026-09-02T09:31:51+09:00
374587018,원피스 112,원피스,112,,- 할리(신전),오다 에이치로,대원씨아이(만화),2025-10,5400,10.0,26969,215,2026-09-02T09:31:51+09:00
396644572,포켓몬 생태도감 특별판,포켓몬 생태도감 특별판,,,,주식회사 포켓몬,대원씨아이(단행본),2026-06,44100,10.0,23115,216,2026-09-02T09:31:51+09:00
385946226,만화의 원리,만화의 원리,,,,이리에 아키,대원씨아이(만화),2026-02,21600,9.4,17859,217,2026-09-02T09:31:51+09:00
193382764,페르세폴리스,페르세폴리스,,,,마르얀 사트라피,휴머니스트,2019-06,28800,8.6,14931,218,2026-09-02T09:31:51+09:00
366362586,엄마를 만나러 가는 길 2,엄마를 만나러 가는 길,2,,,고먕,네이버웹툰,2025-08,16020,10.0,14418,219,2026-09-02T09:31:51+09:00
399403043,얼굴만으론 좋아할 수 없어요 17 (한정판),얼굴만으론 좋아할 수 없어요,17,한정판,- 한국 오리지널 일러스트 양면 커버 + 아크릴 스탠드 + 소책자 + 스페셜 일러스트 카드 2종 + 미니 일러스트 보드 (일반판 초판특전은 포함되지 않음),안자이 카린,서울미디어코믹스(서울문화사),2026-07,22500,10.0,13715,220,2026-09-02T09:31:51+09:00
390778469,원펀맨 One Punch Man 34,원펀맨 One Punch Man,34,,- 여명,ONE,대원씨아이(만화),2026-04,5400,9.2,13469,221,2026-09-02T09:31:51+09:00
393769371,가르쳐줘 집사 2,가르쳐줘 집사,2,,,마사키 미치,서울미디어코믹스(서울문화사),2026-05,6300,9.7,13495,222,2026-09-02T09:31:51+09:00
385786461,스킵과 로퍼 11 (더블 특전판),스킵과 로퍼,11,더블 특전판,"- 미츠미 아크릴 POP + 명장면 흑백 스티커 4종 (초판 특전), 시프트코믹스",타카마츠 미사키,YNK MEDIA(만화),2026-02,5400,8.4,11587,223,2026-09-02T09:31:51+09:00
397047378,반딧불이의 혼례 11,반딧불이의 혼례,11,,,타치바나 오레코,서울미디어코믹스(서울문화사),2026-06,7650,10.0,11085,224,2026-09-02T09:31:51+09:00
392518701,블루 록 35,블루 록,35,,,노무라 유스케,학산문화사(만화),2026-05,5400,9.8,9950,225,2026-09-02T09:31:51+09:00
397047219,쇼타 형아 7,쇼타 형아,7,,- BLovers Comics /초판 한정 더블 특전 : 양면 일러스트 카드 2종,나카야마 미유키,서울미디어코믹스(서울문화사),2026-06,5850,9.4,7230,226,2026-09-02T09:31:51+09:00
298605858,헌터x헌터 HunterXHunter 신장판 36,헌터x헌터 HunterXHunter 신장판,36,,,토가시 요시히로,학산문화사(만화),2020-03,5400,,7753,227,2026-09-02T09:31:51+09:00
350620490,향기로운 꽃은 늠름하게 핀다 11,향기로운 꽃은 늠름하게 핀다,11,,,미카미 사카,대원씨아이(만화),2024-10,5400,9.8,7272,228,2026-09-02T09:31:51+09:00
394695461,블루 록 36,블루 록,36,,,노무라 유스케,학산문화사(만화),2026-06,5400,,6310,229,2026-09-02T09:31:51+09:00
389597923,황천의 츠가이 10,황천의 츠가이,10,,,아라카와 히로무,대원씨아이(만화),2026-04,5850,10.0,5549,230,2026-09-02T09:31:51+09:00
396574570,Re : 제로부터 시작하는 이세계 생활 42,Re : 제로부터 시작하는 이세계 생활,42,,"- Novel Engine /초판한정 특별부록 : 띠지, 일러스트 카드",나가츠키 탓페이,데이즈엔터(주),2026-07,7200,10.0,5070,231,2026-09-02T09:31:51+09:00
394099635,담배 고양이 3,담배 고양이,3,,,냥냥 팩토리,대원씨아이(만화),2026-05,5400,10.0,4465,232,2026-09-02T09:31:51+09:00
396049036,담배 고양이 4,담배 고양이,4,,,냥냥 팩토리,대원씨아이(만화),2026-06,5400,10.0,4175,233,2026-09-02T09:31:51+09:00
396766600,유루캠 18,유루캠,18,,,아프로,대원씨아이(만화),2026-06,4950,9.6,4115,234,2026-09-02T09:31:51+09:00
399451773,숨막힐 정도의 사랑을 줄게 7,숨막힐 정도의 사랑을 줄게,7,,,이와시타 케이코,대원씨아이(만화),2026-07,5400,,3935,235,2026-09-02T09:31:51+09:00
390907872,향기로운 꽃은 늠름하게 핀다 19,향기로운 꽃은 늠름하게 핀다,19,,,미카미 사카,대원씨아이(만화),2026-04,5400,,3420,236,2026-09-02T09:31:51+09:00
400587655,킬블루 13,킬블루,13,,,후지마키 타다토시,대원씨아이(만화),2026-08,5400,,1840,237,2026-09-02T09:31:51+09:00
400585712,버그 에고 2,버그 에고,2,,- S코믹스,시타라 키요토,㈜소미미디어,2026-08,6300,,1280,238,2026-09-02T09:31:51+09:00
400909457,우린 엇갈리고 있다 1,우린 엇갈리고 있다,1,,,미나모토 유,대원씨아이(만화),2026-08,5850,,890,239,2026-09-02T09:31:51+09:00
400860220,작전명 순정 7,작전명 순정,7,,,꼬까리,영진.com(영진닷컴),2026-08,14400,,960,240,2026-09-02T09:31:51+09:00
400860566,작전명 순정 8,작전명 순정,8,,,꼬까리,영진.com(영진닷컴),2026-08,14400,,930,241,2026-09-02T09:31:51+09:00
400921733,이세계 전생 던전 마스터 온천 던전을 만들다 1,이세계 전생 던전 마스터 온천 던전을 만들다,1,,"- S Novel+, 초판 한정 아마하라 신규 일러스트 양면커버, 일러스트카드",아마하라,㈜소미미디어,2026-09,9000,,1130,242,2026-09-02T09:31:51+09:00
401052876,만화 이상적인 기둥서방 생활 11,만화 이상적인 기둥서방 생활,11,,,히노츠키 네코,길찾기,2026-08,6300,8.0,950,243,2026-09-02T09:31:51+09:00
398221799,메달리스트 14,메달리스트,14,,,츠루마이카다,학산문화사(만화),2026-07,5400,10.0,16105,244,2026-09-02T09:31:51+09:00
362375950,불가항력의 I LOVE YOU 4,불가항력의 I LOVE YOU,4,,,호시노 미즈키,서울미디어코믹스(서울문화사),2025-04,5400,9.7,10573,245,2026-09-02T09:31:51+09:00
353810399,헌터x헌터 HunterXHunter 신장판 38,헌터x헌터 HunterXHunter 신장판,38,,,토가시 요시히로,학산문화사(만화),2024-12,5400,9.8,10244,246,2026-09-02T09:31:51+09:00
368087158,불가항력의 I LOVE YOU 5,불가항력의 I LOVE YOU,5,,,호시노 미즈키,서울미디어코믹스(서울문화사),2025-07,5400,9.5,9140,247,2026-09-02T09:31:51+09:00
341684925,불가항력의 I LOVE YOU 1,불가항력의 I LOVE YOU,1,,,호시노 미즈키,서울미디어코믹스(서울문화사),2024-06,5400,9.6,9128,248,2026-09-02T09:31:51+09:00
393238375,양 선배는 혼자서 살아갈 수 없어 2,양 선배는 혼자서 살아갈 수 없어,2,,- 초판부록 : 일러스트 카드 1종 + 띠지,soon챠,대원씨아이(만화),2026-05,5850,9.9,8235,249,2026-09-02T09:31:51+09:00
342785369,불가항력의 I LOVE YOU 2,불가항력의 I LOVE YOU,2,,,호시노 미즈키,서울미디어코믹스(서울문화사),2024-07,5400,9.4,8236,250,2026-09-02T09:31:51+09:00
353421098,불가항력의 I LOVE YOU 3,불가항력의 I LOVE YOU,3,,,호시노 미즈키,서울미디어코믹스(서울문화사),2024-12,5400,9.3,7931,251,2026-09-02T09:31:51+09:00
294401191,헌터x헌터 HunterXHunter 신장판 35,헌터x헌터 HunterXHunter 신장판,35,,,토가시 요시히로,학산문화사(만화),2019-03,5400,2.0,7579,252,2026-09-02T09:31:51+09:00
335258160,향기로운 꽃은 늠름하게 핀다 6,향기로운 꽃은 늠름하게 핀다,6,,,미카미 사카,대원씨아이(만화),2024-02,5400,10.0,7600,253,2026-09-02T09:31:51+09:00
343487620,향기로운 꽃은 늠름하게 핀다 10,향기로운 꽃은 늠름하게 핀다,10,,,미카미 사카,대원씨아이(만화),2024-07,5400,9.9,7290,254,2026-09-02T09:31:51+09:00
318850889,마루는 강쥐 1,마루는 강쥐,1,,,모죠,문페이스,2023-07,14400,10.0,7252,255,2026-09-02T09:31:51+09:00
297448639,방과 후 소년 하나코 군,방과 후 소년 하나코 군,,,,아이다이로,서울미디어코믹스(서울문화사),2022-07,5400,10.0,6090,256,2026-09-02T09:31:51+09:00
390998609,담배 고양이 2,담배 고양이,2,,,냥냥 팩토리,대원씨아이(만화),2026-04,5400,10.0,4563,257,2026-09-02T09:31:51+09:00
395357976,Veil 7,Veil,7,,"- S코믹스, JAPAN EXPO 최우수작화상, 최우수장정상 수상",코테리,㈜소미미디어,2026-06,11520,,4710,258,2026-09-02T09:31:51+09:00
394588669,천국대마경 12,천국대마경,12,,- S코믹스,이시구로 마사카즈,㈜소미미디어,2026-06,6300,9.0,4635,259,2026-09-02T09:31:51+09:00
397904768,푸른 상자 24,푸른 상자,24,,,미우라 코우지,학산문화사(만화),2026-07,5400,10.0,4405,260,2026-09-02T09:31:51+09:00
397745987,Myther 2,Myther,2,,"- S코믹스 /초판 한정 양면 일러스트 카드, 초판 한정 PET 일러스트 카드",야츠다 테키,㈜소미미디어,2026-07,6300,,4240,261,2026-09-02T09:31:51+09:00
330441742,기븐 9,기븐,9,,- 뉴 루비코믹스 2970,키즈 나츠키,현대지능개발사,2023-12,5400,9.7,3837,262,2026-09-02T09:31:51+09:00
284922100,장례식 케이크 전문점 연옥당 1,장례식 케이크 전문점 연옥당,1,,- 양장,산호,문학동네,2021-12,17100,10.0,3817,263,2026-09-02T09:31:51+09:00
225770299,달빛천사 애장판 1,달빛천사 애장판,1,,,타네무라 아리나,서울미디어코믹스(서울문화사),2020-01,8550,9.5,3619,264,2026-09-02T09:31:51+09:00
305148069,장례식 케이크 전문점 연옥당 2,장례식 케이크 전문점 연옥당,2,,- 양장,산호,문학동네,2022-11,18900,10.0,3634,265,2026-09-02T09:31:51+09:00
400197602,타로의 얼렁뚱땅 2,타로의 얼렁뚱땅,2,,,야츠미 츠무,서울미디어코믹스(서울문화사),2026-08,5850,,2770,266,2026-09-02T09:31:51+09:00
298959168,아이다이로 화집 지박소년 하나코 군 2,아이다이로 화집 지박소년 하나코 군,2,,,아이다이로,서울미디어코믹스(서울문화사),2022-08,16200,,3267,267,2026-09-02T09:31:51+09:00
331618813,먼작귀 1 (그림책 포함 특별판),먼작귀,1,그림책 포함 특별판,- 먼가 작고 귀여운 녀석,나가노,미우(대원씨아이),2022-06,17820,,2131,268,2026-09-02T09:31:51+09:00
395945478,향기로운 꽃은 늠름하게 핀다 9,향기로운 꽃은 늠름하게 핀다,9,,,미카미 사카,대원씨아이(만화),2026-06,6300,,1950,269,2026-09-02T09:31:51+09:00
400585950,보루토 -TWO BLUE VORTEX- 5,보루토 -TWO BLUE VORTEX-,5,,,이케모토 미키오,대원씨아이(만화),2026-08,5850,,1770,270,2026-09-02T09:31:51+09:00
396581696,향기로운 꽃은 늠름하게 핀다 12,향기로운 꽃은 늠름하게 핀다,12,,,미카미 사카,대원씨아이(만화),2025-01,6300,,1665,271,2026-09-02T09:31:51+09:00
400585727,전격데이지 애장판 1,전격데이지 애장판,1,,- 루나 코믹스,모토미 쿄스케,㈜소미미디어,2026-08,12600,10.0,1450,272,2026-09-02T09:31:51+09:00
400856423,처형당한 현자는 리치로 전생하여 침략전쟁을 시작한다 15,처형당한 현자는 리치로 전생하여 침략전쟁을 시작한다,15,,,쿠니토모 쇼타로,대원씨아이(만화),2026-08,4950,10.0,1010,273,2026-09-02T09:31:51+09:00
400856452,치하야 리스타트! 2,치하야 리스타트!,2,,,타케우치 홀로,대원씨아이(만화),2026-08,5850,,970,274,2026-09-02T09:31:51+09:00
400860690,작전명 순정 9,작전명 순정,9,,,꼬까리,영진.com(영진닷컴),2026-08,14400,,910,275,2026-09-02T09:31:51+09:00
400917239,전생 악녀의 흑역사 18,전생 악녀의 흑역사,18,,,토우카 아키하루,서울미디어코믹스(서울문화사),2026-08,4500,,850,276,2026-09-02T09:31:51+09:00
400980709,키스 다음부터는 애드리브로,키스 다음부터는 애드리브로,,,- B愛+752,키사라기 마나미,대원씨아이(만화),2026-08,5850,2.0,630,277,2026-09-02T09:31:51+09:00
401041322,술에 취한 영애가 영웅을 몰라보고 구혼한 결과 1,술에 취한 영애가 영웅을 몰라보고 구혼한 결과,1,,,오오토리,대원씨아이(만화),2026-08,5850,,710,278,2026-09-02T09:31:51+09:00
391828072,열혈강호 95,열혈강호,95,,,전극진,대원씨아이(만화),2026-04,4950,9.6,12640,279,2026-09-02T09:31:51+09:00
397744206,학생회에도 구멍은 있다! 12,학생회에도 구멍은 있다!,12,,- S코믹스,무치마로,㈜소미미디어,2026-07,6300,9.0,10195,280,2026-09-02T09:31:51+09:00
335112422,주술회전 25,주술회전,25,,- 인외마경 신주쿠 결전,아쿠타미 게게,서울미디어코믹스(서울문화사),2024-02,5400,9.6,10096,281,2026-09-02T09:31:51+09:00
392509863,아름다운 초저녁달 10,아름다운 초저녁달,10,,,야마모리 미카,학산문화사(만화),2026-05,5400,9.5,10105,282,2026-09-02T09:31:51+09:00
299392454,자연스러운 인체 드로잉,자연스러운 인체 드로잉,,,- 해부학부터 옷 주름까지 배우는,소은 박경선,동양북스(동양문고),2022-08,21150,10.0,9905,283,2026-09-02T09:31:51+09:00
398221849,메달리스트 공식 팬북 더블특전판,메달리스트 공식 팬북 더블특전판,,,- 수량 한정 더블 특전 : 일러스트 카드 + 네컷사진,츠루마이카다,학산문화사(만화),2026-07,13500,10.0,9630,284,2026-09-02T09:31:51+09:00
374965771,불가항력의 I LOVE YOU 6,불가항력의 I LOVE YOU,6,,,호시노 미즈키,서울미디어코믹스(서울문화사),2025-10,5400,9.7,8976,285,2026-09-02T09:31:51+09:00
396563591,히나타의 블루 6,히나타의 블루,6,,"- 완결, 루나 코믹스 / 초판 한정 양면 어나더 커버, 렌티큘러 카드, 일러스트 카드",메구로 아무,㈜소미미디어,2026-07,6300,10.0,7730,286,2026-09-02T09:31:51+09:00
330062627,주술회전 24,주술회전,24,,- 주택대천 - 재귀 -,아쿠타미 게게,서울미디어코믹스(서울문화사),2023-12,5400,9.5,7834,287,2026-09-02T09:31:51+09:00
392518949,GACHIAKUTA 17,GACHIAKUTA,17,,,케이 우라나,학산문화사(만화),2026-05,5400,10.0,7780,288,2026-09-02T09:31:51+09:00
399045982,유희왕 애장판 21,유희왕 애장판,21,,,다카하시 카즈키,대원씨아이(만화),2026-07,10800,,6750,289,2026-09-02T09:31:51+09:00
394099665,킹덤 Kingdom 77,킹덤 Kingdom,77,,,하라 야스히사,대원씨아이(만화),2026-05,5400,10.0,6360,290,2026-09-02T09:31:51+09:00
394169724,쓰레기 기둥서방 하나 군은 죽고 싶어 해 3,쓰레기 기둥서방 하나 군은 죽고 싶어 해,3,,,아메코,대원씨아이(만화),2026-05,5850,9.7,5250,291,2026-09-02T09:31:51+09:00
399051208,세금으로 산 책 2,세금으로 산 책,2,,- 시프트코믹스,케이야마 케이,YNK MEDIA(만화),2026-07,5850,10.0,4030,292,2026-09-02T09:31:51+09:00
399782190,한밤중 하트튠 11,한밤중 하트튠,11,,,이가라시 마사쿠니,학산문화사(만화),2026-08,5400,,4165,293,2026-09-02T09:31:51+09:00
300919411,헌터x헌터 HunterXHunter 신장판 18,헌터x헌터 HunterXHunter 신장판,18,,,토가시 요시히로,학산문화사(만화),2015-07,5400,,3807,294,2026-09-02T09:31:51+09:00
385522768,옆자리 녀석이 그런 눈으로 쳐다본다 1,옆자리 녀석이 그런 눈으로 쳐다본다,1,,,mmk,학산문화사(만화),2026-02,6300,,3583,295,2026-09-02T09:31:51+09:00
305225003,헌터x헌터 HunterXHunter 신장판 22,헌터x헌터 HunterXHunter 신장판,22,,,토가시 요시히로,학산문화사(만화),2016-04,5400,,3672,296,2026-09-02T09:31:51+09:00
372904974,인간실격 무삭제판 1~3 세트- 전3권,인간실격 무삭제판 1~3 세트- 전3권,,,,이토 준지,미우(대원씨아이),2020-08,34560,,3479,297,2026-09-02T09:31:51+09:00
400153916,명탐정 코난 : 범인 한자와 씨 10,명탐정 코난 : 범인 한자와 씨,10,,,칸바 마유코,서울미디어코믹스(서울문화사),2026-08,5400,10.0,2940,298,2026-09-02T09:31:51+09:00
399953550,데스마치에서 시작되는 이세계 광상곡 34,데스마치에서 시작되는 이세계 광상곡,34,,"- L Novel /초판 한정 특전 : 띠지, 책갈피",아이나나 히로,디앤씨미디어(주)(D&C미디어),2026-08,9900,,2960,299,2026-09-02T09:31:51+09:00
324629346,그리고 마녀는 숲으로 갔다 1,그리고 마녀는 숲으로 갔다,1,,,산호,고블,2023-08,20700,9.2,3070,300,2026-09-02T09:31:51+09:00
399556315,이우일의 만화 그리스로마 신화 1~3 세트 - 전3권,이우일의 만화 그리스로마 신화 1~3 세트 - 전3권,,,,이우일,비채,2026-07,59850,,2410,301,2026-09-02T09:31:51+09:00
399900769,소꿉친구 컴플렉스 4~5 스페셜 세트 - 전2권,소꿉친구 컴플렉스 4~5 스페셜 세트 - 전2권,,,"- 초판 한정 부록 : 책갈피 2종(4, 5권 책갈피 각각 1종) + 렌티큘러 엽서 2종 + 증명사진 패키지 + 폴라로이드 4종 + 작가님 사인 인쇄본",은하이,네이버웹툰,2026-10,39600,,2480,302,2026-09-02T09:31:51+09:00
400006981,유녀전기 대대야사 1,유녀전기 대대야사,1,,- 노엔 코믹스 / 초판한정 특별부록 : 일러스트 카드 + 띠지,토죠 치카,데이즈엔터(주),2026-08,5400,10.0,2360,303,2026-09-02T09:31:51+09:00
313274245,네가 죽을 때까지 사랑하고 싶어 1,네가 죽을 때까지 사랑하고 싶어,1,,,나치 아오노,학산문화사(만화),2020-12,5400,,2238,304,2026-09-02T09:31:51+09:00
400224750,선생님으로 ○○하면 안 됩니다! 3,선생님으로 ○○하면 안 됩니다!,3,,- S코믹스,무샤사부,㈜소미미디어,2026-08,6300,,2110,305,2026-09-02T09:31:51+09:00
400150238,남편을 내 편으로 만드는 방법 5,남편을 내 편으로 만드는 방법,5,,,시루,캐롯툰,2026-10,14400,10.0,2280,306,2026-09-02T09:31:51+09:00
400001277,할렐루야 베이비 5,할렐루야 베이비,5,,,코지마 라라,AK(에이케이)커뮤니케이션즈,2026-08,5850,,1970,307,2026-09-02T09:31:51+09:00
400310759,호랑이형님 20,호랑이형님,20,,,이상규,영컴(YOUNG COM),2026-08,15120,,1590,308,2026-09-02T09:31:51+09:00
400707962,추방 당한 전생 중기사는 게임 지식으로 무쌍한다 12,추방 당한 전생 중기사는 게임 지식으로 무쌍한다,12,,,브로콜리,대원씨아이(만화),2026-08,5850,,1380,309,2026-09-02T09:31:51+09:00
388861705,얼굴만으론 좋아할 수 없어요 16,얼굴만으론 좋아할 수 없어요,16,,,안자이 카린,서울미디어코믹스(서울문화사),2026-03,5400,,1600,310,2026-09-02T09:31:51+09:00
400247880,만화 인소의 법칙 9,만화 인소의 법칙,9,,,아현,디앤씨웹툰비즈,2026-08,14400,,1510,311,2026-09-02T09:31:51+09:00
400585731,퀸즈 퀄리티 1,퀸즈 퀄리티,1,,- 루나 코믹스,모토미 쿄스케,㈜소미미디어,2026-08,6300,,1040,312,2026-09-02T09:31:51+09:00
400707945,우리들은 미쳤다 연모 4,우리들은 미쳤다 연모,4,,,안도 나츠미,대원씨아이(만화),2026-08,5400,,830,313,2026-09-02T09:31:51+09:00
401008380,렛츠고 괴기조 5,렛츠고 괴기조,5,,,View,㈜에스엠지크리에이티브(고은문화사),2026-08,5850,,660,314,2026-09-02T09:31:51+09:00
400930360,마로니에 왕국의 7인의 기사 7,마로니에 왕국의 7인의 기사,7,,,이와모토 나오,㈜소미미디어,2026-09,6300,,730,315,2026-09-02T09:31:51+09:00
256860565,사피엔스 : 그래픽 히스토리 Vol.1,사피엔스 : 그래픽 히스토리 Vol.1,,,- 인류의 탄생,,김영사,2020-11,17820,9.4,26265,316,2026-09-02T09:31:51+09:00
387708305,월간순정 노자키 군 17,월간순정 노자키 군,17,,,츠바키 이즈미,학산문화사(만화),2026-03,5400,9.8,11614,317,2026-09-02T09:31:51+09:00
391724964,가르쳐줘 집사 1,가르쳐줘 집사,1,,- 초판 한정 더블 특전 : 양면 코스터 & 포토카드 2종 세트,마사키 미치,서울미디어코믹스(서울문화사),2026-04,6300,9.7,10669,318,2026-09-02T09:31:51+09:00
186848330,쥐 The Complete Maus 합본,쥐 The Complete Maus 합본,,,,아트 슈피겔만,아름드리미디어,2014-06,18900,9.4,13728,319,2026-09-02T09:31:51+09:00
368857673,명탐정 코난 107,명탐정 코난,107,,,아오야마 고쇼,서울미디어코믹스(서울문화사),2025-07,5400,9.9,10368,320,2026-09-02T09:31:51+09:00
389928831,새벽의 연화 46,새벽의 연화,46,,,미즈호 쿠사나기,학산문화사(만화),2026-04,5400,9.8,10378,321,2026-09-02T09:31:51+09:00
369126143,주술회전 30,주술회전,30,,,아쿠타미 게게,서울미디어코믹스(서울문화사),2025-08,5400,10.0,9293,322,2026-09-02T09:31:51+09:00
327563621,향기로운 꽃은 늠름하게 핀다 2,향기로운 꽃은 늠름하게 핀다,2,,,미카미 사카,대원씨아이(만화),2023-10,5400,9.8,8294,323,2026-09-02T09:31:51+09:00
294400847,헌터x헌터 HunterXHunter 신장판 33,헌터x헌터 HunterXHunter 신장판,33,,,토가시 요시히로,학산문화사(만화),2018-05,5400,,8170,324,2026-09-02T09:31:51+09:00
329206984,향기로운 꽃은 늠름하게 핀다 3,향기로운 꽃은 늠름하게 핀다,3,,,미카미 사카,대원씨아이(만화),2023-11,5400,10.0,7779,325,2026-09-02T09:31:51+09:00
323339691,주술회전 23,주술회전,23,,- 별과 기름,아쿠타미 게게,서울미디어코믹스(서울문화사),2023-08,5400,9.9,7573,326,2026-09-02T09:31:51+09:00
391456890,순경씨와 나 1,순경씨와 나,1,,,나오키 유우,대원씨아이(만화),2026-04,6300,9.6,7113,327,2026-09-02T09:31:51+09:00
332987456,향기로운 꽃은 늠름하게 핀다 5,향기로운 꽃은 늠름하게 핀다,5,,,미카미 사카,대원씨아이(만화),2024-01,5400,10.0,7108,328,2026-09-02T09:31:51+09:00
294032766,헌터x헌터 HunterXHunter 신장판 1,헌터x헌터 HunterXHunter 신장판,1,,,토가시 요시히로,학산문화사(만화),2013-07,5400,10.0,6701,329,2026-09-02T09:31:51+09:00
298605722,헌터x헌터 HunterXHunter 신장판 32,헌터x헌터 HunterXHunter 신장판,32,,,토가시 요시히로,학산문화사(만화),2013-12,5400,,6203,330,2026-09-02T09:31:51+09:00
386003919,향기로운 꽃은 늠름하게 핀다 18,향기로운 꽃은 늠름하게 핀다,18,,,미카미 사카,대원씨아이(만화),2026-02,5400,10.0,5645,331,2026-09-02T09:31:51+09:00
398289014,첫사랑은 나의 오빠 1,첫사랑은 나의 오빠,1,,,카스미 유코,서울미디어코믹스(서울문화사),2026-07,5850,9.3,5590,332,2026-09-02T09:31:51+09:00
399051127,"너무 건방져, 치가야 군 1","너무 건방져, 치가야 군",1,,,안도 마이,에이템포미디어,2026-07,5850,,4920,333,2026-09-02T09:31:51+09:00
399453196,묘쌤은 이렇게 말했다 11,묘쌤은 이렇게 말했다,11,,- S코믹스,무테키 소다,㈜소미미디어,2026-08,6300,10.0,4420,334,2026-09-02T09:31:51+09:00
280599591,지박소년 하나코 군 0,지박소년 하나코 군,0,,,아이다이로,서울미디어코믹스(서울문화사),2021-10,5400,9.0,5122,335,2026-09-02T09:31:51+09:00
390011039,황천의 츠가이 3,황천의 츠가이,3,,,아라카와 히로무,대원씨아이(만화),2023-05,5850,,4343,336,2026-09-02T09:31:51+09:00
298051256,헌터x헌터 HunterXHunter 신장판 17,헌터x헌터 HunterXHunter 신장판,17,,,토가시 요시히로,학산문화사(만화),2015-06,5400,,4188,337,2026-09-02T09:31:51+09:00
394711835,악마에 입문했습니다! 이루마 군 : if Episode of 마피아 7,악마에 입문했습니다! 이루마 군 : if Episode of 마피아,7,,,니시 오사무,서울미디어코믹스(서울문화사),2026-06,5850,,4145,338,2026-09-02T09:31:51+09:00
390241459,황천의 츠가이 4,황천의 츠가이,4,,,아라카와 히로무,대원씨아이(만화),2023-10,5850,,3921,339,2026-09-02T09:31:51+09:00
310412096,기븐 8,기븐,8,,- 뉴 루비코믹스 2865,키즈 나츠키,현대지능개발사,2023-02,5400,9.6,4074,340,2026-09-02T09:31:51+09:00
400006989,이세계 유유자적 농가 16,이세계 유유자적 농가,16,,"- Novel Engine /초판한정 특별부록: 띠지, 양면 커버",나이토 키노스케,데이즈엔터(주),2026-08,9000,10.0,3590,341,2026-09-02T09:31:51+09:00
396563437,나나 NANA 완전판 10,나나 NANA 완전판,10,,"- 초판한정: PP엽서 1종, 포토카드 1종",야자와 아이,학산문화사(만화),2026-06,10800,,3460,342,2026-09-02T09:31:51+09:00
298280739,헌터x헌터 HunterXHunter 신장판 16,헌터x헌터 HunterXHunter 신장판,16,,,토가시 요시히로,학산문화사(만화),2015-04,5400,,3691,343,2026-09-02T09:31:51+09:00
301058589,헌터x헌터 HunterXHunter 신장판 19,헌터x헌터 HunterXHunter 신장판,19,,,토가시 요시히로,학산문화사(만화),2015-08,5400,,3414,344,2026-09-02T09:31:51+09:00
396583445,약사의 혼잣말 21,약사의 혼잣말,21,,- 마오마오의 후궁 수수께끼 풀이수첩,쿠라타 미노지,서울미디어코믹스(서울문화사),2026-06,5400,9.9,2775,345,2026-09-02T09:31:51+09:00
398728336,마법소녀를 동경해서 5 (더블특전판),마법소녀를 동경해서,5,더블특전판,- 초판한정 : 일러스트 카드 1종 + SD 스티커 1종,오노나카 아키히로,대원씨아이(만화),2026-07,6750,,2850,346,2026-09-02T09:31:51+09:00
399486670,서유요원전 서역편 : 화염산의 장 4,서유요원전 서역편 : 화염산의 장,4,,,모로호시 다이지로,문학동네,2026-07,9900,,2665,347,2026-09-02T09:31:51+09:00
399486641,서유요원전 서역편 : 화염산의 장 3,서유요원전 서역편 : 화염산의 장,3,,,모로호시 다이지로,문학동네,2026-07,9900,,2660,348,2026-09-02T09:31:51+09:00
232336577,달빛천사 애장판 3,달빛천사 애장판,3,,,타네무라 아리나,서울미디어코믹스(서울문화사),2020-02,8550,10.0,2627,349,2026-09-02T09:31:51+09:00
349941684,정반대의 너와 나 5,정반대의 너와 나,5,,,아가사와 코챠,학산문화사(만화),2024-10,5400,9.9,2738,350,2026-09-02T09:31:51+09:00
353581707,정반대의 너와 나 6,정반대의 너와 나,6,,,아가사와 코챠,학산문화사(만화),2024-12,5400,9.9,2809,351,2026-09-02T09:31:51+09:00
400245338,공주님 고문의 시간입니다 19,공주님 고문의 시간입니다,19,,- 완결,하루하라 로빈슨,학산문화사(만화),2026-08,5400,10.0,2360,352,2026-09-02T09:31:51+09:00
397810577,쪽팔려게임 1~2 세트 - 전2권,쪽팔려게임 1~2 세트 - 전2권,,,"- 초판 한정 부록 : 1권,2권 엽서 2종 + 학생증 2종 + 면지에 작가님 친필 사인(인쇄본)",봉수,네이버웹툰,2026-09,28800,,2080,353,2026-09-02T09:31:51+09:00
366271674,정반대의 너와 나 7,정반대의 너와 나,7,,,아가사와 코챠,학산문화사(만화),2025-06,5400,9.9,2230,354,2026-09-02T09:31:51+09:00
399926241,어쨌든 귀여워 25,어쨌든 귀여워,25,,- S코믹스,하타 켄지로,㈜소미미디어,2026-08,6300,,2170,355,2026-09-02T09:31:51+09:00
337058152,블리치 리믹스 1,블리치 리믹스,1,,,쿠보 타이토,서울미디어코믹스(서울문화사),2024-03,10800,8.0,2002,356,2026-09-02T09:31:51+09:00
400001284,와카코와 술 25,와카코와 술,25,,,신큐 치에,AK(에이케이)커뮤니케이션즈,2026-08,7200,,1870,357,2026-09-02T09:31:51+09:00
400586316,커들 2,커들,2,,- 수인 오메가버스,하스미 하나,학산문화사(만화),2026-08,6300,,1520,358,2026-09-02T09:31:51+09:00
388016407,정반대의 너와 나 8,정반대의 너와 나,8,,- 완결,아가사와 코챠,학산문화사(만화),2026-03,5400,10.0,1924,359,2026-09-02T09:31:51+09:00
400311047,호랑이형님 21,호랑이형님,21,,,이상규,영컴(YOUNG COM),2026-08,15120,,1460,360,2026-09-02T09:31:51+09:00
386058010,사카모토 데이즈 25,사카모토 데이즈,25,,- 친구이상 킬러미만,스즈키 유우토,대원씨아이(만화),2026-02,5850,,1310,361,2026-09-02T09:31:51+09:00
385894622,먼작귀 2 (그림책 포함 특별판),먼작귀,2,그림책 포함 특별판,- 먼가 작고 귀여운 녀석,나가노,미우(대원씨아이),2022-08,17820,,1451,362,2026-09-02T09:31:51+09:00
400733376,건강하고 문화적인 최저한도의 생활 11,건강하고 문화적인 최저한도의 생활,11,,,가시와기 하루코,문학동네,2026-08,8820,,1120,363,2026-09-02T09:31:51+09:00
400669097,서뱀프 Servamp 23~24 세트 - 전2권,서뱀프 Servamp 23~24 세트 - 전2권,,,"- 판도라 코믹스, 완결 ,초판 한정 일러스트 카드 2종, 16P 소책자, big 엽서 1종",타나카 스트라이크,조은세상(북두),2026-08,13500,,1330,364,2026-09-02T09:31:51+09:00
400585956,통제구역관리부 4,통제구역관리부,4,,,탄광,다산코믹스,2026-08,18900,,1150,365,2026-09-02T09:31:51+09:00
400909405,시오타 선생님과 아마이양 7,시오타 선생님과 아마이양,7,,,나카토카 쿠미코,대원씨아이(만화),2026-08,5850,,830,366,2026-09-02T09:31:51+09:00
400586291,도쿄대 세 자매 2,도쿄대 세 자매,2,,,이소야 유키,대원씨아이(만화),2026-08,5850,,880,367,2026-09-02T09:31:51+09:00
339953785,못 미더운 악녀입니다만 : ~추궁접서 교체전~ 6,못 미더운 악녀입니다만 : ~추궁접서 교체전~,6,,,EI Ohitsuji,서울미디어코믹스(서울문화사),2024-05,6300,9.3,860,368,2026-09-02T09:31:51+09:00
352375450,못 미더운 악녀입니다만 : ~추궁접서 교체전~ 7,못 미더운 악녀입니다만 : ~추궁접서 교체전~,7,,,EI Ohitsuji,서울미디어코믹스(서울문화사),2024-11,6300,9.7,853,369,2026-09-02T09:31:51+09:00
401052841,만화 이상적인 기둥서방 생활 10,만화 이상적인 기둥서방 생활,10,,,히노츠키 네코,길찾기,2026-08,6300,,750,370,2026-09-02T09:31:51+09:00
323272361,"안녕, 에리","안녕, 에리",,,,후지모토 타츠키,학산문화사(만화),2023-08,5400,9.4,15385,371,2026-09-02T09:31:51+09:00
391943528,엄마를 만나러 가는 길,엄마를 만나러 가는 길,,,"- 모리의 스티커북 /초판 한정 부록: 투명 북마크,작가 친필 사인 면지에 인쇄",고먕,네이버웹툰,2026-06,15300,10.0,11636,372,2026-09-02T09:31:51+09:00
379795065,괴수 8호 16 (더블 특전판),괴수 8호,16,더블 특전판,"- 완결, '카프카' 캐릭터 카드 + 스페셜 일러스트 카드 2종",마츠모토 나오야,서울미디어코믹스(서울문화사),2025-12,5400,10.0,11122,373,2026-09-02T09:31:51+09:00
368125805,장송의 프리렌 14,장송의 프리렌,14,,,야마다 카네히토,학산문화사(만화),2025-07,5400,9.8,10995,374,2026-09-02T09:31:51+09:00
384585231,불가항력의 I LOVE YOU 7,불가항력의 I LOVE YOU,7,,,호시노 미즈키,서울미디어코믹스(서울문화사),2026-01,5400,9.4,10938,375,2026-09-02T09:31:51+09:00
389546868,반딧불이의 혼례 10,반딧불이의 혼례,10,,,타치바나 오레코,서울미디어코믹스(서울문화사),2026-04,7650,9.6,10928,376,2026-09-02T09:31:51+09:00
389009894,오무라이스 잼잼 16,오무라이스 잼잼,16,,,조경규,송송책방,2026-04,18900,10.0,10717,377,2026-09-02T09:31:51+09:00
369786330,마남 이치 1 (트리플 특전판),마남 이치,1,트리플 특전판,- 홀로그램 일러스트 카드 2종 + 아크릴 일러스트 카드 1종,유사자키 시로,서울미디어코믹스(서울문화사),2025-08,6300,9.6,9316,378,2026-09-02T09:31:51+09:00
341524569,주술회전 26,주술회전,26,,- 남쪽으로,아쿠타미 게게,서울미디어코믹스(서울문화사),2024-06,5400,,8817,379,2026-09-02T09:31:51+09:00
397904785,보석함에 사랑을 채우자 1,보석함에 사랑을 채우자,1,,,미키모토 린,학산문화사(만화),2026-07,6300,9.5,8240,380,2026-09-02T09:31:51+09:00
388821136,중년에 지친 밤에는,중년에 지친 밤에는,,,,마스다 미리,북포레스트,2026-03,16200,9.4,8230,381,2026-09-02T09:31:51+09:00
294401024,헌터x헌터 HunterXHunter 신장판 34,헌터x헌터 HunterXHunter 신장판,34,,,토가시 요시히로,학산문화사(만화),2018-05,5400,,7764,382,2026-09-02T09:31:51+09:00
397592223,애태울 정도의 사랑을 알아라 3,애태울 정도의 사랑을 알아라,3,,- 완결,쿄노 마코,학산문화사(만화),2026-07,6300,10.0,7435,383,2026-09-02T09:31:51+09:00
336635744,향기로운 꽃은 늠름하게 핀다 7,향기로운 꽃은 늠름하게 핀다,7,,,미카미 사카,대원씨아이(만화),2024-03,5400,10.0,7340,384,2026-09-02T09:31:51+09:00
375360162,향기로운 꽃은 늠름하게 핀다 17,향기로운 꽃은 늠름하게 핀다,17,,,미카미 사카,대원씨아이(만화),2025-10,5400,,7159,385,2026-09-02T09:31:51+09:00
379515213,야마다 군과 Lv999의 사랑을 하다 4~6 특별판 세트 - 전3권,야마다 군과 Lv999의 사랑을 하다 4~6 특별판 세트 - 전3권,,,- 띠지 + 특별판 아크릴 북스탠드 + 특별판 아크릴 블록 + 특별판 양면 책갈피 + 일반판 일러스트 카드 3종 + 일반판 폴라로이드 카드 3종,마시로,디앤씨미디어(주)(D&C미디어),2025-12,49500,10.0,7089,386,2026-09-02T09:31:51+09:00
388496310,단다단 20,단다단,20,,,타츠 유키노부,대원씨아이(만화),2026-03,5400,9.5,6134,387,2026-09-02T09:31:51+09:00
216773326,그 비스크 돌은 사랑을 한다 1,그 비스크 돌은 사랑을 한다,1,,- S코믹스,후쿠다 신이치,㈜소미미디어,2019-11,6300,9.4,6349,388,2026-09-02T09:31:51+09:00
394695720,바닷바람과 용의 보금자리 2,바닷바람과 용의 보금자리,2,,,시마 아사토,학산문화사(만화),2026-06,6300,10.0,5885,389,2026-09-02T09:31:51+09:00
352187570,주술회전 27,주술회전,27,,,아쿠타미 게게,서울미디어코믹스(서울문화사),2024-08,5400,,4680,390,2026-09-02T09:31:51+09:00
396368739,어서 와 수평선 1 (트리플 특전판),어서 와 수평선,1,트리플 특전판,- 띠지 + 입욕권 북마크 1종 + pp 스탠드 1종 + 티셔츠 판 스티커 1종,와타베 타이요,대원씨아이(만화),2026-06,6300,10.0,4345,391,2026-09-02T09:31:51+09:00
389641207,황천의 츠가이 2,황천의 츠가이,2,,,아라카와 히로무,대원씨아이(만화),2022-12,5850,,4428,392,2026-09-02T09:31:51+09:00
295866022,하이큐!! 45,하이큐!!,45,,"- 완결, 도전자들",후루다테 하루이치,대원씨아이(만화),2020-12,4950,10.0,4456,393,2026-09-02T09:31:51+09:00
311653748,헌터x헌터 HunterXHunter 신장판 11,헌터x헌터 HunterXHunter 신장판,11,,,토가시 요시히로,학산문화사(만화),2014-09,5400,,4428,394,2026-09-02T09:31:51+09:00
395849750,놀이의 관계 1,놀이의 관계,1,,- S Novel,아오이 세키나,㈜소미미디어,2026-06,7650,10.0,4190,395,2026-09-02T09:31:51+09:00
389641178,황천의 츠가이 5,황천의 츠가이,5,,,아라카와 히로무,대원씨아이(만화),2024-03,5850,,4308,396,2026-09-02T09:31:51+09:00
294154150,헌터x헌터 HunterXHunter 신장판 12,헌터x헌터 HunterXHunter 신장판,12,,,토가시 요시히로,학산문화사(만화),2014-09,5400,,4208,397,2026-09-02T09:31:51+09:00
295865866,하이큐!! 43,하이큐!!,43,,- 최종보스,후루다테 하루이치,대원씨아이(만화),2020-09,4950,,3852,398,2026-09-02T09:31:51+09:00
300919038,헌터x헌터 HunterXHunter 신장판 13,헌터x헌터 HunterXHunter 신장판,13,,,토가시 요시히로,학산문화사(만화),2014-12,5400,,3953,399,2026-09-02T09:31:51+09:00
390941683,황천의 츠가이 1,황천의 츠가이,1,,,아라카와 히로무,대원씨아이(만화),2022-08,5850,,3756,400,2026-09-02T09:31:51+09:00
397898246,역대급 영지 설계사 9,역대급 영지 설계사,9,,- 초판 한정 작가진 친필 사인 인쇄본 + 표지 일러스트 엽서 + 캐릭터 카드 3종,이현민,문페이스,2026-07,14400,,3765,401,2026-09-02T09:31:51+09:00
298280477,헌터x헌터 HunterXHunter 신장판 21,헌터x헌터 HunterXHunter 신장판,21,,,토가시 요시히로,학산문화사(만화),2016-06,5400,,3632,402,2026-09-02T09:31:51+09:00
314918637,헌터x헌터 HunterXHunter 신장판 20,헌터x헌터 HunterXHunter 신장판,20,,,토가시 요시히로,학산문화사(만화),2015-12,5400,,3301,403,2026-09-02T09:31:51+09:00
391205558,황천의 츠가이 9,황천의 츠가이,9,,,아라카와 히로무,대원씨아이(만화),2025-11,5850,,3320,404,2026-09-02T09:31:51+09:00
375535559,나의 히어로 아카데미아 공식 일러스트집 Ultra Artworks,나의 히어로 아카데미아 공식 일러스트집 Ultra Artworks,,,,호리코시 코헤이,서울미디어코믹스(서울문화사),2025-10,39600,,3218,405,2026-09-02T09:31:51+09:00
399973698,시노비고토 7,시노비고토,7,,,미타라시 산타,학산문화사(만화),2026-08,6300,,2720,406,2026-09-02T09:31:51+09:00
399050467,블루 피리어드 6 (한정판),블루 피리어드,6,한정판,"- 시프트코믹스 /한정판 구성품 : 도서(초판 부록 포함), 1~6권 수납 박스, 컬러링북 소책자, 박티켓 책갈피 3종",야마구치 츠바사,YNK MEDIA(만화),2026-07,13500,,2675,407,2026-09-02T09:31:51+09:00
333640352,정반대의 너와 나 3,정반대의 너와 나,3,,,아가사와 코챠,학산문화사(만화),2024-02,5400,9.8,2777,408,2026-09-02T09:31:51+09:00
345587184,정반대의 너와 나 4,정반대의 너와 나,4,,,아가사와 코챠,학산문화사(만화),2024-08,5400,9.7,2771,409,2026-09-02T09:31:51+09:00
398869812,창천항로 애장판 3,창천항로 애장판,3,,,킹곤타,대원씨아이(만화),2026-07,16200,,2685,410,2026-09-02T09:31:51+09:00
232338320,달빛천사 애장판 4,달빛천사 애장판,4,,- 완결,타네무라 아리나,서울미디어코믹스(서울문화사),2020-02,8550,10.0,2582,411,2026-09-02T09:31:51+09:00
393313791,추우면 변하는 헤비가미 군 1,추우면 변하는 헤비가미 군,1,,"- 초판 한정 특전: 띠지, 스티커, PET 스탠드, 투명 책갈피, SL Comic",쿠리미야,디앤씨미디어(주)(D&C미디어),2026-05,6300,8.5,2755,412,2026-09-02T09:31:51+09:00
400197883,망각 배터리 23,망각 배터리,23,,,에코 미카와,서울미디어코믹스(서울문화사),2026-08,5400,,2500,413,2026-09-02T09:31:51+09:00
400136881,벡 Beck 신장판 8,벡 Beck 신장판,8,,,해롤드 사쿠이시,학산문화사(만화),2026-08,10800,10.0,2170,414,2026-09-02T09:31:51+09:00
333640869,먼작귀 5 (레터북 포함 특별판),먼작귀,5,레터북 포함 특별판,- 먼가 작고 귀여운 녀석,나가노,미우(대원씨아이),2024-02,23400,10.0,2402,415,2026-09-02T09:31:51+09:00
400138794,이번 생은 가주가 되겠습니다 2부 6,이번 생은 가주가 되겠습니다 2부,6,,- 만화,앤트스튜디오,디앤씨웹툰비즈,2026-08,14400,,2160,416,2026-09-02T09:31:51+09:00
399055863,다크 개더링 1,다크 개더링,1,,- 픽시하우스 /초판 한정: 띠지 + 일러스트 카드,콘도 켄이치,코믹레인,2026-08,6300,10.0,2165,417,2026-09-02T09:31:51+09:00
310882441,먼작귀 3 (카드놀이 포함 특별판),먼작귀,3,카드놀이 포함 특별판,"- 카드놀이 세트: 카드 96장(문장 카드 46장, 그림 카드 46장) + 설명서 1장",나가노,미우(대원씨아이),2023-02,24300,4.0,1953,418,2026-09-02T09:31:51+09:00
396089286,향기로운 꽃은 늠름하게 핀다 13,향기로운 꽃은 늠름하게 핀다,13,,,미카미 사카,대원씨아이(만화),2026-06,6300,,1720,419,2026-09-02T09:31:51+09:00
396090083,향기로운 꽃은 늠름하게 핀다 8,향기로운 꽃은 늠름하게 핀다,8,,,미카미 사카,대원씨아이(만화),2026-06,6300,,1565,420,2026-09-02T09:31:51+09:00
395950064,향기로운 꽃은 늠름하게 핀다 4,향기로운 꽃은 늠름하게 핀다,4,,,미카미 사카,대원씨아이(만화),2026-06,6300,,1705,421,2026-09-02T09:31:51+09:00
400586056,SCP가 뭔가요? 3,SCP가 뭔가요?,3,,,하치훈,대원씨아이(만화),2026-08,5850,,1270,422,2026-09-02T09:31:51+09:00
337394406,풀 나이트 1,풀 나이트,1,,- S코믹스,야스다 카스미,㈜소미미디어,2024-04,6300,10.0,1265,423,2026-09-02T09:31:51+09:00
400707795,뉴노멀 8,뉴노멀,8,,,아이하라 아키토,대원씨아이(만화),2026-08,5400,,1060,424,2026-09-02T09:31:51+09:00
389482128,애태울 정도의 사랑을 알아라 1,애태울 정도의 사랑을 알아라,1,,,쿄노 마코,학산문화사(만화),2026-04,6300,,940,425,2026-09-02T09:31:51+09:00
400715990,가짜 연금술사 4,가짜 연금술사,4,,"- 픽시하우스, 초판한정 특별부록 : 일러스트 카드 + 띠지",우메마루,미스터블루,2026-09,7200,,1000,426,2026-09-02T09:31:51+09:00
400856407,탱크체어 TANK CHAIR 4,탱크체어 TANK CHAIR,4,,,야시로 마나부,대원씨아이(만화),2026-08,6300,,740,427,2026-09-02T09:31:51+09:00
400585822,W 줄리엣 2부 16,W 줄리엣 2부,16,,,에무라,대원씨아이(만화),2026-08,3780,,790,428,2026-09-02T09:31:51+09:00
400707974,사랑할 자격 3,사랑할 자격,3,,,난바 아츠코,대원씨아이(만화),2026-08,5400,,690,429,2026-09-02T09:31:51+09:00
319312677,못 미더운 악녀입니다만 : ~추궁접서 교체전~ 4,못 미더운 악녀입니다만 : ~추궁접서 교체전~,4,,,EI Ohitsuji,서울미디어코믹스(서울문화사),2023-06,6300,10.0,820,430,2026-09-02T09:31:51+09:00
329581311,못 미더운 악녀입니다만 : ~추궁접서 교체전~ 5,못 미더운 악녀입니다만 : ~추궁접서 교체전~,5,,,EI Ohitsuji,서울미디어코믹스(서울문화사),2023-11,6300,10.0,779,431,2026-09-02T09:31:51+09:00
396563354,도망을 잘 치는 도련님 22,도망을 잘 치는 도련님,22,,- 코노 모로후유 1351,마츠이 유세이,대원씨아이(만화),2026-06,5400,10.0,855,432,2026-09-02T09:31:51+09:00
401047138,장송의 프리렌 10,장송의 프리렌,10,,,야마다 카네히토,학산문화사(만화),2026-08,6300,,480,433,2026-09-02T09:31:51+09:00
400921444,페이스리스 드롭아웃 1,페이스리스 드롭아웃,1,,- S Novel+,류토,㈜소미미디어,2026-09,10800,,910,434,2026-09-02T09:31:51+09:00
401131327,월간 트릴레마 1,월간 트릴레마,1,,,타치바나 로쿠,재담,2026-08,7200,,750,435,2026-09-02T09:31:51+09:00
280555213,포인트 캐릭터 드로잉 - 전2권,포인트 캐릭터 드로잉 - 전2권,,,,타코,레진코믹스(레진엔터테인먼트),2021-09,25200,10.0,16190,436,2026-09-02T09:31:51+09:00
394027323,야마다의 학급일지 4,야마다의 학급일지,4,,"- 완결, 초판 한정 : 야마다 & 무라타 일러스트 카드 3종",아오미 루이,서울미디어코믹스(서울문화사),2026-05,5850,9.8,10025,437,2026-09-02T09:31:51+09:00
387062834,백귀야행 31,백귀야행,31,,,이마 이치코,시공사(만화),2026-02,7200,9.8,8313,438,2026-09-02T09:31:51+09:00
338040640,사피엔스 : 그래픽 히스토리 Vol.3,사피엔스 : 그래픽 히스토리 Vol.3,,,- 역사의 배후,,김영사,2024-04,17820,9.5,8317,439,2026-09-02T09:31:51+09:00
307634607,주술회전 21,주술회전,21,,- 도쿄 제2콜로니 -호운-,아쿠타미 게게,서울미디어코믹스(서울문화사),2022-12,5400,9.7,7743,440,2026-09-02T09:31:51+09:00
398836243,TV애니메이션 주술회전 회옥·옥절/시부야 사변 공식 가이드북,TV애니메이션 주술회전 회옥·옥절/시부야 사변 공식 가이드북,,,- 초판 한정 : 책갈피 2종,아쿠타미 게게,서울미디어코믹스(서울문화사),2026-07,24300,10.0,7530,441,2026-09-02T09:31:51+09:00
316015391,주술회전 22,주술회전,22,,- 사쿠라지마 콜로니 -환생-,아쿠타미 게게,서울미디어코믹스(서울문화사),2023-05,5400,10.0,7103,442,2026-09-02T09:31:51+09:00
372708826,향기로운 꽃은 늠름하게 핀다 16,향기로운 꽃은 늠름하게 핀다,16,,,미카미 사카,대원씨아이(만화),2025-09,5400,9.8,7071,443,2026-09-02T09:31:51+09:00
327556882,마루는 강쥐 2,마루는 강쥐,2,,,모죠,문페이스,2023-11,14400,10.0,6433,444,2026-09-02T09:31:51+09:00
389890662,약사의 혼잣말 16,약사의 혼잣말,16,,,네코쿠라게,학산문화사(만화),2026-04,5400,9.8,6356,445,2026-09-02T09:31:51+09:00
392509889,애태울 정도의 사랑을 알아라 2,애태울 정도의 사랑을 알아라,2,,,쿄노 마코,학산문화사(만화),2026-05,6300,9.9,6185,446,2026-09-02T09:31:51+09:00
315295029,귀멸 학원! 3,귀멸 학원!,3,,,호카미 나츠키,학산문화사(만화),2023-04,5400,9.6,6219,447,2026-09-02T09:31:51+09:00
386563480,단다단 19,단다단,19,,,타츠 유키노부,대원씨아이(만화),2026-02,5400,10.0,5843,448,2026-09-02T09:31:51+09:00
292320734,헌터x헌터 HunterXHunter 신장판 2,헌터x헌터 HunterXHunter 신장판,2,,,토가시 요시히로,학산문화사(만화),2012-07,5400,10.0,5890,449,2026-09-02T09:31:51+09:00
358910246,명탐정 코난 106 (특장판),명탐정 코난,106,특장판,- 아크릴 스탠드(PET 재질) + 아코디언 카드 + 그림 콘티 카드 세트,아오야마 고쇼,서울미디어코믹스(서울문화사),2025-02,10800,7.0,5548,450,2026-09-02T09:31:51+09:00
382041006,사카모토 데이즈 24,사카모토 데이즈,24,,- 감전 주의,스즈키 유우토,대원씨아이(만화),2025-12,5850,,5450,451,2026-09-02T09:31:51+09:00
297902307,헌터x헌터 HunterXHunter 신장판 3,헌터x헌터 HunterXHunter 신장판,3,,,토가시 요시히로,학산문화사(만화),2013-08,5400,,5535,452,2026-09-02T09:31:51+09:00
397021753,완전 쓰레기인 와타라세인데 3,완전 쓰레기인 와타라세인데,3,,,나카가와 파리,대원씨아이(만화),2026-06,5400,9.7,5210,453,2026-09-02T09:31:51+09:00
333218155,마루는 강쥐 3,마루는 강쥐,3,,,모죠,문페이스,2024-02,14400,,5485,454,2026-09-02T09:31:51+09:00
82662361,기븐 2,기븐,2,,- 뉴 루비코믹스 1835,키즈 나츠키,현대지능개발사,2016-04,4950,9.1,5154,455,2026-09-02T09:31:51+09:00
354729574,주술회전 28,주술회전,28,,- 인외마경 신주쿠 결전 : 9점 점바둑,아쿠타미 게게,서울미디어코믹스(서울문화사),2024-12,5400,10.0,5069,456,2026-09-02T09:31:51+09:00
389890523,타워 던전 5,타워 던전,5,,,니헤이 츠토무,학산문화사(만화),2026-04,6300,9.9,4871,457,2026-09-02T09:31:51+09:00
399052013,THE ART OF SOLO LEVELING : 웹툰 「나 혼자만 레벨업」 공식 아트북,THE ART OF SOLO LEVELING : 웹툰 「나 혼자만 레벨업」 공식 아트북,,,,장성락(REDICE STUDIO),디앤씨미디어(주)(D&C미디어),2026-08,43200,,4760,458,2026-09-02T09:31:51+09:00
349748255,마루는 강쥐 5,마루는 강쥐,5,,,모죠,문페이스,2024-10,14400,,4743,459,2026-09-02T09:31:51+09:00
246152488,여름 안에서,여름 안에서,,,,성률,문학동네,2020-07,17550,8.1,4581,460,2026-09-02T09:31:51+09:00
397904315,보석함에 사랑을 채우자 1 (한정판),보석함에 사랑을 채우자,1,한정판,"- 한정판 구성: 아웃박스, 단행본(일반판 부록 없이 도서만), 아크릴 키링, 캔배지 2종, 포토카드 1매",미키모토 린,학산문화사(만화),2026-07,22500,5.0,4590,461,2026-09-02T09:31:51+09:00
392518926,오가미 츠미키와 기일상 6,오가미 츠미키와 기일상,6,,,모리시타 미유,학산문화사(만화),2026-05,5400,9.3,4250,462,2026-09-02T09:31:51+09:00
282899765,지박소년 하나코 군 8,지박소년 하나코 군,8,,,아이다이로,서울미디어코믹스(서울문화사),2021-11,5400,10.0,4868,463,2026-09-02T09:31:51+09:00
374337173,장례식 케이크 전문점 연옥당 3,장례식 케이크 전문점 연옥당,3,,"- 양장, 완결",산호,문학동네,2025-10,19800,9.7,4235,464,2026-09-02T09:31:51+09:00
390010927,황천의 츠가이 7,황천의 츠가이,7,,,아라카와 히로무,대원씨아이(만화),2026-04,5850,,4299,465,2026-09-02T09:31:51+09:00
257021910,기븐 6,기븐,6,,- 뉴 루비코믹스 2555,키즈 나츠키,현대지능개발사,2020-11,4950,9.6,4293,466,2026-09-02T09:31:51+09:00
397294534,비교하고 검토하는 교열부의 쿠쥬 씨 1,비교하고 검토하는 교열부의 쿠쥬 씨,1,,,고이시 유카,서교책방,2026-07,11520,9.7,4025,467,2026-09-02T09:31:51+09:00
322441129,꿈빛 파티시엘 신장판 2,꿈빛 파티시엘 신장판,2,,,마츠모토 나츠미,대원씨아이(만화),2023-08,5400,,3997,468,2026-09-02T09:31:51+09:00
393803131,"밟고, 차고, 사랑하고 6","밟고, 차고, 사랑하고",6,,,이치야 스미,대원씨아이(만화),2026-05,4950,9.7,4155,469,2026-09-02T09:31:51+09:00
362211849,주술회전 29,주술회전,29,,- 인외마경 신주쿠 결전 -사활-,아쿠타미 게게,서울미디어코믹스(서울문화사),2025-04,5400,10.0,3765,470,2026-09-02T09:31:51+09:00
301073130,하이큐!! 44,하이큐!!,44,,- 최강의 적,후루다테 하루이치,대원씨아이(만화),2020-11,4950,,3811,471,2026-09-02T09:31:51+09:00
298280458,헌터x헌터 HunterXHunter 신장판 30,헌터x헌터 HunterXHunter 신장판,30,,,토가시 요시히로,학산문화사(만화),2017-03,5400,,3931,472,2026-09-02T09:31:51+09:00
298348779,서랍 속 테라리움 : 신장판,서랍 속 테라리움 : 신장판,,,- S코믹스,쿠이 료코,㈜소미미디어,2022-08,8100,9.5,3740,473,2026-09-02T09:31:51+09:00
298280625,헌터x헌터 HunterXHunter 신장판 15,헌터x헌터 HunterXHunter 신장판,15,,,토가시 요시히로,학산문화사(만화),2015-04,5400,,3661,474,2026-09-02T09:31:51+09:00
301058679,헌터x헌터 HunterXHunter 신장판 25,헌터x헌터 HunterXHunter 신장판,25,,,토가시 요시히로,학산문화사(만화),2016-08,5400,,3515,475,2026-09-02T09:31:51+09:00
298280514,헌터x헌터 HunterXHunter 신장판 27,헌터x헌터 HunterXHunter 신장판,27,,,토가시 요시히로,학산문화사(만화),2016-10,5400,,3484,476,2026-09-02T09:31:51+09:00
394239585,사피엔스: 그래픽 히스토리 시리즈 세트 - 전4권,사피엔스: 그래픽 히스토리 시리즈 세트 - 전4권,,,,,김영사,2026-05,71280,9.3,3260,477,2026-09-02T09:31:51+09:00
391205551,황천의 츠가이 8,황천의 츠가이,8,,,아라카와 히로무,대원씨아이(만화),2025-06,5850,,3095,478,2026-09-02T09:31:51+09:00
397022214,창천항로 애장판 2,창천항로 애장판,2,,,킹곤타,대원씨아이(만화),2026-06,16200,10.0,2870,479,2026-09-02T09:31:51+09:00
398833327,이 결혼은 어차피 망하게 되어 있다 8,이 결혼은 어차피 망하게 되어 있다,8,,,,영컴(YOUNG COM),2026-07,15120,,2840,480,2026-09-02T09:31:51+09:00
309292959,무로이 야스오의 캐릭터 얼굴 & 바스트업 작화 기술,무로이 야스오의 캐릭터 얼굴 & 바스트업 작화 기술,,,,무로이 야스오,영진.com(영진닷컴),2023-02,18000,9.4,2934,481,2026-09-02T09:31:51+09:00
320637311,정반대의 너와 나 1,정반대의 너와 나,1,,,아가사와 코챠,학산문화사(만화),2023-07,5400,9.8,2961,482,2026-09-02T09:31:51+09:00
397905187,THE POOL,THE POOL,,,,사쿠라이 가몬,학산문화사(만화),2026-07,13500,10.0,2860,483,2026-09-02T09:31:51+09:00
396049332,블루 자이언트 모멘텀 6,블루 자이언트 모멘텀,6,,,이시즈카 신이치,대원씨아이(만화),2026-06,5850,10.0,2855,484,2026-09-02T09:31:51+09:00
321124579,먼작귀 1,먼작귀,1,,- 먼가 작고 귀여운 녀석,나가노,미우(대원씨아이),2022-06,10800,,2737,485,2026-09-02T09:31:51+09:00
399290916,우리 반리가 신세 좀 지겠습니다 4,우리 반리가 신세 좀 지겠습니다,4,,,카이도 치토세,대원씨아이(만화),2026-07,5400,,2780,486,2026-09-02T09:31:51+09:00
322804966,정반대의 너와 나 2,정반대의 너와 나,2,,,아가사와 코챠,학산문화사(만화),2023-08,5400,9.8,2899,487,2026-09-02T09:31:51+09:00
394833578,장송의 프리렌 1,장송의 프리렌,1,,,야마다 카네히토,학산문화사(만화),2021-11,6300,,2625,488,2026-09-02T09:31:51+09:00
399594642,동거하는 검성 여스승이 너무 귀여워서 매일 행복합니다 1,동거하는 검성 여스승이 너무 귀여워서 매일 행복합니다,1,,,R_링고,길찾기,2026-06,7200,10.0,2370,489,2026-09-02T09:31:51+09:00
396091726,나의 행복한 결혼 6,나의 행복한 결혼,6,,,코사카 리토,서울미디어코믹스(서울문화사),2026-06,4950,9.7,2530,490,2026-09-02T09:31:51+09:00
344689794,네가 죽을 때까지 사랑하고 싶어 7,네가 죽을 때까지 사랑하고 싶어,7,,,나치 아오노,학산문화사(만화),2024-08,5400,10.0,2290,491,2026-09-02T09:31:51+09:00
391724707,명탐정 코난 로맨틱 러버스 셀렉션,명탐정 코난 로맨틱 러버스 셀렉션,,,,아오야마 고쇼,서울미디어코믹스(서울문화사),2026-04,10800,10.0,2560,492,2026-09-02T09:31:51+09:00
399050317,블루 피리어드 6 (더블 특전판),블루 피리어드,6,더블 특전판,"- 시프트코믹스 /초판 더블 특전 : 일러스트 카드 1종, 박티켓 책갈피 1종",야마구치 츠바사,YNK MEDIA(만화),2026-07,5400,,1880,493,2026-09-02T09:31:51+09:00
296275956,네가 죽을 때까지 사랑하고 싶어 2,네가 죽을 때까지 사랑하고 싶어,2,,,나치 아오노,학산문화사(만화),2021-02,5400,,1748,494,2026-09-02T09:31:51+09:00
400245307,나쁜 X에게 행복 있으라 6,나쁜 X에게 행복 있으라,6,,,키시카와 미즈키,학산문화사(만화),2026-08,5400,,1670,495,2026-09-02T09:31:51+09:00
394027566,블리치 리믹스 16,블리치 리믹스,16,,,쿠보 타이토,서울미디어코믹스(서울문화사),2026-05,10800,9.6,1895,496,2026-09-02T09:31:51+09:00
399056425,다크 개더링 3,다크 개더링,3,,- 픽시하우스 / 초판 한정 : 띠지+일러스트 카드,콘도 켄이치,코믹레인,2026-08,6300,,1785,497,2026-09-02T09:31:51+09:00
399056069,다크 개더링 2,다크 개더링,2,,- 픽시하우스 /초판 한정: 띠지 + 일러스트 카드,콘도 켄이치,코믹레인,2026-08,6300,,1765,498,2026-09-02T09:31:51+09:00
395958550,핑키 나이트메어,핑키 나이트메어,,,- 라르고 맥스 Largo Max,NAREHATECHAN,조은세상(북두),2026-06,6300,9.5,1625,499,2026-09-02T09:31:51+09:00
394214000,11번째 고양이는 네네 1,11번째 고양이는 네네,1,,"- 초판 한정 PET 스탠드, 판 스티커 2종, 일러스트 카드",하리카모,오팬스코믹,2026-05,6300,9.9,1540,500,2026-09-02T09:31:51+09:00
399973834,라라의 결혼 8,라라의 결혼,8,,,타메코우,블랑코믹스(BLANC COMICS),2026-08,6300,,1520,501,2026-09-02T09:31:51+09:00
400585836,아자미 야코를 좋아하게 된다 2,아자미 야코를 좋아하게 된다,2,,,유니티 콩,대원씨아이(만화),2026-08,5850,,1420,502,2026-09-02T09:31:51+09:00
399973937,코믹 무직전생 21,코믹 무직전생,21,,- 이세계에 갔으면 최선을 다한다,후지카와 유카,학산문화사(만화),2026-08,5400,,1160,503,2026-09-02T09:31:51+09:00
357930933,풀 나이트 2,풀 나이트,2,,- S코믹스,야스다 카스미,㈜소미미디어,2025-02,6300,10.0,1333,504,2026-09-02T09:31:51+09:00
398284864,책벌레의 하극상 제4부 : 귀족원의 도서관을 구하고 싶어! 10,책벌레의 하극상 제4부 : 귀족원의 도서관을 구하고 싶어!,10,,- 사서가 되기 위해서라면 뭐든지 할 수 있어,카츠키 히카루,대원씨아이(만화),2026-07,5400,10.0,1290,505,2026-09-02T09:31:51+09:00
391302897,못 미더운 악녀입니다만 : ~추궁접서 교체전~ 9,못 미더운 악녀입니다만 : ~추궁접서 교체전~,9,,,EI Ohitsuji,서울미디어코믹스(서울문화사),2026-04,6300,10.0,1280,506,2026-09-02T09:31:51+09:00
400856470,선생님! 저희들이 세계를 멸망시킵니다. 9,선생님! 저희들이 세계를 멸망시킵니다.,9,,,코바야시 키나,대원씨아이(만화),2026-08,5400,,870,507,2026-09-02T09:31:51+09:00
400307391,꿀과 극약 2,꿀과 극약,2,,,사쿠라노코우지 카노코,대원씨아이(만화),2026-08,5400,,950,508,2026-09-02T09:31:51+09:00
340310033,블리치 리믹스 3,블리치 리믹스,3,,,쿠보 타이토,서울미디어코믹스(서울문화사),2024-05,10800,10.0,998,509,2026-09-02T09:31:51+09:00
400001026,사자나미 군이 가장 싫어하는 남자,사자나미 군이 가장 싫어하는 남자,,,,오기,인디고,2026-08,5850,,970,510,2026-09-02T09:31:51+09:00
400856443,응원 걸! 1,응원 걸!,1,,,다나카 유치아,대원씨아이(만화),2026-08,5400,10.0,730,511,2026-09-02T09:31:51+09:00
382043008,지박소년 하나코 군 25,지박소년 하나코 군,25,,,아이다이로,서울미디어코믹스(서울문화사),2026-01,5400,,890,512,2026-09-02T09:31:51+09:00
400909486,회각의 용사 2,회각의 용사,2,,,사토 타카아키,미우(대원씨아이),2026-08,5850,,430,513,2026-09-02T09:31:51+09:00
400856418,미와 씨 행세를 합니다 14,미와 씨 행세를 합니다,14,,,아오키 유헤이,대원씨아이(만화),2026-08,5850,,620,514,2026-09-02T09:31:51+09:00
366123624,스파이 패밀리 15,스파이 패밀리,15,,,엔도 타츠야,학산문화사(만화),2025-06,5400,9.9,15989,515,2026-09-02T09:31:51+09:00
385521459,체인소 맨 22,체인소 맨,22,,,후지모토 타츠키,학산문화사(만화),2026-02,5400,10.0,12993,516,2026-09-02T09:31:51+09:00
393239337,모모세 아키라의 첫사랑 파탄 중 5 (트리플 특전판),모모세 아키라의 첫사랑 파탄 중,5,트리플 특전판,- 스페셜 아크릴 일러스트 카드(1종) + 다양한 매력의 양면 일러스트 카드(2종),하레카와 신타,서울미디어코믹스(서울문화사),2026-05,6750,9.8,11010,517,2026-09-02T09:31:51+09:00
309862975,모 이야기,모 이야기,,,"- 숲속 모험, 2024 볼로냐 라가치상 오페라 프리마 스페셜 멘션, 2025 프랑스 소시에르상 수상작",최연주,엣눈북스(atnoonbooks),2023-02,19800,9.6,10507,518,2026-09-02T09:31:51+09:00
284699967,귀멸의 칼날 외전,귀멸의 칼날 외전,,,,히라노 료지,학산문화사(만화),2021-12,5400,9.8,10372,519,2026-09-02T09:31:51+09:00
312942363,타코피의 원죄 - 상,타코피의 원죄 - 상,,,,타이잔5,대원씨아이(만화),2023-03,5400,9.9,10305,520,2026-09-02T09:31:51+09:00
353133344,컬러 앤 라이트,컬러 앤 라이트,,,"- 사실적인 표현을 위한 빛과 색 그리는 법, 개정판",제임스 거니,잉크잼(잼스푼),2024-12,31500,10.0,9788,521,2026-09-02T09:31:51+09:00
283355505,사피엔스 : 그래픽 히스토리 Vol.2,사피엔스 : 그래픽 히스토리 Vol.2,,,- 문명의 기둥,,김영사,2021-11,17820,9.7,9713,522,2026-09-02T09:31:51+09:00
294677380,귀멸의 칼날 23,귀멸의 칼날,23,,- 완결,고토게 코요하루,학산문화사(만화),2021-04,5400,9.3,8339,523,2026-09-02T09:31:51+09:00
387160732,반딧불이의 혼례 9,반딧불이의 혼례,9,,,타치바나 오레코,서울미디어코믹스(서울문화사),2026-02,7650,9.7,8346,524,2026-09-02T09:31:51+09:00
383612098,타몬 군 지금 어느 쪽?! 11,타몬 군 지금 어느 쪽?!,11,,,시와스 유키,학산문화사(만화),2026-01,5400,10.0,7657,525,2026-09-02T09:31:51+09:00
303306489,망그러진 만화 1,망그러진 만화,1,,- 망그러진 곰과 햄터의 귀염뽀짝 일상다반사!,유랑,좋은생각,2022-11,15120,9.9,7271,526,2026-09-02T09:31:51+09:00
380080135,봇치·더·록! 외전 히로이 키쿠리의 과음일기 4,봇치·더·록! 외전 히로이 키쿠리의 과음일기,4,,,쿠미쵸,대원씨아이(만화),2025-12,8100,10.0,6371,527,2026-09-02T09:31:51+09:00
384927762,약사의 혼잣말 16,약사의 혼잣말,16,,- 카니발 플러스,휴우가 나츠,학산문화사(단행본),2026-01,8100,9.2,6096,528,2026-09-02T09:31:51+09:00
360411647,마루는 강쥐 6,마루는 강쥐,6,,,모죠,문페이스,2025-03,14400,,6089,529,2026-09-02T09:31:51+09:00
304252422,귀멸 학원! 2,귀멸 학원!,2,,,호카미 나츠키,학산문화사(만화),2022-11,5400,8.0,6159,530,2026-09-02T09:31:51+09:00
67153695,기븐 1,기븐,1,,- 뉴 루비코믹스 1740,키즈 나츠키,현대지능개발사,2015-09,4950,9.2,5711,531,2026-09-02T09:31:51+09:00
365659712,타워 던전 1,타워 던전,1,,,니헤이 츠토무,학산문화사(만화),2025-06,6300,9.6,5693,532,2026-09-02T09:31:51+09:00
351000171,반딧불이의 혼례 4,반딧불이의 혼례,4,,,타치바나 오레코,서울미디어코믹스(서울문화사),2024-10,7650,9.8,5258,533,2026-09-02T09:31:51+09:00
398728413,마법소녀를 동경해서 1~5 합본판,마법소녀를 동경해서 1~5 합본판,,,- 각권 초회 한정 일러스트 카드 각 1종씩 (총5종) + 각 권 선착순 더블 특전 SD스티커 각 1종씩(총5종) + PET스탠드 + 컵코스터 + 일러스트 카드 + 별도 박스 포장,오노나카 아키히로,대원씨아이(만화),2026-07,33750,,5095,534,2026-09-02T09:31:51+09:00
314077334,헌터x헌터 HunterXHunter 신장판 4,헌터x헌터 HunterXHunter 신장판,4,,,토가시 요시히로,학산문화사(만화),2013-08,5400,,5018,535,2026-09-02T09:31:51+09:00
373271203,마루는 강쥐 8,마루는 강쥐,8,,,모죠,문페이스,2025-10,14400,,4529,536,2026-09-02T09:31:51+09:00
398418968,황천의 츠가이 11 (특별판),황천의 츠가이,11,특별판,- 초판부록 2종 + 패키지 박스 + 운명의 쌍둥이 아크릴 스탠드 2종 + 팬던트 아크릴 참 키링 1종+ 시그니처 포토카드 1종 + 빅 캔배지 1종 + 홀로그램 카드 2종,아라카와 히로무,대원씨아이(만화),2026-07,25650,10.0,4745,537,2026-09-02T09:31:51+09:00
395809429,비실비실 선생님 14,비실비실 선생님,14,,,후쿠치 카미오,대원씨아이(만화),2026-06,5850,,4340,538,2026-09-02T09:31:51+09:00
384180355,단다단 18,단다단,18,,,타츠 유키노부,대원씨아이(만화),2026-01,5400,9.6,4323,539,2026-09-02T09:31:51+09:00
395357833,전생했더니 슬라임이었던 건에 대하여 23,전생했더니 슬라임이었던 건에 대하여,23,,"- S Novel+, 완결 / 초판 한정 책갈피, 양면커버",후세,㈜소미미디어,2026-06,12600,,4485,540,2026-09-02T09:31:51+09:00
396455881,시온 군이 말하는 대로 1,시온 군이 말하는 대로,1,,,Neko Inukai,서울미디어코믹스(서울문화사),2026-06,5850,,4260,541,2026-09-02T09:31:51+09:00
337105332,Veil 1,Veil,1,,"- S코믹스, JAPAN EXPO 최우수작화상, 최우수장정상 수상",코테리,㈜소미미디어,2024-04,11520,9.2,4263,542,2026-09-02T09:31:51+09:00
281358410,원피스 1,원피스,1,,- 동터오는 모험시대,오다 에이치로,대원씨아이(만화),2008-03,4950,10.0,4349,543,2026-09-02T09:31:51+09:00
86997362,용의 학교는 산 위에,용의 학교는 산 위에,,,"- 쿠이 료코 작품집, S코믹스",쿠이 료코,㈜소미미디어,2016-07,8550,9.4,3925,544,2026-09-02T09:31:51+09:00
293068139,기븐 7,기븐,7,,- 뉴 루비코믹스 2755,키즈 나츠키,현대지능개발사,2022-04,5400,9.8,3947,545,2026-09-02T09:31:51+09:00
390940611,이로하의 글이 이끄는 -눈 녹는 길-,이로하의 글이 이끄는 -눈 녹는 길-,,,,하나모리,시플리,2026-04,6300,9.1,3868,546,2026-09-02T09:31:51+09:00
393715017,노아 선배는 친구 9,노아 선배는 친구,9,,- 초판특전 : 포토카드 2종 세트,아키야마 엔마,서울미디어코믹스(서울문화사),2026-05,5850,9.5,3670,547,2026-09-02T09:31:51+09:00
7633452,오란고교 호스트부 Fanbook,오란고교 호스트부 Fanbook,,,- 콩닥♥두근☆공략 대작전,하토리 비스코,학산문화사(만화),2010-08,6300,9.8,3845,548,2026-09-02T09:31:51+09:00
290233284,하이큐!! 42,하이큐!!,42,,- 무엇,후루다테 하루이치,대원씨아이(만화),2020-07,4950,,3791,549,2026-09-02T09:31:51+09:00
366528002,메이드 인 어비스 13,메이드 인 어비스,13,,,츠쿠시 아키히토,미우(대원씨아이),2025-06,7200,9.2,3769,550,2026-09-02T09:31:51+09:00
300919153,헌터x헌터 HunterXHunter 신장판 14,헌터x헌터 HunterXHunter 신장판,14,,,토가시 요시히로,학산문화사(만화),2014-12,5400,,3608,551,2026-09-02T09:31:51+09:00
322441152,꿈빛 파티시엘 신장판 3,꿈빛 파티시엘 신장판,3,,,마츠모토 나츠미,대원씨아이(만화),2023-08,5400,,3612,552,2026-09-02T09:31:51+09:00
394015605,나나 NANA 완전판 9,나나 NANA 완전판,9,,"- 초판 한정: PP엽서 1종, 포토카드 1종",야자와 아이,학산문화사(만화),2026-05,10800,,3445,553,2026-09-02T09:31:51+09:00
298280366,헌터x헌터 HunterXHunter 신장판 24,헌터x헌터 HunterXHunter 신장판,24,,,토가시 요시히로,학산문화사(만화),2016-06,5400,,3490,554,2026-09-02T09:31:51+09:00
384923404,이세계 삼촌 13,이세계 삼촌,13,,- 픽시하우스,호톤도신데이루,데이즈엔터(주),2026-02,7200,,3473,555,2026-09-02T09:31:51+09:00
298280697,헌터x헌터 HunterXHunter 신장판 23,헌터x헌터 HunterXHunter 신장판,23,,,토가시 요시히로,학산문화사(만화),2016-05,5400,,3390,556,2026-09-02T09:31:51+09:00
301058824,헌터x헌터 HunterXHunter 신장판 29,헌터x헌터 HunterXHunter 신장판,29,,,토가시 요시히로,학산문화사(만화),2017-01,5400,,3460,557,2026-09-02T09:31:51+09:00
314918984,헌터x헌터 HunterXHunter 신장판 28,헌터x헌터 HunterXHunter 신장판,28,,,토가시 요시히로,학산문화사(만화),2016-12,5400,,3407,558,2026-09-02T09:31:51+09:00
365413873,팔견전 21,팔견전,21,,"- 동방팔견이문, S코믹스",아베 미유키,㈜소미미디어,2025-06,5400,10.0,3321,559,2026-09-02T09:31:51+09:00
370424575,사카모토 데이즈 22,사카모토 데이즈,22,,- 텐큐vs신,스즈키 유우토,대원씨아이(만화),2025-08,5850,,3313,560,2026-09-02T09:31:51+09:00
298051313,헌터x헌터 HunterXHunter 신장판 26,헌터x헌터 HunterXHunter 신장판,26,,,토가시 요시히로,학산문화사(만화),2016-08,5400,,3341,561,2026-09-02T09:31:51+09:00
392471811,전생했더니 슬라임이었던 건에 대하여 30,전생했더니 슬라임이었던 건에 대하여,30,,- S코믹스,카와카미 타이키,㈜소미미디어,2026-05,6300,10.0,3160,562,2026-09-02T09:31:51+09:00
356090755,그리고 마녀는 숲으로 갔다 2,그리고 마녀는 숲으로 갔다,2,,- 완결,산호,고블,2025-02,21600,9.9,3254,563,2026-09-02T09:31:51+09:00
299654606,하이큐!! 41,하이큐!!,41,,- 작은 거인 VS,후루다테 하루이치,대원씨아이(만화),2020-04,4950,,3056,564,2026-09-02T09:31:51+09:00
396377705,블루 피리어드 5,블루 피리어드,5,,- 시프트코믹스,야마구치 츠바사,YNK MEDIA(만화),2026-06,5400,,3110,565,2026-09-02T09:31:51+09:00
398906133,벨 푸페의 슈퍼달링 약혼 2,벨 푸페의 슈퍼달링 약혼,2,,- 코믹,셀렌,학산문화사(만화),2026-07,6300,,2930,566,2026-09-02T09:31:51+09:00
301917562,오란고교 호스트부 1,오란고교 호스트부,1,,,하토리 비스코,학산문화사(만화),2004-02,5400,8.0,3143,567,2026-09-02T09:31:51+09:00
400225649,인생 역전 3,인생 역전,3,,- S Novel,D,㈜소미미디어,2026-08,7650,,2890,568,2026-09-02T09:31:51+09:00
397592282,아오이 군의 음담패설은 참을 수 없어!! 2,아오이 군의 음담패설은 참을 수 없어!!,2,,,mmk,학산문화사(만화),2026-07,6300,,2955,569,2026-09-02T09:31:51+09:00
393514967,아름다운 인체 그리기 레슨,아름다운 인체 그리기 레슨,,,,후지타쿠,한즈미디어(한스미디어),2026-05,16200,9.7,3095,570,2026-09-02T09:31:51+09:00
344711200,명탐정 코난 105 (특장판),명탐정 코난,105,특장판,- 초기 설정집 노트 + 아크릴 스탠드(PET) + 스티커 2종,아오야마 고쇼,서울미디어코믹스(서울문화사),2024-08,9000,10.0,2930,571,2026-09-02T09:31:51+09:00
393696313,창천항로 애장판 1,창천항로 애장판,1,,,킹곤타,대원씨아이(만화),2026-05,16200,6.4,2675,572,2026-09-02T09:31:51+09:00
399291548,새내기 4,새내기,4,,,혁대,블루픽,2026-07,14220,10.0,3115,573,2026-09-02T09:31:51+09:00
301917787,오란고교 호스트부 2,오란고교 호스트부,2,,,하토리 비스코,학산문화사(만화),2004-05,5400,,2678,574,2026-09-02T09:31:51+09:00
387039298,이거 그리고 죽어 7,이거 그리고 죽어,7,,,토요다 미노루,대원씨아이(만화),2026-02,5400,9.4,2623,575,2026-09-02T09:31:51+09:00
399973609,켄투리아 6,켄투리아,6,,,쿠라모리 토오루,학산문화사(만화),2026-08,5400,10.0,2660,576,2026-09-02T09:31:51+09:00
378966916,드래곤볼 완전판 가이드북 LANDMARK,드래곤볼 완전판 가이드북 LANDMARK,,,,토리야마 아키라,서울미디어코믹스(서울문화사),2025-11,12600,10.0,2638,577,2026-09-02T09:31:51+09:00
384344658,네가 죽을 때까지 사랑하고 싶어 8,네가 죽을 때까지 사랑하고 싶어,8,,,나치 아오노,학산문화사(만화),2026-01,5400,9.9,2560,578,2026-09-02T09:31:51+09:00
396593327,일본삼국 7,일본삼국,7,,,마쓰키 잇카,재담,2026-06,7200,10.0,2395,579,2026-09-02T09:31:51+09:00
400547758,코믹 어둠의 실력자가 되고 싶어서! 15,코믹 어둠의 실력자가 되고 싶어서!,15,,- J Comic,사카노 안리,서울미디어코믹스(서울문화사),2026-08,4500,10.0,2170,580,2026-09-02T09:31:51+09:00
333689768,건방진 그 녀석 1,건방진 그 녀석,1,,,미츠바치 미유키,학산문화사(만화),2016-03,5400,10.0,2347,581,2026-09-02T09:31:51+09:00
323998705,먼작귀 4,먼작귀,4,,- 먼가 작고 귀여운 녀석,나가노,미우(대원씨아이),2023-09,10800,9.8,2233,582,2026-09-02T09:31:51+09:00
398326987,소드 오라토리아 16,소드 오라토리아,16,,"- 던전에서 만남을 추구하면 안 되는 걸까 외전, S Novel",오모리 후지노,㈜소미미디어,2026-07,10800,,2290,583,2026-09-02T09:31:51+09:00
400225603,고교 시절에 거만했던 여왕님과의 동거 생활은 의외로 나쁘지 않다 1,고교 시절에 거만했던 여왕님과의 동거 생활은 의외로 나쁘지 않다,1,,- S Novel,미소네타 도자에몽,㈜소미미디어,2026-08,7650,,2190,584,2026-09-02T09:31:51+09:00
400001881,무서운 책 6,무서운 책,6,,- 괴물,우메즈 카즈오,AK(에이케이)커뮤니케이션즈,2026-08,9000,,2160,585,2026-09-02T09:31:51+09:00
400225413,쪼그맣고 커다랗고 귀여운 나나세를 착각 전남친한테서 빼앗아 행복하게 한다 3,쪼그맣고 커다랗고 귀여운 나나세를 착각 전남친한테서 빼앗아 행복하게 한다,3,,- S Novel,카라스마 에이,㈜소미미디어,2026-08,7650,,1850,586,2026-09-02T09:31:51+09:00
339953506,방과 후 소년 하나코 군 2,방과 후 소년 하나코 군,2,,,아이다이로,서울미디어코믹스(서울문화사),2024-05,5400,,2603,587,2026-09-02T09:31:51+09:00
399381805,격기 3반 18,격기 3반,18,,- 남일고등학교 격투기 특기반,이학,대원씨아이(만화),2026-07,4950,10.0,2095,588,2026-09-02T09:31:51+09:00
335854597,얼굴만으론 좋아할 수 없어요 9,얼굴만으론 좋아할 수 없어요,9,,,안자이 카린,서울미디어코믹스(서울문화사),2024-03,5400,10.0,1854,589,2026-09-02T09:31:51+09:00
318446151,네가 죽을 때까지 사랑하고 싶어 3,네가 죽을 때까지 사랑하고 싶어,3,,,나치 아오노,학산문화사(만화),2021-05,5400,,1847,590,2026-09-02T09:31:51+09:00
385522632,절대 BL이 되는 세계 & 절대 BL이 되지 않는 고교 생활 1,절대 BL이 되는 세계 & 절대 BL이 되지 않는 고교 생활,1,,,콘키치,학산문화사(만화),2026-02,7200,9.1,1845,591,2026-09-02T09:31:51+09:00
400001064,피토스포룸 두 번째 잎,피토스포룸 두 번째 잎,,,,미카미 시노,인디고,2026-08,6300,10.0,1910,592,2026-09-02T09:31:51+09:00
397222553,데포르메 세계 그리는 법,데포르메 세계 그리는 법,,,,시마리스 유키치,잉크잼(잼스푼),2026-07,19800,,1890,593,2026-09-02T09:31:51+09:00
391289012,재혼황후 10,재혼황후,10,,- 만화,히어리,영컴(YOUNG COM),2026-03,14400,,1545,594,2026-09-02T09:31:51+09:00
400364294,이기적 연애론 3,이기적 연애론,3,,,교교박,다산코믹스,2026-08,16020,,1570,595,2026-09-02T09:31:51+09:00
394588521,풀 나이트 4,풀 나이트,4,,- S코믹스,야스다 카스미,㈜소미미디어,2026-06,6300,10.0,1635,596,2026-09-02T09:31:51+09:00
398811243,힛 미 하드 1 (특별판),힛 미 하드,1,특별판,- 패키지 박스 + 엽서 1종 + 렌티큘러 엽서 1종 + 포토카드 3종 + 아크릴 스탠드 1종 + 멀티 클리너 1종,,다산코믹스,2026-07,34200,10.0,1490,597,2026-09-02T09:31:51+09:00
396091175,향기로운 꽃은 늠름하게 핀다 14,향기로운 꽃은 늠름하게 핀다,14,,,미카미 사카,대원씨아이(만화),2026-06,6300,,1545,598,2026-09-02T09:31:51+09:00
375536744,풀 나이트 3,풀 나이트,3,,- S코믹스,야스다 카스미,㈜소미미디어,2025-11,5400,10.0,1428,599,2026-09-02T09:31:51+09:00
400258397,세월이 흘러 다리로 간다 12,세월이 흘러 다리로 간다,12,,,히다카 쇼코,서울미디어코믹스(서울문화사),2026-08,6300,10.0,1300,600,2026-09-02T09:31:51+09:00
400006756,녹는 눈과 아가판서스 1,녹는 눈과 아가판서스,1,,- 코믹 레인 / 초판한정 특별부록 : 띠지+일러스트 카드,나우치,미스터블루,2026-08,7200,,1150,601,2026-09-02T09:31:51+09:00
400543500,"아리스, 우주까지도 4","아리스, 우주까지도",4,,,우리노 키코,대원씨아이(만화),2026-08,6300,,1130,602,2026-09-02T09:31:51+09:00
400311351,뇌를 바꾸려는 사람들,뇌를 바꾸려는 사람들,,,"- 프랑켄슈타인에서 현대 신경기술까지, 뇌과학으로 만나는 신경윤리의 질문들",류영준,어크로스,2026-08,19800,9.7,1180,603,2026-09-02T09:31:51+09:00
399046041,꿀과 극약 1,꿀과 극약,1,,,사쿠라노코우지 카노코,대원씨아이(만화),2026-07,5400,10.0,1050,604,2026-09-02T09:31:51+09:00
400556285,꿈자리가 이상한데요?! 외전 (한정판),꿈자리가 이상한데요?! 외전,,한정판,"- 구성: 도서, SD 판 스티커, 작가 선화 및 사인 인쇄, 아크릴 누들 스토퍼, 네컷사진, 증명사진 세트, 포토카드 2종, 폴라로이드 2종",흰귀,북극여우,2026-10,39600,,950,605,2026-09-02T09:31:51+09:00
400662198,오늘부터 시작하는 소꿉친구 9,오늘부터 시작하는 소꿉친구,9,,,Midori Obiya,서울미디어코믹스(서울문화사),2026-08,5400,,870,606,2026-09-02T09:31:51+09:00
400734025,건강하고 문화적인 최저한도의 생활 12,건강하고 문화적인 최저한도의 생활,12,,,가시와기 하루코,문학동네,2026-08,8820,,800,607,2026-09-02T09:31:51+09:00
400652846,트릴리온 게임 10,트릴리온 게임,10,,- 시프트코믹스,이케가미 료이치,YNK MEDIA(만화),2026-08,5400,10.0,850,608,2026-09-02T09:31:51+09:00
400653955,마왕과 용사의 사랑의 도피 바캉스 (더블 특전판),마왕과 용사의 사랑의 도피 바캉스,,더블 특전판,"- 솔트 코믹스, 초판 더블 특전 : 만화 1P 페이퍼, 일러스트 카드 1종",바세우,YNK MEDIA(만화),2026-08,5850,,800,609,2026-09-02T09:31:51+09:00
400662089,바키도 11,바키도,11,,,이타가키 케이스케,서울미디어코믹스(서울문화사),2026-08,5400,10.0,900,610,2026-09-02T09:31:51+09:00
317300306,못 미더운 악녀입니다만 : ~추궁접서 교체전~ 3,못 미더운 악녀입니다만 : ~추궁접서 교체전~,3,,,EI Ohitsuji,서울미디어코믹스(서울문화사),2023-05,6300,10.0,790,611,2026-09-02T09:31:51+09:00
400649438,주인공은 될 수 없지만,주인공은 될 수 없지만,,,,모모코 스이카,레어블(Rareble),2026-08,6930,,660,612,2026-09-02T09:31:51+09:00
400313885,타베모노로그,타베모노로그,,,,JIU,재담,2026-08,14400,,940,613,2026-09-02T09:31:51+09:00
400856416,벼랑 끝의 영애는 흑기사님을 반하게 하고 싶어 1,벼랑 끝의 영애는 흑기사님을 반하게 하고 싶어,1,,,스오우,대원씨아이(만화),2026-08,5850,,460,614,2026-09-02T09:31:51+09:00
400649530,친구 여동생이 나한테만 짜증나게 군다 9,친구 여동생이 나한테만 짜증나게 군다,9,,- SL Comic,히라오카 히라,디앤씨미디어(주)(D&C미디어),2026-08,6300,,560,615,2026-09-02T09:31:51+09:00
400557793,공각기동대 -HUMAN ERROR PROCESSER-,공각기동대 -HUMAN ERROR PROCESSER-,,,,시로 마사무네,대원씨아이(만화),2026-08,12600,,580,616,2026-09-02T09:31:51+09:00
400224787,전생했더니 검이었습니다 Another Wish 5,전생했더니 검이었습니다 Another Wish,5,,- S코믹스,이노우에 히나코,㈜소미미디어,2026-08,6300,,490,617,2026-09-02T09:31:51+09:00
400707987,순애 러브하울링,순애 러브하울링,,,- B愛+751,시에로,대원씨아이(만화),2026-08,5850,,470,618,2026-09-02T09:31:51+09:00
361704320,여학교의 별 4,여학교의 별,4,,,와야마 야마,문학동네,2025-03,7650,9.8,28591,619,2026-09-02T09:31:51+09:00
399067587,매거진 조이 Vol.3 : 가비지타임,매거진 조이 Vol.3 : 가비지타임,,,- 초판 한정 : 히든카드/ 상시 특별 부록: 접지 포스터 + 북마크 4종,2사장,다산코믹스,2026-07,22500,10.0,14275,620,2026-09-02T09:31:51+09:00
355678823,원피스 110,원피스,110,,- 시대의 일렁임,오다 에이치로,대원씨아이(만화),2025-01,5400,9.9,14169,621,2026-09-02T09:31:51+09:00
366700348,신부이야기 15,신부이야기,15,,,모리 카오루,대원씨아이(만화),2025-06,7200,9.4,10502,622,2026-09-02T09:31:51+09:00
370794176,캐릭캐릭 체인지! Jewel Joker 주얼 조커 1,캐릭캐릭 체인지! Jewel Joker 주얼 조커,1,,,PEACH-PIT,서울미디어코믹스(서울문화사),2025-08,5850,10.0,10744,623,2026-09-02T09:31:51+09:00
312942437,타코피의 원죄 - 하,타코피의 원죄 - 하,,,,타이잔5,대원씨아이(만화),2023-03,5400,8.8,9943,624,2026-09-02T09:31:51+09:00
382046167,캐릭캐릭 체인지! Jewel Joker 주얼 조커 2,캐릭캐릭 체인지! Jewel Joker 주얼 조커,2,,,PEACH-PIT,서울미디어코믹스(서울문화사),2025-12,5850,9.8,9488,625,2026-09-02T09:31:51+09:00
215083221,스파이 패밀리 1,스파이 패밀리,1,,,엔도 타츠야,학산문화사(만화),2019-11,5400,9.7,9479,626,2026-09-02T09:31:51+09:00
2308089,만화의 이해,만화의 이해,,,,스콧 맥클라우드,비즈앤비즈,2008-07,17100,9.8,9113,627,2026-09-02T09:31:51+09:00
358910532,명탐정 코난 106,명탐정 코난,106,,,아오야마 고쇼,서울미디어코믹스(서울문화사),2025-02,5400,10.0,8857,628,2026-09-02T09:31:51+09:00
363873557,찍히지 않습니다 1,찍히지 않습니다,1,,- S코믹스,코노시마 루카,㈜소미미디어,2025-05,5850,9.8,8926,629,2026-09-02T09:31:51+09:00
376257892,그 비스크 돌은 사랑을 한다 15,그 비스크 돌은 사랑을 한다,15,,- S코믹스,후쿠다 신이치,㈜소미미디어,2025-11,5400,9.4,8710,630,2026-09-02T09:31:51+09:00
378768331,모모세 아키라의 첫사랑 파탄 중 2 (트리플 특전판),모모세 아키라의 첫사랑 파탄 중,2,트리플 특전판,- 홀로그램 일러스트 카드(1종) + 반전 매력의 양면 일러스트 카드(2종),하레카와 신타,서울미디어코믹스(서울문화사),2025-11,6750,10.0,8061,631,2026-09-02T09:31:51+09:00
395358108,찍히지 않습니다 6,찍히지 않습니다,6,,"- S코믹스 /초판 한정 일러스트 카드, 폴라로이드 사진풍 카드 2종",코노시마 루카,㈜소미미디어,2026-06,6300,10.0,8030,632,2026-09-02T09:31:51+09:00
295225480,귀멸의 칼날 22,귀멸의 칼날,22,,,고토게 코요하루,학산문화사(만화),2021-01,5400,,7716,633,2026-09-02T09:31:51+09:00
286833118,장송의 프리렌 4,장송의 프리렌,4,,,야마다 카네히토,학산문화사(만화),2022-01,5400,9.3,7434,634,2026-09-02T09:31:51+09:00
301706355,주술회전 1,주술회전,1,,,아쿠타미 게게,서울미디어코믹스(서울문화사),2019-03,5400,4.0,7355,635,2026-09-02T09:31:51+09:00
395268985,괴수 8호 RELAX 4,괴수 8호 RELAX,4,,"- 초판 한정: 홀로그램 일러스트 카드, 방위대 4컷 포토카드",,서울미디어코믹스(서울문화사),2026-06,5400,8.0,7470,636,2026-09-02T09:31:51+09:00
390689243,찍히지 않습니다 5,찍히지 않습니다,5,,"- S코믹스 /초판 한정 일러스트 카드, 폴라로이드 사진풍 카드 2종, PET 책갈피",코노시마 루카,㈜소미미디어,2026-04,5850,9.8,7241,637,2026-09-02T09:31:51+09:00
301706807,주술회전 4,주술회전,4,,,아쿠타미 게게,서울미디어코믹스(서울문화사),2019-05,5400,,6773,638,2026-09-02T09:31:51+09:00
384668324,어린이 탐구 생활,어린이 탐구 생활,,,,이다,창비,2026-01,15120,9.9,6801,639,2026-09-02T09:31:51+09:00
338121617,너와 장밋빛 매일 1,너와 장밋빛 매일,1,,,히로 치히로,서울미디어코믹스(서울문화사),2024-04,5400,9.9,6671,640,2026-09-02T09:31:51+09:00
392519237,길고양이와 늑대 6,길고양이와 늑대,6,,,미츠바치 미유키,학산문화사(만화),2026-05,5400,9.9,6645,641,2026-09-02T09:31:51+09:00
370615925,향기로운 꽃은 늠름하게 핀다 15,향기로운 꽃은 늠름하게 핀다,15,,,미카미 사카,대원씨아이(만화),2025-08,5400,,6455,642,2026-09-02T09:31:51+09:00
398903862,보이시한 여자친구가 너무 귀여워 5 (특장판),보이시한 여자친구가 너무 귀여워,5,특장판,- 특장판 구성: 단행본 + 48P 소책자 + 초판특전 폴라로이드 사진 + 초판 특전 카메라 렌즈 속 투샷 사진,규뉴무기고항,서울미디어코믹스(서울문화사),2026-07,10800,,5955,643,2026-09-02T09:31:51+09:00
398197212,비실비실 선생님 15 (특별판),비실비실 선생님,15,특별판,- 패키지 박스 + 초판한정 일러스트 폴라로이드 카드 1종 + 캐릭터 아크릴 스탠드 1종 + 아크릴 키링 2종 + 포토카드 4종 + 미니포스터 1종,후쿠치 카미오,대원씨아이(만화),2026-07,27000,,5865,644,2026-09-02T09:31:51+09:00
328897066,귀멸 학원! 4,귀멸 학원!,4,,,호카미 나츠키,학산문화사(만화),2023-11,5400,10.0,5760,645,2026-09-02T09:31:51+09:00
395999849,이다의 날마다 자연관찰,이다의 날마다 자연관찰,,,- 어린이를 위한 자연관찰 그림일기,이다,보리,2026-06,16650,10.0,5660,646,2026-09-02T09:31:51+09:00
375158873,봄의 폭풍과 몬스터 7,봄의 폭풍과 몬스터,7,,,미츠바치 미유키,학산문화사(만화),2025-10,5400,9.6,5743,647,2026-09-02T09:31:51+09:00
335717444,GACHIAKUTA 1,GACHIAKUTA,1,,,케이 우라나,학산문화사(만화),2024-03,5400,10.0,5638,648,2026-09-02T09:31:51+09:00
226966203,그 비스크 돌은 사랑을 한다 2,그 비스크 돌은 사랑을 한다,2,,- S코믹스,후쿠다 신이치,㈜소미미디어,2020-01,6300,9.0,5413,649,2026-09-02T09:31:51+09:00
397362768,가끔씩 툭하고 러시아어로 부끄러워하는 옆자리의 아랴 양 11,가끔씩 툭하고 러시아어로 부끄러워하는 옆자리의 아랴 양,11,,"- L Novel /초판 한정 특전 : 띠지, 책갈피, 양면 표지, 폴라로이드 카드 1종",SUN SUN SUN,디앤씨미디어(주)(D&C미디어),2026-07,7650,,5475,650,2026-09-02T09:31:51+09:00
349201937,일러스트레이터를 위한 구도와 서사 마스터 가이드북 : COMPOSITION & NARRATIVE,일러스트레이터를 위한 구도와 서사 마스터 가이드북 : COMPOSITION & NARRATIVE,,,,3D토털 퍼블리싱,영진.com(영진닷컴),2024-10,28800,10.0,5148,651,2026-09-02T09:31:51+09:00
387582084,타워 던전 4,타워 던전,4,,,니헤이 츠토무,학산문화사(만화),2026-03,6300,10.0,5234,652,2026-09-02T09:31:51+09:00
397021676,완전 쓰레기인 와타라세인데 3 (특장판),완전 쓰레기인 와타라세인데,3,특장판,- 어나더 커버 + 아크릴 스탠드 + 스티커 3종 + 포토카드 6종 + 일러스트 카드 3종 + 별도 박스 포장,나카가와 파리,대원씨아이(만화),2026-06,28800,10.0,4810,653,2026-09-02T09:31:51+09:00
380811247,스킵 비트! 50,스킵 비트!,50,,,나카무라 요시키,시공사(만화),2025-12,5850,9.7,4906,654,2026-09-02T09:31:51+09:00
297863750,헌터x헌터 HunterXHunter 신장판 5,헌터x헌터 HunterXHunter 신장판,5,,,토가시 요시히로,학산문화사(만화),2013-10,5400,,5075,655,2026-09-02T09:31:51+09:00
280599653,지박소년 하나코 군 1,지박소년 하나코 군,1,,,아이다이로,서울미디어코믹스(서울문화사),2021-10,5400,10.0,5374,656,2026-09-02T09:31:51+09:00
294153055,헌터x헌터 HunterXHunter 신장판 7,헌터x헌터 HunterXHunter 신장판,7,,,토가시 요시히로,학산문화사(만화),2014-01,5400,,4834,657,2026-09-02T09:31:51+09:00
398199313,이번 생은 가주가 되겠습니다 2부 6 (특장판),이번 생은 가주가 되겠습니다 2부,6,특장판,- 만화 / 특장판 구성: 단행본 + 아크릴 스탠드 1종 + 책갈피 2종 + 엽서 5종 + 패키지 박스,앤트스튜디오,디앤씨웹툰비즈,2026-07,24300,,4610,658,2026-09-02T09:31:51+09:00
301714509,주술회전 16,주술회전,16,,- 시부야 사변 -폐문-,아쿠타미 게게,서울미디어코믹스(서울문화사),2021-08,5400,,4768,659,2026-09-02T09:31:51+09:00
377704735,봇치·더·록! 8,봇치·더·록!,8,,,하마지 아키,대원씨아이(만화),2025-11,8100,10.0,4583,660,2026-09-02T09:31:51+09:00
301714398,주술회전 14,주술회전,14,,- 시부야 사변 -이비-,아쿠타미 게게,서울미디어코믹스(서울문화사),2021-04,5400,,4319,661,2026-09-02T09:31:51+09:00
297902517,헌터x헌터 HunterXHunter 신장판 10,헌터x헌터 HunterXHunter 신장판,10,,,토가시 요시히로,학산문화사(만화),2014-04,5400,,4597,662,2026-09-02T09:31:51+09:00
135438370,기븐 4,기븐,4,,- 뉴 루비코믹스 2133,키즈 나츠키,현대지능개발사,2018-02,4950,8.7,4402,663,2026-09-02T09:31:51+09:00
386059133,나 혼자만 레벨업 : 라그나로크 2,나 혼자만 레벨업 : 라그나로크,2,,- 만화,,디앤씨웹툰비즈,2026-02,14400,7.0,4216,664,2026-09-02T09:31:51+09:00
295417935,지. : 지구의 운동에 대하여 1,지. : 지구의 운동에 대하여,1,,,우오토,문학동네,2022-05,7200,9.7,4310,665,2026-09-02T09:31:51+09:00
315823527,헌터x헌터 HunterXHunter 신장판 9,헌터x헌터 HunterXHunter 신장판,9,,,토가시 요시히로,학산문화사(만화),2014-04,5400,,4306,666,2026-09-02T09:31:51+09:00
379009893,내 마음의 위험한 녀석 12,내 마음의 위험한 녀석,12,,- S코믹스,사쿠라이 노리오,㈜소미미디어,2025-12,5400,9.0,4298,667,2026-09-02T09:31:51+09:00
314077483,헌터x헌터 HunterXHunter 신장판 8,헌터x헌터 HunterXHunter 신장판,8,,,토가시 요시히로,학산문화사(만화),2014-01,5400,,4465,668,2026-09-02T09:31:51+09:00
199996910,기븐 5,기븐,5,,- 뉴 루비코믹스 2350,키즈 나츠키,현대지능개발사,2019-07,5400,9.6,4244,669,2026-09-02T09:31:51+09:00
328754603,아름다운 초저녁달 6,아름다운 초저녁달,6,,,야마모리 미카,학산문화사(만화),2023-11,5400,9.9,4157,670,2026-09-02T09:31:51+09:00
322441091,꿈빛 파티시엘 신장판 1,꿈빛 파티시엘 신장판,1,,,마츠모토 나츠미,대원씨아이(만화),2023-08,5400,10.0,4184,671,2026-09-02T09:31:51+09:00
81953629,용의 귀여운 일곱 아이 : 쿠이 료코 작품집,용의 귀여운 일곱 아이 : 쿠이 료코 작품집,,,- S코믹스,쿠이 료코,㈜소미미디어,2016-04,6300,8.7,4092,672,2026-09-02T09:31:51+09:00
393717139,86 에이티식스 14,86 에이티식스,14,,"- Paint it Black, Novel Engine",아사토 아사토,데이즈엔터(주),2026-06,7200,10.0,4080,673,2026-09-02T09:31:51+09:00
387708220,블루 록 : Episode 나기 8,블루 록 : Episode 나기,8,,- 완결,산노미야 코타,학산문화사(만화),2026-03,5400,10.0,4213,674,2026-09-02T09:31:51+09:00
338430853,명탐정 코난 104 (특장판),명탐정 코난,104,특장판,- 아크릴 스탠드 + 극장판 '명탐정코난: 흑철의 어영' 그림 콘티북 + 어나더 커버,아오야마 고쇼,서울미디어코믹스(서울문화사),2024-04,9000,8.7,4055,675,2026-09-02T09:31:51+09:00
301714473,주술회전 15,주술회전,15,,- 시부야 사변 -변신-,아쿠타미 게게,서울미디어코믹스(서울문화사),2021-05,5400,,4048,676,2026-09-02T09:31:51+09:00
334819572,긴채널! : 은혼 공식 캐릭터북,긴채널! : 은혼 공식 캐릭터북,,,,소라치 히데아키,학산문화사(만화),2010-10,9000,,4146,677,2026-09-02T09:31:51+09:00
365816384,야쿠자 때문에 목욕탕에서 일하고 있습니다 1,야쿠자 때문에 목욕탕에서 일하고 있습니다,1,,- 루나 코믹스,타카시,㈜소미미디어,2025-06,5850,9.8,3970,678,2026-09-02T09:31:51+09:00
284923922,지박소년 하나코 군 13,지박소년 하나코 군,13,,,아이다이로,서울미디어코믹스(서울문화사),2021-12,5400,10.0,4010,679,2026-09-02T09:31:51+09:00
311936078,헌터x헌터 HunterXHunter 신장판 31,헌터x헌터 HunterXHunter 신장판,31,,,토가시 요시히로,학산문화사(만화),2013-10,5400,,3939,680,2026-09-02T09:31:51+09:00
389641283,황천의 츠가이 6,황천의 츠가이,6,,,아라카와 히로무,대원씨아이(만화),2024-08,5850,,3787,681,2026-09-02T09:31:51+09:00
294497749,오늘부터 신령님 1,오늘부터 신령님,1,,,스즈키 줄리에타,학산문화사(만화),2010-05,5400,10.0,4009,682,2026-09-02T09:31:51+09:00
366119898,나의 열두 살에게,나의 열두 살에게,,,,소복이,나무의말,2025-06,17820,9.5,3720,683,2026-09-02T09:31:51+09:00
399404721,오디세이아를 한 번도 안 읽어 볼 수는 없잖아,오디세이아를 한 번도 안 읽어 볼 수는 없잖아,,,,Team. StoryG,oldstairs(올드스테어즈),2026-07,21600,9.3,3515,684,2026-09-02T09:31:51+09:00
362015779,사카모토 데이즈 비기너즈 팩 Vol.2 : 4~6 합본 세트,사카모토 데이즈 비기너즈 팩 Vol.2 : 4~6 합본 세트,,,- 나구모 홀로그램 카드 1종 + 일러스트 포스트카드 3종,스즈키 유우토,대원씨아이(만화),2025-04,17550,10.0,3719,685,2026-09-02T09:31:51+09:00
316124839,운명의 사람을 만나는 이야기 1,운명의 사람을 만나는 이야기,1,,,아나신,학산문화사(만화),2023-06,5400,9.3,3576,686,2026-09-02T09:31:51+09:00
395444518,러브 불릿 1,러브 불릿,1,,- 초판 한정 부록: SD 캐릭터 스티커 1매 + 저자 사인 메시지 (면지 인쇄),inee,빗금,2026-06,8100,10.0,3530,687,2026-09-02T09:31:51+09:00
394124156,캐릭캐릭 체인지! Jewel Joker 주얼 조커 3 (특장판),캐릭캐릭 체인지! Jewel Joker 주얼 조커,3,특장판,- 슬리브 케이스 + 일러스트 엽서 5종 + 이쿠토&타다세 아크릴 블록 세트(일반판 초판 특전 미포함),PEACH-PIT,서울미디어코믹스(서울문화사),2026-05,36000,,3555,688,2026-09-02T09:31:51+09:00
387232919,노아 선배는 친구 8,노아 선배는 친구,8,,,아키야마 엔마,서울미디어코믹스(서울문화사),2026-02,5850,9.7,3376,689,2026-09-02T09:31:51+09:00
307010808,지. : 지구의 운동에 대하여 3,지. : 지구의 운동에 대하여,3,,,우오토,문학동네,2022-12,7200,9.5,3407,690,2026-09-02T09:31:51+09:00
378808440,블루 피리어드 1,블루 피리어드,1,,- 시프트코믹스,야마구치 츠바사,YNK MEDIA(만화),2025-11,5400,9.0,3363,691,2026-09-02T09:31:51+09:00
241030899,소녀종말여행 1~6 박스 세트 - 전6권 (엽서 세트 포함),소녀종말여행 1~6 박스 세트 - 전6권 (엽서 세트 포함),,,- 완결,츠쿠미즈,학산문화사(만화),2020-06,36000,9.6,3362,692,2026-09-02T09:31:51+09:00
294498008,블루 록 1,블루 록,1,,,노무라 유스케,학산문화사(만화),2020-11,5400,10.0,3276,693,2026-09-02T09:31:51+09:00
397015748,어떤 여름방학,어떤 여름방학,,,,궁리(박조은),휴머니스트,2026-06,19800,,3090,694,2026-09-02T09:31:51+09:00
374961203,팔견전 23,팔견전,23,,"- 동방팔견이문, S코믹스",아베 미유키,㈜소미미디어,2025-10,5400,10.0,3139,695,2026-09-02T09:31:51+09:00
369868343,팔견전 22,팔견전,22,,"- 동방팔견이문, S코믹스",아베 미유키,㈜소미미디어,2025-08,5400,10.0,3030,696,2026-09-02T09:31:51+09:00
398870503,더 죠죠랜즈 3 : 돈벌이할 시간,더 죠죠랜즈 3 : 돈벌이할 시간,,,- 죠죠의 기묘한 모험 Part 9,아라키 히로히코,문학동네,2026-07,7200,10.0,3050,697,2026-09-02T09:31:51+09:00
323116716,얼굴만으론 좋아할 수 없어요 1,얼굴만으론 좋아할 수 없어요,1,,,안자이 카린,서울미디어코믹스(서울문화사),2022-01,5400,7.0,2835,698,2026-09-02T09:31:51+09:00
397162930,만화 데뷔 못 하면 죽는 병 걸림 4,만화 데뷔 못 하면 죽는 병 걸림,4,,,소흔,파인툰,2026-10,15750,,2730,699,2026-09-02T09:31:51+09:00
345982331,흑무경담 1,흑무경담,1,,- S코믹스,토가와 요난,㈜소미미디어,2024-09,5400,8.6,2838,700,2026-09-02T09:31:51+09:00
355242244,흑무경담 2,흑무경담,2,,- S코믹스,토가와 요난,㈜소미미디어,2025-01,5400,9.7,2818,701,2026-09-02T09:31:51+09:00
385950289,마도정병의 슬레이브 19,마도정병의 슬레이브,19,,,타케무라 요헤이,대원씨아이(만화),2026-02,5400,10.0,2870,702,2026-09-02T09:31:51+09:00
399523141,정령환상기 28,정령환상기,28,,"- S Novel / 초판 한정 책갈피, 양면커버, 쇼트스토리 리플릿",키타야마 유리,㈜소미미디어,2026-08,8100,,2745,703,2026-09-02T09:31:51+09:00
333640950,먼작귀 5,먼작귀,5,,- 먼가 작고 귀여운 녀석,나가노,미우(대원씨아이),2024-02,10800,10.0,2616,704,2026-09-02T09:31:51+09:00
379189364,발화 1,발화,1,,,영재영,레진코믹스(레진엔터테인먼트),2025-12,14400,10.0,2630,705,2026-09-02T09:31:51+09:00
388562286,양 선배는 혼자서 살아갈 수 없어 1,양 선배는 혼자서 살아갈 수 없어,1,,,soon챠,대원씨아이(만화),2026-03,5850,,2871,706,2026-09-02T09:31:51+09:00
372904289,슬램덩크 오리지널 1~31 세트 - 전31권,슬램덩크 오리지널 1~31 세트 - 전31권,,,- 완결,이노우에 타케히코,대원씨아이(만화),2025-09,111600,,2707,707,2026-09-02T09:31:51+09:00
399056156,보이는 여고생 12,보이는 여고생,12,,- 픽시하우스,이즈미 토모키,데이즈엔터(주),2026-08,7200,,2500,708,2026-09-02T09:31:51+09:00
320691848,먼작귀 3,먼작귀,3,,- 먼가 작고 귀여운 녀석,나가노,미우(대원씨아이),2023-02,10800,,2622,709,2026-09-02T09:31:51+09:00
393007477,사토리×콤플렉스,사토리×콤플렉스,,,"- 초판 특전 : 양면 일러스트 카드, PET 북마크 스탠드",유히,리크,2026-05,6300,9.6,2580,710,2026-09-02T09:31:51+09:00
336556121,박시백의 고려사 1~5 세트 - 전5권,박시백의 고려사 1~5 세트 - 전5권,,,,박시백,휴머니스트,2024-03,66150,8.0,2555,711,2026-09-02T09:31:51+09:00
369563161,타몬 군 지금 어느 쪽?! 10,타몬 군 지금 어느 쪽?!,10,,,시와스 유키,학산문화사(만화),2025-08,5400,,2668,712,2026-09-02T09:31:51+09:00
395477416,타로의 얼렁뚱땅 1,타로의 얼렁뚱땅,1,,,야츠미 츠무,서울미디어코믹스(서울문화사),2026-06,5850,10.0,2950,713,2026-09-02T09:31:51+09:00
370798859,할렐루야 베이비 1,할렐루야 베이비,1,,,코지마 라라,AK(에이케이)커뮤니케이션즈,2025-08,5850,10.0,2615,714,2026-09-02T09:31:51+09:00
400000607,빠져든 침대에서 천사의 자는 얼굴을 보고 싶을 뿐,빠져든 침대에서 천사의 자는 얼굴을 보고 싶을 뿐,,,- #둘이서 저지른 비밀의 교칙 위반,우에스 테츠토,AK(에이케이)커뮤니케이션즈,2026-08,10800,,2640,715,2026-09-02T09:31:51+09:00
396136941,세레나 9,세레나,9,,"- 초판 한정 부록 : 일러스트 엽서 1종, 면지에 작가님 친필 사인(인쇄본)",정이나,네이버웹툰,2026-07,14400,,2490,716,2026-09-02T09:31:51+09:00
238301861,마스터 키튼 완전판 1~12 세트 - 전12권 (완결),마스터 키튼 완전판 1~12 세트 - 전12권 (완결),,,,,대원씨아이(만화),2012-05,84680,10.0,2706,717,2026-09-02T09:31:51+09:00
369056766,사카모토 데이즈 21,사카모토 데이즈,21,,- 오늘의 운세,스즈키 유우토,대원씨아이(만화),2025-07,5850,,2547,718,2026-09-02T09:31:51+09:00
383277748,장르를 바꿔보도록 하겠습니다 9 (특별판),장르를 바꿔보도록 하겠습니다,9,특별판,- 라스트 레터 1종 + 인생 필름 3종 + 렌티큘러 카드 3종,가린,연담,2026-03,21150,,2422,719,2026-09-02T09:31:51+09:00
86893672,이토준지 자선 걸작집,이토준지 자선 걸작집,,,,이토 준지,미우(대원씨아이),2016-07,12600,8.6,2379,720,2026-09-02T09:31:51+09:00
101106033,스파이더맨 / 데드풀 VOL. 1 : 브로맨틱하지 않나요?,스파이더맨 / 데드풀 VOL. 1 : 브로맨틱하지 않나요?,,,,조 켈리,시공사(만화),2017-01,10800,6.0,2490,721,2026-09-02T09:31:51+09:00
395945174,너와 우주를 걷기 위하여 5,너와 우주를 걷기 위하여,5,,,도로노다 이누히코,학산문화사(만화),2026-06,5400,9.7,2265,722,2026-09-02T09:31:51+09:00
399541020,클레바테스 10,클레바테스,10,,,이와하라 유지,오팬스코믹,2026-07,6300,,2165,723,2026-09-02T09:31:51+09:00
374878126,사카모토 데이즈 23,사카모토 데이즈,23,,- 신생살연,스즈키 유우토,대원씨아이(만화),2025-10,5850,,2172,724,2026-09-02T09:31:51+09:00
323998644,먼작귀 4 (콩알도감 포함 특별판),먼작귀,4,콩알도감 포함 특별판,- 먼가 작고 귀여운 녀석,나가노,미우(대원씨아이),2023-09,21600,6.7,2192,725,2026-09-02T09:31:51+09:00
349368452,악마에 입문했습니다! 이루마 군 : if Episode of 마피아 2,악마에 입문했습니다! 이루마 군 : if Episode of 마피아,2,,,니시 오사무,서울미디어코믹스(서울문화사),2024-10,5850,9.6,2256,726,2026-09-02T09:31:51+09:00
397021977,리:블루 6,리:블루,6,,,카세 마츠리,대원씨아이(만화),2026-06,5850,9.9,2195,727,2026-09-02T09:31:51+09:00
397222848,반장으로서의 책임과 의무 7,반장으로서의 책임과 의무,7,,- 그래도 우리는,수신지,귤프레스,2026-06,13500,10.0,2030,728,2026-09-02T09:31:51+09:00
395531072,장송의 프리렌 13,장송의 프리렌,13,,,야마다 카네히토,학산문화사(만화),2024-12,6300,,2200,729,2026-09-02T09:31:51+09:00
389001364,디그 잇 1,디그 잇,1,,,Yoshidamaru,학산문화사(만화),2026-04,6300,8.0,2000,730,2026-09-02T09:31:51+09:00
399390376,"가까이 와줘, 스피카 1 (특장판)","가까이 와줘, 스피카",1,특장판,- 단행본 + 아크릴 스탠드 + 인화사진 2종 + 일러스트 카드 + 별도 박스 포장,fuyu,대원씨아이(만화),2026-07,18000,10.0,1955,731,2026-09-02T09:31:51+09:00
301396135,오란고교 호스트부 8,오란고교 호스트부,8,,,하토리 비스코,학산문화사(만화),2011-01,5400,,2074,732,2026-09-02T09:31:51+09:00
308287261,네가 죽을 때까지 사랑하고 싶어 5,네가 죽을 때까지 사랑하고 싶어,5,,,나치 아오노,학산문화사(만화),2023-01,5400,10.0,1935,733,2026-09-02T09:31:51+09:00
399056149,제도성배기담 Fate/type Redline 6,제도성배기담 Fate/type Redline,6,,- 노엔 코믹스 / 초판한정 특별부록 : 일러스트 카드 + 띠지,히라노 료지,데이즈엔터(주),2026-08,7200,10.0,2110,734,2026-09-02T09:31:51+09:00
398951543,이상한 집 6,이상한 집,6,,,아야노 교,리드비,2026-07,7650,,2005,735,2026-09-02T09:31:51+09:00
325418441,먼작귀 2,먼작귀,2,,- 먼가 작고 귀여운 녀석,나가노,미우(대원씨아이),2022-08,10800,,1977,736,2026-09-02T09:31:51+09:00
399953662,히마텐! 4,히마텐!,4,,- SL Comic,오노 겐키,디앤씨미디어(주)(D&C미디어),2026-08,6300,,1800,737,2026-09-02T09:31:51+09:00
378826604,얼굴만으론 좋아할 수 없어요 15,얼굴만으론 좋아할 수 없어요,15,,,안자이 카린,서울미디어코믹스(서울문화사),2025-11,5400,10.0,1931,738,2026-09-02T09:31:51+09:00
396657276,비밀법인 데스메이커 1,비밀법인 데스메이커,1,,,우나다 마아치,대원씨아이(만화),2026-06,6300,10.0,1810,739,2026-09-02T09:31:51+09:00
400001034,피토스포룸 첫 번째 잎,피토스포룸 첫 번째 잎,,,,미카미 시노,인디고,2026-08,6300,10.0,1790,740,2026-09-02T09:31:51+09:00
290968765,네가 죽을 때까지 사랑하고 싶어 4,네가 죽을 때까지 사랑하고 싶어,4,,,나치 아오노,학산문화사(만화),2022-03,5400,10.0,1846,741,2026-09-02T09:31:51+09:00
342916553,얼굴만으론 좋아할 수 없어요 10,얼굴만으론 좋아할 수 없어요,10,,,안자이 카린,서울미디어코믹스(서울문화사),2024-07,5400,,1771,742,2026-09-02T09:31:51+09:00
398811035,방과 후 제방 일지 14,방과 후 제방 일지,14,,,코사카 야스유키,대원씨아이(만화),2026-07,4950,,1815,743,2026-09-02T09:31:51+09:00
396097455,장송의 프리렌 5,장송의 프리렌,5,,,야마다 카네히토,학산문화사(만화),2026-06,6300,,1715,744,2026-09-02T09:31:51+09:00
396048990,SCP가 뭔가요? 1,SCP가 뭔가요?,1,,,하치훈,대원씨아이(만화),2026-06,5850,10.0,1730,745,2026-09-02T09:31:51+09:00
399782211,평화로운 나라의 시마자키에게 11,평화로운 나라의 시마자키에게,11,,,세시모 타케시,학산문화사(만화),2026-08,5400,10.0,1760,746,2026-09-02T09:31:51+09:00
390658499,외톨이에는 익숙하니까요. 약혼자 방치 중! 3,외톨이에는 익숙하니까요. 약혼자 방치 중!,3,,,하레타 준,대원씨아이(만화),2026-04,6750,9.9,1775,747,2026-09-02T09:31:51+09:00
382235722,긴키 지방의 어느 장소에 대하여 2,긴키 지방의 어느 장소에 대하여,2,,,우스이 츠카사,오팬스코믹,2025-12,7650,9.4,1611,748,2026-09-02T09:31:51+09:00
399451834,"신 울어라, 펜 11","신 울어라, 펜",11,,,시마모토 카즈히코,미우(대원씨아이),2026-07,9000,10.0,1705,749,2026-09-02T09:31:51+09:00
387254198,블리치 리믹스 15,블리치 리믹스,15,,,쿠보 타이토,서울미디어코믹스(서울문화사),2026-02,10800,9.5,1564,750,2026-09-02T09:31:51+09:00
397363079,백조 무덤 1,백조 무덤,1,,- 만화,앤트스튜디오,디앤씨미디어(주)(D&C미디어),2026-08,14400,,1485,751,2026-09-02T09:31:51+09:00
398727927,마법소녀를 동경해서 1 (더블특전판),마법소녀를 동경해서,1,더블특전판,- 초판한정 : 일러스트 카드 1종 + SD 스티커 1종,오노나카 아키히로,대원씨아이(만화),2026-07,6750,7.3,1635,752,2026-09-02T09:31:51+09:00
396563330,노이지 룸메이트 6,노이지 룸메이트,6,,,오자키 카호,대원씨아이(만화),2026-06,5400,10.0,1440,753,2026-09-02T09:31:51+09:00
349229181,단둘만의 로맨틱 1,단둘만의 로맨틱,1,,,카니사와 치히로,학산문화사(만화),2024-10,5400,10.0,1231,754,2026-09-02T09:31:51+09:00
387582151,커들 1,커들,1,,- 수인 오메가버스,하스미 하나,학산문화사(만화),2026-03,6300,,1258,755,2026-09-02T09:31:51+09:00
375650121,블리치 리믹스 13,블리치 리믹스,13,,,쿠보 타이토,서울미디어코믹스(서울문화사),2025-10,10800,10.0,1273,756,2026-09-02T09:31:51+09:00
400007223,버림받은 공작 부인은 평온한 생활을 희망합니다 1,버림받은 공작 부인은 평온한 생활을 희망합니다,1,,- ROSY,카레야타미에,미스터블루,2026-08,9900,,1300,757,2026-09-02T09:31:51+09:00
399953613,모스크바 2160 4,모스크바 2160,4,,- SL Comic,세키네 코타로,디앤씨미디어(주)(D&C미디어),2026-08,6300,,1430,758,2026-09-02T09:31:51+09:00
399543570,이우일의 만화 그리스로마 신화 3,이우일의 만화 그리스로마 신화,3,,- 오뒷세우스,이우일,비채,2026-07,20250,,1215,759,2026-09-02T09:31:51+09:00
399872446,로스타임에 작별 인사를 Home and Away,로스타임에 작별 인사를 Home and Away,,,- 라르고 맥스 Largo Max,코코미,조은세상(북두),2026-08,5400,10.0,1160,760,2026-09-02T09:31:51+09:00
400136964,은하영웅전설 31,은하영웅전설,31,,,후지사키 류,학산문화사(만화),2026-08,5400,,1060,761,2026-09-02T09:31:51+09:00
400006895,내가 죽을 뿐인 100가지 괴담 2,내가 죽을 뿐인 100가지 괴담,2,,"- 노엔 코믹스 / 초판한정 특별부록 : 일러스트 카드, 띠지",마토노 안지,데이즈엔터(주),2026-08,7200,10.0,1300,762,2026-09-02T09:31:51+09:00
399312403,극한견주 6,극한견주,6,,- 출간 기념 선착순 특전: 잘라쓰는 북마크,마일로,북극여우,2026-07,14850,,1515,763,2026-09-02T09:31:51+09:00
388433908,사랑해 게임을 끝내고 싶어 7,사랑해 게임을 끝내고 싶어,7,,,도모토 유키,학산문화사(만화),2026-03,5400,10.0,1144,764,2026-09-02T09:31:51+09:00
393236862,책벌레의 하극상 제2부 : 책을 위해서라면 무녀가 되겠어 13,책벌레의 하극상 제2부 : 책을 위해서라면 무녀가 되겠어,13,,,스즈카,대원씨아이(만화),2026-05,5400,10.0,990,765,2026-09-02T09:31:51+09:00
400653356,"매지컬★익스플로러 : 에로게임의 친구 캐릭터로 전생했지만, 게임 지식을 써서 자유롭게 살아간다 12","매지컬★익스플로러 : 에로게임의 친구 캐릭터로 전생했지만, 게임 지식을 써서 자유롭게 살아간다",12,,- 시프트코믹스,이리스,YNK MEDIA(만화),2026-08,6300,,910,766,2026-09-02T09:31:51+09:00
400730154,1초 24,1초,24,,,시니,영컴(YOUNG COM),2026-08,15120,,840,767,2026-09-02T09:31:51+09:00
334128695,사랑해 게임을 끝내고 싶어 4,사랑해 게임을 끝내고 싶어,4,,,도모토 유키,학산문화사(만화),2024-02,5400,,904,768,2026-09-02T09:31:51+09:00
399925554,최애의 성벽이 너무 위험하다고요! 1,최애의 성벽이 너무 위험하다고요!,1,,- BB코믹스,하루지ON,㈜소미미디어,2026-08,5850,,930,769,2026-09-02T09:31:51+09:00
400594105,블랙 라군 : 청소부 소여 해체! 고어고어 무스메 4,블랙 라군 : 청소부 소여 해체! 고어고어 무스메,4,,,이다 타츠히코,서울미디어코믹스(서울문화사),2026-08,5850,10.0,760,770,2026-09-02T09:31:51+09:00
400662468,룸 투어즈 2,룸 투어즈,2,,,마츠모토 토모,서울미디어코믹스(서울문화사),2026-08,5400,10.0,690,771,2026-09-02T09:31:51+09:00
314179780,못 미더운 악녀입니다만 : ~추궁접서 교체전~ 2,못 미더운 악녀입니다만 : ~추궁접서 교체전~,2,,,EI Ohitsuji,서울미디어코믹스(서울문화사),2023-03,6300,10.0,735,772,2026-09-02T09:31:51+09:00
400585953,떨거지 인어 디아나 1,떨거지 인어 디아나,1,,- S코믹스,스아마,㈜소미미디어,2026-08,6300,,610,773,2026-09-02T09:31:51+09:00
401247959,내일은 어느 쪽! 12,내일은 어느 쪽!,12,,- 코믹 라르고 Comic Largo,야마모토 코테츠코,조은세상(북두),2026-09,5400,,430,774,2026-09-02T09:31:51+09:00
400708015,영국 낭만 희화 포레스트 아이비 1,영국 낭만 희화 포레스트 아이비,1,,,아마자케 시마,대원씨아이(만화),2026-08,6300,,510,775,2026-09-02T09:31:51+09:00
400652954,영세 소녀의 싸우는 법 7,영세 소녀의 싸우는 법,7,,- 시프트코믹스,쿠즈시로,YNK MEDIA(만화),2026-08,5400,,510,776,2026-09-02T09:31:51+09:00
392519845,디그 잇 2,디그 잇,2,,,Yoshidamaru,학산문화사(만화),2026-05,6300,6.0,380,777,2026-09-02T09:31:51+09:00
400930488,숲 변두리의 꼬마 마녀 1,숲 변두리의 꼬마 마녀,1,,- S코믹스,후지무라 아유미,㈜소미미디어,2026-09,6300,,380,778,2026-09-02T09:31:51+09:00
400880249,파도였던 날들,파도였던 날들,,,,AJ 덩고,미메시스,2026-09,25200,10.0,410,779,2026-09-02T09:31:51+09:00
376840323,체인소 맨 21,체인소 맨,21,,,후지모토 타츠키,학산문화사(만화),2025-11,5400,9.1,14169,780,2026-09-02T09:31:51+09:00
280840739,주술회전 공식 팬북,주술회전 공식 팬북,,,,아쿠타미 게게,서울미디어코믹스(서울문화사),2021-10,9000,9.8,11436,781,2026-09-02T09:31:51+09:00
387708173,GACHIAKUTA 16,GACHIAKUTA,16,,,케이 우라나,학산문화사(만화),2026-03,5400,10.0,11078,782,2026-09-02T09:31:51+09:00
309270072,후지모토 타츠키 단편집 17-21,후지모토 타츠키 단편집,17-21,,,후지모토 타츠키,학산문화사(만화),2023-01,5400,8.6,9617,783,2026-09-02T09:31:51+09:00
252254600,귀멸의 칼날 : 공식 팬북 귀살대 견문록,귀멸의 칼날 : 공식 팬북 귀살대 견문록,,,,고토게 코요하루,학산문화사(만화),2020-09,8550,9.6,9513,784,2026-09-02T09:31:51+09:00
391479763,"사랑하라, 거짓된 천사들이여 6","사랑하라, 거짓된 천사들이여",6,,- 초판 한정 특전 : 양면 일러스트 카드 2종(지류),Coco Uzuki,서울미디어코믹스(서울문화사),2026-04,5400,10.0,9614,785,2026-09-02T09:31:51+09:00
378096466,팬텀 버스터즈 5,팬텀 버스터즈,5,,- 일반판,네오쇼코,㈜소미미디어,2025-11,5850,10.0,9238,786,2026-09-02T09:31:51+09:00
387232917,모모세 아키라의 첫사랑 파탄 중 4 (트리플 특전판),모모세 아키라의 첫사랑 파탄 중,4,트리플 특전판,- 스페셜 아크릴 일러스트 카드(1종) + 반전 매력의 양면 일러스트 카드(2종),하레카와 신타,서울미디어코믹스(서울문화사),2026-02,6750,10.0,8259,787,2026-09-02T09:31:51+09:00
369001873,파이브 스타 스토리 The Five Star Stories 18,파이브 스타 스토리 The Five Star Stories,18,,,나가노 마모루,서울미디어코믹스(서울문화사),2025-07,10800,9.3,7963,788,2026-09-02T09:31:51+09:00
393727271,전지적 독자 시점 19,전지적 독자 시점,19,,- 초판한정: 캐릭터 카드 1종 + 엽서 1종,슬리피-C,에이템포미디어,2026-05,14850,10.0,7880,789,2026-09-02T09:31:51+09:00
283806419,장송의 프리렌 2,장송의 프리렌,2,,,야마다 카네히토,학산문화사(만화),2021-11,5400,9.6,7675,790,2026-09-02T09:31:51+09:00
277000811,명탐정 코난 : 경찰학교 편 - 하,명탐정 코난 : 경찰학교 편 - 하,,,,아라이 타카히로,서울미디어코믹스(서울문화사),2021-08,4950,9.3,7993,791,2026-09-02T09:31:51+09:00
382045769,모모세 아키라의 첫사랑 파탄 중 3 (트리플 특전판),모모세 아키라의 첫사랑 파탄 중,3,트리플 특전판,- 홀로그램 일러스트 카드(1종) + 반전 매력의 양면 일러스트 카드(2종),하레카와 신타,서울미디어코믹스(서울문화사),2025-12,6750,9.8,7478,792,2026-09-02T09:31:51+09:00
303424817,주술회전 20,주술회전,20,,- 센다이 -연회 중반-,아쿠타미 게게,서울미디어코믹스(서울문화사),2022-10,5400,9.8,7343,793,2026-09-02T09:31:51+09:00
399784385,별정직 공무원 5 (특별판),별정직 공무원,5,특별판,- 아크릴 누들 스토퍼 + 미니 포스터 5종 + 마우스패드 + 일러스트 포토 4종 + 특별판 박스 (상시 부록 '포토카드' 포함),서재원,학산문화사(만화),2026-08,38700,10.0,7520,794,2026-09-02T09:31:51+09:00
324949099,봄의 폭풍과 몬스터 1,봄의 폭풍과 몬스터,1,,,미츠바치 미유키,학산문화사(만화),2023-10,5400,9.7,7110,795,2026-09-02T09:31:51+09:00
365046389,쓰레기 기둥서방 하나 군은 죽고 싶어 해 1,쓰레기 기둥서방 하나 군은 죽고 싶어 해,1,,,아메코,대원씨아이(만화),2025-05,5850,10.0,6730,796,2026-09-02T09:31:51+09:00
301706475,주술회전 2,주술회전,2,,,아쿠타미 게게,서울미디어코믹스(서울문화사),2019-03,5400,,6721,797,2026-09-02T09:31:51+09:00
365660227,모 이야기 2,모 이야기,2,,,최연주,엣눈북스(atnoonbooks),2025-06,20700,9.1,6672,798,2026-09-02T09:31:51+09:00
287304526,아름다운 초저녁달 1,아름다운 초저녁달,1,,,야마모리 미카,학산문화사(만화),2022-01,5400,9.5,6598,799,2026-09-02T09:31:51+09:00
364586421,봄의 폭풍과 몬스터 6,봄의 폭풍과 몬스터,6,,,미츠바치 미유키,학산문화사(만화),2025-05,5400,9.7,6571,800,2026-09-02T09:31:51+09:00
340343369,쿠이 료코 낙서집 데이드림 아워,쿠이 료코 낙서집 데이드림 아워,,,- S코믹스,쿠이 료코,㈜소미미디어,2024-06,18000,9.6,6478,801,2026-09-02T09:31:51+09:00
388745962,옆집 천사님 때문에 어느샌가 인간적으로 타락한 사연 11.5 (소책자 부속 특별판),옆집 천사님 때문에 어느샌가 인간적으로 타락한 사연 11.5,,소책자 부속 특별판,"- Novel Engine, ①특별판 전용 커버 사양 11.5권 본편 (11.5권 일반판과 동일한 일러스트 카드 포함 ※띠지 없음) ②별책 단편집 (※커버 없음) ③전용 슬리브 타입 케이스",사에키상,데이즈엔터(주),2026-04,14400,,6361,802,2026-09-02T09:31:51+09:00
132200228,재즈 잇 업! Jazz It Up!,재즈 잇 업! Jazz It Up!,,,"- 남무성의 만화로 보는 재즈의 역사, 출간 15주년 특별 개정증보판",남무성,서해문집,2018-02,24300,9.6,6423,803,2026-09-02T09:31:51+09:00
6475285,이토 준지의 고양이일기 욘&무,이토 준지의 고양이일기 욘&무,,,,이토 준지,대원씨아이(만화),2010-02,5400,8.6,5979,804,2026-09-02T09:31:51+09:00
290968392,아름다운 초저녁달 2,아름다운 초저녁달,2,,,야마모리 미카,학산문화사(만화),2022-03,5400,10.0,5782,805,2026-09-02T09:31:51+09:00
333717879,봄의 폭풍과 몬스터 3,봄의 폭풍과 몬스터,3,,,미츠바치 미유키,학산문화사(만화),2024-02,5400,9.9,5798,806,2026-09-02T09:31:51+09:00
379454044,학생회에도 구멍은 있다! 공식 풀컬러판 : 《생구멍 셀렉션!》,학생회에도 구멍은 있다! 공식 풀컬러판 : 《생구멍 셀렉션!》,,,- S코믹스,무치마로,㈜소미미디어,2025-12,10800,9.6,5480,807,2026-09-02T09:31:51+09:00
338987904,귀멸 학원! 5,귀멸 학원!,5,,,호카미 나츠키,학산문화사(만화),2024-05,5400,10.0,5506,808,2026-09-02T09:31:51+09:00
352893694,귀멸 학원! 6,귀멸 학원!,6,,- 완결,호카미 나츠키,학산문화사(만화),2024-11,5400,10.0,5416,809,2026-09-02T09:31:51+09:00
305390989,스킵과 로퍼 1,스킵과 로퍼,1,,- 시프트코믹스,타카마츠 미사키,YNK MEDIA(만화),2022-11,5400,9.8,5263,810,2026-09-02T09:31:51+09:00
349422137,봄의 폭풍과 몬스터 5,봄의 폭풍과 몬스터,5,,,미츠바치 미유키,학산문화사(만화),2024-10,5400,9.8,5194,811,2026-09-02T09:31:51+09:00
393112792,비실비실 선생님 13,비실비실 선생님,13,,,후쿠치 카미오,대원씨아이(만화),2026-05,5850,10.0,5200,812,2026-09-02T09:31:51+09:00
388137308,믹스 MIX 24,믹스 MIX,24,,,아다치 미츠루,대원씨아이(만화),2026-03,5400,10.0,5244,813,2026-09-02T09:31:51+09:00
383611991,메달리스트 13,메달리스트,13,,,츠루마이카다,학산문화사(만화),2026-01,5400,9.6,5144,814,2026-09-02T09:31:51+09:00
341211935,마루는 강쥐 4,마루는 강쥐,4,,,모죠,문페이스,2024-06,14400,,5174,815,2026-09-02T09:31:51+09:00
105525634,공각기동대 -THE GHOST IN THE SHELL-,공각기동대 -THE GHOST IN THE SHELL-,,,,시로 마사무네,대원씨아이(만화),2017-03,14400,9.2,5184,816,2026-09-02T09:31:51+09:00
362488315,참을 수 없는 건 사랑인 걸까 1,참을 수 없는 건 사랑인 걸까,1,,,소라하나 미아,대원씨아이(만화),2025-04,5850,9.1,4996,817,2026-09-02T09:31:51+09:00
379953360,슈퍼 러버즈 18,슈퍼 러버즈,18,,,아베 미유키,서울미디어코믹스(서울문화사),2025-12,5400,10.0,5045,818,2026-09-02T09:31:51+09:00
388015005,도나츠와 서커스 1~2 완결 스페셜 세트 - 전2권,도나츠와 서커스 1~2 완결 스페셜 세트 - 전2권,,,,오븐,네이버웹툰,2026-05,32400,,4882,819,2026-09-02T09:31:51+09:00
338987945,GACHIAKUTA 3,GACHIAKUTA,3,,,케이 우라나,학산문화사(만화),2024-05,5400,10.0,4908,820,2026-09-02T09:31:51+09:00
311362968,헌터x헌터 HunterXHunter 신장판 6,헌터x헌터 HunterXHunter 신장판,6,,,토가시 요시히로,학산문화사(만화),2013-10,5400,10.0,4821,821,2026-09-02T09:31:51+09:00
304091956,지박소년 하나코 군 18,지박소년 하나코 군,18,,,아이다이로,서울미디어코믹스(서울문화사),2022-11,5400,9.6,5092,822,2026-09-02T09:31:51+09:00
374593353,블루 록 33,블루 록,33,,,노무라 유스케,학산문화사(만화),2025-10,5400,9.3,4752,823,2026-09-02T09:31:51+09:00
384102110,완전 쓰레기인 와타라세인데 1,완전 쓰레기인 와타라세인데,1,,,나카가와 파리,대원씨아이(만화),2026-01,5400,9.6,4703,824,2026-09-02T09:31:51+09:00
383612053,블루 록 34,블루 록,34,,,노무라 유스케,학산문화사(만화),2026-01,5400,9.5,4769,825,2026-09-02T09:31:51+09:00
292995505,지박소년 하나코 군 17,지박소년 하나코 군,17,,,아이다이로,서울미디어코믹스(서울문화사),2022-05,5400,9.7,4875,826,2026-09-02T09:31:51+09:00
355156419,아름다운 초저녁달 8,아름다운 초저녁달,8,,,야마모리 미카,학산문화사(만화),2025-01,5400,9.5,4602,827,2026-09-02T09:31:51+09:00
369308582,타워 던전 2,타워 던전,2,,,니헤이 츠토무,학산문화사(만화),2025-08,6300,9.9,4582,828,2026-09-02T09:31:51+09:00
344711414,명탐정 코난 105,명탐정 코난,105,,,아오야마 고쇼,서울미디어코믹스(서울문화사),2024-08,5400,9.8,4588,829,2026-09-02T09:31:51+09:00
367919526,마루는 강쥐 7,마루는 강쥐,7,,,모죠,문페이스,2025-07,14400,,4442,830,2026-09-02T09:31:51+09:00
394711869,김전일 아빠의 사건부 3,김전일 아빠의 사건부,3,,,아마기 세이마루,서울미디어코믹스(서울문화사),2026-06,6300,9.7,4510,831,2026-09-02T09:31:51+09:00
7219927,소용돌이 합본판,소용돌이 합본판,,,,이토 준지,시공사(만화),2010-06,14400,9.3,4477,832,2026-09-02T09:31:51+09:00
291942810,나루토 Naruto 1,나루토 Naruto,1,,,키시모토 마사시,대원씨아이(만화),2000-09,4950,,4622,833,2026-09-02T09:31:51+09:00
105525838,공각기동대 -MANMACHINE INTERFACE-,공각기동대 -MANMACHINE INTERFACE-,,,,시로 마사무네,대원씨아이(만화),2017-03,14400,7.7,4387,834,2026-09-02T09:31:51+09:00
396377370,너를 사랑하는 살인귀 1,너를 사랑하는 살인귀,1,,- 시프트코믹스,아키야마 엔마,YNK MEDIA(만화),2026-06,5400,10.0,4145,835,2026-09-02T09:31:51+09:00
382042317,디 그레이 맨 29,디 그레이 맨,29,,,호시노 카츠라,대원씨아이(만화),2025-12,5400,10.0,4179,836,2026-09-02T09:31:51+09:00
301708798,주술회전 13,주술회전,13,,,아쿠타미 게게,서울미디어코믹스(서울문화사),2021-03,5400,,4113,837,2026-09-02T09:31:51+09:00
341934453,동경일일 3,동경일일,3,,- 완결,마츠모토 타이요,문학동네,2024-06,9900,9.6,4102,838,2026-09-02T09:31:51+09:00
387904062,오달자의 봄,오달자의 봄,,,,김수정,둘리나라,2026-03,16200,9.9,3940,839,2026-09-02T09:31:51+09:00
385522283,운명의 사람을 만나는 이야기 7,운명의 사람을 만나는 이야기,7,,,아나신,학산문화사(만화),2026-02,5400,9.9,4049,840,2026-09-02T09:31:51+09:00
344254532,GACHIAKUTA 6,GACHIAKUTA,6,,,케이 우라나,학산문화사(만화),2024-08,5400,10.0,3972,841,2026-09-02T09:31:51+09:00
382707103,소년X소녀 일러스트&스티커북,소년X소녀 일러스트&스티커북,,,,규잉,서울미디어코믹스(서울문화사),2025-12,18000,7.2,3896,842,2026-09-02T09:31:51+09:00
320877909,꿈빛 파티시엘 신장판 12,꿈빛 파티시엘 신장판,12,,- 완결,마츠모토 나츠미,대원씨아이(만화),2023-07,5400,,3935,843,2026-09-02T09:31:51+09:00
325301274,슈가슈가 룬 박스 세트 - 전8권,슈가슈가 룬 박스 세트 - 전8권,,,,모요코 안노,학산문화사(만화),2023-09,50400,10.0,3869,844,2026-09-02T09:31:51+09:00
362628387,사카모토 데이즈 18,사카모토 데이즈,18,,,스즈키 유우토,대원씨아이(만화),2024-11,5850,,3695,845,2026-09-02T09:31:51+09:00
320877802,꿈빛 파티시엘 신장판 11,꿈빛 파티시엘 신장판,11,,,마츠모토 나츠미,대원씨아이(만화),2023-07,5400,10.0,3804,846,2026-09-02T09:31:51+09:00
369868455,야쿠자 때문에 목욕탕에서 일하고 있습니다 2,야쿠자 때문에 목욕탕에서 일하고 있습니다,2,,- 루나 코믹스,타카시,㈜소미미디어,2025-08,5850,9.8,3660,847,2026-09-02T09:31:51+09:00
303284033,진격의 거인 18~34 박스 세트 Part 2 - 전17권,진격의 거인 18~34 박스 세트 Part 2 - 전17권,,,- PVC카드 17매 동봉,이사야마 하지메,학산문화사(만화),2022-10,91800,,3658,848,2026-09-02T09:31:51+09:00
294617796,귀멸의 칼날 1,귀멸의 칼날,1,,,고토게 코요하루,학산문화사(만화),2017-09,5400,8.0,3747,849,2026-09-02T09:31:51+09:00
398843926,무대 담당과 악역 군 2,무대 담당과 악역 군,2,,- 완결 / 초판 한정 양면 일러스트 카드 2종,야마시나 티나,㈜소미미디어,2026-07,6300,,3690,850,2026-09-02T09:31:51+09:00
337393287,내 마음의 위험한 녀석 9,내 마음의 위험한 녀석,9,,- S코믹스,사쿠라이 노리오,㈜소미미디어,2024-04,6300,9.8,3515,851,2026-09-02T09:31:51+09:00
327273874,원룸 조교님 1,원룸 조교님,1,,,지붕,유어마나(거북이북스),2023-10,15300,9.0,3563,852,2026-09-02T09:31:51+09:00
295224714,귀멸의 칼날 6,귀멸의 칼날,6,,,고토게 코요하루,학산문화사(만화),2018-10,5400,,3533,853,2026-09-02T09:31:51+09:00
397294900,비교하고 검토하는 교열부의 쿠쥬 씨 2,비교하고 검토하는 교열부의 쿠쥬 씨,2,,,고이시 유카,서교책방,2026-07,11520,10.0,3435,854,2026-09-02T09:31:51+09:00
391001172,매니저의 나날 2,매니저의 나날,2,,,야마모토 소이치로,대원씨아이(만화),2026-04,6750,,3482,855,2026-09-02T09:31:51+09:00
388858246,야쿠자 때문에 목욕탕에서 일하고 있습니다 3,야쿠자 때문에 목욕탕에서 일하고 있습니다,3,,,타카시,㈜소미미디어,2026-04,5850,9.9,3412,856,2026-09-02T09:31:51+09:00
295418499,지. : 지구의 운동에 대하여 2,지. : 지구의 운동에 대하여,2,,,우오토,문학동네,2022-05,7200,9.8,3464,857,2026-09-02T09:31:51+09:00
393756075,폭식 너무 좋아! 모치즈키 양 3,폭식 너무 좋아! 모치즈키 양,3,,,마루요노 카모메,대원씨아이(만화),2026-05,6300,9.8,3570,858,2026-09-02T09:31:51+09:00
298203594,나루토 Naruto 3,나루토 Naruto,3,,,키시모토 마사시,대원씨아이(만화),2000-11,4950,,3421,859,2026-09-02T09:31:51+09:00
353713801,봇치·더·록! 외전 히로이 키쿠리의 과음일기 1,봇치·더·록! 외전 히로이 키쿠리의 과음일기,1,,,쿠미쵸,대원씨아이(만화),2024-12,8100,9.8,3420,860,2026-09-02T09:31:51+09:00
295225182,귀멸의 칼날 14,귀멸의 칼날,14,,,고토게 코요하루,학산문화사(만화),2020-01,5400,,3355,861,2026-09-02T09:31:51+09:00
398009982,한구석의 기억 1,한구석의 기억,1,,,키요나가 타마고,빗금,2026-07,6750,10.0,3220,862,2026-09-02T09:31:51+09:00
322441168,꿈빛 파티시엘 신장판 4,꿈빛 파티시엘 신장판,4,,,마츠모토 나츠미,대원씨아이(만화),2023-08,5400,,3361,863,2026-09-02T09:31:51+09:00
327274039,원룸 조교님 2,원룸 조교님,2,,,지붕,유어마나(거북이북스),2023-10,15300,,3322,864,2026-09-02T09:31:51+09:00
391350801,나나 NANA 완전판 8,나나 NANA 완전판,8,,"- 초판 한정: PP엽서 1종, 포토카드 1종",야자와 아이,학산문화사(만화),2026-04,10800,,3292,865,2026-09-02T09:31:51+09:00
322441190,꿈빛 파티시엘 신장판 5,꿈빛 파티시엘 신장판,5,,,마츠모토 나츠미,대원씨아이(만화),2023-08,5400,,3310,866,2026-09-02T09:31:51+09:00
379954205,팔견전 24,팔견전,24,,"- 동방팔견이문, S코믹스, 완결",아베 미유키,㈜소미미디어,2025-12,5400,8.5,3262,867,2026-09-02T09:31:51+09:00
385543603,악마에 입문했습니다! 이루마 군 : if Episode of 마피아 6,악마에 입문했습니다! 이루마 군 : if Episode of 마피아,6,,,니시 오사무,서울미디어코믹스(서울문화사),2026-02,5850,9.9,3315,868,2026-09-02T09:31:51+09:00
307010996,지. : 지구의 운동에 대하여 4,지. : 지구의 운동에 대하여,4,,,우오토,문학동네,2022-12,7200,9.8,3215,869,2026-09-02T09:31:51+09:00
394171104,이력서 2,이력서,2,,,유월,블루픽,2026-05,14220,10.0,3370,870,2026-09-02T09:31:51+09:00
353581099,내 마음의 위험한 녀석 10,내 마음의 위험한 녀석,10,,- S코믹스,사쿠라이 노리오,㈜소미미디어,2024-12,6300,9.2,3173,871,2026-09-02T09:31:51+09:00
332864221,악역 영애 안의 사람 1,악역 영애 안의 사람,1,,,시라우메 나즈나,데이즈엔터(주),2024-01,5400,10.0,3293,872,2026-09-02T09:31:51+09:00
295225057,귀멸의 칼날 11,귀멸의 칼날,11,,,고토게 코요하루,학산문화사(만화),2019-10,5400,,3219,873,2026-09-02T09:31:51+09:00
372013929,지박소년 하나코 군 24,지박소년 하나코 군,24,,,아이다이로,서울미디어코믹스(서울문화사),2025-09,5400,,3240,874,2026-09-02T09:31:51+09:00
326990757,지. : 지구의 운동에 대하여 5,지. : 지구의 운동에 대하여,5,,,우오토,문학동네,2023-10,7200,9.6,3095,875,2026-09-02T09:31:51+09:00
341682079,패배 히로인이 너무 많아! 5,패배 히로인이 너무 많아!,5,,- Novel Engine,아마모리 타키비,데이즈엔터(주),2024-07,6750,9.3,3223,876,2026-09-02T09:31:51+09:00
383428976,Veil 6,Veil,6,,"- S코믹스, JAPAN EXPO 최우수작화상, 최우수장정상 수상",코테리,㈜소미미디어,2026-01,11520,9.7,2892,877,2026-09-02T09:31:51+09:00
369055987,사카모토 데이즈 21 : NAGUMO DIYS 특별판,사카모토 데이즈 21 : NAGUMO DIYS 특별판,,,- DIY 아크릴 디오라마 스탠드 1세트 + DIY 아크릴 참 3종 + DIY 아크릴 포토 프레임 1세트 + 컬러 포토 카드 4종 + 모노크롬 스티커팩 1종 + 스페셜 일러스트 보드 1종 + 네임택 스트랩 1종 + 캔배지 2종 + 구성품 안내지 + 박스,스즈키 유우토,대원씨아이(만화),2025-07,68850,10.0,2866,878,2026-09-02T09:31:51+09:00
378808731,블루 피리어드 2,블루 피리어드,2,,- 시프트코믹스,야마구치 츠바사,YNK MEDIA(만화),2025-12,5400,,2810,879,2026-09-02T09:31:51+09:00
372071162,참을 수 없는 건 사랑인 걸까 4,참을 수 없는 건 사랑인 걸까,4,,,소라하나 미아,대원씨아이(만화),2025-09,5850,10.0,2941,880,2026-09-02T09:31:51+09:00
388510775,블루 피리어드 3,블루 피리어드,3,,- 시프트코믹스,야마구치 츠바사,YNK MEDIA(만화),2026-03,5400,10.0,2783,881,2026-09-02T09:31:51+09:00
23585900,애니메이터 서바이벌 키트,애니메이터 서바이벌 키트,,,- 증보판,리처드 윌리엄스,한울(한울아카데미),2020-11,52000,8.6,2773,882,2026-09-02T09:31:51+09:00
391284987,블루 피리어드 4,블루 피리어드,4,,- 시프트코믹스,야마구치 츠바사,YNK MEDIA(만화),2026-04,5400,,2829,883,2026-09-02T09:31:51+09:00
304629310,블루 록 3,블루 록,3,,,노무라 유스케,학산문화사(만화),2021-02,5400,10.0,2710,884,2026-09-02T09:31:51+09:00
389481532,묘쌤은 이렇게 말했다 10,묘쌤은 이렇게 말했다,10,,- S코믹스,무테키 소다,㈜소미미디어,2026-04,6300,9.5,2595,885,2026-09-02T09:31:51+09:00
337103761,나 혼자만 레벨업 5,나 혼자만 레벨업,5,,- 만화,장성락(REDICE STUDIO),디앤씨웹툰비즈,2021-10,14400,9.3,2611,886,2026-09-02T09:31:51+09:00
334780507,얼굴만으론 좋아할 수 없어요 2,얼굴만으론 좋아할 수 없어요,2,,,안자이 카린,서울미디어코믹스(서울문화사),2022-04,5400,,2497,887,2026-09-02T09:31:51+09:00
323288688,내 마음의 위험한 녀석 8,내 마음의 위험한 녀석,8,,- S코믹스,사쿠라이 노리오,㈜소미미디어,2023-09,6300,9.7,2530,888,2026-09-02T09:31:51+09:00
324950007,운명의 사람을 만나는 이야기 3,운명의 사람을 만나는 이야기,3,,,아나신,학산문화사(만화),2023-09,5400,9.5,2753,889,2026-09-02T09:31:51+09:00
319093776,100미터 1,100미터,1,,,우오토,학산문화사(만화),2023-06,8100,10.0,2738,890,2026-09-02T09:31:51+09:00
336005906,나 혼자만 레벨업 1,나 혼자만 레벨업,1,,- 만화,장성락(REDICE STUDIO),디앤씨웹툰비즈,2019-09,14400,9.3,2436,891,2026-09-02T09:31:51+09:00
393626220,구룡 제네릭 로맨스 11,구룡 제네릭 로맨스,11,,"- S코믹스/ 초판 한정 렌티큘러 카드, 일러스트 카드",마유즈키 준,㈜소미미디어,2026-05,6300,9.8,2440,892,2026-09-02T09:31:51+09:00
396137173,세레나 10,세레나,10,,"- 초판 한정 부록 : 일러스트 엽서 1종, 면지에 작가님 친필 사인(인쇄본)",정이나,네이버웹툰,2026-07,16020,,2385,893,2026-09-02T09:31:51+09:00
304629473,블루 록 6,블루 록,6,,,노무라 유스케,학산문화사(만화),2021-06,5400,,2301,894,2026-09-02T09:31:51+09:00
382418825,드래곤볼 완전판 가이드북 FOREVER,드래곤볼 완전판 가이드북 FOREVER,,,,토리야마 아키라,서울미디어코믹스(서울문화사),2025-12,12600,,2429,895,2026-09-02T09:31:51+09:00
395745585,이런 게 좋아 12,이런 게 좋아,12,,,소류,학산문화사(만화),2026-06,7200,9.7,2375,896,2026-09-02T09:31:51+09:00
378051373,카구라바치 8,카구라바치,8,,,호카조노 타케루,대원씨아이(만화),2025-11,5850,,2345,897,2026-09-02T09:31:51+09:00
338119636,운명의 사람을 만나는 이야기 4,운명의 사람을 만나는 이야기,4,,,아나신,학산문화사(만화),2024-04,5400,9.9,2388,898,2026-09-02T09:31:51+09:00
386478518,이 땅에 ADHD로 태어나,이 땅에 ADHD로 태어나,,,,비스카차,유유히,2026-03,17100,10.0,2109,899,2026-09-02T09:31:51+09:00
326203733,얼굴만으론 좋아할 수 없어요 8,얼굴만으론 좋아할 수 없어요,8,,,안자이 카린,서울미디어코믹스(서울문화사),2023-10,5400,,2216,900,2026-09-02T09:31:51+09:00
376977094,오디세이,오디세이,,,"- 사로잡는 강렬한 그래픽, 교실에서 검증된 탁월한 해석력, 누구나 완독할 수 있는",가레스 하인즈,인간희극,2025-12,16200,9.0,2586,901,2026-09-02T09:31:51+09:00
321812915,오란고교 호스트부 3,오란고교 호스트부,3,,,하토리 비스코,학산문화사(만화),2004-05,5400,,2149,902,2026-09-02T09:31:51+09:00
298972634,나루토 Naruto 8,나루토 Naruto,8,,,키시모토 마사시,대원씨아이(만화),2001-10,4950,,2376,903,2026-09-02T09:31:51+09:00
301570726,나루토 Naruto 43,나루토 Naruto,43,,,키시모토 마사시,대원씨아이(만화),2008-12,5400,10.0,2344,904,2026-09-02T09:31:51+09:00
368681375,귀엽다는 말 들은 적 없어!! 10,귀엽다는 말 들은 적 없어!!,10,,,하루후지 나카바,대원씨아이(만화),2025-07,4500,9.8,2238,905,2026-09-02T09:31:51+09:00
319093936,100미터 2,100미터,2,,,우오토,학산문화사(만화),2023-06,8100,10.0,2375,906,2026-09-02T09:31:51+09:00
311057046,명탐정 코난 : 경찰학교 셀렉션,명탐정 코난 : 경찰학교 셀렉션,,,- 특별 편집 코믹스,아오야마 고쇼,서울미디어코믹스(서울문화사),2023-02,10800,,2307,907,2026-09-02T09:31:51+09:00
395513879,시노와 렌 4,시노와 렌,4,,- SL Comic,치구사 미노리,디앤씨미디어(주)(D&C미디어),2026-06,10800,10.0,1930,908,2026-09-02T09:31:51+09:00
294260782,팔견전 14,팔견전,14,,"- 동방팔견이문, S코믹스",아베 미유키,㈜소미미디어,2022-05,6300,8.7,1958,909,2026-09-02T09:31:51+09:00
319094091,100미터 5,100미터,5,,,우오토,학산문화사(만화),2023-06,8100,10.0,2417,910,2026-09-02T09:31:51+09:00
310530480,만화로 보는 일리아스,만화로 보는 일리아스,,,- 트로이의 노래,동사원형,한빛비즈,2023-02,17550,9.9,1890,911,2026-09-02T09:31:51+09:00
338379758,이거 그리고 죽어 1,이거 그리고 죽어,1,,,토요다 미노루,대원씨아이(만화),2024-04,5400,9.7,2017,912,2026-09-02T09:31:51+09:00
314184207,팔견전 16,팔견전,16,,"- 동방팔견이문, S코믹스",아베 미유키,㈜소미미디어,2023-04,6300,9.3,1893,913,2026-09-02T09:31:51+09:00
319093999,100미터 3,100미터,3,,,우오토,학산문화사(만화),2023-06,8100,10.0,2371,914,2026-09-02T09:31:51+09:00
319094052,100미터 4,100미터,4,,,우오토,학산문화사(만화),2023-06,8100,10.0,2366,915,2026-09-02T09:31:51+09:00
385521705,벡 Beck 신장판 1,벡 Beck 신장판,1,,,해롤드 사쿠이시,학산문화사(만화),2026-02,10800,6.8,1983,916,2026-09-02T09:31:51+09:00
352662803,소라닌 신장판,소라닌 신장판,,,,아사노 이니오,서울미디어코믹스(서울문화사),2024-11,18000,8.0,1934,917,2026-09-02T09:31:51+09:00
326489876,네가 죽을 때까지 사랑하고 싶어 6,네가 죽을 때까지 사랑하고 싶어,6,,,나치 아오노,학산문화사(만화),2023-10,5400,10.0,1917,918,2026-09-02T09:31:51+09:00
394841350,장송의 프리렌 6,장송의 프리렌,6,,,야마다 카네히토,학산문화사(만화),2022-03,6300,,1890,919,2026-09-02T09:31:51+09:00
334207343,얼굴만으론 좋아할 수 없어요 5,얼굴만으론 좋아할 수 없어요,5,,,안자이 카린,서울미디어코믹스(서울문화사),2022-09,5400,,1868,920,2026-09-02T09:31:51+09:00
355888808,팔견전 20,팔견전,20,,"- 동방팔견이문, S코믹스",아베 미유키,㈜소미미디어,2025-01,6300,10.0,1784,921,2026-09-02T09:31:51+09:00
322947641,오란고교 호스트부 17,오란고교 호스트부,17,,,하토리 비스코,학산문화사(만화),2011-02,5400,,1954,922,2026-09-02T09:31:51+09:00
328061218,팔견전 17,팔견전,17,,"- 동방팔견이문, S코믹스",아베 미유키,㈜소미미디어,2023-11,6300,,1858,923,2026-09-02T09:31:51+09:00
344452803,팔견전 19,팔견전,19,,"- 동방팔견이문, S코믹스",아베 미유키,㈜소미미디어,2024-08,6300,10.0,1730,924,2026-09-02T09:31:51+09:00
335330575,팔견전 18,팔견전,18,,"- 동방팔견이문, S코믹스",아베 미유키,㈜소미미디어,2024-03,6300,6.8,1768,925,2026-09-02T09:31:51+09:00
374951156,얼음 성벽 11,얼음 성벽,11,,,아가사와 코챠,학산문화사(만화),2025-10,9000,10.0,1894,926,2026-09-02T09:31:51+09:00
291487356,하이큐!! 31,하이큐!!,31,,- 히어로,후루다테 하루이치,대원씨아이(만화),2018-09,4950,,1798,927,2026-09-02T09:31:51+09:00
302960457,팔견전 15,팔견전,15,,"- 동방팔견이문, S코믹스",아베 미유키,㈜소미미디어,2022-10,6300,7.6,1737,928,2026-09-02T09:31:51+09:00
399381461,종말의 발키리 26,종말의 발키리,26,,,우메무라 신야,대원씨아이(만화),2026-07,4950,10.0,1660,929,2026-09-02T09:31:51+09:00
394695697,마법기사 레이어스 원화집,마법기사 레이어스 원화집,,,,CLAMP,학산문화사(만화),2026-06,34200,,1885,930,2026-09-02T09:31:51+09:00
340411847,이거 그리고 죽어 2,이거 그리고 죽어,2,,,토요다 미노루,대원씨아이(만화),2024-05,5400,9.5,1731,931,2026-09-02T09:31:51+09:00
398811124,사장과 술과 별 3,사장과 술과 별,3,,,즈리 키시,대원씨아이(만화),2026-07,5850,,1680,932,2026-09-02T09:31:51+09:00
300851320,몬스터 완전판 7,몬스터 완전판,7,,,우라사와 나오키,서울미디어코믹스(서울문화사),2022-09,14400,,1737,933,2026-09-02T09:31:51+09:00
333361531,길가메쉬,길가메쉬,,,,옌스 하르더,마르코폴로,2024-02,18000,9.7,1569,934,2026-09-02T09:31:51+09:00
391834809,버그 에고 1,버그 에고,1,,"- S코믹스 /초판 한정 일러스트 카드 2종, 렌티큘러 카드",시타라 키요토,㈜소미미디어,2026-05,6300,10.0,1641,935,2026-09-02T09:31:51+09:00
342061810,이거 그리고 죽어 3,이거 그리고 죽어,3,,,토요다 미노루,대원씨아이(만화),2024-06,5400,10.0,1591,936,2026-09-02T09:31:51+09:00
301188387,나루토 Naruto 44,나루토 Naruto,44,,,키시모토 마사시,대원씨아이(만화),2009-03,4950,,1714,937,2026-09-02T09:31:51+09:00
390588755,통제구역관리부 2,통제구역관리부,2,,,탄광,다산코믹스,2026-04,18900,,1663,938,2026-09-02T09:31:51+09:00
322947468,아인 13,아인,13,,,사쿠라이 가몬,학산문화사(만화),2019-03,5400,,1548,939,2026-09-02T09:31:51+09:00
387323690,패배 히로인이 너무 많아! @comic 2,패배 히로인이 너무 많아! @comic,2,,,이타치,재담,2026-02,6300,,1435,940,2026-09-02T09:31:51+09:00
300076543,나루토 Naruto 50,나루토 Naruto,50,,,키시모토 마사시,대원씨아이(만화),2010-06,4950,6.0,1619,941,2026-09-02T09:31:51+09:00
385238703,패배 히로인이 너무 많아! @comic 1,패배 히로인이 너무 많아! @comic,1,,,이타치,재담,2026-01,6300,8.4,1438,942,2026-09-02T09:31:51+09:00
351722750,단둘만의 로맨틱 2,단둘만의 로맨틱,2,,,카니사와 치히로,학산문화사(만화),2024-11,5400,10.0,1243,943,2026-09-02T09:31:51+09:00
400543325,쿠로이와 메다카에게 내 귀여움이 통하지 않아 23,쿠로이와 메다카에게 내 귀여움이 통하지 않아,23,,,쿠제 란,대원씨아이(만화),2026-08,5400,10.0,1200,944,2026-09-02T09:31:51+09:00
371390937,배가본드 2,배가본드,2,,,이노우에 타케히코,학산문화사(만화),1999-03,6300,,1527,945,2026-09-02T09:31:51+09:00
287237782,하이큐!! 컴플리트 일러스트레이션 북 끝과 시작,하이큐!! 컴플리트 일러스트레이션 북 끝과 시작,,,,후루다테 하루이치,대원씨아이(만화),2022-01,36000,9.5,1461,946,2026-09-02T09:31:51+09:00
355732920,단둘만의 로맨틱 3,단둘만의 로맨틱,3,,- 완결,카니사와 치히로,학산문화사(만화),2025-01,5400,10.0,1169,947,2026-09-02T09:31:51+09:00
381584698,Re : 제로부터 시작하는 이세계 생활 28,Re : 제로부터 시작하는 이세계 생활,28,,- Novel Engine,나가츠키 탓페이,데이즈엔터(주),2025-12,7200,10.0,1285,948,2026-09-02T09:31:51+09:00
370934076,동인녀의 감정 1 : 동인판,동인녀의 감정 1 : 동인판,,,,사나다 츠즈루,길찾기,2025-09,7200,9.8,1222,949,2026-09-02T09:31:51+09:00
399872215,니시코 군과 히가시가와 군 1,니시코 군과 히가시가와 군,1,,- 라르고 맥스 Largo Max,사토 슈가,조은세상(북두),2026-08,5400,,1240,950,2026-09-02T09:31:51+09:00
396803899,"새벽, 구름, 강 6","새벽, 구름, 강",6,,- 완결,마증지,봄툰,2026-06,15300,,1170,951,2026-09-02T09:31:51+09:00
338563463,블리치 리믹스 2,블리치 리믹스,2,,,쿠보 타이토,서울미디어코믹스(서울문화사),2024-04,10800,10.0,1389,952,2026-09-02T09:31:51+09:00
398836644,장하다! 원조 괴짜가족 13,장하다! 원조 괴짜가족,13,,,하마오카 켄지,서울미디어코믹스(서울문화사),2026-07,4500,,1185,953,2026-09-02T09:31:51+09:00
399452036,핑크 하트 잼 beat 2,핑크 하트 잼 beat,2,,- B愛+745,싯케,대원씨아이(만화),2026-07,5850,,1100,954,2026-09-02T09:31:51+09:00
399973927,여주인공인데 잘생긴 아이돌♂이 되었습니다?! 3,여주인공인데 잘생긴 아이돌♂이 되었습니다?!,3,,,아이젠 마나,학산문화사(만화),2026-08,5400,10.0,1100,955,2026-09-02T09:31:51+09:00
341991722,블리치 리믹스 4,블리치 리믹스,4,,,쿠보 타이토,서울미디어코믹스(서울문화사),2024-06,10800,10.0,1315,956,2026-09-02T09:31:51+09:00
396653696,산가지는 도깨비의 꿈을 꾼다 4,산가지는 도깨비의 꿈을 꾼다,4,,,LAPIS,다산코믹스,2026-06,18000,,1225,957,2026-09-02T09:31:51+09:00
399046795,도쿄대 세 자매 1,도쿄대 세 자매,1,,,이소야 유키,대원씨아이(만화),2026-07,5850,10.0,1025,958,2026-09-02T09:31:51+09:00
393162271,데스 노트 Death Note 2,데스 노트 Death Note,2,,,오바 츠구미,대원씨아이(만화),2004-12,6300,,1025,959,2026-09-02T09:31:51+09:00
391206653,데스 노트 Death Note 10,데스 노트 Death Note,10,,,오바 츠구미,대원씨아이(만화),2026-04,6300,,1040,960,2026-09-02T09:31:51+09:00
398728056,마법소녀를 동경해서 4 (더블특전판),마법소녀를 동경해서,4,더블특전판,- 초판한정 : 일러스트 카드 1종 + SD 스티커 1종,오노나카 아키히로,대원씨아이(만화),2026-07,6750,,1325,961,2026-09-02T09:31:51+09:00
400585962,특별한 도라에몽 : 언제나 마음속에 친구 편 9,특별한 도라에몽 : 언제나 마음속에 친구 편,9,,,후지코 F. 후지오,대원씨아이(만화),2026-08,8100,,930,962,2026-09-02T09:31:51+09:00
391206780,데스 노트 Death Note 11,데스 노트 Death Note,11,,,오바 츠구미,대원씨아이(만화),2006-10,6300,,985,963,2026-09-02T09:31:51+09:00
369851616,사랑해 게임을 끝내고 싶어 6,사랑해 게임을 끝내고 싶어,6,,,도모토 유키,학산문화사(만화),2025-08,5400,10.0,1050,964,2026-09-02T09:31:51+09:00
400586342,펜과 수갑과 사실혼 4,펜과 수갑과 사실혼,4,,,사와라기 신이치,학산문화사(만화),2026-08,5400,,1000,965,2026-09-02T09:31:51+09:00
200656574,아이들의 장난감 애장판 1~7 세트 - 전7권 (완결),아이들의 장난감 애장판 1~7 세트 - 전7권 (완결),,,,오바나 미호,학산문화사(만화),2019-07,40320,10.0,1096,966,2026-09-02T09:31:51+09:00
344690001,사랑해 게임을 끝내고 싶어 5,사랑해 게임을 끝내고 싶어,5,,,도모토 유키,학산문화사(만화),2024-08,5400,10.0,945,967,2026-09-02T09:31:51+09:00
324002854,사랑해 게임을 끝내고 싶어 2,사랑해 게임을 끝내고 싶어,2,,,도모토 유키,학산문화사(만화),2023-09,5400,10.0,949,968,2026-09-02T09:31:51+09:00
400585852,택배기사 형이랑 잘 될 수 있을까?,택배기사 형이랑 잘 될 수 있을까?,,,- B愛+750,노다 논다,대원씨아이(만화),2026-08,6300,,820,969,2026-09-02T09:31:51+09:00
395357125,호스트와 사축 1,호스트와 사축,1,,,가와지리 미쓰루,학산문화사(만화),2026-06,6300,,800,970,2026-09-02T09:31:51+09:00
400585960,특별한 도라에몽 : 쿵짜라♪ 울려퍼지는 음악 편 8,특별한 도라에몽 : 쿵짜라♪ 울려퍼지는 음악 편,8,,,후지코 F. 후지오,대원씨아이(만화),2026-08,8100,,840,971,2026-09-02T09:31:51+09:00
322283203,명탐정 코난 20,명탐정 코난,20,,,아오야마 고쇼,서울미디어코믹스(서울문화사),2020-08,5400,,1109,972,2026-09-02T09:31:51+09:00
306782224,고수 7,고수,7,,,류기운,학산문화사(만화),2022-12,13500,6.0,882,973,2026-09-02T09:31:51+09:00
400654225,아질 Asyl 1,아질 Asyl,1,,- 시프트코믹스,하야토 유우,YNK MEDIA(만화),2026-08,5400,10.0,740,974,2026-09-02T09:31:51+09:00
400543262,일하지 않는 두사람 32,일하지 않는 두사람,32,,,요시다 사토루,대원씨아이(만화),2026-08,4950,,630,975,2026-09-02T09:31:51+09:00
400543235,악마이자 여경! 2,악마이자 여경!,2,,,안베 마사히로,대원씨아이(만화),2026-08,5850,,820,976,2026-09-02T09:31:51+09:00
398200687,톰 폭스의 옷을 입은 캐릭터 드로잉 : 옷과 주름 그리기 워크북,톰 폭스의 옷을 입은 캐릭터 드로잉 : 옷과 주름 그리기 워크북,,,,톰 폭스,한즈미디어(한스미디어),2026-07,19800,,630,977,2026-09-02T09:31:51+09:00
398344478,섀도 하우스 20,섀도 하우스,20,,,소마토,학산문화사(만화),2026-07,10800,10.0,655,978,2026-09-02T09:31:51+09:00
305104777,못 미더운 악녀입니다만 : ~추궁접서 교체전~ 1,못 미더운 악녀입니다만 : ~추궁접서 교체전~,1,,,EI Ohitsuji,서울미디어코믹스(서울문화사),2022-11,6300,10.0,725,979,2026-09-02T09:31:51+09:00
379966455,배가본드 34,배가본드,34,,,이노우에 타케히코,학산문화사(만화),2013-01,6300,,620,980,2026-09-02T09:31:51+09:00
400662384,꿈사랑 ~꿈에서 우리는 사랑에 빠진다~ 4,꿈사랑 ~꿈에서 우리는 사랑에 빠진다~,4,,- 완결,키타다 료마,서울미디어코믹스(서울문화사),2026-08,7650,,750,981,2026-09-02T09:31:51+09:00
383643805,배가본드 31,배가본드,31,,,이노우에 타케히코,학산문화사(만화),2010-06,6300,,580,982,2026-09-02T09:31:51+09:00
383616336,배가본드 32,배가본드,32,,,이노우에 타케히코,학산문화사(만화),2011-02,6300,,556,983,2026-09-02T09:31:51+09:00
400662517,특급 알파가 사랑한 오메가,특급 알파가 사랑한 오메가,,,,Ayumi Kannami,서울미디어코믹스(서울문화사),2026-08,7650,,500,984,2026-09-02T09:31:51+09:00
395170494,133cm의 풍경 4,133cm의 풍경,4,,,히루노 츠키코,학산문화사(만화),2026-06,5400,9.8,495,985,2026-09-02T09:31:51+09:00
400878277,오컬트 타임즈 1 (한정판),오컬트 타임즈,1,한정판,- 일반판 초판 부록 + 아코디언 일러스트 엽서 세트 + 시로&레이 아크릴 키링,Idonchi,서울미디어코믹스(서울문화사),2026-08,22500,,480,986,2026-09-02T09:31:51+09:00
388462249,배가본드 33,배가본드,33,,,이노우에 타케히코,학산문화사(만화),2011-04,6300,,483,987,2026-09-02T09:31:51+09:00
400708005,신에게 맹세코 거짓입니다 2,신에게 맹세코 거짓입니다,2,,,마츠모토 스이세이,대원씨아이(만화),2026-08,6300,,410,988,2026-09-02T09:31:51+09:00
400876143,1to10 2,1to10,2,,"- 초판 1쇄 한정 부록: 띠지, 포토카드 1매. 판스티커 1매",NOD,레진코믹스(레진엔터테인먼트),2026-08,14400,,370,989,2026-09-02T09:31:51+09:00
401046164,안티 페이크 러브,안티 페이크 러브,,,,미스미 요코,레어블(Rareble),2026-08,5400,,330,990,2026-09-02T09:31:51+09:00
401045748,거짓 사랑을 꿰뚫다,거짓 사랑을 꿰뚫다,,,,닛코로,레어블(Rareble),2026-08,5400,,330,991,2026-09-02T09:31:51+09:00
400980601,퍼펙트 어딕션 3,퍼펙트 어딕션,3,,- B愛+753,미야마 카오루코,대원씨아이(만화),2026-08,5850,,260,992,2026-09-02T09:31:51+09:00
400930279,에리스의 성배 6,에리스의 성배,6,,- S코믹스,모모야마 히나세,㈜소미미디어,2026-09,6300,,260,993,2026-09-02T09:31:51+09:00
366331655,원피스 111,원피스,111,,- 엘바프 모험,오다 에이치로,대원씨아이(만화),2025-06,5400,10.0,25307,994,2026-09-02T09:31:51+09:00
393250501,도쿄 에일리언즈 12 (트리플 특장판),도쿄 에일리언즈,12,트리플 특장판,- 초판 한정 : 아크릴 일러스트 카드(초판 전체) + 스페셜 일러스트 카드(선착순 한정) + 인화사진 (선착순 한정),NAOE,서울미디어코믹스(서울문화사),2026-05,5400,10.0,16185,995,2026-09-02T09:31:51+09:00
311984400,히카루가 죽은 여름 1,히카루가 죽은 여름,1,,- SL Comic,모쿠모쿠렌,디앤씨미디어(주)(D&C미디어),2023-03,5400,9.6,11674,996,2026-09-02T09:31:51+09:00
350054747,원피스 109,원피스,109,,- 네 편,오다 에이치로,대원씨아이(만화),2024-10,5400,9.9,11037,997,2026-09-02T09:31:51+09:00
283685224,원피스 100,원피스,100,,- 패왕색,오다 에이치로,대원씨아이(만화),2021-11,4950,9.2,10116,998,2026-09-02T09:31:51+09:00
309270127,후지모토 타츠키 단편집 22-26,후지모토 타츠키 단편집,22-26,,,후지모토 타츠키,학산문화사(만화),2023-01,5400,9.4,9767,999,2026-09-02T09:31:51+09:00
379004652,열혈강호 94,열혈강호,94,,,전극진,대원씨아이(만화),2025-11,4950,9.2,9551,1000,2026-09-02T09:31:51+09:00
400315663,스파이 패밀리 17,스파이 패밀리,17,,,엔도 타츠야,학산문화사(만화),2026-08,5400,10.0,32890,1,2026-09-03T09:11:13+09:00
400917256,마남 이치 6 (트리플 특전판),마남 이치,6,트리플 특전판,- 아크릴 일러스트 카드 2종 + 홀로그램 일러스트 카드,유사자키 시로,서울미디어코믹스(서울문화사),2026-08,6300,10.0,17080,2,2026-09-03T09:11:13+09:00
400652795,스킵과 로퍼 12,스킵과 로퍼,12,,- 시프트코믹스,타카마츠 미사키,YNK MEDIA(만화),2026-08,5400,10.0,30330,3,2026-09-03T09:11:13+09:00
400930743,아멜리아의 호기심 많은 로맨스 3,아멜리아의 호기심 많은 로맨스,3,,"- 루나 코믹스, 초판 한정 투명 pet 포토카드 1종, 양면 일러스트 카드 1종, PET 사원증 1종",코하쿠 요루,㈜소미미디어,2026-09,6300,,15070,4,2026-09-03T09:11:13+09:00
400365190,사카모토 데이즈 27 (더블 특전판),사카모토 데이즈,27,더블 특전판,"- 자긍심, 초판 한정 띠지 + 일러스트 포스트 카드 + 일러스트 레이어 카드",스즈키 유우토,대원씨아이(만화),2026-08,5850,10.0,32670,5,2026-09-03T09:11:13+09:00
400710266,야마다 군과 Lv999의 사랑을 하다 8,야마다 군과 Lv999의 사랑을 하다,8,,"- 초판 한정 특전 : 띠지, 일러스트 카드, 폴라로이드 카드",마시로,디앤씨미디어(주)(D&C미디어),2026-09,7200,10.0,19980,6,2026-09-03T09:11:13+09:00
400736391,엄마가 도망갔다,엄마가 도망갔다,,,,소복이,나무의말,2026-09,17820,10.0,12090,7,2026-09-03T09:11:13+09:00
400587114,봇치·더·록! 외전 히로이 키쿠리의 과음일기 6,봇치·더·록! 외전 히로이 키쿠리의 과음일기,6,,- 띠지 + 초판한정 일러스트 포토 카드 1종,쿠미쵸,대원씨아이(만화),2026-08,8100,,28110,8,2026-09-03T09:11:13+09:00
399974125,타몬 군 지금 어느 쪽?! 13 (한정판),타몬 군 지금 어느 쪽?!,13,한정판,- 후쿠하라 타몬 2nd 사진집 + 후쿠하라 타몬 사인 포토카드 + 일러스트 카드,시와스 유키,학산문화사(만화),2026-08,12600,10.0,21750,9,2026-09-03T09:11:13+09:00
401063905,블리치 리믹스 17,블리치 리믹스,17,,,쿠보 타이토,서울미디어코믹스(서울문화사),2026-08,10800,,10830,10,2026-09-03T09:11:13+09:00
399539936,명탐정 코난 108,명탐정 코난,108,,,아오야마 고쇼,서울미디어코믹스(서울문화사),2026-07,5400,9.8,22840,11,2026-09-03T09:11:13+09:00
400909479,킹덤 Kingdom 78,킹덤 Kingdom,78,,,하라 야스히사,대원씨아이(만화),2026-08,5400,,9030,12,2026-09-03T09:11:13+09:00
397412056,책이라면 팔 만큼 1,책이라면 팔 만큼,1,,,코지마 아오,미우(대원씨아이),2026-07,11700,9.6,26305,13,2026-09-03T09:11:13+09:00
400710167,야마다 군과 Lv999의 사랑을 하다 8 (특별판),야마다 군과 Lv999의 사랑을 하다,8,특별판,"- 특별판 한정 특전 : 일반판 초판 특전, 틴케이스, 특별판 한정 엽서 4종 세트, 키캡 키링",마시로,디앤씨미디어(주)(D&C미디어),2026-09,23400,10.0,19120,14,2026-09-03T09:11:13+09:00
400246381,황천의 츠가이 12 (더블특전판),황천의 츠가이,12,더블특전판,- 초판한정 : 일러스트 포스트카드 1종 + 일러스트 pp카드 1종,아라카와 히로무,대원씨아이(만화),2026-08,5850,10.0,14920,15,2026-09-03T09:11:13+09:00
401047773,야화첩 8,야화첩,8,,"- 초판 한정: 띠지, 포토카드 1종, PET 책갈피 1종",변덕,레진코믹스(레진엔터테인먼트),2026-08,14400,,5330,16,2026-09-03T09:11:13+09:00
401049295,야화첩 9,야화첩,9,,"- 초판 한정: 띠지, 포토카드 2종",변덕,레진코믹스(레진엔터테인먼트),2026-08,14400,,5370,17,2026-09-03T09:11:13+09:00
391764120,포켓몬 생태도감,포켓몬 생태도감,,,,주식회사 포켓몬,대원씨아이(단행본),2026-04,13500,10.0,71779,18,2026-09-03T09:11:13+09:00
401063751,요괴소년 호야 완전판 4,요괴소년 호야 완전판,4,,,후지타 카즈히로,서울미디어코믹스(서울문화사),2026-08,14400,,5240,19,2026-09-03T09:11:13+09:00
400547759,모모세 아키라의 첫사랑 파탄 중 6 (트리플 특전판),모모세 아키라의 첫사랑 파탄 중,6,트리플 특전판,- 스페셜 아크릴 일러스트 카드 1종 + 양면 일러스트 카드 2종,하레카와 신타,서울미디어코믹스(서울문화사),2026-08,6750,10.0,13000,20,2026-09-03T09:11:13+09:00
400977703,나의 첫 섹파 2,나의 첫 섹파,2,,,유리카와,재담,2026-08,6300,,6180,21,2026-09-03T09:11:13+09:00
400315752,디그 잇 3 (더블특전판),디그 잇,3,더블특전판,- 수량 한정 더블 특전 : 비주얼 보드 + 스포츠 선수 카드,Yoshidamaru,학산문화사(만화),2026-08,6300,,17210,22,2026-09-03T09:11:13+09:00
400713407,이세계 삼촌 14,이세계 삼촌,14,,"- 픽시하우스, 초판한정 특별부록 : 일러스트 카드 + 띠지",호톤도신데이루,데이즈엔터(주),2026-09,7200,,8050,23,2026-09-03T09:11:13+09:00
400980916,꿈인지 생시인지 4,꿈인지 생시인지,4,,,사키사카 이오,대원씨아이(만화),2026-08,5850,,5490,24,2026-09-03T09:11:13+09:00
400544318,마법소녀를 동경해서 7 (더블특전판),마법소녀를 동경해서,7,더블특전판,- 띠지 + 초판한정 일러스트 카드 1종 + 더블특전 SD 스티커,오노나카 아키히로,대원씨아이(만화),2026-08,6750,,11120,25,2026-09-03T09:11:13+09:00
399973794,봄의 폭풍과 몬스터 9,봄의 폭풍과 몬스터,9,,,미츠바치 미유키,학산문화사(만화),2026-08,6300,10.0,15600,26,2026-09-03T09:11:13+09:00
400714329,패배 히로인이 너무 많아! 8.5,패배 히로인이 너무 많아! 8.5,,,"- Novel Engine, 초판한정 특별부록 : 띠지 + 일러스트 카드",아마모리 타키비,데이즈엔터(주),2026-09,7200,,10850,27,2026-09-03T09:11:13+09:00
395946461,원피스 114,원피스,114,,- 초판한정 띠지 + 일러스트 카드 1종,오다 에이치로,대원씨아이(만화),2026-06,5850,10.0,42905,28,2026-09-03T09:11:13+09:00
400586243,단다단 21,단다단,21,,,타츠 유키노부,대원씨아이(만화),2026-08,5400,10.0,10300,29,2026-09-03T09:11:13+09:00
396103290,패밀리 레스토랑 가자. 下,패밀리 레스토랑 가자. 下,,,- 완결,와야마 야마,문학동네,2026-06,7650,9.8,61935,30,2026-09-03T09:11:13+09:00
401009364,소드 아트 온라인 29,소드 아트 온라인,29,,- J Novel,카와하라 레키,서울문화사,2026-08,7200,,6000,31,2026-09-03T09:11:13+09:00
398738362,헬싱 한정판 1~5 세트 - 전5권,헬싱 한정판 1~5 세트 - 전5권,,,,히라노 코우타,AK(에이케이)커뮤니케이션즈,2026-08,67500,9.9,17595,32,2026-09-03T09:11:13+09:00
395945176,나츠메 우인장 32,나츠메 우인장,32,,,미도리카와 유키,학산문화사(만화),2026-06,5400,8.4,12670,33,2026-09-03T09:11:13+09:00
400708725,3월의 벽력 2,3월의 벽력,2,,,이케 준코,대원씨아이(만화),2026-08,5400,,7800,34,2026-09-03T09:11:13+09:00
400707875,언니의 미도리 군 9,언니의 미도리 군,9,,,메구로 아무,대원씨아이(만화),2026-08,4950,,6270,35,2026-09-03T09:11:13+09:00
400930547,Myther 3,Myther,3,,- S코믹스,야츠다 테키,㈜소미미디어,2026-09,7200,,4150,36,2026-09-03T09:11:13+09:00
400856630,나나 NANA 완전판 12,나나 NANA 완전판,12,,"- 초판 한정 PP엽서 1종, 포토카드 1종",야자와 아이,학산문화사(만화),2026-08,10800,,5340,37,2026-09-03T09:11:13+09:00
400980854,현시연 신장판 1,현시연 신장판,1,,,키오 시모쿠,대원씨아이(만화),2026-08,13500,10.0,3790,38,2026-09-03T09:11:13+09:00
401041190,참을 수 없는 건 사랑인 걸까 6,참을 수 없는 건 사랑인 걸까,6,,,소라하나 미아,대원씨아이(만화),2026-08,5850,,3420,39,2026-09-03T09:11:13+09:00
395510885,슈퍼 뒤에서 담배 피우는 두 사람 8,슈퍼 뒤에서 담배 피우는 두 사람,8,,- SL Comic,지누시,디앤씨미디어(주)(D&C미디어),2026-06,6300,9.9,12820,40,2026-09-03T09:11:13+09:00
399973871,옆자리 녀석이 그런 눈으로 쳐다본다 4 (더블특전판),옆자리 녀석이 그런 눈으로 쳐다본다,4,더블특전판,- 수량 한정 더블 특전 : 폴라로이드 에구치 ANGEL Ver + 이케자와 DEVIL Ver,mmk,학산문화사(만화),2026-08,6300,,9720,41,2026-09-03T09:11:13+09:00
400365247,이거 그리고 죽어 8,이거 그리고 죽어,8,,- 초판 한정 : 띠지 + 일러스트 엽서 1종,토요다 미노루,대원씨아이(만화),2026-08,5400,10.0,5410,42,2026-09-03T09:11:13+09:00
400707954,블루 자이언트 모멘텀 7,블루 자이언트 모멘텀,7,,,이시즈카 신이치,대원씨아이(만화),2026-08,5850,,4850,43,2026-09-03T09:11:13+09:00
399975177,GACHIAKUTA 18,GACHIAKUTA,18,,,케이 우라나,학산문화사(만화),2026-08,6300,,8930,44,2026-09-03T09:11:13+09:00
400652816,블루 피리어드 7 (더블 특전판),블루 피리어드,7,더블 특전판,"- 초판 한정 일러스트 카드 1종 + 박티켓 책갈피 1종, 시프트코믹스",야마구치 츠바사,YNK MEDIA(만화),2026-08,5400,,5070,45,2026-09-03T09:11:13+09:00
401041191,너를 잊을 사랑이 하고 싶어 7,너를 잊을 사랑이 하고 싶어,7,,,유우키 하루,대원씨아이(만화),2026-08,5850,,3020,46,2026-09-03T09:11:13+09:00
400328644,요리 군과 다시 만날 수는 없어! 2,요리 군과 다시 만날 수는 없어!,2,,"- 초판 한정 특전 : 일러스트 카드, 접이식 아크릴 스탠드",Sumio Hataya,서울미디어코믹스(서울문화사),2026-08,5850,10.0,9670,47,2026-09-03T09:11:13+09:00
394695719,옆자리 녀석이 그런 눈으로 쳐다본다 3 (더블특전판),옆자리 녀석이 그런 눈으로 쳐다본다,3,더블특전판,- 수량 한정 더블 특전: 포토카드 + 증명사진,mmk,학산문화사(만화),2026-06,6300,9.4,7395,48,2026-09-03T09:11:13+09:00
400909443,창천항로 애장판 4,창천항로 애장판,4,,,킹곤타,대원씨아이(만화),2026-08,16200,,4240,49,2026-09-03T09:11:13+09:00
401247590,"달은 차고 이지러져, 짐승의 사랑 신장판 (특장판)","달은 차고 이지러져, 짐승의 사랑 신장판",,특장판,"- 작가님 사인 아크릴 카드 + 일러스트 카드 2종 + 이중 커버, 라르고 맥스 Largo Max",노지로 구리,조은세상(북두),2026-09,11700,10.0,4070,50,2026-09-03T09:11:13+09:00
399925336,팬텀 버스터즈 7,팬텀 버스터즈,7,,- S코믹스,네오쇼코,㈜소미미디어,2026-08,5850,10.0,17330,51,2026-09-03T09:11:13+09:00
398419129,황천의 츠가이 11 (더블특전판),황천의 츠가이,11,더블특전판,,아라카와 히로무,대원씨아이(만화),2026-07,5850,9.8,11300,52,2026-09-03T09:11:13+09:00
400545480,전지적 독자 시점 20,전지적 독자 시점,20,,- 초판 한정 캐릭터 카드 1종 + 특전 엽서 1종,슬리피-C,에이템포미디어,2026-08,14850,,8210,53,2026-09-03T09:11:13+09:00
396141385,사카모토 데이즈 26 (더블 특전판),사카모토 데이즈,26,더블 특전판,- 원정 / 띠지 + 일러스트 포스트 카드 + 사카모토 상점 양면 어나더커버,스즈키 유우토,대원씨아이(만화),2026-06,5850,9.2,22720,54,2026-09-03T09:11:13+09:00
400544538,비실비실 선생님 16,비실비실 선생님,16,,- 띠지 + 초판한정 일러스트 폴라로이드 카드 1종,후쿠치 카미오,대원씨아이(만화),2026-08,5850,10.0,9780,55,2026-09-03T09:11:13+09:00
399974955,GACHIAKUTA 18 (한정판),GACHIAKUTA,18,한정판,"- 아크릴 디오라마 + 빅스티커 SET(5매) + 스페셜 비주얼 보드, 포토카드SET(4매) + 일러스트 카드(일반판 부록과 동일) + 아웃박스",케이 우라나,학산문화사(만화),2026-08,39600,,9590,56,2026-09-03T09:11:13+09:00
401131950,패배 히로인이 너무 많아! @comic 5,패배 히로인이 너무 많아! @comic,5,,,이타치,재담,2026-08,6300,,3100,57,2026-09-03T09:11:13+09:00
398309482,요리 군과 다시 만날 수는 없어! 1,요리 군과 다시 만날 수는 없어!,1,,"- 초판 한정 특전 : 양면 일러스트 카드, 접이식 아크릴 스탠드",Sumio Hataya,서울미디어코믹스(서울문화사),2026-07,5850,10.0,10175,58,2026-09-03T09:11:13+09:00
400594291,유치원WARS 17,유치원WARS,17,,"- 초판특전: 아크릴 일러스트 카드, 더그 일러스트 카드",You Chiba,서울미디어코믹스(서울문화사),2026-08,5400,10.0,6050,59,2026-09-03T09:11:13+09:00
399974190,타몬 군 지금 어느 쪽?! 13,타몬 군 지금 어느 쪽?!,13,,- 수량 한정 특전 : 일러스트 카드,시와스 유키,학산문화사(만화),2026-08,6300,10.0,6310,60,2026-09-03T09:11:13+09:00
401009459,유감스러운 사랑의 주인공들 1,유감스러운 사랑의 주인공들,1,,,아와이 키사키,서울미디어코믹스(서울문화사),2026-08,5850,10.0,2910,61,2026-09-03T09:11:13+09:00
399583956,명탐정 코난 108 (특장판),명탐정 코난,108,특장판,- 극장판 [하이웨이의 타천사] 티저 일러스트 아크릴 스탠드 + 어나더 커버 + 트레이딩 그래픽 컬렉션 카드 8종 중 랜덤 4종,아오야마 고쇼,서울미디어코믹스(서울문화사),2026-07,19800,10.0,17130,62,2026-09-03T09:11:13+09:00
400594188,노아 선배는 친구 10,노아 선배는 친구,10,,,아키야마 엔마,서울미디어코믹스(서울문화사),2026-08,5850,,6570,63,2026-09-03T09:11:13+09:00
400910174,이력서 3,이력서,3,,,유월,블루픽,2026-08,14220,10.0,4540,64,2026-09-03T09:11:13+09:00
400930515,뒤에 있는 카무이 씨 1,뒤에 있는 카무이 씨,1,,- S코믹스 Red,코노시로 신코,㈜소미미디어,2026-09,6300,,2630,65,2026-09-03T09:11:13+09:00
236826464,소년과 두더지와 여우와 말,소년과 두더지와 여우와 말,,,,찰리 맥커시,상상의힘,2020-04,19800,9.5,60825,66,2026-09-03T09:11:13+09:00
400653146,세금으로 산 책 3,세금으로 산 책,3,,- 시프트코믹스,케이야마 케이,YNK MEDIA(만화),2026-08,5850,,3770,67,2026-09-03T09:11:13+09:00
400921125,사망 엔딩에서 벗어난 미연시의 히로인들이 내 【일기장】을 읽고 비밀을 알아챈 듯하다 1,사망 엔딩에서 벗어난 미연시의 히로인들이 내 【일기장】을 읽고 비밀을 알아챈 듯하다,1,,- S Novel,addict,㈜소미미디어,2026-09,7650,,3330,68,2026-09-03T09:11:13+09:00
400922115,순정 갸루는 여친은 아니지만,순정 갸루는 여친은 아니지만,,,- S 블랙,미우라 미우,㈜소미미디어,2026-09,9000,,3610,69,2026-09-03T09:11:13+09:00
389928857,옆자리 녀석이 그런 눈으로 쳐다본다 2,옆자리 녀석이 그런 눈으로 쳐다본다,2,,,mmk,학산문화사(만화),2026-04,6300,10.0,6406,70,2026-09-03T09:11:13+09:00
400647677,아이돌라트리 1,아이돌라트리,1,,- 초판 한정 띠지 + 일러스트 pet 카드 1종,호마레,대원씨아이(만화),2026-08,6300,,4030,71,2026-09-03T09:11:13+09:00
388083662,슈퍼 뒤에서 담배 피우는 두 사람 7,슈퍼 뒤에서 담배 피우는 두 사람,7,,- SL Comic,지누시,디앤씨미디어(주)(D&C미디어),2026-03,5850,9.3,12173,72,2026-09-03T09:11:13+09:00
400662227,첫사랑은 나의 오빠 2,첫사랑은 나의 오빠,2,,,카스미 유코,서울미디어코믹스(서울문화사),2026-08,5850,,4600,73,2026-09-03T09:11:13+09:00
400707805,담배 고양이 6,담배 고양이,6,,,냥냥 팩토리,대원씨아이(만화),2026-08,5400,,4550,74,2026-09-03T09:11:13+09:00
400647778,이토준지 자선 걸작집 Dark Colors,이토준지 자선 걸작집 Dark Colors,,,,이토 준지,미우(대원씨아이),2026-08,17100,5.0,6000,75,2026-09-03T09:11:13+09:00
400653323,세금으로 산 책 4,세금으로 산 책,4,,- 시프트코믹스,케이야마 케이,YNK MEDIA(만화),2026-08,5850,,3460,76,2026-09-03T09:11:13+09:00
396653507,마루는 강쥐 9,마루는 강쥐,9,,- 초판 한정 작가 친필 사인 인쇄본 + 초판 한정 표지 일러스트 엽서,모죠,문페이스,2026-08,14400,,6895,77,2026-09-03T09:11:13+09:00
400707957,여우 우리군 1 (특장판),여우 우리군,1,특장판,"- B愛 341, 일러스트 카드 5종(초회 한정 일러스트 카드 1종 포함) + 클리어 스탠드 + 스티커 + 폴라로이드형 포토카드 + 어나더 커버 + 별도 박스 포장",네아,대원씨아이(만화),2026-08,16200,10.0,3290,78,2026-09-03T09:11:13+09:00
400981192,엇갈리는 중앙감정선,엇갈리는 중앙감정선,,,- 시무라 타카코 단편집,시무라 타카코,문학동네,2026-08,9000,,2200,79,2026-09-03T09:11:13+09:00
396452830,원펀맨 One Punch Man 35,원펀맨 One Punch Man,35,,- 만나서는 안 될 녀석,ONE,대원씨아이(만화),2026-06,5400,9.5,16225,80,2026-09-03T09:11:13+09:00
395444608,장송의 프리렌 15,장송의 프리렌,15,,,야마다 카네히토,학산문화사(만화),2026-06,6300,9.7,15605,81,2026-09-03T09:11:13+09:00
352187592,슈퍼 뒤에서 담배 피우는 두 사람 4,슈퍼 뒤에서 담배 피우는 두 사람,4,,- SL Comic,지누시,디앤씨미디어(주)(D&C미디어),2024-11,5400,9.8,10793,82,2026-09-03T09:11:13+09:00
369848536,슈퍼 뒤에서 담배 피우는 두 사람 6,슈퍼 뒤에서 담배 피우는 두 사람,6,,- SL Comic,지누시,디앤씨미디어(주)(D&C미디어),2025-08,5850,10.0,10881,83,2026-09-03T09:11:13+09:00
399782162,흑집사 35,흑집사,35,,,토보소 야나,학산문화사(만화),2026-08,5400,,9080,84,2026-09-03T09:11:13+09:00
360200073,슈퍼 뒤에서 담배 피우는 두 사람 5,슈퍼 뒤에서 담배 피우는 두 사람,5,,- SL Comic,지누시,디앤씨미디어(주)(D&C미디어),2025-03,5850,9.4,11848,85,2026-09-03T09:11:13+09:00
400878309,온통 여우 1,온통 여우,1,,- 초판 한정 특전 : 일러스트 카드 2종,Ayami Morinaga,서울미디어코믹스(서울문화사),2026-08,6750,10.0,2470,86,2026-09-03T09:11:13+09:00
320428870,슈퍼 뒤에서 담배 피우는 두 사람 1,슈퍼 뒤에서 담배 피우는 두 사람,1,,- SL Comic,지누시,디앤씨미디어(주)(D&C미디어),2023-07,5400,9.3,10202,87,2026-09-03T09:11:13+09:00
399782210,운명의 사람을 만나는 이야기 8,운명의 사람을 만나는 이야기,8,,,아나신,학산문화사(만화),2026-08,5400,10.0,8380,88,2026-09-03T09:11:13+09:00
290886787,룩 백,룩 백,,,,후지모토 타츠키,학산문화사(만화),2022-03,5400,9.5,35305,89,2026-09-03T09:11:13+09:00
401042641,고랭순대 작품집 7,고랭순대 작품집,7,,,고랭순대,대원씨아이(만화),2026-08,13500,,1460,90,2026-09-03T09:11:13+09:00
401041186,너를 잊을 사랑이 하고 싶어 7 (특장판),너를 잊을 사랑이 하고 싶어,7,특장판,- 단행본 + 피크 키링 + 어나더 커버 + 일러스트 카드 2종 + 포토카드 2종 + 별도 박스 포장,유우키 하루,대원씨아이(만화),2026-08,19800,10.0,1550,91,2026-09-03T09:11:13+09:00
398736065,너와 장밋빛 매일 3 (트리플 특전판),너와 장밋빛 매일,3,트리플 특전판,- 초판 한정 트리플 특전: 아크릴 일러스트 카드 + 일러스트 카드 + 폴라로이드 카드,히로 치히로,서울미디어코믹스(서울문화사),2026-07,5400,10.0,24225,92,2026-09-03T09:11:13+09:00
324439898,슈퍼 뒤에서 담배 피우는 두 사람 2,슈퍼 뒤에서 담배 피우는 두 사람,2,,- SL Comic,지누시,디앤씨미디어(주)(D&C미디어),2023-09,5400,9.4,9243,93,2026-09-03T09:11:13+09:00
400150223,남편을 내 편으로 만드는 방법 5 (한정판),남편을 내 편으로 만드는 방법,5,한정판,- 단행본 + 학생 AU 아크릴 스탠드 + 떡메모지 + 파노라마 미니 포스터 4종 + 트레이딩 카드 9종 + 이스케&루비 엽서 4종 + 초판 한정 부록 엽서,시루,캐롯툰,2026-10,35820,,8590,94,2026-09-03T09:11:13+09:00
399580240,엄마를 만나러 가는 길 3,엄마를 만나러 가는 길,3,,- 초판 한정 부록: 포토카드 2장 + 작가님 친필사인 면지 인쇄본,고먕,네이버웹툰,2026-10,16020,,8540,95,2026-09-03T09:11:13+09:00
399580402,엄마를 만나러 가는 길 4,엄마를 만나러 가는 길,4,,- 초판 한정 부록: 포토카드 2장 + 작가님 친필사인 면지 인쇄본,고먕,네이버웹툰,2026-10,16020,,8180,96,2026-09-03T09:11:13+09:00
399290739,메이드 인 어비스 14,메이드 인 어비스,14,,,츠쿠시 아키히토,미우(대원씨아이),2026-07,7200,,5890,97,2026-09-03T09:11:13+09:00
397904178,새벽의 연화 47,새벽의 연화,47,,,미즈호 쿠사나기,학산문화사(만화),2026-07,5400,,5935,98,2026-09-03T09:11:13+09:00
400647796,이토준지 자선 걸작집 왜곡,이토준지 자선 걸작집 왜곡,,,,이토 준지,미우(대원씨아이),2026-08,14400,4.0,4480,99,2026-09-03T09:11:13+09:00
400668931,커다란 네가 제일 귀여워 (한정판),커다란 네가 제일 귀여워,,한정판,"- 일러스트 메모패드, 작가님 사인 포토카드 2종, 빅 클리어 카드 2종, 일러스트 카드, 라르고 맥스 Largo Max",유키하루,조은세상(북두),2026-08,9900,10.0,3150,100,2026-09-03T09:11:13+09:00
398962987,주술회전 모듈로 1,주술회전 모듈로,1,,- 특급 사안 /초판 한정 캐릭터 일러스트 카드 3종 + 선착순 한정 포토카드 1종,Yuji Iwasaki,서울미디어코믹스(서울문화사),2026-07,6300,9.0,25460,101,2026-09-03T09:11:13+09:00
336001751,슈퍼 뒤에서 담배 피우는 두 사람 3,슈퍼 뒤에서 담배 피우는 두 사람,3,,- SL Comic,지누시,디앤씨미디어(주)(D&C미디어),2024-03,5400,9.8,9036,102,2026-09-03T09:11:13+09:00
400543400,그랑블루 26,그랑블루,26,,,요시오카 키미타게,대원씨아이(만화),2026-08,4950,,3020,103,2026-09-03T09:11:13+09:00
401097577,"다른 학교 얼음공주를 구했더니, 친구부터 시작하게 되었습니다 2","다른 학교 얼음공주를 구했더니, 친구부터 시작하게 되었습니다",2,,,사츠키 히류,오팬스노벨,2026-08,7650,,2370,104,2026-09-03T09:11:13+09:00
400856525,애프터 갓 10,애프터 갓,10,,,에노 스미,대원씨아이(만화),2026-08,5400,10.0,2390,105,2026-09-03T09:11:13+09:00
384420875,원피스 113,원피스,113,,- 로키탄생,오다 에이치로,대원씨아이(만화),2026-01,5850,9.9,24814,106,2026-09-03T09:11:13+09:00
349202721,일러스트레이터를 위한 색과 빛 마스터 가이드북 : COLOR & LIGHT,일러스트레이터를 위한 색과 빛 마스터 가이드북 : COLOR & LIGHT,,,,3D토털 퍼블리싱,영진.com(영진닷컴),2024-10,28800,10.0,11671,107,2026-09-03T09:11:13+09:00
400594114,못 미더운 악녀입니다만 : ~추궁접서 교체전~ 10,못 미더운 악녀입니다만 : ~추궁접서 교체전~,10,,,EI Ohitsuji,서울미디어코믹스(서울문화사),2026-08,6300,10.0,2550,108,2026-09-03T09:11:13+09:00
400707990,여우 우리군 1,여우 우리군,1,,- B愛 341,네아,대원씨아이(만화),2026-08,6300,,2280,109,2026-09-03T09:11:13+09:00
388016420,스파이 패밀리 16,스파이 패밀리,16,,,엔도 타츠야,학산문화사(만화),2026-03,5400,9.7,21007,110,2026-09-03T09:11:13+09:00
390779612,야마다 군과 Lv999의 사랑을 하다 7,야마다 군과 Lv999의 사랑을 하다,7,,,마시로,디앤씨미디어(주)(D&C미디어),2026-04,7200,10.0,13769,111,2026-09-03T09:11:13+09:00
395840340,마남 이치 5 (트리플 특전판),마남 이치,5,트리플 특전판,- 홀로그램 일러스트 카드 2종 + 캐릭터 일러스트 카드,유사자키 시로,서울미디어코믹스(서울문화사),2026-06,6300,9.5,12625,112,2026-09-03T09:11:13+09:00
397284418,슈퍼 러버즈 19,슈퍼 러버즈,19,,,아베 미유키,서울미디어코믹스(서울문화사),2026-07,5400,10.0,8410,113,2026-09-03T09:11:13+09:00
396819581,나의 첫 섹파 1,나의 첫 섹파,1,,- 초회 수량한정 특장판 구성 (수량 소진 시 종료),유리카와,재담,2026-06,6300,,4490,114,2026-09-03T09:11:13+09:00
400585881,귀여운 건 나다 3,귀여운 건 나다,3,,,야스코,대원씨아이(만화),2026-08,6300,10.0,3000,115,2026-09-03T09:11:13+09:00
400980564,킬러의 최애 4,킬러의 최애,4,,,오시마 린타로,대원씨아이(만화),2026-08,6300,,1910,116,2026-09-03T09:11:13+09:00
366362146,엄마를 만나러 가는 길 1,엄마를 만나러 가는 길,1,,,고먕,네이버웹툰,2025-08,16020,10.0,15679,117,2026-09-03T09:11:13+09:00
394124358,캐릭캐릭 체인지! Jewel Joker 주얼 조커 3,캐릭캐릭 체인지! Jewel Joker 주얼 조커,3,,- 초판 특전: 아르카나 학원 아크릴 일러스트 카드,PEACH-PIT,서울미디어코믹스(서울문화사),2026-05,5850,10.0,12990,118,2026-09-03T09:11:13+09:00
396369059,향기로운 꽃은 늠름하게 핀다 21,향기로운 꽃은 늠름하게 핀다,21,,- 띠지 + 초판한정 일러스트 엽서 1종,미카미 사카,대원씨아이(만화),2026-06,6300,,12405,119,2026-09-03T09:11:13+09:00
400245347,버서스 6,버서스,6,,,아즈마 쿄타로,학산문화사(만화),2026-08,5400,,4280,120,2026-09-03T09:11:13+09:00
290092090,아이다이로 화집 지박소년 하나코 군,아이다이로 화집 지박소년 하나코 군,,,,아이다이로,서울미디어코믹스(서울문화사),2022-03,16200,10.0,4396,121,2026-09-03T09:11:13+09:00
400229048,사토 씨의 친구,사토 씨의 친구,,,,마스다 미리,이봄,2026-08,13500,9.0,3900,122,2026-09-03T09:11:13+09:00
401041961,산가지는 도깨비의 꿈을 꾼다 5,산가지는 도깨비의 꿈을 꾼다,5,,,LAPIS,다산코믹스,2026-08,18000,,1790,123,2026-09-03T09:11:13+09:00
400340156,마끼아또의 일러스트 레벨업 테크닉,마끼아또의 일러스트 레벨업 테크닉,,,- 초보가 가장 많이 막히는 고민 해결집,마끼아또,AK(에이케이)커뮤니케이션즈,2026-08,19800,10.0,2240,124,2026-09-03T09:11:13+09:00
400856659,눈이 나려 꽃 26,눈이 나려 꽃,26,,,임해연,학산문화사(만화),2026-08,7200,,1930,125,2026-09-03T09:11:13+09:00
401247989,독점 마이 히어로 15,독점 마이 히어로,15,,- 코믹 라르고 Comic Largo,아리이 메메코,조은세상(북두),2026-09,5400,,1530,126,2026-09-03T09:11:13+09:00
401372500,아케비의 세일러복 16,아케비의 세일러복,16,,,히로,서울미디어코믹스(서울문화사),2026-09,7650,10.0,2210,127,2026-09-03T09:11:13+09:00
393769452,불가항력의 I LOVE YOU 8,불가항력의 I LOVE YOU,8,,- 초판특전 : 포토카드 3종 세트,호시노 미즈키,서울미디어코믹스(서울문화사),2026-05,5400,9.7,17975,128,2026-09-03T09:11:13+09:00
398728364,마법소녀를 동경해서 6 (더블특전판),마법소녀를 동경해서,6,더블특전판,- 초판한정 : 일러스트 카드 1종 + SD 스티커 1종,오노나카 아키히로,대원씨아이(만화),2026-07,6750,,8070,129,2026-09-03T09:11:13+09:00
400708280,발화 2,발화,2,,- 초판1쇄 한정 포토카드 2종,영재영,레진코믹스(레진엔터테인먼트),2026-08,15300,10.0,2820,130,2026-09-03T09:11:13+09:00
400585742,아메와 우미 1,아메와 우미,1,,"- S코믹스, 초판 한정 양면 일러스트 카드 2종(도서 내 래핑)",야마카타 아츠카,㈜소미미디어,2026-08,6300,10.0,2800,131,2026-09-03T09:11:13+09:00
401097694,피가 이어지지 않은 우리가 가족이 되는 단 하나의 방법 1,피가 이어지지 않은 우리가 가족이 되는 단 하나의 방법,1,,,히바리유,오팬스노벨,2026-08,7650,,2100,132,2026-09-03T09:11:13+09:00
393688901,카구라바치 10 (트리플특전판),카구라바치,10,트리플특전판,- 초판한정 일러스트 시네마티켓 + 애니메이션 KV카드 + 검사들 일러스트카드,호카조노 타케루,대원씨아이(만화),2026-05,5850,9.8,19220,133,2026-09-03T09:11:13+09:00
392518962,체인소 맨 23,체인소 맨,23,,,후지모토 타츠키,학산문화사(만화),2026-05,5400,9.1,16190,134,2026-09-03T09:11:13+09:00
399402787,얼굴만으론 좋아할 수 없어요 17,얼굴만으론 좋아할 수 없어요,17,,"- 한국 한정 오리지널 일러스트 양면 커버, 초판 한정 SNS풍 주인공 커플 일러스트 카드, 졸업식 일러스트 카드",안자이 카린,서울미디어코믹스(서울문화사),2026-07,5400,,9915,135,2026-09-03T09:11:13+09:00
393809247,사피엔스 : 그래픽 히스토리 Vol.4,사피엔스 : 그래픽 히스토리 Vol.4,,,- 혁명의 시대,,김영사,2026-05,17820,,7725,136,2026-09-03T09:11:13+09:00
400246321,황천의 츠가이 12 (특별판),황천의 츠가이,12,특별판,- 초판부록 2종 + 패키지 박스 + 운명의 쌍둥이 아크릴 스탠드 1종 + 가브리엘 아크릴 참 키링 1종+ 시그니처 포토카드 1종 + 빅 캔배지 1종 + 홀로그램 카드 2종,아라카와 히로무,대원씨아이(만화),2026-08,25650,,5060,137,2026-09-03T09:11:13+09:00
309059685,판타지 배색 아이디어 사전,판타지 배색 아이디어 사전,,,- 세계관을 창조하는,사쿠라이 테루코,한즈미디어(한스미디어),2023-01,5630,10.0,4469,138,2026-09-03T09:11:13+09:00
400958916,11번째 고양이는 네네 2,11번째 고양이는 네네,2,,,하리카모,오팬스코믹,2026-08,6300,,1560,139,2026-09-03T09:11:13+09:00
401009461,달의 아이 신장판 8,달의 아이 신장판,8,,- 완결,시미즈 레이코,서울미디어코믹스(서울문화사),2026-08,16200,,1410,140,2026-09-03T09:11:13+09:00
398869483,홀로서기 마왕성 12,홀로서기 마왕성,12,,,모리시타 마코토,대원씨아이(만화),2026-07,5400,9.3,1000,141,2026-09-03T09:11:13+09:00
401372461,악마에 입문했습니다! 이루마 군 48,악마에 입문했습니다! 이루마 군,48,,,니시 오사무,서울미디어코믹스(서울문화사),2026-09,5850,,2010,142,2026-09-03T09:11:13+09:00
398867421,찍히지 않습니다 7,찍히지 않습니다,7,,"- S코믹스 /초판 한정 일러스트 카드, 폴라로이드 사진풍 카드 2종",코노시마 루카,㈜소미미디어,2026-08,6300,10.0,10155,143,2026-09-03T09:11:13+09:00
397818232,오가미 츠미키와 기일상 7,오가미 츠미키와 기일상,7,,,모리시타 미유,학산문화사(만화),2026-07,5400,9.5,5010,144,2026-09-03T09:11:13+09:00
400247736,만화 인소의 법칙 9 (한정판),만화 인소의 법칙,9,한정판,- 구성: 단행본 + 은지호 PET 스탠드 + 우주인 학생증 + 신용카드 스티커 2종 + 엽서 4종 + 미니 표지 아크릴 키링,아현,디앤씨웹툰비즈,2026-08,25200,,3740,145,2026-09-03T09:11:13+09:00
400594187,아마 그녀는 우리 형을 노리고 있을 거야 1,아마 그녀는 우리 형을 노리고 있을 거야,1,,"- 초판 특전 양면 일러스트카드, 양면 일러스트 코스터",이세 마루노,서울미디어코믹스(서울문화사),2026-08,6300,10.0,2220,146,2026-09-03T09:11:13+09:00
400652779,스노우볼 어스 4,스노우볼 어스,4,,- 시프트코믹스,츠지츠구 유우히로,YNK MEDIA(만화),2026-08,5400,10.0,1800,147,2026-09-03T09:11:13+09:00
400669134,반에서 두 번째로 귀여운 여자애와 친구가 되었다 6,반에서 두 번째로 귀여운 여자애와 친구가 되었다,6,,"- 왈츠 코믹스, 초판 한정 특전 : 일러스트 카드 1종, 포토카드 2종",오노 린,조은세상(북두),2026-08,5400,,2040,148,2026-09-03T09:11:13+09:00
400909388,겁쟁이페달 95,겁쟁이페달,95,,,와타나베 와타루,대원씨아이(만화),2026-08,4950,,1470,149,2026-09-03T09:11:13+09:00
337054427,패밀리 레스토랑 가자. 上,패밀리 레스토랑 가자. 上,,,,와야마 야마,문학동네,2024-04,7650,9.7,31404,150,2026-09-03T09:11:13+09:00
366362586,엄마를 만나러 가는 길 2,엄마를 만나러 가는 길,2,,,고먕,네이버웹툰,2025-08,16020,10.0,14418,151,2026-09-03T09:11:13+09:00
399781349,윈드 브레이커 15~16 세트 - 전2권,윈드 브레이커 15~16 세트 - 전2권,,,"- 초판한정부록 : 일러스트카드 1종, 아코디언카드 1종",니이 사토루,리디(RIDI),2026-08,10800,10.0,7740,152,2026-09-03T09:11:13+09:00
400225135,"내가 연인이 될 수 있을 리 없잖아, 무리무리! (※무리가 아니었다?!) 8","내가 연인이 될 수 있을 리 없잖아, 무리무리! (※무리가 아니었다?!)",8,,"- S Novel+ , 초판 한정 책갈피, 쇼트스토리 소책자",미카미 테렌,㈜소미미디어,2026-08,9450,10.0,6330,153,2026-09-03T09:11:13+09:00
399050948,세금으로 산 책 1,세금으로 산 책,1,,- 시프트코믹스,케이야마 케이,YNK MEDIA(만화),2026-07,5850,10.0,5705,154,2026-09-03T09:11:13+09:00
400547001,작전명 순정 7~9 스페셜 세트 - 전3권,작전명 순정 7~9 스페셜 세트 - 전3권,,,"- 구성: 단행본 7~9권, 엽서집(양면엽서 16장), 프로필 세트(프로필 3종 + PET 포스터 2종 + 종이 홀더), 레이어 카드 2종, 아크릴 코롯토, 증명사진 팩, 도화 인터뷰집, 스페셜 패키지 박스, 초판한정 엽서",꼬까리,영진.com(영진닷컴),2026-08,79200,10.0,4840,155,2026-09-03T09:11:13+09:00
398869909,나나 NANA 완전판 11,나나 NANA 완전판,11,,"- 초판 한정 PP엽서 1종, 포토카드 1종",야자와 아이,학산문화사(만화),2026-07,10800,,3820,156,2026-09-03T09:11:13+09:00
298959168,아이다이로 화집 지박소년 하나코 군 2,아이다이로 화집 지박소년 하나코 군,2,,,아이다이로,서울미디어코믹스(서울문화사),2022-08,16200,,3528,157,2026-09-03T09:11:13+09:00
400157314,2120,2120,,,,조지 와일솔,프시케의숲,2026-08,27000,10.0,3130,158,2026-09-03T09:11:13+09:00
375360802,44교시 생존수업 1~2 세트 - 전2권,44교시 생존수업 1~2 세트 - 전2권,,,,상C,네이버웹툰,2025-12,28800,10.0,2454,159,2026-09-03T09:11:13+09:00
399465061,신석기 시대부터 AI 시대까지 만화로 꿰뚫는 경제사,신석기 시대부터 AI 시대까지 만화로 꿰뚫는 경제사,,,- 물질적 풍요는 우리를 행복하게 만들었을까,,클,2026-08,19800,10.0,2105,160,2026-09-03T09:11:13+09:00
400707775,곰과 토끼는 친구로 지낼 수 없다 2,곰과 토끼는 친구로 지낼 수 없다,2,,,이누요시 아키라,대원씨아이(만화),2026-08,6300,,1720,161,2026-09-03T09:11:13+09:00
292511593,가라오케 가자!,가라오케 가자!,,,,와야마 야마,문학동네,2022-04,7650,9.6,28732,162,2026-09-03T09:11:13+09:00
392518622,타몬 군 지금 어느 쪽?! 12,타몬 군 지금 어느 쪽?!,12,,,시와스 유키,학산문화사(만화),2026-05,5400,10.0,15220,163,2026-09-03T09:11:13+09:00
322919098,향기로운 꽃은 늠름하게 핀다 1,향기로운 꽃은 늠름하게 핀다,1,,,미카미 사카,대원씨아이(만화),2023-08,5400,9.7,9882,164,2026-09-03T09:11:13+09:00
394045519,아멜리아의 호기심 많은 로맨스 2,아멜리아의 호기심 많은 로맨스,2,,- 루나 코믹스,코하쿠 요루,㈜소미미디어,2026-06,6300,10.0,9275,165,2026-09-03T09:11:13+09:00
388852450,담배 고양이 1,담배 고양이,1,,,냥냥 팩토리,대원씨아이(만화),2026-03,5400,10.0,5531,166,2026-09-03T09:11:13+09:00
397904410,나 혼자만 레벨업 : 라그나로크 3,나 혼자만 레벨업 : 라그나로크,3,,- 만화,,디앤씨웹툰비즈,2026-07,14400,10.0,5820,167,2026-09-03T09:11:13+09:00
398285038,포켓몬스터 스페셜 63,포켓몬스터 스페셜,63,,,쿠사카 히데노리,대원씨아이(만화),2026-07,4950,,2945,168,2026-09-03T09:11:13+09:00
400307585,재혼황후 11,재혼황후,11,,- 만화,히어리,영컴(YOUNG COM),2026-08,15120,,2110,169,2026-09-03T09:11:13+09:00
400647477,만화를 잘 그리기 위한 노하우 도감,만화를 잘 그리기 위한 노하우 도감,,,,사이드랜치(Sideranch),영진.com(영진닷컴),2026-08,18000,,1430,170,2026-09-03T09:11:13+09:00
401009550,월광천녀 애장판 8,월광천녀 애장판,8,,,시미즈 레이코,서울미디어코믹스(서울문화사),2026-08,16200,,1090,171,2026-09-03T09:11:13+09:00
400980630,룸메이트 1,룸메이트,1,,,사토 아키히토,대원씨아이(만화),2026-08,6750,,1190,172,2026-09-03T09:11:13+09:00
374587018,원피스 112,원피스,112,,- 할리(신전),오다 에이치로,대원씨아이(만화),2025-10,5400,10.0,27242,173,2026-09-03T09:11:13+09:00
393311014,히카루가 죽은 여름 8,히카루가 죽은 여름,8,,"- SL Comic, 초판 한정 특전 띠지, 일러스트 카드 & 클리어 일러스트 카드 세트 (2종 중 1종)",모쿠모쿠렌,디앤씨미디어(주)(D&C미디어),2026-05,6300,9.7,11740,174,2026-09-03T09:11:13+09:00
392518608,봄의 폭풍과 몬스터 8,봄의 폭풍과 몬스터,8,,,미츠바치 미유키,학산문화사(만화),2026-05,5400,9.6,10865,175,2026-09-03T09:11:13+09:00
399055597,Re : 제로부터 시작하는 이세계 생활 43,Re : 제로부터 시작하는 이세계 생활,43,,"- Novel Engine / 초판한정 특별부록 : 띠지, 일러스트 카드",나가츠키 탓페이,데이즈엔터(주),2026-08,7200,,6055,176,2026-09-03T09:11:13+09:00
399381869,담배 고양이 5,담배 고양이,5,,,냥냥 팩토리,대원씨아이(만화),2026-07,5400,,4090,177,2026-09-03T09:11:13+09:00
385522768,옆자리 녀석이 그런 눈으로 쳐다본다 1,옆자리 녀석이 그런 눈으로 쳐다본다,1,,,mmk,학산문화사(만화),2026-02,6300,,4029,178,2026-09-03T09:11:13+09:00
324629346,그리고 마녀는 숲으로 갔다 1,그리고 마녀는 숲으로 갔다,1,,,산호,고블,2023-08,20700,9.2,3372,179,2026-09-03T09:11:13+09:00
400154065,달님이 바라시는 대로 9,달님이 바라시는 대로,9,,,키우치 라무네,서울미디어코믹스(서울문화사),2026-08,5400,,2820,180,2026-09-03T09:11:13+09:00
400543319,우자키 양은 놀고싶어! 14,우자키 양은 놀고싶어!,14,,,타케,대원씨아이(만화),2026-08,4950,,2450,181,2026-09-03T09:11:13+09:00
400545629,파인더의 도피행,파인더의 도피행,,,- 뉴 루비코믹스 3165,야마네 아야노,현대지능개발사,2026-08,7830,,2070,182,2026-09-03T09:11:13+09:00
395745763,아카네 이야기 15,아카네 이야기,15,,,유키 스에나가,학산문화사(만화),2026-06,5400,9.9,1555,183,2026-09-03T09:11:13+09:00
400878569,오컬트 타임즈 1,오컬트 타임즈,1,,- 초판 한정 : 일러스트 카드 부록 2종,Idonchi,서울미디어코믹스(서울문화사),2026-08,6300,10.0,1230,184,2026-09-03T09:11:13+09:00
400909336,라면 재유기 13,라면 재유기,13,,,쿠베 로쿠로,대원씨아이(만화),2026-08,5850,,1370,185,2026-09-03T09:11:13+09:00
401049347,냄비로 총알을 막아내며 3,냄비로 총알을 막아내며,3,,,아오키 준타로,블루픽,2026-08,7200,,980,186,2026-09-03T09:11:13+09:00
401049303,냄비로 총알을 막아내며 2,냄비로 총알을 막아내며,2,,,아오키 준타로,블루픽,2026-08,7200,,980,187,2026-09-03T09:11:13+09:00
401052876,만화 이상적인 기둥서방 생활 11,만화 이상적인 기둥서방 생활,11,,,히노츠키 네코,길찾기,2026-08,6300,8.0,1560,188,2026-09-03T09:11:13+09:00
401345122,환생했는데 제7왕자라 내맘대로 마술을 연마합니다 22,환생했는데 제7왕자라 내맘대로 마술을 연마합니다,22,,,코쿠자와 요스케,학산문화사(만화),2026-09,5400,,1610,189,2026-09-03T09:11:13+09:00
373383665,언제나 기억해,언제나 기억해,,,"- 소년과 두더지와 여우와 말, 그리고 폭풍우",찰리 맥커시,상상의힘,2025-10,19800,10.0,17686,190,2026-09-03T09:11:13+09:00
193382764,페르세폴리스,페르세폴리스,,,,마르얀 사트라피,휴머니스트,2019-06,28800,8.6,15148,191,2026-09-03T09:11:13+09:00
390778469,원펀맨 One Punch Man 34,원펀맨 One Punch Man,34,,- 여명,ONE,대원씨아이(만화),2026-04,5400,9.2,13557,192,2026-09-03T09:11:13+09:00
362375950,불가항력의 I LOVE YOU 4,불가항력의 I LOVE YOU,4,,,호시노 미즈키,서울미디어코믹스(서울문화사),2025-04,5400,9.7,10685,193,2026-09-03T09:11:13+09:00
341684925,불가항력의 I LOVE YOU 1,불가항력의 I LOVE YOU,1,,,호시노 미즈키,서울미디어코믹스(서울문화사),2024-06,5400,9.6,9213,194,2026-09-03T09:11:13+09:00
342785369,불가항력의 I LOVE YOU 2,불가항력의 I LOVE YOU,2,,,호시노 미즈키,서울미디어코믹스(서울문화사),2024-07,5400,9.4,8470,195,2026-09-03T09:11:13+09:00
396695591,루리 드래곤 5,루리 드래곤,5,,"- 초판특전: 일러스트 카드, 일러스트 스탠딩 POP",신도 마사오키,서울미디어코믹스(서울문화사),2026-06,5400,8.7,8120,196,2026-09-03T09:11:13+09:00
393238375,양 선배는 혼자서 살아갈 수 없어 2,양 선배는 혼자서 살아갈 수 없어,2,,- 초판부록 : 일러스트 카드 1종 + 띠지,soon챠,대원씨아이(만화),2026-05,5850,9.9,8375,197,2026-09-03T09:11:13+09:00
397047219,쇼타 형아 7,쇼타 형아,7,,- BLovers Comics /초판 한정 더블 특전 : 양면 일러스트 카드 2종,나카야마 미유키,서울미디어코믹스(서울문화사),2026-06,5850,9.4,7230,198,2026-09-03T09:11:13+09:00
398727110,봇치·더·록! 앤솔러지 코믹 6,봇치·더·록! 앤솔러지 코믹,6,,,치바 사도루,대원씨아이(만화),2026-07,8100,10.0,6025,199,2026-09-03T09:11:13+09:00
393753728,수상한 경찰 1 (트리플 특전판),수상한 경찰,1,트리플 특전판,- 초판한정 일러스트 북마크 1종 + 일러스트 엽서 4종 + 캐릭터 프로필 카드 4종,무키시츠,대원씨아이(만화),2026-05,9000,9.6,5440,200,2026-09-03T09:11:13+09:00
400136861,누나의 친구 4,누나의 친구,4,,,타카세 와카,학산문화사(만화),2026-08,5400,,3650,201,2026-09-03T09:11:13+09:00
400006799,유녀전기 21,유녀전기,21,,- 노엔 코믹스,토죠 치카,데이즈엔터(주),2026-08,5400,10.0,2600,202,2026-09-03T09:11:13+09:00
398203513,톰 폭스의 옷을 입은 캐릭터 드로잉 : 아티스트를 위한 옷과 주름 그리기 가이드,톰 폭스의 옷을 입은 캐릭터 드로잉 : 아티스트를 위한 옷과 주름 그리기 가이드,,,,톰 폭스,한즈미디어(한스미디어),2026-07,28800,10.0,2670,203,2026-09-03T09:11:13+09:00
400856516,아오아시 17,아오아시,17,,,코바야시 유고,대원씨아이(만화),2026-08,5850,,1600,204,2026-09-03T09:11:13+09:00
400585911,녹풍당의 사계절 21,녹풍당의 사계절,21,,,시미즈 유우,대원씨아이(만화),2026-08,4500,,1640,205,2026-09-03T09:11:13+09:00
400669111,커다란 네가 제일 귀여워,커다란 네가 제일 귀여워,,,- 라르고 맥스 Largo Max,유키하루,조은세상(북두),2026-08,6300,,1370,206,2026-09-03T09:11:13+09:00
401041322,술에 취한 영애가 영웅을 몰라보고 구혼한 결과 1,술에 취한 영애가 영웅을 몰라보고 구혼한 결과,1,,,오오토리,대원씨아이(만화),2026-08,5850,,950,207,2026-09-03T09:11:13+09:00
401345344,스물과 성수 7,스물과 성수,7,,- 완결,소라가미 세이,학산문화사(만화),2026-09,5400,,1510,208,2026-09-03T09:11:13+09:00
401325991,도원암귀 26,도원암귀,26,,- S코믹스,우루시바라 유라,㈜소미미디어,2026-09,6300,,1510,209,2026-09-03T09:11:13+09:00
385946226,만화의 원리,만화의 원리,,,,이리에 아키,대원씨아이(만화),2026-02,21600,9.4,17593,210,2026-09-03T09:11:13+09:00
399924966,팬텀 버스터즈 7 (한정판),팬텀 버스터즈,7,한정판,"- CD 라벨풍 스티커 + CD 자켓풍 일러스트 카드 2종 + 아크릴 키링 4종, M형 티켓 + 양면 어나더 커버 + 초판 한정 일러스트 카드, S코믹스",네오쇼코,㈜소미미디어,2026-08,27000,,14010,211,2026-09-03T09:11:13+09:00
391943528,엄마를 만나러 가는 길,엄마를 만나러 가는 길,,,"- 모리의 스티커북 /초판 한정 부록: 투명 북마크,작가 친필 사인 면지에 인쇄",고먕,네이버웹툰,2026-06,15300,10.0,13341,212,2026-09-03T09:11:13+09:00
388349614,카구라바치 9 (더블특전판),카구라바치,9,더블특전판,"- 엔텐, 일러스트 시네마 티켓 + 요도 계약자 pp 북마크",호카조노 타케루,대원씨아이(만화),2026-03,5850,,11293,213,2026-09-03T09:11:13+09:00
397047378,반딧불이의 혼례 11,반딧불이의 혼례,11,,,타치바나 오레코,서울미디어코믹스(서울문화사),2026-06,7650,10.0,11040,214,2026-09-03T09:11:13+09:00
390776539,3월의 라이온 18,3월의 라이온,18,,,우미노 치카,시리얼(학산문화사),2026-04,7200,10.0,10732,215,2026-09-03T09:11:13+09:00
393546382,봇치·더·록! 외전 히로이 키쿠리의 과음일기 5,봇치·더·록! 외전 히로이 키쿠리의 과음일기,5,,,쿠미쵸,대원씨아이(만화),2026-05,8100,10.0,9330,216,2026-09-03T09:11:13+09:00
315020417,헌터x헌터 HunterXHunter 신장판 37,헌터x헌터 HunterXHunter 신장판,37,,,토가시 요시히로,학산문화사(만화),2023-04,5400,10.0,9117,217,2026-09-03T09:11:13+09:00
388137331,3월의 벽력 1,3월의 벽력,1,,,이케 준코,대원씨아이(만화),2026-03,5400,9.5,8238,218,2026-09-03T09:11:13+09:00
327563621,향기로운 꽃은 늠름하게 핀다 2,향기로운 꽃은 늠름하게 핀다,2,,,미카미 사카,대원씨아이(만화),2023-10,5400,9.8,8542,219,2026-09-03T09:11:13+09:00
353421098,불가항력의 I LOVE YOU 3,불가항력의 I LOVE YOU,3,,,호시노 미즈키,서울미디어코믹스(서울문화사),2024-12,5400,9.3,7931,220,2026-09-03T09:11:13+09:00
298605858,헌터x헌터 HunterXHunter 신장판 36,헌터x헌터 HunterXHunter 신장판,36,,,토가시 요시히로,학산문화사(만화),2020-03,5400,,7809,221,2026-09-03T09:11:13+09:00
307634607,주술회전 21,주술회전,21,,- 도쿄 제2콜로니 -호운-,아쿠타미 게게,서울미디어코믹스(서울문화사),2022-12,5400,9.7,8072,222,2026-09-03T09:11:13+09:00
350620490,향기로운 꽃은 늠름하게 핀다 11,향기로운 꽃은 늠름하게 핀다,11,,,미카미 사카,대원씨아이(만화),2024-10,5400,9.8,7231,223,2026-09-03T09:11:13+09:00
297448639,방과 후 소년 하나코 군,방과 후 소년 하나코 군,,,,아이다이로,서울미디어코믹스(서울문화사),2022-07,5400,10.0,6038,224,2026-09-03T09:11:13+09:00
384933730,아멜리아의 호기심 많은 로맨스 1,아멜리아의 호기심 많은 로맨스,1,,- 루나 코믹스,코하쿠 요루,㈜소미미디어,2026-02,6300,9.8,6122,225,2026-09-03T09:11:13+09:00
398289014,첫사랑은 나의 오빠 1,첫사랑은 나의 오빠,1,,,카스미 유코,서울미디어코믹스(서울문화사),2026-07,5850,9.3,5880,226,2026-09-03T09:11:13+09:00
373999390,야마다 군과 Lv999의 사랑을 하다 3,야마다 군과 Lv999의 사랑을 하다,3,,,마시로,디앤씨미디어(주)(D&C미디어),2025-09,7200,9.8,5187,227,2026-09-03T09:11:13+09:00
373999147,야마다 군과 Lv999의 사랑을 하다 2,야마다 군과 Lv999의 사랑을 하다,2,,,마시로,디앤씨미디어(주)(D&C미디어),2025-09,7200,9.8,5162,228,2026-09-03T09:11:13+09:00
280599591,지박소년 하나코 군 0,지박소년 하나코 군,0,,,아이다이로,서울미디어코믹스(서울문화사),2021-10,5400,9.0,5335,229,2026-09-03T09:11:13+09:00
394099635,담배 고양이 3,담배 고양이,3,,,냥냥 팩토리,대원씨아이(만화),2026-05,5400,10.0,4465,230,2026-09-03T09:11:13+09:00
397904768,푸른 상자 24,푸른 상자,24,,,미우라 코우지,학산문화사(만화),2026-07,5400,10.0,4370,231,2026-09-03T09:11:13+09:00
399782154,어차피 울 거라면 사랑이 좋아 9,어차피 울 거라면 사랑이 좋아,9,,,쿠사카 아키,학산문화사(만화),2026-08,5400,10.0,4030,232,2026-09-03T09:11:13+09:00
284922100,장례식 케이크 전문점 연옥당 1,장례식 케이크 전문점 연옥당,1,,- 양장,산호,문학동네,2021-12,17100,10.0,3907,233,2026-09-03T09:11:13+09:00
399540525,전희 서바이벌 사가 3,전희 서바이벌 사가,3,,,OTOSAMA,오팬스코믹,2026-07,6300,10.0,3705,234,2026-09-03T09:11:13+09:00
397995094,수상한 경찰 2 (더블특전판),수상한 경찰,2,더블특전판,- 띠지 + 초판한정 일러스트 카드 1종 + 선착순 더블특전 포토카드 1종,무키시츠,대원씨아이(만화),2026-07,9000,9.5,3105,235,2026-09-03T09:11:13+09:00
399953433,추우면 변하는 헤비가미 군 2,추우면 변하는 헤비가미 군,2,,"- SL Comic /초판 한정 특전: 띠지, PET 스탠드, 일러스트 스티커",쿠리미야,디앤씨미디어(주)(D&C미디어),2026-08,6300,,2430,236,2026-09-03T09:11:13+09:00
400712982,내 백합도 영업인 줄 알았어?,내 백합도 영업인 줄 알았어?,,,"- Novel Engine , 초판한정 특별부록 : 띠지 + 일러스트 카드",아사쿠라 네루,코믹레인,2026-09,7200,,1790,237,2026-09-03T09:11:13+09:00
400921733,이세계 전생 던전 마스터 온천 던전을 만들다 1,이세계 전생 던전 마스터 온천 던전을 만들다,1,,"- S Novel+, 초판 한정 아마하라 신규 일러스트 양면커버, 일러스트카드",아마하라,㈜소미미디어,2026-09,9000,,1220,238,2026-09-03T09:11:13+09:00
400930360,마로니에 왕국의 7인의 기사 7,마로니에 왕국의 7인의 기사,7,,,이와모토 나오,㈜소미미디어,2026-09,6300,,1000,239,2026-09-03T09:11:13+09:00
401247968,멜로에 빠진 직장인은 안일하다,멜로에 빠진 직장인은 안일하다,,,- 라르고 맥스 Largo Max,우지이,조은세상(북두),2026-09,5400,,1260,240,2026-09-03T09:11:13+09:00
396644572,포켓몬 생태도감 특별판,포켓몬 생태도감 특별판,,,,주식회사 포켓몬,대원씨아이(단행본),2026-06,44100,10.0,22945,241,2026-09-03T09:11:13+09:00
399403043,얼굴만으론 좋아할 수 없어요 17 (한정판),얼굴만으론 좋아할 수 없어요,17,한정판,- 한국 오리지널 일러스트 양면 커버 + 아크릴 스탠드 + 소책자 + 스페셜 일러스트 카드 2종 + 미니 일러스트 보드 (일반판 초판특전은 포함되지 않음),안자이 카린,서울미디어코믹스(서울문화사),2026-07,22500,10.0,13430,242,2026-09-03T09:11:13+09:00
393769371,가르쳐줘 집사 2,가르쳐줘 집사,2,,,마사키 미치,서울미디어코믹스(서울문화사),2026-05,6300,9.7,13470,243,2026-09-03T09:11:13+09:00
353810399,헌터x헌터 HunterXHunter 신장판 38,헌터x헌터 HunterXHunter 신장판,38,,,토가시 요시히로,학산문화사(만화),2024-12,5400,9.8,10243,244,2026-09-03T09:11:13+09:00
335112422,주술회전 25,주술회전,25,,- 인외마경 신주쿠 결전,아쿠타미 게게,서울미디어코믹스(서울문화사),2024-02,5400,9.6,10096,245,2026-09-03T09:11:13+09:00
368087158,불가항력의 I LOVE YOU 5,불가항력의 I LOVE YOU,5,,,호시노 미즈키,서울미디어코믹스(서울문화사),2025-07,5400,9.5,9150,246,2026-09-03T09:11:13+09:00
330062627,주술회전 24,주술회전,24,,- 주택대천 - 재귀 -,아쿠타미 게게,서울미디어코믹스(서울문화사),2023-12,5400,9.5,7941,247,2026-09-03T09:11:13+09:00
392518949,GACHIAKUTA 17,GACHIAKUTA,17,,,케이 우라나,학산문화사(만화),2026-05,5400,10.0,7945,248,2026-09-03T09:11:13+09:00
329206984,향기로운 꽃은 늠름하게 핀다 3,향기로운 꽃은 늠름하게 핀다,3,,,미카미 사카,대원씨아이(만화),2023-11,5400,10.0,7937,249,2026-09-03T09:11:13+09:00
294401191,헌터x헌터 HunterXHunter 신장판 35,헌터x헌터 HunterXHunter 신장판,35,,,토가시 요시히로,학산문화사(만화),2019-03,5400,2.0,7655,250,2026-09-03T09:11:13+09:00
323339691,주술회전 23,주술회전,23,,- 별과 기름,아쿠타미 게게,서울미디어코믹스(서울문화사),2023-08,5400,9.9,7573,251,2026-09-03T09:11:13+09:00
343487620,향기로운 꽃은 늠름하게 핀다 10,향기로운 꽃은 늠름하게 핀다,10,,,미카미 사카,대원씨아이(만화),2024-07,5400,9.9,7284,252,2026-09-03T09:11:13+09:00
394099665,킹덤 Kingdom 77,킹덤 Kingdom,77,,,하라 야스히사,대원씨아이(만화),2026-05,5400,10.0,6535,253,2026-09-03T09:11:13+09:00
373998674,야마다 군과 Lv999의 사랑을 하다 1,야마다 군과 Lv999의 사랑을 하다,1,,,마시로,디앤씨미디어(주)(D&C미디어),2025-09,7200,9.8,5266,254,2026-09-03T09:11:13+09:00
395173556,내 마음의 위험한 녀석 13,내 마음의 위험한 녀석,13,,- S코믹스,사쿠라이 노리오,㈜소미미디어,2026-06,6300,9.4,4880,255,2026-09-03T09:11:13+09:00
390998609,담배 고양이 2,담배 고양이,2,,,냥냥 팩토리,대원씨아이(만화),2026-04,5400,10.0,4563,256,2026-09-03T09:11:13+09:00
396049036,담배 고양이 4,담배 고양이,4,,,냥냥 팩토리,대원씨아이(만화),2026-06,5400,10.0,4175,257,2026-09-03T09:11:13+09:00
396766600,유루캠 18,유루캠,18,,,아프로,대원씨아이(만화),2026-06,4950,9.6,4160,258,2026-09-03T09:11:13+09:00
399451773,숨막힐 정도의 사랑을 줄게 7,숨막힐 정도의 사랑을 줄게,7,,,이와시타 케이코,대원씨아이(만화),2026-07,5400,,4065,259,2026-09-03T09:11:13+09:00
225772243,달빛천사 애장판 2,달빛천사 애장판,2,,,타네무라 아리나,서울미디어코믹스(서울문화사),2020-01,8550,10.0,3691,260,2026-09-03T09:11:13+09:00
305225003,헌터x헌터 HunterXHunter 신장판 22,헌터x헌터 HunterXHunter 신장판,22,,,토가시 요시히로,학산문화사(만화),2016-04,5400,,3698,261,2026-09-03T09:11:13+09:00
305148069,장례식 케이크 전문점 연옥당 2,장례식 케이크 전문점 연옥당,2,,- 양장,산호,문학동네,2022-11,18900,10.0,3614,262,2026-09-03T09:11:13+09:00
400153916,명탐정 코난 : 범인 한자와 씨 10,명탐정 코난 : 범인 한자와 씨,10,,,칸바 마유코,서울미디어코믹스(서울문화사),2026-08,5400,10.0,3060,263,2026-09-03T09:11:13+09:00
395945478,향기로운 꽃은 늠름하게 핀다 9,향기로운 꽃은 늠름하게 핀다,9,,,미카미 사카,대원씨아이(만화),2026-06,6300,,1940,264,2026-09-03T09:11:13+09:00
400585950,보루토 -TWO BLUE VORTEX- 5,보루토 -TWO BLUE VORTEX-,5,,,이케모토 미키오,대원씨아이(만화),2026-08,5850,,1740,265,2026-09-03T09:11:13+09:00
393544789,향기로운 꽃은 늠름하게 핀다 20,향기로운 꽃은 늠름하게 핀다,20,,,미카미 사카,대원씨아이(만화),2026-05,5400,,1690,266,2026-09-03T09:11:13+09:00
396581696,향기로운 꽃은 늠름하게 핀다 12,향기로운 꽃은 늠름하게 핀다,12,,,미카미 사카,대원씨아이(만화),2025-01,6300,,1665,267,2026-09-03T09:11:13+09:00
400856505,아오아시 16,아오아시,16,,,코바야시 유고,대원씨아이(만화),2026-08,5850,,1400,268,2026-09-03T09:11:13+09:00
401052841,만화 이상적인 기둥서방 생활 10,만화 이상적인 기둥서방 생활,10,,,히노츠키 네코,길찾기,2026-08,6300,,1390,269,2026-09-03T09:11:13+09:00
401345052,사랑이 없으면 아이돌은 할 수 없어 4,사랑이 없으면 아이돌은 할 수 없어,4,,,키타가와 유카,학산문화사(만화),2026-09,6300,,1310,270,2026-09-03T09:11:13+09:00
401344866,더 화이팅 신장재편판 56,더 화이팅 신장재편판,56,,"- 수량 한정 특전 : PP 카드, 띠지",모리카와 조지,학산문화사(만화),2026-09,10800,,1310,271,2026-09-03T09:11:13+09:00
389928831,새벽의 연화 46,새벽의 연화,46,,,미즈호 쿠사나기,학산문화사(만화),2026-04,5400,9.8,10485,272,2026-09-03T09:11:13+09:00
294400847,헌터x헌터 HunterXHunter 신장판 33,헌터x헌터 HunterXHunter 신장판,33,,,토가시 요시히로,학산문화사(만화),2018-05,5400,,8341,273,2026-09-03T09:11:13+09:00
335258160,향기로운 꽃은 늠름하게 핀다 6,향기로운 꽃은 늠름하게 핀다,6,,,미카미 사카,대원씨아이(만화),2024-02,5400,10.0,7619,274,2026-09-03T09:11:13+09:00
398836243,TV애니메이션 주술회전 회옥·옥절/시부야 사변 공식 가이드북,TV애니메이션 주술회전 회옥·옥절/시부야 사변 공식 가이드북,,,- 초판 한정 : 책갈피 2종,아쿠타미 게게,서울미디어코믹스(서울문화사),2026-07,24300,10.0,7850,275,2026-09-03T09:11:13+09:00
391456890,순경씨와 나 1,순경씨와 나,1,,,나오키 유우,대원씨아이(만화),2026-04,6300,9.6,7225,276,2026-09-03T09:11:13+09:00
294032766,헌터x헌터 HunterXHunter 신장판 1,헌터x헌터 HunterXHunter 신장판,1,,,토가시 요시히로,학산문화사(만화),2013-07,5400,10.0,6712,277,2026-09-03T09:11:13+09:00
394695461,블루 록 36,블루 록,36,,,노무라 유스케,학산문화사(만화),2026-06,5400,,6195,278,2026-09-03T09:11:13+09:00
396574570,Re : 제로부터 시작하는 이세계 생활 42,Re : 제로부터 시작하는 이세계 생활,42,,"- Novel Engine /초판한정 특별부록 : 띠지, 일러스트 카드",나가츠키 탓페이,데이즈엔터(주),2026-07,7200,10.0,5155,279,2026-09-03T09:11:13+09:00
397745987,Myther 2,Myther,2,,"- S코믹스 /초판 한정 양면 일러스트 카드, 초판 한정 PET 일러스트 카드",야츠다 테키,㈜소미미디어,2026-07,6300,,4235,280,2026-09-03T09:11:13+09:00
298051256,헌터x헌터 HunterXHunter 신장판 17,헌터x헌터 HunterXHunter 신장판,17,,,토가시 요시히로,학산문화사(만화),2015-06,5400,,4342,281,2026-09-03T09:11:13+09:00
399051208,세금으로 산 책 2,세금으로 산 책,2,,- 시프트코믹스,케이야마 케이,YNK MEDIA(만화),2026-07,5850,9.0,4195,282,2026-09-03T09:11:13+09:00
300919411,헌터x헌터 HunterXHunter 신장판 18,헌터x헌터 HunterXHunter 신장판,18,,,토가시 요시히로,학산문화사(만화),2015-07,5400,,3976,283,2026-09-03T09:11:13+09:00
395170753,도쿄 학생 애처가 4,도쿄 학생 애처가,4,,,카유카와 스즈,학산문화사(만화),2026-06,6300,9.8,3510,284,2026-09-03T09:11:13+09:00
390907872,향기로운 꽃은 늠름하게 핀다 19,향기로운 꽃은 늠름하게 핀다,19,,,미카미 사카,대원씨아이(만화),2026-04,5400,,3420,285,2026-09-03T09:11:13+09:00
399973698,시노비고토 7,시노비고토,7,,,미타라시 산타,학산문화사(만화),2026-08,6300,,2920,286,2026-09-03T09:11:13+09:00
399486670,서유요원전 서역편 : 화염산의 장 4,서유요원전 서역편 : 화염산의 장,4,,,모로호시 다이지로,문학동네,2026-07,9900,,2710,287,2026-09-03T09:11:13+09:00
399486641,서유요원전 서역편 : 화염산의 장 3,서유요원전 서역편 : 화염산의 장,3,,,모로호시 다이지로,문학동네,2026-07,9900,,2700,288,2026-09-03T09:11:13+09:00
399900769,소꿉친구 컴플렉스 4~5 스페셜 세트 - 전2권,소꿉친구 컴플렉스 4~5 스페셜 세트 - 전2권,,,"- 초판 한정 부록 : 책갈피 2종(4, 5권 책갈피 각각 1종) + 렌티큘러 엽서 2종 + 증명사진 패키지 + 폴라로이드 4종 + 작가님 사인 인쇄본",은하이,네이버웹툰,2026-10,39600,,2580,289,2026-09-03T09:11:13+09:00
400150238,남편을 내 편으로 만드는 방법 5,남편을 내 편으로 만드는 방법,5,,,시루,캐롯툰,2026-10,14400,10.0,2360,290,2026-09-03T09:11:13+09:00
400224750,선생님으로 ○○하면 안 됩니다! 3,선생님으로 ○○하면 안 됩니다!,3,,- S코믹스,무샤사부,㈜소미미디어,2026-08,6300,,2070,291,2026-09-03T09:11:13+09:00
400001277,할렐루야 베이비 5,할렐루야 베이비,5,,,코지마 라라,AK(에이케이)커뮤니케이션즈,2026-08,5850,,1920,292,2026-09-03T09:11:13+09:00
395950064,향기로운 꽃은 늠름하게 핀다 4,향기로운 꽃은 늠름하게 핀다,4,,,미카미 사카,대원씨아이(만화),2026-06,6300,,1870,293,2026-09-03T09:11:13+09:00
400878045,온통 여우 1 (한정판),온통 여우,1,한정판,- 구성: 단행본(초판 특전 포함) + 커스텀 아크릴 키링 + 홀로그램 아크릴 일러스트 카드 + 판 스티커,Ayami Morinaga,서울미디어코믹스(서울문화사),2026-08,22500,10.0,1450,294,2026-09-03T09:11:13+09:00
400585712,버그 에고 2,버그 에고,2,,- S코믹스,시타라 키요토,㈜소미미디어,2026-08,6300,,1250,295,2026-09-03T09:11:13+09:00
400909457,우린 엇갈리고 있다 1,우린 엇갈리고 있다,1,,,미나모토 유,대원씨아이(만화),2026-08,5850,,1010,296,2026-09-03T09:11:13+09:00
401345465,CAT'S EYE 캣츠 아이 완전판 12,CAT'S EYE 캣츠 아이 완전판,12,,,호조 츠카사,학산문화사(만화),2026-09,9000,,1210,297,2026-09-03T09:11:13+09:00
256860565,사피엔스 : 그래픽 히스토리 Vol.1,사피엔스 : 그래픽 히스토리 Vol.1,,,- 인류의 탄생,,김영사,2020-11,17820,9.4,26306,298,2026-09-03T09:11:13+09:00
387708305,월간순정 노자키 군 17,월간순정 노자키 군,17,,,츠바키 이즈미,학산문화사(만화),2026-03,5400,9.8,11592,299,2026-09-03T09:11:13+09:00
391724964,가르쳐줘 집사 1,가르쳐줘 집사,1,,- 초판 한정 더블 특전 : 양면 코스터 & 포토카드 2종 세트,마사키 미치,서울미디어코믹스(서울문화사),2026-04,6300,9.7,10819,300,2026-09-03T09:11:13+09:00
392509863,아름다운 초저녁달 10,아름다운 초저녁달,10,,,야마모리 미카,학산문화사(만화),2026-05,5400,9.5,10105,301,2026-09-03T09:11:13+09:00
392518701,블루 록 35,블루 록,35,,,노무라 유스케,학산문화사(만화),2026-05,5400,9.8,9795,302,2026-09-03T09:11:13+09:00
369126143,주술회전 30,주술회전,30,,,아쿠타미 게게,서울미디어코믹스(서울문화사),2025-08,5400,10.0,9271,303,2026-09-03T09:11:13+09:00
341524569,주술회전 26,주술회전,26,,- 남쪽으로,아쿠타미 게게,서울미디어코믹스(서울문화사),2024-06,5400,,8670,304,2026-09-03T09:11:13+09:00
294401024,헌터x헌터 HunterXHunter 신장판 34,헌터x헌터 HunterXHunter 신장판,34,,,토가시 요시히로,학산문화사(만화),2018-05,5400,,8054,305,2026-09-03T09:11:13+09:00
303424817,주술회전 20,주술회전,20,,- 센다이 -연회 중반-,아쿠타미 게게,서울미디어코믹스(서울문화사),2022-10,5400,9.8,7814,306,2026-09-03T09:11:13+09:00
318850889,마루는 강쥐 1,마루는 강쥐,1,,,모죠,문페이스,2023-07,14400,10.0,7042,307,2026-09-03T09:11:13+09:00
332987456,향기로운 꽃은 늠름하게 핀다 5,향기로운 꽃은 늠름하게 핀다,5,,,미카미 사카,대원씨아이(만화),2024-01,5400,10.0,7141,308,2026-09-03T09:11:13+09:00
316015391,주술회전 22,주술회전,22,,- 사쿠라지마 콜로니 -환생-,아쿠타미 게게,서울미디어코믹스(서울문화사),2023-05,5400,10.0,7341,309,2026-09-03T09:11:13+09:00
385131551,야마다 군과 Lv999의 사랑을 하다 5,야마다 군과 Lv999의 사랑을 하다,5,,,마시로,디앤씨미디어(주)(D&C미디어),2026-01,7200,9.8,6685,310,2026-09-03T09:11:13+09:00
385131682,야마다 군과 Lv999의 사랑을 하다 6,야마다 군과 Lv999의 사랑을 하다,6,,,마시로,디앤씨미디어(주)(D&C미디어),2026-01,7200,9.8,6881,311,2026-09-03T09:11:13+09:00
399045982,유희왕 애장판 21,유희왕 애장판,21,,,다카하시 카즈키,대원씨아이(만화),2026-07,10800,,6685,312,2026-09-03T09:11:13+09:00
298605722,헌터x헌터 HunterXHunter 신장판 32,헌터x헌터 HunterXHunter 신장판,32,,,토가시 요시히로,학산문화사(만화),2013-12,5400,,6368,313,2026-09-03T09:11:13+09:00
385131522,야마다 군과 Lv999의 사랑을 하다 4,야마다 군과 Lv999의 사랑을 하다,4,,,마시로,디앤씨미디어(주)(D&C미디어),2026-01,7200,9.8,5543,314,2026-09-03T09:11:13+09:00
352187570,주술회전 27,주술회전,27,,,아쿠타미 게게,서울미디어코믹스(서울문화사),2024-08,5400,,4817,315,2026-09-03T09:11:13+09:00
311653748,헌터x헌터 HunterXHunter 신장판 11,헌터x헌터 HunterXHunter 신장판,11,,,토가시 요시히로,학산문화사(만화),2014-09,5400,,4525,316,2026-09-03T09:11:13+09:00
298280739,헌터x헌터 HunterXHunter 신장판 16,헌터x헌터 HunterXHunter 신장판,16,,,토가시 요시히로,학산문화사(만화),2015-04,5400,,3665,317,2026-09-03T09:11:13+09:00
298280477,헌터x헌터 HunterXHunter 신장판 21,헌터x헌터 HunterXHunter 신장판,21,,,토가시 요시히로,학산문화사(만화),2016-06,5400,,3668,318,2026-09-03T09:11:13+09:00
225770299,달빛천사 애장판 1,달빛천사 애장판,1,,,타네무라 아리나,서울미디어코믹스(서울문화사),2020-01,8550,9.5,3704,319,2026-09-03T09:11:13+09:00
301058589,헌터x헌터 HunterXHunter 신장판 19,헌터x헌터 HunterXHunter 신장판,19,,,토가시 요시히로,학산문화사(만화),2015-08,5400,,3585,320,2026-09-03T09:11:13+09:00
372904974,인간실격 무삭제판 1~3 세트- 전3권,인간실격 무삭제판 1~3 세트- 전3권,,,,이토 준지,미우(대원씨아이),2020-08,34560,,3479,321,2026-09-03T09:11:13+09:00
356090755,그리고 마녀는 숲으로 갔다 2,그리고 마녀는 숲으로 갔다,2,,- 완결,산호,고블,2025-02,21600,9.9,3486,322,2026-09-03T09:11:13+09:00
398869812,창천항로 애장판 3,창천항로 애장판,3,,,킹곤타,대원씨아이(만화),2026-07,16200,,2685,323,2026-09-03T09:11:13+09:00
400197883,망각 배터리 23,망각 배터리,23,,,에코 미카와,서울미디어코믹스(서울문화사),2026-08,5400,,2570,324,2026-09-03T09:11:13+09:00
399556315,이우일의 만화 그리스로마 신화 1~3 세트 - 전3권,이우일의 만화 그리스로마 신화 1~3 세트 - 전3권,,,,이우일,비채,2026-07,59850,,2255,325,2026-09-03T09:11:13+09:00
400006981,유녀전기 대대야사 1,유녀전기 대대야사,1,,- 노엔 코믹스 / 초판한정 특별부록 : 일러스트 카드 + 띠지,토죠 치카,데이즈엔터(주),2026-08,5400,10.0,2410,326,2026-09-03T09:11:13+09:00
393803230,J⇔M 제이엠 6,J⇔M 제이엠,6,,,오타케 마사오,대원씨아이(만화),2026-05,6300,10.0,2200,327,2026-09-03T09:11:13+09:00
400136881,벡 Beck 신장판 8,벡 Beck 신장판,8,,,해롤드 사쿠이시,학산문화사(만화),2026-08,10800,10.0,2380,328,2026-09-03T09:11:13+09:00
399926241,어쨌든 귀여워 25,어쨌든 귀여워,25,,- S코믹스,하타 켄지로,㈜소미미디어,2026-08,6300,,2300,329,2026-09-03T09:11:13+09:00
400310759,호랑이형님 20,호랑이형님,20,,,이상규,영컴(YOUNG COM),2026-08,15120,,1520,330,2026-09-03T09:11:13+09:00
400586316,커들 2,커들,2,,- 수인 오메가버스,하스미 하나,학산문화사(만화),2026-08,6300,,1480,331,2026-09-03T09:11:13+09:00
337394406,풀 나이트 1,풀 나이트,1,,- S코믹스,야스다 카스미,㈜소미미디어,2024-04,6300,10.0,1265,332,2026-09-03T09:11:13+09:00
400860220,작전명 순정 7,작전명 순정,7,,,꼬까리,영진.com(영진닷컴),2026-08,14400,,970,333,2026-09-03T09:11:13+09:00
400860566,작전명 순정 8,작전명 순정,8,,,꼬까리,영진.com(영진닷컴),2026-08,14400,,940,334,2026-09-03T09:11:13+09:00
400856470,선생님! 저희들이 세계를 멸망시킵니다. 9,선생님! 저희들이 세계를 멸망시킵니다.,9,,,코바야시 키나,대원씨아이(만화),2026-08,5400,,1120,335,2026-09-03T09:11:13+09:00
401131327,월간 트릴레마 1,월간 트릴레마,1,,,타치바나 로쿠,재담,2026-08,7200,,760,336,2026-09-03T09:11:13+09:00
401008380,렛츠고 괴기조 5,렛츠고 괴기조,5,,,View,㈜에스엠지크리에이티브(고은문화사),2026-08,5850,,680,337,2026-09-03T09:11:13+09:00
400980709,키스 다음부터는 애드리브로,키스 다음부터는 애드리브로,,,- B愛+752,키사라기 마나미,대원씨아이(만화),2026-08,5850,2.0,670,338,2026-09-03T09:11:13+09:00
401047138,장송의 프리렌 10,장송의 프리렌,10,,,야마다 카네히토,학산문화사(만화),2026-08,6300,,660,339,2026-09-03T09:11:13+09:00
401326413,마가이모노 2,마가이모노,2,,"- 위작, S코믹스",쿠로카와 유미,㈜소미미디어,2026-09,8100,,1210,340,2026-09-03T09:11:13+09:00
401325794,일승천금 3,일승천금,3,,- S코믹스,MAAM,㈜소미미디어,2026-09,6300,,1210,341,2026-09-03T09:11:13+09:00
398221799,메달리스트 14,메달리스트,14,,,츠루마이카다,학산문화사(만화),2026-07,5400,10.0,16240,342,2026-09-03T09:11:13+09:00
186848330,쥐 The Complete Maus 합본,쥐 The Complete Maus 합본,,,,아트 슈피겔만,아름드리미디어,2014-06,18900,9.4,13808,343,2026-09-03T09:11:13+09:00
385786461,스킵과 로퍼 11 (더블 특전판),스킵과 로퍼,11,더블 특전판,"- 미츠미 아크릴 POP + 명장면 흑백 스티커 4종 (초판 특전), 시프트코믹스",타카마츠 미사키,YNK MEDIA(만화),2026-02,5400,8.4,11618,344,2026-09-03T09:11:13+09:00
384585231,불가항력의 I LOVE YOU 7,불가항력의 I LOVE YOU,7,,,호시노 미즈키,서울미디어코믹스(서울문화사),2026-01,5400,9.4,10886,345,2026-09-03T09:11:13+09:00
299392454,자연스러운 인체 드로잉,자연스러운 인체 드로잉,,,- 해부학부터 옷 주름까지 배우는,소은 박경선,동양북스(동양문고),2022-08,21150,10.0,9768,346,2026-09-03T09:11:13+09:00
398221849,메달리스트 공식 팬북 더블특전판,메달리스트 공식 팬북 더블특전판,,,- 수량 한정 더블 특전 : 일러스트 카드 + 네컷사진,츠루마이카다,학산문화사(만화),2026-07,13500,10.0,9780,347,2026-09-03T09:11:13+09:00
369786330,마남 이치 1 (트리플 특전판),마남 이치,1,트리플 특전판,- 홀로그램 일러스트 카드 2종 + 아크릴 일러스트 카드 1종,유사자키 시로,서울미디어코믹스(서울문화사),2025-08,6300,9.6,9463,348,2026-09-03T09:11:13+09:00
374965771,불가항력의 I LOVE YOU 6,불가항력의 I LOVE YOU,6,,,호시노 미즈키,서울미디어코믹스(서울문화사),2025-10,5400,9.7,8891,349,2026-09-03T09:11:13+09:00
216773326,그 비스크 돌은 사랑을 한다 1,그 비스크 돌은 사랑을 한다,1,,- S코믹스,후쿠다 신이치,㈜소미미디어,2019-11,6300,9.4,6309,350,2026-09-03T09:11:13+09:00
389597923,황천의 츠가이 10,황천의 츠가이,10,,,아라카와 히로무,대원씨아이(만화),2026-04,5850,10.0,5773,351,2026-09-03T09:11:13+09:00
386003919,향기로운 꽃은 늠름하게 핀다 18,향기로운 꽃은 늠름하게 핀다,18,,,미카미 사카,대원씨아이(만화),2026-02,5400,10.0,5645,352,2026-09-03T09:11:13+09:00
297902307,헌터x헌터 HunterXHunter 신장판 3,헌터x헌터 HunterXHunter 신장판,3,,,토가시 요시히로,학산문화사(만화),2013-08,5400,,5614,353,2026-09-03T09:11:13+09:00
354729574,주술회전 28,주술회전,28,,- 인외마경 신주쿠 결전 : 9점 점바둑,아쿠타미 게게,서울미디어코믹스(서울문화사),2024-12,5400,10.0,5097,354,2026-09-03T09:11:13+09:00
282899765,지박소년 하나코 군 8,지박소년 하나코 군,8,,,아이다이로,서울미디어코믹스(서울문화사),2021-11,5400,10.0,4836,355,2026-09-03T09:11:13+09:00
395357976,Veil 7,Veil,7,,"- S코믹스, JAPAN EXPO 최우수작화상, 최우수장정상 수상",코테리,㈜소미미디어,2026-06,11520,,4540,356,2026-09-03T09:11:13+09:00
374337173,장례식 케이크 전문점 연옥당 3,장례식 케이크 전문점 연옥당,3,,"- 양장, 완결",산호,문학동네,2025-10,19800,9.7,4335,357,2026-09-03T09:11:13+09:00
294154150,헌터x헌터 HunterXHunter 신장판 12,헌터x헌터 HunterXHunter 신장판,12,,,토가시 요시히로,학산문화사(만화),2014-09,5400,,4300,358,2026-09-03T09:11:13+09:00
399782190,한밤중 하트튠 11,한밤중 하트튠,11,,,이가라시 마사쿠니,학산문화사(만화),2026-08,5400,,4125,359,2026-09-03T09:11:13+09:00
394711835,악마에 입문했습니다! 이루마 군 : if Episode of 마피아 7,악마에 입문했습니다! 이루마 군 : if Episode of 마피아,7,,,니시 오사무,서울미디어코믹스(서울문화사),2026-06,5850,,4185,360,2026-09-03T09:11:13+09:00
300919038,헌터x헌터 HunterXHunter 신장판 13,헌터x헌터 HunterXHunter 신장판,13,,,토가시 요시히로,학산문화사(만화),2014-12,5400,,3950,361,2026-09-03T09:11:13+09:00
397997937,사일런트 위치 10,사일런트 위치,10,,"- 침묵의 마녀의 비밀, ROSY",이소라 마츠리,데이즈엔터(주),2026-07,9900,10.0,3465,362,2026-09-03T09:11:13+09:00
314918637,헌터x헌터 HunterXHunter 신장판 20,헌터x헌터 HunterXHunter 신장판,20,,,토가시 요시히로,학산문화사(만화),2015-12,5400,,3457,363,2026-09-03T09:11:13+09:00
298280697,헌터x헌터 HunterXHunter 신장판 23,헌터x헌터 HunterXHunter 신장판,23,,,토가시 요시히로,학산문화사(만화),2016-05,5400,,3643,364,2026-09-03T09:11:13+09:00
399953550,데스마치에서 시작되는 이세계 광상곡 34,데스마치에서 시작되는 이세계 광상곡,34,,"- L Novel /초판 한정 특전 : 띠지, 책갈피",아이나나 히로,디앤씨미디어(주)(D&C미디어),2026-08,9900,,2890,365,2026-09-03T09:11:13+09:00
398728336,마법소녀를 동경해서 5 (더블특전판),마법소녀를 동경해서,5,더블특전판,- 초판한정 : 일러스트 카드 1종 + SD 스티커 1종,오노나카 아키히로,대원씨아이(만화),2026-07,6750,,2850,366,2026-09-03T09:11:13+09:00
400197602,타로의 얼렁뚱땅 2,타로의 얼렁뚱땅,2,,,야츠미 츠무,서울미디어코믹스(서울문화사),2026-08,5850,10.0,2580,367,2026-09-03T09:11:13+09:00
339953506,방과 후 소년 하나코 군 2,방과 후 소년 하나코 군,2,,,아이다이로,서울미디어코믹스(서울문화사),2024-05,5400,,2713,368,2026-09-03T09:11:13+09:00
313274245,네가 죽을 때까지 사랑하고 싶어 1,네가 죽을 때까지 사랑하고 싶어,1,,,나치 아오노,학산문화사(만화),2020-12,5400,,2348,369,2026-09-03T09:11:13+09:00
388016407,정반대의 너와 나 8,정반대의 너와 나,8,,- 완결,아가사와 코챠,학산문화사(만화),2026-03,5400,10.0,1884,370,2026-09-03T09:11:13+09:00
396089286,향기로운 꽃은 늠름하게 핀다 13,향기로운 꽃은 늠름하게 핀다,13,,,미카미 사카,대원씨아이(만화),2026-06,6300,,1720,371,2026-09-03T09:11:13+09:00
388861705,얼굴만으론 좋아할 수 없어요 16,얼굴만으론 좋아할 수 없어요,16,,,안자이 카린,서울미디어코믹스(서울문화사),2026-03,5400,,1505,372,2026-09-03T09:11:13+09:00
400247880,만화 인소의 법칙 9,만화 인소의 법칙,9,,,아현,디앤씨웹툰비즈,2026-08,14400,,1350,373,2026-09-03T09:11:13+09:00
400707962,추방 당한 전생 중기사는 게임 지식으로 무쌍한다 12,추방 당한 전생 중기사는 게임 지식으로 무쌍한다,12,,,브로콜리,대원씨아이(만화),2026-08,5850,,1560,374,2026-09-03T09:11:13+09:00
400669097,서뱀프 Servamp 23~24 세트 - 전2권,서뱀프 Servamp 23~24 세트 - 전2권,,,"- 판도라 코믹스, 완결 ,초판 한정 일러스트 카드 2종, 16P 소책자, big 엽서 1종",타나카 스트라이크,조은세상(북두),2026-08,13500,,1350,375,2026-09-03T09:11:13+09:00
386058010,사카모토 데이즈 25,사카모토 데이즈,25,,- 친구이상 킬러미만,스즈키 유우토,대원씨아이(만화),2026-02,5850,,1445,376,2026-09-03T09:11:13+09:00
400856452,치하야 리스타트! 2,치하야 리스타트!,2,,,타케우치 홀로,대원씨아이(만화),2026-08,5850,6.0,840,377,2026-09-03T09:11:13+09:00
400921444,페이스리스 드롭아웃 1,페이스리스 드롭아웃,1,,- S Novel+,류토,㈜소미미디어,2026-09,10800,,890,378,2026-09-03T09:11:13+09:00
400860690,작전명 순정 9,작전명 순정,9,,,꼬까리,영진.com(영진닷컴),2026-08,14400,,920,379,2026-09-03T09:11:13+09:00
382043008,지박소년 하나코 군 25,지박소년 하나코 군,25,,,아이다이로,서울미디어코믹스(서울문화사),2026-01,5400,,1030,380,2026-09-03T09:11:13+09:00
400930488,숲 변두리의 꼬마 마녀 1,숲 변두리의 꼬마 마녀,1,,- S코믹스,후지무라 아유미,㈜소미미디어,2026-09,6300,,1030,381,2026-09-03T09:11:13+09:00
280555213,포인트 캐릭터 드로잉 - 전2권,포인트 캐릭터 드로잉 - 전2권,,,,타코,레진코믹스(레진엔터테인먼트),2021-09,25200,10.0,16159,382,2026-09-03T09:11:13+09:00
393250501,도쿄 에일리언즈 12 (트리플 특장판),도쿄 에일리언즈,12,트리플 특장판,- 초판 한정 : 아크릴 일러스트 카드(초판 전체) + 스페셜 일러스트 카드(선착순 한정) + 인화사진 (선착순 한정),NAOE,서울미디어코믹스(서울문화사),2026-05,5400,10.0,16565,383,2026-09-03T09:11:13+09:00
366123624,스파이 패밀리 15,스파이 패밀리,15,,,엔도 타츠야,학산문화사(만화),2025-06,5400,9.9,16167,384,2026-09-03T09:11:13+09:00
323272361,"안녕, 에리","안녕, 에리",,,,후지모토 타츠키,학산문화사(만화),2023-08,5400,9.4,15439,385,2026-09-03T09:11:13+09:00
368125805,장송의 프리렌 14,장송의 프리렌,14,,,야마다 카네히토,학산문화사(만화),2025-07,5400,9.8,10974,386,2026-09-03T09:11:13+09:00
389546868,반딧불이의 혼례 10,반딧불이의 혼례,10,,,타치바나 오레코,서울미디어코믹스(서울문화사),2026-04,7650,9.6,11002,387,2026-09-03T09:11:13+09:00
368857673,명탐정 코난 107,명탐정 코난,107,,,아오야마 고쇼,서울미디어코믹스(서울문화사),2025-07,5400,9.9,10297,388,2026-09-03T09:11:13+09:00
312942363,타코피의 원죄 - 상,타코피의 원죄 - 상,,,,타이잔5,대원씨아이(만화),2023-03,5400,9.9,10305,389,2026-09-03T09:11:13+09:00
397744206,학생회에도 구멍은 있다! 12,학생회에도 구멍은 있다!,12,,- S코믹스,무치마로,㈜소미미디어,2026-07,6300,9.0,10250,390,2026-09-03T09:11:13+09:00
387062834,백귀야행 31,백귀야행,31,,,이마 이치코,시공사(만화),2026-02,7200,9.8,8454,391,2026-09-03T09:11:13+09:00
388821136,중년에 지친 밤에는,중년에 지친 밤에는,,,,마스다 미리,북포레스트,2026-03,16200,9.4,8146,392,2026-09-03T09:11:13+09:00
396563591,히나타의 블루 6,히나타의 블루,6,,"- 완결, 루나 코믹스 / 초판 한정 양면 어나더 커버, 렌티큘러 카드, 일러스트 카드",메구로 아무,㈜소미미디어,2026-07,6300,10.0,7540,393,2026-09-03T09:11:13+09:00
336635744,향기로운 꽃은 늠름하게 핀다 7,향기로운 꽃은 늠름하게 핀다,7,,,미카미 사카,대원씨아이(만화),2024-03,5400,10.0,7398,394,2026-09-03T09:11:13+09:00
379515213,야마다 군과 Lv999의 사랑을 하다 4~6 특별판 세트 - 전3권,야마다 군과 Lv999의 사랑을 하다 4~6 특별판 세트 - 전3권,,,- 띠지 + 특별판 아크릴 북스탠드 + 특별판 아크릴 블록 + 특별판 양면 책갈피 + 일반판 일러스트 카드 3종 + 일반판 폴라로이드 카드 3종,마시로,디앤씨미디어(주)(D&C미디어),2025-12,49500,10.0,7089,395,2026-09-03T09:11:13+09:00
392472930,던전에서 만남을 추구하면 안 되는 걸까 21 (소책자 특장판),던전에서 만남을 추구하면 안 되는 걸까,21,소책자 특장판,- S Novel,오모리 후지노,㈜소미미디어,2026-05,18000,9.3,6360,396,2026-09-03T09:11:13+09:00
389890662,약사의 혼잣말 16,약사의 혼잣말,16,,,네코쿠라게,학산문화사(만화),2026-04,5400,9.8,6388,397,2026-09-03T09:11:13+09:00
398903862,보이시한 여자친구가 너무 귀여워 5 (특장판),보이시한 여자친구가 너무 귀여워,5,특장판,- 특장판 구성: 단행본 + 48P 소책자 + 초판특전 폴라로이드 사진 + 초판 특전 카메라 렌즈 속 투샷 사진,규뉴무기고항,서울미디어코믹스(서울문화사),2026-07,10800,,6185,398,2026-09-03T09:11:13+09:00
292320734,헌터x헌터 HunterXHunter 신장판 2,헌터x헌터 HunterXHunter 신장판,2,,,토가시 요시히로,학산문화사(만화),2012-07,5400,10.0,5941,399,2026-09-03T09:11:13+09:00
394695720,바닷바람과 용의 보금자리 2,바닷바람과 용의 보금자리,2,,,시마 아사토,학산문화사(만화),2026-06,6300,10.0,5745,400,2026-09-03T09:11:13+09:00
358910246,명탐정 코난 106 (특장판),명탐정 코난,106,특장판,- 아크릴 스탠드(PET 재질) + 아코디언 카드 + 그림 콘티 카드 세트,아오야마 고쇼,서울미디어코믹스(서울문화사),2025-02,10800,7.0,5548,401,2026-09-03T09:11:13+09:00
280599653,지박소년 하나코 군 1,지박소년 하나코 군,1,,,아이다이로,서울미디어코믹스(서울문화사),2021-10,5400,10.0,5497,402,2026-09-03T09:11:13+09:00
314077334,헌터x헌터 HunterXHunter 신장판 4,헌터x헌터 HunterXHunter 신장판,4,,,토가시 요시히로,학산문화사(만화),2013-08,5400,,5247,403,2026-09-03T09:11:13+09:00
297863750,헌터x헌터 HunterXHunter 신장판 5,헌터x헌터 HunterXHunter 신장판,5,,,토가시 요시히로,학산문화사(만화),2013-10,5400,,5281,404,2026-09-03T09:11:13+09:00
399051127,"너무 건방져, 치가야 군 1","너무 건방져, 치가야 군",1,,,안도 마이,에이템포미디어,2026-07,5850,,4915,405,2026-09-03T09:11:13+09:00
394588669,천국대마경 12,천국대마경,12,,- S코믹스,이시구로 마사카즈,㈜소미미디어,2026-06,6300,9.0,4545,406,2026-09-03T09:11:13+09:00
399453196,묘쌤은 이렇게 말했다 11,묘쌤은 이렇게 말했다,11,,- S코믹스,무테키 소다,㈜소미미디어,2026-08,6300,10.0,4245,407,2026-09-03T09:11:13+09:00
281358410,원피스 1,원피스,1,,- 동터오는 모험시대,오다 에이치로,대원씨아이(만화),2008-03,4950,10.0,4455,408,2026-09-03T09:11:13+09:00
295417935,지. : 지구의 운동에 대하여 1,지. : 지구의 운동에 대하여,1,,,우오토,문학동네,2022-05,7200,9.7,4600,409,2026-09-03T09:11:13+09:00
395849750,놀이의 관계 1,놀이의 관계,1,,- S Novel,아오이 세키나,㈜소미미디어,2026-06,7650,10.0,3915,410,2026-09-03T09:11:13+09:00
330441742,기븐 9,기븐,9,,- 뉴 루비코믹스 2970,키즈 나츠키,현대지능개발사,2023-12,5400,9.7,3942,411,2026-09-03T09:11:13+09:00
390940611,이로하의 글이 이끄는 -눈 녹는 길-,이로하의 글이 이끄는 -눈 녹는 길-,,,,하나모리,시플리,2026-04,6300,9.1,4018,412,2026-09-03T09:11:13+09:00
397898246,역대급 영지 설계사 9,역대급 영지 설계사,9,,- 초판 한정 작가진 친필 사인 인쇄본 + 표지 일러스트 엽서 + 캐릭터 카드 3종,이현민,문페이스,2026-07,14400,,3600,413,2026-09-03T09:11:13+09:00
362211849,주술회전 29,주술회전,29,,- 인외마경 신주쿠 결전 -사활-,아쿠타미 게게,서울미디어코믹스(서울문화사),2025-04,5400,10.0,3800,414,2026-09-03T09:11:13+09:00
298348779,서랍 속 테라리움 : 신장판,서랍 속 테라리움 : 신장판,,,- S코믹스,쿠이 료코,㈜소미미디어,2022-08,8100,9.5,3700,415,2026-09-03T09:11:13+09:00
298280625,헌터x헌터 HunterXHunter 신장판 15,헌터x헌터 HunterXHunter 신장판,15,,,토가시 요시히로,학산문화사(만화),2015-04,5400,,3625,416,2026-09-03T09:11:13+09:00
400006989,이세계 유유자적 농가 16,이세계 유유자적 농가,16,,"- Novel Engine /초판한정 특별부록: 띠지, 양면 커버",나이토 키노스케,데이즈엔터(주),2026-08,9000,10.0,3390,417,2026-09-03T09:11:13+09:00
399404721,오디세이아를 한 번도 안 읽어 볼 수는 없잖아,오디세이아를 한 번도 안 읽어 볼 수는 없잖아,,,,Team. StoryG,oldstairs(올드스테어즈),2026-07,21600,9.3,4160,418,2026-09-03T09:11:13+09:00
301058679,헌터x헌터 HunterXHunter 신장판 25,헌터x헌터 HunterXHunter 신장판,25,,,토가시 요시히로,학산문화사(만화),2016-08,5400,,3573,419,2026-09-03T09:11:13+09:00
298280366,헌터x헌터 HunterXHunter 신장판 24,헌터x헌터 HunterXHunter 신장판,24,,,토가시 요시히로,학산문화사(만화),2016-06,5400,,3558,420,2026-09-03T09:11:13+09:00
298280514,헌터x헌터 HunterXHunter 신장판 27,헌터x헌터 HunterXHunter 신장판,27,,,토가시 요시히로,학산문화사(만화),2016-10,5400,,3517,421,2026-09-03T09:11:13+09:00
396563437,나나 NANA 완전판 10,나나 NANA 완전판,10,,"- 초판한정: PP엽서 1종, 포토카드 1종",야자와 아이,학산문화사(만화),2026-06,10800,,3355,422,2026-09-03T09:11:13+09:00
344711200,명탐정 코난 105 (특장판),명탐정 코난,105,특장판,- 초기 설정집 노트 + 아크릴 스탠드(PET) + 스티커 2종,아오야마 고쇼,서울미디어코믹스(서울문화사),2024-08,9000,10.0,3080,423,2026-09-03T09:11:13+09:00
400225649,인생 역전 3,인생 역전,3,,- S Novel,D,㈜소미미디어,2026-08,7650,,2940,424,2026-09-03T09:11:13+09:00
388562286,양 선배는 혼자서 살아갈 수 없어 1,양 선배는 혼자서 살아갈 수 없어,1,,,soon챠,대원씨아이(만화),2026-03,5850,,3015,425,2026-09-03T09:11:13+09:00
353581707,정반대의 너와 나 6,정반대의 너와 나,6,,,아가사와 코챠,학산문화사(만화),2024-12,5400,9.9,2809,426,2026-09-03T09:11:13+09:00
396583445,약사의 혼잣말 21,약사의 혼잣말,21,,- 마오마오의 후궁 수수께끼 풀이수첩,쿠라타 미노지,서울미디어코믹스(서울문화사),2026-06,5400,9.9,2665,427,2026-09-03T09:11:13+09:00
349941684,정반대의 너와 나 5,정반대의 너와 나,5,,,아가사와 코챠,학산문화사(만화),2024-10,5400,9.9,2738,428,2026-09-03T09:11:13+09:00
232336577,달빛천사 애장판 3,달빛천사 애장판,3,,,타네무라 아리나,서울미디어코믹스(서울문화사),2020-02,8550,10.0,2627,429,2026-09-03T09:11:13+09:00
399056156,보이는 여고생 12,보이는 여고생,12,,- 픽시하우스,이즈미 토모키,데이즈엔터(주),2026-08,7200,,2720,430,2026-09-03T09:11:13+09:00
333689768,건방진 그 녀석 1,건방진 그 녀석,1,,,미츠바치 미유키,학산문화사(만화),2016-03,5400,10.0,2577,431,2026-09-03T09:11:13+09:00
333640869,먼작귀 5 (레터북 포함 특별판),먼작귀,5,레터북 포함 특별판,- 먼가 작고 귀여운 녀석,나가노,미우(대원씨아이),2024-02,23400,10.0,2402,432,2026-09-03T09:11:13+09:00
399594642,동거하는 검성 여스승이 너무 귀여워서 매일 행복합니다 1,동거하는 검성 여스승이 너무 귀여워서 매일 행복합니다,1,,,R_링고,길찾기,2026-06,7200,10.0,2555,433,2026-09-03T09:11:13+09:00
400245338,공주님 고문의 시간입니다 19,공주님 고문의 시간입니다,19,,- 완결,하루하라 로빈슨,학산문화사(만화),2026-08,5400,10.0,2270,434,2026-09-03T09:11:13+09:00
398326987,소드 오라토리아 16,소드 오라토리아,16,,"- 던전에서 만남을 추구하면 안 되는 걸까 외전, S Novel",오모리 후지노,㈜소미미디어,2026-07,10800,,2540,435,2026-09-03T09:11:13+09:00
344689794,네가 죽을 때까지 사랑하고 싶어 7,네가 죽을 때까지 사랑하고 싶어,7,,,나치 아오노,학산문화사(만화),2024-08,5400,10.0,2506,436,2026-09-03T09:11:13+09:00
366271674,정반대의 너와 나 7,정반대의 너와 나,7,,,아가사와 코챠,학산문화사(만화),2025-06,5400,9.9,2080,437,2026-09-03T09:11:13+09:00
331618813,먼작귀 1 (그림책 포함 특별판),먼작귀,1,그림책 포함 특별판,- 먼가 작고 귀여운 녀석,나가노,미우(대원씨아이),2022-06,17820,,2136,438,2026-09-03T09:11:13+09:00
397810577,쪽팔려게임 1~2 세트 - 전2권,쪽팔려게임 1~2 세트 - 전2권,,,"- 초판 한정 부록 : 1권,2권 엽서 2종 + 학생증 2종 + 면지에 작가님 친필 사인(인쇄본)",봉수,네이버웹툰,2026-09,28800,,2045,439,2026-09-03T09:11:13+09:00
337058152,블리치 리믹스 1,블리치 리믹스,1,,,쿠보 타이토,서울미디어코믹스(서울문화사),2024-03,10800,8.0,2052,440,2026-09-03T09:11:13+09:00
400001284,와카코와 술 25,와카코와 술,25,,,신큐 치에,AK(에이케이)커뮤니케이션즈,2026-08,7200,,1770,441,2026-09-03T09:11:13+09:00
400587655,킬블루 13,킬블루,13,,,후지마키 타다토시,대원씨아이(만화),2026-08,5400,,1570,442,2026-09-03T09:11:13+09:00
396090083,향기로운 꽃은 늠름하게 핀다 8,향기로운 꽃은 늠름하게 핀다,8,,,미카미 사카,대원씨아이(만화),2026-06,6300,,1625,443,2026-09-03T09:11:13+09:00
399973834,라라의 결혼 8,라라의 결혼,8,,,타메코우,블랑코믹스(BLANC COMICS),2026-08,6300,,1620,444,2026-09-03T09:11:13+09:00
400311047,호랑이형님 21,호랑이형님,21,,,이상규,영컴(YOUNG COM),2026-08,15120,,1310,445,2026-09-03T09:11:13+09:00
400585727,전격데이지 애장판 1,전격데이지 애장판,1,,- 루나 코믹스,모토미 쿄스케,㈜소미미디어,2026-08,12600,10.0,1200,446,2026-09-03T09:11:13+09:00
400707795,뉴노멀 8,뉴노멀,8,,,아이하라 아키토,대원씨아이(만화),2026-08,5400,,1060,447,2026-09-03T09:11:13+09:00
400856423,처형당한 현자는 리치로 전생하여 침략전쟁을 시작한다 15,처형당한 현자는 리치로 전생하여 침략전쟁을 시작한다,15,,,쿠니토모 쇼타로,대원씨아이(만화),2026-08,4950,10.0,900,448,2026-09-03T09:11:13+09:00
400001026,사자나미 군이 가장 싫어하는 남자,사자나미 군이 가장 싫어하는 남자,,,,오기,인디고,2026-08,5850,,940,449,2026-09-03T09:11:13+09:00
396563354,도망을 잘 치는 도련님 22,도망을 잘 치는 도련님,22,,- 코노 모로후유 1351,마츠이 유세이,대원씨아이(만화),2026-06,5400,10.0,790,450,2026-09-03T09:11:13+09:00
400917239,전생 악녀의 흑역사 18,전생 악녀의 흑역사,18,,,토우카 아키하루,서울미디어코믹스(서울문화사),2026-08,4500,,790,451,2026-09-03T09:11:13+09:00
400909405,시오타 선생님과 아마이양 7,시오타 선생님과 아마이양,7,,,나카토카 쿠미코,대원씨아이(만화),2026-08,5850,,900,452,2026-09-03T09:11:13+09:00
400707945,우리들은 미쳤다 연모 4,우리들은 미쳤다 연모,4,,,안도 나츠미,대원씨아이(만화),2026-08,5400,,790,453,2026-09-03T09:11:13+09:00
400856407,탱크체어 TANK CHAIR 4,탱크체어 TANK CHAIR,4,,,야시로 마나부,대원씨아이(만화),2026-08,6300,,780,454,2026-09-03T09:11:13+09:00
400856443,응원 걸! 1,응원 걸!,1,,,다나카 유치아,대원씨아이(만화),2026-08,5400,10.0,930,455,2026-09-03T09:11:13+09:00
400856418,미와 씨 행세를 합니다 14,미와 씨 행세를 합니다,14,,,아오키 유헤이,대원씨아이(만화),2026-08,5850,,660,456,2026-09-03T09:11:13+09:00
400880249,파도였던 날들,파도였던 날들,,,,AJ 덩고,미메시스,2026-09,25200,10.0,650,457,2026-09-03T09:11:13+09:00
401345069,"여친, 빌리겠습니다 45","여친, 빌리겠습니다",45,,,미야지마 레이지,학산문화사(만화),2026-09,5400,,910,458,2026-09-03T09:11:13+09:00
401325950,타이카의 이성 3,타이카의 이성,3,,- S코믹스,이타가키 파루,㈜소미미디어,2026-09,6300,,910,459,2026-09-03T09:11:13+09:00
361704320,여학교의 별 4,여학교의 별,4,,,와야마 야마,문학동네,2025-03,7650,9.8,28704,460,2026-09-03T09:11:13+09:00
399067587,매거진 조이 Vol.3 : 가비지타임,매거진 조이 Vol.3 : 가비지타임,,,- 초판 한정 : 히든카드/ 상시 특별 부록: 접지 포스터 + 북마크 4종,2사장,다산코믹스,2026-07,22500,10.0,14360,461,2026-09-03T09:11:13+09:00
385521459,체인소 맨 22,체인소 맨,22,,,후지모토 타츠키,학산문화사(만화),2026-02,5400,10.0,12993,462,2026-09-03T09:11:13+09:00
391828072,열혈강호 95,열혈강호,95,,,전극진,대원씨아이(만화),2026-04,4950,9.6,12348,463,2026-09-03T09:11:13+09:00
389009894,오무라이스 잼잼 16,오무라이스 잼잼,16,,,조경규,송송책방,2026-04,18900,10.0,10619,464,2026-09-03T09:11:13+09:00
366700348,신부이야기 15,신부이야기,15,,,모리 카오루,대원씨아이(만화),2025-06,7200,9.4,10652,465,2026-09-03T09:11:13+09:00
394027323,야마다의 학급일지 4,야마다의 학급일지,4,,"- 완결, 초판 한정 : 야마다 & 무라타 일러스트 카드 3종",아오미 루이,서울미디어코믹스(서울문화사),2026-05,5850,9.8,9925,466,2026-09-03T09:11:13+09:00
312942437,타코피의 원죄 - 하,타코피의 원죄 - 하,,,,타이잔5,대원씨아이(만화),2023-03,5400,8.8,9943,467,2026-09-03T09:11:13+09:00
303306489,망그러진 만화 1,망그러진 만화,1,,- 망그러진 곰과 햄터의 귀염뽀짝 일상다반사!,유랑,좋은생각,2022-11,15120,9.9,7405,468,2026-09-03T09:11:13+09:00
301706355,주술회전 1,주술회전,1,,,아쿠타미 게게,서울미디어코믹스(서울문화사),2019-03,5400,4.0,7507,469,2026-09-03T09:11:13+09:00
375360162,향기로운 꽃은 늠름하게 핀다 17,향기로운 꽃은 늠름하게 핀다,17,,,미카미 사카,대원씨아이(만화),2025-10,5400,,7147,470,2026-09-03T09:11:13+09:00
372708826,향기로운 꽃은 늠름하게 핀다 16,향기로운 꽃은 늠름하게 핀다,16,,,미카미 사카,대원씨아이(만화),2025-09,5400,9.8,7071,471,2026-09-03T09:11:13+09:00
301706807,주술회전 4,주술회전,4,,,아쿠타미 게게,서울미디어코믹스(서울문화사),2019-05,5400,,6909,472,2026-09-03T09:11:13+09:00
329703592,지박소년 하나코 군 20,지박소년 하나코 군,20,,,아이다이로,서울미디어코믹스(서울문화사),2023-12,5400,8.9,6864,473,2026-09-03T09:11:13+09:00
388496310,단다단 20,단다단,20,,,타츠 유키노부,대원씨아이(만화),2026-03,5400,9.5,6094,474,2026-09-03T09:11:13+09:00
365659712,타워 던전 1,타워 던전,1,,,니헤이 츠토무,학산문화사(만화),2025-06,6300,9.6,5791,475,2026-09-03T09:11:13+09:00
394169724,쓰레기 기둥서방 하나 군은 죽고 싶어 해 3,쓰레기 기둥서방 하나 군은 죽고 싶어 해,3,,,아메코,대원씨아이(만화),2026-05,5850,9.7,5250,476,2026-09-03T09:11:13+09:00
397021753,완전 쓰레기인 와타라세인데 3,완전 쓰레기인 와타라세인데,3,,,나카가와 파리,대원씨아이(만화),2026-06,5400,9.7,5010,477,2026-09-03T09:11:13+09:00
304091956,지박소년 하나코 군 18,지박소년 하나코 군,18,,,아이다이로,서울미디어코믹스(서울문화사),2022-11,5400,9.6,5292,478,2026-09-03T09:11:13+09:00
389890523,타워 던전 5,타워 던전,5,,,니헤이 츠토무,학산문화사(만화),2026-04,6300,9.9,4912,479,2026-09-03T09:11:13+09:00
294153055,헌터x헌터 HunterXHunter 신장판 7,헌터x헌터 HunterXHunter 신장판,7,,,토가시 요시히로,학산문화사(만화),2014-01,5400,,4948,480,2026-09-03T09:11:13+09:00
398418968,황천의 츠가이 11 (특별판),황천의 츠가이,11,특별판,- 초판부록 2종 + 패키지 박스 + 운명의 쌍둥이 아크릴 스탠드 2종 + 팬던트 아크릴 참 키링 1종+ 시그니처 포토카드 1종 + 빅 캔배지 1종 + 홀로그램 카드 2종,아라카와 히로무,대원씨아이(만화),2026-07,25650,10.0,4710,481,2026-09-03T09:11:13+09:00
349748255,마루는 강쥐 5,마루는 강쥐,5,,,모죠,문페이스,2024-10,14400,,4624,482,2026-09-03T09:11:13+09:00
398199313,이번 생은 가주가 되겠습니다 2부 6 (특장판),이번 생은 가주가 되겠습니다 2부,6,특장판,- 만화 / 특장판 구성: 단행본 + 아크릴 스탠드 1종 + 책갈피 2종 + 엽서 5종 + 패키지 박스,앤트스튜디오,디앤씨웹툰비즈,2026-07,24300,,4610,483,2026-09-03T09:11:13+09:00
297902517,헌터x헌터 HunterXHunter 신장판 10,헌터x헌터 HunterXHunter 신장판,10,,,토가시 요시히로,학산문화사(만화),2014-04,5400,,4662,484,2026-09-03T09:11:13+09:00
373271203,마루는 강쥐 8,마루는 강쥐,8,,,모죠,문페이스,2025-10,14400,,4552,485,2026-09-03T09:11:13+09:00
395357833,전생했더니 슬라임이었던 건에 대하여 23,전생했더니 슬라임이었던 건에 대하여,23,,"- S Novel+, 완결 / 초판 한정 책갈피, 양면커버",후세,㈜소미미디어,2026-06,12600,,4450,486,2026-09-03T09:11:13+09:00
295866022,하이큐!! 45,하이큐!!,45,,"- 완결, 도전자들",후루다테 하루이치,대원씨아이(만화),2020-12,4950,10.0,4456,487,2026-09-03T09:11:13+09:00
389641207,황천의 츠가이 2,황천의 츠가이,2,,,아라카와 히로무,대원씨아이(만화),2022-12,5850,,4412,488,2026-09-03T09:11:13+09:00
396368739,어서 와 수평선 1 (트리플 특전판),어서 와 수평선,1,트리플 특전판,- 띠지 + 입욕권 북마크 1종 + pp 스탠드 1종 + 티셔츠 판 스티커 1종,와타베 타이요,대원씨아이(만화),2026-06,6300,10.0,4345,489,2026-09-03T09:11:13+09:00
390011039,황천의 츠가이 3,황천의 츠가이,3,,,아라카와 히로무,대원씨아이(만화),2023-05,5850,,4343,490,2026-09-03T09:11:13+09:00
395809429,비실비실 선생님 14,비실비실 선생님,14,,,후쿠치 카미오,대원씨아이(만화),2026-06,5850,,4375,491,2026-09-03T09:11:13+09:00
384180355,단다단 18,단다단,18,,,타츠 유키노부,대원씨아이(만화),2026-01,5400,9.6,4467,492,2026-09-03T09:11:13+09:00
337105332,Veil 1,Veil,1,,"- S코믹스, JAPAN EXPO 최우수작화상, 최우수장정상 수상",코테리,㈜소미미디어,2024-04,11520,9.2,4228,493,2026-09-03T09:11:13+09:00
393803131,"밟고, 차고, 사랑하고 6","밟고, 차고, 사랑하고",6,,,이치야 스미,대원씨아이(만화),2026-05,4950,9.7,4100,494,2026-09-03T09:11:13+09:00
310412096,기븐 8,기븐,8,,- 뉴 루비코믹스 2865,키즈 나츠키,현대지능개발사,2023-02,5400,9.6,4074,495,2026-09-03T09:11:13+09:00
397294534,비교하고 검토하는 교열부의 쿠쥬 씨 1,비교하고 검토하는 교열부의 쿠쥬 씨,1,,,고이시 유카,서교책방,2026-07,11520,9.7,4120,496,2026-09-03T09:11:13+09:00
298280458,헌터x헌터 HunterXHunter 신장판 30,헌터x헌터 HunterXHunter 신장판,30,,,토가시 요시히로,학산문화사(만화),2017-03,5400,,3945,497,2026-09-03T09:11:13+09:00
295865866,하이큐!! 43,하이큐!!,43,,- 최종보스,후루다테 하루이치,대원씨아이(만화),2020-09,4950,,3852,498,2026-09-03T09:11:13+09:00
390941683,황천의 츠가이 1,황천의 츠가이,1,,,아라카와 히로무,대원씨아이(만화),2022-08,5850,,3755,499,2026-09-03T09:11:13+09:00
300919153,헌터x헌터 HunterXHunter 신장판 14,헌터x헌터 HunterXHunter 신장판,14,,,토가시 요시히로,학산문화사(만화),2014-12,5400,,3699,500,2026-09-03T09:11:13+09:00
301058824,헌터x헌터 HunterXHunter 신장판 29,헌터x헌터 HunterXHunter 신장판,29,,,토가시 요시히로,학산문화사(만화),2017-01,5400,,3516,501,2026-09-03T09:11:13+09:00
399291548,새내기 4,새내기,4,,,혁대,블루픽,2026-07,14220,10.0,3115,502,2026-09-03T09:11:13+09:00
397022214,창천항로 애장판 2,창천항로 애장판,2,,,킹곤타,대원씨아이(만화),2026-06,16200,10.0,2855,503,2026-09-03T09:11:13+09:00
396049332,블루 자이언트 모멘텀 6,블루 자이언트 모멘텀,6,,,이시즈카 신이치,대원씨아이(만화),2026-06,5850,10.0,2940,504,2026-09-03T09:11:13+09:00
398833327,이 결혼은 어차피 망하게 되어 있다 8,이 결혼은 어차피 망하게 되어 있다,8,,,,영컴(YOUNG COM),2026-07,15120,,2885,505,2026-09-03T09:11:13+09:00
333640352,정반대의 너와 나 3,정반대의 너와 나,3,,,아가사와 코챠,학산문화사(만화),2024-02,5400,9.8,2777,506,2026-09-03T09:11:13+09:00
345587184,정반대의 너와 나 4,정반대의 너와 나,4,,,아가사와 코챠,학산문화사(만화),2024-08,5400,9.7,2771,507,2026-09-03T09:11:13+09:00
321124579,먼작귀 1,먼작귀,1,,- 먼가 작고 귀여운 녀석,나가노,미우(대원씨아이),2022-06,10800,,2634,508,2026-09-03T09:11:13+09:00
393696313,창천항로 애장판 1,창천항로 애장판,1,,,킹곤타,대원씨아이(만화),2026-05,16200,6.4,2710,509,2026-09-03T09:11:13+09:00
394833578,장송의 프리렌 1,장송의 프리렌,1,,,야마다 카네히토,학산문화사(만화),2021-11,6300,,2625,510,2026-09-03T09:11:13+09:00
232338320,달빛천사 애장판 4,달빛천사 애장판,4,,- 완결,타네무라 아리나,서울미디어코믹스(서울문화사),2020-02,8550,10.0,2647,511,2026-09-03T09:11:13+09:00
393153006,마가이모노 1,마가이모노,1,,"- 위작, S코믹스",쿠로카와 유미,㈜소미미디어,2026-05,8100,9.6,3110,512,2026-09-03T09:11:13+09:00
323998705,먼작귀 4,먼작귀,4,,- 먼가 작고 귀여운 녀석,나가노,미우(대원씨아이),2023-09,10800,9.8,2233,513,2026-09-03T09:11:13+09:00
399055863,다크 개더링 1,다크 개더링,1,,- 픽시하우스 /초판 한정: 띠지 + 일러스트 카드,콘도 켄이치,코믹레인,2026-08,6300,10.0,2090,514,2026-09-03T09:11:13+09:00
400138794,이번 생은 가주가 되겠습니다 2부 6,이번 생은 가주가 되겠습니다 2부,6,,- 만화,앤트스튜디오,디앤씨웹툰비즈,2026-08,14400,,2200,515,2026-09-03T09:11:13+09:00
310882441,먼작귀 3 (카드놀이 포함 특별판),먼작귀,3,카드놀이 포함 특별판,"- 카드놀이 세트: 카드 96장(문장 카드 46장, 그림 카드 46장) + 설명서 1장",나가노,미우(대원씨아이),2023-02,24300,4.0,2033,516,2026-09-03T09:11:13+09:00
394027566,블리치 리믹스 16,블리치 리믹스,16,,,쿠보 타이토,서울미디어코믹스(서울문화사),2026-05,10800,9.6,1810,517,2026-09-03T09:11:13+09:00
397222553,데포르메 세계 그리는 법,데포르메 세계 그리는 법,,,,시마리스 유키치,잉크잼(잼스푼),2026-07,19800,,1910,518,2026-09-03T09:11:13+09:00
399050317,블루 피리어드 6 (더블 특전판),블루 피리어드,6,더블 특전판,"- 시프트코믹스 /초판 더블 특전 : 일러스트 카드 1종, 박티켓 책갈피 1종",야마구치 츠바사,YNK MEDIA(만화),2026-07,5400,,1855,519,2026-09-03T09:11:13+09:00
399056425,다크 개더링 3,다크 개더링,3,,- 픽시하우스 / 초판 한정 : 띠지+일러스트 카드,콘도 켄이치,코믹레인,2026-08,6300,,1740,520,2026-09-03T09:11:13+09:00
296275956,네가 죽을 때까지 사랑하고 싶어 2,네가 죽을 때까지 사랑하고 싶어,2,,,나치 아오노,학산문화사(만화),2021-02,5400,,1953,521,2026-09-03T09:11:13+09:00
400245307,나쁜 X에게 행복 있으라 6,나쁜 X에게 행복 있으라,6,,,키시카와 미즈키,학산문화사(만화),2026-08,5400,,1590,522,2026-09-03T09:11:13+09:00
400364294,이기적 연애론 3,이기적 연애론,3,,,교교박,다산코믹스,2026-08,16020,,1690,523,2026-09-03T09:11:13+09:00
375536744,풀 나이트 3,풀 나이트,3,,- S코믹스,야스다 카스미,㈜소미미디어,2025-11,5400,10.0,1465,524,2026-09-03T09:11:13+09:00
400585836,아자미 야코를 좋아하게 된다 2,아자미 야코를 좋아하게 된다,2,,,유니티 콩,대원씨아이(만화),2026-08,5850,10.0,1350,525,2026-09-03T09:11:13+09:00
357930933,풀 나이트 2,풀 나이트,2,,- S코믹스,야스다 카스미,㈜소미미디어,2025-02,6300,10.0,1267,526,2026-09-03T09:11:13+09:00
400586056,SCP가 뭔가요? 3,SCP가 뭔가요?,3,,,하치훈,대원씨아이(만화),2026-08,5850,,1130,527,2026-09-03T09:11:13+09:00
398284864,책벌레의 하극상 제4부 : 귀족원의 도서관을 구하고 싶어! 10,책벌레의 하극상 제4부 : 귀족원의 도서관을 구하고 싶어!,10,,- 사서가 되기 위해서라면 뭐든지 할 수 있어,카츠키 히카루,대원씨아이(만화),2026-07,5400,10.0,1255,528,2026-09-03T09:11:13+09:00
399973937,코믹 무직전생 21,코믹 무직전생,21,,- 이세계에 갔으면 최선을 다한다,후지카와 유카,학산문화사(만화),2026-08,5400,,1150,529,2026-09-03T09:11:13+09:00
340310033,블리치 리믹스 3,블리치 리믹스,3,,,쿠보 타이토,서울미디어코믹스(서울문화사),2024-05,10800,10.0,1153,530,2026-09-03T09:11:13+09:00
400585956,통제구역관리부 4,통제구역관리부,4,,,탄광,다산코믹스,2026-08,18900,2.0,1150,531,2026-09-03T09:11:13+09:00
400733376,건강하고 문화적인 최저한도의 생활 11,건강하고 문화적인 최저한도의 생활,11,,,가시와기 하루코,문학동네,2026-08,8820,,1040,532,2026-09-03T09:11:13+09:00
400715990,가짜 연금술사 4,가짜 연금술사,4,,"- 픽시하우스, 초판한정 특별부록 : 일러스트 카드 + 띠지",우메마루,미스터블루,2026-09,7200,,980,533,2026-09-03T09:11:13+09:00
400586342,펜과 수갑과 사실혼 4,펜과 수갑과 사실혼,4,,,사와라기 신이치,학산문화사(만화),2026-08,5400,,1200,534,2026-09-03T09:11:13+09:00
400556285,꿈자리가 이상한데요?! 외전 (한정판),꿈자리가 이상한데요?! 외전,,한정판,"- 구성: 도서, SD 판 스티커, 작가 선화 및 사인 인쇄, 아크릴 누들 스토퍼, 네컷사진, 증명사진 세트, 포토카드 2종, 폴라로이드 2종",흰귀,북극여우,2026-10,39600,,940,535,2026-09-03T09:11:13+09:00
400586291,도쿄대 세 자매 2,도쿄대 세 자매,2,,,이소야 유키,대원씨아이(만화),2026-08,5850,,880,536,2026-09-03T09:11:13+09:00
400653955,마왕과 용사의 사랑의 도피 바캉스 (더블 특전판),마왕과 용사의 사랑의 도피 바캉스,,더블 특전판,"- 솔트 코믹스, 초판 더블 특전 : 만화 1P 페이퍼, 일러스트 카드 1종",바세우,YNK MEDIA(만화),2026-08,5850,,870,537,2026-09-03T09:11:13+09:00
400585822,W 줄리엣 2부 16,W 줄리엣 2부,16,,,에무라,대원씨아이(만화),2026-08,3780,,750,538,2026-09-03T09:11:13+09:00
400649530,친구 여동생이 나한테만 짜증나게 군다 9,친구 여동생이 나한테만 짜증나게 군다,9,,- SL Comic,히라오카 히라,디앤씨미디어(주)(D&C미디어),2026-08,6300,,640,539,2026-09-03T09:11:13+09:00
401247959,내일은 어느 쪽! 12,내일은 어느 쪽!,12,,- 코믹 라르고 Comic Largo,야마모토 코테츠코,조은세상(북두),2026-09,5400,,560,540,2026-09-03T09:11:13+09:00
401046164,안티 페이크 러브,안티 페이크 러브,,,,미스미 요코,레어블(Rareble),2026-08,5400,,580,541,2026-09-03T09:11:13+09:00
400930279,에리스의 성배 6,에리스의 성배,6,,- S코믹스,모모야마 히나세,㈜소미미디어,2026-09,6300,,940,542,2026-09-03T09:11:13+09:00
401248068,"달은 차고 이지러져, 짐승의 사랑 신장판","달은 차고 이지러져, 짐승의 사랑 신장판",,,- 라르고 맥스 Largo Max,노지로 구리,조은세상(북두),2026-09,5850,,730,543,2026-09-03T09:11:13+09:00
401326372,풀 나이트 5,풀 나이트,5,,- S코믹스,야스다 카스미,㈜소미미디어,2026-09,6300,,910,544,2026-09-03T09:11:13+09:00
387708173,GACHIAKUTA 16,GACHIAKUTA,16,,,케이 우라나,학산문화사(만화),2026-03,5400,10.0,11241,545,2026-09-03T09:11:13+09:00
379795065,괴수 8호 16 (더블 특전판),괴수 8호,16,더블 특전판,"- 완결, '카프카' 캐릭터 카드 + 스페셜 일러스트 카드 2종",마츠모토 나오야,서울미디어코믹스(서울문화사),2025-12,5400,10.0,11107,546,2026-09-03T09:11:13+09:00
393239337,모모세 아키라의 첫사랑 파탄 중 5 (트리플 특전판),모모세 아키라의 첫사랑 파탄 중,5,트리플 특전판,- 스페셜 아크릴 일러스트 카드(1종) + 다양한 매력의 양면 일러스트 카드(2종),하레카와 신타,서울미디어코믹스(서울문화사),2026-05,6750,9.8,11050,547,2026-09-03T09:11:13+09:00
382046167,캐릭캐릭 체인지! Jewel Joker 주얼 조커 2,캐릭캐릭 체인지! Jewel Joker 주얼 조커,2,,,PEACH-PIT,서울미디어코믹스(서울문화사),2025-12,5850,9.8,9459,548,2026-09-03T09:11:13+09:00
2308089,만화의 이해,만화의 이해,,,,스콧 맥클라우드,비즈앤비즈,2008-07,17100,9.8,9091,549,2026-09-03T09:11:13+09:00
363873557,찍히지 않습니다 1,찍히지 않습니다,1,,- S코믹스,코노시마 루카,㈜소미미디어,2025-05,5850,9.8,9023,550,2026-09-03T09:11:13+09:00
294677380,귀멸의 칼날 23,귀멸의 칼날,23,,- 완결,고토게 코요하루,학산문화사(만화),2021-04,5400,9.3,8521,551,2026-09-03T09:11:13+09:00
387160732,반딧불이의 혼례 9,반딧불이의 혼례,9,,,타치바나 오레코,서울미디어코믹스(서울문화사),2026-02,7650,9.7,8264,552,2026-09-03T09:11:13+09:00
397904785,보석함에 사랑을 채우자 1,보석함에 사랑을 채우자,1,,,미키모토 린,학산문화사(만화),2026-07,6300,9.5,8185,553,2026-09-03T09:11:13+09:00
395358108,찍히지 않습니다 6,찍히지 않습니다,6,,"- S코믹스 /초판 한정 일러스트 카드, 폴라로이드 사진풍 카드 2종",코노시마 루카,㈜소미미디어,2026-06,6300,10.0,7975,554,2026-09-03T09:11:13+09:00
393727271,전지적 독자 시점 19,전지적 독자 시점,19,,- 초판한정: 캐릭터 카드 1종 + 엽서 1종,슬리피-C,에이템포미디어,2026-05,14850,10.0,7965,555,2026-09-03T09:11:13+09:00
383612098,타몬 군 지금 어느 쪽?! 11,타몬 군 지금 어느 쪽?!,11,,,시와스 유키,학산문화사(만화),2026-01,5400,10.0,7648,556,2026-09-03T09:11:13+09:00
397592223,애태울 정도의 사랑을 알아라 3,애태울 정도의 사랑을 알아라,3,,- 완결,쿄노 마코,학산문화사(만화),2026-07,6300,10.0,7320,557,2026-09-03T09:11:13+09:00
301706475,주술회전 2,주술회전,2,,,아쿠타미 게게,서울미디어코믹스(서울문화사),2019-03,5400,,6906,558,2026-09-03T09:11:13+09:00
327556882,마루는 강쥐 2,마루는 강쥐,2,,,모죠,문페이스,2023-11,14400,10.0,6294,559,2026-09-03T09:11:13+09:00
360411647,마루는 강쥐 6,마루는 강쥐,6,,,모죠,문페이스,2025-03,14400,,6089,560,2026-09-03T09:11:13+09:00
386563480,단다단 19,단다단,19,,,타츠 유키노부,대원씨아이(만화),2026-02,5400,10.0,5796,561,2026-09-03T09:11:13+09:00
395999849,이다의 날마다 자연관찰,이다의 날마다 자연관찰,,,- 어린이를 위한 자연관찰 그림일기,이다,보리,2026-06,16650,10.0,5570,562,2026-09-03T09:11:13+09:00
335717444,GACHIAKUTA 1,GACHIAKUTA,1,,,케이 우라나,학산문화사(만화),2024-03,5400,10.0,5642,563,2026-09-03T09:11:13+09:00
226966203,그 비스크 돌은 사랑을 한다 2,그 비스크 돌은 사랑을 한다,2,,- S코믹스,후쿠다 신이치,㈜소미미디어,2020-01,6300,9.0,5626,564,2026-09-03T09:11:13+09:00
333218155,마루는 강쥐 3,마루는 강쥐,3,,,모죠,문페이스,2024-02,14400,,5291,565,2026-09-03T09:11:13+09:00
397362768,가끔씩 툭하고 러시아어로 부끄러워하는 옆자리의 아랴 양 11,가끔씩 툭하고 러시아어로 부끄러워하는 옆자리의 아랴 양,11,,"- L Novel /초판 한정 특전 : 띠지, 책갈피, 양면 표지, 폴라로이드 카드 1종",SUN SUN SUN,디앤씨미디어(주)(D&C미디어),2026-07,7650,,5500,566,2026-09-03T09:11:13+09:00
382041006,사카모토 데이즈 24,사카모토 데이즈,24,,- 감전 주의,스즈키 유우토,대원씨아이(만화),2025-12,5850,,5490,567,2026-09-03T09:11:13+09:00
387582084,타워 던전 4,타워 던전,4,,,니헤이 츠토무,학산문화사(만화),2026-03,6300,10.0,5159,568,2026-09-03T09:11:13+09:00
393112792,비실비실 선생님 13,비실비실 선생님,13,,,후쿠치 카미오,대원씨아이(만화),2026-05,5850,10.0,5390,569,2026-09-03T09:11:13+09:00
349201937,일러스트레이터를 위한 구도와 서사 마스터 가이드북 : COMPOSITION & NARRATIVE,일러스트레이터를 위한 구도와 서사 마스터 가이드북 : COMPOSITION & NARRATIVE,,,,3D토털 퍼블리싱,영진.com(영진닷컴),2024-10,28800,10.0,5148,570,2026-09-03T09:11:13+09:00
311362968,헌터x헌터 HunterXHunter 신장판 6,헌터x헌터 HunterXHunter 신장판,6,,,토가시 요시히로,학산문화사(만화),2013-10,5400,10.0,5028,571,2026-09-03T09:11:13+09:00
317849520,지박소년 하나코 군 19,지박소년 하나코 군,19,,,아이다이로,서울미디어코믹스(서울문화사),2023-06,5400,9.8,5055,572,2026-09-03T09:11:13+09:00
301714509,주술회전 16,주술회전,16,,- 시부야 사변 -폐문-,아쿠타미 게게,서울미디어코믹스(서울문화사),2021-08,5400,,4763,573,2026-09-03T09:11:13+09:00
399052013,THE ART OF SOLO LEVELING : 웹툰 「나 혼자만 레벨업」 공식 아트북,THE ART OF SOLO LEVELING : 웹툰 「나 혼자만 레벨업」 공식 아트북,,,,장성락(REDICE STUDIO),디앤씨미디어(주)(D&C미디어),2026-08,43200,,4710,574,2026-09-03T09:11:13+09:00
394711869,김전일 아빠의 사건부 3,김전일 아빠의 사건부,3,,,아마기 세이마루,서울미디어코믹스(서울문화사),2026-06,6300,9.7,4815,575,2026-09-03T09:11:13+09:00
246152488,여름 안에서,여름 안에서,,,,성률,문학동네,2020-07,17550,8.1,4781,576,2026-09-03T09:11:13+09:00
315823527,헌터x헌터 HunterXHunter 신장판 9,헌터x헌터 HunterXHunter 신장판,9,,,토가시 요시히로,학산문화사(만화),2014-04,5400,,4494,577,2026-09-03T09:11:13+09:00
314077483,헌터x헌터 HunterXHunter 신장판 8,헌터x헌터 HunterXHunter 신장판,8,,,토가시 요시히로,학산문화사(만화),2014-01,5400,,4435,578,2026-09-03T09:11:13+09:00
392518926,오가미 츠미키와 기일상 6,오가미 츠미키와 기일상,6,,,모리시타 미유,학산문화사(만화),2026-05,5400,9.3,4250,579,2026-09-03T09:11:13+09:00
382042317,디 그레이 맨 29,디 그레이 맨,29,,,호시노 카츠라,대원씨아이(만화),2025-12,5400,10.0,4179,580,2026-09-03T09:11:13+09:00
338430853,명탐정 코난 104 (특장판),명탐정 코난,104,특장판,- 아크릴 스탠드 + 극장판 '명탐정코난: 흑철의 어영' 그림 콘티북 + 어나더 커버,아오야마 고쇼,서울미디어코믹스(서울문화사),2024-04,9000,8.7,4100,581,2026-09-03T09:11:13+09:00
282899789,지박소년 하나코 군 9,지박소년 하나코 군,9,,,아이다이로,서울미디어코믹스(서울문화사),2021-11,5400,10.0,4141,582,2026-09-03T09:11:13+09:00
390241459,황천의 츠가이 4,황천의 츠가이,4,,,아라카와 히로무,대원씨아이(만화),2023-10,5850,,3779,583,2026-09-03T09:11:13+09:00
301073130,하이큐!! 44,하이큐!!,44,,- 최강의 적,후루다테 하루이치,대원씨아이(만화),2020-11,4950,,3795,584,2026-09-03T09:11:13+09:00
290233284,하이큐!! 42,하이큐!!,42,,- 무엇,후루다테 하루이치,대원씨아이(만화),2020-07,4950,,3712,585,2026-09-03T09:11:13+09:00
398843926,무대 담당과 악역 군 2,무대 담당과 악역 군,2,,- 완결 / 초판 한정 양면 일러스트 카드 2종,야마시나 티나,㈜소미미디어,2026-07,6300,,3905,586,2026-09-03T09:11:13+09:00
384923404,이세계 삼촌 13,이세계 삼촌,13,,- 픽시하우스,호톤도신데이루,데이즈엔터(주),2026-02,7200,,3425,587,2026-09-03T09:11:13+09:00
394015605,나나 NANA 완전판 9,나나 NANA 완전판,9,,"- 초판 한정: PP엽서 1종, 포토카드 1종",야자와 아이,학산문화사(만화),2026-05,10800,,3420,588,2026-09-03T09:11:13+09:00
314918984,헌터x헌터 HunterXHunter 신장판 28,헌터x헌터 HunterXHunter 신장판,28,,,토가시 요시히로,학산문화사(만화),2016-12,5400,,3407,589,2026-09-03T09:11:13+09:00
298051313,헌터x헌터 HunterXHunter 신장판 26,헌터x헌터 HunterXHunter 신장판,26,,,토가시 요시히로,학산문화사(만화),2016-08,5400,,3341,590,2026-09-03T09:11:13+09:00
365413873,팔견전 21,팔견전,21,,"- 동방팔견이문, S코믹스",아베 미유키,㈜소미미디어,2025-06,5400,10.0,3341,591,2026-09-03T09:11:13+09:00
374998765,GACHIAKUTA 15,GACHIAKUTA,15,,- 일반판,케이 우라나,학산문화사(만화),2025-10,5400,,3445,592,2026-09-03T09:11:13+09:00
398867274,찍히지 않습니다 7 (한정판),찍히지 않습니다,7,한정판,"- 아크릴 키링 + 카드 스티커 2종 + PET 4컷 사진 책갈피 + 초판 한정 일러스트 카드 + 폴라로이드 사진풍 카드 2종, S코믹스",코노시마 루카,㈜소미미디어,2026-08,22500,,3600,593,2026-09-03T09:11:13+09:00
375535559,나의 히어로 아카데미아 공식 일러스트집 Ultra Artworks,나의 히어로 아카데미아 공식 일러스트집 Ultra Artworks,,,,호리코시 코헤이,서울미디어코믹스(서울문화사),2025-10,39600,,3023,594,2026-09-03T09:11:13+09:00
301917562,오란고교 호스트부 1,오란고교 호스트부,1,,,하토리 비스코,학산문화사(만화),2004-02,5400,8.0,3100,595,2026-09-03T09:11:13+09:00
393514967,아름다운 인체 그리기 레슨,아름다운 인체 그리기 레슨,,,,후지타쿠,한즈미디어(한스미디어),2026-05,16200,9.7,3030,596,2026-09-03T09:11:13+09:00
397015748,어떤 여름방학,어떤 여름방학,,,,궁리(박조은),휴머니스트,2026-06,19800,,3240,597,2026-09-03T09:11:13+09:00
320637311,정반대의 너와 나 1,정반대의 너와 나,1,,,아가사와 코챠,학산문화사(만화),2023-07,5400,9.8,2911,598,2026-09-03T09:11:13+09:00
397592282,아오이 군의 음담패설은 참을 수 없어!! 2,아오이 군의 음담패설은 참을 수 없어!!,2,,,mmk,학산문화사(만화),2026-07,6300,,2955,599,2026-09-03T09:11:13+09:00
398906133,벨 푸페의 슈퍼달링 약혼 2,벨 푸페의 슈퍼달링 약혼,2,,- 코믹,셀렌,학산문화사(만화),2026-07,6300,,2950,600,2026-09-03T09:11:13+09:00
309292959,무로이 야스오의 캐릭터 얼굴 & 바스트업 작화 기술,무로이 야스오의 캐릭터 얼굴 & 바스트업 작화 기술,,,,무로이 야스오,영진.com(영진닷컴),2023-02,18000,9.4,2910,601,2026-09-03T09:11:13+09:00
322804966,정반대의 너와 나 2,정반대의 너와 나,2,,,아가사와 코챠,학산문화사(만화),2023-08,5400,9.8,2816,602,2026-09-03T09:11:13+09:00
397905187,THE POOL,THE POOL,,,,사쿠라이 가몬,학산문화사(만화),2026-07,13500,10.0,2855,603,2026-09-03T09:11:13+09:00
345982331,흑무경담 1,흑무경담,1,,- S코믹스,토가와 요난,㈜소미미디어,2024-09,5400,8.6,2891,604,2026-09-03T09:11:13+09:00
355242244,흑무경담 2,흑무경담,2,,- S코믹스,토가와 요난,㈜소미미디어,2025-01,5400,9.7,2859,605,2026-09-03T09:11:13+09:00
399290916,우리 반리가 신세 좀 지겠습니다 4,우리 반리가 신세 좀 지겠습니다,4,,,카이도 치토세,대원씨아이(만화),2026-07,5400,,2680,606,2026-09-03T09:11:13+09:00
393313791,추우면 변하는 헤비가미 군 1,추우면 변하는 헤비가미 군,1,,"- 초판 한정 특전: 띠지, 스티커, PET 스탠드, 투명 책갈피, SL Comic",쿠리미야,디앤씨미디어(주)(D&C미디어),2026-05,6300,8.5,2600,607,2026-09-03T09:11:13+09:00
399050467,블루 피리어드 6 (한정판),블루 피리어드,6,한정판,"- 시프트코믹스 /한정판 구성품 : 도서(초판 부록 포함), 1~6권 수납 박스, 컬러링북 소책자, 박티켓 책갈피 3종",야마구치 츠바사,YNK MEDIA(만화),2026-07,13500,,2635,608,2026-09-03T09:11:13+09:00
399973609,켄투리아 6,켄투리아,6,,,쿠라모리 토오루,학산문화사(만화),2026-08,5400,10.0,2680,609,2026-09-03T09:11:13+09:00
400000607,빠져든 침대에서 천사의 자는 얼굴을 보고 싶을 뿐,빠져든 침대에서 천사의 자는 얼굴을 보고 싶을 뿐,,,- #둘이서 저지른 비밀의 교칙 위반,우에스 테츠토,AK(에이케이)커뮤니케이션즈,2026-08,10800,,2620,610,2026-09-03T09:11:13+09:00
320691848,먼작귀 3,먼작귀,3,,- 먼가 작고 귀여운 녀석,나가노,미우(대원씨아이),2023-02,10800,,2665,611,2026-09-03T09:11:13+09:00
393007477,사토리×콤플렉스,사토리×콤플렉스,,,"- 초판 특전 : 양면 일러스트 카드, PET 북마크 스탠드",유히,리크,2026-05,6300,9.6,2580,612,2026-09-03T09:11:13+09:00
391724707,명탐정 코난 로맨틱 러버스 셀렉션,명탐정 코난 로맨틱 러버스 셀렉션,,,,아오야마 고쇼,서울미디어코믹스(서울문화사),2026-04,10800,10.0,2396,613,2026-09-03T09:11:13+09:00
384344658,네가 죽을 때까지 사랑하고 싶어 8,네가 죽을 때까지 사랑하고 싶어,8,,,나치 아오노,학산문화사(만화),2026-01,5400,9.9,2508,614,2026-09-03T09:11:13+09:00
323998644,먼작귀 4 (콩알도감 포함 특별판),먼작귀,4,콩알도감 포함 특별판,- 먼가 작고 귀여운 녀석,나가노,미우(대원씨아이),2023-09,21600,6.7,2537,615,2026-09-03T09:11:13+09:00
395531072,장송의 프리렌 13,장송의 프리렌,13,,,야마다 카네히토,학산문화사(만화),2024-12,6300,,2175,616,2026-09-03T09:11:13+09:00
400225603,고교 시절에 거만했던 여왕님과의 동거 생활은 의외로 나쁘지 않다 1,고교 시절에 거만했던 여왕님과의 동거 생활은 의외로 나쁘지 않다,1,,- S Novel,미소네타 도자에몽,㈜소미미디어,2026-08,7650,,2160,617,2026-09-03T09:11:13+09:00
400547758,코믹 어둠의 실력자가 되고 싶어서! 15,코믹 어둠의 실력자가 되고 싶어서!,15,,- J Comic,사카노 안리,서울미디어코믹스(서울문화사),2026-08,4500,10.0,1970,618,2026-09-03T09:11:13+09:00
400001881,무서운 책 6,무서운 책,6,,- 괴물,우메즈 카즈오,AK(에이케이)커뮤니케이션즈,2026-08,9000,,1970,619,2026-09-03T09:11:13+09:00
399056149,제도성배기담 Fate/type Redline 6,제도성배기담 Fate/type Redline,6,,- 노엔 코믹스 / 초판한정 특별부록 : 일러스트 카드 + 띠지,히라노 료지,데이즈엔터(주),2026-08,7200,10.0,2110,620,2026-09-03T09:11:13+09:00
399381805,격기 3반 18,격기 3반,18,,- 남일고등학교 격투기 특기반,이학,대원씨아이(만화),2026-07,4950,10.0,1995,621,2026-09-03T09:11:13+09:00
398906340,벨 푸페의 슈퍼달링 약혼 2 (한정판),벨 푸페의 슈퍼달링 약혼,2,한정판,- 아크릴 스탠드 + PET 프레임 클리어 카드 3종,셀렌,학산문화사(만화),2026-07,19800,,2290,622,2026-09-03T09:11:13+09:00
400225413,쪼그맣고 커다랗고 귀여운 나나세를 착각 전남친한테서 빼앗아 행복하게 한다 3,쪼그맣고 커다랗고 귀여운 나나세를 착각 전남친한테서 빼앗아 행복하게 한다,3,,- S Novel,카라스마 에이,㈜소미미디어,2026-08,7650,,1810,623,2026-09-03T09:11:13+09:00
318446151,네가 죽을 때까지 사랑하고 싶어 3,네가 죽을 때까지 사랑하고 싶어,3,,,나치 아오노,학산문화사(만화),2021-05,5400,,2067,624,2026-09-03T09:11:13+09:00
385522632,절대 BL이 되는 세계 & 절대 BL이 되지 않는 고교 생활 1,절대 BL이 되는 세계 & 절대 BL이 되지 않는 고교 생활,1,,,콘키치,학산문화사(만화),2026-02,7200,9.1,1845,625,2026-09-03T09:11:13+09:00
396657276,비밀법인 데스메이커 1,비밀법인 데스메이커,1,,,우나다 마아치,대원씨아이(만화),2026-06,6300,10.0,1835,626,2026-09-03T09:11:13+09:00
399953662,히마텐! 4,히마텐!,4,,- SL Comic,오노 겐키,디앤씨미디어(주)(D&C미디어),2026-08,6300,,1840,627,2026-09-03T09:11:13+09:00
399056069,다크 개더링 2,다크 개더링,2,,- 픽시하우스 /초판 한정: 띠지 + 일러스트 카드,콘도 켄이치,코믹레인,2026-08,6300,,1710,628,2026-09-03T09:11:13+09:00
396097455,장송의 프리렌 5,장송의 프리렌,5,,,야마다 카네히토,학산문화사(만화),2026-06,6300,,1715,629,2026-09-03T09:11:13+09:00
394588521,풀 나이트 4,풀 나이트,4,,- S코믹스,야스다 카스미,㈜소미미디어,2026-06,6300,10.0,1575,630,2026-09-03T09:11:13+09:00
399312403,극한견주 6,극한견주,6,,- 출간 기념 선착순 특전: 잘라쓰는 북마크,마일로,북극여우,2026-07,14850,,1430,631,2026-09-03T09:11:13+09:00
398811243,힛 미 하드 1 (특별판),힛 미 하드,1,특별판,- 패키지 박스 + 엽서 1종 + 렌티큘러 엽서 1종 + 포토카드 3종 + 아크릴 스탠드 1종 + 멀티 클리너 1종,,다산코믹스,2026-07,34200,10.0,1420,632,2026-09-03T09:11:13+09:00
385894622,먼작귀 2 (그림책 포함 특별판),먼작귀,2,그림책 포함 특별판,- 먼가 작고 귀여운 녀석,나가노,미우(대원씨아이),2022-08,17820,,1451,633,2026-09-03T09:11:13+09:00
396563330,노이지 룸메이트 6,노이지 룸메이트,6,,,오자키 카호,대원씨아이(만화),2026-06,5400,10.0,1425,634,2026-09-03T09:11:13+09:00
338563463,블리치 리믹스 2,블리치 리믹스,2,,,쿠보 타이토,서울미디어코믹스(서울문화사),2024-04,10800,10.0,1606,635,2026-09-03T09:11:13+09:00
400006895,내가 죽을 뿐인 100가지 괴담 2,내가 죽을 뿐인 100가지 괴담,2,,"- 노엔 코믹스 / 초판한정 특별부록 : 일러스트 카드, 띠지",마토노 안지,데이즈엔터(주),2026-08,7200,10.0,1310,636,2026-09-03T09:11:13+09:00
399543570,이우일의 만화 그리스로마 신화 3,이우일의 만화 그리스로마 신화,3,,- 오뒷세우스,이우일,비채,2026-07,20250,,1210,637,2026-09-03T09:11:13+09:00
399872446,로스타임에 작별 인사를 Home and Away,로스타임에 작별 인사를 Home and Away,,,- 라르고 맥스 Largo Max,코코미,조은세상(북두),2026-08,5400,10.0,1250,638,2026-09-03T09:11:13+09:00
400543500,"아리스, 우주까지도 4","아리스, 우주까지도",4,,,우리노 키코,대원씨아이(만화),2026-08,6300,,1130,639,2026-09-03T09:11:13+09:00
400585731,퀸즈 퀄리티 1,퀸즈 퀄리티,1,,- 루나 코믹스,모토미 쿄스케,㈜소미미디어,2026-08,6300,,790,640,2026-09-03T09:11:13+09:00
389482128,애태울 정도의 사랑을 알아라 1,애태울 정도의 사랑을 알아라,1,,,쿄노 마코,학산문화사(만화),2026-04,6300,,940,641,2026-09-03T09:11:13+09:00
399925554,최애의 성벽이 너무 위험하다고요! 1,최애의 성벽이 너무 위험하다고요!,1,,- BB코믹스,하루지ON,㈜소미미디어,2026-08,5850,,1050,642,2026-09-03T09:11:13+09:00
334128695,사랑해 게임을 끝내고 싶어 4,사랑해 게임을 끝내고 싶어,4,,,도모토 유키,학산문화사(만화),2024-02,5400,,904,643,2026-09-03T09:11:13+09:00
400662089,바키도 11,바키도,11,,,이타가키 케이스케,서울미디어코믹스(서울문화사),2026-08,5400,10.0,870,644,2026-09-03T09:11:13+09:00
400662198,오늘부터 시작하는 소꿉친구 9,오늘부터 시작하는 소꿉친구,9,,,Midori Obiya,서울미디어코믹스(서울문화사),2026-08,5400,,850,645,2026-09-03T09:11:13+09:00
400652846,트릴리온 게임 10,트릴리온 게임,10,,- 시프트코믹스,이케가미 료이치,YNK MEDIA(만화),2026-08,5400,10.0,800,646,2026-09-03T09:11:13+09:00
400585960,특별한 도라에몽 : 쿵짜라♪ 울려퍼지는 음악 편 8,특별한 도라에몽 : 쿵짜라♪ 울려퍼지는 음악 편,8,,,후지코 F. 후지오,대원씨아이(만화),2026-08,8100,,1030,647,2026-09-03T09:11:13+09:00
400662384,꿈사랑 ~꿈에서 우리는 사랑에 빠진다~ 4,꿈사랑 ~꿈에서 우리는 사랑에 빠진다~,4,,- 완결,키타다 료마,서울미디어코믹스(서울문화사),2026-08,7650,,890,648,2026-09-03T09:11:13+09:00
400224787,전생했더니 검이었습니다 Another Wish 5,전생했더니 검이었습니다 Another Wish,5,,- S코믹스,이노우에 히나코,㈜소미미디어,2026-08,6300,,750,649,2026-09-03T09:11:13+09:00
400654225,아질 Asyl 1,아질 Asyl,1,,- 시프트코믹스,하야토 유우,YNK MEDIA(만화),2026-08,5400,10.0,1020,650,2026-09-03T09:11:13+09:00
400856416,벼랑 끝의 영애는 흑기사님을 반하게 하고 싶어 1,벼랑 끝의 영애는 흑기사님을 반하게 하고 싶어,1,,,스오우,대원씨아이(만화),2026-08,5850,,500,651,2026-09-03T09:11:13+09:00
401345421,카모노하시 론의 금단추리 18,카모노하시 론의 금단추리,18,,,아마노 아키라,학산문화사(만화),2026-09,5400,,710,652,2026-09-03T09:11:13+09:00
376840323,체인소 맨 21,체인소 맨,21,,,후지모토 타츠키,학산문화사(만화),2025-11,5400,9.1,14273,653,2026-09-03T09:11:13+09:00
355678823,원피스 110,원피스,110,,- 시대의 일렁임,오다 에이치로,대원씨아이(만화),2025-01,5400,9.9,14036,654,2026-09-03T09:11:13+09:00
370794176,캐릭캐릭 체인지! Jewel Joker 주얼 조커 1,캐릭캐릭 체인지! Jewel Joker 주얼 조커,1,,,PEACH-PIT,서울미디어코믹스(서울문화사),2025-08,5850,10.0,10688,655,2026-09-03T09:11:13+09:00
309862975,모 이야기,모 이야기,,,"- 숲속 모험, 2024 볼로냐 라가치상 오페라 프리마 스페셜 멘션, 2025 프랑스 소시에르상 수상작",최연주,엣눈북스(atnoonbooks),2023-02,19800,9.6,10407,656,2026-09-03T09:11:13+09:00
284699967,귀멸의 칼날 외전,귀멸의 칼날 외전,,,,히라노 료지,학산문화사(만화),2021-12,5400,9.8,10252,657,2026-09-03T09:11:13+09:00
353133344,컬러 앤 라이트,컬러 앤 라이트,,,"- 사실적인 표현을 위한 빛과 색 그리는 법, 개정판",제임스 거니,잉크잼(잼스푼),2024-12,31500,10.0,9679,658,2026-09-03T09:11:13+09:00
283355505,사피엔스 : 그래픽 히스토리 Vol.2,사피엔스 : 그래픽 히스토리 Vol.2,,,- 문명의 기둥,,김영사,2021-11,17820,9.7,9598,659,2026-09-03T09:11:13+09:00
391479763,"사랑하라, 거짓된 천사들이여 6","사랑하라, 거짓된 천사들이여",6,,- 초판 한정 특전 : 양면 일러스트 카드 2종(지류),Coco Uzuki,서울미디어코믹스(서울문화사),2026-04,5400,10.0,9526,660,2026-09-03T09:11:13+09:00
358910532,명탐정 코난 106,명탐정 코난,106,,,아오야마 고쇼,서울미디어코믹스(서울문화사),2025-02,5400,10.0,8596,661,2026-09-03T09:11:13+09:00
352603529,지박소년 하나코 군 22,지박소년 하나코 군,22,,,아이다이로,서울미디어코믹스(서울문화사),2024-11,5400,9.9,8952,662,2026-09-03T09:11:13+09:00
376257892,그 비스크 돌은 사랑을 한다 15,그 비스크 돌은 사랑을 한다,15,,- S코믹스,후쿠다 신이치,㈜소미미디어,2025-11,5400,9.4,8743,663,2026-09-03T09:11:13+09:00
338040640,사피엔스 : 그래픽 히스토리 Vol.3,사피엔스 : 그래픽 히스토리 Vol.3,,,- 역사의 배후,,김영사,2024-04,17820,9.5,8154,664,2026-09-03T09:11:13+09:00
387232917,모모세 아키라의 첫사랑 파탄 중 4 (트리플 특전판),모모세 아키라의 첫사랑 파탄 중,4,트리플 특전판,- 스페셜 아크릴 일러스트 카드(1종) + 반전 매력의 양면 일러스트 카드(2종),하레카와 신타,서울미디어코믹스(서울문화사),2026-02,6750,10.0,8329,665,2026-09-03T09:11:13+09:00
374276000,마남 이치 2 (더블 특전판),마남 이치,2,더블 특전판,- 홀로그램 일러스트 카드 1종 + 일러스트 책갈피 3종,유사자키 시로,서울미디어코믹스(서울문화사),2025-10,6300,9.6,7896,666,2026-09-03T09:11:13+09:00
367932030,찍히지 않습니다 2,찍히지 않습니다,2,,- S코믹스,코노시마 루카,㈜소미미디어,2025-07,5850,9.8,7818,667,2026-09-03T09:11:13+09:00
295225480,귀멸의 칼날 22,귀멸의 칼날,22,,,고토게 코요하루,학산문화사(만화),2021-01,5400,,7736,668,2026-09-03T09:11:13+09:00
296518224,주술회전 19,주술회전,19,,- 도쿄 제1콜로니 -화내는 남자-,아쿠타미 게게,서울미디어코믹스(서울문화사),2022-06,5400,10.0,7848,669,2026-09-03T09:11:13+09:00
395268985,괴수 8호 RELAX 4,괴수 8호 RELAX,4,,"- 초판 한정: 홀로그램 일러스트 카드, 방위대 4컷 포토카드",,서울미디어코믹스(서울문화사),2026-06,5400,8.0,7285,670,2026-09-03T09:11:13+09:00
286833118,장송의 프리렌 4,장송의 프리렌,4,,,야마다 카네히토,학산문화사(만화),2022-01,5400,9.3,7401,671,2026-09-03T09:11:13+09:00
365660227,모 이야기 2,모 이야기,2,,,최연주,엣눈북스(atnoonbooks),2025-06,20700,9.1,6680,672,2026-09-03T09:11:13+09:00
338121617,너와 장밋빛 매일 1,너와 장밋빛 매일,1,,,히로 치히로,서울미디어코믹스(서울문화사),2024-04,5400,9.9,6692,673,2026-09-03T09:11:13+09:00
301182588,주술회전 3,주술회전,3,,,아쿠타미 게게,서울미디어코믹스(서울문화사),2019-04,5400,,6465,674,2026-09-03T09:11:13+09:00
370615925,향기로운 꽃은 늠름하게 핀다 15,향기로운 꽃은 늠름하게 핀다,15,,,미카미 사카,대원씨아이(만화),2025-08,5400,,6403,675,2026-09-03T09:11:13+09:00
132200228,재즈 잇 업! Jazz It Up!,재즈 잇 업! Jazz It Up!,,,"- 남무성의 만화로 보는 재즈의 역사, 출간 15주년 특별 개정증보판",남무성,서해문집,2018-02,24300,9.6,6439,676,2026-09-03T09:11:13+09:00
380080135,봇치·더·록! 외전 히로이 키쿠리의 과음일기 4,봇치·더·록! 외전 히로이 키쿠리의 과음일기,4,,,쿠미쵸,대원씨아이(만화),2025-12,8100,10.0,6371,677,2026-09-03T09:11:13+09:00
388745962,옆집 천사님 때문에 어느샌가 인간적으로 타락한 사연 11.5 (소책자 부속 특별판),옆집 천사님 때문에 어느샌가 인간적으로 타락한 사연 11.5,,소책자 부속 특별판,"- Novel Engine, ①특별판 전용 커버 사양 11.5권 본편 (11.5권 일반판과 동일한 일러스트 카드 포함 ※띠지 없음) ②별책 단편집 (※커버 없음) ③전용 슬리브 타입 케이스",사에키상,데이즈엔터(주),2026-04,14400,,6323,678,2026-09-03T09:11:13+09:00
315295029,귀멸 학원! 3,귀멸 학원!,3,,,호카미 나츠키,학산문화사(만화),2023-04,5400,9.6,6200,679,2026-09-03T09:11:13+09:00
384927762,약사의 혼잣말 16,약사의 혼잣말,16,,- 카니발 플러스,휴우가 나츠,학산문화사(단행본),2026-01,8100,9.2,6230,680,2026-09-03T09:11:13+09:00
392509889,애태울 정도의 사랑을 알아라 2,애태울 정도의 사랑을 알아라,2,,,쿄노 마코,학산문화사(만화),2026-05,6300,9.9,6090,681,2026-09-03T09:11:13+09:00
304252422,귀멸 학원! 2,귀멸 학원!,2,,,호카미 나츠키,학산문화사(만화),2022-11,5400,8.0,6159,682,2026-09-03T09:11:13+09:00
301714623,주술회전 17,주술회전,17,,- 갈대를 입에 물다,아쿠타미 게게,서울미디어코믹스(서울문화사),2021-11,5400,,6015,683,2026-09-03T09:11:13+09:00
398197212,비실비실 선생님 15 (특별판),비실비실 선생님,15,특별판,- 패키지 박스 + 초판한정 일러스트 폴라로이드 카드 1종 + 캐릭터 아크릴 스탠드 1종 + 아크릴 키링 2종 + 포토카드 4종 + 미니포스터 1종,후쿠치 카미오,대원씨아이(만화),2026-07,27000,,5830,684,2026-09-03T09:11:13+09:00
375158873,봄의 폭풍과 몬스터 7,봄의 폭풍과 몬스터,7,,,미츠바치 미유키,학산문화사(만화),2025-10,5400,9.6,5743,685,2026-09-03T09:11:13+09:00
67153695,기븐 1,기븐,1,,- 뉴 루비코믹스 1740,키즈 나츠키,현대지능개발사,2015-09,4950,9.2,5597,686,2026-09-03T09:11:13+09:00
301707635,주술회전 5,주술회전,5,,,아쿠타미 게게,서울미디어코믹스(서울문화사),2019-07,5400,,5835,687,2026-09-03T09:11:13+09:00
301708557,주술회전 10,주술회전,10,,,아쿠타미 게게,서울미디어코믹스(서울문화사),2020-12,5400,,5624,688,2026-09-03T09:11:13+09:00
388137308,믹스 MIX 24,믹스 MIX,24,,,아다치 미츠루,대원씨아이(만화),2026-03,5400,10.0,5244,689,2026-09-03T09:11:13+09:00
82662361,기븐 2,기븐,2,,- 뉴 루비코믹스 1835,키즈 나츠키,현대지능개발사,2016-04,4950,9.1,5030,690,2026-09-03T09:11:13+09:00
398728413,마법소녀를 동경해서 1~5 합본판,마법소녀를 동경해서 1~5 합본판,,,- 각권 초회 한정 일러스트 카드 각 1종씩 (총5종) + 각 권 선착순 더블 특전 SD스티커 각 1종씩(총5종) + PET스탠드 + 컵코스터 + 일러스트 카드 + 별도 박스 포장,오노나카 아키히로,대원씨아이(만화),2026-07,33750,,4975,691,2026-09-03T09:11:13+09:00
301708374,주술회전 9,주술회전,9,,,아쿠타미 게게,서울미디어코믹스(서울문화사),2020-11,5400,,5059,692,2026-09-03T09:11:13+09:00
301708237,주술회전 8,주술회전,8,,,아쿠타미 게게,서울미디어코믹스(서울문화사),2020-10,5400,10.0,5214,693,2026-09-03T09:11:13+09:00
379953360,슈퍼 러버즈 18,슈퍼 러버즈,18,,,아베 미유키,서울미디어코믹스(서울문화사),2025-12,5400,10.0,5045,694,2026-09-03T09:11:13+09:00
338987945,GACHIAKUTA 3,GACHIAKUTA,3,,,케이 우라나,학산문화사(만화),2024-05,5400,10.0,4954,695,2026-09-03T09:11:13+09:00
380811247,스킵 비트! 50,스킵 비트!,50,,,나카무라 요시키,시공사(만화),2025-12,5850,9.7,4893,696,2026-09-03T09:11:13+09:00
292995505,지박소년 하나코 군 17,지박소년 하나코 군,17,,,아이다이로,서울미디어코믹스(서울문화사),2022-05,5400,9.7,4868,697,2026-09-03T09:11:13+09:00
397021676,완전 쓰레기인 와타라세인데 3 (특장판),완전 쓰레기인 와타라세인데,3,특장판,- 어나더 커버 + 아크릴 스탠드 + 스티커 3종 + 포토카드 6종 + 일러스트 카드 3종 + 별도 박스 포장,나카가와 파리,대원씨아이(만화),2026-06,28800,10.0,4560,698,2026-09-03T09:11:13+09:00
356890808,사카모토 데이즈 16,사카모토 데이즈,16,,- 해후,스즈키 유우토,대원씨아이(만화),2024-06,5850,,4609,699,2026-09-03T09:11:13+09:00
344711414,명탐정 코난 105,명탐정 코난,105,,,아오야마 고쇼,서울미디어코믹스(서울문화사),2024-08,5400,9.8,4637,700,2026-09-03T09:11:13+09:00
389641178,황천의 츠가이 5,황천의 츠가이,5,,,아라카와 히로무,대원씨아이(만화),2024-03,5850,,4308,701,2026-09-03T09:11:13+09:00
390010927,황천의 츠가이 7,황천의 츠가이,7,,,아라카와 히로무,대원씨아이(만화),2026-04,5850,,4182,702,2026-09-03T09:11:13+09:00
280599755,지박소년 하나코 군 3,지박소년 하나코 군,3,,,아이다이로,서울미디어코믹스(서울문화사),2021-10,5400,10.0,4373,703,2026-09-03T09:11:13+09:00
379009893,내 마음의 위험한 녀석 12,내 마음의 위험한 녀석,12,,- S코믹스,사쿠라이 노리오,㈜소미미디어,2025-12,5400,9.0,4252,704,2026-09-03T09:11:13+09:00
396455881,시온 군이 말하는 대로 1,시온 군이 말하는 대로,1,,,Neko Inukai,서울미디어코믹스(서울문화사),2026-06,5850,,4115,705,2026-09-03T09:11:13+09:00
396377370,너를 사랑하는 살인귀 1,너를 사랑하는 살인귀,1,,- 시프트코믹스,아키야마 엔마,YNK MEDIA(만화),2026-06,5400,10.0,4135,706,2026-09-03T09:11:13+09:00
341934453,동경일일 3,동경일일,3,,- 완결,마츠모토 타이요,문학동네,2024-06,9900,9.6,4228,707,2026-09-03T09:11:13+09:00
301714473,주술회전 15,주술회전,15,,- 시부야 사변 -변신-,아쿠타미 게게,서울미디어코믹스(서울문화사),2021-05,5400,,4089,708,2026-09-03T09:11:13+09:00
282899607,지박소년 하나코 군 7,지박소년 하나코 군,7,,,아이다이로,서울미디어코믹스(서울문화사),2021-11,5400,10.0,4098,709,2026-09-03T09:11:13+09:00
284923922,지박소년 하나코 군 13,지박소년 하나코 군,13,,,아이다이로,서울미디어코믹스(서울문화사),2021-12,5400,10.0,3977,710,2026-09-03T09:11:13+09:00
86997362,용의 학교는 산 위에,용의 학교는 산 위에,,,"- 쿠이 료코 작품집, S코믹스",쿠이 료코,㈜소미미디어,2016-07,8550,9.4,3885,711,2026-09-03T09:11:13+09:00
322441129,꿈빛 파티시엘 신장판 2,꿈빛 파티시엘 신장판,2,,,마츠모토 나츠미,대원씨아이(만화),2023-08,5400,,3894,712,2026-09-03T09:11:13+09:00
344254532,GACHIAKUTA 6,GACHIAKUTA,6,,,케이 우라나,학산문화사(만화),2024-08,5400,10.0,4040,713,2026-09-03T09:11:13+09:00
365816384,야쿠자 때문에 목욕탕에서 일하고 있습니다 1,야쿠자 때문에 목욕탕에서 일하고 있습니다,1,,- 루나 코믹스,타카시,㈜소미미디어,2025-06,5850,9.8,3951,714,2026-09-03T09:11:13+09:00
311936078,헌터x헌터 HunterXHunter 신장판 31,헌터x헌터 HunterXHunter 신장판,31,,,토가시 요시히로,학산문화사(만화),2013-10,5400,,3939,715,2026-09-03T09:11:13+09:00
7633452,오란고교 호스트부 Fanbook,오란고교 호스트부 Fanbook,,,- 콩닥♥두근☆공략 대작전,하토리 비스코,학산문화사(만화),2010-08,6300,9.8,3815,716,2026-09-03T09:11:13+09:00
384923701,패배 히로인이 너무 많아! 8,패배 히로인이 너무 많아!,8,,- Novel Engine,아마모리 타키비,데이즈엔터(주),2026-02,7200,10.0,4126,717,2026-09-03T09:11:13+09:00
366119898,나의 열두 살에게,나의 열두 살에게,,,,소복이,나무의말,2025-06,17820,9.5,3780,718,2026-09-03T09:11:13+09:00
366528002,메이드 인 어비스 13,메이드 인 어비스,13,,,츠쿠시 아키히토,미우(대원씨아이),2025-06,7200,9.2,3769,719,2026-09-03T09:11:13+09:00
393715017,노아 선배는 친구 9,노아 선배는 친구,9,,- 초판특전 : 포토카드 2종 세트,아키야마 엔마,서울미디어코믹스(서울문화사),2026-05,5850,9.5,3670,720,2026-09-03T09:11:13+09:00
369868455,야쿠자 때문에 목욕탕에서 일하고 있습니다 2,야쿠자 때문에 목욕탕에서 일하고 있습니다,2,,- 루나 코믹스,타카시,㈜소미미디어,2025-08,5850,9.8,3660,721,2026-09-03T09:11:13+09:00
322441152,꿈빛 파티시엘 신장판 3,꿈빛 파티시엘 신장판,3,,,마츠모토 나츠미,대원씨아이(만화),2023-08,5400,,3529,722,2026-09-03T09:11:13+09:00
393756075,폭식 너무 좋아! 모치즈키 양 3,폭식 너무 좋아! 모치즈키 양,3,,,마루요노 카모메,대원씨아이(만화),2026-05,6300,9.8,3590,723,2026-09-03T09:11:13+09:00
380346507,더블크로스 The 3rd Edition 룰북 1,더블크로스 The 3rd Edition 룰북,1,,,F.E.A.R,데이즈엔터(주),2025-12,13500,,3609,724,2026-09-03T09:11:13+09:00
397294900,비교하고 검토하는 교열부의 쿠쥬 씨 2,비교하고 검토하는 교열부의 쿠쥬 씨,2,,,고이시 유카,서교책방,2026-07,11520,10.0,3435,725,2026-09-03T09:11:13+09:00
298203594,나루토 Naruto 3,나루토 Naruto,3,,,키시모토 마사시,대원씨아이(만화),2000-11,4950,,3482,726,2026-09-03T09:11:13+09:00
388858246,야쿠자 때문에 목욕탕에서 일하고 있습니다 3,야쿠자 때문에 목욕탕에서 일하고 있습니다,3,,,타카시,㈜소미미디어,2026-04,5850,9.9,3412,727,2026-09-03T09:11:13+09:00
307010808,지. : 지구의 운동에 대하여 3,지. : 지구의 운동에 대하여,3,,,우오토,문학동네,2022-12,7200,9.5,3501,728,2026-09-03T09:11:13+09:00
241030899,소녀종말여행 1~6 박스 세트 - 전6권 (엽서 세트 포함),소녀종말여행 1~6 박스 세트 - 전6권 (엽서 세트 포함),,,- 완결,츠쿠미즈,학산문화사(만화),2020-06,36000,9.6,3302,729,2026-09-03T09:11:13+09:00
391205558,황천의 츠가이 9,황천의 츠가이,9,,,아라카와 히로무,대원씨아이(만화),2025-11,5850,,3220,730,2026-09-03T09:11:13+09:00
370424575,사카모토 데이즈 22,사카모토 데이즈,22,,- 텐큐vs신,스즈키 유우토,대원씨아이(만화),2025-08,5850,,3313,731,2026-09-03T09:11:13+09:00
294498008,블루 록 1,블루 록,1,,,노무라 유스케,학산문화사(만화),2020-11,5400,10.0,3276,732,2026-09-03T09:11:13+09:00
394239585,사피엔스: 그래픽 히스토리 시리즈 세트 - 전4권,사피엔스: 그래픽 히스토리 시리즈 세트 - 전4권,,,,,김영사,2026-05,71280,9.3,3165,733,2026-09-03T09:11:13+09:00
372013929,지박소년 하나코 군 24,지박소년 하나코 군,24,,,아이다이로,서울미디어코믹스(서울문화사),2025-09,5400,,3326,734,2026-09-03T09:11:13+09:00
392518824,테라피 게임 리스타트 6,테라피 게임 리스타트,6,,,히노하라 메구루,블랑코믹스(BLANC COMICS),2026-05,6300,10.0,3365,735,2026-09-03T09:11:13+09:00
341682079,패배 히로인이 너무 많아! 5,패배 히로인이 너무 많아!,5,,- Novel Engine,아마모리 타키비,데이즈엔터(주),2024-07,6750,9.3,3255,736,2026-09-03T09:11:13+09:00
392471811,전생했더니 슬라임이었던 건에 대하여 30,전생했더니 슬라임이었던 건에 대하여,30,,- S코믹스,카와카미 타이키,㈜소미미디어,2026-05,6300,10.0,3135,737,2026-09-03T09:11:13+09:00
379954205,팔견전 24,팔견전,24,,"- 동방팔견이문, S코믹스, 완결",아베 미유키,㈜소미미디어,2025-12,5400,8.5,3338,738,2026-09-03T09:11:13+09:00
391205551,황천의 츠가이 8,황천의 츠가이,8,,,아라카와 히로무,대원씨아이(만화),2025-06,5850,,3005,739,2026-09-03T09:11:13+09:00
374961203,팔견전 23,팔견전,23,,"- 동방팔견이문, S코믹스",아베 미유키,㈜소미미디어,2025-10,5400,10.0,3115,740,2026-09-03T09:11:13+09:00
299654606,하이큐!! 41,하이큐!!,41,,- 작은 거인 VS,후루다테 하루이치,대원씨아이(만화),2020-04,4950,,2976,741,2026-09-03T09:11:13+09:00
398870503,더 죠죠랜즈 3 : 돈벌이할 시간,더 죠죠랜즈 3 : 돈벌이할 시간,,,- 죠죠의 기묘한 모험 Part 9,아라키 히로히코,문학동네,2026-07,7200,10.0,3070,742,2026-09-03T09:11:13+09:00
337798227,물가의 밤 1,물가의 밤,1,,,으자,봄툰,2024-01,15300,10.0,3166,743,2026-09-03T09:11:13+09:00
369868343,팔견전 22,팔견전,22,,"- 동방팔견이문, S코믹스",아베 미유키,㈜소미미디어,2025-08,5400,10.0,3085,744,2026-09-03T09:11:13+09:00
331057127,약사의 혼잣말 3,약사의 혼잣말,3,,,네코쿠라게,학산문화사(만화),2019-12,5400,,3047,745,2026-09-03T09:11:13+09:00
372071162,참을 수 없는 건 사랑인 걸까 4,참을 수 없는 건 사랑인 걸까,4,,,소라하나 미아,대원씨아이(만화),2025-09,5850,10.0,2941,746,2026-09-03T09:11:13+09:00
397162930,만화 데뷔 못 하면 죽는 병 걸림 4,만화 데뷔 못 하면 죽는 병 걸림,4,,,소흔,파인툰,2026-10,15750,,2725,747,2026-09-03T09:11:13+09:00
238301861,마스터 키튼 완전판 1~12 세트 - 전12권 (완결),마스터 키튼 완전판 1~12 세트 - 전12권 (완결),,,,,대원씨아이(만화),2012-05,84680,10.0,2706,748,2026-09-03T09:11:13+09:00
301917787,오란고교 호스트부 2,오란고교 호스트부,2,,,하토리 비스코,학산문화사(만화),2004-05,5400,,2610,749,2026-09-03T09:11:13+09:00
369563161,타몬 군 지금 어느 쪽?! 10,타몬 군 지금 어느 쪽?!,10,,,시와스 유키,학산문화사(만화),2025-08,5400,,2699,750,2026-09-03T09:11:13+09:00
387039298,이거 그리고 죽어 7,이거 그리고 죽어,7,,,토요다 미노루,대원씨아이(만화),2026-02,5400,9.4,2647,751,2026-09-03T09:11:13+09:00
378966916,드래곤볼 완전판 가이드북 LANDMARK,드래곤볼 완전판 가이드북 LANDMARK,,,,토리야마 아키라,서울미디어코믹스(서울문화사),2025-11,12600,10.0,2585,752,2026-09-03T09:11:13+09:00
367691634,GACHIAKUTA 13,GACHIAKUTA,13,,,케이 우라나,학산문화사(만화),2025-07,5400,,2755,753,2026-09-03T09:11:13+09:00
369307957,GACHIAKUTA 14,GACHIAKUTA,14,,,케이 우라나,학산문화사(만화),2025-08,5400,,2719,754,2026-09-03T09:11:13+09:00
336556121,박시백의 고려사 1~5 세트 - 전5권,박시백의 고려사 1~5 세트 - 전5권,,,,박시백,휴머니스트,2024-03,66150,8.0,2555,755,2026-09-03T09:11:13+09:00
396696431,요괴소년 호야 완전판 3,요괴소년 호야 완전판,3,,,후지타 카즈히로,서울미디어코믹스(서울문화사),2026-06,14400,10.0,2620,756,2026-09-03T09:11:13+09:00
396136941,세레나 9,세레나,9,,"- 초판 한정 부록 : 일러스트 엽서 1종, 면지에 작가님 친필 사인(인쇄본)",정이나,네이버웹툰,2026-07,14400,,2480,757,2026-09-03T09:11:13+09:00
396593327,일본삼국 7,일본삼국,7,,,마쓰키 잇카,재담,2026-06,7200,10.0,2395,758,2026-09-03T09:11:13+09:00
319093936,100미터 2,100미터,2,,,우오토,학산문화사(만화),2023-06,8100,10.0,2365,759,2026-09-03T09:11:13+09:00
378051373,카구라바치 8,카구라바치,8,,,호카조노 타케루,대원씨아이(만화),2025-11,5850,,2335,760,2026-09-03T09:11:13+09:00
395945174,너와 우주를 걷기 위하여 5,너와 우주를 걷기 위하여,5,,,도로노다 이누히코,학산문화사(만화),2026-06,5400,9.7,2220,761,2026-09-03T09:11:13+09:00
399541020,클레바테스 10,클레바테스,10,,,이와하라 유지,오팬스코믹,2026-07,6300,,2215,762,2026-09-03T09:11:13+09:00
301396135,오란고교 호스트부 8,오란고교 호스트부,8,,,하토리 비스코,학산문화사(만화),2011-01,5400,,2074,763,2026-09-03T09:11:13+09:00
368527098,사랑의 유령,사랑의 유령,,,- 솔트 코믹스,호토나카,YNK MEDIA(만화),2025-07,5400,6.0,2223,764,2026-09-03T09:11:13+09:00
338379758,이거 그리고 죽어 1,이거 그리고 죽어,1,,,토요다 미노루,대원씨아이(만화),2024-04,5400,9.7,2017,765,2026-09-03T09:11:13+09:00
325418441,먼작귀 2,먼작귀,2,,- 먼가 작고 귀여운 녀석,나가노,미우(대원씨아이),2022-08,10800,,1922,766,2026-09-03T09:11:13+09:00
294260782,팔견전 14,팔견전,14,,"- 동방팔견이문, S코믹스",아베 미유키,㈜소미미디어,2022-05,6300,8.7,2110,767,2026-09-03T09:11:13+09:00
399390376,"가까이 와줘, 스피카 1 (특장판)","가까이 와줘, 스피카",1,특장판,- 단행본 + 아크릴 스탠드 + 인화사진 2종 + 일러스트 카드 + 별도 박스 포장,fuyu,대원씨아이(만화),2026-07,18000,10.0,1960,768,2026-09-03T09:11:13+09:00
308287261,네가 죽을 때까지 사랑하고 싶어 5,네가 죽을 때까지 사랑하고 싶어,5,,,나치 아오노,학산문화사(만화),2023-01,5400,10.0,2075,769,2026-09-03T09:11:13+09:00
326489876,네가 죽을 때까지 사랑하고 싶어 6,네가 죽을 때까지 사랑하고 싶어,6,,,나치 아오노,학산문화사(만화),2023-10,5400,10.0,1917,770,2026-09-03T09:11:13+09:00
400001064,피토스포룸 두 번째 잎,피토스포룸 두 번째 잎,,,,미카미 시노,인디고,2026-08,6300,10.0,1850,771,2026-09-03T09:11:13+09:00
333690666,건방진 그 녀석 2,건방진 그 녀석,2,,,미츠바치 미유키,학산문화사(만화),2016-05,5400,10.0,2159,772,2026-09-03T09:11:13+09:00
314184207,팔견전 16,팔견전,16,,"- 동방팔견이문, S코믹스",아베 미유키,㈜소미미디어,2023-04,6300,9.3,2047,773,2026-09-03T09:11:13+09:00
382235722,긴키 지방의 어느 장소에 대하여 2,긴키 지방의 어느 장소에 대하여,2,,,우스이 츠카사,오팬스코믹,2025-12,7650,9.4,1750,774,2026-09-03T09:11:13+09:00
335854597,얼굴만으론 좋아할 수 없어요 9,얼굴만으론 좋아할 수 없어요,9,,,안자이 카린,서울미디어코믹스(서울문화사),2024-03,5400,10.0,1792,775,2026-09-03T09:11:13+09:00
290968765,네가 죽을 때까지 사랑하고 싶어 4,네가 죽을 때까지 사랑하고 싶어,4,,,나치 아오노,학산문화사(만화),2022-03,5400,10.0,1981,776,2026-09-03T09:11:13+09:00
340411847,이거 그리고 죽어 2,이거 그리고 죽어,2,,,토요다 미노루,대원씨아이(만화),2024-05,5400,9.5,1773,777,2026-09-03T09:11:13+09:00
399451834,"신 울어라, 펜 11","신 울어라, 펜",11,,,시마모토 카즈히코,미우(대원씨아이),2026-07,9000,10.0,1605,778,2026-09-03T09:11:13+09:00
398811035,방과 후 제방 일지 14,방과 후 제방 일지,14,,,코사카 야스유키,대원씨아이(만화),2026-07,4950,,1750,779,2026-09-03T09:11:13+09:00
398360386,뷰티풀 군바리 12,뷰티풀 군바리,12,,- 초판 한정 포토카드 2종,설이,길찾기,2026-07,17820,,1795,780,2026-09-03T09:11:13+09:00
398727927,마법소녀를 동경해서 1 (더블특전판),마법소녀를 동경해서,1,더블특전판,- 초판한정 : 일러스트 카드 1종 + SD 스티커 1종,오노나카 아키히로,대원씨아이(만화),2026-07,6750,7.3,1505,781,2026-09-03T09:11:13+09:00
395958550,핑키 나이트메어,핑키 나이트메어,,,- 라르고 맥스 Largo Max,NAREHATECHAN,조은세상(북두),2026-06,6300,9.5,1705,782,2026-09-03T09:11:13+09:00
333361531,길가메쉬,길가메쉬,,,,옌스 하르더,마르코폴로,2024-02,18000,9.7,1642,783,2026-09-03T09:11:13+09:00
387254198,블리치 리믹스 15,블리치 리믹스,15,,,쿠보 타이토,서울미디어코믹스(서울문화사),2026-02,10800,9.5,1523,784,2026-09-03T09:11:13+09:00
396091175,향기로운 꽃은 늠름하게 핀다 14,향기로운 꽃은 늠름하게 핀다,14,,,미카미 사카,대원씨아이(만화),2026-06,6300,,1505,785,2026-09-03T09:11:13+09:00
287237782,하이큐!! 컴플리트 일러스트레이션 북 끝과 시작,하이큐!! 컴플리트 일러스트레이션 북 끝과 시작,,,,후루다테 하루이치,대원씨아이(만화),2022-01,36000,9.5,1476,786,2026-09-03T09:11:13+09:00
376973639,삼국지를 한번도 안 읽어 볼 수는 없잖아,삼국지를 한번도 안 읽어 볼 수는 없잖아,,,- 열 번은 읽은 듯한 빠삭함!,Team. StoryG,oldstairs(올드스테어즈),2025-11,18000,10.0,1635,787,2026-09-03T09:11:13+09:00
400258397,세월이 흘러 다리로 간다 12,세월이 흘러 다리로 간다,12,,,히다카 쇼코,서울미디어코믹스(서울문화사),2026-08,6300,10.0,1260,788,2026-09-03T09:11:13+09:00
400007223,버림받은 공작 부인은 평온한 생활을 희망합니다 1,버림받은 공작 부인은 평온한 생활을 희망합니다,1,,- ROSY,카레야타미에,미스터블루,2026-08,9900,,1240,789,2026-09-03T09:11:13+09:00
391302897,못 미더운 악녀입니다만 : ~추궁접서 교체전~ 9,못 미더운 악녀입니다만 : ~추궁접서 교체전~,9,,,EI Ohitsuji,서울미디어코믹스(서울문화사),2026-04,6300,10.0,1280,790,2026-09-03T09:11:13+09:00
387582151,커들 1,커들,1,,- 수인 오메가버스,하스미 하나,학산문화사(만화),2026-03,6300,,1248,791,2026-09-03T09:11:13+09:00
349229181,단둘만의 로맨틱 1,단둘만의 로맨틱,1,,,카니사와 치히로,학산문화사(만화),2024-10,5400,10.0,1147,792,2026-09-03T09:11:13+09:00
398836644,장하다! 원조 괴짜가족 13,장하다! 원조 괴짜가족,13,,,하마오카 켄지,서울미디어코믹스(서울문화사),2026-07,4500,,1185,793,2026-09-03T09:11:13+09:00
400311351,뇌를 바꾸려는 사람들,뇌를 바꾸려는 사람들,,,"- 프랑켄슈타인에서 현대 신경기술까지, 뇌과학으로 만나는 신경윤리의 질문들",류영준,어크로스,2026-08,19800,9.7,1050,794,2026-09-03T09:11:13+09:00
355732920,단둘만의 로맨틱 3,단둘만의 로맨틱,3,,- 완결,카니사와 치히로,학산문화사(만화),2025-01,5400,10.0,1189,795,2026-09-03T09:11:13+09:00
388433908,사랑해 게임을 끝내고 싶어 7,사랑해 게임을 끝내고 싶어,7,,,도모토 유키,학산문화사(만화),2026-03,5400,10.0,1074,796,2026-09-03T09:11:13+09:00
396049323,곰과 토끼는 친구로 지낼 수 없다 1,곰과 토끼는 친구로 지낼 수 없다,1,,,이누요시 아키라,대원씨아이(만화),2026-06,6300,,1140,797,2026-09-03T09:11:13+09:00
399046041,꿀과 극약 1,꿀과 극약,1,,,사쿠라노코우지 카노코,대원씨아이(만화),2026-07,5400,10.0,990,798,2026-09-03T09:11:13+09:00
393162271,데스 노트 Death Note 2,데스 노트 Death Note,2,,,오바 츠구미,대원씨아이(만화),2004-12,6300,,1100,799,2026-09-03T09:11:13+09:00
400307391,꿀과 극약 2,꿀과 극약,2,,,사쿠라노코우지 카노코,대원씨아이(만화),2026-08,5400,,800,800,2026-09-03T09:11:13+09:00
400313885,타베모노로그,타베모노로그,,,,JIU,재담,2026-08,14400,,880,801,2026-09-03T09:11:13+09:00
400585962,특별한 도라에몽 : 언제나 마음속에 친구 편 9,특별한 도라에몽 : 언제나 마음속에 친구 편,9,,,후지코 F. 후지오,대원씨아이(만화),2026-08,8100,,1010,802,2026-09-03T09:11:13+09:00
352375450,못 미더운 악녀입니다만 : ~추궁접서 교체전~ 7,못 미더운 악녀입니다만 : ~추궁접서 교체전~,7,,,EI Ohitsuji,서울미디어코믹스(서울문화사),2024-11,6300,9.7,723,803,2026-09-03T09:11:13+09:00
400585852,택배기사 형이랑 잘 될 수 있을까?,택배기사 형이랑 잘 될 수 있을까?,,,- B愛+750,노다 논다,대원씨아이(만화),2026-08,6300,,930,804,2026-09-03T09:11:13+09:00
400543235,악마이자 여경! 2,악마이자 여경!,2,,,안베 마사히로,대원씨아이(만화),2026-08,5850,,840,805,2026-09-03T09:11:13+09:00
400734025,건강하고 문화적인 최저한도의 생활 12,건강하고 문화적인 최저한도의 생활,12,,,가시와기 하루코,문학동네,2026-08,8820,,760,806,2026-09-03T09:11:13+09:00
375361063,44교시 생존수업 1,44교시 생존수업,1,,,상C,네이버웹툰,2025-12,14400,,1106,807,2026-09-03T09:11:13+09:00
400594105,블랙 라군 : 청소부 소여 해체! 고어고어 무스메 4,블랙 라군 : 청소부 소여 해체! 고어고어 무스메,4,,,이다 타츠히코,서울미디어코믹스(서울문화사),2026-08,5850,10.0,870,808,2026-09-03T09:11:13+09:00
347732633,인터넷 러브!,인터넷 러브!,,,,우리노 키코,빗금,2024-09,7650,9.5,763,809,2026-09-03T09:11:13+09:00
400307469,당신은 세상의 중심이에요 2,당신은 세상의 중심이에요,2,,,킨다이치 렌쥬로,대원씨아이(만화),2026-08,5400,,810,810,2026-09-03T09:11:13+09:00
400585953,떨거지 인어 디아나 1,떨거지 인어 디아나,1,,- S코믹스,스아마,㈜소미미디어,2026-08,6300,,630,811,2026-09-03T09:11:13+09:00
400557793,공각기동대 -HUMAN ERROR PROCESSER-,공각기동대 -HUMAN ERROR PROCESSER-,,,,시로 마사무네,대원씨아이(만화),2026-08,12600,,500,812,2026-09-03T09:11:13+09:00
400708015,영국 낭만 희화 포레스트 아이비 1,영국 낭만 희화 포레스트 아이비,1,,,아마자케 시마,대원씨아이(만화),2026-08,6300,,490,813,2026-09-03T09:11:13+09:00
400652954,영세 소녀의 싸우는 법 7,영세 소녀의 싸우는 법,7,,- 시프트코믹스,쿠즈시로,YNK MEDIA(만화),2026-08,5400,,490,814,2026-09-03T09:11:13+09:00
400662517,특급 알파가 사랑한 오메가,특급 알파가 사랑한 오메가,,,,Ayumi Kannami,서울미디어코믹스(서울문화사),2026-08,7650,,680,815,2026-09-03T09:11:13+09:00
400878277,오컬트 타임즈 1 (한정판),오컬트 타임즈,1,한정판,- 일반판 초판 부록 + 아코디언 일러스트 엽서 세트 + 시로&레이 아크릴 키링,Idonchi,서울미디어코믹스(서울문화사),2026-08,22500,,610,816,2026-09-03T09:11:13+09:00
400707987,순애 러브하울링,순애 러브하울링,,,- B愛+751,시에로,대원씨아이(만화),2026-08,5850,,420,817,2026-09-03T09:11:13+09:00
400909486,회각의 용사 2,회각의 용사,2,,,사토 타카아키,미우(대원씨아이),2026-08,5850,,370,818,2026-09-03T09:11:13+09:00
375157925,사랑스런 쿠니타마 1,사랑스런 쿠니타마,1,,,앗치 아이,대원씨아이(만화),2025-10,5850,8.0,663,819,2026-09-03T09:11:13+09:00
401291184,1995 청춘 레포트 2,1995 청춘 레포트,2,,- 초판 한정 부록 : 껌 만화 + 인화사진 + 띠지,맹수,봄툰,2026-08,14400,,580,820,2026-09-03T09:11:13+09:00
401369571,바라메 강림하여 주소서 2,바라메 강림하여 주소서,2,,"- 초판 부록: 포토카드 1매, 책갈피 1매, 띠지",백상언,레진코믹스(레진엔터테인먼트),2026-09,15300,,610,821,2026-09-03T09:11:13+09:00
401325707,쌀쌀맞은 사토 양이 나에게만 상냥하다 4,쌀쌀맞은 사토 양이 나에게만 상냥하다,4,,- S코믹스,사와타리 카자미,㈜소미미디어,2026-09,6300,,710,822,2026-09-03T09:11:13+09:00
293054296,여학교의 별 2,여학교의 별,2,,,와야마 야마,문학동네,2022-05,7650,9.8,16649,823,2026-09-03T09:11:13+09:00
371535926,체인소 맨 20,체인소 맨,20,,,후지모토 타츠키,학산문화사(만화),2025-09,5400,9.2,16197,824,2026-09-03T09:11:13+09:00
280840739,주술회전 공식 팬북,주술회전 공식 팬북,,,,아쿠타미 게게,서울미디어코믹스(서울문화사),2021-10,9000,9.8,11411,825,2026-09-03T09:11:13+09:00
309270072,후지모토 타츠키 단편집 17-21,후지모토 타츠키 단편집,17-21,,,후지모토 타츠키,학산문화사(만화),2023-01,5400,8.6,9501,826,2026-09-03T09:11:13+09:00
252254600,귀멸의 칼날 : 공식 팬북 귀살대 견문록,귀멸의 칼날 : 공식 팬북 귀살대 견문록,,,,고토게 코요하루,학산문화사(만화),2020-09,8550,9.6,9530,827,2026-09-03T09:11:13+09:00
215083221,스파이 패밀리 1,스파이 패밀리,1,,,엔도 타츠야,학산문화사(만화),2019-11,5400,9.7,9476,828,2026-09-03T09:11:13+09:00
378096466,팬텀 버스터즈 5,팬텀 버스터즈,5,,- 일반판,네오쇼코,㈜소미미디어,2025-11,5850,10.0,9176,829,2026-09-03T09:11:13+09:00
384918469,루리 드래곤 4,루리 드래곤,4,,,신도 마사오키,서울미디어코믹스(서울문화사),2026-01,5400,9.6,8807,830,2026-09-03T09:11:13+09:00
353809342,스파이 패밀리 14,스파이 패밀리,14,,,엔도 타츠야,학산문화사(만화),2024-12,5400,9.8,8732,831,2026-09-03T09:11:13+09:00
291463925,원피스 101,원피스,101,,- 주연 등장,오다 에이치로,대원씨아이(만화),2022-03,4950,9.7,8119,832,2026-09-03T09:11:13+09:00
277000811,명탐정 코난 : 경찰학교 편 - 하,명탐정 코난 : 경찰학교 편 - 하,,,,아라이 타카히로,서울미디어코믹스(서울문화사),2021-08,4950,9.3,7993,833,2026-09-03T09:11:13+09:00
378768331,모모세 아키라의 첫사랑 파탄 중 2 (트리플 특전판),모모세 아키라의 첫사랑 파탄 중,2,트리플 특전판,- 홀로그램 일러스트 카드(1종) + 반전 매력의 양면 일러스트 카드(2종),하레카와 신타,서울미디어코믹스(서울문화사),2025-11,6750,10.0,7916,834,2026-09-03T09:11:13+09:00
369001873,파이브 스타 스토리 The Five Star Stories 18,파이브 스타 스토리 The Five Star Stories,18,,,나가노 마모루,서울미디어코믹스(서울문화사),2025-07,10800,9.3,7887,835,2026-09-03T09:11:13+09:00
365662113,나츠메 우인장 31,나츠메 우인장,31,,,미도리카와 유키,학산문화사(만화),2025-06,5400,9.4,7759,836,2026-09-03T09:11:13+09:00
283806419,장송의 프리렌 2,장송의 프리렌,2,,,야마다 카네히토,학산문화사(만화),2021-11,5400,9.6,7529,837,2026-09-03T09:11:13+09:00
379027062,나의 히어로 아카데미아 캐릭터 팬북 컴플리트 에디션,나의 히어로 아카데미아 캐릭터 팬북 컴플리트 에디션,,,,호리코시 코헤이,서울미디어코믹스(서울문화사),2025-11,28620,9.2,7552,838,2026-09-03T09:11:13+09:00
382045769,모모세 아키라의 첫사랑 파탄 중 3 (트리플 특전판),모모세 아키라의 첫사랑 파탄 중,3,트리플 특전판,- 홀로그램 일러스트 카드(1종) + 반전 매력의 양면 일러스트 카드(2종),하레카와 신타,서울미디어코믹스(서울문화사),2025-12,6750,9.8,7494,839,2026-09-03T09:11:13+09:00
362120342,그 비스크 돌은 사랑을 한다 14,그 비스크 돌은 사랑을 한다,14,,- S코믹스,후쿠다 신이치,㈜소미미디어,2025-04,5400,9.2,7447,840,2026-09-03T09:11:13+09:00
390689243,찍히지 않습니다 5,찍히지 않습니다,5,,"- S코믹스 /초판 한정 일러스트 카드, 폴라로이드 사진풍 카드 2종, PET 책갈피",코노시마 루카,㈜소미미디어,2026-04,5850,9.8,7241,841,2026-09-03T09:11:13+09:00
374814986,찍히지 않습니다 3,찍히지 않습니다,3,,"- S코믹스, 초판종료",코노시마 루카,㈜소미미디어,2025-10,5850,8.3,7144,842,2026-09-03T09:11:13+09:00
294402029,귀멸의 칼날 20,귀멸의 칼날,20,,,고토게 코요하루,학산문화사(만화),2020-09,5400,,7178,843,2026-09-03T09:11:13+09:00
384668324,어린이 탐구 생활,어린이 탐구 생활,,,,이다,창비,2026-01,15120,9.9,6801,844,2026-09-03T09:11:13+09:00
392519237,길고양이와 늑대 6,길고양이와 늑대,6,,,미츠바치 미유키,학산문화사(만화),2026-05,5400,9.9,6570,845,2026-09-03T09:11:13+09:00
300409416,귀멸의 칼날 : 공식 팬북 귀살대 견문록 2,귀멸의 칼날 : 공식 팬북 귀살대 견문록,2,,,고토게 코요하루,학산문화사(만화),2022-08,8550,9.8,6552,846,2026-09-03T09:11:13+09:00
340343369,쿠이 료코 낙서집 데이드림 아워,쿠이 료코 낙서집 데이드림 아워,,,- S코믹스,쿠이 료코,㈜소미미디어,2024-06,18000,9.6,6424,847,2026-09-03T09:11:13+09:00
360719281,지박소년 하나코 군 23,지박소년 하나코 군,23,,,아이다이로,서울미디어코믹스(서울문화사),2025-03,5400,9.8,6569,848,2026-09-03T09:11:13+09:00
345263957,카구라바치 1,카구라바치,1,,,호카조노 타케루,대원씨아이(만화),2024-08,5850,9.2,6290,849,2026-09-03T09:11:13+09:00
301714703,주술회전 18,주술회전,18,,- 열기,아쿠타미 게게,서울미디어코믹스(서울문화사),2022-02,5400,,5798,850,2026-09-03T09:11:13+09:00
290968392,아름다운 초저녁달 2,아름다운 초저녁달,2,,,야마모리 미카,학산문화사(만화),2022-03,5400,10.0,5705,851,2026-09-03T09:11:13+09:00
328897066,귀멸 학원! 4,귀멸 학원!,4,,,호카미 나츠키,학산문화사(만화),2023-11,5400,10.0,5673,852,2026-09-03T09:11:13+09:00
357701937,사카모토 데이즈 10,사카모토 데이즈,10,,- 재회,스즈키 유우토,대원씨아이(만화),2023-05,5850,,5614,853,2026-09-03T09:11:13+09:00
379454044,학생회에도 구멍은 있다! 공식 풀컬러판 : 《생구멍 셀렉션!》,학생회에도 구멍은 있다! 공식 풀컬러판 : 《생구멍 셀렉션!》,,,- S코믹스,무치마로,㈜소미미디어,2025-12,10800,9.6,5407,854,2026-09-03T09:11:13+09:00
305390989,스킵과 로퍼 1,스킵과 로퍼,1,,- 시프트코믹스,타카마츠 미사키,YNK MEDIA(만화),2022-11,5400,9.8,5303,855,2026-09-03T09:11:13+09:00
351000171,반딧불이의 혼례 4,반딧불이의 혼례,4,,,타치바나 오레코,서울미디어코믹스(서울문화사),2024-10,7650,9.8,5166,856,2026-09-03T09:11:13+09:00
361341172,단다단 16,단다단,16,,,타츠 유키노부,대원씨아이(만화),2025-03,5400,9.4,5210,857,2026-09-03T09:11:13+09:00
382042979,지박소년 하나코 군 25 (어드벤트 캘린더 특장판),지박소년 하나코 군,25,어드벤트 캘린더 특장판,- 어드벤트 캘린더 (아크릴 참 7종 & 미니 클리어 카드 17종) + 25권 초판 사은품 (홀로그램 양면 책갈피 + 아크릴 스탠딩 POP),아이다이로,서울미디어코믹스(서울문화사),2026-01,48600,7.0,5180,858,2026-09-03T09:11:13+09:00
349422137,봄의 폭풍과 몬스터 5,봄의 폭풍과 몬스터,5,,,미츠바치 미유키,학산문화사(만화),2024-10,5400,9.8,5147,859,2026-09-03T09:11:13+09:00
105525634,공각기동대 -THE GHOST IN THE SHELL-,공각기동대 -THE GHOST IN THE SHELL-,,,,시로 마사무네,대원씨아이(만화),2017-03,14400,9.2,5109,860,2026-09-03T09:11:13+09:00
341211935,마루는 강쥐 4,마루는 강쥐,4,,,모죠,문페이스,2024-06,14400,,5070,861,2026-09-03T09:11:13+09:00
301708111,주술회전 7,주술회전,7,,,아쿠타미 게게,서울미디어코믹스(서울문화사),2019-12,5400,8.0,5172,862,2026-09-03T09:11:13+09:00
295077194,아름다운 초저녁달 3,아름다운 초저녁달,3,,,야마모리 미카,학산문화사(만화),2022-05,5400,9.8,5140,863,2026-09-03T09:11:13+09:00
301707952,주술회전 6,주술회전,6,,,아쿠타미 게게,서울미디어코믹스(서울문화사),2019-09,5400,10.0,5329,864,2026-09-03T09:11:13+09:00
352754315,원펀맨 One Punch Man 31,원펀맨 One Punch Man,31,,- 연옥무쌍폭열파동포,ONE,대원씨아이(만화),2024-11,5400,9.6,5193,865,2026-09-03T09:11:13+09:00
335717481,GACHIAKUTA 2,GACHIAKUTA,2,,,케이 우라나,학산문화사(만화),2024-03,5400,10.0,5069,866,2026-09-03T09:11:13+09:00
386937690,킹덤 Kingdom 76,킹덤 Kingdom,76,,,하라 야스히사,대원씨아이(만화),2026-02,5400,10.0,5136,867,2026-09-03T09:11:13+09:00
255143164,그 비스크 돌은 사랑을 한다 5,그 비스크 돌은 사랑을 한다,5,,- S코믹스,후쿠다 신이치,㈜소미미디어,2020-11,6300,9.7,4988,868,2026-09-03T09:11:13+09:00
303094586,아름다운 초저녁달 4,아름다운 초저녁달,4,,,야마모리 미카,학산문화사(만화),2022-10,5400,9.9,4823,869,2026-09-03T09:11:13+09:00
349387430,그 비스크 돌은 사랑을 한다 13,그 비스크 돌은 사랑을 한다,13,,- S코믹스,후쿠다 신이치,㈜소미미디어,2024-10,6300,10.0,4939,870,2026-09-03T09:11:13+09:00
390583412,비실비실 선생님 12,비실비실 선생님,12,,,후쿠치 카미오,대원씨아이(만화),2026-04,5850,10.0,4905,871,2026-09-03T09:11:13+09:00
384102110,완전 쓰레기인 와타라세인데 1,완전 쓰레기인 와타라세인데,1,,,나카가와 파리,대원씨아이(만화),2026-01,5400,9.6,4632,872,2026-09-03T09:11:13+09:00
355156479,GACHIAKUTA 11,GACHIAKUTA,11,,,케이 우라나,학산문화사(만화),2025-01,5400,10.0,4703,873,2026-09-03T09:11:13+09:00
357286627,GACHIAKUTA 12,GACHIAKUTA,12,,,케이 우라나,학산문화사(만화),2025-02,5400,10.0,4686,874,2026-09-03T09:11:13+09:00
291942810,나루토 Naruto 1,나루토 Naruto,1,,,키시모토 마사시,대원씨아이(만화),2000-09,4950,,4617,875,2026-09-03T09:11:13+09:00
352346084,힘내라! 나카무라 군!! 1,힘내라! 나카무라 군!!,1,,,슌데이,조은세상(북두),2024-12,5850,9.5,4758,876,2026-09-03T09:11:13+09:00
397904315,보석함에 사랑을 채우자 1 (한정판),보석함에 사랑을 채우자,1,한정판,"- 한정판 구성: 아웃박스, 단행본(일반판 부록 없이 도서만), 아크릴 키링, 캔배지 2종, 포토카드 1매",미키모토 린,학산문화사(만화),2026-07,22500,5.0,4650,877,2026-09-03T09:11:13+09:00
377704735,봇치·더·록! 8,봇치·더·록!,8,,,하마지 아키,대원씨아이(만화),2025-11,8100,10.0,4583,878,2026-09-03T09:11:13+09:00
355156419,아름다운 초저녁달 8,아름다운 초저녁달,8,,,야마모리 미카,학산문화사(만화),2025-01,5400,9.5,4452,879,2026-09-03T09:11:13+09:00
318700246,괴수 8호 1,괴수 8호,1,,,마츠모토 나오야,서울미디어코믹스(서울문화사),2021-01,5400,8.0,4580,880,2026-09-03T09:11:13+09:00
367919526,마루는 강쥐 7,마루는 강쥐,7,,,모죠,문페이스,2025-07,14400,,4442,881,2026-09-03T09:11:13+09:00
364287371,단다단 17,단다단,17,,,타츠 유키노부,대원씨아이(만화),2025-05,5400,8.9,4594,882,2026-09-03T09:11:13+09:00
280599696,지박소년 하나코 군 2,지박소년 하나코 군,2,,,아이다이로,서울미디어코믹스(서울문화사),2021-10,5400,10.0,4488,883,2026-09-03T09:11:13+09:00
105525838,공각기동대 -MANMACHINE INTERFACE-,공각기동대 -MANMACHINE INTERFACE-,,,,시로 마사무네,대원씨아이(만화),2017-03,14400,7.7,4387,884,2026-09-03T09:11:13+09:00
301714398,주술회전 14,주술회전,14,,- 시부야 사변 -이비-,아쿠타미 게게,서울미디어코믹스(서울문화사),2021-04,5400,,4319,885,2026-09-03T09:11:13+09:00
282899555,지박소년 하나코 군 6,지박소년 하나코 군,6,,,아이다이로,서울미디어코믹스(서울문화사),2021-11,5400,10.0,4261,886,2026-09-03T09:11:13+09:00
257021910,기븐 6,기븐,6,,- 뉴 루비코믹스 2555,키즈 나츠키,현대지능개발사,2020-11,4950,9.6,4148,887,2026-09-03T09:11:13+09:00
386059133,나 혼자만 레벨업 : 라그나로크 2,나 혼자만 레벨업 : 라그나로크,2,,- 만화,,디앤씨웹툰비즈,2026-02,14400,7.0,4126,888,2026-09-03T09:11:13+09:00
387708220,블루 록 : Episode 나기 8,블루 록 : Episode 나기,8,,- 완결,산노미야 코타,학산문화사(만화),2026-03,5400,10.0,4158,889,2026-09-03T09:11:13+09:00
342481006,GACHIAKUTA 5,GACHIAKUTA,5,,,케이 우라나,학산문화사(만화),2024-07,5400,10.0,4262,890,2026-09-03T09:11:13+09:00
322441091,꿈빛 파티시엘 신장판 1,꿈빛 파티시엘 신장판,1,,,마츠모토 나츠미,대원씨아이(만화),2023-08,5400,10.0,4184,891,2026-09-03T09:11:13+09:00
328754603,아름다운 초저녁달 6,아름다운 초저녁달,6,,,야마모리 미카,학산문화사(만화),2023-11,5400,9.9,4157,892,2026-09-03T09:11:13+09:00
337045326,괴수 8호 2,괴수 8호,2,,,마츠모토 나오야,서울미디어코믹스(서울문화사),2021-04,5400,8.0,4280,893,2026-09-03T09:11:13+09:00
334819572,긴채널! : 은혼 공식 캐릭터북,긴채널! : 은혼 공식 캐릭터북,,,,소라치 히데아키,학산문화사(만화),2010-10,9000,,4146,894,2026-09-03T09:11:13+09:00
325860971,괴수 8호 3,괴수 8호,3,,,마츠모토 나오야,서울미디어코믹스(서울문화사),2021-07,5400,,4261,895,2026-09-03T09:11:13+09:00
309125683,너에게 닿기를 번외편 ∼운명의 사람∼ 3 (일반판),너에게 닿기를 번외편 ∼운명의 사람∼,3,일반판,- 완결,시이나 카루호,대원씨아이(만화),2023-01,4500,9.6,4103,896,2026-09-03T09:11:13+09:00
81953629,용의 귀여운 일곱 아이 : 쿠이 료코 작품집,용의 귀여운 일곱 아이 : 쿠이 료코 작품집,,,- S코믹스,쿠이 료코,㈜소미미디어,2016-04,6300,8.7,3998,897,2026-09-03T09:11:13+09:00
341802003,베르세르크 42,베르세르크,42,,,미우라 켄타로,대원씨아이(만화),2024-06,5400,9.7,4111,898,2026-09-03T09:11:13+09:00
389010799,오무라이스 잼잼 16 (스페셜 리커버 양장본),오무라이스 잼잼 16 (스페셜 리커버 양장본),,,,조경규,송송책방,2026-04,20700,10.0,4159,899,2026-09-03T09:11:13+09:00
294497749,오늘부터 신령님 1,오늘부터 신령님,1,,,스즈키 줄리에타,학산문화사(만화),2010-05,5400,10.0,3897,900,2026-09-03T09:11:13+09:00
325301274,슈가슈가 룬 박스 세트 - 전8권,슈가슈가 룬 박스 세트 - 전8권,,,,모요코 안노,학산문화사(만화),2023-09,50400,10.0,3889,901,2026-09-03T09:11:13+09:00
327568377,그 비스크 돌은 사랑을 한다 11,그 비스크 돌은 사랑을 한다,11,,- S코믹스,후쿠다 신이치,㈜소미미디어,2023-11,6300,9.6,4122,902,2026-09-03T09:11:13+09:00
355295880,약사의 혼잣말 14,약사의 혼잣말,14,,,네코쿠라게,학산문화사(만화),2025-01,5400,9.6,3938,903,2026-09-03T09:11:13+09:00
353581542,GACHIAKUTA 10,GACHIAKUTA,10,,,케이 우라나,학산문화사(만화),2024-12,5400,10.0,3888,904,2026-09-03T09:11:13+09:00
294617796,귀멸의 칼날 1,귀멸의 칼날,1,,,고토게 코요하루,학산문화사(만화),2017-09,5400,8.0,3650,905,2026-09-03T09:11:13+09:00
362015779,사카모토 데이즈 비기너즈 팩 Vol.2 : 4~6 합본 세트,사카모토 데이즈 비기너즈 팩 Vol.2 : 4~6 합본 세트,,,- 나구모 홀로그램 카드 1종 + 일러스트 포스트카드 3종,스즈키 유우토,대원씨아이(만화),2025-04,17550,10.0,3649,906,2026-09-03T09:11:13+09:00
362628387,사카모토 데이즈 18,사카모토 데이즈,18,,,스즈키 유우토,대원씨아이(만화),2024-11,5850,,3748,907,2026-09-03T09:11:13+09:00
385976540,김전일 아빠의 사건부 2,김전일 아빠의 사건부,2,,,아마기 세이마루,서울미디어코믹스(서울문화사),2026-02,6300,8.7,3816,908,2026-09-03T09:11:13+09:00
385946274,비실비실 선생님 11,비실비실 선생님,11,,,후쿠치 카미오,대원씨아이(만화),2026-02,5400,,3666,909,2026-09-03T09:11:13+09:00
316124839,운명의 사람을 만나는 이야기 1,운명의 사람을 만나는 이야기,1,,,아나신,학산문화사(만화),2023-06,5400,9.3,3530,910,2026-09-03T09:11:13+09:00
327273874,원룸 조교님 1,원룸 조교님,1,,,지붕,유어마나(거북이북스),2023-10,15300,9.0,3550,911,2026-09-03T09:11:13+09:00
384035388,김전일 아빠의 사건부 1,김전일 아빠의 사건부,1,,,아마기 세이마루,서울미디어코믹스(서울문화사),2026-01,6300,8.8,3539,912,2026-09-03T09:11:13+09:00
395444518,러브 불릿 1,러브 불릿,1,,- 초판 한정 부록: SD 캐릭터 스티커 1매 + 저자 사인 메시지 (면지 인쇄),inee,빗금,2026-06,8100,10.0,3545,913,2026-09-03T09:11:13+09:00
394124156,캐릭캐릭 체인지! Jewel Joker 주얼 조커 3 (특장판),캐릭캐릭 체인지! Jewel Joker 주얼 조커,3,특장판,- 슬리브 케이스 + 일러스트 엽서 5종 + 이쿠토&타다세 아크릴 블록 세트(일반판 초판 특전 미포함),PEACH-PIT,서울미디어코믹스(서울문화사),2026-05,36000,,3475,914,2026-09-03T09:11:13+09:00
295418499,지. : 지구의 운동에 대하여 2,지. : 지구의 운동에 대하여,2,,,우오토,문학동네,2022-05,7200,9.8,3458,915,2026-09-03T09:11:13+09:00
372442252,천막의 자두가르 5,천막의 자두가르,5,,,토마토수프,서울미디어코믹스(서울문화사),2025-09,6750,9.4,3485,916,2026-09-03T09:11:13+09:00
394171104,이력서 2,이력서,2,,,유월,블루픽,2026-05,14220,10.0,3340,917,2026-09-03T09:11:13+09:00
295225182,귀멸의 칼날 14,귀멸의 칼날,14,,,고토게 코요하루,학산문화사(만화),2020-01,5400,,3355,918,2026-09-03T09:11:13+09:00
327274039,원룸 조교님 2,원룸 조교님,2,,,지붕,유어마나(거북이북스),2023-10,15300,,3319,919,2026-09-03T09:11:13+09:00
332864221,악역 영애 안의 사람 1,악역 영애 안의 사람,1,,,시라우메 나즈나,데이즈엔터(주),2024-01,5400,10.0,3293,920,2026-09-03T09:11:13+09:00
329600458,약사의 혼잣말 1,약사의 혼잣말,1,,,네코쿠라게,학산문화사(만화),2019-12,5400,8.0,3280,921,2026-09-03T09:11:13+09:00
398009982,한구석의 기억 1,한구석의 기억,1,,,키요나가 타마고,빗금,2026-07,6750,10.0,3170,922,2026-09-03T09:11:13+09:00
295225057,귀멸의 칼날 11,귀멸의 칼날,11,,,고토게 코요하루,학산문화사(만화),2019-10,5400,,3079,923,2026-09-03T09:11:13+09:00
307010996,지. : 지구의 운동에 대하여 4,지. : 지구의 운동에 대하여,4,,,우오토,문학동네,2022-12,7200,9.8,3234,924,2026-09-03T09:11:13+09:00
396565979,어떤 과학의 초전자포 20,어떤 과학의 초전자포,20,,- 어떤 마술의 금서목록 외전,,대원씨아이(만화),2026-06,5400,10.0,3140,925,2026-09-03T09:11:13+09:00
326990757,지. : 지구의 운동에 대하여 5,지. : 지구의 운동에 대하여,5,,,우오토,문학동네,2023-10,7200,9.6,3131,926,2026-09-03T09:11:13+09:00
387250318,Myther 1,Myther,1,,- S코믹스,야츠다 테키,㈜소미미디어,2026-03,6300,9.4,3093,927,2026-09-03T09:11:13+09:00
395477416,타로의 얼렁뚱땅 1,타로의 얼렁뚱땅,1,,,야츠미 츠무,서울미디어코믹스(서울문화사),2026-06,5850,10.0,2780,928,2026-09-03T09:11:13+09:00
384444527,너와 장밋빛 매일 2,너와 장밋빛 매일,2,,,히로 치히로,서울미디어코믹스(서울문화사),2026-01,5400,9.7,3017,929,2026-09-03T09:11:13+09:00
390243150,장송의 프리렌 12,장송의 프리렌,12,,,야마다 카네히토,학산문화사(만화),2024-07,6300,,2930,930,2026-09-03T09:11:13+09:00
288831826,하이큐!! 1,하이큐!!,1,,,후루다테 하루이치,대원씨아이(만화),2013-05,4950,10.0,2907,931,2026-09-03T09:11:13+09:00
155396771,미스터 초밥왕 애장판 1~14 박스 세트 (완결),미스터 초밥왕 애장판 1~14 박스 세트 (완결),,,,다이스케 테라사와,학산문화사(만화),2010-01,88200,8.7,2986,932,2026-09-03T09:11:13+09:00
385950289,마도정병의 슬레이브 19,마도정병의 슬레이브,19,,,타케무라 요헤이,대원씨아이(만화),2026-02,5400,10.0,2870,933,2026-09-03T09:11:13+09:00
386058254,타몬 군 지금 어느 쪽?! 9,타몬 군 지금 어느 쪽?!,9,,,시와스 유키,학산문화사(만화),2025-04,5400,,3067,934,2026-09-03T09:11:13+09:00
322386168,운명의 사람을 만나는 이야기 2,운명의 사람을 만나는 이야기,2,,,아나신,학산문화사(만화),2023-08,5400,9.8,2849,935,2026-09-03T09:11:13+09:00
329600924,약사의 혼잣말 2,약사의 혼잣말,2,,,네코쿠라게,학산문화사(만화),2019-12,5400,,2955,936,2026-09-03T09:11:13+09:00
299392362,하이큐!! 38,하이큐!!,38,,- 태스크 포커스,후루다테 하루이치,대원씨아이(만화),2019-09,4950,,2951,937,2026-09-03T09:11:13+09:00
291943313,하이큐!! 40,하이큐!!,40,,- 긍정,후루다테 하루이치,대원씨아이(만화),2020-02,4950,,2795,938,2026-09-03T09:11:13+09:00
393313418,고블린 슬레이어 17,고블린 슬레이어,17,,- SL Comic,쿠로세 코스케,디앤씨미디어(주)(D&C미디어),2026-05,6300,10.0,2850,939,2026-09-03T09:11:13+09:00
23585900,애니메이터 서바이벌 키트,애니메이터 서바이벌 키트,,,- 증보판,리처드 윌리엄스,한울(한울아카데미),2020-11,52000,8.6,2773,940,2026-09-03T09:11:13+09:00
324950007,운명의 사람을 만나는 이야기 3,운명의 사람을 만나는 이야기,3,,,아나신,학산문화사(만화),2023-09,5400,9.5,2679,941,2026-09-03T09:11:13+09:00
399523141,정령환상기 28,정령환상기,28,,"- S Novel / 초판 한정 책갈피, 양면커버, 쇼트스토리 리플릿",키타야마 유리,㈜소미미디어,2026-08,8100,,2630,942,2026-09-03T09:11:13+09:00
319093776,100미터 1,100미터,1,,,우오토,학산문화사(만화),2023-06,8100,10.0,2618,943,2026-09-03T09:11:13+09:00
304629310,블루 록 3,블루 록,3,,,노무라 유스케,학산문화사(만화),2021-02,5400,10.0,2649,944,2026-09-03T09:11:13+09:00
372904289,슬램덩크 오리지널 1~31 세트 - 전31권,슬램덩크 오리지널 1~31 세트 - 전31권,,,- 완결,이노우에 타케히코,대원씨아이(만화),2025-09,111600,,2735,945,2026-09-03T09:11:13+09:00
396168079,젖짜기 헌터의 이세계 착유기 1,젖짜기 헌터의 이세계 착유기,1,,,소라요미 다이치,길찾기,2026-05,7200,8.0,2565,946,2026-09-03T09:11:13+09:00
389928631,얼음 성벽 14,얼음 성벽,14,,- 완결,아가사와 코챠,학산문화사(만화),2026-04,9000,10.0,2667,947,2026-09-03T09:11:13+09:00
333640950,먼작귀 5,먼작귀,5,,- 먼가 작고 귀여운 녀석,나가노,미우(대원씨아이),2024-02,10800,10.0,2574,948,2026-09-03T09:11:13+09:00
370798859,할렐루야 베이비 1,할렐루야 베이비,1,,,코지마 라라,AK(에이케이)커뮤니케이션즈,2025-08,5850,10.0,2533,949,2026-09-03T09:11:13+09:00
337103761,나 혼자만 레벨업 5,나 혼자만 레벨업,5,,- 만화,장성락(REDICE STUDIO),디앤씨웹툰비즈,2021-10,14400,9.3,2611,950,2026-09-03T09:11:13+09:00
389481532,묘쌤은 이렇게 말했다 10,묘쌤은 이렇게 말했다,10,,- S코믹스,무테키 소다,㈜소미미디어,2026-04,6300,9.5,2595,951,2026-09-03T09:11:13+09:00
391304403,앨리스와 셰에라자드 : 트릭아트 저택,앨리스와 셰에라자드 : 트릭아트 저택,,,,모로호시 다이지로,문학동네,2026-04,9900,10.0,2651,952,2026-09-03T09:11:13+09:00
369056766,사카모토 데이즈 21,사카모토 데이즈,21,,- 오늘의 운세,스즈키 유우토,대원씨아이(만화),2025-07,5850,,2655,953,2026-09-03T09:11:13+09:00
384956302,꿈인지 생시인지 3,꿈인지 생시인지,3,,,사키사카 이오,대원씨아이(만화),2026-01,5850,9.7,2540,954,2026-09-03T09:11:13+09:00
396091726,나의 행복한 결혼 6,나의 행복한 결혼,6,,,코사카 리토,서울미디어코믹스(서울문화사),2026-06,4950,9.7,2465,955,2026-09-03T09:11:13+09:00
332456996,천막의 자두가르 3,천막의 자두가르,3,,,토마토수프,서울미디어코믹스(서울문화사),2024-01,6750,9.7,2659,956,2026-09-03T09:11:13+09:00
398903961,보이시한 여자친구가 너무 귀여워 5,보이시한 여자친구가 너무 귀여워,5,,- 초판 한정 : 폴라로이드 사진 + 네컷 사진,규뉴무기고항,서울미디어코믹스(서울문화사),2026-07,6300,,2500,957,2026-09-03T09:11:13+09:00
101106033,스파이더맨 / 데드풀 VOL. 1 : 브로맨틱하지 않나요?,스파이더맨 / 데드풀 VOL. 1 : 브로맨틱하지 않나요?,,,,조 켈리,시공사(만화),2017-01,10800,6.0,2490,958,2026-09-03T09:11:13+09:00
388561978,블루 자이언트 모멘텀 4,블루 자이언트 모멘텀,4,,,이시즈카 신이치,대원씨아이(만화),2026-03,5850,,2480,959,2026-09-03T09:11:13+09:00
302941691,블루 록 5,블루 록,5,,,노무라 유스케,학산문화사(만화),2021-04,5400,10.0,2496,960,2026-09-03T09:11:13+09:00
383277748,장르를 바꿔보도록 하겠습니다 9 (특별판),장르를 바꿔보도록 하겠습니다,9,특별판,- 라스트 레터 1종 + 인생 필름 3종 + 렌티큘러 카드 3종,가린,연담,2026-03,21150,,2402,961,2026-09-03T09:11:13+09:00
319094091,100미터 5,100미터,5,,,우오토,학산문화사(만화),2023-06,8100,10.0,2297,962,2026-09-03T09:11:13+09:00
338119636,운명의 사람을 만나는 이야기 4,운명의 사람을 만나는 이야기,4,,,아나신,학산문화사(만화),2024-04,5400,9.9,2342,963,2026-09-03T09:11:13+09:00
86893672,이토준지 자선 걸작집,이토준지 자선 걸작집,,,,이토 준지,미우(대원씨아이),2016-07,12600,8.6,2379,964,2026-09-03T09:11:13+09:00
298972634,나루토 Naruto 8,나루토 Naruto,8,,,키시모토 마사시,대원씨아이(만화),2001-10,4950,,2296,965,2026-09-03T09:11:13+09:00
319093999,100미터 3,100미터,3,,,우오토,학산문화사(만화),2023-06,8100,10.0,2371,966,2026-09-03T09:11:13+09:00
319094052,100미터 4,100미터,4,,,우오토,학산문화사(만화),2023-06,8100,10.0,2246,967,2026-09-03T09:11:13+09:00
393626220,구룡 제네릭 로맨스 11,구룡 제네릭 로맨스,11,,"- S코믹스/ 초판 한정 렌티큘러 카드, 일러스트 카드",마유즈키 준,㈜소미미디어,2026-05,6300,9.8,2360,968,2026-09-03T09:11:13+09:00
396137173,세레나 10,세레나,10,,"- 초판 한정 부록 : 일러스트 엽서 1종, 면지에 작가님 친필 사인(인쇄본)",정이나,네이버웹툰,2026-07,16020,,2425,969,2026-09-03T09:11:13+09:00
295242876,베르세르크 1,베르세르크,1,,,미우라 켄타로,대원씨아이(만화),1999-08,4950,10.0,2374,970,2026-09-03T09:11:13+09:00
386060545,에미야 가의 오늘의 밥상 11,에미야 가의 오늘의 밥상,11,,- 노엔 코믹스,,데이즈엔터(주),2026-03,7200,10.0,2465,971,2026-09-03T09:11:13+09:00
304629473,블루 록 6,블루 록,6,,,노무라 유스케,학산문화사(만화),2021-06,5400,,2266,972,2026-09-03T09:11:13+09:00
349368452,악마에 입문했습니다! 이루마 군 : if Episode of 마피아 2,악마에 입문했습니다! 이루마 군 : if Episode of 마피아,2,,,니시 오사무,서울미디어코믹스(서울문화사),2024-10,5850,9.6,2169,973,2026-09-03T09:11:13+09:00
397021977,리:블루 6,리:블루,6,,,카세 마츠리,대원씨아이(만화),2026-06,5850,9.9,2175,974,2026-09-03T09:11:13+09:00
374878126,사카모토 데이즈 23,사카모토 데이즈,23,,- 신생살연,스즈키 유우토,대원씨아이(만화),2025-10,5850,,2229,975,2026-09-03T09:11:13+09:00
321812915,오란고교 호스트부 3,오란고교 호스트부,3,,,하토리 비스코,학산문화사(만화),2004-05,5400,,2138,976,2026-09-03T09:11:13+09:00
386478518,이 땅에 ADHD로 태어나,이 땅에 ADHD로 태어나,,,,비스카차,유유히,2026-03,17100,10.0,2044,977,2026-09-03T09:11:13+09:00
397222848,반장으로서의 책임과 의무 7,반장으로서의 책임과 의무,7,,- 그래도 우리는,수신지,귤프레스,2026-06,13500,10.0,1915,978,2026-09-03T09:11:13+09:00
389001364,디그 잇 1,디그 잇,1,,,Yoshidamaru,학산문화사(만화),2026-04,6300,8.0,1940,979,2026-09-03T09:11:13+09:00
322947641,오란고교 호스트부 17,오란고교 호스트부,17,,,하토리 비스코,학산문화사(만화),2011-02,5400,,1914,980,2026-09-03T09:11:13+09:00
298203661,나루토 Naruto 13,나루토 Naruto,13,,,키시모토 마사시,대원씨아이(만화),2002-10,4950,,2009,981,2026-09-03T09:11:13+09:00
352662803,소라닌 신장판,소라닌 신장판,,,,아사노 이니오,서울미디어코믹스(서울문화사),2024-11,18000,8.0,1934,982,2026-09-03T09:11:13+09:00
395513879,시노와 렌 4,시노와 렌,4,,- SL Comic,치구사 미노리,디앤씨미디어(주)(D&C미디어),2026-06,10800,10.0,1900,983,2026-09-03T09:11:13+09:00
374951156,얼음 성벽 11,얼음 성벽,11,,,아가사와 코챠,학산문화사(만화),2025-10,9000,10.0,1800,984,2026-09-03T09:11:13+09:00
399050537,리코리스 리코일 4 (더블 특전판),리코리스 리코일,4,더블 특전판,- 초판 특전 : 포토카드 2종,비젠 야스노리,YNK MEDIA(만화),2026-07,5400,10.0,1890,985,2026-09-03T09:11:13+09:00
394841350,장송의 프리렌 6,장송의 프리렌,6,,,야마다 카네히토,학산문화사(만화),2022-03,6300,,1815,986,2026-09-03T09:11:13+09:00
310530480,만화로 보는 일리아스,만화로 보는 일리아스,,,- 트로이의 노래,동사원형,한빛비즈,2023-02,17550,9.9,1830,987,2026-09-03T09:11:13+09:00
394695697,마법기사 레이어스 원화집,마법기사 레이어스 원화집,,,,CLAMP,학산문화사(만화),2026-06,34200,,1815,988,2026-09-03T09:11:13+09:00
302325654,건방진 그 녀석 3,건방진 그 녀석,3,,,미츠바치 미유키,학산문화사(만화),2016-08,5400,,1884,989,2026-09-03T09:11:13+09:00
293448930,포켓몬스터 스페셜 2,포켓몬스터 스페셜,2,,,쿠사카 히데노리,대원씨아이(만화),1999-08,4950,10.0,2007,990,2026-09-03T09:11:13+09:00
378826604,얼굴만으론 좋아할 수 없어요 15,얼굴만으론 좋아할 수 없어요,15,,,안자이 카린,서울미디어코믹스(서울문화사),2025-11,5400,10.0,1823,991,2026-09-03T09:11:13+09:00
334207343,얼굴만으론 좋아할 수 없어요 5,얼굴만으론 좋아할 수 없어요,5,,,안자이 카린,서울미디어코믹스(서울문화사),2022-09,5400,,1836,992,2026-09-03T09:11:13+09:00
396782109,"생각을 길러요, 공룡 박사님의 왜왜왜 상담소","생각을 길러요, 공룡 박사님의 왜왜왜 상담소",,,,스와프나 해도우,FIKAJUNIOR(피카주니어),2026-07,15300,10.0,1955,993,2026-09-03T09:11:13+09:00
400001034,피토스포룸 첫 번째 잎,피토스포룸 첫 번째 잎,,,,미카미 시노,인디고,2026-08,6300,10.0,1750,994,2026-09-03T09:11:13+09:00
355888808,팔견전 20,팔견전,20,,"- 동방팔견이문, S코믹스",아베 미유키,㈜소미미디어,2025-01,6300,10.0,1836,995,2026-09-03T09:11:13+09:00
390658499,외톨이에는 익숙하니까요. 약혼자 방치 중! 3,외톨이에는 익숙하니까요. 약혼자 방치 중!,3,,,하레타 준,대원씨아이(만화),2026-04,6750,9.9,1775,996,2026-09-03T09:11:13+09:00
328061218,팔견전 17,팔견전,17,,"- 동방팔견이문, S코믹스",아베 미유키,㈜소미미디어,2023-11,6300,,1829,997,2026-09-03T09:11:13+09:00
342916553,얼굴만으론 좋아할 수 없어요 10,얼굴만으론 좋아할 수 없어요,10,,,안자이 카린,서울미디어코믹스(서울문화사),2024-07,5400,,1709,998,2026-09-03T09:11:13+09:00
372547860,카구라바치 7,카구라바치,7,,,호카조노 타케루,대원씨아이(만화),2025-09,5850,,1870,999,2026-09-03T09:11:13+09:00
300851320,몬스터 완전판 7,몬스터 완전판,7,,,우라사와 나오키,서울미디어코믹스(서울문화사),2022-09,14400,,1677,1000,2026-09-03T09:11:13+09:00
400315663,스파이 패밀리 17,스파이 패밀리,17,,,엔도 타츠야,학산문화사(만화),2026-08,5400,10.0,31950,1,2026-09-04T09:18:57+09:00
400736391,엄마가 도망갔다,엄마가 도망갔다,,,,소복이,나무의말,2026-09,17820,10.0,12020,2,2026-09-04T09:18:57+09:00
400365190,사카모토 데이즈 27 (더블 특전판),사카모토 데이즈,27,더블 특전판,"- 자긍심, 초판 한정 띠지 + 일러스트 포스트 카드 + 일러스트 레이어 카드",스즈키 유우토,대원씨아이(만화),2026-08,5850,10.0,31570,3,2026-09-04T09:18:57+09:00
400652795,스킵과 로퍼 12,스킵과 로퍼,12,,- 시프트코믹스,타카마츠 미사키,YNK MEDIA(만화),2026-08,5400,10.0,26850,4,2026-09-04T09:18:57+09:00
400710266,야마다 군과 Lv999의 사랑을 하다 8,야마다 군과 Lv999의 사랑을 하다,8,,"- 초판 한정 특전 : 띠지, 일러스트 카드, 폴라로이드 카드",마시로,디앤씨미디어(주)(D&C미디어),2026-09,7200,10.0,19240,5,2026-09-04T09:18:57+09:00
400917256,마남 이치 6 (트리플 특전판),마남 이치,6,트리플 특전판,- 아크릴 일러스트 카드 2종 + 홀로그램 일러스트 카드,유사자키 시로,서울미디어코믹스(서울문화사),2026-08,6300,10.0,14930,6,2026-09-04T09:18:57+09:00
400930743,아멜리아의 호기심 많은 로맨스 3,아멜리아의 호기심 많은 로맨스,3,,"- 루나 코믹스, 초판 한정 투명 pet 포토카드 1종, 양면 일러스트 카드 1종, PET 사원증 1종",코하쿠 요루,㈜소미미디어,2026-09,6300,10.0,14090,7,2026-09-04T09:18:57+09:00
400587114,봇치·더·록! 외전 히로이 키쿠리의 과음일기 6,봇치·더·록! 외전 히로이 키쿠리의 과음일기,6,,- 띠지 + 초판한정 일러스트 포토 카드 1종,쿠미쵸,대원씨아이(만화),2026-08,8100,,26980,8,2026-09-04T09:18:57+09:00
399974125,타몬 군 지금 어느 쪽?! 13 (한정판),타몬 군 지금 어느 쪽?!,13,한정판,- 후쿠하라 타몬 2nd 사진집 + 후쿠하라 타몬 사인 포토카드 + 일러스트 카드,시와스 유키,학산문화사(만화),2026-08,12600,10.0,20680,9,2026-09-04T09:18:57+09:00
397412056,책이라면 팔 만큼 1,책이라면 팔 만큼,1,,,코지마 아오,미우(대원씨아이),2026-07,11700,9.6,25410,10,2026-09-04T09:18:57+09:00
399539936,명탐정 코난 108,명탐정 코난,108,,,아오야마 고쇼,서울미디어코믹스(서울문화사),2026-07,5400,9.8,23510,11,2026-09-04T09:18:57+09:00
400710167,야마다 군과 Lv999의 사랑을 하다 8 (특별판),야마다 군과 Lv999의 사랑을 하다,8,특별판,"- 특별판 한정 특전 : 일반판 초판 특전, 틴케이스, 특별판 한정 엽서 4종 세트, 키캡 키링",마시로,디앤씨미디어(주)(D&C미디어),2026-09,23400,10.0,19690,12,2026-09-04T09:18:57+09:00
401406764,어제 뭐 먹었어? 25,어제 뭐 먹었어?,25,,,요시나가 후미,삼양출판사(만화),2026-08,5400,,9210,13,2026-09-04T09:18:57+09:00
400909479,킹덤 Kingdom 78,킹덤 Kingdom,78,,,하라 야스히사,대원씨아이(만화),2026-08,5400,,8210,14,2026-09-04T09:18:57+09:00
401063905,블리치 리믹스 17,블리치 리믹스,17,,,쿠보 타이토,서울미디어코믹스(서울문화사),2026-08,10800,,10100,15,2026-09-04T09:18:57+09:00
400246381,황천의 츠가이 12 (더블특전판),황천의 츠가이,12,더블특전판,- 초판한정 : 일러스트 포스트카드 1종 + 일러스트 pp카드 1종,아라카와 히로무,대원씨아이(만화),2026-08,5850,10.0,14720,16,2026-09-04T09:18:57+09:00
391764120,포켓몬 생태도감,포켓몬 생태도감,,,,주식회사 포켓몬,대원씨아이(단행본),2026-04,13500,10.0,71159,17,2026-09-04T09:18:57+09:00
400544318,마법소녀를 동경해서 7 (더블특전판),마법소녀를 동경해서,7,더블특전판,- 띠지 + 초판한정 일러스트 카드 1종 + 더블특전 SD 스티커,오노나카 아키히로,대원씨아이(만화),2026-08,6750,,11330,18,2026-09-04T09:18:57+09:00
401063751,요괴소년 호야 완전판 4,요괴소년 호야 완전판,4,,,후지타 카즈히로,서울미디어코믹스(서울문화사),2026-08,14400,,4980,19,2026-09-04T09:18:57+09:00
400714329,패배 히로인이 너무 많아! 8.5,패배 히로인이 너무 많아! 8.5,,,"- Novel Engine, 초판한정 특별부록 : 띠지 + 일러스트 카드",아마모리 타키비,데이즈엔터(주),2026-09,7200,,10870,20,2026-09-04T09:18:57+09:00
400713407,이세계 삼촌 14,이세계 삼촌,14,,"- 픽시하우스, 초판한정 특별부록 : 일러스트 카드 + 띠지",호톤도신데이루,데이즈엔터(주),2026-09,7200,,7210,21,2026-09-04T09:18:57+09:00
395946461,원피스 114,원피스,114,,- 초판한정 띠지 + 일러스트 카드 1종,오다 에이치로,대원씨아이(만화),2026-06,5850,10.0,42585,22,2026-09-04T09:18:57+09:00
400315752,디그 잇 3 (더블특전판),디그 잇,3,더블특전판,- 수량 한정 더블 특전 : 비주얼 보드 + 스포츠 선수 카드,Yoshidamaru,학산문화사(만화),2026-08,6300,,16460,23,2026-09-04T09:18:57+09:00
401049295,야화첩 9,야화첩,9,,"- 초판 한정: 띠지, 포토카드 2종",변덕,레진코믹스(레진엔터테인먼트),2026-08,14400,,4690,24,2026-09-04T09:18:57+09:00
396103290,패밀리 레스토랑 가자. 下,패밀리 레스토랑 가자. 下,,,- 완결,와야마 야마,문학동네,2026-06,7650,9.8,61490,25,2026-09-04T09:18:57+09:00
401047773,야화첩 8,야화첩,8,,"- 초판 한정: 띠지, 포토카드 1종, PET 책갈피 1종",변덕,레진코믹스(레진엔터테인먼트),2026-08,14400,,4600,26,2026-09-04T09:18:57+09:00
400547759,모모세 아키라의 첫사랑 파탄 중 6 (트리플 특전판),모모세 아키라의 첫사랑 파탄 중,6,트리플 특전판,- 스페셜 아크릴 일러스트 카드 1종 + 양면 일러스트 카드 2종,하레카와 신타,서울미디어코믹스(서울문화사),2026-08,6750,10.0,12070,27,2026-09-04T09:18:57+09:00
395945176,나츠메 우인장 32,나츠메 우인장,32,,,미도리카와 유키,학산문화사(만화),2026-06,5400,8.4,12480,28,2026-09-04T09:18:57+09:00
399973794,봄의 폭풍과 몬스터 9,봄의 폭풍과 몬스터,9,,,미츠바치 미유키,학산문화사(만화),2026-08,6300,10.0,15050,29,2026-09-04T09:18:57+09:00
400980916,꿈인지 생시인지 4,꿈인지 생시인지,4,,,사키사카 이오,대원씨아이(만화),2026-08,5850,,5170,30,2026-09-04T09:18:57+09:00
400977703,나의 첫 섹파 2,나의 첫 섹파,2,,,유리카와,재담,2026-08,6300,,5490,31,2026-09-04T09:18:57+09:00
398738362,헬싱 한정판 1~5 세트 - 전5권,헬싱 한정판 1~5 세트 - 전5권,,,,히라노 코우타,AK(에이케이)커뮤니케이션즈,2026-08,67500,9.9,16815,32,2026-09-04T09:18:57+09:00
399973871,옆자리 녀석이 그런 눈으로 쳐다본다 4 (더블특전판),옆자리 녀석이 그런 눈으로 쳐다본다,4,더블특전판,- 수량 한정 더블 특전 : 폴라로이드 에구치 ANGEL Ver + 이케자와 DEVIL Ver,mmk,학산문화사(만화),2026-08,6300,,10100,33,2026-09-04T09:18:57+09:00
400586243,단다단 21,단다단,21,,,타츠 유키노부,대원씨아이(만화),2026-08,5400,10.0,9330,34,2026-09-04T09:18:57+09:00
394695719,옆자리 녀석이 그런 눈으로 쳐다본다 3 (더블특전판),옆자리 녀석이 그런 눈으로 쳐다본다,3,더블특전판,- 수량 한정 더블 특전: 포토카드 + 증명사진,mmk,학산문화사(만화),2026-06,6300,9.5,7670,35,2026-09-04T09:18:57+09:00
401247590,"달은 차고 이지러져, 짐승의 사랑 신장판 (특장판)","달은 차고 이지러져, 짐승의 사랑 신장판",,특장판,"- 작가님 사인 아크릴 카드 + 일러스트 카드 2종 + 이중 커버, 라르고 맥스 Largo Max",노지로 구리,조은세상(북두),2026-09,11700,10.0,3550,36,2026-09-04T09:18:57+09:00
399925336,팬텀 버스터즈 7,팬텀 버스터즈,7,,- S코믹스,네오쇼코,㈜소미미디어,2026-08,5850,10.0,17440,37,2026-09-04T09:18:57+09:00
395510885,슈퍼 뒤에서 담배 피우는 두 사람 8,슈퍼 뒤에서 담배 피우는 두 사람,8,,- SL Comic,지누시,디앤씨미디어(주)(D&C미디어),2026-06,6300,9.9,12455,38,2026-09-04T09:18:57+09:00
400708725,3월의 벽력 2,3월의 벽력,2,,,이케 준코,대원씨아이(만화),2026-08,5400,,7190,39,2026-09-04T09:18:57+09:00
401009364,소드 아트 온라인 29,소드 아트 온라인,29,,- J Novel,카와하라 레키,서울문화사,2026-08,7200,,5200,40,2026-09-04T09:18:57+09:00
401041190,참을 수 없는 건 사랑인 걸까 6,참을 수 없는 건 사랑인 걸까,6,,,소라하나 미아,대원씨아이(만화),2026-08,5850,,3100,41,2026-09-04T09:18:57+09:00
401131950,패배 히로인이 너무 많아! @comic 5,패배 히로인이 너무 많아! @comic,5,,,이타치,재담,2026-08,6300,,2930,42,2026-09-04T09:18:57+09:00
400707875,언니의 미도리 군 9,언니의 미도리 군,9,,,메구로 아무,대원씨아이(만화),2026-08,4950,,6130,43,2026-09-04T09:18:57+09:00
401372461,악마에 입문했습니다! 이루마 군 48,악마에 입문했습니다! 이루마 군,48,,,니시 오사무,서울미디어코믹스(서울문화사),2026-09,5850,,4210,44,2026-09-04T09:18:57+09:00
400930547,Myther 3,Myther,3,,- S코믹스,야츠다 테키,㈜소미미디어,2026-09,7200,,3790,45,2026-09-04T09:18:57+09:00
396141385,사카모토 데이즈 26 (더블 특전판),사카모토 데이즈,26,더블 특전판,- 원정 / 띠지 + 일러스트 포스트 카드 + 사카모토 상점 양면 어나더커버,스즈키 유우토,대원씨아이(만화),2026-06,5850,9.2,23005,46,2026-09-04T09:18:57+09:00
399975177,GACHIAKUTA 18,GACHIAKUTA,18,,,케이 우라나,학산문화사(만화),2026-08,6300,,8570,47,2026-09-04T09:18:57+09:00
400980854,현시연 신장판 1,현시연 신장판,1,,,키오 시모쿠,대원씨아이(만화),2026-08,13500,10.0,3400,48,2026-09-04T09:18:57+09:00
401372500,아케비의 세일러복 16,아케비의 세일러복,16,,,히로,서울미디어코믹스(서울문화사),2026-09,7650,10.0,3550,49,2026-09-04T09:18:57+09:00
400328644,요리 군과 다시 만날 수는 없어! 2,요리 군과 다시 만날 수는 없어!,2,,"- 초판 한정 특전 : 일러스트 카드, 접이식 아크릴 스탠드",Sumio Hataya,서울미디어코믹스(서울문화사),2026-08,5850,10.0,9310,50,2026-09-04T09:18:57+09:00
400652816,블루 피리어드 7 (더블 특전판),블루 피리어드,7,더블 특전판,"- 초판 한정 일러스트 카드 1종 + 박티켓 책갈피 1종, 시프트코믹스",야마구치 츠바사,YNK MEDIA(만화),2026-08,5400,,4390,51,2026-09-04T09:18:57+09:00
400707954,블루 자이언트 모멘텀 7,블루 자이언트 모멘텀,7,,,이시즈카 신이치,대원씨아이(만화),2026-08,5850,,4560,52,2026-09-04T09:18:57+09:00
398419129,황천의 츠가이 11 (더블특전판),황천의 츠가이,11,더블특전판,,아라카와 히로무,대원씨아이(만화),2026-07,5850,9.8,11305,53,2026-09-04T09:18:57+09:00
400594188,노아 선배는 친구 10,노아 선배는 친구,10,,,아키야마 엔마,서울미디어코믹스(서울문화사),2026-08,5850,,6550,54,2026-09-04T09:18:57+09:00
400365247,이거 그리고 죽어 8,이거 그리고 죽어,8,,- 초판 한정 : 띠지 + 일러스트 엽서 1종,토요다 미노루,대원씨아이(만화),2026-08,5400,10.0,5040,55,2026-09-04T09:18:57+09:00
401041191,너를 잊을 사랑이 하고 싶어 7,너를 잊을 사랑이 하고 싶어,7,,,유우키 하루,대원씨아이(만화),2026-08,5850,,3040,56,2026-09-04T09:18:57+09:00
236826464,소년과 두더지와 여우와 말,소년과 두더지와 여우와 말,,,,찰리 맥커시,상상의힘,2020-04,19800,9.5,60776,57,2026-09-04T09:18:57+09:00
399974190,타몬 군 지금 어느 쪽?! 13,타몬 군 지금 어느 쪽?!,13,,- 수량 한정 특전 : 일러스트 카드,시와스 유키,학산문화사(만화),2026-08,6300,10.0,6140,58,2026-09-04T09:18:57+09:00
398309482,요리 군과 다시 만날 수는 없어! 1,요리 군과 다시 만날 수는 없어!,1,,"- 초판 한정 특전 : 양면 일러스트 카드, 접이식 아크릴 스탠드",Sumio Hataya,서울미디어코믹스(서울문화사),2026-07,5850,10.0,10040,59,2026-09-04T09:18:57+09:00
389928857,옆자리 녀석이 그런 눈으로 쳐다본다 2,옆자리 녀석이 그런 눈으로 쳐다본다,2,,,mmk,학산문화사(만화),2026-04,6300,10.0,6486,60,2026-09-04T09:18:57+09:00
400545480,전지적 독자 시점 20,전지적 독자 시점,20,,- 초판 한정 캐릭터 카드 1종 + 특전 엽서 1종,슬리피-C,에이템포미디어,2026-08,14850,,7520,61,2026-09-04T09:18:57+09:00
400856630,나나 NANA 완전판 12,나나 NANA 완전판,12,,"- 초판 한정 PP엽서 1종, 포토카드 1종",야자와 아이,학산문화사(만화),2026-08,10800,,4560,62,2026-09-04T09:18:57+09:00
396452830,원펀맨 One Punch Man 35,원펀맨 One Punch Man,35,,- 만나서는 안 될 녀석,ONE,대원씨아이(만화),2026-06,5400,9.5,16115,63,2026-09-04T09:18:57+09:00
400594291,유치원WARS 17,유치원WARS,17,,"- 초판특전: 아크릴 일러스트 카드, 더그 일러스트 카드",You Chiba,서울미디어코믹스(서울문화사),2026-08,5400,10.0,5600,64,2026-09-04T09:18:57+09:00
400707805,담배 고양이 6,담배 고양이,6,,,냥냥 팩토리,대원씨아이(만화),2026-08,5400,,4720,65,2026-09-04T09:18:57+09:00
400930515,뒤에 있는 카무이 씨 1,뒤에 있는 카무이 씨,1,,- S코믹스 Red,코노시로 신코,㈜소미미디어,2026-09,6300,,2650,66,2026-09-04T09:18:57+09:00
395444608,장송의 프리렌 15,장송의 프리렌,15,,,야마다 카네히토,학산문화사(만화),2026-06,6300,9.7,15295,67,2026-09-04T09:18:57+09:00
399974955,GACHIAKUTA 18 (한정판),GACHIAKUTA,18,한정판,"- 아크릴 디오라마 + 빅스티커 SET(5매) + 스페셜 비주얼 보드, 포토카드SET(4매) + 일러스트 카드(일반판 부록과 동일) + 아웃박스",케이 우라나,학산문화사(만화),2026-08,39600,,9810,68,2026-09-04T09:18:57+09:00
400922115,순정 갸루는 여친은 아니지만,순정 갸루는 여친은 아니지만,,,- S 블랙,미우라 미우,㈜소미미디어,2026-09,9000,,4030,69,2026-09-04T09:18:57+09:00
400544538,비실비실 선생님 16,비실비실 선생님,16,,- 띠지 + 초판한정 일러스트 폴라로이드 카드 1종,후쿠치 카미오,대원씨아이(만화),2026-08,5850,10.0,9360,70,2026-09-04T09:18:57+09:00
400921125,사망 엔딩에서 벗어난 미연시의 히로인들이 내 【일기장】을 읽고 비밀을 알아챈 듯하다 1,사망 엔딩에서 벗어난 미연시의 히로인들이 내 【일기장】을 읽고 비밀을 알아챈 듯하다,1,,- S Novel,addict,㈜소미미디어,2026-09,7650,,3870,71,2026-09-04T09:18:57+09:00
388083662,슈퍼 뒤에서 담배 피우는 두 사람 7,슈퍼 뒤에서 담배 피우는 두 사람,7,,- SL Comic,지누시,디앤씨미디어(주)(D&C미디어),2026-03,5850,9.3,11921,72,2026-09-04T09:18:57+09:00
352187592,슈퍼 뒤에서 담배 피우는 두 사람 4,슈퍼 뒤에서 담배 피우는 두 사람,4,,- SL Comic,지누시,디앤씨미디어(주)(D&C미디어),2024-11,5400,9.8,10452,73,2026-09-04T09:18:57+09:00
399782162,흑집사 35,흑집사,35,,,토보소 야나,학산문화사(만화),2026-08,5400,,9100,74,2026-09-04T09:18:57+09:00
400647778,이토준지 자선 걸작집 Dark Colors,이토준지 자선 걸작집 Dark Colors,,,,이토 준지,미우(대원씨아이),2026-08,17100,5.0,5340,75,2026-09-04T09:18:57+09:00
400910174,이력서 3,이력서,3,,,유월,블루픽,2026-08,14220,10.0,4070,76,2026-09-04T09:18:57+09:00
400653146,세금으로 산 책 3,세금으로 산 책,3,,- 시프트코믹스,케이야마 케이,YNK MEDIA(만화),2026-08,5850,,3240,77,2026-09-04T09:18:57+09:00
399583956,명탐정 코난 108 (특장판),명탐정 코난,108,특장판,- 극장판 [하이웨이의 타천사] 티저 일러스트 아크릴 스탠드 + 어나더 커버 + 트레이딩 그래픽 컬렉션 카드 8종 중 랜덤 4종,아오야마 고쇼,서울미디어코믹스(서울문화사),2026-07,19800,10.0,16455,78,2026-09-04T09:18:57+09:00
369848536,슈퍼 뒤에서 담배 피우는 두 사람 6,슈퍼 뒤에서 담배 피우는 두 사람,6,,- SL Comic,지누시,디앤씨미디어(주)(D&C미디어),2025-08,5850,10.0,10799,79,2026-09-04T09:18:57+09:00
400662227,첫사랑은 나의 오빠 2,첫사랑은 나의 오빠,2,,,카스미 유코,서울미디어코믹스(서울문화사),2026-08,5850,,4320,80,2026-09-04T09:18:57+09:00
290886787,룩 백,룩 백,,,,후지모토 타츠키,학산문화사(만화),2022-03,5400,9.5,35610,81,2026-09-04T09:18:57+09:00
393769452,불가항력의 I LOVE YOU 8,불가항력의 I LOVE YOU,8,,- 초판특전 : 포토카드 3종 세트,호시노 미즈키,서울미디어코믹스(서울문화사),2026-05,5400,9.7,17855,82,2026-09-04T09:18:57+09:00
290092090,아이다이로 화집 지박소년 하나코 군,아이다이로 화집 지박소년 하나코 군,,,,아이다이로,서울미디어코믹스(서울문화사),2022-03,16200,10.0,4608,83,2026-09-04T09:18:57+09:00
400647677,아이돌라트리 1,아이돌라트리,1,,- 초판 한정 띠지 + 일러스트 pet 카드 1종,호마레,대원씨아이(만화),2026-08,6300,,3660,84,2026-09-04T09:18:57+09:00
400653323,세금으로 산 책 4,세금으로 산 책,4,,- 시프트코믹스,케이야마 케이,YNK MEDIA(만화),2026-08,5850,,3070,85,2026-09-04T09:18:57+09:00
400707957,여우 우리군 1 (특장판),여우 우리군,1,특장판,"- B愛 341, 일러스트 카드 5종(초회 한정 일러스트 카드 1종 포함) + 클리어 스탠드 + 스티커 + 폴라로이드형 포토카드 + 어나더 커버 + 별도 박스 포장",네아,대원씨아이(만화),2026-08,16200,10.0,3470,86,2026-09-04T09:18:57+09:00
400909443,창천항로 애장판 4,창천항로 애장판,4,,,킹곤타,대원씨아이(만화),2026-08,16200,,3710,87,2026-09-04T09:18:57+09:00
401009459,유감스러운 사랑의 주인공들 1,유감스러운 사랑의 주인공들,1,,,아와이 키사키,서울미디어코믹스(서울문화사),2026-08,5850,10.0,2390,88,2026-09-04T09:18:57+09:00
401097577,"다른 학교 얼음공주를 구했더니, 친구부터 시작하게 되었습니다 2","다른 학교 얼음공주를 구했더니, 친구부터 시작하게 되었습니다",2,,,사츠키 히류,오팬스노벨,2026-08,7650,,2550,89,2026-09-04T09:18:57+09:00
360200073,슈퍼 뒤에서 담배 피우는 두 사람 5,슈퍼 뒤에서 담배 피우는 두 사람,5,,- SL Comic,지누시,디앤씨미디어(주)(D&C미디어),2025-03,5850,9.4,11565,90,2026-09-04T09:18:57+09:00
384420875,원피스 113,원피스,113,,- 로키탄생,오다 에이치로,대원씨아이(만화),2026-01,5850,9.9,24648,91,2026-09-04T09:18:57+09:00
320428870,슈퍼 뒤에서 담배 피우는 두 사람 1,슈퍼 뒤에서 담배 피우는 두 사람,1,,- SL Comic,지누시,디앤씨미디어(주)(D&C미디어),2023-07,5400,9.3,9927,92,2026-09-04T09:18:57+09:00
400647796,이토준지 자선 걸작집 왜곡,이토준지 자선 걸작집 왜곡,,,,이토 준지,미우(대원씨아이),2026-08,14400,4.7,3990,93,2026-09-04T09:18:57+09:00
309059685,판타지 배색 아이디어 사전,판타지 배색 아이디어 사전,,,- 세계관을 창조하는,사쿠라이 테루코,한즈미디어(한스미디어),2023-01,5630,10.0,4974,94,2026-09-04T09:18:57+09:00
400878309,온통 여우 1,온통 여우,1,,- 초판 한정 특전 : 일러스트 카드 2종,Ayami Morinaga,서울미디어코믹스(서울문화사),2026-08,6750,10.0,2460,95,2026-09-04T09:18:57+09:00
401247989,독점 마이 히어로 15,독점 마이 히어로,15,,- 코믹 라르고 Comic Largo,아리이 메메코,조은세상(북두),2026-09,5400,,1630,96,2026-09-04T09:18:57+09:00
399580240,엄마를 만나러 가는 길 3,엄마를 만나러 가는 길,3,,- 초판 한정 부록: 포토카드 2장 + 작가님 친필사인 면지 인쇄본,고먕,네이버웹툰,2026-10,16020,,8105,97,2026-09-04T09:18:57+09:00
400543400,그랑블루 26,그랑블루,26,,,요시오카 키미타게,대원씨아이(만화),2026-08,4950,,3100,98,2026-09-04T09:18:57+09:00
401345122,환생했는데 제7왕자라 내맘대로 마술을 연마합니다 22,환생했는데 제7왕자라 내맘대로 마술을 연마합니다,22,,,코쿠자와 요스케,학산문화사(만화),2026-09,5400,,1930,99,2026-09-04T09:18:57+09:00
390779612,야마다 군과 Lv999의 사랑을 하다 7,야마다 군과 Lv999의 사랑을 하다,7,,,마시로,디앤씨미디어(주)(D&C미디어),2026-04,7200,10.0,13576,100,2026-09-04T09:18:57+09:00
395840340,마남 이치 5 (트리플 특전판),마남 이치,5,트리플 특전판,- 홀로그램 일러스트 카드 2종 + 캐릭터 일러스트 카드,유사자키 시로,서울미디어코믹스(서울문화사),2026-06,6300,9.5,12515,101,2026-09-04T09:18:57+09:00
397904178,새벽의 연화 47,새벽의 연화,47,,,미즈호 쿠사나기,학산문화사(만화),2026-07,5400,,5875,102,2026-09-04T09:18:57+09:00
399290739,메이드 인 어비스 14,메이드 인 어비스,14,,,츠쿠시 아키히토,미우(대원씨아이),2026-07,7200,,5810,103,2026-09-04T09:18:57+09:00
396819581,나의 첫 섹파 1,나의 첫 섹파,1,,- 초회 수량한정 특장판 구성 (수량 소진 시 종료),유리카와,재담,2026-06,6300,,4490,104,2026-09-04T09:18:57+09:00
298959168,아이다이로 화집 지박소년 하나코 군 2,아이다이로 화집 지박소년 하나코 군,2,,,아이다이로,서울미디어코믹스(서울문화사),2022-08,16200,,3721,105,2026-09-04T09:18:57+09:00
400340156,마끼아또의 일러스트 레벨업 테크닉,마끼아또의 일러스트 레벨업 테크닉,,,- 초보가 가장 많이 막히는 고민 해결집,마끼아또,AK(에이케이)커뮤니케이션즈,2026-08,19800,10.0,2130,106,2026-09-04T09:18:57+09:00
400981192,엇갈리는 중앙감정선,엇갈리는 중앙감정선,,,- 시무라 타카코 단편집,시무라 타카코,문학동네,2026-08,9000,,1800,107,2026-09-04T09:18:57+09:00
401097694,피가 이어지지 않은 우리가 가족이 되는 단 하나의 방법 1,피가 이어지지 않은 우리가 가족이 되는 단 하나의 방법,1,,,히바리유,오팬스노벨,2026-08,7650,,2170,108,2026-09-04T09:18:57+09:00
398736065,너와 장밋빛 매일 3 (트리플 특전판),너와 장밋빛 매일,3,트리플 특전판,- 초판 한정 트리플 특전: 아크릴 일러스트 카드 + 일러스트 카드 + 폴라로이드 카드,히로 치히로,서울미디어코믹스(서울문화사),2026-07,5400,10.0,24235,109,2026-09-04T09:18:57+09:00
366362146,엄마를 만나러 가는 길 1,엄마를 만나러 가는 길,1,,,고먕,네이버웹툰,2025-08,16020,10.0,15658,110,2026-09-04T09:18:57+09:00
394124358,캐릭캐릭 체인지! Jewel Joker 주얼 조커 3,캐릭캐릭 체인지! Jewel Joker 주얼 조커,3,,- 초판 특전: 아르카나 학원 아크릴 일러스트 카드,PEACH-PIT,서울미디어코믹스(서울문화사),2026-05,5850,10.0,12950,111,2026-09-04T09:18:57+09:00
396369059,향기로운 꽃은 늠름하게 핀다 21,향기로운 꽃은 늠름하게 핀다,21,,- 띠지 + 초판한정 일러스트 엽서 1종,미카미 사카,대원씨아이(만화),2026-06,6300,,12575,112,2026-09-04T09:18:57+09:00
324439898,슈퍼 뒤에서 담배 피우는 두 사람 2,슈퍼 뒤에서 담배 피우는 두 사람,2,,- SL Comic,지누시,디앤씨미디어(주)(D&C미디어),2023-09,5400,9.4,8994,113,2026-09-04T09:18:57+09:00
336001751,슈퍼 뒤에서 담배 피우는 두 사람 3,슈퍼 뒤에서 담배 피우는 두 사람,3,,- SL Comic,지누시,디앤씨미디어(주)(D&C미디어),2024-03,5400,9.8,8900,114,2026-09-04T09:18:57+09:00
401325991,도원암귀 26,도원암귀,26,,- S코믹스,우루시바라 유라,㈜소미미디어,2026-09,6300,,1860,115,2026-09-04T09:18:57+09:00
388016420,스파이 패밀리 16,스파이 패밀리,16,,,엔도 타츠야,학산문화사(만화),2026-03,5400,9.7,21254,116,2026-09-04T09:18:57+09:00
397284418,슈퍼 러버즈 19,슈퍼 러버즈,19,,,아베 미유키,서울미디어코믹스(서울문화사),2026-07,5400,10.0,8350,117,2026-09-04T09:18:57+09:00
399580402,엄마를 만나러 가는 길 4,엄마를 만나러 가는 길,4,,- 초판 한정 부록: 포토카드 2장 + 작가님 친필사인 면지 인쇄본,고먕,네이버웹툰,2026-10,16020,,7570,118,2026-09-04T09:18:57+09:00
398728364,마법소녀를 동경해서 6 (더블특전판),마법소녀를 동경해서,6,더블특전판,- 초판한정 : 일러스트 카드 1종 + SD 스티커 1종,오노나카 아키히로,대원씨아이(만화),2026-07,6750,,8120,119,2026-09-04T09:18:57+09:00
393809247,사피엔스 : 그래픽 히스토리 Vol.4,사피엔스 : 그래픽 히스토리 Vol.4,,,- 혁명의 시대,,김영사,2026-05,17820,,7755,120,2026-09-04T09:18:57+09:00
396653507,마루는 강쥐 9,마루는 강쥐,9,,- 초판 한정 작가 친필 사인 인쇄본 + 초판 한정 표지 일러스트 엽서,모죠,문페이스,2026-08,14400,,6335,121,2026-09-04T09:18:57+09:00
400668931,커다란 네가 제일 귀여워 (한정판),커다란 네가 제일 귀여워,,한정판,"- 일러스트 메모패드, 작가님 사인 포토카드 2종, 빅 클리어 카드 2종, 일러스트 카드, 라르고 맥스 Largo Max",유키하루,조은세상(북두),2026-08,9900,10.0,2880,122,2026-09-04T09:18:57+09:00
401345344,스물과 성수 7,스물과 성수,7,,- 완결,소라가미 세이,학산문화사(만화),2026-09,5400,,1760,123,2026-09-04T09:18:57+09:00
398869483,홀로서기 마왕성 12,홀로서기 마왕성,12,,,모리시타 마코토,대원씨아이(만화),2026-07,5400,9.3,995,124,2026-09-04T09:18:57+09:00
398962987,주술회전 모듈로 1,주술회전 모듈로,1,,- 특급 사안 /초판 한정 캐릭터 일러스트 카드 3종 + 선착순 한정 포토카드 1종,Yuji Iwasaki,서울미디어코믹스(서울문화사),2026-07,6300,9.0,25260,125,2026-09-04T09:18:57+09:00
393688901,카구라바치 10 (트리플특전판),카구라바치,10,트리플특전판,- 초판한정 일러스트 시네마티켓 + 애니메이션 KV카드 + 검사들 일러스트카드,호카조노 타케루,대원씨아이(만화),2026-05,5850,9.8,19145,126,2026-09-04T09:18:57+09:00
349202721,일러스트레이터를 위한 색과 빛 마스터 가이드북 : COLOR & LIGHT,일러스트레이터를 위한 색과 빛 마스터 가이드북 : COLOR & LIGHT,,,,3D토털 퍼블리싱,영진.com(영진닷컴),2024-10,28800,10.0,11312,127,2026-09-04T09:18:57+09:00
400150223,남편을 내 편으로 만드는 방법 5 (한정판),남편을 내 편으로 만드는 방법,5,한정판,- 단행본 + 학생 AU 아크릴 스탠드 + 떡메모지 + 파노라마 미니 포스터 4종 + 트레이딩 카드 9종 + 이스케&루비 엽서 4종 + 초판 한정 부록 엽서,시루,캐롯툰,2026-10,35820,,8010,128,2026-09-04T09:18:57+09:00
400245347,버서스 6,버서스,6,,,아즈마 쿄타로,학산문화사(만화),2026-08,5400,,4130,129,2026-09-04T09:18:57+09:00
400229048,사토 씨의 친구,사토 씨의 친구,,,,마스다 미리,이봄,2026-08,13500,9.0,3870,130,2026-09-04T09:18:57+09:00
401042641,고랭순대 작품집 7,고랭순대 작품집,7,,,고랭순대,대원씨아이(만화),2026-08,13500,,1320,131,2026-09-04T09:18:57+09:00
337054427,패밀리 레스토랑 가자. 上,패밀리 레스토랑 가자. 上,,,,와야마 야마,문학동네,2024-04,7650,9.7,31346,132,2026-09-04T09:18:57+09:00
392518962,체인소 맨 23,체인소 맨,23,,,후지모토 타츠키,학산문화사(만화),2026-05,5400,9.1,16280,133,2026-09-04T09:18:57+09:00
397047378,반딧불이의 혼례 11,반딧불이의 혼례,11,,,타치바나 오레코,서울미디어코믹스(서울문화사),2026-06,7650,10.0,10860,134,2026-09-04T09:18:57+09:00
392518608,봄의 폭풍과 몬스터 8,봄의 폭풍과 몬스터,8,,,미츠바치 미유키,학산문화사(만화),2026-05,5400,9.6,10910,135,2026-09-04T09:18:57+09:00
398867421,찍히지 않습니다 7,찍히지 않습니다,7,,"- S코믹스 /초판 한정 일러스트 카드, 폴라로이드 사진풍 카드 2종",코노시마 루카,㈜소미미디어,2026-08,6300,10.0,9920,136,2026-09-04T09:18:57+09:00
399782210,운명의 사람을 만나는 이야기 8,운명의 사람을 만나는 이야기,8,,,아나신,학산문화사(만화),2026-08,5400,10.0,7835,137,2026-09-04T09:18:57+09:00
400246321,황천의 츠가이 12 (특별판),황천의 츠가이,12,특별판,- 초판부록 2종 + 패키지 박스 + 운명의 쌍둥이 아크릴 스탠드 1종 + 가브리엘 아크릴 참 키링 1종+ 시그니처 포토카드 1종 + 빅 캔배지 1종 + 홀로그램 카드 2종,아라카와 히로무,대원씨아이(만화),2026-08,25650,,4850,138,2026-09-04T09:18:57+09:00
400708280,발화 2,발화,2,,- 초판1쇄 한정 포토카드 2종,영재영,레진코믹스(레진엔터테인먼트),2026-08,15300,10.0,2730,139,2026-09-04T09:18:57+09:00
400707990,여우 우리군 1,여우 우리군,1,,- B愛 341,네아,대원씨아이(만화),2026-08,6300,,2180,140,2026-09-04T09:18:57+09:00
366362586,엄마를 만나러 가는 길 2,엄마를 만나러 가는 길,2,,,고먕,네이버웹툰,2025-08,16020,10.0,14933,141,2026-09-04T09:18:57+09:00
390778469,원펀맨 One Punch Man 34,원펀맨 One Punch Man,34,,- 여명,ONE,대원씨아이(만화),2026-04,5400,9.2,13633,142,2026-09-04T09:18:57+09:00
390776539,3월의 라이온 18,3월의 라이온,18,,,우미노 치카,시리얼(학산문화사),2026-04,7200,10.0,10894,143,2026-09-04T09:18:57+09:00
322919098,향기로운 꽃은 늠름하게 핀다 1,향기로운 꽃은 늠름하게 핀다,1,,,미카미 사카,대원씨아이(만화),2023-08,5400,9.7,9777,144,2026-09-04T09:18:57+09:00
400157314,2120,2120,,,,조지 와일솔,프시케의숲,2026-08,27000,10.0,3140,145,2026-09-04T09:18:57+09:00
398285038,포켓몬스터 스페셜 63,포켓몬스터 스페셜,63,,,쿠사카 히데노리,대원씨아이(만화),2026-07,4950,,2815,146,2026-09-04T09:18:57+09:00
399465061,신석기 시대부터 AI 시대까지 만화로 꿰뚫는 경제사,신석기 시대부터 AI 시대까지 만화로 꿰뚫는 경제사,,,- 물질적 풍요는 우리를 행복하게 만들었을까,,클,2026-08,19800,10.0,2075,147,2026-09-04T09:18:57+09:00
401041186,너를 잊을 사랑이 하고 싶어 7 (특장판),너를 잊을 사랑이 하고 싶어,7,특장판,- 단행본 + 피크 키링 + 어나더 커버 + 일러스트 카드 2종 + 포토카드 2종 + 별도 박스 포장,유우키 하루,대원씨아이(만화),2026-08,19800,10.0,1300,148,2026-09-04T09:18:57+09:00
401345052,사랑이 없으면 아이돌은 할 수 없어 4,사랑이 없으면 아이돌은 할 수 없어,4,,,키타가와 유카,학산문화사(만화),2026-09,6300,,1550,149,2026-09-04T09:18:57+09:00
401344866,더 화이팅 신장재편판 56,더 화이팅 신장재편판,56,,"- 수량 한정 특전 : PP 카드, 띠지",모리카와 조지,학산문화사(만화),2026-09,10800,,1420,150,2026-09-04T09:18:57+09:00
401345465,CAT'S EYE 캣츠 아이 완전판 12,CAT'S EYE 캣츠 아이 완전판,12,,,호조 츠카사,학산문화사(만화),2026-09,9000,,1450,151,2026-09-04T09:18:57+09:00
373383665,언제나 기억해,언제나 기억해,,,"- 소년과 두더지와 여우와 말, 그리고 폭풍우",찰리 맥커시,상상의힘,2025-10,19800,10.0,17803,152,2026-09-04T09:18:57+09:00
342785369,불가항력의 I LOVE YOU 2,불가항력의 I LOVE YOU,2,,,호시노 미즈키,서울미디어코믹스(서울문화사),2024-07,5400,9.4,8596,153,2026-09-04T09:18:57+09:00
397818232,오가미 츠미키와 기일상 7,오가미 츠미키와 기일상,7,,,모리시타 미유,학산문화사(만화),2026-07,5400,9.5,5115,154,2026-09-04T09:18:57+09:00
400247736,만화 인소의 법칙 9 (한정판),만화 인소의 법칙,9,한정판,- 구성: 단행본 + 은지호 PET 스탠드 + 우주인 학생증 + 신용카드 스티커 2종 + 엽서 4종 + 미니 표지 아크릴 키링,아현,디앤씨웹툰비즈,2026-08,25200,,3910,155,2026-09-04T09:18:57+09:00
400585881,귀여운 건 나다 3,귀여운 건 나다,3,,,야스코,대원씨아이(만화),2026-08,6300,10.0,2820,156,2026-09-04T09:18:57+09:00
400585742,아메와 우미 1,아메와 우미,1,,"- S코믹스, 초판 한정 양면 일러스트 카드 2종(도서 내 래핑)",야마카타 아츠카,㈜소미미디어,2026-08,6300,10.0,2620,157,2026-09-04T09:18:57+09:00
400856659,눈이 나려 꽃 26,눈이 나려 꽃,26,,,임해연,학산문화사(만화),2026-08,7200,,1780,158,2026-09-04T09:18:57+09:00
400958916,11번째 고양이는 네네 2,11번째 고양이는 네네,2,,,하리카모,오팬스코믹,2026-08,6300,,1520,159,2026-09-04T09:18:57+09:00
401009461,달의 아이 신장판 8,달의 아이 신장판,8,,- 완결,시미즈 레이코,서울미디어코믹스(서울문화사),2026-08,16200,,1490,160,2026-09-04T09:18:57+09:00
292511593,가라오케 가자!,가라오케 가자!,,,,와야마 야마,문학동네,2022-04,7650,9.6,28646,161,2026-09-04T09:18:57+09:00
374587018,원피스 112,원피스,112,,- 할리(신전),오다 에이치로,대원씨아이(만화),2025-10,5400,10.0,27197,162,2026-09-04T09:18:57+09:00
392518622,타몬 군 지금 어느 쪽?! 12,타몬 군 지금 어느 쪽?!,12,,,시와스 유키,학산문화사(만화),2026-05,5400,10.0,14980,163,2026-09-04T09:18:57+09:00
399403043,얼굴만으론 좋아할 수 없어요 17 (한정판),얼굴만으론 좋아할 수 없어요,17,한정판,- 한국 오리지널 일러스트 양면 커버 + 아크릴 스탠드 + 소책자 + 스페셜 일러스트 카드 2종 + 미니 일러스트 보드 (일반판 초판특전은 포함되지 않음),안자이 카린,서울미디어코믹스(서울문화사),2026-07,22500,10.0,13675,164,2026-09-04T09:18:57+09:00
362375950,불가항력의 I LOVE YOU 4,불가항력의 I LOVE YOU,4,,,호시노 미즈키,서울미디어코믹스(서울문화사),2025-04,5400,9.7,10768,165,2026-09-04T09:18:57+09:00
394045519,아멜리아의 호기심 많은 로맨스 2,아멜리아의 호기심 많은 로맨스,2,,- 루나 코믹스,코하쿠 요루,㈜소미미디어,2026-06,6300,10.0,9180,166,2026-09-04T09:18:57+09:00
315020417,헌터x헌터 HunterXHunter 신장판 37,헌터x헌터 HunterXHunter 신장판,37,,,토가시 요시히로,학산문화사(만화),2023-04,5400,10.0,9391,167,2026-09-04T09:18:57+09:00
297448639,방과 후 소년 하나코 군,방과 후 소년 하나코 군,,,,아이다이로,서울미디어코믹스(서울문화사),2022-07,5400,10.0,5941,168,2026-09-04T09:18:57+09:00
385522768,옆자리 녀석이 그런 눈으로 쳐다본다 1,옆자리 녀석이 그런 눈으로 쳐다본다,1,,,mmk,학산문화사(만화),2026-02,6300,,3935,169,2026-09-04T09:18:57+09:00
324629346,그리고 마녀는 숲으로 갔다 1,그리고 마녀는 숲으로 갔다,1,,,산호,고블,2023-08,20700,9.2,3174,170,2026-09-04T09:18:57+09:00
400980564,킬러의 최애 4,킬러의 최애,4,,,오시마 린타로,대원씨아이(만화),2026-08,6300,,1590,171,2026-09-04T09:18:57+09:00
400909388,겁쟁이페달 95,겁쟁이페달,95,,,와타나베 와타루,대원씨아이(만화),2026-08,4950,,1540,172,2026-09-04T09:18:57+09:00
401326372,풀 나이트 5,풀 나이트,5,,- S코믹스,야스다 카스미,㈜소미미디어,2026-09,6300,,1440,173,2026-09-04T09:18:57+09:00
401345421,카모노하시 론의 금단추리 18,카모노하시 론의 금단추리,18,,,아마노 아키라,학산문화사(만화),2026-09,5400,,1400,174,2026-09-04T09:18:57+09:00
388349614,카구라바치 9 (더블특전판),카구라바치,9,더블특전판,"- 엔텐, 일러스트 시네마 티켓 + 요도 계약자 pp 북마크",호카조노 타케루,대원씨아이(만화),2026-03,5850,,11319,175,2026-09-04T09:18:57+09:00
384585231,불가항력의 I LOVE YOU 7,불가항력의 I LOVE YOU,7,,,호시노 미즈키,서울미디어코믹스(서울문화사),2026-01,5400,9.4,11275,176,2026-09-04T09:18:57+09:00
353810399,헌터x헌터 HunterXHunter 신장판 38,헌터x헌터 HunterXHunter 신장판,38,,,토가시 요시히로,학산문화사(만화),2024-12,5400,9.8,10576,177,2026-09-04T09:18:57+09:00
341684925,불가항력의 I LOVE YOU 1,불가항력의 I LOVE YOU,1,,,호시노 미즈키,서울미디어코믹스(서울문화사),2024-06,5400,9.6,9221,178,2026-09-04T09:18:57+09:00
368087158,불가항력의 I LOVE YOU 5,불가항력의 I LOVE YOU,5,,,호시노 미즈키,서울미디어코믹스(서울문화사),2025-07,5400,9.5,9298,179,2026-09-04T09:18:57+09:00
374965771,불가항력의 I LOVE YOU 6,불가항력의 I LOVE YOU,6,,,호시노 미즈키,서울미디어코믹스(서울문화사),2025-10,5400,9.7,9184,180,2026-09-04T09:18:57+09:00
327563621,향기로운 꽃은 늠름하게 핀다 2,향기로운 꽃은 늠름하게 핀다,2,,,미카미 사카,대원씨아이(만화),2023-10,5400,9.8,8471,181,2026-09-04T09:18:57+09:00
399781349,윈드 브레이커 15~16 세트 - 전2권,윈드 브레이커 15~16 세트 - 전2권,,,"- 초판한정부록 : 일러스트카드 1종, 아코디언카드 1종",니이 사토루,리디(RIDI),2026-08,10800,10.0,7285,182,2026-09-04T09:18:57+09:00
350620490,향기로운 꽃은 늠름하게 핀다 11,향기로운 꽃은 늠름하게 핀다,11,,,미카미 사카,대원씨아이(만화),2024-10,5400,9.8,7152,183,2026-09-04T09:18:57+09:00
394099665,킹덤 Kingdom 77,킹덤 Kingdom,77,,,하라 야스히사,대원씨아이(만화),2026-05,5400,10.0,6655,184,2026-09-04T09:18:57+09:00
397904410,나 혼자만 레벨업 : 라그나로크 3,나 혼자만 레벨업 : 라그나로크,3,,- 만화,,디앤씨웹툰비즈,2026-07,14400,10.0,5755,185,2026-09-04T09:18:57+09:00
399050948,세금으로 산 책 1,세금으로 산 책,1,,- 시프트코믹스,케이야마 케이,YNK MEDIA(만화),2026-07,5850,10.0,5320,186,2026-09-04T09:18:57+09:00
400547001,작전명 순정 7~9 스페셜 세트 - 전3권,작전명 순정 7~9 스페셜 세트 - 전3권,,,"- 구성: 단행본 7~9권, 엽서집(양면엽서 16장), 프로필 세트(프로필 3종 + PET 포스터 2종 + 종이 홀더), 레이어 카드 2종, 아크릴 코롯토, 증명사진 팩, 도화 인터뷰집, 스페셜 패키지 박스, 초판한정 엽서",꼬까리,영진.com(영진닷컴),2026-08,79200,10.0,4550,187,2026-09-04T09:18:57+09:00
400856525,애프터 갓 10,애프터 갓,10,,,에노 스미,대원씨아이(만화),2026-08,5400,10.0,2050,188,2026-09-04T09:18:57+09:00
393544789,향기로운 꽃은 늠름하게 핀다 20,향기로운 꽃은 늠름하게 핀다,20,,,미카미 사카,대원씨아이(만화),2026-05,5400,,1750,189,2026-09-04T09:18:57+09:00
400647477,만화를 잘 그리기 위한 노하우 도감,만화를 잘 그리기 위한 노하우 도감,,,,사이드랜치(Sideranch),영진.com(영진닷컴),2026-08,18000,,1220,190,2026-09-04T09:18:57+09:00
400909336,라면 재유기 13,라면 재유기,13,,,쿠베 로쿠로,대원씨아이(만화),2026-08,5850,,1190,191,2026-09-04T09:18:57+09:00
193382764,페르세폴리스,페르세폴리스,,,,마르얀 사트라피,휴머니스트,2019-06,28800,8.6,15055,192,2026-09-04T09:18:57+09:00
399924966,팬텀 버스터즈 7 (한정판),팬텀 버스터즈,7,한정판,"- CD 라벨풍 스티커 + CD 자켓풍 일러스트 카드 2종 + 아크릴 키링 4종, M형 티켓 + 양면 어나더 커버 + 초판 한정 일러스트 카드, S코믹스",네오쇼코,㈜소미미디어,2026-08,27000,,13900,193,2026-09-04T09:18:57+09:00
391943528,엄마를 만나러 가는 길,엄마를 만나러 가는 길,,,"- 모리의 스티커북 /초판 한정 부록: 투명 북마크,작가 친필 사인 면지에 인쇄",고먕,네이버웹툰,2026-06,15300,10.0,12666,194,2026-09-04T09:18:57+09:00
393311014,히카루가 죽은 여름 8,히카루가 죽은 여름,8,,"- SL Comic, 초판 한정 특전 띠지, 일러스트 카드 & 클리어 일러스트 카드 세트 (2종 중 1종)",모쿠모쿠렌,디앤씨미디어(주)(D&C미디어),2026-05,6300,9.7,11900,195,2026-09-04T09:18:57+09:00
399402787,얼굴만으론 좋아할 수 없어요 17,얼굴만으론 좋아할 수 없어요,17,,"- 한국 한정 오리지널 일러스트 양면 커버, 초판 한정 SNS풍 주인공 커플 일러스트 카드, 졸업식 일러스트 카드",안자이 카린,서울미디어코믹스(서울문화사),2026-07,5400,,9750,196,2026-09-04T09:18:57+09:00
393238375,양 선배는 혼자서 살아갈 수 없어 2,양 선배는 혼자서 살아갈 수 없어,2,,- 초판부록 : 일러스트 카드 1종 + 띠지,soon챠,대원씨아이(만화),2026-05,5850,9.9,8375,197,2026-09-04T09:18:57+09:00
353421098,불가항력의 I LOVE YOU 3,불가항력의 I LOVE YOU,3,,,호시노 미즈키,서울미디어코믹스(서울문화사),2024-12,5400,9.3,7970,198,2026-09-04T09:18:57+09:00
397047219,쇼타 형아 7,쇼타 형아,7,,- BLovers Comics /초판 한정 더블 특전 : 양면 일러스트 카드 2종,나카야마 미유키,서울미디어코믹스(서울문화사),2026-06,5850,9.4,7355,199,2026-09-04T09:18:57+09:00
391456890,순경씨와 나 1,순경씨와 나,1,,,나오키 유우,대원씨아이(만화),2026-04,6300,9.6,7354,200,2026-09-04T09:18:57+09:00
343487620,향기로운 꽃은 늠름하게 핀다 10,향기로운 꽃은 늠름하게 핀다,10,,,미카미 사카,대원씨아이(만화),2024-07,5400,9.9,7232,201,2026-09-04T09:18:57+09:00
332987456,향기로운 꽃은 늠름하게 핀다 5,향기로운 꽃은 늠름하게 핀다,5,,,미카미 사카,대원씨아이(만화),2024-01,5400,10.0,7199,202,2026-09-04T09:18:57+09:00
400225135,"내가 연인이 될 수 있을 리 없잖아, 무리무리! (※무리가 아니었다?!) 8","내가 연인이 될 수 있을 리 없잖아, 무리무리! (※무리가 아니었다?!)",8,,"- S Novel+ , 초판 한정 책갈피, 쇼트스토리 소책자",미카미 테렌,㈜소미미디어,2026-08,9450,10.0,6360,203,2026-09-04T09:18:57+09:00
399055597,Re : 제로부터 시작하는 이세계 생활 43,Re : 제로부터 시작하는 이세계 생활,43,,"- Novel Engine / 초판한정 특별부록 : 띠지, 일러스트 카드",나가츠키 탓페이,데이즈엔터(주),2026-08,7200,,5780,204,2026-09-04T09:18:57+09:00
373999390,야마다 군과 Lv999의 사랑을 하다 3,야마다 군과 Lv999의 사랑을 하다,3,,,마시로,디앤씨미디어(주)(D&C미디어),2025-09,7200,9.8,5092,205,2026-09-04T09:18:57+09:00
398869909,나나 NANA 완전판 11,나나 NANA 완전판,11,,"- 초판 한정 PP엽서 1종, 포토카드 1종",야자와 아이,학산문화사(만화),2026-07,10800,,3550,206,2026-09-04T09:18:57+09:00
305225003,헌터x헌터 HunterXHunter 신장판 22,헌터x헌터 HunterXHunter 신장판,22,,,토가시 요시히로,학산문화사(만화),2016-04,5400,,3713,207,2026-09-04T09:18:57+09:00
305148069,장례식 케이크 전문점 연옥당 2,장례식 케이크 전문점 연옥당,2,,- 양장,산호,문학동네,2022-11,18900,10.0,3959,208,2026-09-04T09:18:57+09:00
390907872,향기로운 꽃은 늠름하게 핀다 19,향기로운 꽃은 늠름하게 핀다,19,,,미카미 사카,대원씨아이(만화),2026-04,5400,,3410,209,2026-09-04T09:18:57+09:00
400006799,유녀전기 21,유녀전기,21,,- 노엔 코믹스,토죠 치카,데이즈엔터(주),2026-08,5400,10.0,2620,210,2026-09-04T09:18:57+09:00
400594114,못 미더운 악녀입니다만 : ~추궁접서 교체전~ 10,못 미더운 악녀입니다만 : ~추궁접서 교체전~,10,,,EI Ohitsuji,서울미디어코믹스(서울문화사),2026-08,6300,10.0,2500,211,2026-09-04T09:18:57+09:00
400543319,우자키 양은 놀고싶어! 14,우자키 양은 놀고싶어!,14,,,타케,대원씨아이(만화),2026-08,4950,,2200,212,2026-09-04T09:18:57+09:00
400594187,아마 그녀는 우리 형을 노리고 있을 거야 1,아마 그녀는 우리 형을 노리고 있을 거야,1,,"- 초판 특전 양면 일러스트카드, 양면 일러스트 코스터",이세 마루노,서울미디어코믹스(서울문화사),2026-08,6300,10.0,2300,213,2026-09-04T09:18:57+09:00
400669134,반에서 두 번째로 귀여운 여자애와 친구가 되었다 6,반에서 두 번째로 귀여운 여자애와 친구가 되었다,6,,"- 왈츠 코믹스, 초판 한정 특전 : 일러스트 카드 1종, 포토카드 2종",오노 린,조은세상(북두),2026-08,5400,,1690,214,2026-09-04T09:18:57+09:00
395945478,향기로운 꽃은 늠름하게 핀다 9,향기로운 꽃은 늠름하게 핀다,9,,,미카미 사카,대원씨아이(만화),2026-06,6300,,1895,215,2026-09-04T09:18:57+09:00
400652779,스노우볼 어스 4,스노우볼 어스,4,,- 시프트코믹스,츠지츠구 유우히로,YNK MEDIA(만화),2026-08,5400,10.0,1670,216,2026-09-04T09:18:57+09:00
401041961,산가지는 도깨비의 꿈을 꾼다 5,산가지는 도깨비의 꿈을 꾼다,5,,,LAPIS,다산코믹스,2026-08,18000,,1650,217,2026-09-04T09:18:57+09:00
396581696,향기로운 꽃은 늠름하게 핀다 12,향기로운 꽃은 늠름하게 핀다,12,,,미카미 사카,대원씨아이(만화),2025-01,6300,,1680,218,2026-09-04T09:18:57+09:00
400878045,온통 여우 1 (한정판),온통 여우,1,한정판,- 구성: 단행본(초판 특전 포함) + 커스텀 아크릴 키링 + 홀로그램 아크릴 일러스트 카드 + 판 스티커,Ayami Morinaga,서울미디어코믹스(서울문화사),2026-08,22500,10.0,1660,219,2026-09-04T09:18:57+09:00
401325794,일승천금 3,일승천금,3,,- S코믹스,MAAM,㈜소미미디어,2026-09,6300,,1250,220,2026-09-04T09:18:57+09:00
401131327,월간 트릴레마 1,월간 트릴레마,1,,,타치바나 로쿠,재담,2026-08,7200,,900,221,2026-09-04T09:18:57+09:00
256860565,사피엔스 : 그래픽 히스토리 Vol.1,사피엔스 : 그래픽 히스토리 Vol.1,,,- 인류의 탄생,,김영사,2020-11,17820,9.4,26251,222,2026-09-04T09:18:57+09:00
385946226,만화의 원리,만화의 원리,,,,이리에 아키,대원씨아이(만화),2026-02,21600,9.4,17339,223,2026-09-04T09:18:57+09:00
392509863,아름다운 초저녁달 10,아름다운 초저녁달,10,,,야마모리 미카,학산문화사(만화),2026-05,5400,9.5,9885,224,2026-09-04T09:18:57+09:00
329206984,향기로운 꽃은 늠름하게 핀다 3,향기로운 꽃은 늠름하게 핀다,3,,,미카미 사카,대원씨아이(만화),2023-11,5400,10.0,7866,225,2026-09-04T09:18:57+09:00
298605858,헌터x헌터 HunterXHunter 신장판 36,헌터x헌터 HunterXHunter 신장판,36,,,토가시 요시히로,학산문화사(만화),2020-03,5400,,7964,226,2026-09-04T09:18:57+09:00
335258160,향기로운 꽃은 늠름하게 핀다 6,향기로운 꽃은 늠름하게 핀다,6,,,미카미 사카,대원씨아이(만화),2024-02,5400,10.0,7590,227,2026-09-04T09:18:57+09:00
385131551,야마다 군과 Lv999의 사랑을 하다 5,야마다 군과 Lv999의 사랑을 하다,5,,,마시로,디앤씨미디어(주)(D&C미디어),2026-01,7200,9.8,6578,228,2026-09-04T09:18:57+09:00
385131682,야마다 군과 Lv999의 사랑을 하다 6,야마다 군과 Lv999의 사랑을 하다,6,,,마시로,디앤씨미디어(주)(D&C미디어),2026-01,7200,9.8,6660,229,2026-09-04T09:18:57+09:00
392472930,던전에서 만남을 추구하면 안 되는 걸까 21 (소책자 특장판),던전에서 만남을 추구하면 안 되는 걸까,21,소책자 특장판,- S Novel,오모리 후지노,㈜소미미디어,2026-05,18000,9.3,6550,230,2026-09-04T09:18:57+09:00
384933730,아멜리아의 호기심 많은 로맨스 1,아멜리아의 호기심 많은 로맨스,1,,- 루나 코믹스,코하쿠 요루,㈜소미미디어,2026-02,6300,9.8,6229,231,2026-09-04T09:18:57+09:00
398727110,봇치·더·록! 앤솔러지 코믹 6,봇치·더·록! 앤솔러지 코믹,6,,,치바 사도루,대원씨아이(만화),2026-07,8100,10.0,5945,232,2026-09-04T09:18:57+09:00
280599591,지박소년 하나코 군 0,지박소년 하나코 군,0,,,아이다이로,서울미디어코믹스(서울문화사),2021-10,5400,9.0,5238,233,2026-09-04T09:18:57+09:00
373999147,야마다 군과 Lv999의 사랑을 하다 2,야마다 군과 Lv999의 사랑을 하다,2,,,마시로,디앤씨미디어(주)(D&C미디어),2025-09,7200,9.8,5047,234,2026-09-04T09:18:57+09:00
397745987,Myther 2,Myther,2,,"- S코믹스 /초판 한정 양면 일러스트 카드, 초판 한정 PET 일러스트 카드",야츠다 테키,㈜소미미디어,2026-07,6300,,4255,235,2026-09-04T09:18:57+09:00
399404721,오디세이아를 한 번도 안 읽어 볼 수는 없잖아,오디세이아를 한 번도 안 읽어 볼 수는 없잖아,,,,Team. StoryG,oldstairs(올드스테어즈),2026-07,21600,9.3,4330,236,2026-09-04T09:18:57+09:00
399381869,담배 고양이 5,담배 고양이,5,,,냥냥 팩토리,대원씨아이(만화),2026-07,5400,,3970,237,2026-09-04T09:18:57+09:00
284922100,장례식 케이크 전문점 연옥당 1,장례식 케이크 전문점 연옥당,1,,- 양장,산호,문학동네,2021-12,17100,10.0,3904,238,2026-09-04T09:18:57+09:00
400136861,누나의 친구 4,누나의 친구,4,,,타카세 와카,학산문화사(만화),2026-08,5400,,3680,239,2026-09-04T09:18:57+09:00
356090755,그리고 마녀는 숲으로 갔다 2,그리고 마녀는 숲으로 갔다,2,,- 완결,산호,고블,2025-02,21600,9.9,3539,240,2026-09-04T09:18:57+09:00
400136881,벡 Beck 신장판 8,벡 Beck 신장판,8,,,해롤드 사쿠이시,학산문화사(만화),2026-08,10800,10.0,2610,241,2026-09-04T09:18:57+09:00
400150238,남편을 내 편으로 만드는 방법 5,남편을 내 편으로 만드는 방법,5,,,시루,캐롯툰,2026-10,14400,10.0,2250,242,2026-09-04T09:18:57+09:00
400545629,파인더의 도피행,파인더의 도피행,,,- 뉴 루비코믹스 3165,야마네 아야노,현대지능개발사,2026-08,7830,,2160,243,2026-09-04T09:18:57+09:00
395950064,향기로운 꽃은 늠름하게 핀다 4,향기로운 꽃은 늠름하게 핀다,4,,,미카미 사카,대원씨아이(만화),2026-06,6300,,1810,244,2026-09-04T09:18:57+09:00
400707775,곰과 토끼는 친구로 지낼 수 없다 2,곰과 토끼는 친구로 지낼 수 없다,2,,,이누요시 아키라,대원씨아이(만화),2026-08,6300,,1850,245,2026-09-04T09:18:57+09:00
401247968,멜로에 빠진 직장인은 안일하다,멜로에 빠진 직장인은 안일하다,,,- 라르고 맥스 Largo Max,우지이,조은세상(북두),2026-09,5400,,860,246,2026-09-04T09:18:57+09:00
401009550,월광천녀 애장판 8,월광천녀 애장판,8,,,시미즈 레이코,서울미디어코믹스(서울문화사),2026-08,16200,,1140,247,2026-09-04T09:18:57+09:00
382043008,지박소년 하나코 군 25,지박소년 하나코 군,25,,,아이다이로,서울미디어코믹스(서울문화사),2026-01,5400,,1240,248,2026-09-04T09:18:57+09:00
401345069,"여친, 빌리겠습니다 45","여친, 빌리겠습니다",45,,,미야지마 레이지,학산문화사(만화),2026-09,5400,,1140,249,2026-09-04T09:18:57+09:00
398221799,메달리스트 14,메달리스트,14,,,츠루마이카다,학산문화사(만화),2026-07,5400,10.0,16400,250,2026-09-04T09:18:57+09:00
391828072,열혈강호 95,열혈강호,95,,,전극진,대원씨아이(만화),2026-04,4950,9.6,12708,251,2026-09-04T09:18:57+09:00
385786461,스킵과 로퍼 11 (더블 특전판),스킵과 로퍼,11,더블 특전판,"- 미츠미 아크릴 POP + 명장면 흑백 스티커 4종 (초판 특전), 시프트코믹스",타카마츠 미사키,YNK MEDIA(만화),2026-02,5400,8.4,11614,252,2026-09-04T09:18:57+09:00
393546382,봇치·더·록! 외전 히로이 키쿠리의 과음일기 5,봇치·더·록! 외전 히로이 키쿠리의 과음일기,5,,,쿠미쵸,대원씨아이(만화),2026-05,8100,10.0,8355,253,2026-09-04T09:18:57+09:00
294400847,헌터x헌터 HunterXHunter 신장판 33,헌터x헌터 HunterXHunter 신장판,33,,,토가시 요시히로,학산문화사(만화),2018-05,5400,,8454,254,2026-09-04T09:18:57+09:00
307634607,주술회전 21,주술회전,21,,- 도쿄 제2콜로니 -호운-,아쿠타미 게게,서울미디어코믹스(서울문화사),2022-12,5400,9.7,7973,255,2026-09-04T09:18:57+09:00
330062627,주술회전 24,주술회전,24,,- 주택대천 - 재귀 -,아쿠타미 게게,서울미디어코믹스(서울문화사),2023-12,5400,9.5,7896,256,2026-09-04T09:18:57+09:00
323339691,주술회전 23,주술회전,23,,- 별과 기름,아쿠타미 게게,서울미디어코믹스(서울문화사),2023-08,5400,9.9,7784,257,2026-09-04T09:18:57+09:00
398289014,첫사랑은 나의 오빠 1,첫사랑은 나의 오빠,1,,,카스미 유코,서울미디어코믹스(서울문화사),2026-07,5850,9.3,5740,258,2026-09-04T09:18:57+09:00
386003919,향기로운 꽃은 늠름하게 핀다 18,향기로운 꽃은 늠름하게 핀다,18,,,미카미 사카,대원씨아이(만화),2026-02,5400,10.0,5641,259,2026-09-04T09:18:57+09:00
385131522,야마다 군과 Lv999의 사랑을 하다 4,야마다 군과 Lv999의 사랑을 하다,4,,,마시로,디앤씨미디어(주)(D&C미디어),2026-01,7200,9.8,5316,260,2026-09-04T09:18:57+09:00
393753728,수상한 경찰 1 (트리플 특전판),수상한 경찰,1,트리플 특전판,- 초판한정 일러스트 북마크 1종 + 일러스트 엽서 4종 + 캐릭터 프로필 카드 4종,무키시츠,대원씨아이(만화),2026-05,9000,9.6,5325,261,2026-09-04T09:18:57+09:00
395357976,Veil 7,Veil,7,,"- S코믹스, JAPAN EXPO 최우수작화상, 최우수장정상 수상",코테리,㈜소미미디어,2026-06,11520,,4535,262,2026-09-04T09:18:57+09:00
397904768,푸른 상자 24,푸른 상자,24,,,미우라 코우지,학산문화사(만화),2026-07,5400,10.0,4295,263,2026-09-04T09:18:57+09:00
374337173,장례식 케이크 전문점 연옥당 3,장례식 케이크 전문점 연옥당,3,,"- 양장, 완결",산호,문학동네,2025-10,19800,9.7,4690,264,2026-09-04T09:18:57+09:00
399782190,한밤중 하트튠 11,한밤중 하트튠,11,,,이가라시 마사쿠니,학산문화사(만화),2026-08,5400,,4125,265,2026-09-04T09:18:57+09:00
397294534,비교하고 검토하는 교열부의 쿠쥬 씨 1,비교하고 검토하는 교열부의 쿠쥬 씨,1,,,고이시 유카,서교책방,2026-07,11520,9.7,4480,266,2026-09-04T09:18:57+09:00
399451773,숨막힐 정도의 사랑을 줄게 7,숨막힐 정도의 사랑을 줄게,7,,,이와시타 케이코,대원씨아이(만화),2026-07,5400,,3895,267,2026-09-04T09:18:57+09:00
399782154,어차피 울 거라면 사랑이 좋아 9,어차피 울 거라면 사랑이 좋아,9,,,쿠사카 아키,학산문화사(만화),2026-08,5400,10.0,3880,268,2026-09-04T09:18:57+09:00
298280697,헌터x헌터 HunterXHunter 신장판 23,헌터x헌터 HunterXHunter 신장판,23,,,토가시 요시히로,학산문화사(만화),2016-05,5400,,3773,269,2026-09-04T09:18:57+09:00
397995094,수상한 경찰 2 (더블특전판),수상한 경찰,2,더블특전판,- 띠지 + 초판한정 일러스트 카드 1종 + 선착순 더블특전 포토카드 1종,무키시츠,대원씨아이(만화),2026-07,9000,9.5,2950,270,2026-09-04T09:18:57+09:00
400154065,달님이 바라시는 대로 9,달님이 바라시는 대로,9,,,키우치 라무네,서울미디어코믹스(서울문화사),2026-08,5400,,2610,271,2026-09-04T09:18:57+09:00
397818353,너를 너무너무너무너무 좋아하는 100명의 그녀 24,너를 너무너무너무너무 좋아하는 100명의 그녀,24,,,나카무라 리키토,학산문화사(만화),2026-07,5400,,2670,272,2026-09-04T09:18:57+09:00
401052876,만화 이상적인 기둥서방 생활 11,만화 이상적인 기둥서방 생활,11,,,히노츠키 네코,길찾기,2026-08,6300,8.0,1220,273,2026-09-04T09:18:57+09:00
400585911,녹풍당의 사계절 21,녹풍당의 사계절,21,,,시미즈 유우,대원씨아이(만화),2026-08,4500,,1460,274,2026-09-04T09:18:57+09:00
400669097,서뱀프 Servamp 23~24 세트 - 전2권,서뱀프 Servamp 23~24 세트 - 전2권,,,"- 판도라 코믹스, 완결 ,초판 한정 일러스트 카드 2종, 16P 소책자, big 엽서 1종",타나카 스트라이크,조은세상(북두),2026-08,13500,,1480,275,2026-09-04T09:18:57+09:00
401326413,마가이모노 2,마가이모노,2,,"- 위작, S코믹스",쿠로카와 유미,㈜소미미디어,2026-09,8100,,950,276,2026-09-04T09:18:57+09:00
400980630,룸메이트 1,룸메이트,1,,,사토 아키히토,대원씨아이(만화),2026-08,6750,10.0,920,277,2026-09-04T09:18:57+09:00
400930488,숲 변두리의 꼬마 마녀 1,숲 변두리의 꼬마 마녀,1,,- S코믹스,후지무라 아유미,㈜소미미디어,2026-09,6300,,1080,278,2026-09-04T09:18:57+09:00
401049347,냄비로 총알을 막아내며 3,냄비로 총알을 막아내며,3,,,아오키 준타로,블루픽,2026-08,7200,,830,279,2026-09-04T09:18:57+09:00
401049303,냄비로 총알을 막아내며 2,냄비로 총알을 막아내며,2,,,아오키 준타로,블루픽,2026-08,7200,,830,280,2026-09-04T09:18:57+09:00
393769371,가르쳐줘 집사 2,가르쳐줘 집사,2,,,마사키 미치,서울미디어코믹스(서울문화사),2026-05,6300,9.7,13225,281,2026-09-04T09:18:57+09:00
369786330,마남 이치 1 (트리플 특전판),마남 이치,1,트리플 특전판,- 홀로그램 일러스트 카드 2종 + 아크릴 일러스트 카드 1종,유사자키 시로,서울미디어코믹스(서울문화사),2025-08,6300,9.6,9532,282,2026-09-04T09:18:57+09:00
388137331,3월의 벽력 1,3월의 벽력,1,,,이케 준코,대원씨아이(만화),2026-03,5400,9.5,8113,283,2026-09-04T09:18:57+09:00
396695591,루리 드래곤 5,루리 드래곤,5,,"- 초판특전: 일러스트 카드, 일러스트 스탠딩 POP",신도 마사오키,서울미디어코믹스(서울문화사),2026-06,5400,8.7,7815,284,2026-09-04T09:18:57+09:00
294401024,헌터x헌터 HunterXHunter 신장판 34,헌터x헌터 HunterXHunter 신장판,34,,,토가시 요시히로,학산문화사(만화),2018-05,5400,,8186,285,2026-09-04T09:18:57+09:00
392518949,GACHIAKUTA 17,GACHIAKUTA,17,,,케이 우라나,학산문화사(만화),2026-05,5400,10.0,7830,286,2026-09-04T09:18:57+09:00
294401191,헌터x헌터 HunterXHunter 신장판 35,헌터x헌터 HunterXHunter 신장판,35,,,토가시 요시히로,학산문화사(만화),2019-03,5400,2.0,7800,287,2026-09-04T09:18:57+09:00
316015391,주술회전 22,주술회전,22,,- 사쿠라지마 콜로니 -환생-,아쿠타미 게게,서울미디어코믹스(서울문화사),2023-05,5400,10.0,7280,288,2026-09-04T09:18:57+09:00
298605722,헌터x헌터 HunterXHunter 신장판 32,헌터x헌터 HunterXHunter 신장판,32,,,토가시 요시히로,학산문화사(만화),2013-12,5400,,6432,289,2026-09-04T09:18:57+09:00
388852450,담배 고양이 1,담배 고양이,1,,,냥냥 팩토리,대원씨아이(만화),2026-03,5400,10.0,5241,290,2026-09-04T09:18:57+09:00
352187570,주술회전 27,주술회전,27,,,아쿠타미 게게,서울미디어코믹스(서울문화사),2024-08,5400,,4811,291,2026-09-04T09:18:57+09:00
311653748,헌터x헌터 HunterXHunter 신장판 11,헌터x헌터 HunterXHunter 신장판,11,,,토가시 요시히로,학산문화사(만화),2014-09,5400,,4650,292,2026-09-04T09:18:57+09:00
298051256,헌터x헌터 HunterXHunter 신장판 17,헌터x헌터 HunterXHunter 신장판,17,,,토가시 요시히로,학산문화사(만화),2015-06,5400,,4347,293,2026-09-04T09:18:57+09:00
399051208,세금으로 산 책 2,세금으로 산 책,2,,- 시프트코믹스,케이야마 케이,YNK MEDIA(만화),2026-07,5850,9.0,4005,294,2026-09-04T09:18:57+09:00
300919411,헌터x헌터 HunterXHunter 신장판 18,헌터x헌터 HunterXHunter 신장판,18,,,토가시 요시히로,학산문화사(만화),2015-07,5400,,3981,295,2026-09-04T09:18:57+09:00
298280477,헌터x헌터 HunterXHunter 신장판 21,헌터x헌터 HunterXHunter 신장판,21,,,토가시 요시히로,학산문화사(만화),2016-06,5400,,3663,296,2026-09-04T09:18:57+09:00
301058679,헌터x헌터 HunterXHunter 신장판 25,헌터x헌터 HunterXHunter 신장판,25,,,토가시 요시히로,학산문화사(만화),2016-08,5400,,3733,297,2026-09-04T09:18:57+09:00
298280366,헌터x헌터 HunterXHunter 신장판 24,헌터x헌터 HunterXHunter 신장판,24,,,토가시 요시히로,학산문화사(만화),2016-06,5400,,3718,298,2026-09-04T09:18:57+09:00
395170753,도쿄 학생 애처가 4,도쿄 학생 애처가,4,,,카유카와 스즈,학산문화사(만화),2026-06,6300,9.8,3450,299,2026-09-04T09:18:57+09:00
339953506,방과 후 소년 하나코 군 2,방과 후 소년 하나코 군,2,,,아이다이로,서울미디어코믹스(서울문화사),2024-05,5400,,2592,300,2026-09-04T09:18:57+09:00
333689768,건방진 그 녀석 1,건방진 그 녀석,1,,,미츠바치 미유키,학산문화사(만화),2016-03,5400,10.0,2672,301,2026-09-04T09:18:57+09:00
399953433,추우면 변하는 헤비가미 군 2,추우면 변하는 헤비가미 군,2,,"- SL Comic /초판 한정 특전: 띠지, PET 스탠드, 일러스트 스티커",쿠리미야,디앤씨미디어(주)(D&C미디어),2026-08,6300,,2230,302,2026-09-04T09:18:57+09:00
400006981,유녀전기 대대야사 1,유녀전기 대대야사,1,,- 노엔 코믹스 / 초판한정 특별부록 : 일러스트 카드 + 띠지,토죠 치카,데이즈엔터(주),2026-08,5400,10.0,2480,303,2026-09-04T09:18:57+09:00
400307585,재혼황후 11,재혼황후,11,,- 만화,히어리,영컴(YOUNG COM),2026-08,15120,,2090,304,2026-09-04T09:18:57+09:00
388016407,정반대의 너와 나 8,정반대의 너와 나,8,,- 완결,아가사와 코챠,학산문화사(만화),2026-03,5400,10.0,1884,305,2026-09-04T09:18:57+09:00
400712982,내 백합도 영업인 줄 알았어?,내 백합도 영업인 줄 알았어?,,,"- Novel Engine , 초판한정 특별부록 : 띠지 + 일러스트 카드",아사쿠라 네루,코믹레인,2026-09,7200,,1610,306,2026-09-04T09:18:57+09:00
396089286,향기로운 꽃은 늠름하게 핀다 13,향기로운 꽃은 늠름하게 핀다,13,,,미카미 사카,대원씨아이(만화),2026-06,6300,,1780,307,2026-09-04T09:18:57+09:00
400585950,보루토 -TWO BLUE VORTEX- 5,보루토 -TWO BLUE VORTEX-,5,,,이케모토 미키오,대원씨아이(만화),2026-08,5850,,1570,308,2026-09-04T09:18:57+09:00
400310759,호랑이형님 20,호랑이형님,20,,,이상규,영컴(YOUNG COM),2026-08,15120,,1590,309,2026-09-04T09:18:57+09:00
401052841,만화 이상적인 기둥서방 생활 10,만화 이상적인 기둥서방 생활,10,,,히노츠키 네코,길찾기,2026-08,6300,,1110,310,2026-09-04T09:18:57+09:00
400878569,오컬트 타임즈 1,오컬트 타임즈,1,,- 초판 한정 : 일러스트 카드 부록 2종,Idonchi,서울미디어코믹스(서울문화사),2026-08,6300,10.0,1140,311,2026-09-04T09:18:57+09:00
400930360,마로니에 왕국의 7인의 기사 7,마로니에 왕국의 7인의 기사,7,,,이와모토 나오,㈜소미미디어,2026-09,6300,,920,312,2026-09-04T09:18:57+09:00
401041322,술에 취한 영애가 영웅을 몰라보고 구혼한 결과 1,술에 취한 영애가 영웅을 몰라보고 구혼한 결과,1,,,오오토리,대원씨아이(만화),2026-08,5850,,740,313,2026-09-04T09:18:57+09:00
401325950,타이카의 이성 3,타이카의 이성,3,,- S코믹스,이타가키 파루,㈜소미미디어,2026-09,6300,,840,314,2026-09-04T09:18:57+09:00
374014339,명탐정 코난 : 1일 1쪽 뇌 자극 수학 추리 초급편 151문,명탐정 코난 : 1일 1쪽 뇌 자극 수학 추리 초급편 151문,,,,아오야마 고쇼,서울미디어코믹스(서울문화사),2025-10,13500,10.0,740,315,2026-09-04T09:18:57+09:00
401407531,소녀왕국 표류기 43,소녀왕국 표류기,43,,,후지시로 타케시,삼양출판사(만화),2026-08,4320,,1110,316,2026-09-04T09:18:57+09:00
396644572,포켓몬 생태도감 특별판,포켓몬 생태도감 특별판,,,,주식회사 포켓몬,대원씨아이(단행본),2026-06,44100,10.0,22855,317,2026-09-04T09:18:57+09:00
366123624,스파이 패밀리 15,스파이 패밀리,15,,,엔도 타츠야,학산문화사(만화),2025-06,5400,9.9,16215,318,2026-09-04T09:18:57+09:00
323272361,"안녕, 에리","안녕, 에리",,,,후지모토 타츠키,학산문화사(만화),2023-08,5400,9.4,15437,319,2026-09-04T09:18:57+09:00
385521459,체인소 맨 22,체인소 맨,22,,,후지모토 타츠키,학산문화사(만화),2026-02,5400,10.0,13044,320,2026-09-04T09:18:57+09:00
387708305,월간순정 노자키 군 17,월간순정 노자키 군,17,,,츠바키 이즈미,학산문화사(만화),2026-03,5400,9.8,11564,321,2026-09-04T09:18:57+09:00
389928831,새벽의 연화 46,새벽의 연화,46,,,미즈호 쿠사나기,학산문화사(만화),2026-04,5400,9.8,10364,322,2026-09-04T09:18:57+09:00
335112422,주술회전 25,주술회전,25,,- 인외마경 신주쿠 결전,아쿠타미 게게,서울미디어코믹스(서울문화사),2024-02,5400,9.6,10227,323,2026-09-04T09:18:57+09:00
341524569,주술회전 26,주술회전,26,,- 남쪽으로,아쿠타미 게게,서울미디어코믹스(서울문화사),2024-06,5400,,8769,324,2026-09-04T09:18:57+09:00
398836243,TV애니메이션 주술회전 회옥·옥절/시부야 사변 공식 가이드북,TV애니메이션 주술회전 회옥·옥절/시부야 사변 공식 가이드북,,,- 초판 한정 : 책갈피 2종,아쿠타미 게게,서울미디어코믹스(서울문화사),2026-07,24300,10.0,7585,325,2026-09-04T09:18:57+09:00
396563591,히나타의 블루 6,히나타의 블루,6,,"- 완결, 루나 코믹스 / 초판 한정 양면 어나더 커버, 렌티큘러 카드, 일러스트 카드",메구로 아무,㈜소미미디어,2026-07,6300,10.0,7525,326,2026-09-04T09:18:57+09:00
336635744,향기로운 꽃은 늠름하게 핀다 7,향기로운 꽃은 늠름하게 핀다,7,,,미카미 사카,대원씨아이(만화),2024-03,5400,10.0,7382,327,2026-09-04T09:18:57+09:00
294032766,헌터x헌터 HunterXHunter 신장판 1,헌터x헌터 HunterXHunter 신장판,1,,,토가시 요시히로,학산문화사(만화),2013-07,5400,10.0,6559,328,2026-09-04T09:18:57+09:00
394695461,블루 록 36,블루 록,36,,,노무라 유스케,학산문화사(만화),2026-06,5400,,5940,329,2026-09-04T09:18:57+09:00
292320734,헌터x헌터 HunterXHunter 신장판 2,헌터x헌터 HunterXHunter 신장판,2,,,토가시 요시히로,학산문화사(만화),2012-07,5400,10.0,6131,330,2026-09-04T09:18:57+09:00
280599653,지박소년 하나코 군 1,지박소년 하나코 군,1,,,아이다이로,서울미디어코믹스(서울문화사),2021-10,5400,10.0,5556,331,2026-09-04T09:18:57+09:00
373998674,야마다 군과 Lv999의 사랑을 하다 1,야마다 군과 Lv999의 사랑을 하다,1,,,마시로,디앤씨미디어(주)(D&C미디어),2025-09,7200,9.8,5171,332,2026-09-04T09:18:57+09:00
396574570,Re : 제로부터 시작하는 이세계 생활 42,Re : 제로부터 시작하는 이세계 생활,42,,"- Novel Engine /초판한정 특별부록 : 띠지, 일러스트 카드",나가츠키 탓페이,데이즈엔터(주),2026-07,7200,10.0,4940,333,2026-09-04T09:18:57+09:00
354729574,주술회전 28,주술회전,28,,- 인외마경 신주쿠 결전 : 9점 점바둑,아쿠타미 게게,서울미디어코믹스(서울문화사),2024-12,5400,10.0,5103,334,2026-09-04T09:18:57+09:00
395173556,내 마음의 위험한 녀석 13,내 마음의 위험한 녀석,13,,- S코믹스,사쿠라이 노리오,㈜소미미디어,2026-06,6300,9.4,4855,335,2026-09-04T09:18:57+09:00
282899765,지박소년 하나코 군 8,지박소년 하나코 군,8,,,아이다이로,서울미디어코믹스(서울문화사),2021-11,5400,10.0,4713,336,2026-09-04T09:18:57+09:00
396766600,유루캠 18,유루캠,18,,,아프로,대원씨아이(만화),2026-06,4950,9.6,3885,337,2026-09-04T09:18:57+09:00
298280458,헌터x헌터 HunterXHunter 신장판 30,헌터x헌터 HunterXHunter 신장판,30,,,토가시 요시히로,학산문화사(만화),2017-03,5400,,4087,338,2026-09-04T09:18:57+09:00
298280739,헌터x헌터 HunterXHunter 신장판 16,헌터x헌터 HunterXHunter 신장판,16,,,토가시 요시히로,학산문화사(만화),2015-04,5400,,3710,339,2026-09-04T09:18:57+09:00
301058589,헌터x헌터 HunterXHunter 신장판 19,헌터x헌터 HunterXHunter 신장판,19,,,토가시 요시히로,학산문화사(만화),2015-08,5400,,3614,340,2026-09-04T09:18:57+09:00
298280514,헌터x헌터 HunterXHunter 신장판 27,헌터x헌터 HunterXHunter 신장판,27,,,토가시 요시히로,학산문화사(만화),2016-10,5400,,3555,341,2026-09-04T09:18:57+09:00
301058824,헌터x헌터 HunterXHunter 신장판 29,헌터x헌터 HunterXHunter 신장판,29,,,토가시 요시히로,학산문화사(만화),2017-01,5400,,3674,342,2026-09-04T09:18:57+09:00
397997937,사일런트 위치 10,사일런트 위치,10,,"- 침묵의 마녀의 비밀, ROSY",이소라 마츠리,데이즈엔터(주),2026-07,9900,10.0,3370,343,2026-09-04T09:18:57+09:00
399973698,시노비고토 7,시노비고토,7,,,미타라시 산타,학산문화사(만화),2026-08,6300,,2640,344,2026-09-04T09:18:57+09:00
398728336,마법소녀를 동경해서 5 (더블특전판),마법소녀를 동경해서,5,더블특전판,- 초판한정 : 일러스트 카드 1종 + SD 스티커 1종,오노나카 아키히로,대원씨아이(만화),2026-07,6750,,2820,345,2026-09-04T09:18:57+09:00
333640352,정반대의 너와 나 3,정반대의 너와 나,3,,,아가사와 코챠,학산문화사(만화),2024-02,5400,9.8,2803,346,2026-09-04T09:18:57+09:00
345587184,정반대의 너와 나 4,정반대의 너와 나,4,,,아가사와 코챠,학산문화사(만화),2024-08,5400,9.7,2786,347,2026-09-04T09:18:57+09:00
398203513,톰 폭스의 옷을 입은 캐릭터 드로잉 : 아티스트를 위한 옷과 주름 그리기 가이드,톰 폭스의 옷을 입은 캐릭터 드로잉 : 아티스트를 위한 옷과 주름 그리기 가이드,,,,톰 폭스,한즈미디어(한스미디어),2026-07,28800,10.0,2505,348,2026-09-04T09:18:57+09:00
400197602,타로의 얼렁뚱땅 2,타로의 얼렁뚱땅,2,,,야츠미 츠무,서울미디어코믹스(서울문화사),2026-08,5850,10.0,2470,349,2026-09-04T09:18:57+09:00
400197883,망각 배터리 23,망각 배터리,23,,,에코 미카와,서울미디어코믹스(서울문화사),2026-08,5400,,2580,350,2026-09-04T09:18:57+09:00
375360802,44교시 생존수업 1~2 세트 - 전2권,44교시 생존수업 1~2 세트 - 전2권,,,,상C,네이버웹툰,2025-12,28800,10.0,2214,351,2026-09-04T09:18:57+09:00
313274245,네가 죽을 때까지 사랑하고 싶어 1,네가 죽을 때까지 사랑하고 싶어,1,,,나치 아오노,학산문화사(만화),2020-12,5400,,2348,352,2026-09-04T09:18:57+09:00
366271674,정반대의 너와 나 7,정반대의 너와 나,7,,,아가사와 코챠,학산문화사(만화),2025-06,5400,9.9,2063,353,2026-09-04T09:18:57+09:00
397810577,쪽팔려게임 1~2 세트 - 전2권,쪽팔려게임 1~2 세트 - 전2권,,,"- 초판 한정 부록 : 1권,2권 엽서 2종 + 학생증 2종 + 면지에 작가님 친필 사인(인쇄본)",봉수,네이버웹툰,2026-09,28800,,2160,354,2026-09-04T09:18:57+09:00
396090083,향기로운 꽃은 늠름하게 핀다 8,향기로운 꽃은 늠름하게 핀다,8,,,미카미 사카,대원씨아이(만화),2026-06,6300,,1620,355,2026-09-04T09:18:57+09:00
400856516,아오아시 17,아오아시,17,,,코바야시 유고,대원씨아이(만화),2026-08,5850,,1390,356,2026-09-04T09:18:57+09:00
400669111,커다란 네가 제일 귀여워,커다란 네가 제일 귀여워,,,- 라르고 맥스 Largo Max,유키하루,조은세상(북두),2026-08,6300,,1190,357,2026-09-04T09:18:57+09:00
400921733,이세계 전생 던전 마스터 온천 던전을 만들다 1,이세계 전생 던전 마스터 온천 던전을 만들다,1,,"- S Novel+, 초판 한정 아마하라 신규 일러스트 양면커버, 일러스트카드",아마하라,㈜소미미디어,2026-09,9000,,1720,358,2026-09-04T09:18:57+09:00
398284900,공정 드래곤즈 21,공정 드래곤즈,21,,,쿠와바라 타쿠,대원씨아이(만화),2026-07,5400,9.3,970,359,2026-09-04T09:18:57+09:00
401008380,렛츠고 괴기조 5,렛츠고 괴기조,5,,,View,㈜에스엠지크리에이티브(고은문화사),2026-08,5850,,590,360,2026-09-04T09:18:57+09:00
400880249,파도였던 날들,파도였던 날들,,,,AJ 덩고,미메시스,2026-09,25200,10.0,620,361,2026-09-04T09:18:57+09:00
391724964,가르쳐줘 집사 1,가르쳐줘 집사,1,,- 초판 한정 더블 특전 : 양면 코스터 & 포토카드 2종 세트,마사키 미치,서울미디어코믹스(서울문화사),2026-04,6300,9.7,10577,362,2026-09-04T09:18:57+09:00
312942363,타코피의 원죄 - 상,타코피의 원죄 - 상,,,,타이잔5,대원씨아이(만화),2023-03,5400,9.9,10383,363,2026-09-04T09:18:57+09:00
368857673,명탐정 코난 107,명탐정 코난,107,,,아오야마 고쇼,서울미디어코믹스(서울문화사),2025-07,5400,9.9,10292,364,2026-09-04T09:18:57+09:00
312942437,타코피의 원죄 - 하,타코피의 원죄 - 하,,,,타이잔5,대원씨아이(만화),2023-03,5400,8.8,10148,365,2026-09-04T09:18:57+09:00
369126143,주술회전 30,주술회전,30,,,아쿠타미 게게,서울미디어코믹스(서울문화사),2025-08,5400,10.0,9180,366,2026-09-04T09:18:57+09:00
388821136,중년에 지친 밤에는,중년에 지친 밤에는,,,,마스다 미리,북포레스트,2026-03,16200,9.4,7993,367,2026-09-04T09:18:57+09:00
395358108,찍히지 않습니다 6,찍히지 않습니다,6,,"- S코믹스 /초판 한정 일러스트 카드, 폴라로이드 사진풍 카드 2종",코노시마 루카,㈜소미미디어,2026-06,6300,10.0,8040,368,2026-09-04T09:18:57+09:00
303424817,주술회전 20,주술회전,20,,- 센다이 -연회 중반-,아쿠타미 게게,서울미디어코믹스(서울문화사),2022-10,5400,9.8,7718,369,2026-09-04T09:18:57+09:00
303306489,망그러진 만화 1,망그러진 만화,1,,- 망그러진 곰과 햄터의 귀염뽀짝 일상다반사!,유랑,좋은생각,2022-11,15120,9.9,7572,370,2026-09-04T09:18:57+09:00
375360162,향기로운 꽃은 늠름하게 핀다 17,향기로운 꽃은 늠름하게 핀다,17,,,미카미 사카,대원씨아이(만화),2025-10,5400,,7130,371,2026-09-04T09:18:57+09:00
372708826,향기로운 꽃은 늠름하게 핀다 16,향기로운 꽃은 늠름하게 핀다,16,,,미카미 사카,대원씨아이(만화),2025-09,5400,9.8,7111,372,2026-09-04T09:18:57+09:00
379515213,야마다 군과 Lv999의 사랑을 하다 4~6 특별판 세트 - 전3권,야마다 군과 Lv999의 사랑을 하다 4~6 특별판 세트 - 전3권,,,- 띠지 + 특별판 아크릴 북스탠드 + 특별판 아크릴 블록 + 특별판 양면 책갈피 + 일반판 일러스트 카드 3종 + 일반판 폴라로이드 카드 3종,마시로,디앤씨미디어(주)(D&C미디어),2025-12,49500,10.0,6951,373,2026-09-04T09:18:57+09:00
329703592,지박소년 하나코 군 20,지박소년 하나코 군,20,,,아이다이로,서울미디어코믹스(서울문화사),2023-12,5400,8.9,6812,374,2026-09-04T09:18:57+09:00
399045982,유희왕 애장판 21,유희왕 애장판,21,,,다카하시 카즈키,대원씨아이(만화),2026-07,10800,,6520,375,2026-09-04T09:18:57+09:00
297902307,헌터x헌터 HunterXHunter 신장판 3,헌터x헌터 HunterXHunter 신장판,3,,,토가시 요시히로,학산문화사(만화),2013-08,5400,,5604,376,2026-09-04T09:18:57+09:00
304091956,지박소년 하나코 군 18,지박소년 하나코 군,18,,,아이다이로,서울미디어코믹스(서울문화사),2022-11,5400,9.6,5229,377,2026-09-04T09:18:57+09:00
297863750,헌터x헌터 HunterXHunter 신장판 5,헌터x헌터 HunterXHunter 신장판,5,,,토가시 요시히로,학산문화사(만화),2013-10,5400,,5296,378,2026-09-04T09:18:57+09:00
399051127,"너무 건방져, 치가야 군 1","너무 건방져, 치가야 군",1,,,안도 마이,에이템포미디어,2026-07,5850,,4750,379,2026-09-04T09:18:57+09:00
292995505,지박소년 하나코 군 17,지박소년 하나코 군,17,,,아이다이로,서울미디어코믹스(서울문화사),2022-05,5400,9.7,5066,380,2026-09-04T09:18:57+09:00
246152488,여름 안에서,여름 안에서,,,,성률,문학동네,2020-07,17550,8.1,4881,381,2026-09-04T09:18:57+09:00
297902517,헌터x헌터 HunterXHunter 신장판 10,헌터x헌터 HunterXHunter 신장판,10,,,토가시 요시히로,학산문화사(만화),2014-04,5400,,4713,382,2026-09-04T09:18:57+09:00
281358410,원피스 1,원피스,1,,- 동터오는 모험시대,오다 에이치로,대원씨아이(만화),2008-03,4950,10.0,4325,383,2026-09-04T09:18:57+09:00
394099635,담배 고양이 3,담배 고양이,3,,,냥냥 팩토리,대원씨아이(만화),2026-05,5400,10.0,4435,384,2026-09-04T09:18:57+09:00
294154150,헌터x헌터 HunterXHunter 신장판 12,헌터x헌터 HunterXHunter 신장판,12,,,토가시 요시히로,학산문화사(만화),2014-09,5400,,4328,385,2026-09-04T09:18:57+09:00
399453196,묘쌤은 이렇게 말했다 11,묘쌤은 이렇게 말했다,11,,- S코믹스,무테키 소다,㈜소미미디어,2026-08,6300,10.0,4345,386,2026-09-04T09:18:57+09:00
337105332,Veil 1,Veil,1,,"- S코믹스, JAPAN EXPO 최우수작화상, 최우수장정상 수상",코테리,㈜소미미디어,2024-04,11520,9.2,4379,387,2026-09-04T09:18:57+09:00
395849750,놀이의 관계 1,놀이의 관계,1,,- S Novel,아오이 세키나,㈜소미미디어,2026-06,7650,10.0,3980,388,2026-09-04T09:18:57+09:00
330441742,기븐 9,기븐,9,,- 뉴 루비코믹스 2970,키즈 나츠키,현대지능개발사,2023-12,5400,9.7,3941,389,2026-09-04T09:18:57+09:00
399540525,전희 서바이벌 사가 3,전희 서바이벌 사가,3,,,OTOSAMA,오팬스코믹,2026-07,6300,10.0,3480,390,2026-09-04T09:18:57+09:00
397294900,비교하고 검토하는 교열부의 쿠쥬 씨 2,비교하고 검토하는 교열부의 쿠쥬 씨,2,,,고이시 유카,서교책방,2026-07,11520,10.0,3580,391,2026-09-04T09:18:57+09:00
314918637,헌터x헌터 HunterXHunter 신장판 20,헌터x헌터 HunterXHunter 신장판,20,,,토가시 요시히로,학산문화사(만화),2015-12,5400,,3492,392,2026-09-04T09:18:57+09:00
394239585,사피엔스: 그래픽 히스토리 시리즈 세트 - 전4권,사피엔스: 그래픽 히스토리 시리즈 세트 - 전4권,,,,,김영사,2026-05,71280,9.3,3165,393,2026-09-04T09:18:57+09:00
393153006,마가이모노 1,마가이모노,1,,"- 위작, S코믹스",쿠로카와 유미,㈜소미미디어,2026-05,8100,9.6,3105,394,2026-09-04T09:18:57+09:00
388562286,양 선배는 혼자서 살아갈 수 없어 1,양 선배는 혼자서 살아갈 수 없어,1,,,soon챠,대원씨아이(만화),2026-03,5850,,2843,395,2026-09-04T09:18:57+09:00
398869812,창천항로 애장판 3,창천항로 애장판,3,,,킹곤타,대원씨아이(만화),2026-07,16200,,2820,396,2026-09-04T09:18:57+09:00
320637311,정반대의 너와 나 1,정반대의 너와 나,1,,,아가사와 코챠,학산문화사(만화),2023-07,5400,9.8,3021,397,2026-09-04T09:18:57+09:00
345982331,흑무경담 1,흑무경담,1,,- S코믹스,토가와 요난,㈜소미미디어,2024-09,5400,8.6,2941,398,2026-09-04T09:18:57+09:00
322804966,정반대의 너와 나 2,정반대의 너와 나,2,,,아가사와 코챠,학산문화사(만화),2023-08,5400,9.8,2901,399,2026-09-04T09:18:57+09:00
399486670,서유요원전 서역편 : 화염산의 장 4,서유요원전 서역편 : 화염산의 장,4,,,모로호시 다이지로,문학동네,2026-07,9900,,2590,400,2026-09-04T09:18:57+09:00
399486641,서유요원전 서역편 : 화염산의 장 3,서유요원전 서역편 : 화염산의 장,3,,,모로호시 다이지로,문학동네,2026-07,9900,,2580,401,2026-09-04T09:18:57+09:00
399973609,켄투리아 6,켄투리아,6,,,쿠라모리 토오루,학산문화사(만화),2026-08,5400,10.0,2950,402,2026-09-04T09:18:57+09:00
353581707,정반대의 너와 나 6,정반대의 너와 나,6,,,아가사와 코챠,학산문화사(만화),2024-12,5400,9.9,2515,403,2026-09-04T09:18:57+09:00
349941684,정반대의 너와 나 5,정반대의 너와 나,5,,,아가사와 코챠,학산문화사(만화),2024-10,5400,9.9,2614,404,2026-09-04T09:18:57+09:00
344689794,네가 죽을 때까지 사랑하고 싶어 7,네가 죽을 때까지 사랑하고 싶어,7,,,나치 아오노,학산문화사(만화),2024-08,5400,10.0,2534,405,2026-09-04T09:18:57+09:00
399926241,어쨌든 귀여워 25,어쨌든 귀여워,25,,- S코믹스,하타 켄지로,㈜소미미디어,2026-08,6300,,2080,406,2026-09-04T09:18:57+09:00
393803230,J⇔M 제이엠 6,J⇔M 제이엠,6,,,오타케 마사오,대원씨아이(만화),2026-05,6300,10.0,2260,407,2026-09-04T09:18:57+09:00
399556315,이우일의 만화 그리스로마 신화 1~3 세트 - 전3권,이우일의 만화 그리스로마 신화 1~3 세트 - 전3권,,,,이우일,비채,2026-07,59850,,2160,408,2026-09-04T09:18:57+09:00
331618813,먼작귀 1 (그림책 포함 특별판),먼작귀,1,그림책 포함 특별판,- 먼가 작고 귀여운 녀석,나가노,미우(대원씨아이),2022-06,17820,,2101,409,2026-09-04T09:18:57+09:00
400001284,와카코와 술 25,와카코와 술,25,,,신큐 치에,AK(에이케이)커뮤니케이션즈,2026-08,7200,,1870,410,2026-09-04T09:18:57+09:00
386058010,사카모토 데이즈 25,사카모토 데이즈,25,,- 친구이상 킬러미만,스즈키 유우토,대원씨아이(만화),2026-02,5850,,1515,411,2026-09-04T09:18:57+09:00
337394406,풀 나이트 1,풀 나이트,1,,- S코믹스,야스다 카스미,㈜소미미디어,2024-04,6300,10.0,1321,412,2026-09-04T09:18:57+09:00
400311047,호랑이형님 21,호랑이형님,21,,,이상규,영컴(YOUNG COM),2026-08,15120,,1410,413,2026-09-04T09:18:57+09:00
340310033,블리치 리믹스 3,블리치 리믹스,3,,,쿠보 타이토,서울미디어코믹스(서울문화사),2024-05,10800,10.0,1328,414,2026-09-04T09:18:57+09:00
375361063,44교시 생존수업 1,44교시 생존수업,1,,,상C,네이버웹툰,2025-12,14400,,1246,415,2026-09-04T09:18:57+09:00
400930279,에리스의 성배 6,에리스의 성배,6,,- S코믹스,모모야마 히나세,㈜소미미디어,2026-09,6300,,910,416,2026-09-04T09:18:57+09:00
400556285,꿈자리가 이상한데요?! 외전 (한정판),꿈자리가 이상한데요?! 외전,,한정판,"- 구성: 도서, SD 판 스티커, 작가 선화 및 사인 인쇄, 아크릴 누들 스토퍼, 네컷사진, 증명사진 세트, 포토카드 2종, 폴라로이드 2종",흰귀,북극여우,2026-10,39600,,940,417,2026-09-04T09:18:57+09:00
400921444,페이스리스 드롭아웃 1,페이스리스 드롭아웃,1,,- S Novel+,류토,㈜소미미디어,2026-09,10800,,1580,418,2026-09-04T09:18:57+09:00
400856452,치하야 리스타트! 2,치하야 리스타트!,2,,,타케우치 홀로,대원씨아이(만화),2026-08,5850,6.0,830,419,2026-09-04T09:18:57+09:00
401248068,"달은 차고 이지러져, 짐승의 사랑 신장판","달은 차고 이지러져, 짐승의 사랑 신장판",,,- 라르고 맥스 Largo Max,노지로 구리,조은세상(북두),2026-09,5850,,630,420,2026-09-04T09:18:57+09:00
401247959,내일은 어느 쪽! 12,내일은 어느 쪽!,12,,- 코믹 라르고 Comic Largo,야마모토 코테츠코,조은세상(북두),2026-09,5400,,620,421,2026-09-04T09:18:57+09:00
401345304,사령 마술의 용의자 3,사령 마술의 용의자,3,,,오니오,학산문화사(만화),2026-09,6300,,1060,422,2026-09-04T09:18:57+09:00
361704320,여학교의 별 4,여학교의 별,4,,,와야마 야마,문학동네,2025-03,7650,9.8,28635,423,2026-09-04T09:18:57+09:00
393250501,도쿄 에일리언즈 12 (트리플 특장판),도쿄 에일리언즈,12,트리플 특장판,- 초판 한정 : 아크릴 일러스트 카드(초판 전체) + 스페셜 일러스트 카드(선착순 한정) + 인화사진 (선착순 한정),NAOE,서울미디어코믹스(서울문화사),2026-05,5400,10.0,16300,424,2026-09-04T09:18:57+09:00
280555213,포인트 캐릭터 드로잉 - 전2권,포인트 캐릭터 드로잉 - 전2권,,,,타코,레진코믹스(레진엔터테인먼트),2021-09,25200,10.0,16088,425,2026-09-04T09:18:57+09:00
399067587,매거진 조이 Vol.3 : 가비지타임,매거진 조이 Vol.3 : 가비지타임,,,- 초판 한정 : 히든카드/ 상시 특별 부록: 접지 포스터 + 북마크 4종,2사장,다산코믹스,2026-07,22500,10.0,14165,426,2026-09-04T09:18:57+09:00
186848330,쥐 The Complete Maus 합본,쥐 The Complete Maus 합본,,,,아트 슈피겔만,아름드리미디어,2014-06,18900,9.4,13795,427,2026-09-04T09:18:57+09:00
368125805,장송의 프리렌 14,장송의 프리렌,14,,,야마다 카네히토,학산문화사(만화),2025-07,5400,9.8,10860,428,2026-09-04T09:18:57+09:00
366700348,신부이야기 15,신부이야기,15,,,모리 카오루,대원씨아이(만화),2025-06,7200,9.4,10567,429,2026-09-04T09:18:57+09:00
397744206,학생회에도 구멍은 있다! 12,학생회에도 구멍은 있다!,12,,- S코믹스,무치마로,㈜소미미디어,2026-07,6300,9.0,10280,430,2026-09-04T09:18:57+09:00
398221849,메달리스트 공식 팬북 더블특전판,메달리스트 공식 팬북 더블특전판,,,- 수량 한정 더블 특전 : 일러스트 카드 + 네컷사진,츠루마이카다,학산문화사(만화),2026-07,13500,10.0,9780,431,2026-09-04T09:18:57+09:00
299392454,자연스러운 인체 드로잉,자연스러운 인체 드로잉,,,- 해부학부터 옷 주름까지 배우는,소은 박경선,동양북스(동양문고),2022-08,21150,10.0,9622,432,2026-09-04T09:18:57+09:00
382046167,캐릭캐릭 체인지! Jewel Joker 주얼 조커 2,캐릭캐릭 체인지! Jewel Joker 주얼 조커,2,,,PEACH-PIT,서울미디어코믹스(서울문화사),2025-12,5850,9.8,9457,433,2026-09-04T09:18:57+09:00
2308089,만화의 이해,만화의 이해,,,,스콧 맥클라우드,비즈앤비즈,2008-07,17100,9.8,9161,434,2026-09-04T09:18:57+09:00
363873557,찍히지 않습니다 1,찍히지 않습니다,1,,- S코믹스,코노시마 루카,㈜소미미디어,2025-05,6300,9.8,9123,435,2026-09-04T09:18:57+09:00
352603529,지박소년 하나코 군 22,지박소년 하나코 군,22,,,아이다이로,서울미디어코믹스(서울문화사),2024-11,5400,9.9,9089,436,2026-09-04T09:18:57+09:00
360719281,지박소년 하나코 군 23,지박소년 하나코 군,23,,,아이다이로,서울미디어코믹스(서울문화사),2025-03,5400,9.8,6744,437,2026-09-04T09:18:57+09:00
216773326,그 비스크 돌은 사랑을 한다 1,그 비스크 돌은 사랑을 한다,1,,- S코믹스,후쿠다 신이치,㈜소미미디어,2019-11,6300,9.4,6166,438,2026-09-04T09:18:57+09:00
365659712,타워 던전 1,타워 던전,1,,,니헤이 츠토무,학산문화사(만화),2025-06,6300,9.6,5661,439,2026-09-04T09:18:57+09:00
314077334,헌터x헌터 HunterXHunter 신장판 4,헌터x헌터 HunterXHunter 신장판,4,,,토가시 요시히로,학산문화사(만화),2013-08,5400,,5272,440,2026-09-04T09:18:57+09:00
394169724,쓰레기 기둥서방 하나 군은 죽고 싶어 해 3,쓰레기 기둥서방 하나 군은 죽고 싶어 해,3,,,아메코,대원씨아이(만화),2026-05,5850,9.7,5085,441,2026-09-04T09:18:57+09:00
317849520,지박소년 하나코 군 19,지박소년 하나코 군,19,,,아이다이로,서울미디어코믹스(서울문화사),2023-06,5400,9.8,5013,442,2026-09-04T09:18:57+09:00
294153055,헌터x헌터 HunterXHunter 신장판 7,헌터x헌터 HunterXHunter 신장판,7,,,토가시 요시히로,학산문화사(만화),2014-01,5400,,4997,443,2026-09-04T09:18:57+09:00
389890523,타워 던전 5,타워 던전,5,,,니헤이 츠토무,학산문화사(만화),2026-04,6300,9.9,4791,444,2026-09-04T09:18:57+09:00
398418968,황천의 츠가이 11 (특별판),황천의 츠가이,11,특별판,- 초판부록 2종 + 패키지 박스 + 운명의 쌍둥이 아크릴 스탠드 2종 + 팬던트 아크릴 참 키링 1종+ 시그니처 포토카드 1종 + 빅 캔배지 1종 + 홀로그램 카드 2종,아라카와 히로무,대원씨아이(만화),2026-07,25650,10.0,4665,445,2026-09-04T09:18:57+09:00
390998609,담배 고양이 2,담배 고양이,2,,,냥냥 팩토리,대원씨아이(만화),2026-04,5400,10.0,4546,446,2026-09-04T09:18:57+09:00
315823527,헌터x헌터 HunterXHunter 신장판 9,헌터x헌터 HunterXHunter 신장판,9,,,토가시 요시히로,학산문화사(만화),2014-04,5400,,4575,447,2026-09-04T09:18:57+09:00
395357833,전생했더니 슬라임이었던 건에 대하여 23,전생했더니 슬라임이었던 건에 대하여,23,,"- S Novel+, 완결 / 초판 한정 책갈피, 양면커버",후세,㈜소미미디어,2026-06,12600,,4575,448,2026-09-04T09:18:57+09:00
314077483,헌터x헌터 HunterXHunter 신장판 8,헌터x헌터 HunterXHunter 신장판,8,,,토가시 요시히로,학산문화사(만화),2014-01,5400,,4518,449,2026-09-04T09:18:57+09:00
280599755,지박소년 하나코 군 3,지박소년 하나코 군,3,,,아이다이로,서울미디어코믹스(서울문화사),2021-10,5400,10.0,4431,450,2026-09-04T09:18:57+09:00
382042317,디 그레이 맨 29,디 그레이 맨,29,,,호시노 카츠라,대원씨아이(만화),2025-12,5400,10.0,4260,451,2026-09-04T09:18:57+09:00
394711835,악마에 입문했습니다! 이루마 군 : if Episode of 마피아 7,악마에 입문했습니다! 이루마 군 : if Episode of 마피아,7,,,니시 오사무,서울미디어코믹스(서울문화사),2026-06,5850,,4075,452,2026-09-04T09:18:57+09:00
396049036,담배 고양이 4,담배 고양이,4,,,냥냥 팩토리,대원씨아이(만화),2026-06,5400,10.0,3960,453,2026-09-04T09:18:57+09:00
282899789,지박소년 하나코 군 9,지박소년 하나코 군,9,,,아이다이로,서울미디어코믹스(서울문화사),2021-11,5400,10.0,4052,454,2026-09-04T09:18:57+09:00
396377370,너를 사랑하는 살인귀 1,너를 사랑하는 살인귀,1,,- 시프트코믹스,아키야마 엔마,YNK MEDIA(만화),2026-06,5400,10.0,4255,455,2026-09-04T09:18:57+09:00
390940611,이로하의 글이 이끄는 -눈 녹는 길-,이로하의 글이 이끄는 -눈 녹는 길-,,,,하나모리,시플리,2026-04,6300,9.1,3928,456,2026-09-04T09:18:57+09:00
310412096,기븐 8,기븐,8,,- 뉴 루비코믹스 2865,키즈 나츠키,현대지능개발사,2023-02,5400,9.6,3983,457,2026-09-04T09:18:57+09:00
284923922,지박소년 하나코 군 13,지박소년 하나코 군,13,,,아이다이로,서울미디어코믹스(서울문화사),2021-12,5400,10.0,4085,458,2026-09-04T09:18:57+09:00
300919038,헌터x헌터 HunterXHunter 신장판 13,헌터x헌터 HunterXHunter 신장판,13,,,토가시 요시히로,학산문화사(만화),2014-12,5400,,3990,459,2026-09-04T09:18:57+09:00
311936078,헌터x헌터 HunterXHunter 신장판 31,헌터x헌터 HunterXHunter 신장판,31,,,토가시 요시히로,학산문화사(만화),2013-10,5400,,4110,460,2026-09-04T09:18:57+09:00
362211849,주술회전 29,주술회전,29,,- 인외마경 신주쿠 결전 -사활-,아쿠타미 게게,서울미디어코믹스(서울문화사),2025-04,5400,10.0,3725,461,2026-09-04T09:18:57+09:00
225770299,달빛천사 애장판 1,달빛천사 애장판,1,,,타네무라 아리나,서울미디어코믹스(서울문화사),2020-01,8550,9.5,3560,462,2026-09-04T09:18:57+09:00
298348779,서랍 속 테라리움 : 신장판,서랍 속 테라리움 : 신장판,,,- S코믹스,쿠이 료코,㈜소미미디어,2022-08,8100,9.5,3574,463,2026-09-04T09:18:57+09:00
298280625,헌터x헌터 HunterXHunter 신장판 15,헌터x헌터 HunterXHunter 신장판,15,,,토가시 요시히로,학산문화사(만화),2015-04,5400,,3660,464,2026-09-04T09:18:57+09:00
398867274,찍히지 않습니다 7 (한정판),찍히지 않습니다,7,한정판,"- 아크릴 키링 + 카드 스티커 2종 + PET 4컷 사진 책갈피 + 초판 한정 일러스트 카드 + 폴라로이드 사진풍 카드 2종, S코믹스",코노시마 루카,㈜소미미디어,2026-08,22500,,3545,465,2026-09-04T09:18:57+09:00
314918984,헌터x헌터 HunterXHunter 신장판 28,헌터x헌터 HunterXHunter 신장판,28,,,토가시 요시히로,학산문화사(만화),2016-12,5400,,3517,466,2026-09-04T09:18:57+09:00
372904974,인간실격 무삭제판 1~3 세트- 전3권,인간실격 무삭제판 1~3 세트- 전3권,,,,이토 준지,미우(대원씨아이),2020-08,34560,,3387,467,2026-09-04T09:18:57+09:00
372013929,지박소년 하나코 군 24,지박소년 하나코 군,24,,,아이다이로,서울미디어코믹스(서울문화사),2025-09,5400,,3391,468,2026-09-04T09:18:57+09:00
298051313,헌터x헌터 HunterXHunter 신장판 26,헌터x헌터 HunterXHunter 신장판,26,,,토가시 요시히로,학산문화사(만화),2016-08,5400,,3389,469,2026-09-04T09:18:57+09:00
397015748,어떤 여름방학,어떤 여름방학,,,,궁리(박조은),휴머니스트,2026-06,19800,,3155,470,2026-09-04T09:18:57+09:00
337798227,물가의 밤 1,물가의 밤,1,,,으자,봄툰,2024-01,15300,10.0,3259,471,2026-09-04T09:18:57+09:00
273182393,아라키 히로히코의 만화술,아라키 히로히코의 만화술,,,,아라키 히로히코,문학동네,2021-06,11700,10.0,3135,472,2026-09-04T09:18:57+09:00
344711200,명탐정 코난 105 (특장판),명탐정 코난,105,특장판,- 초기 설정집 노트 + 아크릴 스탠드(PET) + 스티커 2종,아오야마 고쇼,서울미디어코믹스(서울문화사),2024-08,9000,10.0,2950,473,2026-09-04T09:18:57+09:00
399291548,새내기 4,새내기,4,,,혁대,블루픽,2026-07,14220,10.0,2740,474,2026-09-04T09:18:57+09:00
355242244,흑무경담 2,흑무경담,2,,- S코믹스,토가와 요난,㈜소미미디어,2025-01,5400,9.7,2796,475,2026-09-04T09:18:57+09:00
238301861,마스터 키튼 완전판 1~12 세트 - 전12권 (완결),마스터 키튼 완전판 1~12 세트 - 전12권 (완결),,,,,대원씨아이(만화),2012-05,84680,10.0,2771,476,2026-09-04T09:18:57+09:00
399056156,보이는 여고생 12,보이는 여고생,12,,- 픽시하우스,이즈미 토모키,데이즈엔터(주),2026-08,7200,,2635,477,2026-09-04T09:18:57+09:00
393696313,창천항로 애장판 1,창천항로 애장판,1,,,킹곤타,대원씨아이(만화),2026-05,16200,6.4,2710,478,2026-09-04T09:18:57+09:00
396583445,약사의 혼잣말 21,약사의 혼잣말,21,,- 마오마오의 후궁 수수께끼 풀이수첩,쿠라타 미노지,서울미디어코믹스(서울문화사),2026-06,5400,9.9,2675,479,2026-09-04T09:18:57+09:00
399050467,블루 피리어드 6 (한정판),블루 피리어드,6,한정판,"- 시프트코믹스 /한정판 구성품 : 도서(초판 부록 포함), 1~6권 수납 박스, 컬러링북 소책자, 박티켓 책갈피 3종",야마구치 츠바사,YNK MEDIA(만화),2026-07,13500,,2680,480,2026-09-04T09:18:57+09:00
396696431,요괴소년 호야 완전판 3,요괴소년 호야 완전판,3,,,후지타 카즈히로,서울미디어코믹스(서울문화사),2026-06,14400,10.0,2805,481,2026-09-04T09:18:57+09:00
393313791,추우면 변하는 헤비가미 군 1,추우면 변하는 헤비가미 군,1,,"- 초판 한정 특전: 띠지, 스티커, PET 스탠드, 투명 책갈피, SL Comic",쿠리미야,디앤씨미디어(주)(D&C미디어),2026-05,6300,8.5,2630,482,2026-09-04T09:18:57+09:00
399594642,동거하는 검성 여스승이 너무 귀여워서 매일 행복합니다 1,동거하는 검성 여스승이 너무 귀여워서 매일 행복합니다,1,,,R_링고,길찾기,2026-06,7200,10.0,2415,483,2026-09-04T09:18:57+09:00
384344658,네가 죽을 때까지 사랑하고 싶어 8,네가 죽을 때까지 사랑하고 싶어,8,,,나치 아오노,학산문화사(만화),2026-01,5400,9.9,2555,484,2026-09-04T09:18:57+09:00
333640869,먼작귀 5 (레터북 포함 특별판),먼작귀,5,레터북 포함 특별판,- 먼가 작고 귀여운 녀석,나가노,미우(대원씨아이),2024-02,23400,10.0,2492,485,2026-09-04T09:18:57+09:00
391724707,명탐정 코난 로맨틱 러버스 셀렉션,명탐정 코난 로맨틱 러버스 셀렉션,,,,아오야마 고쇼,서울미디어코믹스(서울문화사),2026-04,10800,10.0,2405,486,2026-09-04T09:18:57+09:00
399055863,다크 개더링 1,다크 개더링,1,,- 픽시하우스 /초판 한정: 띠지 + 일러스트 카드,콘도 켄이치,코믹레인,2026-08,6300,10.0,1970,487,2026-09-04T09:18:57+09:00
308287261,네가 죽을 때까지 사랑하고 싶어 5,네가 죽을 때까지 사랑하고 싶어,5,,,나치 아오노,학산문화사(만화),2023-01,5400,10.0,2267,488,2026-09-04T09:18:57+09:00
337058152,블리치 리믹스 1,블리치 리믹스,1,,,쿠보 타이토,서울미디어코믹스(서울문화사),2024-03,10800,8.0,2057,489,2026-09-04T09:18:57+09:00
310882441,먼작귀 3 (카드놀이 포함 특별판),먼작귀,3,카드놀이 포함 특별판,"- 카드놀이 세트: 카드 96장(문장 카드 46장, 그림 카드 46장) + 설명서 1장",나가노,미우(대원씨아이),2023-02,24300,4.0,2008,490,2026-09-04T09:18:57+09:00
290968765,네가 죽을 때까지 사랑하고 싶어 4,네가 죽을 때까지 사랑하고 싶어,4,,,나치 아오노,학산문화사(만화),2022-03,5400,10.0,1981,491,2026-09-04T09:18:57+09:00
400001881,무서운 책 6,무서운 책,6,,- 괴물,우메즈 카즈오,AK(에이케이)커뮤니케이션즈,2026-08,9000,,2100,492,2026-09-04T09:18:57+09:00
396782109,"생각을 길러요, 공룡 박사님의 왜왜왜 상담소","생각을 길러요, 공룡 박사님의 왜왜왜 상담소",,,,스와프나 해도우,FIKAJUNIOR(피카주니어),2026-07,15300,10.0,2165,493,2026-09-04T09:18:57+09:00
296275956,네가 죽을 때까지 사랑하고 싶어 2,네가 죽을 때까지 사랑하고 싶어,2,,,나치 아오노,학산문화사(만화),2021-02,5400,,1928,494,2026-09-04T09:18:57+09:00
400001277,할렐루야 베이비 5,할렐루야 베이비,5,,,코지마 라라,AK(에이케이)커뮤니케이션즈,2026-08,5850,,1730,495,2026-09-04T09:18:57+09:00
338563463,블리치 리믹스 2,블리치 리믹스,2,,,쿠보 타이토,서울미디어코믹스(서울문화사),2024-04,10800,10.0,1636,496,2026-09-04T09:18:57+09:00
398727927,마법소녀를 동경해서 1 (더블특전판),마법소녀를 동경해서,1,더블특전판,- 초판한정 : 일러스트 카드 1종 + SD 스티커 1종,오노나카 아키히로,대원씨아이(만화),2026-07,6750,7.3,1585,497,2026-09-04T09:18:57+09:00
396049323,곰과 토끼는 친구로 지낼 수 없다 1,곰과 토끼는 친구로 지낼 수 없다,1,,,이누요시 아키라,대원씨아이(만화),2026-06,6300,,1530,498,2026-09-04T09:18:57+09:00
400856505,아오아시 16,아오아시,16,,,코바야시 유고,대원씨아이(만화),2026-08,5850,,1240,499,2026-09-04T09:18:57+09:00
400585836,아자미 야코를 좋아하게 된다 2,아자미 야코를 좋아하게 된다,2,,,유니티 콩,대원씨아이(만화),2026-08,5850,10.0,1250,500,2026-09-04T09:18:57+09:00
400585712,버그 에고 2,버그 에고,2,,- S코믹스,시타라 키요토,㈜소미미디어,2026-08,6300,,1230,501,2026-09-04T09:18:57+09:00
400856470,선생님! 저희들이 세계를 멸망시킵니다. 9,선생님! 저희들이 세계를 멸망시킵니다.,9,,,코바야시 키나,대원씨아이(만화),2026-08,5400,,1110,502,2026-09-04T09:18:57+09:00
400585956,통제구역관리부 4,통제구역관리부,4,,,탄광,다산코믹스,2026-08,18900,2.0,960,503,2026-09-04T09:18:57+09:00
400860566,작전명 순정 8,작전명 순정,8,,,꼬까리,영진.com(영진닷컴),2026-08,14400,,790,504,2026-09-04T09:18:57+09:00
400001026,사자나미 군이 가장 싫어하는 남자,사자나미 군이 가장 싫어하는 남자,,,,오기,인디고,2026-08,5850,,830,505,2026-09-04T09:18:57+09:00
400313885,타베모노로그,타베모노로그,,,,JIU,재담,2026-08,14400,,950,506,2026-09-04T09:18:57+09:00
400917239,전생 악녀의 흑역사 18,전생 악녀의 흑역사,18,,,토우카 아키하루,서울미디어코믹스(서울문화사),2026-08,4500,,940,507,2026-09-04T09:18:57+09:00
400586291,도쿄대 세 자매 2,도쿄대 세 자매,2,,,이소야 유키,대원씨아이(만화),2026-08,5850,,890,508,2026-09-04T09:18:57+09:00
401325707,쌀쌀맞은 사토 양이 나에게만 상냥하다 4,쌀쌀맞은 사토 양이 나에게만 상냥하다,4,,- S코믹스,사와타리 카자미,㈜소미미디어,2026-09,6300,,700,509,2026-09-04T09:18:57+09:00
401047138,장송의 프리렌 10,장송의 프리렌,10,,,야마다 카네히토,학산문화사(만화),2026-08,6300,,540,510,2026-09-04T09:18:57+09:00
401046164,안티 페이크 러브,안티 페이크 러브,,,,미스미 요코,레어블(Rareble),2026-08,5400,,550,511,2026-09-04T09:18:57+09:00
400567543,취사병 전설이 되다 18,취사병 전설이 되다,18,,,제이로빈,지식오름,2026-08,13500,,1000,512,2026-09-04T09:18:57+09:00
401405266,상남자 2,상남자,2,,,하늘소,재담,2026-09,14400,,810,513,2026-09-04T09:18:57+09:00
376840323,체인소 맨 21,체인소 맨,21,,,후지모토 타츠키,학산문화사(만화),2025-11,5400,9.1,14318,514,2026-09-04T09:18:57+09:00
379795065,괴수 8호 16 (더블 특전판),괴수 8호,16,더블 특전판,"- 완결, '카프카' 캐릭터 카드 + 스페셜 일러스트 카드 2종",마츠모토 나오야,서울미디어코믹스(서울문화사),2025-12,5400,10.0,11017,515,2026-09-04T09:18:57+09:00
389546868,반딧불이의 혼례 10,반딧불이의 혼례,10,,,타치바나 오레코,서울미디어코믹스(서울문화사),2026-04,7650,9.6,10796,516,2026-09-04T09:18:57+09:00
370794176,캐릭캐릭 체인지! Jewel Joker 주얼 조커 1,캐릭캐릭 체인지! Jewel Joker 주얼 조커,1,,,PEACH-PIT,서울미디어코믹스(서울문화사),2025-08,5850,10.0,10663,517,2026-09-04T09:18:57+09:00
389009894,오무라이스 잼잼 16,오무라이스 잼잼,16,,,조경규,송송책방,2026-04,18900,10.0,10542,518,2026-09-04T09:18:57+09:00
309862975,모 이야기,모 이야기,,,"- 숲속 모험, 2024 볼로냐 라가치상 오페라 프리마 스페셜 멘션, 2025 프랑스 소시에르상 수상작",최연주,엣눈북스(atnoonbooks),2023-02,19800,9.6,10407,519,2026-09-04T09:18:57+09:00
392518701,블루 록 35,블루 록,35,,,노무라 유스케,학산문화사(만화),2026-05,5400,9.8,9590,520,2026-09-04T09:18:57+09:00
391479763,"사랑하라, 거짓된 천사들이여 6","사랑하라, 거짓된 천사들이여",6,,- 초판 한정 특전 : 양면 일러스트 카드 2종(지류),Coco Uzuki,서울미디어코믹스(서울문화사),2026-04,5400,10.0,9543,521,2026-09-04T09:18:57+09:00
294677380,귀멸의 칼날 23,귀멸의 칼날,23,,- 완결,고토게 코요하루,학산문화사(만화),2021-04,5400,9.3,8381,522,2026-09-04T09:18:57+09:00
387062834,백귀야행 31,백귀야행,31,,,이마 이치코,시공사(만화),2026-02,7200,9.8,8255,523,2026-09-04T09:18:57+09:00
367932030,찍히지 않습니다 2,찍히지 않습니다,2,,- S코믹스,코노시마 루카,㈜소미미디어,2025-07,6300,9.8,7798,524,2026-09-04T09:18:57+09:00
318850889,마루는 강쥐 1,마루는 강쥐,1,,,모죠,문페이스,2023-07,14400,10.0,6846,525,2026-09-04T09:18:57+09:00
365660227,모 이야기 2,모 이야기,2,,,최연주,엣눈북스(atnoonbooks),2025-06,20700,9.1,6692,526,2026-09-04T09:18:57+09:00
370615925,향기로운 꽃은 늠름하게 핀다 15,향기로운 꽃은 늠름하게 핀다,15,,,미카미 사카,대원씨아이(만화),2025-08,5400,,6403,527,2026-09-04T09:18:57+09:00
389890662,약사의 혼잣말 16,약사의 혼잣말,16,,,네코쿠라게,학산문화사(만화),2026-04,5400,9.8,6388,528,2026-09-04T09:18:57+09:00
345263957,카구라바치 1,카구라바치,1,,,호카조노 타케루,대원씨아이(만화),2024-08,5850,9.2,6347,529,2026-09-04T09:18:57+09:00
384927762,약사의 혼잣말 16,약사의 혼잣말,16,,- 카니발 플러스,휴우가 나츠,학산문화사(단행본),2026-01,8100,9.2,6001,530,2026-09-04T09:18:57+09:00
375158873,봄의 폭풍과 몬스터 7,봄의 폭풍과 몬스터,7,,,미츠바치 미유키,학산문화사(만화),2025-10,5400,9.6,5767,531,2026-09-04T09:18:57+09:00
394695720,바닷바람과 용의 보금자리 2,바닷바람과 용의 보금자리,2,,,시마 아사토,학산문화사(만화),2026-06,6300,10.0,5735,532,2026-09-04T09:18:57+09:00
67153695,기븐 1,기븐,1,,- 뉴 루비코믹스 1740,키즈 나츠키,현대지능개발사,2015-09,4950,9.2,5715,533,2026-09-04T09:18:57+09:00
389597923,황천의 츠가이 10,황천의 츠가이,10,,,아라카와 히로무,대원씨아이(만화),2026-04,5850,10.0,5557,534,2026-09-04T09:18:57+09:00
358910246,명탐정 코난 106 (특장판),명탐정 코난,106,특장판,- 아크릴 스탠드(PET 재질) + 아코디언 카드 + 그림 콘티 카드 세트,아오야마 고쇼,서울미디어코믹스(서울문화사),2025-02,10800,7.0,5275,535,2026-09-04T09:18:57+09:00
387582084,타워 던전 4,타워 던전,4,,,니헤이 츠토무,학산문화사(만화),2026-03,6300,10.0,5042,536,2026-09-04T09:18:57+09:00
349422137,봄의 폭풍과 몬스터 5,봄의 폭풍과 몬스터,5,,,미츠바치 미유키,학산문화사(만화),2024-10,5400,9.8,5331,537,2026-09-04T09:18:57+09:00
386937690,킹덤 Kingdom 76,킹덤 Kingdom,76,,,하라 야스히사,대원씨아이(만화),2026-02,5400,10.0,5334,538,2026-09-04T09:18:57+09:00
82662361,기븐 2,기븐,2,,- 뉴 루비코믹스 1835,키즈 나츠키,현대지능개발사,2016-04,4950,9.1,5170,539,2026-09-04T09:18:57+09:00
311362968,헌터x헌터 HunterXHunter 신장판 6,헌터x헌터 HunterXHunter 신장판,6,,,토가시 요시히로,학산문화사(만화),2013-10,5400,10.0,5077,540,2026-09-04T09:18:57+09:00
397021753,완전 쓰레기인 와타라세인데 3,완전 쓰레기인 와타라세인데,3,,,나카가와 파리,대원씨아이(만화),2026-06,5400,9.7,4875,541,2026-09-04T09:18:57+09:00
398199313,이번 생은 가주가 되겠습니다 2부 6 (특장판),이번 생은 가주가 되겠습니다 2부,6,특장판,- 만화 / 특장판 구성: 단행본 + 아크릴 스탠드 1종 + 책갈피 2종 + 엽서 5종 + 패키지 박스,앤트스튜디오,디앤씨웹툰비즈,2026-07,24300,,4830,542,2026-09-04T09:18:57+09:00
291942810,나루토 Naruto 1,나루토 Naruto,1,,,키시모토 마사시,대원씨아이(만화),2000-09,4950,,4729,543,2026-09-04T09:18:57+09:00
295417935,지. : 지구의 운동에 대하여 1,지. : 지구의 운동에 대하여,1,,,우오토,문학동네,2022-05,7200,9.7,4399,544,2026-09-04T09:18:57+09:00
373271203,마루는 강쥐 8,마루는 강쥐,8,,,모죠,문페이스,2025-10,14400,,4474,545,2026-09-04T09:18:57+09:00
394588669,천국대마경 12,천국대마경,12,,- S코믹스,이시구로 마사카즈,㈜소미미디어,2026-06,6300,9.0,4485,546,2026-09-04T09:18:57+09:00
295866022,하이큐!! 45,하이큐!!,45,,"- 완결, 도전자들",후루다테 하루이치,대원씨아이(만화),2020-12,4950,10.0,4246,547,2026-09-04T09:18:57+09:00
392518926,오가미 츠미키와 기일상 6,오가미 츠미키와 기일상,6,,,모리시타 미유,학산문화사(만화),2026-05,5400,9.3,4265,548,2026-09-04T09:18:57+09:00
278906067,지박소년 하나코 군 14,지박소년 하나코 군,14,,,아이다이로,서울미디어코믹스(서울문화사),2021-09,5400,10.0,4483,549,2026-09-04T09:18:57+09:00
278906155,지박소년 하나코 군 15,지박소년 하나코 군,15,,,아이다이로,서울미디어코믹스(서울문화사),2021-09,5400,9.4,4445,550,2026-09-04T09:18:57+09:00
384923701,패배 히로인이 너무 많아! 8,패배 히로인이 너무 많아!,8,,- Novel Engine,아마모리 타키비,데이즈엔터(주),2026-02,7200,10.0,4165,551,2026-09-04T09:18:57+09:00
393803131,"밟고, 차고, 사랑하고 6","밟고, 차고, 사랑하고",6,,,이치야 스미,대원씨아이(만화),2026-05,4950,9.7,4045,552,2026-09-04T09:18:57+09:00
282899607,지박소년 하나코 군 7,지박소년 하나코 군,7,,,아이다이로,서울미디어코믹스(서울문화사),2021-11,5400,10.0,4067,553,2026-09-04T09:18:57+09:00
390941683,황천의 츠가이 1,황천의 츠가이,1,,,아라카와 히로무,대원씨아이(만화),2022-08,5850,,3725,554,2026-09-04T09:18:57+09:00
300919153,헌터x헌터 HunterXHunter 신장판 14,헌터x헌터 HunterXHunter 신장판,14,,,토가시 요시히로,학산문화사(만화),2014-12,5400,,3759,555,2026-09-04T09:18:57+09:00
225772243,달빛천사 애장판 2,달빛천사 애장판,2,,,타네무라 아리나,서울미디어코믹스(서울문화사),2020-01,8550,10.0,3487,556,2026-09-04T09:18:57+09:00
400006989,이세계 유유자적 농가 16,이세계 유유자적 농가,16,,"- Novel Engine /초판한정 특별부록: 띠지, 양면 커버",나이토 키노스케,데이즈엔터(주),2026-08,9000,10.0,3320,557,2026-09-04T09:18:57+09:00
396563437,나나 NANA 완전판 10,나나 NANA 완전판,10,,"- 초판한정: PP엽서 1종, 포토카드 1종",야자와 아이,학산문화사(만화),2026-06,10800,,3235,558,2026-09-04T09:18:57+09:00
379954205,팔견전 24,팔견전,24,,"- 동방팔견이문, S코믹스, 완결",아베 미유키,㈜소미미디어,2025-12,5400,8.5,3453,559,2026-09-04T09:18:57+09:00
341682079,패배 히로인이 너무 많아! 5,패배 히로인이 너무 많아!,5,,- Novel Engine,아마모리 타키비,데이즈엔터(주),2024-07,6750,9.3,3222,560,2026-09-04T09:18:57+09:00
400153916,명탐정 코난 : 범인 한자와 씨 10,명탐정 코난 : 범인 한자와 씨,10,,,칸바 마유코,서울미디어코믹스(서울문화사),2026-08,5400,10.0,2780,561,2026-09-04T09:18:57+09:00
400225649,인생 역전 3,인생 역전,3,,- S Novel,D,㈜소미미디어,2026-08,7650,,2880,562,2026-09-04T09:18:57+09:00
396049332,블루 자이언트 모멘텀 6,블루 자이언트 모멘텀,6,,,이시즈카 신이치,대원씨아이(만화),2026-06,5850,10.0,2905,563,2026-09-04T09:18:57+09:00
399953550,데스마치에서 시작되는 이세계 광상곡 34,데스마치에서 시작되는 이세계 광상곡,34,,"- L Novel /초판 한정 특전 : 띠지, 책갈피",아이나나 히로,디앤씨미디어(주)(D&C미디어),2026-08,9900,,2790,564,2026-09-04T09:18:57+09:00
398833327,이 결혼은 어차피 망하게 되어 있다 8,이 결혼은 어차피 망하게 되어 있다,8,,,,영컴(YOUNG COM),2026-07,15120,,2870,565,2026-09-04T09:18:57+09:00
387039298,이거 그리고 죽어 7,이거 그리고 죽어,7,,,토요다 미노루,대원씨아이(만화),2026-02,5400,9.4,2711,566,2026-09-04T09:18:57+09:00
400000607,빠져든 침대에서 천사의 자는 얼굴을 보고 싶을 뿐,빠져든 침대에서 천사의 자는 얼굴을 보고 싶을 뿐,,,- #둘이서 저지른 비밀의 교칙 위반,우에스 테츠토,AK(에이케이)커뮤니케이션즈,2026-08,10800,,2620,567,2026-09-04T09:18:57+09:00
323998644,먼작귀 4 (콩알도감 포함 특별판),먼작귀,4,콩알도감 포함 특별판,- 먼가 작고 귀여운 녀석,나가노,미우(대원씨아이),2023-09,21600,6.7,2395,568,2026-09-04T09:18:57+09:00
378051373,카구라바치 8,카구라바치,8,,,호카조노 타케루,대원씨아이(만화),2025-11,5850,,2475,569,2026-09-04T09:18:57+09:00
319093936,100미터 2,100미터,2,,,우오토,학산문화사(만화),2023-06,8100,10.0,2355,570,2026-09-04T09:18:57+09:00
323998705,먼작귀 4,먼작귀,4,,- 먼가 작고 귀여운 녀석,나가노,미우(대원씨아이),2023-09,10800,9.8,2301,571,2026-09-04T09:18:57+09:00
398906340,벨 푸페의 슈퍼달링 약혼 2 (한정판),벨 푸페의 슈퍼달링 약혼,2,한정판,- 아크릴 스탠드 + PET 프레임 클리어 카드 3종,셀렌,학산문화사(만화),2026-07,19800,,2205,572,2026-09-04T09:18:57+09:00
400245338,공주님 고문의 시간입니다 19,공주님 고문의 시간입니다,19,,- 완결,하루하라 로빈슨,학산문화사(만화),2026-08,5400,10.0,2130,573,2026-09-04T09:18:57+09:00
399541020,클레바테스 10,클레바테스,10,,,이와하라 유지,오팬스코믹,2026-07,6300,,2300,574,2026-09-04T09:18:57+09:00
333690666,건방진 그 녀석 2,건방진 그 녀석,2,,,미츠바치 미유키,학산문화사(만화),2016-05,5400,10.0,2164,575,2026-09-04T09:18:57+09:00
399056149,제도성배기담 Fate/type Redline 6,제도성배기담 Fate/type Redline,6,,- 노엔 코믹스 / 초판한정 특별부록 : 일러스트 카드 + 띠지,히라노 료지,데이즈엔터(주),2026-08,7200,10.0,2110,576,2026-09-04T09:18:57+09:00
400224750,선생님으로 ○○하면 안 됩니다! 3,선생님으로 ○○하면 안 됩니다!,3,,- S코믹스,무샤사부,㈜소미미디어,2026-08,6300,,1970,577,2026-09-04T09:18:57+09:00
326489876,네가 죽을 때까지 사랑하고 싶어 6,네가 죽을 때까지 사랑하고 싶어,6,,,나치 아오노,학산문화사(만화),2023-10,5400,10.0,2159,578,2026-09-04T09:18:57+09:00
318446151,네가 죽을 때까지 사랑하고 싶어 3,네가 죽을 때까지 사랑하고 싶어,3,,,나치 아오노,학산문화사(만화),2021-05,5400,,2067,579,2026-09-04T09:18:57+09:00
338379758,이거 그리고 죽어 1,이거 그리고 죽어,1,,,토요다 미노루,대원씨아이(만화),2024-04,5400,9.7,2059,580,2026-09-04T09:18:57+09:00
399381805,격기 3반 18,격기 3반,18,,- 남일고등학교 격투기 특기반,이학,대원씨아이(만화),2026-07,4950,10.0,2040,581,2026-09-04T09:18:57+09:00
399056425,다크 개더링 3,다크 개더링,3,,- 픽시하우스 / 초판 한정 : 띠지+일러스트 카드,콘도 켄이치,코믹레인,2026-08,6300,,1620,582,2026-09-04T09:18:57+09:00
399056069,다크 개더링 2,다크 개더링,2,,- 픽시하우스 /초판 한정: 띠지 + 일러스트 카드,콘도 켄이치,코믹레인,2026-08,6300,,1610,583,2026-09-04T09:18:57+09:00
394588521,풀 나이트 4,풀 나이트,4,,- S코믹스,야스다 카스미,㈜소미미디어,2026-06,6300,10.0,1690,584,2026-09-04T09:18:57+09:00
400587655,킬블루 13,킬블루,13,,,후지마키 타다토시,대원씨아이(만화),2026-08,5400,,1440,585,2026-09-04T09:18:57+09:00
400707962,추방 당한 전생 중기사는 게임 지식으로 무쌍한다 12,추방 당한 전생 중기사는 게임 지식으로 무쌍한다,12,,,브로콜리,대원씨아이(만화),2026-08,5850,,1410,586,2026-09-04T09:18:57+09:00
396091175,향기로운 꽃은 늠름하게 핀다 14,향기로운 꽃은 늠름하게 핀다,14,,,미카미 사카,대원씨아이(만화),2026-06,6300,,1525,587,2026-09-04T09:18:57+09:00
388861705,얼굴만으론 좋아할 수 없어요 16,얼굴만으론 좋아할 수 없어요,16,,,안자이 카린,서울미디어코믹스(서울문화사),2026-03,5400,,1495,588,2026-09-04T09:18:57+09:00
375536744,풀 나이트 3,풀 나이트,3,,- S코믹스,야스다 카스미,㈜소미미디어,2025-11,5400,10.0,1555,589,2026-09-04T09:18:57+09:00
399312403,극한견주 6,극한견주,6,,- 출간 기념 선착순 특전: 잘라쓰는 북마크,마일로,북극여우,2026-07,14850,,1375,590,2026-09-04T09:18:57+09:00
396563330,노이지 룸메이트 6,노이지 룸메이트,6,,,오자키 카호,대원씨아이(만화),2026-06,5400,10.0,1425,591,2026-09-04T09:18:57+09:00
385894622,먼작귀 2 (그림책 포함 특별판),먼작귀,2,그림책 포함 특별판,- 먼가 작고 귀여운 녀석,나가노,미우(대원씨아이),2022-08,17820,,1396,592,2026-09-04T09:18:57+09:00
389359455,그리스 로마 신화를 한 번도 안 읽어볼 수는 없잖아,그리스 로마 신화를 한 번도 안 읽어볼 수는 없잖아,,,,Team. StoryG,oldstairs(올드스테어즈),2026-04,21600,,1520,593,2026-09-04T09:18:57+09:00
400586342,펜과 수갑과 사실혼 4,펜과 수갑과 사실혼,4,,,사와라기 신이치,학산문화사(만화),2026-08,5400,,1120,594,2026-09-04T09:18:57+09:00
400585727,전격데이지 애장판 1,전격데이지 애장판,1,,- 루나 코믹스,모토미 쿄스케,㈜소미미디어,2026-08,12600,10.0,1060,595,2026-09-04T09:18:57+09:00
391302897,못 미더운 악녀입니다만 : ~추궁접서 교체전~ 9,못 미더운 악녀입니다만 : ~추궁접서 교체전~,9,,,EI Ohitsuji,서울미디어코믹스(서울문화사),2026-04,6300,10.0,1404,596,2026-09-04T09:18:57+09:00
400586056,SCP가 뭔가요? 3,SCP가 뭔가요?,3,,,하치훈,대원씨아이(만화),2026-08,5850,,1040,597,2026-09-04T09:18:57+09:00
400733376,건강하고 문화적인 최저한도의 생활 11,건강하고 문화적인 최저한도의 생활,11,,,가시와기 하루코,문학동네,2026-08,8820,,1020,598,2026-09-04T09:18:57+09:00
400860220,작전명 순정 7,작전명 순정,7,,,꼬까리,영진.com(영진닷컴),2026-08,14400,,800,599,2026-09-04T09:18:57+09:00
400856443,응원 걸! 1,응원 걸!,1,,,다나카 유치아,대원씨아이(만화),2026-08,5400,10.0,710,600,2026-09-04T09:18:57+09:00
400860690,작전명 순정 9,작전명 순정,9,,,꼬까리,영진.com(영진닷컴),2026-08,14400,,770,601,2026-09-04T09:18:57+09:00
347732633,인터넷 러브!,인터넷 러브!,,,,우리노 키코,빗금,2024-09,7650,9.5,688,602,2026-09-04T09:18:57+09:00
400980709,키스 다음부터는 애드리브로,키스 다음부터는 애드리브로,,,- B愛+752,키사라기 마나미,대원씨아이(만화),2026-08,5850,2.0,640,603,2026-09-04T09:18:57+09:00
400585953,떨거지 인어 디아나 1,떨거지 인어 디아나,1,,- S코믹스,스아마,㈜소미미디어,2026-08,6300,,780,604,2026-09-04T09:18:57+09:00
401369571,바라메 강림하여 주소서 2,바라메 강림하여 주소서,2,,"- 초판 부록: 포토카드 1매, 책갈피 1매, 띠지",백상언,레진코믹스(레진엔터테인먼트),2026-09,15300,,530,605,2026-09-04T09:18:57+09:00
400567329,취사병 전설이 되다 17,취사병 전설이 되다,17,,,제이로빈,지식오름,2026-08,13500,,890,606,2026-09-04T09:18:57+09:00
401291184,1995 청춘 레포트 2,1995 청춘 레포트,2,,- 초판 한정 부록 : 껌 만화 + 인화사진 + 띠지,맹수,봄툰,2026-08,14400,,510,607,2026-09-04T09:18:57+09:00
374014906,명탐정 코난 : 1일 1쪽 뇌 자극 수학 추리 고급편 154문,명탐정 코난 : 1일 1쪽 뇌 자극 수학 추리 고급편 154문,,,,아오야마 고쇼,서울미디어코믹스(서울문화사),2025-10,13500,10.0,1005,608,2026-09-04T09:18:57+09:00
401345074,옷소매 붉은 끝동 11,옷소매 붉은 끝동,11,,- 만화,강미강,학산문화사(만화),2026-09,14400,,590,609,2026-09-04T09:18:57+09:00
400856416,벼랑 끝의 영애는 흑기사님을 반하게 하고 싶어 1,벼랑 끝의 영애는 흑기사님을 반하게 하고 싶어,1,,,스오우,대원씨아이(만화),2026-08,5850,,550,610,2026-09-04T09:18:57+09:00
401372286,라멘 아카네코 14,라멘 아카네코,14,,,Angyaman,서울미디어코믹스(서울문화사),2026-09,9000,,590,611,2026-09-04T09:18:57+09:00
401325888,"네가 울부짖기 위한 노래를, 3","네가 울부짖기 위한 노래를,",3,,- S코믹스,카시카제,㈜소미미디어,2026-09,6300,,590,612,2026-09-04T09:18:57+09:00
401345371,우리들은 모두 *어 있다 3,우리들은 모두 *어 있다,3,,,킨다이치 렌쥬로,학산문화사(만화),2026-09,5400,,620,613,2026-09-04T09:18:57+09:00
401406928,소녀왕국 표류기 42,소녀왕국 표류기,42,,,후지시로 타케시,삼양출판사(만화),2026-09,4320,,710,614,2026-09-04T09:18:57+09:00
360231181,체인소 맨 19,체인소 맨,19,,,후지모토 타츠키,학산문화사(만화),2025-03,5400,9.4,17307,615,2026-09-04T09:18:57+09:00
371535926,체인소 맨 20,체인소 맨,20,,,후지모토 타츠키,학산문화사(만화),2025-09,5400,9.2,16487,616,2026-09-04T09:18:57+09:00
387708173,GACHIAKUTA 16,GACHIAKUTA,16,,,케이 우라나,학산문화사(만화),2026-03,5400,10.0,11420,617,2026-09-04T09:18:57+09:00
353810371,체인소 맨 18,체인소 맨,18,,,후지모토 타츠키,학산문화사(만화),2024-12,5400,8.8,11324,618,2026-09-04T09:18:57+09:00
393239337,모모세 아키라의 첫사랑 파탄 중 5 (트리플 특전판),모모세 아키라의 첫사랑 파탄 중,5,트리플 특전판,- 스페셜 아크릴 일러스트 카드(1종) + 다양한 매력의 양면 일러스트 카드(2종),하레카와 신타,서울미디어코믹스(서울문화사),2026-05,6750,9.8,10975,619,2026-09-04T09:18:57+09:00
284699967,귀멸의 칼날 외전,귀멸의 칼날 외전,,,,히라노 료지,학산문화사(만화),2021-12,5400,9.8,10278,620,2026-09-04T09:18:57+09:00
376257892,그 비스크 돌은 사랑을 한다 15,그 비스크 돌은 사랑을 한다,15,,- S코믹스,후쿠다 신이치,㈜소미미디어,2025-11,5400,9.4,8669,621,2026-09-04T09:18:57+09:00
353809342,스파이 패밀리 14,스파이 패밀리,14,,,엔도 타츠야,학산문화사(만화),2024-12,5400,9.8,8698,622,2026-09-04T09:18:57+09:00
374276000,마남 이치 2 (더블 특전판),마남 이치,2,더블 특전판,- 홀로그램 일러스트 카드 1종 + 일러스트 책갈피 3종,유사자키 시로,서울미디어코믹스(서울문화사),2025-10,6300,9.6,7860,623,2026-09-04T09:18:57+09:00
277000811,명탐정 코난 : 경찰학교 편 - 하,명탐정 코난 : 경찰학교 편 - 하,,,,아라이 타카히로,서울미디어코믹스(서울문화사),2021-08,4950,9.3,7873,624,2026-09-04T09:18:57+09:00
338271919,지박소년 하나코 군 21,지박소년 하나코 군,21,,,아이다이로,서울미디어코믹스(서울문화사),2024-04,5400,10.0,7908,625,2026-09-04T09:18:57+09:00
295225480,귀멸의 칼날 22,귀멸의 칼날,22,,,고토게 코요하루,학산문화사(만화),2021-01,5400,,7621,626,2026-09-04T09:18:57+09:00
383612098,타몬 군 지금 어느 쪽?! 11,타몬 군 지금 어느 쪽?!,11,,,시와스 유키,학산문화사(만화),2026-01,5400,10.0,7537,627,2026-09-04T09:18:57+09:00
301706355,주술회전 1,주술회전,1,,,아쿠타미 게게,서울미디어코믹스(서울문화사),2019-03,5400,4.0,7507,628,2026-09-04T09:18:57+09:00
286833118,장송의 프리렌 4,장송의 프리렌,4,,,야마다 카네히토,학산문화사(만화),2022-01,5400,9.3,7381,629,2026-09-04T09:18:57+09:00
294402029,귀멸의 칼날 20,귀멸의 칼날,20,,,고토게 코요하루,학산문화사(만화),2020-09,5400,,7145,630,2026-09-04T09:18:57+09:00
374814986,찍히지 않습니다 3,찍히지 않습니다,3,,"- S코믹스, 초판종료",코노시마 루카,㈜소미미디어,2025-10,5850,8.3,7161,631,2026-09-04T09:18:57+09:00
390689243,찍히지 않습니다 5,찍히지 않습니다,5,,"- S코믹스 /초판 한정 일러스트 카드, 폴라로이드 사진풍 카드 2종, PET 책갈피",코노시마 루카,㈜소미미디어,2026-04,5850,9.8,7073,632,2026-09-04T09:18:57+09:00
301706475,주술회전 2,주술회전,2,,,아쿠타미 게게,서울미디어코믹스(서울문화사),2019-03,5400,,6874,633,2026-09-04T09:18:57+09:00
66417675,슬램덩크 오리지널 박스판 1~5 세트 - 전5권,슬램덩크 오리지널 박스판 1~5 세트 - 전5권,,,,이노우에 타케히코,대원씨아이(만화),2015-09,27000,9.9,6828,634,2026-09-04T09:18:57+09:00
338121617,너와 장밋빛 매일 1,너와 장밋빛 매일,1,,,히로 치히로,서울미디어코믹스(서울문화사),2024-04,5400,9.9,6684,635,2026-09-04T09:18:57+09:00
315295029,귀멸 학원! 3,귀멸 학원!,3,,,호카미 나츠키,학산문화사(만화),2023-04,5400,9.6,6212,636,2026-09-04T09:18:57+09:00
398903862,보이시한 여자친구가 너무 귀여워 5 (특장판),보이시한 여자친구가 너무 귀여워,5,특장판,- 특장판 구성: 단행본 + 48P 소책자 + 초판특전 폴라로이드 사진 + 초판 특전 카메라 렌즈 속 투샷 사진,규뉴무기고항,서울미디어코믹스(서울문화사),2026-07,10800,,5990,637,2026-09-04T09:18:57+09:00
388496310,단다단 20,단다단,20,,,타츠 유키노부,대원씨아이(만화),2026-03,5400,9.5,5975,638,2026-09-04T09:18:57+09:00
392509889,애태울 정도의 사랑을 알아라 2,애태울 정도의 사랑을 알아라,2,,,쿄노 마코,학산문화사(만화),2026-05,6300,9.9,6075,639,2026-09-04T09:18:57+09:00
398197212,비실비실 선생님 15 (특별판),비실비실 선생님,15,특별판,- 패키지 박스 + 초판한정 일러스트 폴라로이드 카드 1종 + 캐릭터 아크릴 스탠드 1종 + 아크릴 키링 2종 + 포토카드 4종 + 미니포스터 1종,후쿠치 카미오,대원씨아이(만화),2026-07,27000,,5920,640,2026-09-04T09:18:57+09:00
333717879,봄의 폭풍과 몬스터 3,봄의 폭풍과 몬스터,3,,,미츠바치 미유키,학산문화사(만화),2024-02,5400,9.9,5889,641,2026-09-04T09:18:57+09:00
335717444,GACHIAKUTA 1,GACHIAKUTA,1,,,케이 우라나,학산문화사(만화),2024-03,5400,10.0,5639,642,2026-09-04T09:18:57+09:00
395999849,이다의 날마다 자연관찰,이다의 날마다 자연관찰,,,- 어린이를 위한 자연관찰 그림일기,이다,보리,2026-06,16650,10.0,5350,643,2026-09-04T09:18:57+09:00
393112792,비실비실 선생님 13,비실비실 선생님,13,,,후쿠치 카미오,대원씨아이(만화),2026-05,5850,10.0,5370,644,2026-09-04T09:18:57+09:00
388137308,믹스 MIX 24,믹스 MIX,24,,,아다치 미츠루,대원씨아이(만화),2026-03,5400,10.0,5364,645,2026-09-04T09:18:57+09:00
382042979,지박소년 하나코 군 25 (어드벤트 캘린더 특장판),지박소년 하나코 군,25,어드벤트 캘린더 특장판,- 어드벤트 캘린더 (아크릴 참 7종 & 미니 클리어 카드 17종) + 25권 초판 사은품 (홀로그램 양면 책갈피 + 아크릴 스탠딩 POP),아이다이로,서울미디어코믹스(서울문화사),2026-01,48600,7.0,5158,646,2026-09-04T09:18:57+09:00
349387430,그 비스크 돌은 사랑을 한다 13,그 비스크 돌은 사랑을 한다,13,,- S코믹스,후쿠다 신이치,㈜소미미디어,2024-10,6300,10.0,4942,647,2026-09-04T09:18:57+09:00
356890808,사카모토 데이즈 16,사카모토 데이즈,16,,- 해후,스즈키 유우토,대원씨아이(만화),2024-06,5850,,4836,648,2026-09-04T09:18:57+09:00
301714509,주술회전 16,주술회전,16,,- 시부야 사변 -폐문-,아쿠타미 게게,서울미디어코믹스(서울문화사),2021-08,5400,,4660,649,2026-09-04T09:18:57+09:00
280599696,지박소년 하나코 군 2,지박소년 하나코 군,2,,,아이다이로,서울미디어코믹스(서울문화사),2021-10,5400,10.0,4552,650,2026-09-04T09:18:57+09:00
384180355,단다단 18,단다단,18,,,타츠 유키노부,대원씨아이(만화),2026-01,5400,9.6,4334,651,2026-09-04T09:18:57+09:00
389641207,황천의 츠가이 2,황천의 츠가이,2,,,아라카와 히로무,대원씨아이(만화),2022-12,5850,,4270,652,2026-09-04T09:18:57+09:00
395809429,비실비실 선생님 14,비실비실 선생님,14,,,후쿠치 카미오,대원씨아이(만화),2026-06,5850,,4330,653,2026-09-04T09:18:57+09:00
282899364,지박소년 하나코 군 5,지박소년 하나코 군,5,,,아이다이로,서울미디어코믹스(서울문화사),2021-11,5400,10.0,4443,654,2026-09-04T09:18:57+09:00
282899555,지박소년 하나코 군 6,지박소년 하나코 군,6,,,아이다이로,서울미디어코믹스(서울문화사),2021-11,5400,10.0,4229,655,2026-09-04T09:18:57+09:00
286341412,지박소년 하나코 군 16,지박소년 하나코 군,16,,,아이다이로,서울미디어코믹스(서울문화사),2022-01,5400,9.7,4494,656,2026-09-04T09:18:57+09:00
390011039,황천의 츠가이 3,황천의 츠가이,3,,,아라카와 히로무,대원씨아이(만화),2023-05,5850,,4130,657,2026-09-04T09:18:57+09:00
257021910,기븐 6,기븐,6,,- 뉴 루비코믹스 2555,키즈 나츠키,현대지능개발사,2020-11,4950,9.6,4276,658,2026-09-04T09:18:57+09:00
396455881,시온 군이 말하는 대로 1,시온 군이 말하는 대로,1,,,Neko Inukai,서울미디어코믹스(서울문화사),2026-06,5850,,4060,659,2026-09-04T09:18:57+09:00
338430853,명탐정 코난 104 (특장판),명탐정 코난,104,특장판,- 아크릴 스탠드 + 극장판 '명탐정코난: 흑철의 어영' 그림 콘티북 + 어나더 커버,아오야마 고쇼,서울미디어코믹스(서울문화사),2024-04,9000,8.7,4010,660,2026-09-04T09:18:57+09:00
398843926,무대 담당과 악역 군 2,무대 담당과 악역 군,2,,- 완결 / 초판 한정 양면 일러스트 카드 2종,야마시나 티나,㈜소미미디어,2026-07,6300,,3810,661,2026-09-04T09:18:57+09:00
7633452,오란고교 호스트부 Fanbook,오란고교 호스트부 Fanbook,,,- 콩닥♥두근☆공략 대작전,하토리 비스코,학산문화사(만화),2010-08,6300,9.8,3810,662,2026-09-04T09:18:57+09:00
295865866,하이큐!! 43,하이큐!!,43,,- 최종보스,후루다테 하루이치,대원씨아이(만화),2020-09,4950,,3723,663,2026-09-04T09:18:57+09:00
301073130,하이큐!! 44,하이큐!!,44,,- 최강의 적,후루다테 하루이치,대원씨아이(만화),2020-11,4950,,3663,664,2026-09-04T09:18:57+09:00
380346507,더블크로스 The 3rd Edition 룰북 1,더블크로스 The 3rd Edition 룰북,1,,,F.E.A.R,데이즈엔터(주),2025-12,13500,,3507,665,2026-09-04T09:18:57+09:00
393715017,노아 선배는 친구 9,노아 선배는 친구,9,,- 초판특전 : 포토카드 2종 세트,아키야마 엔마,서울미디어코믹스(서울문화사),2026-05,5850,9.5,3570,666,2026-09-04T09:18:57+09:00
298203594,나루토 Naruto 3,나루토 Naruto,3,,,키시모토 마사시,대원씨아이(만화),2000-11,4950,,3504,667,2026-09-04T09:18:57+09:00
374998765,GACHIAKUTA 15,GACHIAKUTA,15,,- 일반판,케이 우라나,학산문화사(만화),2025-10,5400,,3284,668,2026-09-04T09:18:57+09:00
394124156,캐릭캐릭 체인지! Jewel Joker 주얼 조커 3 (특장판),캐릭캐릭 체인지! Jewel Joker 주얼 조커,3,특장판,- 슬리브 케이스 + 일러스트 엽서 5종 + 이쿠토&타다세 아크릴 블록 세트(일반판 초판 특전 미포함),PEACH-PIT,서울미디어코믹스(서울문화사),2026-05,36000,,3500,669,2026-09-04T09:18:57+09:00
398009982,한구석의 기억 1,한구석의 기억,1,,,키요나가 타마고,빗금,2026-07,6750,10.0,3215,670,2026-09-04T09:18:57+09:00
398870503,더 죠죠랜즈 3 : 돈벌이할 시간,더 죠죠랜즈 3 : 돈벌이할 시간,,,- 죠죠의 기묘한 모험 Part 9,아라키 히로히코,문학동네,2026-07,7200,10.0,3070,671,2026-09-04T09:18:57+09:00
331057127,약사의 혼잣말 3,약사의 혼잣말,3,,,네코쿠라게,학산문화사(만화),2019-12,5400,,2926,672,2026-09-04T09:18:57+09:00
393514967,아름다운 인체 그리기 레슨,아름다운 인체 그리기 레슨,,,,후지타쿠,한즈미디어(한스미디어),2026-05,16200,9.7,3055,673,2026-09-04T09:18:57+09:00
375535559,나의 히어로 아카데미아 공식 일러스트집 Ultra Artworks,나의 히어로 아카데미아 공식 일러스트집 Ultra Artworks,,,,호리코시 코헤이,서울미디어코믹스(서울문화사),2025-10,39600,,2952,674,2026-09-04T09:18:57+09:00
384444527,너와 장밋빛 매일 2,너와 장밋빛 매일,2,,,히로 치히로,서울미디어코믹스(서울문화사),2026-01,5400,9.7,3057,675,2026-09-04T09:18:57+09:00
372071162,참을 수 없는 건 사랑인 걸까 4,참을 수 없는 건 사랑인 걸까,4,,,소라하나 미아,대원씨아이(만화),2025-09,5850,10.0,2971,676,2026-09-04T09:18:57+09:00
299392362,하이큐!! 38,하이큐!!,38,,- 태스크 포커스,후루다테 하루이치,대원씨아이(만화),2019-09,4950,,2965,677,2026-09-04T09:18:57+09:00
398906133,벨 푸페의 슈퍼달링 약혼 2,벨 푸페의 슈퍼달링 약혼,2,,- 코믹,셀렌,학산문화사(만화),2026-07,6300,,2865,678,2026-09-04T09:18:57+09:00
397592282,아오이 군의 음담패설은 참을 수 없어!! 2,아오이 군의 음담패설은 참을 수 없어!!,2,,,mmk,학산문화사(만화),2026-07,6300,,2920,679,2026-09-04T09:18:57+09:00
397022214,창천항로 애장판 2,창천항로 애장판,2,,,킹곤타,대원씨아이(만화),2026-06,16200,10.0,2800,680,2026-09-04T09:18:57+09:00
393313418,고블린 슬레이어 17,고블린 슬레이어,17,,- SL Comic,쿠로세 코스케,디앤씨미디어(주)(D&C미디어),2026-05,6300,10.0,2895,681,2026-09-04T09:18:57+09:00
309292959,무로이 야스오의 캐릭터 얼굴 & 바스트업 작화 기술,무로이 야스오의 캐릭터 얼굴 & 바스트업 작화 기술,,,,무로이 야스오,영진.com(영진닷컴),2023-02,18000,9.4,2820,682,2026-09-04T09:18:57+09:00
232336577,달빛천사 애장판 3,달빛천사 애장판,3,,,타네무라 아리나,서울미디어코믹스(서울문화사),2020-02,8550,10.0,2548,683,2026-09-04T09:18:57+09:00
320691848,먼작귀 3,먼작귀,3,,- 먼가 작고 귀여운 녀석,나가노,미우(대원씨아이),2023-02,10800,,2576,684,2026-09-04T09:18:57+09:00
387254200,요괴소년 호야 완전판 1,요괴소년 호야 완전판,1,,,후지타 카즈히로,서울미디어코믹스(서울문화사),2026-02,14400,9.0,2769,685,2026-09-04T09:18:57+09:00
232338320,달빛천사 애장판 4,달빛천사 애장판,4,,- 완결,타네무라 아리나,서울미디어코믹스(서울문화사),2020-02,8550,10.0,2523,686,2026-09-04T09:18:57+09:00
321124579,먼작귀 1,먼작귀,1,,- 먼가 작고 귀여운 녀석,나가노,미우(대원씨아이),2022-06,10800,,2547,687,2026-09-04T09:18:57+09:00
319093776,100미터 1,100미터,1,,,우오토,학산문화사(만화),2023-06,8100,10.0,2638,688,2026-09-04T09:18:57+09:00
101106033,스파이더맨 / 데드풀 VOL. 1 : 브로맨틱하지 않나요?,스파이더맨 / 데드풀 VOL. 1 : 브로맨틱하지 않나요?,,,,조 켈리,시공사(만화),2017-01,10800,6.0,2610,689,2026-09-04T09:18:57+09:00
396168079,젖짜기 헌터의 이세계 착유기 1,젖짜기 헌터의 이세계 착유기,1,,,소라요미 다이치,길찾기,2026-05,7200,8.0,2565,690,2026-09-04T09:18:57+09:00
391655250,요괴소년 호야 완전판 2,요괴소년 호야 완전판,2,,,후지타 카즈히로,서울미디어코믹스(서울문화사),2026-04,14400,10.0,2684,691,2026-09-04T09:18:57+09:00
398326987,소드 오라토리아 16,소드 오라토리아,16,,"- 던전에서 만남을 추구하면 안 되는 걸까 외전, S Novel",오모리 후지노,㈜소미미디어,2026-07,10800,,2420,692,2026-09-04T09:18:57+09:00
394833578,장송의 프리렌 1,장송의 프리렌,1,,,야마다 카네히토,학산문화사(만화),2021-11,6300,,2500,693,2026-09-04T09:18:57+09:00
319094091,100미터 5,100미터,5,,,우오토,학산문화사(만화),2023-06,8100,10.0,2297,694,2026-09-04T09:18:57+09:00
319093999,100미터 3,100미터,3,,,우오토,학산문화사(만화),2023-06,8100,10.0,2251,695,2026-09-04T09:18:57+09:00
319094052,100미터 4,100미터,4,,,우오토,학산문화사(만화),2023-06,8100,10.0,2246,696,2026-09-04T09:18:57+09:00
400138794,이번 생은 가주가 되겠습니다 2부 6,이번 생은 가주가 되겠습니다 2부,6,,- 만화,앤트스튜디오,디앤씨웹툰비즈,2026-08,14400,,2280,697,2026-09-04T09:18:57+09:00
395531072,장송의 프리렌 13,장송의 프리렌,13,,,야마다 카네히토,학산문화사(만화),2024-12,6300,,2050,698,2026-09-04T09:18:57+09:00
301396135,오란고교 호스트부 8,오란고교 호스트부,8,,,하토리 비스코,학산문화사(만화),2011-01,5400,,1986,699,2026-09-04T09:18:57+09:00
396137541,여름엔 늘 좋은 일이 생긴다,여름엔 늘 좋은 일이 생긴다,,,- 이윤희 만화집,이윤희,고트(goat),2026-06,20900,8.0,2245,700,2026-09-04T09:18:57+09:00
333641995,건방진 그 녀석 4,건방진 그 녀석,4,,,미츠바치 미유키,학산문화사(만화),2016-10,5400,,1921,701,2026-09-04T09:18:57+09:00
397222553,데포르메 세계 그리는 법,데포르메 세계 그리는 법,,,,시마리스 유키치,잉크잼(잼스푼),2026-07,19800,,1805,702,2026-09-04T09:18:57+09:00
372547860,카구라바치 7,카구라바치,7,,,호카조노 타케루,대원씨아이(만화),2025-09,5850,,1865,703,2026-09-04T09:18:57+09:00
399953662,히마텐! 4,히마텐!,4,,- SL Comic,오노 겐키,디앤씨미디어(주)(D&C미디어),2026-08,6300,,1730,704,2026-09-04T09:18:57+09:00
396657276,비밀법인 데스메이커 1,비밀법인 데스메이커,1,,,우나다 마아치,대원씨아이(만화),2026-06,6300,10.0,1835,705,2026-09-04T09:18:57+09:00
310530480,만화로 보는 일리아스,만화로 보는 일리아스,,,- 트로이의 노래,동사원형,한빛비즈,2023-02,17550,9.9,2000,706,2026-09-04T09:18:57+09:00
394027566,블리치 리믹스 16,블리치 리믹스,16,,,쿠보 타이토,서울미디어코믹스(서울문화사),2026-05,10800,9.6,1710,707,2026-09-04T09:18:57+09:00
398360386,뷰티풀 군바리 12,뷰티풀 군바리,12,,- 초판 한정 포토카드 2종,설이,길찾기,2026-07,17820,,1770,708,2026-09-04T09:18:57+09:00
340411847,이거 그리고 죽어 2,이거 그리고 죽어,2,,,토요다 미노루,대원씨아이(만화),2024-05,5400,9.5,1773,709,2026-09-04T09:18:57+09:00
382235722,긴키 지방의 어느 장소에 대하여 2,긴키 지방의 어느 장소에 대하여,2,,,우스이 츠카사,오팬스코믹,2025-12,7650,9.4,1690,710,2026-09-04T09:18:57+09:00
395958550,핑키 나이트메어,핑키 나이트메어,,,- 라르고 맥스 Largo Max,NAREHATECHAN,조은세상(북두),2026-06,6300,9.5,1740,711,2026-09-04T09:18:57+09:00
333361531,길가메쉬,길가메쉬,,,,옌스 하르더,마르코폴로,2024-02,18000,9.7,1602,712,2026-09-04T09:18:57+09:00
376973639,삼국지를 한번도 안 읽어 볼 수는 없잖아,삼국지를 한번도 안 읽어 볼 수는 없잖아,,,- 열 번은 읽은 듯한 빠삭함!,Team. StoryG,oldstairs(올드스테어즈),2025-11,18000,10.0,1635,713,2026-09-04T09:18:57+09:00
301188387,나루토 Naruto 44,나루토 Naruto,44,,,키시모토 마사시,대원씨아이(만화),2009-03,4950,,1780,714,2026-09-04T09:18:57+09:00
400586316,커들 2,커들,2,,- 수인 오메가버스,하스미 하나,학산문화사(만화),2026-08,6300,,1340,715,2026-09-04T09:18:57+09:00
398284864,책벌레의 하극상 제4부 : 귀족원의 도서관을 구하고 싶어! 10,책벌레의 하극상 제4부 : 귀족원의 도서관을 구하고 싶어!,10,,- 사서가 되기 위해서라면 뭐든지 할 수 있어,카츠키 히카루,대원씨아이(만화),2026-07,5400,10.0,1275,716,2026-09-04T09:18:57+09:00
315161275,캐릭터 채색 & 레이어 테크닉,캐릭터 채색 & 레이어 테크닉,,,"- 인물을 더욱 매력적으로 만드는, 전면개정판",kyachi,한즈미디어(한스미디어),2023-04,4050,10.0,1330,717,2026-09-04T09:18:57+09:00
341991722,블리치 리믹스 4,블리치 리믹스,4,,,쿠보 타이토,서울미디어코믹스(서울문화사),2024-06,10800,10.0,1233,718,2026-09-04T09:18:57+09:00
398728056,마법소녀를 동경해서 4 (더블특전판),마법소녀를 동경해서,4,더블특전판,- 초판한정 : 일러스트 카드 1종 + SD 스티커 1종,오노나카 아키히로,대원씨아이(만화),2026-07,6750,,1295,719,2026-09-04T09:18:57+09:00
398727942,마법소녀를 동경해서 2 (더블특전판),마법소녀를 동경해서,2,더블특전판,- 초판한정 : 일러스트 카드 1종 + SD 스티커 1종,오노나카 아키히로,대원씨아이(만화),2026-07,6750,,1305,720,2026-09-04T09:18:57+09:00
398836644,장하다! 원조 괴짜가족 13,장하다! 원조 괴짜가족,13,,,하마오카 켄지,서울미디어코믹스(서울문화사),2026-07,4500,,1225,721,2026-09-04T09:18:57+09:00
398728051,마법소녀를 동경해서 3 (더블특전판),마법소녀를 동경해서,3,더블특전판,- 초판한정 : 일러스트 카드 1종 + SD 스티커 1종,오노나카 아키히로,대원씨아이(만화),2026-07,6750,,1280,722,2026-09-04T09:18:57+09:00
355732920,단둘만의 로맨틱 3,단둘만의 로맨틱,3,,- 완결,카니사와 치히로,학산문화사(만화),2025-01,5400,10.0,1142,723,2026-09-04T09:18:57+09:00
399973937,코믹 무직전생 21,코믹 무직전생,21,,- 이세계에 갔으면 최선을 다한다,후지카와 유카,학산문화사(만화),2026-08,5400,,1080,724,2026-09-04T09:18:57+09:00
349229181,단둘만의 로맨틱 1,단둘만의 로맨틱,1,,,카니사와 치히로,학산문화사(만화),2024-10,5400,10.0,1134,725,2026-09-04T09:18:57+09:00
304439735,격기 3반 4,격기 3반,4,,- 남일고등학교 격투기 특기반,이학,대원씨아이(만화),2018-09,4950,,1303,726,2026-09-04T09:18:57+09:00
393162271,데스 노트 Death Note 2,데스 노트 Death Note,2,,,오바 츠구미,대원씨아이(만화),2004-12,6300,,1150,727,2026-09-04T09:18:57+09:00
400006756,녹는 눈과 아가판서스 1,녹는 눈과 아가판서스,1,,- 코믹 레인 / 초판한정 특별부록 : 띠지+일러스트 카드,나우치,미스터블루,2026-08,7200,,1310,728,2026-09-04T09:18:57+09:00
400909457,우린 엇갈리고 있다 1,우린 엇갈리고 있다,1,,,미나모토 유,대원씨아이(만화),2026-08,5850,,770,729,2026-09-04T09:18:57+09:00
400715990,가짜 연금술사 4,가짜 연금술사,4,,"- 픽시하우스, 초판한정 특별부록 : 일러스트 카드 + 띠지",우메마루,미스터블루,2026-09,7200,,870,730,2026-09-04T09:18:57+09:00
396089569,데스 노트 Death Note 3,데스 노트 Death Note,3,,,오바 츠구미,대원씨아이(만화),2012-02,6300,,1075,731,2026-09-04T09:18:57+09:00
400909405,시오타 선생님과 아마이양 7,시오타 선생님과 아마이양,7,,,나카토카 쿠미코,대원씨아이(만화),2026-08,5850,,760,732,2026-09-04T09:18:57+09:00
400662384,꿈사랑 ~꿈에서 우리는 사랑에 빠진다~ 4,꿈사랑 ~꿈에서 우리는 사랑에 빠진다~,4,,- 완결,키타다 료마,서울미디어코믹스(서울문화사),2026-08,7650,,890,733,2026-09-04T09:18:57+09:00
400653955,마왕과 용사의 사랑의 도피 바캉스 (더블 특전판),마왕과 용사의 사랑의 도피 바캉스,,더블 특전판,"- 솔트 코믹스, 초판 더블 특전 : 만화 1P 페이퍼, 일러스트 카드 1종",바세우,YNK MEDIA(만화),2026-08,5850,,740,734,2026-09-04T09:18:57+09:00
389482128,애태울 정도의 사랑을 알아라 1,애태울 정도의 사랑을 알아라,1,,,쿄노 마코,학산문화사(만화),2026-04,6300,,835,735,2026-09-04T09:18:57+09:00
396563354,도망을 잘 치는 도련님 22,도망을 잘 치는 도련님,22,,- 코노 모로후유 1351,마츠이 유세이,대원씨아이(만화),2026-06,5400,10.0,730,736,2026-09-04T09:18:57+09:00
400734025,건강하고 문화적인 최저한도의 생활 12,건강하고 문화적인 최저한도의 생활,12,,,가시와기 하루코,문학동네,2026-08,8820,,840,737,2026-09-04T09:18:57+09:00
352375450,못 미더운 악녀입니다만 : ~추궁접서 교체전~ 7,못 미더운 악녀입니다만 : ~추궁접서 교체전~,7,,,EI Ohitsuji,서울미디어코믹스(서울문화사),2024-11,6300,9.7,803,738,2026-09-04T09:18:57+09:00
400649747,노노코 양의 여자친구 군♂ 1,노노코 양의 여자친구 군♂,1,,,하치와카마루,HUSH(허쉬),2026-08,5400,,610,739,2026-09-04T09:18:57+09:00
400557793,공각기동대 -HUMAN ERROR PROCESSER-,공각기동대 -HUMAN ERROR PROCESSER-,,,,시로 마사무네,대원씨아이(만화),2026-08,12600,,470,740,2026-09-04T09:18:57+09:00
400708015,영국 낭만 희화 포레스트 아이비 1,영국 낭만 희화 포레스트 아이비,1,,,아마자케 시마,대원씨아이(만화),2026-08,6300,,570,741,2026-09-04T09:18:57+09:00
401064601,궁극의 애니메이션 100,궁극의 애니메이션,100,,- 죽기 전에 꼭 봐야 할 아니메,조 오코넬,중앙books(중앙북스),2026-08,58500,,480,742,2026-09-04T09:18:57+09:00
401421070,여장 남자는 스커트를 벗고 싶어! 5,여장 남자는 스커트를 벗고 싶어!,5,,,Shinagire,서울미디어코믹스(서울문화사),2026-09,5850,,580,743,2026-09-04T09:18:57+09:00
366331655,원피스 111,원피스,111,,- 엘바프 모험,오다 에이치로,대원씨아이(만화),2025-06,5400,10.0,25186,744,2026-09-04T09:18:57+09:00
355678823,원피스 110,원피스,110,,- 시대의 일렁임,오다 에이치로,대원씨아이(만화),2025-01,5400,9.9,13793,745,2026-09-04T09:18:57+09:00
373074300,원펀맨 One Punch Man 33,원펀맨 One Punch Man,33,,- 제곱,ONE,대원씨아이(만화),2025-09,5400,9.7,10320,746,2026-09-04T09:18:57+09:00
394027323,야마다의 학급일지 4,야마다의 학급일지,4,,"- 완결, 초판 한정 : 야마다 & 무라타 일러스트 카드 3종",아오미 루이,서울미디어코믹스(서울문화사),2026-05,5850,9.8,9785,747,2026-09-04T09:18:57+09:00
252254600,귀멸의 칼날 : 공식 팬북 귀살대 견문록,귀멸의 칼날 : 공식 팬북 귀살대 견문록,,,,고토게 코요하루,학산문화사(만화),2020-09,8550,9.6,9556,748,2026-09-04T09:18:57+09:00
379004652,열혈강호 94,열혈강호,94,,,전극진,대원씨아이(만화),2025-11,4950,9.2,9647,749,2026-09-04T09:18:57+09:00
309270072,후지모토 타츠키 단편집 17-21,후지모토 타츠키 단편집,17-21,,,후지모토 타츠키,학산문화사(만화),2023-01,5400,8.6,9444,750,2026-09-04T09:18:57+09:00
215083221,스파이 패밀리 1,스파이 패밀리,1,,,엔도 타츠야,학산문화사(만화),2019-11,5400,9.7,9499,751,2026-09-04T09:18:57+09:00
295837060,체인소 맨 1,체인소 맨,1,,,후지모토 타츠키,학산문화사(만화),2020-09,5400,10.0,9072,752,2026-09-04T09:18:57+09:00
331003597,원피스 107,원피스,107,,- 전설의 영웅,오다 에이치로,대원씨아이(만화),2024-01,4950,9.7,8965,753,2026-09-04T09:18:57+09:00
384918469,루리 드래곤 4,루리 드래곤,4,,,신도 마사오키,서울미디어코믹스(서울문화사),2026-01,5400,9.6,8746,754,2026-09-04T09:18:57+09:00
358910532,명탐정 코난 106,명탐정 코난,106,,,아오야마 고쇼,서울미디어코믹스(서울문화사),2025-02,5400,10.0,8408,755,2026-09-04T09:18:57+09:00
387232917,모모세 아키라의 첫사랑 파탄 중 4 (트리플 특전판),모모세 아키라의 첫사랑 파탄 중,4,트리플 특전판,- 스페셜 아크릴 일러스트 카드(1종) + 반전 매력의 양면 일러스트 카드(2종),하레카와 신타,서울미디어코믹스(서울문화사),2026-02,6750,10.0,8153,756,2026-09-04T09:18:57+09:00
387160732,반딧불이의 혼례 9,반딧불이의 혼례,9,,,타치바나 오레코,서울미디어코믹스(서울문화사),2026-02,7650,9.7,8047,757,2026-09-04T09:18:57+09:00
393727271,전지적 독자 시점 19,전지적 독자 시점,19,,- 초판한정: 캐릭터 카드 1종 + 엽서 1종,슬리피-C,에이템포미디어,2026-05,14850,10.0,7780,758,2026-09-04T09:18:57+09:00
378768331,모모세 아키라의 첫사랑 파탄 중 2 (트리플 특전판),모모세 아키라의 첫사랑 파탄 중,2,트리플 특전판,- 홀로그램 일러스트 카드(1종) + 반전 매력의 양면 일러스트 카드(2종),하레카와 신타,서울미디어코믹스(서울문화사),2025-11,6750,10.0,7987,759,2026-09-04T09:18:57+09:00
277000440,명탐정 코난 : 경찰학교 편 - 상,명탐정 코난 : 경찰학교 편 - 상,,,,아라이 타카히로,서울미디어코믹스(서울문화사),2021-08,4950,9.1,7878,760,2026-09-04T09:18:57+09:00
296518224,주술회전 19,주술회전,19,,- 도쿄 제1콜로니 -화내는 남자-,아쿠타미 게게,서울미디어코믹스(서울문화사),2022-06,5400,10.0,7825,761,2026-09-04T09:18:57+09:00
283806419,장송의 프리렌 2,장송의 프리렌,2,,,야마다 카네히토,학산문화사(만화),2021-11,5400,9.6,7459,762,2026-09-04T09:18:57+09:00
382045769,모모세 아키라의 첫사랑 파탄 중 3 (트리플 특전판),모모세 아키라의 첫사랑 파탄 중,3,트리플 특전판,- 홀로그램 일러스트 카드(1종) + 반전 매력의 양면 일러스트 카드(2종),하레카와 신타,서울미디어코믹스(서울문화사),2025-12,6750,9.8,7529,763,2026-09-04T09:18:57+09:00
362120342,그 비스크 돌은 사랑을 한다 14,그 비스크 돌은 사랑을 한다,14,,- S코믹스,후쿠다 신이치,㈜소미미디어,2025-04,5400,9.2,7466,764,2026-09-04T09:18:57+09:00
397592223,애태울 정도의 사랑을 알아라 3,애태울 정도의 사랑을 알아라,3,,- 완결,쿄노 마코,학산문화사(만화),2026-07,6300,10.0,7315,765,2026-09-04T09:18:57+09:00
324949099,봄의 폭풍과 몬스터 1,봄의 폭풍과 몬스터,1,,,미츠바치 미유키,학산문화사(만화),2023-10,5400,9.7,6980,766,2026-09-04T09:18:57+09:00
301706807,주술회전 4,주술회전,4,,,아쿠타미 게게,서울미디어코믹스(서울문화사),2019-05,5400,,6757,767,2026-09-04T09:18:57+09:00
332513041,던전밥 13,던전밥,13,,- S코믹스,쿠이 료코,㈜소미미디어,2024-02,6300,9.8,6685,768,2026-09-04T09:18:57+09:00
364518017,루리 드래곤 3,루리 드래곤,3,,,신도 마사오키,서울미디어코믹스(서울문화사),2025-05,5400,9.6,6611,769,2026-09-04T09:18:57+09:00
392519237,길고양이와 늑대 6,길고양이와 늑대,6,,,미츠바치 미유키,학산문화사(만화),2026-05,5400,9.9,6510,770,2026-09-04T09:18:57+09:00
364586421,봄의 폭풍과 몬스터 6,봄의 폭풍과 몬스터,6,,,미츠바치 미유키,학산문화사(만화),2025-05,5400,9.7,6635,771,2026-09-04T09:18:57+09:00
132200228,재즈 잇 업! Jazz It Up!,재즈 잇 업! Jazz It Up!,,,"- 남무성의 만화로 보는 재즈의 역사, 출간 15주년 특별 개정증보판",남무성,서해문집,2018-02,24300,9.6,6339,772,2026-09-04T09:18:57+09:00
340343369,쿠이 료코 낙서집 데이드림 아워,쿠이 료코 낙서집 데이드림 아워,,,- S코믹스,쿠이 료코,㈜소미미디어,2024-06,18000,9.6,6361,773,2026-09-04T09:18:57+09:00
388745962,옆집 천사님 때문에 어느샌가 인간적으로 타락한 사연 11.5 (소책자 부속 특별판),옆집 천사님 때문에 어느샌가 인간적으로 타락한 사연 11.5,,소책자 부속 특별판,"- Novel Engine, ①특별판 전용 커버 사양 11.5권 본편 (11.5권 일반판과 동일한 일러스트 카드 포함 ※띠지 없음) ②별책 단편집 (※커버 없음) ③전용 슬리브 타입 케이스",사에키상,데이즈엔터(주),2026-04,14400,,6323,774,2026-09-04T09:18:57+09:00
380080135,봇치·더·록! 외전 히로이 키쿠리의 과음일기 4,봇치·더·록! 외전 히로이 키쿠리의 과음일기,4,,,쿠미쵸,대원씨아이(만화),2025-12,8100,10.0,6280,775,2026-09-04T09:18:57+09:00
304252422,귀멸 학원! 2,귀멸 학원!,2,,,호카미 나츠키,학산문화사(만화),2022-11,5400,8.0,6002,776,2026-09-04T09:18:57+09:00
301714623,주술회전 17,주술회전,17,,- 갈대를 입에 물다,아쿠타미 게게,서울미디어코믹스(서울문화사),2021-11,5400,,5896,777,2026-09-04T09:18:57+09:00
329151499,봄의 폭풍과 몬스터 2,봄의 폭풍과 몬스터,2,,,미츠바치 미유키,학산문화사(만화),2023-11,5400,9.7,6148,778,2026-09-04T09:18:57+09:00
386563480,단다단 19,단다단,19,,,타츠 유키노부,대원씨아이(만화),2026-02,5400,10.0,5630,779,2026-09-04T09:18:57+09:00
290968392,아름다운 초저녁달 2,아름다운 초저녁달,2,,,야마모리 미카,학산문화사(만화),2022-03,5400,10.0,5670,780,2026-09-04T09:18:57+09:00
388349538,카구라바치 9 (특별판),카구라바치,9,특별판,"- 토비무네, 아크릴 스탠드 2종 + 자개풍 홀로그램 아크릴 코스터 1종 + 화투풍 능력카드 4종 + 갤러리 보드 1종 + 후가공 일러스트카드 1종 + 렌티큘러 카드 1종 + 초판한정 일러스트 시네마 티켓 1종 + 더블특전 요도 계약자 pp 북마크",호카조노 타케루,대원씨아이(만화),2026-03,35550,10.0,5696,781,2026-09-04T09:18:57+09:00
328897066,귀멸 학원! 4,귀멸 학원!,4,,,호카미 나츠키,학산문화사(만화),2023-11,5400,10.0,5705,782,2026-09-04T09:18:57+09:00
226966203,그 비스크 돌은 사랑을 한다 2,그 비스크 돌은 사랑을 한다,2,,- S코믹스,후쿠다 신이치,㈜소미미디어,2020-01,6300,9.0,5489,783,2026-09-04T09:18:57+09:00
301708557,주술회전 10,주술회전,10,,,아쿠타미 게게,서울미디어코믹스(서울문화사),2020-12,5400,,5504,784,2026-09-04T09:18:57+09:00
397362768,가끔씩 툭하고 러시아어로 부끄러워하는 옆자리의 아랴 양 11,가끔씩 툭하고 러시아어로 부끄러워하는 옆자리의 아랴 양,11,,"- L Novel /초판 한정 특전 : 띠지, 책갈피, 양면 표지, 폴라로이드 카드 1종",SUN SUN SUN,디앤씨미디어(주)(D&C미디어),2026-07,7650,,5170,785,2026-09-04T09:18:57+09:00
382041006,사카모토 데이즈 24,사카모토 데이즈,24,,- 감전 주의,스즈키 유우토,대원씨아이(만화),2025-12,5850,,5454,786,2026-09-04T09:18:57+09:00
325351296,오래 보고 싶었다,오래 보고 싶었다,,,"- 내일 더 빛날 당신을 위한 위로, 나태주·다홍 만화시집",나태주,더블북,2023-10,15300,9.9,5559,787,2026-09-04T09:18:57+09:00
352893694,귀멸 학원! 6,귀멸 학원!,6,,- 완결,호카미 나츠키,학산문화사(만화),2024-11,5400,10.0,5524,788,2026-09-04T09:18:57+09:00
333218155,마루는 강쥐 3,마루는 강쥐,3,,,모죠,문페이스,2024-02,14400,,5291,789,2026-09-04T09:18:57+09:00
352754315,원펀맨 One Punch Man 31,원펀맨 One Punch Man,31,,- 연옥무쌍폭열파동포,ONE,대원씨아이(만화),2024-11,5400,9.6,5109,790,2026-09-04T09:18:57+09:00
295077194,아름다운 초저녁달 3,아름다운 초저녁달,3,,,야마모리 미카,학산문화사(만화),2022-05,5400,9.8,5047,791,2026-09-04T09:18:57+09:00
105525634,공각기동대 -THE GHOST IN THE SHELL-,공각기동대 -THE GHOST IN THE SHELL-,,,,시로 마사무네,대원씨아이(만화),2017-03,14400,9.2,5031,792,2026-09-04T09:18:57+09:00
379953360,슈퍼 러버즈 18,슈퍼 러버즈,18,,,아베 미유키,서울미디어코믹스(서울문화사),2025-12,5400,10.0,5068,793,2026-09-04T09:18:57+09:00
255143164,그 비스크 돌은 사랑을 한다 5,그 비스크 돌은 사랑을 한다,5,,- S코믹스,후쿠다 신이치,㈜소미미디어,2020-11,6300,9.7,4984,794,2026-09-04T09:18:57+09:00
398728413,마법소녀를 동경해서 1~5 합본판,마법소녀를 동경해서 1~5 합본판,,,- 각권 초회 한정 일러스트 카드 각 1종씩 (총5종) + 각 권 선착순 더블 특전 SD스티커 각 1종씩(총5종) + PET스탠드 + 컵코스터 + 일러스트 카드 + 별도 박스 포장,오노나카 아키히로,대원씨아이(만화),2026-07,33750,,4905,795,2026-09-04T09:18:57+09:00
390583412,비실비실 선생님 12,비실비실 선생님,12,,,후쿠치 카미오,대원씨아이(만화),2026-04,5850,10.0,4972,796,2026-09-04T09:18:57+09:00
380811247,스킵 비트! 50,스킵 비트!,50,,,나카무라 요시키,시공사(만화),2025-12,5850,9.7,4912,797,2026-09-04T09:18:57+09:00
303094586,아름다운 초저녁달 4,아름다운 초저녁달,4,,,야마모리 미카,학산문화사(만화),2022-10,5400,9.9,4755,798,2026-09-04T09:18:57+09:00
394711869,김전일 아빠의 사건부 3,김전일 아빠의 사건부,3,,,아마기 세이마루,서울미디어코믹스(서울문화사),2026-06,6300,9.7,4615,799,2026-09-04T09:18:57+09:00
364494673,언플러그드 보이 1,언플러그드 보이,1,,- 개정판,천계영,문학동네,2025-05,12600,10.0,4908,800,2026-09-04T09:18:57+09:00
399052013,THE ART OF SOLO LEVELING : 웹툰 「나 혼자만 레벨업」 공식 아트북,THE ART OF SOLO LEVELING : 웹툰 「나 혼자만 레벨업」 공식 아트북,,,,장성락(REDICE STUDIO),디앤씨미디어(주)(D&C미디어),2026-08,43200,,4565,801,2026-09-04T09:18:57+09:00
292873028,타마의 포상 1,타마의 포상,1,,,호시야 카오리,대원씨아이(만화),2022-04,4500,9.2,4689,802,2026-09-04T09:18:57+09:00
340823801,봄의 폭풍과 몬스터 4,봄의 폭풍과 몬스터,4,,,미츠바치 미유키,학산문화사(만화),2024-06,5400,10.0,4659,803,2026-09-04T09:18:57+09:00
364494824,언플러그드 보이 2,언플러그드 보이,2,,"- 개정판, 완결",천계영,문학동네,2025-05,12600,10.0,4828,804,2026-09-04T09:18:57+09:00
318700246,괴수 8호 1,괴수 8호,1,,,마츠모토 나오야,서울미디어코믹스(서울문화사),2021-01,5400,8.0,4511,805,2026-09-04T09:18:57+09:00
382425596,소소한 미식 생활,소소한 미식 생활,,,,이다 치아키,이아소,2026-01,16200,9.7,4686,806,2026-09-04T09:18:57+09:00
355156419,아름다운 초저녁달 8,아름다운 초저녁달,8,,,야마모리 미카,학산문화사(만화),2025-01,5400,9.5,4386,807,2026-09-04T09:18:57+09:00
377704735,봇치·더·록! 8,봇치·더·록!,8,,,하마지 아키,대원씨아이(만화),2025-11,8100,10.0,4411,808,2026-09-04T09:18:57+09:00
367919526,마루는 강쥐 7,마루는 강쥐,7,,,모죠,문페이스,2025-07,14400,,4367,809,2026-09-04T09:18:57+09:00
105525838,공각기동대 -MANMACHINE INTERFACE-,공각기동대 -MANMACHINE INTERFACE-,,,,시로 마사무네,대원씨아이(만화),2017-03,14400,7.7,4332,810,2026-09-04T09:18:57+09:00
135438370,기븐 4,기븐,4,,- 뉴 루비코믹스 2133,키즈 나츠키,현대지능개발사,2018-02,4950,8.7,4542,811,2026-09-04T09:18:57+09:00
337045326,괴수 8호 2,괴수 8호,2,,,마츠모토 나오야,서울미디어코믹스(서울문화사),2021-04,5400,8.0,4280,812,2026-09-04T09:18:57+09:00
341934453,동경일일 3,동경일일,3,,- 완결,마츠모토 타이요,문학동네,2024-06,9900,9.6,4174,813,2026-09-04T09:18:57+09:00
396368739,어서 와 수평선 1 (트리플 특전판),어서 와 수평선,1,트리플 특전판,- 띠지 + 입욕권 북마크 1종 + pp 스탠드 1종 + 티셔츠 판 스티커 1종,와타베 타이요,대원씨아이(만화),2026-06,6300,10.0,4075,814,2026-09-04T09:18:57+09:00
389641178,황천의 츠가이 5,황천의 츠가이,5,,,아라카와 히로무,대원씨아이(만화),2024-03,5850,,4134,815,2026-09-04T09:18:57+09:00
386059133,나 혼자만 레벨업 : 라그나로크 2,나 혼자만 레벨업 : 라그나로크,2,,- 만화,,디앤씨웹툰비즈,2026-02,14400,7.0,4256,816,2026-09-04T09:18:57+09:00
327568377,그 비스크 돌은 사랑을 한다 11,그 비스크 돌은 사랑을 한다,11,,- S코믹스,후쿠다 신이치,㈜소미미디어,2023-11,6300,9.6,4037,817,2026-09-04T09:18:57+09:00
341802003,베르세르크 42,베르세르크,42,,,미우라 켄타로,대원씨아이(만화),2024-06,5400,9.7,3974,818,2026-09-04T09:18:57+09:00
355679069,카구라바치 3,카구라바치,3,,,호카조노 타케루,대원씨아이(만화),2025-01,5850,9.7,4230,819,2026-09-04T09:18:57+09:00
382707103,소년X소녀 일러스트&스티커북,소년X소녀 일러스트&스티커북,,,,규잉,서울미디어코믹스(서울문화사),2025-12,18000,7.2,4073,820,2026-09-04T09:18:57+09:00
344254532,GACHIAKUTA 6,GACHIAKUTA,6,,,케이 우라나,학산문화사(만화),2024-08,5400,10.0,3955,821,2026-09-04T09:18:57+09:00
81953629,용의 귀여운 일곱 아이 : 쿠이 료코 작품집,용의 귀여운 일곱 아이 : 쿠이 료코 작품집,,,- S코믹스,쿠이 료코,㈜소미미디어,2016-04,6300,8.7,3950,822,2026-09-04T09:18:57+09:00
397175745,악마에 입문했습니다! 이루마 군 47,악마에 입문했습니다! 이루마 군,47,,,니시 오사무,서울미디어코믹스(서울문화사),2026-07,5850,,3950,823,2026-09-04T09:18:57+09:00
86997362,용의 학교는 산 위에,용의 학교는 산 위에,,,"- 쿠이 료코 작품집, S코믹스",쿠이 료코,㈜소미미디어,2016-07,8550,9.4,3789,824,2026-09-04T09:18:57+09:00
293068139,기븐 7,기븐,7,,- 뉴 루비코믹스 2755,키즈 나츠키,현대지능개발사,2022-04,5400,9.8,3963,825,2026-09-04T09:18:57+09:00
390241459,황천의 츠가이 4,황천의 츠가이,4,,,아라카와 히로무,대원씨아이(만화),2023-10,5850,,3657,826,2026-09-04T09:18:57+09:00
385946274,비실비실 선생님 11,비실비실 선생님,11,,,후쿠치 카미오,대원씨아이(만화),2026-02,5400,,3754,827,2026-09-04T09:18:57+09:00
290233284,하이큐!! 42,하이큐!!,42,,- 무엇,후루다테 하루이치,대원씨아이(만화),2020-07,4950,,3685,828,2026-09-04T09:18:57+09:00
366528002,메이드 인 어비스 13,메이드 인 어비스,13,,,츠쿠시 아키히토,미우(대원씨아이),2025-06,7200,9.2,3737,829,2026-09-04T09:18:57+09:00
364156956,카구라바치 5,카구라바치,5,,,호카조노 타케루,대원씨아이(만화),2025-05,5850,9.4,3630,830,2026-09-04T09:18:57+09:00
397898246,역대급 영지 설계사 9,역대급 영지 설계사,9,,- 초판 한정 작가진 친필 사인 인쇄본 + 표지 일러스트 엽서 + 캐릭터 카드 3종,이현민,문페이스,2026-07,14400,,3370,831,2026-09-04T09:18:57+09:00
393756075,폭식 너무 좋아! 모치즈키 양 3,폭식 너무 좋아! 모치즈키 양,3,,,마루요노 카모메,대원씨아이(만화),2026-05,6300,9.8,3475,832,2026-09-04T09:18:57+09:00
395444518,러브 불릿 1,러브 불릿,1,,- 초판 한정 부록: SD 캐릭터 스티커 1매 + 저자 사인 메시지 (면지 인쇄),inee,빗금,2026-06,8100,10.0,3485,833,2026-09-04T09:18:57+09:00
322441152,꿈빛 파티시엘 신장판 3,꿈빛 파티시엘 신장판,3,,,마츠모토 나츠미,대원씨아이(만화),2023-08,5400,,3463,834,2026-09-04T09:18:57+09:00
388858246,야쿠자 때문에 목욕탕에서 일하고 있습니다 3,야쿠자 때문에 목욕탕에서 일하고 있습니다,3,,,타카시,㈜소미미디어,2026-04,5850,9.9,3405,835,2026-09-04T09:18:57+09:00
372442252,천막의 자두가르 5,천막의 자두가르,5,,,토마토수프,서울미디어코믹스(서울문화사),2025-09,6750,9.4,3388,836,2026-09-04T09:18:57+09:00
384923404,이세계 삼촌 13,이세계 삼촌,13,,- 픽시하우스,호톤도신데이루,데이즈엔터(주),2026-02,7200,,3335,837,2026-09-04T09:18:57+09:00
394015605,나나 NANA 완전판 9,나나 NANA 완전판,9,,"- 초판 한정: PP엽서 1종, 포토카드 1종",야자와 아이,학산문화사(만화),2026-05,10800,,3295,838,2026-09-04T09:18:57+09:00
365413873,팔견전 21,팔견전,21,,"- 동방팔견이문, S코믹스",아베 미유키,㈜소미미디어,2025-06,5400,10.0,3248,839,2026-09-04T09:18:57+09:00
241030899,소녀종말여행 1~6 박스 세트 - 전6권 (엽서 세트 포함),소녀종말여행 1~6 박스 세트 - 전6권 (엽서 세트 포함),,,- 완결,츠쿠미즈,학산문화사(만화),2020-06,36000,9.6,3247,840,2026-09-04T09:18:57+09:00
329600458,약사의 혼잣말 1,약사의 혼잣말,1,,,네코쿠라게,학산문화사(만화),2019-12,5400,8.0,3223,841,2026-09-04T09:18:57+09:00
295225182,귀멸의 칼날 14,귀멸의 칼날,14,,,고토게 코요하루,학산문화사(만화),2020-01,5400,,3253,842,2026-09-04T09:18:57+09:00
353713801,봇치·더·록! 외전 히로이 키쿠리의 과음일기 1,봇치·더·록! 외전 히로이 키쿠리의 과음일기,1,,,쿠미쵸,대원씨아이(만화),2024-12,8100,9.8,3242,843,2026-09-04T09:18:57+09:00
294498008,블루 록 1,블루 록,1,,,노무라 유스케,학산문화사(만화),2020-11,5400,10.0,3134,844,2026-09-04T09:18:57+09:00
374961203,팔견전 23,팔견전,23,,"- 동방팔견이문, S코믹스",아베 미유키,㈜소미미디어,2025-10,5400,10.0,3142,845,2026-09-04T09:18:57+09:00
369868343,팔견전 22,팔견전,22,,"- 동방팔견이문, S코믹스",아베 미유키,㈜소미미디어,2025-08,5400,10.0,3112,846,2026-09-04T09:18:57+09:00
295225057,귀멸의 칼날 11,귀멸의 칼날,11,,,고토게 코요하루,학산문화사(만화),2019-10,5400,,3032,847,2026-09-04T09:18:57+09:00
386058254,타몬 군 지금 어느 쪽?! 9,타몬 군 지금 어느 쪽?!,9,,,시와스 유키,학산문화사(만화),2025-04,5400,,3067,848,2026-09-04T09:18:57+09:00
299654606,하이큐!! 41,하이큐!!,41,,- 작은 거인 VS,후루다테 하루이치,대원씨아이(만화),2020-04,4950,,3009,849,2026-09-04T09:18:57+09:00
329600924,약사의 혼잣말 2,약사의 혼잣말,2,,,네코쿠라게,학산문화사(만화),2019-12,5400,,2859,850,2026-09-04T09:18:57+09:00
391648960,숨막힐 정도의 사랑을 줄게 6,숨막힐 정도의 사랑을 줄게,6,,,이와시타 케이코,대원씨아이(만화),2026-04,5400,9.7,2938,851,2026-09-04T09:18:57+09:00
322386168,운명의 사람을 만나는 이야기 2,운명의 사람을 만나는 이야기,2,,,아나신,학산문화사(만화),2023-08,5400,9.8,2913,852,2026-09-04T09:18:57+09:00
397905187,THE POOL,THE POOL,,,,사쿠라이 가몬,학산문화사(만화),2026-07,13500,10.0,2730,853,2026-09-04T09:18:57+09:00
398010173,한구석의 기억 2,한구석의 기억,2,,,키요나가 타마고,빗금,2026-07,6750,10.0,2875,854,2026-09-04T09:18:57+09:00
23585900,애니메이터 서바이벌 키트,애니메이터 서바이벌 키트,,,- 증보판,리처드 윌리엄스,한울(한울아카데미),2020-11,52000,8.6,2764,855,2026-09-04T09:18:57+09:00
383428976,Veil 6,Veil,6,,"- S코믹스, JAPAN EXPO 최우수작화상, 최우수장정상 수상",코테리,㈜소미미디어,2026-01,11520,9.7,2847,856,2026-09-04T09:18:57+09:00
324950007,운명의 사람을 만나는 이야기 3,운명의 사람을 만나는 이야기,3,,,아나신,학산문화사(만화),2023-09,5400,9.5,2617,857,2026-09-04T09:18:57+09:00
332456996,천막의 자두가르 3,천막의 자두가르,3,,,토마토수프,서울미디어코믹스(서울문화사),2024-01,6750,9.7,2659,858,2026-09-04T09:18:57+09:00
304629310,블루 록 3,블루 록,3,,,노무라 유스케,학산문화사(만화),2021-02,5400,10.0,2600,859,2026-09-04T09:18:57+09:00
389481532,묘쌤은 이렇게 말했다 10,묘쌤은 이렇게 말했다,10,,- S코믹스,무테키 소다,㈜소미미디어,2026-04,6300,9.5,2581,860,2026-09-04T09:18:57+09:00
378966916,드래곤볼 완전판 가이드북 LANDMARK,드래곤볼 완전판 가이드북 LANDMARK,,,,토리야마 아키라,서울미디어코믹스(서울문화사),2025-11,12600,10.0,2545,861,2026-09-04T09:18:57+09:00
399900769,소꿉친구 컴플렉스 4~5 스페셜 세트 - 전2권,소꿉친구 컴플렉스 4~5 스페셜 세트 - 전2권,,,"- 초판 한정 부록 : 책갈피 2종(4, 5권 책갈피 각각 1종) + 렌티큘러 엽서 2종 + 증명사진 패키지 + 폴라로이드 4종 + 작가님 사인 인쇄본",은하이,네이버웹툰,2026-10,39600,,2290,862,2026-09-04T09:18:57+09:00
333640950,먼작귀 5,먼작귀,5,,- 먼가 작고 귀여운 녀석,나가노,미우(대원씨아이),2024-02,10800,10.0,2567,863,2026-09-04T09:18:57+09:00
336556121,박시백의 고려사 1~5 세트 - 전5권,박시백의 고려사 1~5 세트 - 전5권,,,,박시백,휴머니스트,2024-03,66150,8.0,2502,864,2026-09-04T09:18:57+09:00
302941691,블루 록 5,블루 록,5,,,노무라 유스케,학산문화사(만화),2021-04,5400,10.0,2438,865,2026-09-04T09:18:57+09:00
396091726,나의 행복한 결혼 6,나의 행복한 결혼,6,,,코사카 리토,서울미디어코믹스(서울문화사),2026-06,4950,9.7,2375,866,2026-09-04T09:18:57+09:00
393626220,구룡 제네릭 로맨스 11,구룡 제네릭 로맨스,11,,"- S코믹스/ 초판 한정 렌티큘러 카드, 일러스트 카드",마유즈키 준,㈜소미미디어,2026-05,6300,9.8,2415,867,2026-09-04T09:18:57+09:00
396593327,일본삼국 7,일본삼국,7,,,마쓰키 잇카,재담,2026-06,7200,10.0,2275,868,2026-09-04T09:18:57+09:00
395745585,이런 게 좋아 12,이런 게 좋아,12,,,소류,학산문화사(만화),2026-06,7200,9.7,2310,869,2026-09-04T09:18:57+09:00
322921540,원피스 99,원피스,99,,- 밀짚모자 루피,오다 에이치로,대원씨아이(만화),2021-08,4950,10.0,2448,870,2026-09-04T09:18:57+09:00
304629473,블루 록 6,블루 록,6,,,노무라 유스케,학산문화사(만화),2021-06,5400,,2246,871,2026-09-04T09:18:57+09:00
382629539,꿈인지 생시인지 2,꿈인지 생시인지,2,,,사키사카 이오,대원씨아이(만화),2025-12,5850,9.8,2411,872,2026-09-04T09:18:57+09:00
366700846,이거 그리고 죽어 6,이거 그리고 죽어,6,,,토요다 미노루,대원씨아이(만화),2025-06,5400,9.7,2245,873,2026-09-04T09:18:57+09:00
347631706,악마에 입문했습니다! 이루마 군 : if Episode of 마피아 1,악마에 입문했습니다! 이루마 군 : if Episode of 마피아,1,,,니시 오사무,서울미디어코믹스(서울문화사),2024-09,5850,9.8,2245,874,2026-09-04T09:18:57+09:00
301570726,나루토 Naruto 43,나루토 Naruto,43,,,키시모토 마사시,대원씨아이(만화),2008-12,5400,10.0,2232,875,2026-09-04T09:18:57+09:00
365269706,물가의 밤 2,물가의 밤,2,,,으자,봄툰,2025-04,15300,10.0,2426,876,2026-09-04T09:18:57+09:00
388121581,봄바람의 에트랑제 6,봄바람의 에트랑제,6,,- 뉴 루비코믹스 3149,키이 칸나,현대지능개발사,2026-03,5400,10.0,2432,877,2026-09-04T09:18:57+09:00
349368452,악마에 입문했습니다! 이루마 군 : if Episode of 마피아 2,악마에 입문했습니다! 이루마 군 : if Episode of 마피아,2,,,니시 오사무,서울미디어코믹스(서울문화사),2024-10,5850,9.6,2300,878,2026-09-04T09:18:57+09:00
302325654,건방진 그 녀석 3,건방진 그 녀석,3,,,미츠바치 미유키,학산문화사(만화),2016-08,5400,,2054,879,2026-09-04T09:18:57+09:00
294260782,팔견전 14,팔견전,14,,"- 동방팔견이문, S코믹스",아베 미유키,㈜소미미디어,2022-05,6300,8.7,2014,880,2026-09-04T09:18:57+09:00
314184207,팔견전 16,팔견전,16,,"- 동방팔견이문, S코믹스",아베 미유키,㈜소미미디어,2023-04,6300,9.3,1951,881,2026-09-04T09:18:57+09:00
392910795,너를 너무너무너무너무 좋아하는 100명의 그녀 23,너를 너무너무너무너무 좋아하는 100명의 그녀,23,,,나카무라 리키토,학산문화사(만화),2026-05,5400,9.2,2045,882,2026-09-04T09:18:57+09:00
394169803,버저 비터 신장판 2,버저 비터 신장판,2,,,이노우에 타케히코,대원씨아이(만화),2026-05,21600,9.3,2020,883,2026-09-04T09:18:57+09:00
293448930,포켓몬스터 스페셜 2,포켓몬스터 스페셜,2,,,쿠사카 히데노리,대원씨아이(만화),1999-08,4950,10.0,2007,884,2026-09-04T09:18:57+09:00
328898132,원피스 98,원피스,98,,- 충신 킨,오다 에이치로,대원씨아이(만화),2021-03,4950,8.0,2165,885,2026-09-04T09:18:57+09:00
318780089,원피스 97,원피스,97,,- 나의 바이블,오다 에이치로,대원씨아이(만화),2020-09,4950,,2167,886,2026-09-04T09:18:57+09:00
400547758,코믹 어둠의 실력자가 되고 싶어서! 15,코믹 어둠의 실력자가 되고 싶어서!,15,,- J Comic,사카노 안리,서울미디어코믹스(서울문화사),2026-08,4500,10.0,1970,887,2026-09-04T09:18:57+09:00
378954390,카구라바치 6,카구라바치,6,,,호카조노 타케루,대원씨아이(만화),2025-08,5850,,1964,888,2026-09-04T09:18:57+09:00
399390376,"가까이 와줘, 스피카 1 (특장판)","가까이 와줘, 스피카",1,특장판,- 단행본 + 아크릴 스탠드 + 인화사진 2종 + 일러스트 카드 + 별도 박스 포장,fuyu,대원씨아이(만화),2026-07,18000,10.0,1870,889,2026-09-04T09:18:57+09:00
385522632,절대 BL이 되는 세계 & 절대 BL이 되지 않는 고교 생활 1,절대 BL이 되는 세계 & 절대 BL이 되지 않는 고교 생활,1,,,콘키치,학산문화사(만화),2026-02,7200,9.1,1916,890,2026-09-04T09:18:57+09:00
322947641,오란고교 호스트부 17,오란고교 호스트부,17,,,하토리 비스코,학산문화사(만화),2011-02,5400,,1884,891,2026-09-04T09:18:57+09:00
300076131,나루토 Naruto 25,나루토 Naruto,25,,,키시모토 마사시,대원씨아이(만화),2008-07,4950,,2082,892,2026-09-04T09:18:57+09:00
395513879,시노와 렌 4,시노와 렌,4,,- SL Comic,치구사 미노리,디앤씨미디어(주)(D&C미디어),2026-06,10800,10.0,1985,893,2026-09-04T09:18:57+09:00
398016295,무서운 책 5,무서운 책,5,,- 집념,우메즈 카즈오,AK(에이케이)커뮤니케이션즈,2026-07,9000,,2125,894,2026-09-04T09:18:57+09:00
399050317,블루 피리어드 6 (더블 특전판),블루 피리어드,6,더블 특전판,"- 시프트코믹스 /초판 더블 특전 : 일러스트 카드 1종, 박티켓 책갈피 1종",야마구치 츠바사,YNK MEDIA(만화),2026-07,5400,,1705,895,2026-09-04T09:18:57+09:00
394841350,장송의 프리렌 6,장송의 프리렌,6,,,야마다 카네히토,학산문화사(만화),2022-03,6300,,1845,896,2026-09-04T09:18:57+09:00
394695697,마법기사 레이어스 원화집,마법기사 레이어스 원화집,,,,CLAMP,학산문화사(만화),2026-06,34200,,1755,897,2026-09-04T09:18:57+09:00
374951156,얼음 성벽 11,얼음 성벽,11,,,아가사와 코챠,학산문화사(만화),2025-10,9000,10.0,1800,898,2026-09-04T09:18:57+09:00
296075787,건방진 그 녀석 6,건방진 그 녀석,6,,,미츠바치 미유키,학산문화사(만화),2017-05,5400,,1834,899,2026-09-04T09:18:57+09:00
398811035,방과 후 제방 일지 14,방과 후 제방 일지,14,,,코사카 야스유키,대원씨아이(만화),2026-07,4950,,1690,900,2026-09-04T09:18:57+09:00
399291160,우리 남동생들이 죄송합니다 9,우리 남동생들이 죄송합니다,9,,,오자키 아키라,대원씨아이(만화),2026-07,4500,,1785,901,2026-09-04T09:18:57+09:00
396097455,장송의 프리렌 5,장송의 프리렌,5,,,야마다 카네히토,학산문화사(만화),2026-06,6300,,1620,902,2026-09-04T09:18:57+09:00
361147847,시메지 시뮬레이션 2,시메지 시뮬레이션,2,,,츠쿠미즈,길찾기,2025-02,9000,10.0,1845,903,2026-09-04T09:18:57+09:00
388511029,고슴도치와 콘트라스트 1,고슴도치와 콘트라스트,1,,- 솔트 코믹스,호토나카,YNK MEDIA(만화),2026-03,5850,,1630,904,2026-09-04T09:18:57+09:00
366792718,외톨이에는 익숙하니까요. 약혼자 방치 중! 1,외톨이에는 익숙하니까요. 약혼자 방치 중!,1,,,하레타 준,대원씨아이(만화),2025-06,6750,9.9,1662,905,2026-09-04T09:18:57+09:00
400364294,이기적 연애론 3,이기적 연애론,3,,,교교박,다산코믹스,2026-08,16020,,1600,906,2026-09-04T09:18:57+09:00
395170741,야노 군의 평범한 나날 12,야노 군의 평범한 나날,12,,,타무라 유이,학산문화사(만화),2026-06,5400,10.0,1625,907,2026-09-04T09:18:57+09:00
316395937,건방진 그 녀석 7,건방진 그 녀석,7,,,미츠바치 미유키,학산문화사(만화),2017-07,5400,,1637,908,2026-09-04T09:18:57+09:00
399449527,사망 유희로 밥을 먹는다. 5,사망 유희로 밥을 먹는다.,5,,- 만화,반자이 코토부키 다이엔카이,오팬스코믹,2026-07,6300,,1635,909,2026-09-04T09:18:57+09:00
399973834,라라의 결혼 8,라라의 결혼,8,,,타메코우,블랑코믹스(BLANC COMICS),2026-08,6300,,1540,910,2026-09-04T09:18:57+09:00
399451834,"신 울어라, 펜 11","신 울어라, 펜",11,,,시마모토 카즈히코,미우(대원씨아이),2026-07,9000,10.0,1540,911,2026-09-04T09:18:57+09:00
387294608,데스 노트 Death Note 13,데스 노트 Death Note,13,,,오바 츠구미,대원씨아이(만화),2006-12,9000,,1582,912,2026-09-04T09:18:57+09:00
342061810,이거 그리고 죽어 3,이거 그리고 죽어,3,,,토요다 미노루,대원씨아이(만화),2024-06,5400,10.0,1507,913,2026-09-04T09:18:57+09:00
371390937,배가본드 2,배가본드,2,,,이노우에 타케히코,학산문화사(만화),1999-03,6300,,1459,914,2026-09-04T09:18:57+09:00
311327430,마법소녀 마도카 마기카 신장판 : 상.하 박스 세트 - 전2권 (투명 pp카드 2매 + A5 L홀더 포함),마법소녀 마도카 마기카 신장판 : 상.하 박스 세트 - 전2권 (투명 pp카드 2매 + A5 L홀더 포함),,,,마기카 쿼테트,학산문화사(만화),2023-03,27000,10.0,1696,915,2026-09-04T09:18:57+09:00
318301161,너를 너무너무너무너무 좋아하는 100명의 그녀 12,너를 너무너무너무너무 좋아하는 100명의 그녀,12,,,나카무라 리키토,학산문화사(만화),2023-06,5400,8.7,1483,916,2026-09-04T09:18:57+09:00
375359579,너를 너무너무너무너무 좋아하는 100명의 그녀 20,너를 너무너무너무너무 좋아하는 100명의 그녀,20,,,나카무라 리키토,학산문화사(만화),2025-10,5400,9.2,1607,917,2026-09-04T09:18:57+09:00
398811243,힛 미 하드 1 (특별판),힛 미 하드,1,특별판,- 패키지 박스 + 엽서 1종 + 렌티큘러 엽서 1종 + 포토카드 3종 + 아크릴 스탠드 1종 + 멀티 클리너 1종,,다산코믹스,2026-07,34200,10.0,1500,918,2026-09-04T09:18:57+09:00
400247880,만화 인소의 법칙 9,만화 인소의 법칙,9,,,아현,디앤씨웹툰비즈,2026-08,14400,,1180,919,2026-09-04T09:18:57+09:00
397592073,"여친, 빌리겠습니다 44","여친, 빌리겠습니다",44,,,미야지마 레이지,학산문화사(만화),2026-07,5400,,1240,920,2026-09-04T09:18:57+09:00
398288852,엑소시스트를 타락시킬 수 없어 14,엑소시스트를 타락시킬 수 없어,14,,,Masuku Fukayama,서울미디어코믹스(서울문화사),2026-07,5400,,1230,921,2026-09-04T09:18:57+09:00
400006895,내가 죽을 뿐인 100가지 괴담 2,내가 죽을 뿐인 100가지 괴담,2,,"- 노엔 코믹스 / 초판한정 특별부록 : 일러스트 카드, 띠지",마토노 안지,데이즈엔터(주),2026-08,7200,10.0,1170,922,2026-09-04T09:18:57+09:00
357930933,풀 나이트 2,풀 나이트,2,,- S코믹스,야스다 카스미,㈜소미미디어,2025-02,6300,10.0,1263,923,2026-09-04T09:18:57+09:00
399872446,로스타임에 작별 인사를 Home and Away,로스타임에 작별 인사를 Home and Away,,,- 라르고 맥스 Largo Max,코코미,조은세상(북두),2026-08,5400,10.0,1130,924,2026-09-04T09:18:57+09:00
304439585,격기 3반 1,격기 3반,1,,- 남일고등학교 격투기 특기반,이학,대원씨아이(만화),2017-01,4950,,1404,925,2026-09-04T09:18:57+09:00
351722750,단둘만의 로맨틱 2,단둘만의 로맨틱,2,,,카니사와 치히로,학산문화사(만화),2024-11,5400,10.0,1150,926,2026-09-04T09:18:57+09:00
399782235,최애에게 러브 바이트 8,최애에게 러브 바이트,8,,,스즈키 줄리에타,학산문화사(만화),2026-08,5400,,1050,927,2026-09-04T09:18:57+09:00
399974353,영원한 계약 6 (한정판),영원한 계약,6,한정판,- 엽서 6종 세트(초판 한정) + 마그넷 박스 + 아크릴 북엔드,해진,학산문화사(만화),2026-08,28800,,1070,928,2026-09-04T09:18:57+09:00
397620794,장송의 프리렌 3,장송의 프리렌,3,,,야마다 카네히토,학산문화사(만화),2021-12,6300,,1195,929,2026-09-04T09:18:57+09:00
311998558,격기 3반 2,격기 3반,2,,- 남일고등학교 격투기 특기반,이학,대원씨아이(만화),2017-04,4950,,1293,930,2026-09-04T09:18:57+09:00
388433908,사랑해 게임을 끝내고 싶어 7,사랑해 게임을 끝내고 싶어,7,,,도모토 유키,학산문화사(만화),2026-03,5400,10.0,1009,931,2026-09-04T09:18:57+09:00
400311351,뇌를 바꾸려는 사람들,뇌를 바꾸려는 사람들,,,"- 프랑켄슈타인에서 현대 신경기술까지, 뇌과학으로 만나는 신경윤리의 질문들",류영준,어크로스,2026-08,19800,9.7,980,932,2026-09-04T09:18:57+09:00
399925554,최애의 성벽이 너무 위험하다고요! 1,최애의 성벽이 너무 위험하다고요!,1,,- BB코믹스,하루지ON,㈜소미미디어,2026-08,5850,,1010,933,2026-09-04T09:18:57+09:00
311998827,격기 3반 3,격기 3반,3,,- 남일고등학교 격투기 특기반,이학,대원씨아이(만화),2017-12,4950,10.0,1230,934,2026-09-04T09:18:57+09:00
400585960,특별한 도라에몽 : 쿵짜라♪ 울려퍼지는 음악 편 8,특별한 도라에몽 : 쿵짜라♪ 울려퍼지는 음악 편,8,,,후지코 F. 후지오,대원씨아이(만화),2026-08,8100,,850,935,2026-09-04T09:18:57+09:00
398016177,토리빵 16,토리빵,16,,,토리노 난코,AK(에이케이)커뮤니케이션즈,2026-07,8100,6.0,1170,936,2026-09-04T09:18:57+09:00
200656574,아이들의 장난감 애장판 1~7 세트 - 전7권 (완결),아이들의 장난감 애장판 1~7 세트 - 전7권 (완결),,,,오바나 미호,학산문화사(만화),2019-07,40320,10.0,986,937,2026-09-04T09:18:57+09:00
400543500,"아리스, 우주까지도 4","아리스, 우주까지도",4,,,우리노 키코,대원씨아이(만화),2026-08,6300,,810,938,2026-09-04T09:18:57+09:00
334128695,사랑해 게임을 끝내고 싶어 4,사랑해 게임을 끝내고 싶어,4,,,도모토 유키,학산문화사(만화),2024-02,5400,,866,939,2026-09-04T09:18:57+09:00
400585852,택배기사 형이랑 잘 될 수 있을까?,택배기사 형이랑 잘 될 수 있을까?,,,- B愛+750,노다 논다,대원씨아이(만화),2026-08,6300,,900,940,2026-09-04T09:18:57+09:00
337130738,골든 카무이 1~31 세트 - 전31권,골든 카무이 1~31 세트 - 전31권,,,,노다 사토루,대원씨아이(만화),2024-03,113400,,888,941,2026-09-04T09:18:57+09:00
394122707,취사병 전설이 되다 15,취사병 전설이 되다,15,,,제이로빈,지식오름,2026-06,13500,,1075,942,2026-09-04T09:18:57+09:00
400730154,1초 24,1초,24,,,시니,영컴(YOUNG COM),2026-08,15120,,800,943,2026-09-04T09:18:57+09:00
400652846,트릴리온 게임 10,트릴리온 게임,10,,- 시프트코믹스,이케가미 료이치,YNK MEDIA(만화),2026-08,5400,10.0,800,944,2026-09-04T09:18:57+09:00
400307391,꿀과 극약 2,꿀과 극약,2,,,사쿠라노코우지 카노코,대원씨아이(만화),2026-08,5400,,910,945,2026-09-04T09:18:57+09:00
400585731,퀸즈 퀄리티 1,퀸즈 퀄리티,1,,- 루나 코믹스,모토미 쿄스케,㈜소미미디어,2026-08,6300,10.0,690,946,2026-09-04T09:18:57+09:00
400856407,탱크체어 TANK CHAIR 4,탱크체어 TANK CHAIR,4,,,야시로 마나부,대원씨아이(만화),2026-08,6300,,670,947,2026-09-04T09:18:57+09:00
400585822,W 줄리엣 2부 16,W 줄리엣 2부,16,,,에무라,대원씨아이(만화),2026-08,3780,,760,948,2026-09-04T09:18:57+09:00
400662468,룸 투어즈 2,룸 투어즈,2,,,마츠모토 토모,서울미디어코믹스(서울문화사),2026-08,5400,10.0,820,949,2026-09-04T09:18:57+09:00
394122361,취사병 전설이 되다 14,취사병 전설이 되다,14,,,제이로빈,지식오름,2026-06,13500,,1015,950,2026-09-04T09:18:57+09:00
339953785,못 미더운 악녀입니다만 : ~추궁접서 교체전~ 6,못 미더운 악녀입니다만 : ~추궁접서 교체전~,6,,,EI Ohitsuji,서울미디어코믹스(서울문화사),2024-05,6300,9.3,695,951,2026-09-04T09:18:57+09:00
319312677,못 미더운 악녀입니다만 : ~추궁접서 교체전~ 4,못 미더운 악녀입니다만 : ~추궁접서 교체전~,4,,,EI Ohitsuji,서울미디어코믹스(서울문화사),2023-06,6300,10.0,703,952,2026-09-04T09:18:57+09:00
400930535,발키리 키코 4,발키리 키코,4,,- S코믹스,아베노 챠코,㈜소미미디어,2026-09,6300,,490,953,2026-09-04T09:18:57+09:00
329581311,못 미더운 악녀입니다만 : ~추궁접서 교체전~ 5,못 미더운 악녀입니다만 : ~추궁접서 교체전~,5,,,EI Ohitsuji,서울미디어코믹스(서울문화사),2023-11,6300,10.0,664,954,2026-09-04T09:18:57+09:00
375157925,사랑스런 쿠니타마 1,사랑스런 쿠니타마,1,,,앗치 아이,대원씨아이(만화),2025-10,5850,8.0,553,955,2026-09-04T09:18:57+09:00
400856418,미와 씨 행세를 합니다 14,미와 씨 행세를 합니다,14,,,아오키 유헤이,대원씨아이(만화),2026-08,5850,,510,956,2026-09-04T09:18:57+09:00
398810235,How to melt,How to melt,,,- 라르고맥스 Largo Max,스에히로 마치,조은세상(북두),2026-07,8100,10.0,820,957,2026-09-04T09:18:57+09:00
400707974,사랑할 자격 3,사랑할 자격,3,,,난바 아츠코,대원씨아이(만화),2026-08,5400,,640,958,2026-09-04T09:18:57+09:00
400649530,친구 여동생이 나한테만 짜증나게 군다 9,친구 여동생이 나한테만 짜증나게 군다,9,,- SL Comic,히라오카 히라,디앤씨미디어(주)(D&C미디어),2026-08,6300,,630,959,2026-09-04T09:18:57+09:00
400878277,오컬트 타임즈 1 (한정판),오컬트 타임즈,1,한정판,- 일반판 초판 부록 + 아코디언 일러스트 엽서 세트 + 시로&레이 아크릴 키링,Idonchi,서울미디어코믹스(서울문화사),2026-08,22500,,590,960,2026-09-04T09:18:57+09:00
398443139,데스 노트 Death Note 4,데스 노트 Death Note,4,,,오바 츠구미,대원씨아이(만화),2005-06,6300,,570,961,2026-09-04T09:18:57+09:00
400624765,장송의 프리렌 9,장송의 프리렌,9,,,야마다 카네히토,학산문화사(만화),2022-12,6300,,550,962,2026-09-04T09:18:57+09:00
400652954,영세 소녀의 싸우는 법 7,영세 소녀의 싸우는 법,7,,- 시프트코믹스,쿠즈시로,YNK MEDIA(만화),2026-08,5400,,440,963,2026-09-04T09:18:57+09:00
401131403,그리는 카마타 1,그리는 카마타,1,,,쿠사카베 유헤이,재담,2026-08,7200,,280,964,2026-09-04T09:18:57+09:00
401041304,언더독의 왕관 1,언더독의 왕관,1,,,시나치쿠,대원씨아이(만화),2026-08,6300,,280,965,2026-09-04T09:18:57+09:00
401420700,아마 그녀는 우리 형을 노리고 있을 거야 2,아마 그녀는 우리 형을 노리고 있을 거야,2,,,이세 마루노,서울미디어코믹스(서울문화사),2026-09,6300,,480,966,2026-09-04T09:18:57+09:00
401406768,눈물비와 세레나데 14,눈물비와 세레나데,14,,- 완결,카와치 하루카,삼양출판사(만화),2026-08,6300,,510,967,2026-09-04T09:18:57+09:00
286633169,여학교의 별 1,여학교의 별,1,,,와야마 야마,문학동네,2022-01,7650,9.4,17032,968,2026-09-04T09:18:57+09:00
293054296,여학교의 별 2,여학교의 별,2,,,와야마 야마,문학동네,2022-05,7650,9.8,16466,969,2026-09-04T09:18:57+09:00
269056986,"빠졌어, 너에게","빠졌어, 너에게",,,,와야마 야마,문학동네,2021-04,7650,9.6,15886,970,2026-09-04T09:18:57+09:00
316732827,여학교의 별 3,여학교의 별,3,,,와야마 야마,문학동네,2023-05,7650,9.8,14776,971,2026-09-04T09:18:57+09:00
280840739,주술회전 공식 팬북,주술회전 공식 팬북,,,,아쿠타미 게게,서울미디어코믹스(서울문화사),2021-10,9000,9.8,11411,972,2026-09-04T09:18:57+09:00
350054747,원피스 109,원피스,109,,- 네 편,오다 에이치로,대원씨아이(만화),2024-10,5400,9.9,11103,973,2026-09-04T09:18:57+09:00
361759377,팬텀 버스터즈 3,팬텀 버스터즈,3,,- S코믹스,네오쇼코,㈜소미미디어,2025-04,5400,9.6,10848,974,2026-09-04T09:18:57+09:00
363039652,원펀맨 One Punch Man 32,원펀맨 One Punch Man,32,,- 축복,ONE,대원씨아이(만화),2025-04,5400,10.0,10711,975,2026-09-04T09:18:57+09:00
344098053,체인소 맨 17,체인소 맨,17,,,후지모토 타츠키,학산문화사(만화),2024-08,5400,9.0,10618,976,2026-09-04T09:18:57+09:00
283685224,원피스 100,원피스,100,,- 패왕색,오다 에이치로,대원씨아이(만화),2021-11,4950,9.2,10127,977,2026-09-04T09:18:57+09:00
353133344,컬러 앤 라이트,컬러 앤 라이트,,,"- 사실적인 표현을 위한 빛과 색 그리는 법, 개정판",제임스 거니,잉크잼(잼스푼),2024-12,31500,10.0,9548,978,2026-09-04T09:18:57+09:00
309270127,후지모토 타츠키 단편집 22-26,후지모토 타츠키 단편집,22-26,,,후지모토 타츠키,학산문화사(만화),2023-01,5400,9.4,9610,979,2026-09-04T09:18:57+09:00
242242096,까면서 보는 해부학 만화,까면서 보는 해부학 만화,,,,압듈라,한빛비즈,2020-06,16650,9.3,9215,980,2026-09-04T09:18:57+09:00
378096466,팬텀 버스터즈 5,팬텀 버스터즈,5,,- 일반판,네오쇼코,㈜소미미디어,2025-11,5850,10.0,9125,981,2026-09-04T09:18:57+09:00
366527586,열혈강호 93,열혈강호,93,,,전극진,대원씨아이(만화),2025-06,4950,9.6,9113,982,2026-09-04T09:18:57+09:00
316987590,원피스 105,원피스,105,,- 루피의 꿈,오다 에이치로,대원씨아이(만화),2023-05,4950,8.9,8521,983,2026-09-04T09:18:57+09:00
397904785,보석함에 사랑을 채우자 1,보석함에 사랑을 채우자,1,,,미키모토 린,학산문화사(만화),2026-07,6300,9.5,8010,984,2026-09-04T09:18:57+09:00
338040640,사피엔스 : 그래픽 히스토리 Vol.3,사피엔스 : 그래픽 히스토리 Vol.3,,,- 역사의 배후,,김영사,2024-04,17820,9.5,8116,985,2026-09-04T09:18:57+09:00
291463925,원피스 101,원피스,101,,- 주연 등장,오다 에이치로,대원씨아이(만화),2022-03,4950,9.7,8070,986,2026-09-04T09:18:57+09:00
372510203,반딧불이의 혼례 8,반딧불이의 혼례,8,,,타치바나 오레코,서울미디어코믹스(서울문화사),2025-09,7650,9.8,7975,987,2026-09-04T09:18:57+09:00
369001873,파이브 스타 스토리 The Five Star Stories 18,파이브 스타 스토리 The Five Star Stories,18,,,나가노 마모루,서울미디어코믹스(서울문화사),2025-07,10800,9.3,7816,988,2026-09-04T09:18:57+09:00
244216165,마음을 사로잡는 만화 컷 분할 교실,마음을 사로잡는 만화 컷 분할 교실,,,,도쿄네임탱크,삼호미디어,2020-07,14400,9.4,7755,989,2026-09-04T09:18:57+09:00
365662113,나츠메 우인장 31,나츠메 우인장,31,,,미도리카와 유키,학산문화사(만화),2025-06,5400,9.4,7631,990,2026-09-04T09:18:57+09:00
379027062,나의 히어로 아카데미아 캐릭터 팬북 컴플리트 에디션,나의 히어로 아카데미아 캐릭터 팬북 컴플리트 에디션,,,,호리코시 코헤이,서울미디어코믹스(서울문화사),2025-11,28620,9.2,7603,991,2026-09-04T09:18:57+09:00
301706114,주술회전 0 : 외전,주술회전 0 : 외전,,,,아쿠타미 게게,서울미디어코믹스(서울문화사),2019-04,5400,8.7,7410,992,2026-09-04T09:18:57+09:00
338184397,던전밥 14,던전밥,14,,"- S코믹스, 완결",쿠이 료코,㈜소미미디어,2024-05,6300,9.8,7273,993,2026-09-04T09:18:57+09:00
395268985,괴수 8호 RELAX 4,괴수 8호 RELAX,4,,"- 초판 한정: 홀로그램 일러스트 카드, 방위대 4컷 포토카드",,서울미디어코믹스(서울문화사),2026-06,5400,8.0,7125,994,2026-09-04T09:18:57+09:00
294409871,귀멸의 칼날 21,귀멸의 칼날,21,,,고토게 코요하루,학산문화사(만화),2020-11,5400,10.0,7164,995,2026-09-04T09:18:57+09:00
399784385,별정직 공무원 5 (특별판),별정직 공무원,5,특별판,- 아크릴 누들 스토퍼 + 미니 포스터 5종 + 마우스패드 + 일러스트 포토 4종 + 특별판 박스 (상시 부록 '포토카드' 포함),서재원,학산문화사(만화),2026-08,38700,10.0,7190,996,2026-09-04T09:18:57+09:00
295225410,귀멸의 칼날 19,귀멸의 칼날,19,,,고토게 코요하루,학산문화사(만화),2020-07,5400,,6734,997,2026-09-04T09:18:57+09:00
301182588,주술회전 3,주술회전,3,,,아쿠타미 게게,서울미디어코믹스(서울문화사),2019-04,5400,,6523,998,2026-09-04T09:18:57+09:00
300409416,귀멸의 칼날 : 공식 팬북 귀살대 견문록 2,귀멸의 칼날 : 공식 팬북 귀살대 견문록,2,,,고토게 코요하루,학산문화사(만화),2022-08,8550,9.8,6575,999,2026-09-04T09:18:57+09:00
287304526,아름다운 초저녁달 1,아름다운 초저녁달,1,,,야마모리 미카,학산문화사(만화),2022-01,5400,9.5,6481,1000,2026-09-04T09:18:57+09:00
400315663,스파이 패밀리 17,스파이 패밀리,17,,,엔도 타츠야,학산문화사(만화),2026-08,5400,10.0,31950,1,2026-09-04T10:34:33+09:00
400736391,엄마가 도망갔다,엄마가 도망갔다,,,,소복이,나무의말,2026-09,17820,10.0,12020,2,2026-09-04T10:34:33+09:00
400365190,사카모토 데이즈 27 (더블 특전판),사카모토 데이즈,27,더블 특전판,"- 자긍심, 초판 한정 띠지 + 일러스트 포스트 카드 + 일러스트 레이어 카드",스즈키 유우토,대원씨아이(만화),2026-08,5850,10.0,31570,3,2026-09-04T10:34:33+09:00
400652795,스킵과 로퍼 12,스킵과 로퍼,12,,- 시프트코믹스,타카마츠 미사키,YNK MEDIA(만화),2026-08,5400,10.0,26850,4,2026-09-04T10:34:33+09:00
400710266,야마다 군과 Lv999의 사랑을 하다 8,야마다 군과 Lv999의 사랑을 하다,8,,"- 초판 한정 특전 : 띠지, 일러스트 카드, 폴라로이드 카드",마시로,디앤씨미디어(주)(D&C미디어),2026-09,7200,10.0,19240,5,2026-09-04T10:34:33+09:00
400917256,마남 이치 6 (트리플 특전판),마남 이치,6,트리플 특전판,- 아크릴 일러스트 카드 2종 + 홀로그램 일러스트 카드,유사자키 시로,서울미디어코믹스(서울문화사),2026-08,6300,10.0,14930,6,2026-09-04T10:34:33+09:00
400930743,아멜리아의 호기심 많은 로맨스 3,아멜리아의 호기심 많은 로맨스,3,,"- 루나 코믹스, 초판 한정 투명 pet 포토카드 1종, 양면 일러스트 카드 1종, PET 사원증 1종",코하쿠 요루,㈜소미미디어,2026-09,6300,10.0,14090,7,2026-09-04T10:34:33+09:00
400587114,봇치·더·록! 외전 히로이 키쿠리의 과음일기 6,봇치·더·록! 외전 히로이 키쿠리의 과음일기,6,,- 띠지 + 초판한정 일러스트 포토 카드 1종,쿠미쵸,대원씨아이(만화),2026-08,8100,,26980,8,2026-09-04T10:34:33+09:00
399974125,타몬 군 지금 어느 쪽?! 13 (한정판),타몬 군 지금 어느 쪽?!,13,한정판,- 후쿠하라 타몬 2nd 사진집 + 후쿠하라 타몬 사인 포토카드 + 일러스트 카드,시와스 유키,학산문화사(만화),2026-08,12600,10.0,20680,9,2026-09-04T10:34:33+09:00
397412056,책이라면 팔 만큼 1,책이라면 팔 만큼,1,,,코지마 아오,미우(대원씨아이),2026-07,11700,9.6,25410,10,2026-09-04T10:34:33+09:00
399539936,명탐정 코난 108,명탐정 코난,108,,,아오야마 고쇼,서울미디어코믹스(서울문화사),2026-07,5400,9.8,23510,11,2026-09-04T10:34:33+09:00
400710167,야마다 군과 Lv999의 사랑을 하다 8 (특별판),야마다 군과 Lv999의 사랑을 하다,8,특별판,"- 특별판 한정 특전 : 일반판 초판 특전, 틴케이스, 특별판 한정 엽서 4종 세트, 키캡 키링",마시로,디앤씨미디어(주)(D&C미디어),2026-09,23400,10.0,19690,12,2026-09-04T10:34:33+09:00
401406764,어제 뭐 먹었어? 25,어제 뭐 먹었어?,25,,,요시나가 후미,삼양출판사(만화),2026-08,5400,,9210,13,2026-09-04T10:34:33+09:00
400909479,킹덤 Kingdom 78,킹덤 Kingdom,78,,,하라 야스히사,대원씨아이(만화),2026-08,5400,,8210,14,2026-09-04T10:34:33+09:00
401063905,블리치 리믹스 17,블리치 리믹스,17,,,쿠보 타이토,서울미디어코믹스(서울문화사),2026-08,10800,,10100,15,2026-09-04T10:34:33+09:00
400246381,황천의 츠가이 12 (더블특전판),황천의 츠가이,12,더블특전판,- 초판한정 : 일러스트 포스트카드 1종 + 일러스트 pp카드 1종,아라카와 히로무,대원씨아이(만화),2026-08,5850,10.0,14720,16,2026-09-04T10:34:33+09:00
391764120,포켓몬 생태도감,포켓몬 생태도감,,,,주식회사 포켓몬,대원씨아이(단행본),2026-04,13500,10.0,71159,17,2026-09-04T10:34:33+09:00
400544318,마법소녀를 동경해서 7 (더블특전판),마법소녀를 동경해서,7,더블특전판,- 띠지 + 초판한정 일러스트 카드 1종 + 더블특전 SD 스티커,오노나카 아키히로,대원씨아이(만화),2026-08,6750,,11330,18,2026-09-04T10:34:33+09:00
401063751,요괴소년 호야 완전판 4,요괴소년 호야 완전판,4,,,후지타 카즈히로,서울미디어코믹스(서울문화사),2026-08,14400,,4980,19,2026-09-04T10:34:33+09:00
400714329,패배 히로인이 너무 많아! 8.5,패배 히로인이 너무 많아! 8.5,,,"- Novel Engine, 초판한정 특별부록 : 띠지 + 일러스트 카드",아마모리 타키비,데이즈엔터(주),2026-09,7200,,10870,20,2026-09-04T10:34:33+09:00
400713407,이세계 삼촌 14,이세계 삼촌,14,,"- 픽시하우스, 초판한정 특별부록 : 일러스트 카드 + 띠지",호톤도신데이루,데이즈엔터(주),2026-09,7200,,7210,21,2026-09-04T10:34:33+09:00
395946461,원피스 114,원피스,114,,- 초판한정 띠지 + 일러스트 카드 1종,오다 에이치로,대원씨아이(만화),2026-06,5850,10.0,42585,22,2026-09-04T10:34:33+09:00
400315752,디그 잇 3 (더블특전판),디그 잇,3,더블특전판,- 수량 한정 더블 특전 : 비주얼 보드 + 스포츠 선수 카드,Yoshidamaru,학산문화사(만화),2026-08,6300,,16460,23,2026-09-04T10:34:33+09:00
401049295,야화첩 9,야화첩,9,,"- 초판 한정: 띠지, 포토카드 2종",변덕,레진코믹스(레진엔터테인먼트),2026-08,14400,,4690,24,2026-09-04T10:34:33+09:00
396103290,패밀리 레스토랑 가자. 下,패밀리 레스토랑 가자. 下,,,- 완결,와야마 야마,문학동네,2026-06,7650,9.8,61490,25,2026-09-04T10:34:33+09:00
401047773,야화첩 8,야화첩,8,,"- 초판 한정: 띠지, 포토카드 1종, PET 책갈피 1종",변덕,레진코믹스(레진엔터테인먼트),2026-08,14400,,4600,26,2026-09-04T10:34:33+09:00
400547759,모모세 아키라의 첫사랑 파탄 중 6 (트리플 특전판),모모세 아키라의 첫사랑 파탄 중,6,트리플 특전판,- 스페셜 아크릴 일러스트 카드 1종 + 양면 일러스트 카드 2종,하레카와 신타,서울미디어코믹스(서울문화사),2026-08,6750,10.0,12070,27,2026-09-04T10:34:33+09:00
395945176,나츠메 우인장 32,나츠메 우인장,32,,,미도리카와 유키,학산문화사(만화),2026-06,5400,8.4,12480,28,2026-09-04T10:34:33+09:00
399973794,봄의 폭풍과 몬스터 9,봄의 폭풍과 몬스터,9,,,미츠바치 미유키,학산문화사(만화),2026-08,6300,10.0,15050,29,2026-09-04T10:34:33+09:00
400980916,꿈인지 생시인지 4,꿈인지 생시인지,4,,,사키사카 이오,대원씨아이(만화),2026-08,5850,,5170,30,2026-09-04T10:34:33+09:00
400977703,나의 첫 섹파 2,나의 첫 섹파,2,,,유리카와,재담,2026-08,6300,,5490,31,2026-09-04T10:34:33+09:00
398738362,헬싱 한정판 1~5 세트 - 전5권,헬싱 한정판 1~5 세트 - 전5권,,,,히라노 코우타,AK(에이케이)커뮤니케이션즈,2026-08,67500,9.9,16815,32,2026-09-04T10:34:33+09:00
399973871,옆자리 녀석이 그런 눈으로 쳐다본다 4 (더블특전판),옆자리 녀석이 그런 눈으로 쳐다본다,4,더블특전판,- 수량 한정 더블 특전 : 폴라로이드 에구치 ANGEL Ver + 이케자와 DEVIL Ver,mmk,학산문화사(만화),2026-08,6300,,10100,33,2026-09-04T10:34:33+09:00
400586243,단다단 21,단다단,21,,,타츠 유키노부,대원씨아이(만화),2026-08,5400,10.0,9330,34,2026-09-04T10:34:33+09:00
394695719,옆자리 녀석이 그런 눈으로 쳐다본다 3 (더블특전판),옆자리 녀석이 그런 눈으로 쳐다본다,3,더블특전판,- 수량 한정 더블 특전: 포토카드 + 증명사진,mmk,학산문화사(만화),2026-06,6300,9.5,7670,35,2026-09-04T10:34:33+09:00
401247590,"달은 차고 이지러져, 짐승의 사랑 신장판 (특장판)","달은 차고 이지러져, 짐승의 사랑 신장판",,특장판,"- 작가님 사인 아크릴 카드 + 일러스트 카드 2종 + 이중 커버, 라르고 맥스 Largo Max",노지로 구리,조은세상(북두),2026-09,11700,10.0,3550,36,2026-09-04T10:34:33+09:00
399925336,팬텀 버스터즈 7,팬텀 버스터즈,7,,- S코믹스,네오쇼코,㈜소미미디어,2026-08,5850,10.0,17440,37,2026-09-04T10:34:33+09:00
395510885,슈퍼 뒤에서 담배 피우는 두 사람 8,슈퍼 뒤에서 담배 피우는 두 사람,8,,- SL Comic,지누시,디앤씨미디어(주)(D&C미디어),2026-06,6300,9.9,12455,38,2026-09-04T10:34:33+09:00
400708725,3월의 벽력 2,3월의 벽력,2,,,이케 준코,대원씨아이(만화),2026-08,5400,,7190,39,2026-09-04T10:34:33+09:00
401009364,소드 아트 온라인 29,소드 아트 온라인,29,,- J Novel,카와하라 레키,서울문화사,2026-08,7200,,5200,40,2026-09-04T10:34:33+09:00
401041190,참을 수 없는 건 사랑인 걸까 6,참을 수 없는 건 사랑인 걸까,6,,,소라하나 미아,대원씨아이(만화),2026-08,5850,,3100,41,2026-09-04T10:34:33+09:00
401131950,패배 히로인이 너무 많아! @comic 5,패배 히로인이 너무 많아! @comic,5,,,이타치,재담,2026-08,6300,,2930,42,2026-09-04T10:34:33+09:00
400707875,언니의 미도리 군 9,언니의 미도리 군,9,,,메구로 아무,대원씨아이(만화),2026-08,4950,,6130,43,2026-09-04T10:34:33+09:00
401372461,악마에 입문했습니다! 이루마 군 48,악마에 입문했습니다! 이루마 군,48,,,니시 오사무,서울미디어코믹스(서울문화사),2026-09,5850,,4210,44,2026-09-04T10:34:33+09:00
400930547,Myther 3,Myther,3,,- S코믹스,야츠다 테키,㈜소미미디어,2026-09,7200,,3790,45,2026-09-04T10:34:33+09:00
396141385,사카모토 데이즈 26 (더블 특전판),사카모토 데이즈,26,더블 특전판,- 원정 / 띠지 + 일러스트 포스트 카드 + 사카모토 상점 양면 어나더커버,스즈키 유우토,대원씨아이(만화),2026-06,5850,9.2,23005,46,2026-09-04T10:34:33+09:00
399975177,GACHIAKUTA 18,GACHIAKUTA,18,,,케이 우라나,학산문화사(만화),2026-08,6300,,8570,47,2026-09-04T10:34:33+09:00
400980854,현시연 신장판 1,현시연 신장판,1,,,키오 시모쿠,대원씨아이(만화),2026-08,13500,10.0,3400,48,2026-09-04T10:34:33+09:00
401372500,아케비의 세일러복 16,아케비의 세일러복,16,,,히로,서울미디어코믹스(서울문화사),2026-09,7650,10.0,3550,49,2026-09-04T10:34:33+09:00
400328644,요리 군과 다시 만날 수는 없어! 2,요리 군과 다시 만날 수는 없어!,2,,"- 초판 한정 특전 : 일러스트 카드, 접이식 아크릴 스탠드",Sumio Hataya,서울미디어코믹스(서울문화사),2026-08,5850,10.0,9310,50,2026-09-04T10:34:33+09:00
400652816,블루 피리어드 7 (더블 특전판),블루 피리어드,7,더블 특전판,"- 초판 한정 일러스트 카드 1종 + 박티켓 책갈피 1종, 시프트코믹스",야마구치 츠바사,YNK MEDIA(만화),2026-08,5400,,4390,51,2026-09-04T10:34:33+09:00
400707954,블루 자이언트 모멘텀 7,블루 자이언트 모멘텀,7,,,이시즈카 신이치,대원씨아이(만화),2026-08,5850,,4560,52,2026-09-04T10:34:33+09:00
398419129,황천의 츠가이 11 (더블특전판),황천의 츠가이,11,더블특전판,,아라카와 히로무,대원씨아이(만화),2026-07,5850,9.8,11305,53,2026-09-04T10:34:33+09:00
400594188,노아 선배는 친구 10,노아 선배는 친구,10,,,아키야마 엔마,서울미디어코믹스(서울문화사),2026-08,5850,,6550,54,2026-09-04T10:34:33+09:00
400365247,이거 그리고 죽어 8,이거 그리고 죽어,8,,- 초판 한정 : 띠지 + 일러스트 엽서 1종,토요다 미노루,대원씨아이(만화),2026-08,5400,10.0,5040,55,2026-09-04T10:34:33+09:00
401041191,너를 잊을 사랑이 하고 싶어 7,너를 잊을 사랑이 하고 싶어,7,,,유우키 하루,대원씨아이(만화),2026-08,5850,,3040,56,2026-09-04T10:34:33+09:00
236826464,소년과 두더지와 여우와 말,소년과 두더지와 여우와 말,,,,찰리 맥커시,상상의힘,2020-04,19800,9.5,60776,57,2026-09-04T10:34:33+09:00
399974190,타몬 군 지금 어느 쪽?! 13,타몬 군 지금 어느 쪽?!,13,,- 수량 한정 특전 : 일러스트 카드,시와스 유키,학산문화사(만화),2026-08,6300,10.0,6140,58,2026-09-04T10:34:33+09:00
398309482,요리 군과 다시 만날 수는 없어! 1,요리 군과 다시 만날 수는 없어!,1,,"- 초판 한정 특전 : 양면 일러스트 카드, 접이식 아크릴 스탠드",Sumio Hataya,서울미디어코믹스(서울문화사),2026-07,5850,10.0,10040,59,2026-09-04T10:34:33+09:00
389928857,옆자리 녀석이 그런 눈으로 쳐다본다 2,옆자리 녀석이 그런 눈으로 쳐다본다,2,,,mmk,학산문화사(만화),2026-04,6300,10.0,6486,60,2026-09-04T10:34:33+09:00
400545480,전지적 독자 시점 20,전지적 독자 시점,20,,- 초판 한정 캐릭터 카드 1종 + 특전 엽서 1종,슬리피-C,에이템포미디어,2026-08,14850,,7520,61,2026-09-04T10:34:33+09:00
400856630,나나 NANA 완전판 12,나나 NANA 완전판,12,,"- 초판 한정 PP엽서 1종, 포토카드 1종",야자와 아이,학산문화사(만화),2026-08,10800,,4560,62,2026-09-04T10:34:33+09:00
396452830,원펀맨 One Punch Man 35,원펀맨 One Punch Man,35,,- 만나서는 안 될 녀석,ONE,대원씨아이(만화),2026-06,5400,9.5,16115,63,2026-09-04T10:34:33+09:00
400594291,유치원WARS 17,유치원WARS,17,,"- 초판특전: 아크릴 일러스트 카드, 더그 일러스트 카드",You Chiba,서울미디어코믹스(서울문화사),2026-08,5400,10.0,5600,64,2026-09-04T10:34:33+09:00
400707805,담배 고양이 6,담배 고양이,6,,,냥냥 팩토리,대원씨아이(만화),2026-08,5400,,4720,65,2026-09-04T10:34:33+09:00
400930515,뒤에 있는 카무이 씨 1,뒤에 있는 카무이 씨,1,,- S코믹스 Red,코노시로 신코,㈜소미미디어,2026-09,6300,,2650,66,2026-09-04T10:34:33+09:00
395444608,장송의 프리렌 15,장송의 프리렌,15,,,야마다 카네히토,학산문화사(만화),2026-06,6300,9.7,15295,67,2026-09-04T10:34:33+09:00
399974955,GACHIAKUTA 18 (한정판),GACHIAKUTA,18,한정판,"- 아크릴 디오라마 + 빅스티커 SET(5매) + 스페셜 비주얼 보드, 포토카드SET(4매) + 일러스트 카드(일반판 부록과 동일) + 아웃박스",케이 우라나,학산문화사(만화),2026-08,39600,,9810,68,2026-09-04T10:34:33+09:00
400922115,순정 갸루는 여친은 아니지만,순정 갸루는 여친은 아니지만,,,- S 블랙,미우라 미우,㈜소미미디어,2026-09,9000,,4030,69,2026-09-04T10:34:33+09:00
400544538,비실비실 선생님 16,비실비실 선생님,16,,- 띠지 + 초판한정 일러스트 폴라로이드 카드 1종,후쿠치 카미오,대원씨아이(만화),2026-08,5850,10.0,9360,70,2026-09-04T10:34:33+09:00
400921125,사망 엔딩에서 벗어난 미연시의 히로인들이 내 【일기장】을 읽고 비밀을 알아챈 듯하다 1,사망 엔딩에서 벗어난 미연시의 히로인들이 내 【일기장】을 읽고 비밀을 알아챈 듯하다,1,,- S Novel,addict,㈜소미미디어,2026-09,7650,,3870,71,2026-09-04T10:34:33+09:00
388083662,슈퍼 뒤에서 담배 피우는 두 사람 7,슈퍼 뒤에서 담배 피우는 두 사람,7,,- SL Comic,지누시,디앤씨미디어(주)(D&C미디어),2026-03,5850,9.3,11921,72,2026-09-04T10:34:33+09:00
352187592,슈퍼 뒤에서 담배 피우는 두 사람 4,슈퍼 뒤에서 담배 피우는 두 사람,4,,- SL Comic,지누시,디앤씨미디어(주)(D&C미디어),2024-11,5400,9.8,10452,73,2026-09-04T10:34:33+09:00
399782162,흑집사 35,흑집사,35,,,토보소 야나,학산문화사(만화),2026-08,5400,,9100,74,2026-09-04T10:34:33+09:00
400647778,이토준지 자선 걸작집 Dark Colors,이토준지 자선 걸작집 Dark Colors,,,,이토 준지,미우(대원씨아이),2026-08,17100,5.0,5340,75,2026-09-04T10:34:33+09:00
400910174,이력서 3,이력서,3,,,유월,블루픽,2026-08,14220,10.0,4070,76,2026-09-04T10:34:33+09:00
400653146,세금으로 산 책 3,세금으로 산 책,3,,- 시프트코믹스,케이야마 케이,YNK MEDIA(만화),2026-08,5850,,3240,77,2026-09-04T10:34:33+09:00
399583956,명탐정 코난 108 (특장판),명탐정 코난,108,특장판,- 극장판 [하이웨이의 타천사] 티저 일러스트 아크릴 스탠드 + 어나더 커버 + 트레이딩 그래픽 컬렉션 카드 8종 중 랜덤 4종,아오야마 고쇼,서울미디어코믹스(서울문화사),2026-07,19800,10.0,16455,78,2026-09-04T10:34:33+09:00
369848536,슈퍼 뒤에서 담배 피우는 두 사람 6,슈퍼 뒤에서 담배 피우는 두 사람,6,,- SL Comic,지누시,디앤씨미디어(주)(D&C미디어),2025-08,5850,10.0,10616,79,2026-09-04T10:34:33+09:00
400662227,첫사랑은 나의 오빠 2,첫사랑은 나의 오빠,2,,,카스미 유코,서울미디어코믹스(서울문화사),2026-08,5850,,4320,80,2026-09-04T10:34:33+09:00
290886787,룩 백,룩 백,,,,후지모토 타츠키,학산문화사(만화),2022-03,5400,9.5,35610,81,2026-09-04T10:34:33+09:00
393769452,불가항력의 I LOVE YOU 8,불가항력의 I LOVE YOU,8,,- 초판특전 : 포토카드 3종 세트,호시노 미즈키,서울미디어코믹스(서울문화사),2026-05,5400,9.7,18325,82,2026-09-04T10:34:33+09:00
290092090,아이다이로 화집 지박소년 하나코 군,아이다이로 화집 지박소년 하나코 군,,,,아이다이로,서울미디어코믹스(서울문화사),2022-03,16200,10.0,4608,83,2026-09-04T10:34:33+09:00
400647677,아이돌라트리 1,아이돌라트리,1,,- 초판 한정 띠지 + 일러스트 pet 카드 1종,호마레,대원씨아이(만화),2026-08,6300,,3660,84,2026-09-04T10:34:33+09:00
400653323,세금으로 산 책 4,세금으로 산 책,4,,- 시프트코믹스,케이야마 케이,YNK MEDIA(만화),2026-08,5850,,3070,85,2026-09-04T10:34:33+09:00
400707957,여우 우리군 1 (특장판),여우 우리군,1,특장판,"- B愛 341, 일러스트 카드 5종(초회 한정 일러스트 카드 1종 포함) + 클리어 스탠드 + 스티커 + 폴라로이드형 포토카드 + 어나더 커버 + 별도 박스 포장",네아,대원씨아이(만화),2026-08,16200,10.0,3470,86,2026-09-04T10:34:33+09:00
400909443,창천항로 애장판 4,창천항로 애장판,4,,,킹곤타,대원씨아이(만화),2026-08,16200,,3710,87,2026-09-04T10:34:33+09:00
401009459,유감스러운 사랑의 주인공들 1,유감스러운 사랑의 주인공들,1,,,아와이 키사키,서울미디어코믹스(서울문화사),2026-08,5850,10.0,2390,88,2026-09-04T10:34:33+09:00
401097577,"다른 학교 얼음공주를 구했더니, 친구부터 시작하게 되었습니다 2","다른 학교 얼음공주를 구했더니, 친구부터 시작하게 되었습니다",2,,,사츠키 히류,오팬스노벨,2026-08,7650,,2550,89,2026-09-04T10:34:33+09:00
360200073,슈퍼 뒤에서 담배 피우는 두 사람 5,슈퍼 뒤에서 담배 피우는 두 사람,5,,- SL Comic,지누시,디앤씨미디어(주)(D&C미디어),2025-03,5850,9.4,11565,90,2026-09-04T10:34:33+09:00
384420875,원피스 113,원피스,113,,- 로키탄생,오다 에이치로,대원씨아이(만화),2026-01,5850,9.9,24648,91,2026-09-04T10:34:33+09:00
320428870,슈퍼 뒤에서 담배 피우는 두 사람 1,슈퍼 뒤에서 담배 피우는 두 사람,1,,- SL Comic,지누시,디앤씨미디어(주)(D&C미디어),2023-07,5400,9.3,9927,92,2026-09-04T10:34:33+09:00
400647796,이토준지 자선 걸작집 왜곡,이토준지 자선 걸작집 왜곡,,,,이토 준지,미우(대원씨아이),2026-08,14400,4.7,3990,93,2026-09-04T10:34:33+09:00
309059685,판타지 배색 아이디어 사전,판타지 배색 아이디어 사전,,,- 세계관을 창조하는,사쿠라이 테루코,한즈미디어(한스미디어),2023-01,5630,10.0,4974,94,2026-09-04T10:34:33+09:00
400878309,온통 여우 1,온통 여우,1,,- 초판 한정 특전 : 일러스트 카드 2종,Ayami Morinaga,서울미디어코믹스(서울문화사),2026-08,6750,10.0,2460,95,2026-09-04T10:34:33+09:00
401247989,독점 마이 히어로 15,독점 마이 히어로,15,,- 코믹 라르고 Comic Largo,아리이 메메코,조은세상(북두),2026-09,5400,,1630,96,2026-09-04T10:34:33+09:00
399580240,엄마를 만나러 가는 길 3,엄마를 만나러 가는 길,3,,- 초판 한정 부록: 포토카드 2장 + 작가님 친필사인 면지 인쇄본,고먕,네이버웹툰,2026-10,16020,,8105,97,2026-09-04T10:34:33+09:00
400543400,그랑블루 26,그랑블루,26,,,요시오카 키미타게,대원씨아이(만화),2026-08,4950,,3100,98,2026-09-04T10:34:33+09:00
401345122,환생했는데 제7왕자라 내맘대로 마술을 연마합니다 22,환생했는데 제7왕자라 내맘대로 마술을 연마합니다,22,,,코쿠자와 요스케,학산문화사(만화),2026-09,5400,,1930,99,2026-09-04T10:34:33+09:00
390779612,야마다 군과 Lv999의 사랑을 하다 7,야마다 군과 Lv999의 사랑을 하다,7,,,마시로,디앤씨미디어(주)(D&C미디어),2026-04,7200,10.0,13576,100,2026-09-04T10:34:33+09:00
395840340,마남 이치 5 (트리플 특전판),마남 이치,5,트리플 특전판,- 홀로그램 일러스트 카드 2종 + 캐릭터 일러스트 카드,유사자키 시로,서울미디어코믹스(서울문화사),2026-06,6300,9.5,12515,101,2026-09-04T10:34:33+09:00
397904178,새벽의 연화 47,새벽의 연화,47,,,미즈호 쿠사나기,학산문화사(만화),2026-07,5400,,5875,102,2026-09-04T10:34:33+09:00
399290739,메이드 인 어비스 14,메이드 인 어비스,14,,,츠쿠시 아키히토,미우(대원씨아이),2026-07,7200,,5810,103,2026-09-04T10:34:33+09:00
396819581,나의 첫 섹파 1,나의 첫 섹파,1,,- 초회 수량한정 특장판 구성 (수량 소진 시 종료),유리카와,재담,2026-06,6300,,4495,104,2026-09-04T10:34:33+09:00
298959168,아이다이로 화집 지박소년 하나코 군 2,아이다이로 화집 지박소년 하나코 군,2,,,아이다이로,서울미디어코믹스(서울문화사),2022-08,16200,,3721,105,2026-09-04T10:34:33+09:00
400340156,마끼아또의 일러스트 레벨업 테크닉,마끼아또의 일러스트 레벨업 테크닉,,,- 초보가 가장 많이 막히는 고민 해결집,마끼아또,AK(에이케이)커뮤니케이션즈,2026-08,19800,10.0,2130,106,2026-09-04T10:34:33+09:00
400981192,엇갈리는 중앙감정선,엇갈리는 중앙감정선,,,- 시무라 타카코 단편집,시무라 타카코,문학동네,2026-08,9000,,1800,107,2026-09-04T10:34:33+09:00
401097694,피가 이어지지 않은 우리가 가족이 되는 단 하나의 방법 1,피가 이어지지 않은 우리가 가족이 되는 단 하나의 방법,1,,,히바리유,오팬스노벨,2026-08,7650,,2170,108,2026-09-04T10:34:33+09:00
398736065,너와 장밋빛 매일 3 (트리플 특전판),너와 장밋빛 매일,3,트리플 특전판,- 초판 한정 트리플 특전: 아크릴 일러스트 카드 + 일러스트 카드 + 폴라로이드 카드,히로 치히로,서울미디어코믹스(서울문화사),2026-07,5400,10.0,24235,109,2026-09-04T10:34:33+09:00
366362146,엄마를 만나러 가는 길 1,엄마를 만나러 가는 길,1,,,고먕,네이버웹툰,2025-08,16020,10.0,15658,110,2026-09-04T10:34:33+09:00
394124358,캐릭캐릭 체인지! Jewel Joker 주얼 조커 3,캐릭캐릭 체인지! Jewel Joker 주얼 조커,3,,- 초판 특전: 아르카나 학원 아크릴 일러스트 카드,PEACH-PIT,서울미디어코믹스(서울문화사),2026-05,5850,10.0,12920,111,2026-09-04T10:34:33+09:00
396369059,향기로운 꽃은 늠름하게 핀다 21,향기로운 꽃은 늠름하게 핀다,21,,- 띠지 + 초판한정 일러스트 엽서 1종,미카미 사카,대원씨아이(만화),2026-06,6300,,12575,112,2026-09-04T10:34:33+09:00
324439898,슈퍼 뒤에서 담배 피우는 두 사람 2,슈퍼 뒤에서 담배 피우는 두 사람,2,,- SL Comic,지누시,디앤씨미디어(주)(D&C미디어),2023-09,5400,9.4,8994,113,2026-09-04T10:34:33+09:00
336001751,슈퍼 뒤에서 담배 피우는 두 사람 3,슈퍼 뒤에서 담배 피우는 두 사람,3,,- SL Comic,지누시,디앤씨미디어(주)(D&C미디어),2024-03,5400,9.8,8608,114,2026-09-04T10:34:33+09:00
401325991,도원암귀 26,도원암귀,26,,- S코믹스,우루시바라 유라,㈜소미미디어,2026-09,6300,,1860,115,2026-09-04T10:34:33+09:00
388016420,스파이 패밀리 16,스파이 패밀리,16,,,엔도 타츠야,학산문화사(만화),2026-03,5400,9.7,21161,116,2026-09-04T10:34:33+09:00
397284418,슈퍼 러버즈 19,슈퍼 러버즈,19,,,아베 미유키,서울미디어코믹스(서울문화사),2026-07,5400,10.0,8350,117,2026-09-04T10:34:33+09:00
399580402,엄마를 만나러 가는 길 4,엄마를 만나러 가는 길,4,,- 초판 한정 부록: 포토카드 2장 + 작가님 친필사인 면지 인쇄본,고먕,네이버웹툰,2026-10,16020,,7570,118,2026-09-04T10:34:33+09:00
398728364,마법소녀를 동경해서 6 (더블특전판),마법소녀를 동경해서,6,더블특전판,- 초판한정 : 일러스트 카드 1종 + SD 스티커 1종,오노나카 아키히로,대원씨아이(만화),2026-07,6750,,8120,119,2026-09-04T10:34:33+09:00
393809247,사피엔스 : 그래픽 히스토리 Vol.4,사피엔스 : 그래픽 히스토리 Vol.4,,,- 혁명의 시대,,김영사,2026-05,17820,,7755,120,2026-09-04T10:34:33+09:00
396653507,마루는 강쥐 9,마루는 강쥐,9,,- 초판 한정 작가 친필 사인 인쇄본 + 초판 한정 표지 일러스트 엽서,모죠,문페이스,2026-08,14400,,6335,121,2026-09-04T10:34:33+09:00
400668931,커다란 네가 제일 귀여워 (한정판),커다란 네가 제일 귀여워,,한정판,"- 일러스트 메모패드, 작가님 사인 포토카드 2종, 빅 클리어 카드 2종, 일러스트 카드, 라르고 맥스 Largo Max",유키하루,조은세상(북두),2026-08,9900,10.0,2880,122,2026-09-04T10:34:33+09:00
401345344,스물과 성수 7,스물과 성수,7,,- 완결,소라가미 세이,학산문화사(만화),2026-09,5400,10.0,1760,123,2026-09-04T10:34:33+09:00
398869483,홀로서기 마왕성 12,홀로서기 마왕성,12,,,모리시타 마코토,대원씨아이(만화),2026-07,5400,9.3,995,124,2026-09-04T10:34:33+09:00
398962987,주술회전 모듈로 1,주술회전 모듈로,1,,- 특급 사안 /초판 한정 캐릭터 일러스트 카드 3종 + 선착순 한정 포토카드 1종,Yuji Iwasaki,서울미디어코믹스(서울문화사),2026-07,6300,9.0,25260,125,2026-09-04T10:34:33+09:00
393688901,카구라바치 10 (트리플특전판),카구라바치,10,트리플특전판,- 초판한정 일러스트 시네마티켓 + 애니메이션 KV카드 + 검사들 일러스트카드,호카조노 타케루,대원씨아이(만화),2026-05,5850,9.8,19145,126,2026-09-04T10:34:33+09:00
349202721,일러스트레이터를 위한 색과 빛 마스터 가이드북 : COLOR & LIGHT,일러스트레이터를 위한 색과 빛 마스터 가이드북 : COLOR & LIGHT,,,,3D토털 퍼블리싱,영진.com(영진닷컴),2024-10,28800,10.0,11312,127,2026-09-04T10:34:33+09:00
400150223,남편을 내 편으로 만드는 방법 5 (한정판),남편을 내 편으로 만드는 방법,5,한정판,- 단행본 + 학생 AU 아크릴 스탠드 + 떡메모지 + 파노라마 미니 포스터 4종 + 트레이딩 카드 9종 + 이스케&루비 엽서 4종 + 초판 한정 부록 엽서,시루,캐롯툰,2026-10,35820,,8010,128,2026-09-04T10:34:33+09:00
400245347,버서스 6,버서스,6,,,아즈마 쿄타로,학산문화사(만화),2026-08,5400,,4130,129,2026-09-04T10:34:33+09:00
400229048,사토 씨의 친구,사토 씨의 친구,,,,마스다 미리,이봄,2026-08,13500,9.0,3870,130,2026-09-04T10:34:33+09:00
401042641,고랭순대 작품집 7,고랭순대 작품집,7,,,고랭순대,대원씨아이(만화),2026-08,13500,,1320,131,2026-09-04T10:34:33+09:00
337054427,패밀리 레스토랑 가자. 上,패밀리 레스토랑 가자. 上,,,,와야마 야마,문학동네,2024-04,7650,9.7,31346,132,2026-09-04T10:34:33+09:00
392518962,체인소 맨 23,체인소 맨,23,,,후지모토 타츠키,학산문화사(만화),2026-05,5400,9.1,16280,133,2026-09-04T10:34:33+09:00
397047378,반딧불이의 혼례 11,반딧불이의 혼례,11,,,타치바나 오레코,서울미디어코믹스(서울문화사),2026-06,7650,10.0,10860,134,2026-09-04T10:34:33+09:00
392518608,봄의 폭풍과 몬스터 8,봄의 폭풍과 몬스터,8,,,미츠바치 미유키,학산문화사(만화),2026-05,5400,9.6,10910,135,2026-09-04T10:34:33+09:00
398867421,찍히지 않습니다 7,찍히지 않습니다,7,,"- S코믹스 /초판 한정 일러스트 카드, 폴라로이드 사진풍 카드 2종",코노시마 루카,㈜소미미디어,2026-08,6300,10.0,9920,136,2026-09-04T10:34:33+09:00
399782210,운명의 사람을 만나는 이야기 8,운명의 사람을 만나는 이야기,8,,,아나신,학산문화사(만화),2026-08,5400,10.0,7835,137,2026-09-04T10:34:33+09:00
400246321,황천의 츠가이 12 (특별판),황천의 츠가이,12,특별판,- 초판부록 2종 + 패키지 박스 + 운명의 쌍둥이 아크릴 스탠드 1종 + 가브리엘 아크릴 참 키링 1종+ 시그니처 포토카드 1종 + 빅 캔배지 1종 + 홀로그램 카드 2종,아라카와 히로무,대원씨아이(만화),2026-08,25650,,4850,138,2026-09-04T10:34:33+09:00
400708280,발화 2,발화,2,,- 초판1쇄 한정 포토카드 2종,영재영,레진코믹스(레진엔터테인먼트),2026-08,15300,10.0,2730,139,2026-09-04T10:34:33+09:00
400707990,여우 우리군 1,여우 우리군,1,,- B愛 341,네아,대원씨아이(만화),2026-08,6300,,2180,140,2026-09-04T10:34:33+09:00
366362586,엄마를 만나러 가는 길 2,엄마를 만나러 가는 길,2,,,고먕,네이버웹툰,2025-08,16020,10.0,14933,141,2026-09-04T10:34:33+09:00
390778469,원펀맨 One Punch Man 34,원펀맨 One Punch Man,34,,- 여명,ONE,대원씨아이(만화),2026-04,5400,9.2,13633,142,2026-09-04T10:34:33+09:00
390776539,3월의 라이온 18,3월의 라이온,18,,,우미노 치카,시리얼(학산문화사),2026-04,7200,10.0,10894,143,2026-09-04T10:34:33+09:00
322919098,향기로운 꽃은 늠름하게 핀다 1,향기로운 꽃은 늠름하게 핀다,1,,,미카미 사카,대원씨아이(만화),2023-08,5400,9.7,9777,144,2026-09-04T10:34:33+09:00
400157314,2120,2120,,,,조지 와일솔,프시케의숲,2026-08,27000,10.0,3140,145,2026-09-04T10:34:33+09:00
398285038,포켓몬스터 스페셜 63,포켓몬스터 스페셜,63,,,쿠사카 히데노리,대원씨아이(만화),2026-07,4950,,2815,146,2026-09-04T10:34:33+09:00
399465061,신석기 시대부터 AI 시대까지 만화로 꿰뚫는 경제사,신석기 시대부터 AI 시대까지 만화로 꿰뚫는 경제사,,,- 물질적 풍요는 우리를 행복하게 만들었을까,,클,2026-08,19800,10.0,2075,147,2026-09-04T10:34:33+09:00
401041186,너를 잊을 사랑이 하고 싶어 7 (특장판),너를 잊을 사랑이 하고 싶어,7,특장판,- 단행본 + 피크 키링 + 어나더 커버 + 일러스트 카드 2종 + 포토카드 2종 + 별도 박스 포장,유우키 하루,대원씨아이(만화),2026-08,19800,10.0,1300,148,2026-09-04T10:34:33+09:00
401345052,사랑이 없으면 아이돌은 할 수 없어 4,사랑이 없으면 아이돌은 할 수 없어,4,,,키타가와 유카,학산문화사(만화),2026-09,6300,,1550,149,2026-09-04T10:34:33+09:00
401344866,더 화이팅 신장재편판 56,더 화이팅 신장재편판,56,,"- 수량 한정 특전 : PP 카드, 띠지",모리카와 조지,학산문화사(만화),2026-09,10800,,1420,150,2026-09-04T10:34:33+09:00
401345465,CAT'S EYE 캣츠 아이 완전판 12,CAT'S EYE 캣츠 아이 완전판,12,,,호조 츠카사,학산문화사(만화),2026-09,9000,,1450,151,2026-09-04T10:34:33+09:00
373383665,언제나 기억해,언제나 기억해,,,"- 소년과 두더지와 여우와 말, 그리고 폭풍우",찰리 맥커시,상상의힘,2025-10,19800,10.0,17803,152,2026-09-04T10:34:33+09:00
342785369,불가항력의 I LOVE YOU 2,불가항력의 I LOVE YOU,2,,,호시노 미즈키,서울미디어코믹스(서울문화사),2024-07,5400,9.4,8596,153,2026-09-04T10:34:33+09:00
397818232,오가미 츠미키와 기일상 7,오가미 츠미키와 기일상,7,,,모리시타 미유,학산문화사(만화),2026-07,5400,9.5,5115,154,2026-09-04T10:34:33+09:00
400247736,만화 인소의 법칙 9 (한정판),만화 인소의 법칙,9,한정판,- 구성: 단행본 + 은지호 PET 스탠드 + 우주인 학생증 + 신용카드 스티커 2종 + 엽서 4종 + 미니 표지 아크릴 키링,아현,디앤씨웹툰비즈,2026-08,25200,,3910,155,2026-09-04T10:34:33+09:00
400585881,귀여운 건 나다 3,귀여운 건 나다,3,,,야스코,대원씨아이(만화),2026-08,6300,10.0,2820,156,2026-09-04T10:34:33+09:00
400585742,아메와 우미 1,아메와 우미,1,,"- S코믹스, 초판 한정 양면 일러스트 카드 2종(도서 내 래핑)",야마카타 아츠카,㈜소미미디어,2026-08,6300,10.0,2620,157,2026-09-04T10:34:33+09:00
400856659,눈이 나려 꽃 26,눈이 나려 꽃,26,,,임해연,학산문화사(만화),2026-08,7200,,1780,158,2026-09-04T10:34:33+09:00
400958916,11번째 고양이는 네네 2,11번째 고양이는 네네,2,,,하리카모,오팬스코믹,2026-08,6300,,1520,159,2026-09-04T10:34:33+09:00
401009461,달의 아이 신장판 8,달의 아이 신장판,8,,- 완결,시미즈 레이코,서울미디어코믹스(서울문화사),2026-08,16200,,1490,160,2026-09-04T10:34:33+09:00
292511593,가라오케 가자!,가라오케 가자!,,,,와야마 야마,문학동네,2022-04,7650,9.6,28646,161,2026-09-04T10:34:33+09:00
374587018,원피스 112,원피스,112,,- 할리(신전),오다 에이치로,대원씨아이(만화),2025-10,5400,10.0,27197,162,2026-09-04T10:34:33+09:00
392518622,타몬 군 지금 어느 쪽?! 12,타몬 군 지금 어느 쪽?!,12,,,시와스 유키,학산문화사(만화),2026-05,5400,10.0,14980,163,2026-09-04T10:34:33+09:00
399403043,얼굴만으론 좋아할 수 없어요 17 (한정판),얼굴만으론 좋아할 수 없어요,17,한정판,- 한국 오리지널 일러스트 양면 커버 + 아크릴 스탠드 + 소책자 + 스페셜 일러스트 카드 2종 + 미니 일러스트 보드 (일반판 초판특전은 포함되지 않음),안자이 카린,서울미디어코믹스(서울문화사),2026-07,22500,10.0,13675,164,2026-09-04T10:34:33+09:00
362375950,불가항력의 I LOVE YOU 4,불가항력의 I LOVE YOU,4,,,호시노 미즈키,서울미디어코믹스(서울문화사),2025-04,5400,9.7,10768,165,2026-09-04T10:34:33+09:00
394045519,아멜리아의 호기심 많은 로맨스 2,아멜리아의 호기심 많은 로맨스,2,,- 루나 코믹스,코하쿠 요루,㈜소미미디어,2026-06,6300,10.0,9180,166,2026-09-04T10:34:33+09:00
315020417,헌터x헌터 HunterXHunter 신장판 37,헌터x헌터 HunterXHunter 신장판,37,,,토가시 요시히로,학산문화사(만화),2023-04,5400,10.0,9391,167,2026-09-04T10:34:33+09:00
297448639,방과 후 소년 하나코 군,방과 후 소년 하나코 군,,,,아이다이로,서울미디어코믹스(서울문화사),2022-07,5400,10.0,5941,168,2026-09-04T10:34:33+09:00
385522768,옆자리 녀석이 그런 눈으로 쳐다본다 1,옆자리 녀석이 그런 눈으로 쳐다본다,1,,,mmk,학산문화사(만화),2026-02,6300,,3935,169,2026-09-04T10:34:33+09:00
324629346,그리고 마녀는 숲으로 갔다 1,그리고 마녀는 숲으로 갔다,1,,,산호,고블,2023-08,20700,9.2,3174,170,2026-09-04T10:34:33+09:00
400980564,킬러의 최애 4,킬러의 최애,4,,,오시마 린타로,대원씨아이(만화),2026-08,6300,,1590,171,2026-09-04T10:34:33+09:00
400909388,겁쟁이페달 95,겁쟁이페달,95,,,와타나베 와타루,대원씨아이(만화),2026-08,4950,,1540,172,2026-09-04T10:34:33+09:00
401326372,풀 나이트 5,풀 나이트,5,,- S코믹스,야스다 카스미,㈜소미미디어,2026-09,6300,,1440,173,2026-09-04T10:34:33+09:00
401345421,카모노하시 론의 금단추리 18,카모노하시 론의 금단추리,18,,,아마노 아키라,학산문화사(만화),2026-09,5400,10.0,1400,174,2026-09-04T10:34:33+09:00
388349614,카구라바치 9 (더블특전판),카구라바치,9,더블특전판,"- 엔텐, 일러스트 시네마 티켓 + 요도 계약자 pp 북마크",호카조노 타케루,대원씨아이(만화),2026-03,5850,,11319,175,2026-09-04T10:34:33+09:00
384585231,불가항력의 I LOVE YOU 7,불가항력의 I LOVE YOU,7,,,호시노 미즈키,서울미디어코믹스(서울문화사),2026-01,5400,9.4,11275,176,2026-09-04T10:34:33+09:00
353810399,헌터x헌터 HunterXHunter 신장판 38,헌터x헌터 HunterXHunter 신장판,38,,,토가시 요시히로,학산문화사(만화),2024-12,5400,9.8,10576,177,2026-09-04T10:34:33+09:00
341684925,불가항력의 I LOVE YOU 1,불가항력의 I LOVE YOU,1,,,호시노 미즈키,서울미디어코믹스(서울문화사),2024-06,5400,9.6,9221,178,2026-09-04T10:34:33+09:00
368087158,불가항력의 I LOVE YOU 5,불가항력의 I LOVE YOU,5,,,호시노 미즈키,서울미디어코믹스(서울문화사),2025-07,5400,9.5,9298,179,2026-09-04T10:34:33+09:00
374965771,불가항력의 I LOVE YOU 6,불가항력의 I LOVE YOU,6,,,호시노 미즈키,서울미디어코믹스(서울문화사),2025-10,5400,9.7,9184,180,2026-09-04T10:34:33+09:00
327563621,향기로운 꽃은 늠름하게 핀다 2,향기로운 꽃은 늠름하게 핀다,2,,,미카미 사카,대원씨아이(만화),2023-10,5400,9.8,8471,181,2026-09-04T10:34:33+09:00
399781349,윈드 브레이커 15~16 세트 - 전2권,윈드 브레이커 15~16 세트 - 전2권,,,"- 초판한정부록 : 일러스트카드 1종, 아코디언카드 1종",니이 사토루,리디(RIDI),2026-08,10800,10.0,7285,182,2026-09-04T10:34:33+09:00
350620490,향기로운 꽃은 늠름하게 핀다 11,향기로운 꽃은 늠름하게 핀다,11,,,미카미 사카,대원씨아이(만화),2024-10,5400,9.8,7152,183,2026-09-04T10:34:33+09:00
394099665,킹덤 Kingdom 77,킹덤 Kingdom,77,,,하라 야스히사,대원씨아이(만화),2026-05,5400,10.0,6655,184,2026-09-04T10:34:33+09:00
397904410,나 혼자만 레벨업 : 라그나로크 3,나 혼자만 레벨업 : 라그나로크,3,,- 만화,,디앤씨웹툰비즈,2026-07,14400,10.0,5755,185,2026-09-04T10:34:33+09:00
399050948,세금으로 산 책 1,세금으로 산 책,1,,- 시프트코믹스,케이야마 케이,YNK MEDIA(만화),2026-07,5850,10.0,5320,186,2026-09-04T10:34:33+09:00
400547001,작전명 순정 7~9 스페셜 세트 - 전3권,작전명 순정 7~9 스페셜 세트 - 전3권,,,"- 구성: 단행본 7~9권, 엽서집(양면엽서 16장), 프로필 세트(프로필 3종 + PET 포스터 2종 + 종이 홀더), 레이어 카드 2종, 아크릴 코롯토, 증명사진 팩, 도화 인터뷰집, 스페셜 패키지 박스, 초판한정 엽서",꼬까리,영진.com(영진닷컴),2026-08,79200,10.0,4550,187,2026-09-04T10:34:33+09:00
400856525,애프터 갓 10,애프터 갓,10,,,에노 스미,대원씨아이(만화),2026-08,5400,10.0,2050,188,2026-09-04T10:34:33+09:00
393544789,향기로운 꽃은 늠름하게 핀다 20,향기로운 꽃은 늠름하게 핀다,20,,,미카미 사카,대원씨아이(만화),2026-05,5400,,1750,189,2026-09-04T10:34:33+09:00
400647477,만화를 잘 그리기 위한 노하우 도감,만화를 잘 그리기 위한 노하우 도감,,,,사이드랜치(Sideranch),영진.com(영진닷컴),2026-08,18000,,1220,190,2026-09-04T10:34:33+09:00
400909336,라면 재유기 13,라면 재유기,13,,,쿠베 로쿠로,대원씨아이(만화),2026-08,5850,,1190,191,2026-09-04T10:34:33+09:00
193382764,페르세폴리스,페르세폴리스,,,,마르얀 사트라피,휴머니스트,2019-06,28800,8.6,15055,192,2026-09-04T10:34:33+09:00
399924966,팬텀 버스터즈 7 (한정판),팬텀 버스터즈,7,한정판,"- CD 라벨풍 스티커 + CD 자켓풍 일러스트 카드 2종 + 아크릴 키링 4종, M형 티켓 + 양면 어나더 커버 + 초판 한정 일러스트 카드, S코믹스",네오쇼코,㈜소미미디어,2026-08,27000,,13900,193,2026-09-04T10:34:33+09:00
391943528,엄마를 만나러 가는 길,엄마를 만나러 가는 길,,,"- 모리의 스티커북 /초판 한정 부록: 투명 북마크,작가 친필 사인 면지에 인쇄",고먕,네이버웹툰,2026-06,15300,10.0,12666,194,2026-09-04T10:34:33+09:00
393311014,히카루가 죽은 여름 8,히카루가 죽은 여름,8,,"- SL Comic, 초판 한정 특전 띠지, 일러스트 카드 & 클리어 일러스트 카드 세트 (2종 중 1종)",모쿠모쿠렌,디앤씨미디어(주)(D&C미디어),2026-05,6300,9.7,11900,195,2026-09-04T10:34:33+09:00
399402787,얼굴만으론 좋아할 수 없어요 17,얼굴만으론 좋아할 수 없어요,17,,"- 한국 한정 오리지널 일러스트 양면 커버, 초판 한정 SNS풍 주인공 커플 일러스트 카드, 졸업식 일러스트 카드",안자이 카린,서울미디어코믹스(서울문화사),2026-07,5400,,9750,196,2026-09-04T10:34:33+09:00
393238375,양 선배는 혼자서 살아갈 수 없어 2,양 선배는 혼자서 살아갈 수 없어,2,,- 초판부록 : 일러스트 카드 1종 + 띠지,soon챠,대원씨아이(만화),2026-05,5850,9.9,8175,197,2026-09-04T10:34:33+09:00
353421098,불가항력의 I LOVE YOU 3,불가항력의 I LOVE YOU,3,,,호시노 미즈키,서울미디어코믹스(서울문화사),2024-12,5400,9.3,7970,198,2026-09-04T10:34:33+09:00
397047219,쇼타 형아 7,쇼타 형아,7,,- BLovers Comics /초판 한정 더블 특전 : 양면 일러스트 카드 2종,나카야마 미유키,서울미디어코믹스(서울문화사),2026-06,5850,9.4,7205,199,2026-09-04T10:34:33+09:00
391456890,순경씨와 나 1,순경씨와 나,1,,,나오키 유우,대원씨아이(만화),2026-04,6300,9.6,7354,200,2026-09-04T10:34:33+09:00
343487620,향기로운 꽃은 늠름하게 핀다 10,향기로운 꽃은 늠름하게 핀다,10,,,미카미 사카,대원씨아이(만화),2024-07,5400,9.9,7232,201,2026-09-04T10:34:33+09:00
332987456,향기로운 꽃은 늠름하게 핀다 5,향기로운 꽃은 늠름하게 핀다,5,,,미카미 사카,대원씨아이(만화),2024-01,5400,10.0,7199,202,2026-09-04T10:34:33+09:00
400225135,"내가 연인이 될 수 있을 리 없잖아, 무리무리! (※무리가 아니었다?!) 8","내가 연인이 될 수 있을 리 없잖아, 무리무리! (※무리가 아니었다?!)",8,,"- S Novel+ , 초판 한정 책갈피, 쇼트스토리 소책자",미카미 테렌,㈜소미미디어,2026-08,9450,10.0,6360,203,2026-09-04T10:34:33+09:00
399055597,Re : 제로부터 시작하는 이세계 생활 43,Re : 제로부터 시작하는 이세계 생활,43,,"- Novel Engine / 초판한정 특별부록 : 띠지, 일러스트 카드",나가츠키 탓페이,데이즈엔터(주),2026-08,7200,,5780,204,2026-09-04T10:34:33+09:00
373999390,야마다 군과 Lv999의 사랑을 하다 3,야마다 군과 Lv999의 사랑을 하다,3,,,마시로,디앤씨미디어(주)(D&C미디어),2025-09,7200,9.8,5092,205,2026-09-04T10:34:33+09:00
398869909,나나 NANA 완전판 11,나나 NANA 완전판,11,,"- 초판 한정 PP엽서 1종, 포토카드 1종",야자와 아이,학산문화사(만화),2026-07,10800,,3550,206,2026-09-04T10:34:33+09:00
305225003,헌터x헌터 HunterXHunter 신장판 22,헌터x헌터 HunterXHunter 신장판,22,,,토가시 요시히로,학산문화사(만화),2016-04,5400,,3713,207,2026-09-04T10:34:33+09:00
305148069,장례식 케이크 전문점 연옥당 2,장례식 케이크 전문점 연옥당,2,,- 양장,산호,문학동네,2022-11,18900,10.0,3959,208,2026-09-04T10:34:33+09:00
390907872,향기로운 꽃은 늠름하게 핀다 19,향기로운 꽃은 늠름하게 핀다,19,,,미카미 사카,대원씨아이(만화),2026-04,5400,,3475,209,2026-09-04T10:34:33+09:00
400006799,유녀전기 21,유녀전기,21,,- 노엔 코믹스,토죠 치카,데이즈엔터(주),2026-08,5400,10.0,2620,210,2026-09-04T10:34:33+09:00
400594114,못 미더운 악녀입니다만 : ~추궁접서 교체전~ 10,못 미더운 악녀입니다만 : ~추궁접서 교체전~,10,,,EI Ohitsuji,서울미디어코믹스(서울문화사),2026-08,6300,10.0,2500,211,2026-09-04T10:34:33+09:00
400543319,우자키 양은 놀고싶어! 14,우자키 양은 놀고싶어!,14,,,타케,대원씨아이(만화),2026-08,4950,,2200,212,2026-09-04T10:34:33+09:00
400594187,아마 그녀는 우리 형을 노리고 있을 거야 1,아마 그녀는 우리 형을 노리고 있을 거야,1,,"- 초판 특전 양면 일러스트카드, 양면 일러스트 코스터",이세 마루노,서울미디어코믹스(서울문화사),2026-08,6300,10.0,1990,213,2026-09-04T10:34:33+09:00
400669134,반에서 두 번째로 귀여운 여자애와 친구가 되었다 6,반에서 두 번째로 귀여운 여자애와 친구가 되었다,6,,"- 왈츠 코믹스, 초판 한정 특전 : 일러스트 카드 1종, 포토카드 2종",오노 린,조은세상(북두),2026-08,5400,,1690,214,2026-09-04T10:34:33+09:00
395945478,향기로운 꽃은 늠름하게 핀다 9,향기로운 꽃은 늠름하게 핀다,9,,,미카미 사카,대원씨아이(만화),2026-06,6300,,1895,215,2026-09-04T10:34:33+09:00
400652779,스노우볼 어스 4,스노우볼 어스,4,,- 시프트코믹스,츠지츠구 유우히로,YNK MEDIA(만화),2026-08,5400,10.0,1670,216,2026-09-04T10:34:33+09:00
401041961,산가지는 도깨비의 꿈을 꾼다 5,산가지는 도깨비의 꿈을 꾼다,5,,,LAPIS,다산코믹스,2026-08,18000,,1650,217,2026-09-04T10:34:33+09:00
396581696,향기로운 꽃은 늠름하게 핀다 12,향기로운 꽃은 늠름하게 핀다,12,,,미카미 사카,대원씨아이(만화),2025-01,6300,,1680,218,2026-09-04T10:34:33+09:00
400878045,온통 여우 1 (한정판),온통 여우,1,한정판,- 구성: 단행본(초판 특전 포함) + 커스텀 아크릴 키링 + 홀로그램 아크릴 일러스트 카드 + 판 스티커,Ayami Morinaga,서울미디어코믹스(서울문화사),2026-08,22500,10.0,1660,219,2026-09-04T10:34:33+09:00
401325794,일승천금 3,일승천금,3,,- S코믹스,MAAM,㈜소미미디어,2026-09,6300,,1250,220,2026-09-04T10:34:33+09:00
401131327,월간 트릴레마 1,월간 트릴레마,1,,,타치바나 로쿠,재담,2026-08,7200,,900,221,2026-09-04T10:34:33+09:00
256860565,사피엔스 : 그래픽 히스토리 Vol.1,사피엔스 : 그래픽 히스토리 Vol.1,,,- 인류의 탄생,,김영사,2020-11,17820,9.4,26251,222,2026-09-04T10:34:33+09:00
385946226,만화의 원리,만화의 원리,,,,이리에 아키,대원씨아이(만화),2026-02,21600,9.4,17339,223,2026-09-04T10:34:33+09:00
392509863,아름다운 초저녁달 10,아름다운 초저녁달,10,,,야마모리 미카,학산문화사(만화),2026-05,5400,9.5,9970,224,2026-09-04T10:34:33+09:00
329206984,향기로운 꽃은 늠름하게 핀다 3,향기로운 꽃은 늠름하게 핀다,3,,,미카미 사카,대원씨아이(만화),2023-11,5400,10.0,7866,225,2026-09-04T10:34:33+09:00
298605858,헌터x헌터 HunterXHunter 신장판 36,헌터x헌터 HunterXHunter 신장판,36,,,토가시 요시히로,학산문화사(만화),2020-03,5400,,7964,226,2026-09-04T10:34:33+09:00
335258160,향기로운 꽃은 늠름하게 핀다 6,향기로운 꽃은 늠름하게 핀다,6,,,미카미 사카,대원씨아이(만화),2024-02,5400,10.0,7590,227,2026-09-04T10:34:33+09:00
385131551,야마다 군과 Lv999의 사랑을 하다 5,야마다 군과 Lv999의 사랑을 하다,5,,,마시로,디앤씨미디어(주)(D&C미디어),2026-01,7200,9.8,6578,228,2026-09-04T10:34:33+09:00
385131682,야마다 군과 Lv999의 사랑을 하다 6,야마다 군과 Lv999의 사랑을 하다,6,,,마시로,디앤씨미디어(주)(D&C미디어),2026-01,7200,9.8,6557,229,2026-09-04T10:34:33+09:00
392472930,던전에서 만남을 추구하면 안 되는 걸까 21 (소책자 특장판),던전에서 만남을 추구하면 안 되는 걸까,21,소책자 특장판,- S Novel,오모리 후지노,㈜소미미디어,2026-05,18000,9.3,6575,230,2026-09-04T10:34:33+09:00
384933730,아멜리아의 호기심 많은 로맨스 1,아멜리아의 호기심 많은 로맨스,1,,- 루나 코믹스,코하쿠 요루,㈜소미미디어,2026-02,6300,9.8,6229,231,2026-09-04T10:34:33+09:00
398727110,봇치·더·록! 앤솔러지 코믹 6,봇치·더·록! 앤솔러지 코믹,6,,,치바 사도루,대원씨아이(만화),2026-07,8100,10.0,5945,232,2026-09-04T10:34:33+09:00
280599591,지박소년 하나코 군 0,지박소년 하나코 군,0,,,아이다이로,서울미디어코믹스(서울문화사),2021-10,5400,9.0,5238,233,2026-09-04T10:34:33+09:00
373999147,야마다 군과 Lv999의 사랑을 하다 2,야마다 군과 Lv999의 사랑을 하다,2,,,마시로,디앤씨미디어(주)(D&C미디어),2025-09,7200,9.8,5047,234,2026-09-04T10:34:33+09:00
397745987,Myther 2,Myther,2,,"- S코믹스 /초판 한정 양면 일러스트 카드, 초판 한정 PET 일러스트 카드",야츠다 테키,㈜소미미디어,2026-07,6300,,4255,235,2026-09-04T10:34:33+09:00
399404721,오디세이아를 한 번도 안 읽어 볼 수는 없잖아,오디세이아를 한 번도 안 읽어 볼 수는 없잖아,,,,Team. StoryG,oldstairs(올드스테어즈),2026-07,21600,9.3,4330,236,2026-09-04T10:34:33+09:00
399381869,담배 고양이 5,담배 고양이,5,,,냥냥 팩토리,대원씨아이(만화),2026-07,5400,,3970,237,2026-09-04T10:34:33+09:00
284922100,장례식 케이크 전문점 연옥당 1,장례식 케이크 전문점 연옥당,1,,- 양장,산호,문학동네,2021-12,17100,10.0,4124,238,2026-09-04T10:34:33+09:00
400136861,누나의 친구 4,누나의 친구,4,,,타카세 와카,학산문화사(만화),2026-08,5400,,3680,239,2026-09-04T10:34:33+09:00
356090755,그리고 마녀는 숲으로 갔다 2,그리고 마녀는 숲으로 갔다,2,,- 완결,산호,고블,2025-02,21600,9.9,3539,240,2026-09-04T10:34:33+09:00
400136881,벡 Beck 신장판 8,벡 Beck 신장판,8,,,해롤드 사쿠이시,학산문화사(만화),2026-08,10800,10.0,2610,241,2026-09-04T10:34:33+09:00
400150238,남편을 내 편으로 만드는 방법 5,남편을 내 편으로 만드는 방법,5,,,시루,캐롯툰,2026-10,14400,10.0,2250,242,2026-09-04T10:34:33+09:00
400545629,파인더의 도피행,파인더의 도피행,,,- 뉴 루비코믹스 3165,야마네 아야노,현대지능개발사,2026-08,7830,,2160,243,2026-09-04T10:34:33+09:00
395950064,향기로운 꽃은 늠름하게 핀다 4,향기로운 꽃은 늠름하게 핀다,4,,,미카미 사카,대원씨아이(만화),2026-06,6300,,1810,244,2026-09-04T10:34:33+09:00
400707775,곰과 토끼는 친구로 지낼 수 없다 2,곰과 토끼는 친구로 지낼 수 없다,2,,,이누요시 아키라,대원씨아이(만화),2026-08,6300,,1850,245,2026-09-04T10:34:33+09:00
401247968,멜로에 빠진 직장인은 안일하다,멜로에 빠진 직장인은 안일하다,,,- 라르고 맥스 Largo Max,우지이,조은세상(북두),2026-09,5400,,860,246,2026-09-04T10:34:33+09:00
401009550,월광천녀 애장판 8,월광천녀 애장판,8,,,시미즈 레이코,서울미디어코믹스(서울문화사),2026-08,16200,,1140,247,2026-09-04T10:34:33+09:00
382043008,지박소년 하나코 군 25,지박소년 하나코 군,25,,,아이다이로,서울미디어코믹스(서울문화사),2026-01,5400,,1240,248,2026-09-04T10:34:33+09:00
401345069,"여친, 빌리겠습니다 45","여친, 빌리겠습니다",45,,,미야지마 레이지,학산문화사(만화),2026-09,5400,,1140,249,2026-09-04T10:34:33+09:00
398221799,메달리스트 14,메달리스트,14,,,츠루마이카다,학산문화사(만화),2026-07,5400,10.0,16400,250,2026-09-04T10:34:33+09:00
391828072,열혈강호 95,열혈강호,95,,,전극진,대원씨아이(만화),2026-04,4950,9.6,12708,251,2026-09-04T10:34:33+09:00
385786461,스킵과 로퍼 11 (더블 특전판),스킵과 로퍼,11,더블 특전판,"- 미츠미 아크릴 POP + 명장면 흑백 스티커 4종 (초판 특전), 시프트코믹스",타카마츠 미사키,YNK MEDIA(만화),2026-02,5400,8.4,11614,252,2026-09-04T10:34:33+09:00
393546382,봇치·더·록! 외전 히로이 키쿠리의 과음일기 5,봇치·더·록! 외전 히로이 키쿠리의 과음일기,5,,,쿠미쵸,대원씨아이(만화),2026-05,8100,10.0,8355,253,2026-09-04T10:34:33+09:00
294400847,헌터x헌터 HunterXHunter 신장판 33,헌터x헌터 HunterXHunter 신장판,33,,,토가시 요시히로,학산문화사(만화),2018-05,5400,,8454,254,2026-09-04T10:34:33+09:00
307634607,주술회전 21,주술회전,21,,- 도쿄 제2콜로니 -호운-,아쿠타미 게게,서울미디어코믹스(서울문화사),2022-12,5400,9.7,7973,255,2026-09-04T10:34:33+09:00
330062627,주술회전 24,주술회전,24,,- 주택대천 - 재귀 -,아쿠타미 게게,서울미디어코믹스(서울문화사),2023-12,5400,9.5,7896,256,2026-09-04T10:34:33+09:00
323339691,주술회전 23,주술회전,23,,- 별과 기름,아쿠타미 게게,서울미디어코믹스(서울문화사),2023-08,5400,9.9,7708,257,2026-09-04T10:34:33+09:00
398289014,첫사랑은 나의 오빠 1,첫사랑은 나의 오빠,1,,,카스미 유코,서울미디어코믹스(서울문화사),2026-07,5850,9.3,5740,258,2026-09-04T10:34:33+09:00
386003919,향기로운 꽃은 늠름하게 핀다 18,향기로운 꽃은 늠름하게 핀다,18,,,미카미 사카,대원씨아이(만화),2026-02,5400,10.0,5641,259,2026-09-04T10:34:33+09:00
385131522,야마다 군과 Lv999의 사랑을 하다 4,야마다 군과 Lv999의 사랑을 하다,4,,,마시로,디앤씨미디어(주)(D&C미디어),2026-01,7200,9.8,5316,260,2026-09-04T10:34:33+09:00
393753728,수상한 경찰 1 (트리플 특전판),수상한 경찰,1,트리플 특전판,- 초판한정 일러스트 북마크 1종 + 일러스트 엽서 4종 + 캐릭터 프로필 카드 4종,무키시츠,대원씨아이(만화),2026-05,9000,9.6,5325,261,2026-09-04T10:34:33+09:00
395357976,Veil 7,Veil,7,,"- S코믹스, JAPAN EXPO 최우수작화상, 최우수장정상 수상",코테리,㈜소미미디어,2026-06,11520,,4535,262,2026-09-04T10:34:33+09:00
397904768,푸른 상자 24,푸른 상자,24,,,미우라 코우지,학산문화사(만화),2026-07,5400,10.0,4295,263,2026-09-04T10:34:33+09:00
374337173,장례식 케이크 전문점 연옥당 3,장례식 케이크 전문점 연옥당,3,,"- 양장, 완결",산호,문학동네,2025-10,19800,9.7,4690,264,2026-09-04T10:34:33+09:00
399782190,한밤중 하트튠 11,한밤중 하트튠,11,,,이가라시 마사쿠니,학산문화사(만화),2026-08,5400,,4125,265,2026-09-04T10:34:33+09:00
397294534,비교하고 검토하는 교열부의 쿠쥬 씨 1,비교하고 검토하는 교열부의 쿠쥬 씨,1,,,고이시 유카,서교책방,2026-07,11520,9.7,4480,266,2026-09-04T10:34:33+09:00
399451773,숨막힐 정도의 사랑을 줄게 7,숨막힐 정도의 사랑을 줄게,7,,,이와시타 케이코,대원씨아이(만화),2026-07,5400,,3895,267,2026-09-04T10:34:33+09:00
399782154,어차피 울 거라면 사랑이 좋아 9,어차피 울 거라면 사랑이 좋아,9,,,쿠사카 아키,학산문화사(만화),2026-08,5400,10.0,3880,268,2026-09-04T10:34:33+09:00
298280697,헌터x헌터 HunterXHunter 신장판 23,헌터x헌터 HunterXHunter 신장판,23,,,토가시 요시히로,학산문화사(만화),2016-05,5400,,3773,269,2026-09-04T10:34:33+09:00
397995094,수상한 경찰 2 (더블특전판),수상한 경찰,2,더블특전판,- 띠지 + 초판한정 일러스트 카드 1종 + 선착순 더블특전 포토카드 1종,무키시츠,대원씨아이(만화),2026-07,9000,9.5,2950,270,2026-09-04T10:34:33+09:00
400154065,달님이 바라시는 대로 9,달님이 바라시는 대로,9,,,키우치 라무네,서울미디어코믹스(서울문화사),2026-08,5400,,2610,271,2026-09-04T10:34:33+09:00
397818353,너를 너무너무너무너무 좋아하는 100명의 그녀 24,너를 너무너무너무너무 좋아하는 100명의 그녀,24,,,나카무라 리키토,학산문화사(만화),2026-07,5400,,2670,272,2026-09-04T10:34:33+09:00
401052876,만화 이상적인 기둥서방 생활 11,만화 이상적인 기둥서방 생활,11,,,히노츠키 네코,길찾기,2026-08,6300,8.0,1220,273,2026-09-04T10:34:33+09:00
400585911,녹풍당의 사계절 21,녹풍당의 사계절,21,,,시미즈 유우,대원씨아이(만화),2026-08,4500,,1440,274,2026-09-04T10:34:33+09:00
400669097,서뱀프 Servamp 23~24 세트 - 전2권,서뱀프 Servamp 23~24 세트 - 전2권,,,"- 판도라 코믹스, 완결 ,초판 한정 일러스트 카드 2종, 16P 소책자, big 엽서 1종",타나카 스트라이크,조은세상(북두),2026-08,13500,,1480,275,2026-09-04T10:34:33+09:00
401326413,마가이모노 2,마가이모노,2,,"- 위작, S코믹스",쿠로카와 유미,㈜소미미디어,2026-09,8100,,950,276,2026-09-04T10:34:33+09:00
400980630,룸메이트 1,룸메이트,1,,,사토 아키히토,대원씨아이(만화),2026-08,6750,10.0,920,277,2026-09-04T10:34:33+09:00
400930488,숲 변두리의 꼬마 마녀 1,숲 변두리의 꼬마 마녀,1,,- S코믹스,후지무라 아유미,㈜소미미디어,2026-09,6300,,1080,278,2026-09-04T10:34:33+09:00
401049347,냄비로 총알을 막아내며 3,냄비로 총알을 막아내며,3,,,아오키 준타로,블루픽,2026-08,7200,,830,279,2026-09-04T10:34:33+09:00
401049303,냄비로 총알을 막아내며 2,냄비로 총알을 막아내며,2,,,아오키 준타로,블루픽,2026-08,7200,,830,280,2026-09-04T10:34:33+09:00
393769371,가르쳐줘 집사 2,가르쳐줘 집사,2,,,마사키 미치,서울미디어코믹스(서울문화사),2026-05,6300,9.7,13225,281,2026-09-04T10:34:33+09:00
369786330,마남 이치 1 (트리플 특전판),마남 이치,1,트리플 특전판,- 홀로그램 일러스트 카드 2종 + 아크릴 일러스트 카드 1종,유사자키 시로,서울미디어코믹스(서울문화사),2025-08,6300,9.6,9532,282,2026-09-04T10:34:33+09:00
388137331,3월의 벽력 1,3월의 벽력,1,,,이케 준코,대원씨아이(만화),2026-03,5400,9.5,8113,283,2026-09-04T10:34:33+09:00
396695591,루리 드래곤 5,루리 드래곤,5,,"- 초판특전: 일러스트 카드, 일러스트 스탠딩 POP",신도 마사오키,서울미디어코믹스(서울문화사),2026-06,5400,8.7,7815,284,2026-09-04T10:34:33+09:00
294401024,헌터x헌터 HunterXHunter 신장판 34,헌터x헌터 HunterXHunter 신장판,34,,,토가시 요시히로,학산문화사(만화),2018-05,5400,,8186,285,2026-09-04T10:34:33+09:00
392518949,GACHIAKUTA 17,GACHIAKUTA,17,,,케이 우라나,학산문화사(만화),2026-05,5400,10.0,7830,286,2026-09-04T10:34:33+09:00
294401191,헌터x헌터 HunterXHunter 신장판 35,헌터x헌터 HunterXHunter 신장판,35,,,토가시 요시히로,학산문화사(만화),2019-03,5400,2.0,7800,287,2026-09-04T10:34:33+09:00
316015391,주술회전 22,주술회전,22,,- 사쿠라지마 콜로니 -환생-,아쿠타미 게게,서울미디어코믹스(서울문화사),2023-05,5400,10.0,7280,288,2026-09-04T10:34:33+09:00
298605722,헌터x헌터 HunterXHunter 신장판 32,헌터x헌터 HunterXHunter 신장판,32,,,토가시 요시히로,학산문화사(만화),2013-12,5400,,6432,289,2026-09-04T10:34:33+09:00
388852450,담배 고양이 1,담배 고양이,1,,,냥냥 팩토리,대원씨아이(만화),2026-03,5400,10.0,5241,290,2026-09-04T10:34:33+09:00
352187570,주술회전 27,주술회전,27,,,아쿠타미 게게,서울미디어코믹스(서울문화사),2024-08,5400,,4811,291,2026-09-04T10:34:33+09:00
311653748,헌터x헌터 HunterXHunter 신장판 11,헌터x헌터 HunterXHunter 신장판,11,,,토가시 요시히로,학산문화사(만화),2014-09,5400,,4650,292,2026-09-04T10:34:33+09:00
298051256,헌터x헌터 HunterXHunter 신장판 17,헌터x헌터 HunterXHunter 신장판,17,,,토가시 요시히로,학산문화사(만화),2015-06,5400,,4347,293,2026-09-04T10:34:33+09:00
399051208,세금으로 산 책 2,세금으로 산 책,2,,- 시프트코믹스,케이야마 케이,YNK MEDIA(만화),2026-07,5850,9.0,4005,294,2026-09-04T10:34:33+09:00
300919411,헌터x헌터 HunterXHunter 신장판 18,헌터x헌터 HunterXHunter 신장판,18,,,토가시 요시히로,학산문화사(만화),2015-07,5400,,3981,295,2026-09-04T10:34:33+09:00
298280477,헌터x헌터 HunterXHunter 신장판 21,헌터x헌터 HunterXHunter 신장판,21,,,토가시 요시히로,학산문화사(만화),2016-06,5400,,3663,296,2026-09-04T10:34:33+09:00
301058679,헌터x헌터 HunterXHunter 신장판 25,헌터x헌터 HunterXHunter 신장판,25,,,토가시 요시히로,학산문화사(만화),2016-08,5400,,3733,297,2026-09-04T10:34:33+09:00
298280366,헌터x헌터 HunterXHunter 신장판 24,헌터x헌터 HunterXHunter 신장판,24,,,토가시 요시히로,학산문화사(만화),2016-06,5400,,3718,298,2026-09-04T10:34:33+09:00
395170753,도쿄 학생 애처가 4,도쿄 학생 애처가,4,,,카유카와 스즈,학산문화사(만화),2026-06,6300,9.8,3450,299,2026-09-04T10:34:33+09:00
339953506,방과 후 소년 하나코 군 2,방과 후 소년 하나코 군,2,,,아이다이로,서울미디어코믹스(서울문화사),2024-05,5400,,2592,300,2026-09-04T10:34:33+09:00
333689768,건방진 그 녀석 1,건방진 그 녀석,1,,,미츠바치 미유키,학산문화사(만화),2016-03,5400,10.0,2672,301,2026-09-04T10:34:33+09:00
399953433,추우면 변하는 헤비가미 군 2,추우면 변하는 헤비가미 군,2,,"- SL Comic /초판 한정 특전: 띠지, PET 스탠드, 일러스트 스티커",쿠리미야,디앤씨미디어(주)(D&C미디어),2026-08,6300,,2230,302,2026-09-04T10:34:33+09:00
400006981,유녀전기 대대야사 1,유녀전기 대대야사,1,,- 노엔 코믹스 / 초판한정 특별부록 : 일러스트 카드 + 띠지,토죠 치카,데이즈엔터(주),2026-08,5400,10.0,2480,303,2026-09-04T10:34:33+09:00
400307585,재혼황후 11,재혼황후,11,,- 만화,히어리,영컴(YOUNG COM),2026-08,15120,,2090,304,2026-09-04T10:34:33+09:00
388016407,정반대의 너와 나 8,정반대의 너와 나,8,,- 완결,아가사와 코챠,학산문화사(만화),2026-03,5400,10.0,1829,305,2026-09-04T10:34:33+09:00
400712982,내 백합도 영업인 줄 알았어?,내 백합도 영업인 줄 알았어?,,,"- Novel Engine , 초판한정 특별부록 : 띠지 + 일러스트 카드",아사쿠라 네루,코믹레인,2026-09,7200,,1610,306,2026-09-04T10:34:33+09:00
396089286,향기로운 꽃은 늠름하게 핀다 13,향기로운 꽃은 늠름하게 핀다,13,,,미카미 사카,대원씨아이(만화),2026-06,6300,,1770,307,2026-09-04T10:34:33+09:00
400585950,보루토 -TWO BLUE VORTEX- 5,보루토 -TWO BLUE VORTEX-,5,,,이케모토 미키오,대원씨아이(만화),2026-08,5850,,1570,308,2026-09-04T10:34:33+09:00
400310759,호랑이형님 20,호랑이형님,20,,,이상규,영컴(YOUNG COM),2026-08,15120,,1590,309,2026-09-04T10:34:33+09:00
401052841,만화 이상적인 기둥서방 생활 10,만화 이상적인 기둥서방 생활,10,,,히노츠키 네코,길찾기,2026-08,6300,,1110,310,2026-09-04T10:34:33+09:00
400878569,오컬트 타임즈 1,오컬트 타임즈,1,,- 초판 한정 : 일러스트 카드 부록 2종,Idonchi,서울미디어코믹스(서울문화사),2026-08,6300,10.0,1140,311,2026-09-04T10:34:33+09:00
400930360,마로니에 왕국의 7인의 기사 7,마로니에 왕국의 7인의 기사,7,,,이와모토 나오,㈜소미미디어,2026-09,6300,,920,312,2026-09-04T10:34:33+09:00
401041322,술에 취한 영애가 영웅을 몰라보고 구혼한 결과 1,술에 취한 영애가 영웅을 몰라보고 구혼한 결과,1,,,오오토리,대원씨아이(만화),2026-08,5850,,740,313,2026-09-04T10:34:33+09:00
401325950,타이카의 이성 3,타이카의 이성,3,,- S코믹스,이타가키 파루,㈜소미미디어,2026-09,6300,,840,314,2026-09-04T10:34:33+09:00
374014339,명탐정 코난 : 1일 1쪽 뇌 자극 수학 추리 초급편 151문,명탐정 코난 : 1일 1쪽 뇌 자극 수학 추리 초급편 151문,,,,아오야마 고쇼,서울미디어코믹스(서울문화사),2025-10,13500,10.0,1608,315,2026-09-04T10:34:33+09:00
401407531,소녀왕국 표류기 43,소녀왕국 표류기,43,,,후지시로 타케시,삼양출판사(만화),2026-08,4320,,1110,316,2026-09-04T10:34:33+09:00
396644572,포켓몬 생태도감 특별판,포켓몬 생태도감 특별판,,,,주식회사 포켓몬,대원씨아이(단행본),2026-06,44100,10.0,22855,317,2026-09-04T10:34:33+09:00
366123624,스파이 패밀리 15,스파이 패밀리,15,,,엔도 타츠야,학산문화사(만화),2025-06,5400,9.9,16215,318,2026-09-04T10:34:33+09:00
323272361,"안녕, 에리","안녕, 에리",,,,후지모토 타츠키,학산문화사(만화),2023-08,5400,9.4,15437,319,2026-09-04T10:34:33+09:00
385521459,체인소 맨 22,체인소 맨,22,,,후지모토 타츠키,학산문화사(만화),2026-02,5400,10.0,13142,320,2026-09-04T10:34:33+09:00
387708305,월간순정 노자키 군 17,월간순정 노자키 군,17,,,츠바키 이즈미,학산문화사(만화),2026-03,5400,9.8,11564,321,2026-09-04T10:34:33+09:00
389928831,새벽의 연화 46,새벽의 연화,46,,,미즈호 쿠사나기,학산문화사(만화),2026-04,5400,9.8,10364,322,2026-09-04T10:34:33+09:00
335112422,주술회전 25,주술회전,25,,- 인외마경 신주쿠 결전,아쿠타미 게게,서울미디어코믹스(서울문화사),2024-02,5400,9.6,10143,323,2026-09-04T10:34:33+09:00
341524569,주술회전 26,주술회전,26,,- 남쪽으로,아쿠타미 게게,서울미디어코믹스(서울문화사),2024-06,5400,,8769,324,2026-09-04T10:34:33+09:00
398836243,TV애니메이션 주술회전 회옥·옥절/시부야 사변 공식 가이드북,TV애니메이션 주술회전 회옥·옥절/시부야 사변 공식 가이드북,,,- 초판 한정 : 책갈피 2종,아쿠타미 게게,서울미디어코믹스(서울문화사),2026-07,24300,10.0,7585,325,2026-09-04T10:34:33+09:00
396563591,히나타의 블루 6,히나타의 블루,6,,"- 완결, 루나 코믹스 / 초판 한정 양면 어나더 커버, 렌티큘러 카드, 일러스트 카드",메구로 아무,㈜소미미디어,2026-07,6300,10.0,7525,326,2026-09-04T10:34:33+09:00
336635744,향기로운 꽃은 늠름하게 핀다 7,향기로운 꽃은 늠름하게 핀다,7,,,미카미 사카,대원씨아이(만화),2024-03,5400,10.0,7382,327,2026-09-04T10:34:33+09:00
294032766,헌터x헌터 HunterXHunter 신장판 1,헌터x헌터 HunterXHunter 신장판,1,,,토가시 요시히로,학산문화사(만화),2013-07,5400,10.0,6559,328,2026-09-04T10:34:33+09:00
394695461,블루 록 36,블루 록,36,,,노무라 유스케,학산문화사(만화),2026-06,5400,,5940,329,2026-09-04T10:34:33+09:00
292320734,헌터x헌터 HunterXHunter 신장판 2,헌터x헌터 HunterXHunter 신장판,2,,,토가시 요시히로,학산문화사(만화),2012-07,5400,10.0,6131,330,2026-09-04T10:34:33+09:00
280599653,지박소년 하나코 군 1,지박소년 하나코 군,1,,,아이다이로,서울미디어코믹스(서울문화사),2021-10,5400,10.0,5556,331,2026-09-04T10:34:33+09:00
373998674,야마다 군과 Lv999의 사랑을 하다 1,야마다 군과 Lv999의 사랑을 하다,1,,,마시로,디앤씨미디어(주)(D&C미디어),2025-09,7200,9.8,5171,332,2026-09-04T10:34:33+09:00
396574570,Re : 제로부터 시작하는 이세계 생활 42,Re : 제로부터 시작하는 이세계 생활,42,,"- Novel Engine /초판한정 특별부록 : 띠지, 일러스트 카드",나가츠키 탓페이,데이즈엔터(주),2026-07,7200,10.0,4940,333,2026-09-04T10:34:33+09:00
354729574,주술회전 28,주술회전,28,,- 인외마경 신주쿠 결전 : 9점 점바둑,아쿠타미 게게,서울미디어코믹스(서울문화사),2024-12,5400,10.0,5103,334,2026-09-04T10:34:33+09:00
395173556,내 마음의 위험한 녀석 13,내 마음의 위험한 녀석,13,,- S코믹스,사쿠라이 노리오,㈜소미미디어,2026-06,6300,9.4,4855,335,2026-09-04T10:34:33+09:00
282899765,지박소년 하나코 군 8,지박소년 하나코 군,8,,,아이다이로,서울미디어코믹스(서울문화사),2021-11,5400,10.0,4713,336,2026-09-04T10:34:33+09:00
396766600,유루캠 18,유루캠,18,,,아프로,대원씨아이(만화),2026-06,4950,9.6,3885,337,2026-09-04T10:34:33+09:00
298280458,헌터x헌터 HunterXHunter 신장판 30,헌터x헌터 HunterXHunter 신장판,30,,,토가시 요시히로,학산문화사(만화),2017-03,5400,,4087,338,2026-09-04T10:34:33+09:00
298280739,헌터x헌터 HunterXHunter 신장판 16,헌터x헌터 HunterXHunter 신장판,16,,,토가시 요시히로,학산문화사(만화),2015-04,5400,,3710,339,2026-09-04T10:34:33+09:00
301058589,헌터x헌터 HunterXHunter 신장판 19,헌터x헌터 HunterXHunter 신장판,19,,,토가시 요시히로,학산문화사(만화),2015-08,5400,,3614,340,2026-09-04T10:34:33+09:00
298280514,헌터x헌터 HunterXHunter 신장판 27,헌터x헌터 HunterXHunter 신장판,27,,,토가시 요시히로,학산문화사(만화),2016-10,5400,,3555,341,2026-09-04T10:34:33+09:00
301058824,헌터x헌터 HunterXHunter 신장판 29,헌터x헌터 HunterXHunter 신장판,29,,,토가시 요시히로,학산문화사(만화),2017-01,5400,,3674,342,2026-09-04T10:34:33+09:00
397997937,사일런트 위치 10,사일런트 위치,10,,"- 침묵의 마녀의 비밀, ROSY",이소라 마츠리,데이즈엔터(주),2026-07,9900,10.0,3370,343,2026-09-04T10:34:33+09:00
399973698,시노비고토 7,시노비고토,7,,,미타라시 산타,학산문화사(만화),2026-08,6300,,2640,344,2026-09-04T10:34:33+09:00
398728336,마법소녀를 동경해서 5 (더블특전판),마법소녀를 동경해서,5,더블특전판,- 초판한정 : 일러스트 카드 1종 + SD 스티커 1종,오노나카 아키히로,대원씨아이(만화),2026-07,6750,,2820,345,2026-09-04T10:34:33+09:00
333640352,정반대의 너와 나 3,정반대의 너와 나,3,,,아가사와 코챠,학산문화사(만화),2024-02,5400,9.8,2803,346,2026-09-04T10:34:33+09:00
345587184,정반대의 너와 나 4,정반대의 너와 나,4,,,아가사와 코챠,학산문화사(만화),2024-08,5400,9.7,2786,347,2026-09-04T10:34:33+09:00
398203513,톰 폭스의 옷을 입은 캐릭터 드로잉 : 아티스트를 위한 옷과 주름 그리기 가이드,톰 폭스의 옷을 입은 캐릭터 드로잉 : 아티스트를 위한 옷과 주름 그리기 가이드,,,,톰 폭스,한즈미디어(한스미디어),2026-07,28800,10.0,2505,348,2026-09-04T10:34:33+09:00
400197602,타로의 얼렁뚱땅 2,타로의 얼렁뚱땅,2,,,야츠미 츠무,서울미디어코믹스(서울문화사),2026-08,5850,10.0,2470,349,2026-09-04T10:34:33+09:00
400197883,망각 배터리 23,망각 배터리,23,,,에코 미카와,서울미디어코믹스(서울문화사),2026-08,5400,,2580,350,2026-09-04T10:34:33+09:00
375360802,44교시 생존수업 1~2 세트 - 전2권,44교시 생존수업 1~2 세트 - 전2권,,,,상C,네이버웹툰,2025-12,28800,10.0,2214,351,2026-09-04T10:34:33+09:00
313274245,네가 죽을 때까지 사랑하고 싶어 1,네가 죽을 때까지 사랑하고 싶어,1,,,나치 아오노,학산문화사(만화),2020-12,5400,,2333,352,2026-09-04T10:34:33+09:00
366271674,정반대의 너와 나 7,정반대의 너와 나,7,,,아가사와 코챠,학산문화사(만화),2025-06,5400,9.9,2063,353,2026-09-04T10:34:33+09:00
397810577,쪽팔려게임 1~2 세트 - 전2권,쪽팔려게임 1~2 세트 - 전2권,,,"- 초판 한정 부록 : 1권,2권 엽서 2종 + 학생증 2종 + 면지에 작가님 친필 사인(인쇄본)",봉수,네이버웹툰,2026-09,28800,,2160,354,2026-09-04T10:34:33+09:00
396090083,향기로운 꽃은 늠름하게 핀다 8,향기로운 꽃은 늠름하게 핀다,8,,,미카미 사카,대원씨아이(만화),2026-06,6300,,1620,355,2026-09-04T10:34:33+09:00
400856516,아오아시 17,아오아시,17,,,코바야시 유고,대원씨아이(만화),2026-08,5850,,1390,356,2026-09-04T10:34:33+09:00
400669111,커다란 네가 제일 귀여워,커다란 네가 제일 귀여워,,,- 라르고 맥스 Largo Max,유키하루,조은세상(북두),2026-08,6300,,1190,357,2026-09-04T10:34:33+09:00
400921733,이세계 전생 던전 마스터 온천 던전을 만들다 1,이세계 전생 던전 마스터 온천 던전을 만들다,1,,"- S Novel+, 초판 한정 아마하라 신규 일러스트 양면커버, 일러스트카드",아마하라,㈜소미미디어,2026-09,9000,,1720,358,2026-09-04T10:34:33+09:00
398284900,공정 드래곤즈 21,공정 드래곤즈,21,,,쿠와바라 타쿠,대원씨아이(만화),2026-07,5400,9.3,970,359,2026-09-04T10:34:33+09:00
401008380,렛츠고 괴기조 5,렛츠고 괴기조,5,,,View,㈜에스엠지크리에이티브(고은문화사),2026-08,5850,,590,360,2026-09-04T10:34:33+09:00
400880249,파도였던 날들,파도였던 날들,,,,AJ 덩고,미메시스,2026-09,25200,10.0,620,361,2026-09-04T10:34:33+09:00
391724964,가르쳐줘 집사 1,가르쳐줘 집사,1,,- 초판 한정 더블 특전 : 양면 코스터 & 포토카드 2종 세트,마사키 미치,서울미디어코믹스(서울문화사),2026-04,6300,9.7,10577,362,2026-09-04T10:34:33+09:00
312942363,타코피의 원죄 - 상,타코피의 원죄 - 상,,,,타이잔5,대원씨아이(만화),2023-03,5400,9.9,10315,363,2026-09-04T10:34:33+09:00
368857673,명탐정 코난 107,명탐정 코난,107,,,아오야마 고쇼,서울미디어코믹스(서울문화사),2025-07,5400,9.9,10292,364,2026-09-04T10:34:33+09:00
312942437,타코피의 원죄 - 하,타코피의 원죄 - 하,,,,타이잔5,대원씨아이(만화),2023-03,5400,8.8,10095,365,2026-09-04T10:34:33+09:00
369126143,주술회전 30,주술회전,30,,,아쿠타미 게게,서울미디어코믹스(서울문화사),2025-08,5400,10.0,9180,366,2026-09-04T10:34:33+09:00
388821136,중년에 지친 밤에는,중년에 지친 밤에는,,,,마스다 미리,북포레스트,2026-03,16200,9.4,7993,367,2026-09-04T10:34:33+09:00
395358108,찍히지 않습니다 6,찍히지 않습니다,6,,"- S코믹스 /초판 한정 일러스트 카드, 폴라로이드 사진풍 카드 2종",코노시마 루카,㈜소미미디어,2026-06,6300,10.0,8040,368,2026-09-04T10:34:33+09:00
303424817,주술회전 20,주술회전,20,,- 센다이 -연회 중반-,아쿠타미 게게,서울미디어코믹스(서울문화사),2022-10,5400,9.8,7718,369,2026-09-04T10:34:33+09:00
303306489,망그러진 만화 1,망그러진 만화,1,,- 망그러진 곰과 햄터의 귀염뽀짝 일상다반사!,유랑,좋은생각,2022-11,15120,9.9,7603,370,2026-09-04T10:34:33+09:00
375360162,향기로운 꽃은 늠름하게 핀다 17,향기로운 꽃은 늠름하게 핀다,17,,,미카미 사카,대원씨아이(만화),2025-10,5400,,7130,371,2026-09-04T10:34:33+09:00
372708826,향기로운 꽃은 늠름하게 핀다 16,향기로운 꽃은 늠름하게 핀다,16,,,미카미 사카,대원씨아이(만화),2025-09,5400,9.8,7094,372,2026-09-04T10:34:33+09:00
379515213,야마다 군과 Lv999의 사랑을 하다 4~6 특별판 세트 - 전3권,야마다 군과 Lv999의 사랑을 하다 4~6 특별판 세트 - 전3권,,,- 띠지 + 특별판 아크릴 북스탠드 + 특별판 아크릴 블록 + 특별판 양면 책갈피 + 일반판 일러스트 카드 3종 + 일반판 폴라로이드 카드 3종,마시로,디앤씨미디어(주)(D&C미디어),2025-12,49500,10.0,6968,373,2026-09-04T10:34:33+09:00
329703592,지박소년 하나코 군 20,지박소년 하나코 군,20,,,아이다이로,서울미디어코믹스(서울문화사),2023-12,5400,8.9,6812,374,2026-09-04T10:34:33+09:00
399045982,유희왕 애장판 21,유희왕 애장판,21,,,다카하시 카즈키,대원씨아이(만화),2026-07,10800,,6520,375,2026-09-04T10:34:33+09:00
297902307,헌터x헌터 HunterXHunter 신장판 3,헌터x헌터 HunterXHunter 신장판,3,,,토가시 요시히로,학산문화사(만화),2013-08,5400,,5604,376,2026-09-04T10:34:33+09:00
304091956,지박소년 하나코 군 18,지박소년 하나코 군,18,,,아이다이로,서울미디어코믹스(서울문화사),2022-11,5400,9.6,5229,377,2026-09-04T10:34:33+09:00
297863750,헌터x헌터 HunterXHunter 신장판 5,헌터x헌터 HunterXHunter 신장판,5,,,토가시 요시히로,학산문화사(만화),2013-10,5400,,5296,378,2026-09-04T10:34:33+09:00
399051127,"너무 건방져, 치가야 군 1","너무 건방져, 치가야 군",1,,,안도 마이,에이템포미디어,2026-07,5850,,4750,379,2026-09-04T10:34:33+09:00
292995505,지박소년 하나코 군 17,지박소년 하나코 군,17,,,아이다이로,서울미디어코믹스(서울문화사),2022-05,5400,9.7,5066,380,2026-09-04T10:34:33+09:00
246152488,여름 안에서,여름 안에서,,,,성률,문학동네,2020-07,17550,8.1,4881,381,2026-09-04T10:34:33+09:00
297902517,헌터x헌터 HunterXHunter 신장판 10,헌터x헌터 HunterXHunter 신장판,10,,,토가시 요시히로,학산문화사(만화),2014-04,5400,,4713,382,2026-09-04T10:34:33+09:00
281358410,원피스 1,원피스,1,,- 동터오는 모험시대,오다 에이치로,대원씨아이(만화),2008-03,4950,10.0,4325,383,2026-09-04T10:34:33+09:00
394099635,담배 고양이 3,담배 고양이,3,,,냥냥 팩토리,대원씨아이(만화),2026-05,5400,10.0,4225,384,2026-09-04T10:34:33+09:00
294154150,헌터x헌터 HunterXHunter 신장판 12,헌터x헌터 HunterXHunter 신장판,12,,,토가시 요시히로,학산문화사(만화),2014-09,5400,,4328,385,2026-09-04T10:34:33+09:00
399453196,묘쌤은 이렇게 말했다 11,묘쌤은 이렇게 말했다,11,,- S코믹스,무테키 소다,㈜소미미디어,2026-08,6300,10.0,4345,386,2026-09-04T10:34:33+09:00
337105332,Veil 1,Veil,1,,"- S코믹스, JAPAN EXPO 최우수작화상, 최우수장정상 수상",코테리,㈜소미미디어,2024-04,11520,9.2,4379,387,2026-09-04T10:34:33+09:00
395849750,놀이의 관계 1,놀이의 관계,1,,- S Novel,아오이 세키나,㈜소미미디어,2026-06,7650,10.0,3980,388,2026-09-04T10:34:33+09:00
330441742,기븐 9,기븐,9,,- 뉴 루비코믹스 2970,키즈 나츠키,현대지능개발사,2023-12,5400,9.7,3941,389,2026-09-04T10:34:33+09:00
399540525,전희 서바이벌 사가 3,전희 서바이벌 사가,3,,,OTOSAMA,오팬스코믹,2026-07,6300,10.0,3480,390,2026-09-04T10:34:33+09:00
397294900,비교하고 검토하는 교열부의 쿠쥬 씨 2,비교하고 검토하는 교열부의 쿠쥬 씨,2,,,고이시 유카,서교책방,2026-07,11520,10.0,3795,391,2026-09-04T10:34:33+09:00
314918637,헌터x헌터 HunterXHunter 신장판 20,헌터x헌터 HunterXHunter 신장판,20,,,토가시 요시히로,학산문화사(만화),2015-12,5400,,3492,392,2026-09-04T10:34:33+09:00
394239585,사피엔스: 그래픽 히스토리 시리즈 세트 - 전4권,사피엔스: 그래픽 히스토리 시리즈 세트 - 전4권,,,,,김영사,2026-05,71280,9.3,3425,393,2026-09-04T10:34:33+09:00
393153006,마가이모노 1,마가이모노,1,,"- 위작, S코믹스",쿠로카와 유미,㈜소미미디어,2026-05,8100,9.6,3105,394,2026-09-04T10:34:33+09:00
388562286,양 선배는 혼자서 살아갈 수 없어 1,양 선배는 혼자서 살아갈 수 없어,1,,,soon챠,대원씨아이(만화),2026-03,5850,,2843,395,2026-09-04T10:34:33+09:00
398869812,창천항로 애장판 3,창천항로 애장판,3,,,킹곤타,대원씨아이(만화),2026-07,16200,,2820,396,2026-09-04T10:34:33+09:00
320637311,정반대의 너와 나 1,정반대의 너와 나,1,,,아가사와 코챠,학산문화사(만화),2023-07,5400,9.8,3021,397,2026-09-04T10:34:33+09:00
345982331,흑무경담 1,흑무경담,1,,- S코믹스,토가와 요난,㈜소미미디어,2024-09,5400,8.6,2941,398,2026-09-04T10:34:33+09:00
322804966,정반대의 너와 나 2,정반대의 너와 나,2,,,아가사와 코챠,학산문화사(만화),2023-08,5400,9.8,2901,399,2026-09-04T10:34:33+09:00
399486670,서유요원전 서역편 : 화염산의 장 4,서유요원전 서역편 : 화염산의 장,4,,,모로호시 다이지로,문학동네,2026-07,9900,,2590,400,2026-09-04T10:34:33+09:00
399486641,서유요원전 서역편 : 화염산의 장 3,서유요원전 서역편 : 화염산의 장,3,,,모로호시 다이지로,문학동네,2026-07,9900,,2580,401,2026-09-04T10:34:33+09:00
399973609,켄투리아 6,켄투리아,6,,,쿠라모리 토오루,학산문화사(만화),2026-08,5400,10.0,2950,402,2026-09-04T10:34:33+09:00
353581707,정반대의 너와 나 6,정반대의 너와 나,6,,,아가사와 코챠,학산문화사(만화),2024-12,5400,9.9,2515,403,2026-09-04T10:34:33+09:00
349941684,정반대의 너와 나 5,정반대의 너와 나,5,,,아가사와 코챠,학산문화사(만화),2024-10,5400,9.9,2614,404,2026-09-04T10:34:33+09:00
344689794,네가 죽을 때까지 사랑하고 싶어 7,네가 죽을 때까지 사랑하고 싶어,7,,,나치 아오노,학산문화사(만화),2024-08,5400,10.0,2534,405,2026-09-04T10:34:33+09:00
399926241,어쨌든 귀여워 25,어쨌든 귀여워,25,,- S코믹스,하타 켄지로,㈜소미미디어,2026-08,6300,,2080,406,2026-09-04T10:34:33+09:00
393803230,J⇔M 제이엠 6,J⇔M 제이엠,6,,,오타케 마사오,대원씨아이(만화),2026-05,6300,10.0,2260,407,2026-09-04T10:34:33+09:00
399556315,이우일의 만화 그리스로마 신화 1~3 세트 - 전3권,이우일의 만화 그리스로마 신화 1~3 세트 - 전3권,,,,이우일,비채,2026-07,59850,,2160,408,2026-09-04T10:34:33+09:00
331618813,먼작귀 1 (그림책 포함 특별판),먼작귀,1,그림책 포함 특별판,- 먼가 작고 귀여운 녀석,나가노,미우(대원씨아이),2022-06,17820,,2101,409,2026-09-04T10:34:33+09:00
400001284,와카코와 술 25,와카코와 술,25,,,신큐 치에,AK(에이케이)커뮤니케이션즈,2026-08,7200,,1870,410,2026-09-04T10:34:33+09:00
386058010,사카모토 데이즈 25,사카모토 데이즈,25,,- 친구이상 킬러미만,스즈키 유우토,대원씨아이(만화),2026-02,5850,,1515,411,2026-09-04T10:34:33+09:00
337394406,풀 나이트 1,풀 나이트,1,,- S코믹스,야스다 카스미,㈜소미미디어,2024-04,6300,10.0,1321,412,2026-09-04T10:34:33+09:00
400311047,호랑이형님 21,호랑이형님,21,,,이상규,영컴(YOUNG COM),2026-08,15120,,1410,413,2026-09-04T10:34:33+09:00
340310033,블리치 리믹스 3,블리치 리믹스,3,,,쿠보 타이토,서울미디어코믹스(서울문화사),2024-05,10800,10.0,1328,414,2026-09-04T10:34:33+09:00
375361063,44교시 생존수업 1,44교시 생존수업,1,,,상C,네이버웹툰,2025-12,14400,,1246,415,2026-09-04T10:34:33+09:00
400930279,에리스의 성배 6,에리스의 성배,6,,- S코믹스,모모야마 히나세,㈜소미미디어,2026-09,6300,,910,416,2026-09-04T10:34:33+09:00
400556285,꿈자리가 이상한데요?! 외전 (한정판),꿈자리가 이상한데요?! 외전,,한정판,"- 구성: 도서, SD 판 스티커, 작가 선화 및 사인 인쇄, 아크릴 누들 스토퍼, 네컷사진, 증명사진 세트, 포토카드 2종, 폴라로이드 2종",흰귀,북극여우,2026-10,39600,,940,417,2026-09-04T10:34:33+09:00
400921444,페이스리스 드롭아웃 1,페이스리스 드롭아웃,1,,- S Novel+,류토,㈜소미미디어,2026-09,10800,,1580,418,2026-09-04T10:34:33+09:00
400856452,치하야 리스타트! 2,치하야 리스타트!,2,,,타케우치 홀로,대원씨아이(만화),2026-08,5850,6.0,830,419,2026-09-04T10:34:33+09:00
401248068,"달은 차고 이지러져, 짐승의 사랑 신장판","달은 차고 이지러져, 짐승의 사랑 신장판",,,- 라르고 맥스 Largo Max,노지로 구리,조은세상(북두),2026-09,5850,,630,420,2026-09-04T10:34:33+09:00
401247959,내일은 어느 쪽! 12,내일은 어느 쪽!,12,,- 코믹 라르고 Comic Largo,야마모토 코테츠코,조은세상(북두),2026-09,5400,,620,421,2026-09-04T10:34:33+09:00
401345304,사령 마술의 용의자 3,사령 마술의 용의자,3,,,오니오,학산문화사(만화),2026-09,6300,,1060,422,2026-09-04T10:34:33+09:00
361704320,여학교의 별 4,여학교의 별,4,,,와야마 야마,문학동네,2025-03,7650,9.8,28635,423,2026-09-04T10:34:33+09:00
393250501,도쿄 에일리언즈 12 (트리플 특장판),도쿄 에일리언즈,12,트리플 특장판,- 초판 한정 : 아크릴 일러스트 카드(초판 전체) + 스페셜 일러스트 카드(선착순 한정) + 인화사진 (선착순 한정),NAOE,서울미디어코믹스(서울문화사),2026-05,5400,10.0,16300,424,2026-09-04T10:34:33+09:00
280555213,포인트 캐릭터 드로잉 - 전2권,포인트 캐릭터 드로잉 - 전2권,,,,타코,레진코믹스(레진엔터테인먼트),2021-09,25200,10.0,16088,425,2026-09-04T10:34:33+09:00
399067587,매거진 조이 Vol.3 : 가비지타임,매거진 조이 Vol.3 : 가비지타임,,,- 초판 한정 : 히든카드/ 상시 특별 부록: 접지 포스터 + 북마크 4종,2사장,다산코믹스,2026-07,22500,10.0,14165,426,2026-09-04T10:34:33+09:00
186848330,쥐 The Complete Maus 합본,쥐 The Complete Maus 합본,,,,아트 슈피겔만,아름드리미디어,2014-06,18900,9.4,13795,427,2026-09-04T10:34:33+09:00
368125805,장송의 프리렌 14,장송의 프리렌,14,,,야마다 카네히토,학산문화사(만화),2025-07,5400,9.8,10860,428,2026-09-04T10:34:33+09:00
366700348,신부이야기 15,신부이야기,15,,,모리 카오루,대원씨아이(만화),2025-06,7200,9.4,10567,429,2026-09-04T10:34:33+09:00
397744206,학생회에도 구멍은 있다! 12,학생회에도 구멍은 있다!,12,,- S코믹스,무치마로,㈜소미미디어,2026-07,6300,9.0,10280,430,2026-09-04T10:34:33+09:00
398221849,메달리스트 공식 팬북 더블특전판,메달리스트 공식 팬북 더블특전판,,,- 수량 한정 더블 특전 : 일러스트 카드 + 네컷사진,츠루마이카다,학산문화사(만화),2026-07,13500,10.0,9780,431,2026-09-04T10:34:33+09:00
299392454,자연스러운 인체 드로잉,자연스러운 인체 드로잉,,,- 해부학부터 옷 주름까지 배우는,소은 박경선,동양북스(동양문고),2022-08,21150,10.0,9622,432,2026-09-04T10:34:33+09:00
382046167,캐릭캐릭 체인지! Jewel Joker 주얼 조커 2,캐릭캐릭 체인지! Jewel Joker 주얼 조커,2,,,PEACH-PIT,서울미디어코믹스(서울문화사),2025-12,5850,9.8,9457,433,2026-09-04T10:34:33+09:00
2308089,만화의 이해,만화의 이해,,,,스콧 맥클라우드,비즈앤비즈,2008-07,17100,9.8,9161,434,2026-09-04T10:34:33+09:00
363873557,찍히지 않습니다 1,찍히지 않습니다,1,,- S코믹스,코노시마 루카,㈜소미미디어,2025-05,6300,9.8,9123,435,2026-09-04T10:34:33+09:00
352603529,지박소년 하나코 군 22,지박소년 하나코 군,22,,,아이다이로,서울미디어코믹스(서울문화사),2024-11,5400,9.9,9089,436,2026-09-04T10:34:33+09:00
360719281,지박소년 하나코 군 23,지박소년 하나코 군,23,,,아이다이로,서울미디어코믹스(서울문화사),2025-03,5400,9.8,6744,437,2026-09-04T10:34:33+09:00
216773326,그 비스크 돌은 사랑을 한다 1,그 비스크 돌은 사랑을 한다,1,,- S코믹스,후쿠다 신이치,㈜소미미디어,2019-11,6300,9.4,6166,438,2026-09-04T10:34:33+09:00
365659712,타워 던전 1,타워 던전,1,,,니헤이 츠토무,학산문화사(만화),2025-06,6300,9.6,5661,439,2026-09-04T10:34:33+09:00
314077334,헌터x헌터 HunterXHunter 신장판 4,헌터x헌터 HunterXHunter 신장판,4,,,토가시 요시히로,학산문화사(만화),2013-08,5400,,5272,440,2026-09-04T10:34:33+09:00
394169724,쓰레기 기둥서방 하나 군은 죽고 싶어 해 3,쓰레기 기둥서방 하나 군은 죽고 싶어 해,3,,,아메코,대원씨아이(만화),2026-05,5850,9.7,5005,441,2026-09-04T10:34:33+09:00
317849520,지박소년 하나코 군 19,지박소년 하나코 군,19,,,아이다이로,서울미디어코믹스(서울문화사),2023-06,5400,9.8,5013,442,2026-09-04T10:34:33+09:00
294153055,헌터x헌터 HunterXHunter 신장판 7,헌터x헌터 HunterXHunter 신장판,7,,,토가시 요시히로,학산문화사(만화),2014-01,5400,,4997,443,2026-09-04T10:34:33+09:00
389890523,타워 던전 5,타워 던전,5,,,니헤이 츠토무,학산문화사(만화),2026-04,6300,9.9,4791,444,2026-09-04T10:34:33+09:00
398418968,황천의 츠가이 11 (특별판),황천의 츠가이,11,특별판,- 초판부록 2종 + 패키지 박스 + 운명의 쌍둥이 아크릴 스탠드 2종 + 팬던트 아크릴 참 키링 1종+ 시그니처 포토카드 1종 + 빅 캔배지 1종 + 홀로그램 카드 2종,아라카와 히로무,대원씨아이(만화),2026-07,25650,10.0,4665,445,2026-09-04T10:34:33+09:00
390998609,담배 고양이 2,담배 고양이,2,,,냥냥 팩토리,대원씨아이(만화),2026-04,5400,10.0,4336,446,2026-09-04T10:34:33+09:00
315823527,헌터x헌터 HunterXHunter 신장판 9,헌터x헌터 HunterXHunter 신장판,9,,,토가시 요시히로,학산문화사(만화),2014-04,5400,,4575,447,2026-09-04T10:34:33+09:00
395357833,전생했더니 슬라임이었던 건에 대하여 23,전생했더니 슬라임이었던 건에 대하여,23,,"- S Novel+, 완결 / 초판 한정 책갈피, 양면커버",후세,㈜소미미디어,2026-06,12600,,4575,448,2026-09-04T10:34:33+09:00
314077483,헌터x헌터 HunterXHunter 신장판 8,헌터x헌터 HunterXHunter 신장판,8,,,토가시 요시히로,학산문화사(만화),2014-01,5400,,4518,449,2026-09-04T10:34:33+09:00
280599755,지박소년 하나코 군 3,지박소년 하나코 군,3,,,아이다이로,서울미디어코믹스(서울문화사),2021-10,5400,10.0,4431,450,2026-09-04T10:34:33+09:00
382042317,디 그레이 맨 29,디 그레이 맨,29,,,호시노 카츠라,대원씨아이(만화),2025-12,5400,10.0,4251,451,2026-09-04T10:34:33+09:00
394711835,악마에 입문했습니다! 이루마 군 : if Episode of 마피아 7,악마에 입문했습니다! 이루마 군 : if Episode of 마피아,7,,,니시 오사무,서울미디어코믹스(서울문화사),2026-06,5850,,4075,452,2026-09-04T10:34:33+09:00
396049036,담배 고양이 4,담배 고양이,4,,,냥냥 팩토리,대원씨아이(만화),2026-06,5400,10.0,3960,453,2026-09-04T10:34:33+09:00
282899789,지박소년 하나코 군 9,지박소년 하나코 군,9,,,아이다이로,서울미디어코믹스(서울문화사),2021-11,5400,10.0,4052,454,2026-09-04T10:34:33+09:00
396377370,너를 사랑하는 살인귀 1,너를 사랑하는 살인귀,1,,- 시프트코믹스,아키야마 엔마,YNK MEDIA(만화),2026-06,5400,10.0,4255,455,2026-09-04T10:34:33+09:00
390940611,이로하의 글이 이끄는 -눈 녹는 길-,이로하의 글이 이끄는 -눈 녹는 길-,,,,하나모리,시플리,2026-04,6300,9.1,3928,456,2026-09-04T10:34:33+09:00
310412096,기븐 8,기븐,8,,- 뉴 루비코믹스 2865,키즈 나츠키,현대지능개발사,2023-02,5400,9.6,4015,457,2026-09-04T10:34:33+09:00
284923922,지박소년 하나코 군 13,지박소년 하나코 군,13,,,아이다이로,서울미디어코믹스(서울문화사),2021-12,5400,10.0,4085,458,2026-09-04T10:34:33+09:00
300919038,헌터x헌터 HunterXHunter 신장판 13,헌터x헌터 HunterXHunter 신장판,13,,,토가시 요시히로,학산문화사(만화),2014-12,5400,,3990,459,2026-09-04T10:34:33+09:00
311936078,헌터x헌터 HunterXHunter 신장판 31,헌터x헌터 HunterXHunter 신장판,31,,,토가시 요시히로,학산문화사(만화),2013-10,5400,,4110,460,2026-09-04T10:34:33+09:00
362211849,주술회전 29,주술회전,29,,- 인외마경 신주쿠 결전 -사활-,아쿠타미 게게,서울미디어코믹스(서울문화사),2025-04,5400,10.0,3725,461,2026-09-04T10:34:33+09:00
225770299,달빛천사 애장판 1,달빛천사 애장판,1,,,타네무라 아리나,서울미디어코믹스(서울문화사),2020-01,8550,9.5,3560,462,2026-09-04T10:34:33+09:00
298348779,서랍 속 테라리움 : 신장판,서랍 속 테라리움 : 신장판,,,- S코믹스,쿠이 료코,㈜소미미디어,2022-08,8100,9.5,3574,463,2026-09-04T10:34:33+09:00
298280625,헌터x헌터 HunterXHunter 신장판 15,헌터x헌터 HunterXHunter 신장판,15,,,토가시 요시히로,학산문화사(만화),2015-04,5400,,3660,464,2026-09-04T10:34:33+09:00
398867274,찍히지 않습니다 7 (한정판),찍히지 않습니다,7,한정판,"- 아크릴 키링 + 카드 스티커 2종 + PET 4컷 사진 책갈피 + 초판 한정 일러스트 카드 + 폴라로이드 사진풍 카드 2종, S코믹스",코노시마 루카,㈜소미미디어,2026-08,22500,,3545,465,2026-09-04T10:34:33+09:00
314918984,헌터x헌터 HunterXHunter 신장판 28,헌터x헌터 HunterXHunter 신장판,28,,,토가시 요시히로,학산문화사(만화),2016-12,5400,,3517,466,2026-09-04T10:34:33+09:00
372904974,인간실격 무삭제판 1~3 세트- 전3권,인간실격 무삭제판 1~3 세트- 전3권,,,,이토 준지,미우(대원씨아이),2020-08,34560,,3312,467,2026-09-04T10:34:33+09:00
372013929,지박소년 하나코 군 24,지박소년 하나코 군,24,,,아이다이로,서울미디어코믹스(서울문화사),2025-09,5400,,3391,468,2026-09-04T10:34:33+09:00
298051313,헌터x헌터 HunterXHunter 신장판 26,헌터x헌터 HunterXHunter 신장판,26,,,토가시 요시히로,학산문화사(만화),2016-08,5400,,3389,469,2026-09-04T10:34:33+09:00
397015748,어떤 여름방학,어떤 여름방학,,,,궁리(박조은),휴머니스트,2026-06,19800,,3155,470,2026-09-04T10:34:33+09:00
337798227,물가의 밤 1,물가의 밤,1,,,으자,봄툰,2024-01,15300,10.0,3259,471,2026-09-04T10:34:33+09:00
273182393,아라키 히로히코의 만화술,아라키 히로히코의 만화술,,,,아라키 히로히코,문학동네,2021-06,11700,10.0,3501,472,2026-09-04T10:34:33+09:00
344711200,명탐정 코난 105 (특장판),명탐정 코난,105,특장판,- 초기 설정집 노트 + 아크릴 스탠드(PET) + 스티커 2종,아오야마 고쇼,서울미디어코믹스(서울문화사),2024-08,9000,10.0,2950,473,2026-09-04T10:34:33+09:00
399291548,새내기 4,새내기,4,,,혁대,블루픽,2026-07,14220,10.0,2740,474,2026-09-04T10:34:33+09:00
355242244,흑무경담 2,흑무경담,2,,- S코믹스,토가와 요난,㈜소미미디어,2025-01,5400,9.7,2796,475,2026-09-04T10:34:33+09:00
238301861,마스터 키튼 완전판 1~12 세트 - 전12권 (완결),마스터 키튼 완전판 1~12 세트 - 전12권 (완결),,,,,대원씨아이(만화),2012-05,84680,10.0,2843,476,2026-09-04T10:34:33+09:00
399056156,보이는 여고생 12,보이는 여고생,12,,- 픽시하우스,이즈미 토모키,데이즈엔터(주),2026-08,7200,,2635,477,2026-09-04T10:34:33+09:00
393696313,창천항로 애장판 1,창천항로 애장판,1,,,킹곤타,대원씨아이(만화),2026-05,16200,6.4,2725,478,2026-09-04T10:34:33+09:00
396583445,약사의 혼잣말 21,약사의 혼잣말,21,,- 마오마오의 후궁 수수께끼 풀이수첩,쿠라타 미노지,서울미디어코믹스(서울문화사),2026-06,5400,9.9,2675,479,2026-09-04T10:34:33+09:00
399050467,블루 피리어드 6 (한정판),블루 피리어드,6,한정판,"- 시프트코믹스 /한정판 구성품 : 도서(초판 부록 포함), 1~6권 수납 박스, 컬러링북 소책자, 박티켓 책갈피 3종",야마구치 츠바사,YNK MEDIA(만화),2026-07,13500,,2680,480,2026-09-04T10:34:33+09:00
396696431,요괴소년 호야 완전판 3,요괴소년 호야 완전판,3,,,후지타 카즈히로,서울미디어코믹스(서울문화사),2026-06,14400,10.0,2805,481,2026-09-04T10:34:33+09:00
393313791,추우면 변하는 헤비가미 군 1,추우면 변하는 헤비가미 군,1,,"- 초판 한정 특전: 띠지, 스티커, PET 스탠드, 투명 책갈피, SL Comic",쿠리미야,디앤씨미디어(주)(D&C미디어),2026-05,6300,8.5,2630,482,2026-09-04T10:34:33+09:00
399594642,동거하는 검성 여스승이 너무 귀여워서 매일 행복합니다 1,동거하는 검성 여스승이 너무 귀여워서 매일 행복합니다,1,,,R_링고,길찾기,2026-06,7200,10.0,2415,483,2026-09-04T10:34:33+09:00
384344658,네가 죽을 때까지 사랑하고 싶어 8,네가 죽을 때까지 사랑하고 싶어,8,,,나치 아오노,학산문화사(만화),2026-01,5400,9.9,2672,484,2026-09-04T10:34:33+09:00
333640869,먼작귀 5 (레터북 포함 특별판),먼작귀,5,레터북 포함 특별판,- 먼가 작고 귀여운 녀석,나가노,미우(대원씨아이),2024-02,23400,10.0,2447,485,2026-09-04T10:34:33+09:00
391724707,명탐정 코난 로맨틱 러버스 셀렉션,명탐정 코난 로맨틱 러버스 셀렉션,,,,아오야마 고쇼,서울미디어코믹스(서울문화사),2026-04,10800,10.0,2405,486,2026-09-04T10:34:33+09:00
399055863,다크 개더링 1,다크 개더링,1,,- 픽시하우스 /초판 한정: 띠지 + 일러스트 카드,콘도 켄이치,코믹레인,2026-08,6300,10.0,1970,487,2026-09-04T10:34:33+09:00
308287261,네가 죽을 때까지 사랑하고 싶어 5,네가 죽을 때까지 사랑하고 싶어,5,,,나치 아오노,학산문화사(만화),2023-01,5400,10.0,2267,488,2026-09-04T10:34:33+09:00
337058152,블리치 리믹스 1,블리치 리믹스,1,,,쿠보 타이토,서울미디어코믹스(서울문화사),2024-03,10800,8.0,2057,489,2026-09-04T10:34:33+09:00
310882441,먼작귀 3 (카드놀이 포함 특별판),먼작귀,3,카드놀이 포함 특별판,"- 카드놀이 세트: 카드 96장(문장 카드 46장, 그림 카드 46장) + 설명서 1장",나가노,미우(대원씨아이),2023-02,24300,4.0,2008,490,2026-09-04T10:34:33+09:00
290968765,네가 죽을 때까지 사랑하고 싶어 4,네가 죽을 때까지 사랑하고 싶어,4,,,나치 아오노,학산문화사(만화),2022-03,5400,10.0,2170,491,2026-09-04T10:34:33+09:00
400001881,무서운 책 6,무서운 책,6,,- 괴물,우메즈 카즈오,AK(에이케이)커뮤니케이션즈,2026-08,9000,,2100,492,2026-09-04T10:34:33+09:00
396782109,"생각을 길러요, 공룡 박사님의 왜왜왜 상담소","생각을 길러요, 공룡 박사님의 왜왜왜 상담소",,,,스와프나 해도우,FIKAJUNIOR(피카주니어),2026-07,15300,10.0,2165,493,2026-09-04T10:34:33+09:00
296275956,네가 죽을 때까지 사랑하고 싶어 2,네가 죽을 때까지 사랑하고 싶어,2,,,나치 아오노,학산문화사(만화),2021-02,5400,,1928,494,2026-09-04T10:34:33+09:00
400001277,할렐루야 베이비 5,할렐루야 베이비,5,,,코지마 라라,AK(에이케이)커뮤니케이션즈,2026-08,5850,,1730,495,2026-09-04T10:34:33+09:00
338563463,블리치 리믹스 2,블리치 리믹스,2,,,쿠보 타이토,서울미디어코믹스(서울문화사),2024-04,10800,10.0,1636,496,2026-09-04T10:34:33+09:00
398727927,마법소녀를 동경해서 1 (더블특전판),마법소녀를 동경해서,1,더블특전판,- 초판한정 : 일러스트 카드 1종 + SD 스티커 1종,오노나카 아키히로,대원씨아이(만화),2026-07,6750,7.3,1585,497,2026-09-04T10:34:33+09:00
396049323,곰과 토끼는 친구로 지낼 수 없다 1,곰과 토끼는 친구로 지낼 수 없다,1,,,이누요시 아키라,대원씨아이(만화),2026-06,6300,,1530,498,2026-09-04T10:34:33+09:00
400856505,아오아시 16,아오아시,16,,,코바야시 유고,대원씨아이(만화),2026-08,5850,,1240,499,2026-09-04T10:34:33+09:00
400585836,아자미 야코를 좋아하게 된다 2,아자미 야코를 좋아하게 된다,2,,,유니티 콩,대원씨아이(만화),2026-08,5850,10.0,1250,500,2026-09-04T10:34:33+09:00
400585712,버그 에고 2,버그 에고,2,,- S코믹스,시타라 키요토,㈜소미미디어,2026-08,6300,,1230,501,2026-09-04T10:34:33+09:00
400856470,선생님! 저희들이 세계를 멸망시킵니다. 9,선생님! 저희들이 세계를 멸망시킵니다.,9,,,코바야시 키나,대원씨아이(만화),2026-08,5400,,1110,502,2026-09-04T10:34:33+09:00
400585956,통제구역관리부 4,통제구역관리부,4,,,탄광,다산코믹스,2026-08,18900,2.0,960,503,2026-09-04T10:34:33+09:00
400860566,작전명 순정 8,작전명 순정,8,,,꼬까리,영진.com(영진닷컴),2026-08,14400,,790,504,2026-09-04T10:34:33+09:00
400001026,사자나미 군이 가장 싫어하는 남자,사자나미 군이 가장 싫어하는 남자,,,,오기,인디고,2026-08,5850,,830,505,2026-09-04T10:34:33+09:00
400313885,타베모노로그,타베모노로그,,,,JIU,재담,2026-08,14400,,950,506,2026-09-04T10:34:33+09:00
400917239,전생 악녀의 흑역사 18,전생 악녀의 흑역사,18,,,토우카 아키하루,서울미디어코믹스(서울문화사),2026-08,4500,,940,507,2026-09-04T10:34:33+09:00
400586291,도쿄대 세 자매 2,도쿄대 세 자매,2,,,이소야 유키,대원씨아이(만화),2026-08,5850,,890,508,2026-09-04T10:34:33+09:00
401325707,쌀쌀맞은 사토 양이 나에게만 상냥하다 4,쌀쌀맞은 사토 양이 나에게만 상냥하다,4,,- S코믹스,사와타리 카자미,㈜소미미디어,2026-09,6300,,700,509,2026-09-04T10:34:33+09:00
401047138,장송의 프리렌 10,장송의 프리렌,10,,,야마다 카네히토,학산문화사(만화),2026-08,6300,,540,510,2026-09-04T10:34:33+09:00
401046164,안티 페이크 러브,안티 페이크 러브,,,,미스미 요코,레어블(Rareble),2026-08,5400,,550,511,2026-09-04T10:34:33+09:00
400567543,취사병 전설이 되다 18,취사병 전설이 되다,18,,,제이로빈,지식오름,2026-08,13500,,1000,512,2026-09-04T10:34:33+09:00
401405266,상남자 2,상남자,2,,,하늘소,재담,2026-09,14400,,810,513,2026-09-04T10:34:33+09:00
376840323,체인소 맨 21,체인소 맨,21,,,후지모토 타츠키,학산문화사(만화),2025-11,5400,9.1,14318,514,2026-09-04T10:34:33+09:00
379795065,괴수 8호 16 (더블 특전판),괴수 8호,16,더블 특전판,"- 완결, '카프카' 캐릭터 카드 + 스페셜 일러스트 카드 2종",마츠모토 나오야,서울미디어코믹스(서울문화사),2025-12,5400,10.0,11017,515,2026-09-04T10:34:33+09:00
389546868,반딧불이의 혼례 10,반딧불이의 혼례,10,,,타치바나 오레코,서울미디어코믹스(서울문화사),2026-04,7650,9.6,10796,516,2026-09-04T10:34:33+09:00
370794176,캐릭캐릭 체인지! Jewel Joker 주얼 조커 1,캐릭캐릭 체인지! Jewel Joker 주얼 조커,1,,,PEACH-PIT,서울미디어코믹스(서울문화사),2025-08,5850,10.0,10663,517,2026-09-04T10:34:33+09:00
389009894,오무라이스 잼잼 16,오무라이스 잼잼,16,,,조경규,송송책방,2026-04,18900,10.0,10542,518,2026-09-04T10:34:33+09:00
309862975,모 이야기,모 이야기,,,"- 숲속 모험, 2024 볼로냐 라가치상 오페라 프리마 스페셜 멘션, 2025 프랑스 소시에르상 수상작",최연주,엣눈북스(atnoonbooks),2023-02,19800,9.6,10538,519,2026-09-04T10:34:33+09:00
392518701,블루 록 35,블루 록,35,,,노무라 유스케,학산문화사(만화),2026-05,5400,9.8,9590,520,2026-09-04T10:34:33+09:00
391479763,"사랑하라, 거짓된 천사들이여 6","사랑하라, 거짓된 천사들이여",6,,- 초판 한정 특전 : 양면 일러스트 카드 2종(지류),Coco Uzuki,서울미디어코믹스(서울문화사),2026-04,5400,10.0,9543,521,2026-09-04T10:34:33+09:00
294677380,귀멸의 칼날 23,귀멸의 칼날,23,,- 완결,고토게 코요하루,학산문화사(만화),2021-04,5400,9.3,8381,522,2026-09-04T10:34:33+09:00
387062834,백귀야행 31,백귀야행,31,,,이마 이치코,시공사(만화),2026-02,7200,9.8,8255,523,2026-09-04T10:34:33+09:00
367932030,찍히지 않습니다 2,찍히지 않습니다,2,,- S코믹스,코노시마 루카,㈜소미미디어,2025-07,6300,9.8,7798,524,2026-09-04T10:34:33+09:00
318850889,마루는 강쥐 1,마루는 강쥐,1,,,모죠,문페이스,2023-07,14400,10.0,6846,525,2026-09-04T10:34:33+09:00
365660227,모 이야기 2,모 이야기,2,,,최연주,엣눈북스(atnoonbooks),2025-06,20700,9.1,6692,526,2026-09-04T10:34:33+09:00
370615925,향기로운 꽃은 늠름하게 핀다 15,향기로운 꽃은 늠름하게 핀다,15,,,미카미 사카,대원씨아이(만화),2025-08,5400,,6416,527,2026-09-04T10:34:33+09:00
389890662,약사의 혼잣말 16,약사의 혼잣말,16,,,네코쿠라게,학산문화사(만화),2026-04,5400,9.8,6273,528,2026-09-04T10:34:33+09:00
345263957,카구라바치 1,카구라바치,1,,,호카조노 타케루,대원씨아이(만화),2024-08,5850,9.2,6347,529,2026-09-04T10:34:33+09:00
384927762,약사의 혼잣말 16,약사의 혼잣말,16,,- 카니발 플러스,휴우가 나츠,학산문화사(단행본),2026-01,8100,9.2,6001,530,2026-09-04T10:34:33+09:00
375158873,봄의 폭풍과 몬스터 7,봄의 폭풍과 몬스터,7,,,미츠바치 미유키,학산문화사(만화),2025-10,5400,9.6,5792,531,2026-09-04T10:34:33+09:00
394695720,바닷바람과 용의 보금자리 2,바닷바람과 용의 보금자리,2,,,시마 아사토,학산문화사(만화),2026-06,6300,10.0,5735,532,2026-09-04T10:34:33+09:00
67153695,기븐 1,기븐,1,,- 뉴 루비코믹스 1740,키즈 나츠키,현대지능개발사,2015-09,4950,9.2,5715,533,2026-09-04T10:34:33+09:00
389597923,황천의 츠가이 10,황천의 츠가이,10,,,아라카와 히로무,대원씨아이(만화),2026-04,5850,10.0,5480,534,2026-09-04T10:34:33+09:00
358910246,명탐정 코난 106 (특장판),명탐정 코난,106,특장판,- 아크릴 스탠드(PET 재질) + 아코디언 카드 + 그림 콘티 카드 세트,아오야마 고쇼,서울미디어코믹스(서울문화사),2025-02,10800,7.0,5275,535,2026-09-04T10:34:33+09:00
387582084,타워 던전 4,타워 던전,4,,,니헤이 츠토무,학산문화사(만화),2026-03,6300,10.0,5042,536,2026-09-04T10:34:33+09:00
349422137,봄의 폭풍과 몬스터 5,봄의 폭풍과 몬스터,5,,,미츠바치 미유키,학산문화사(만화),2024-10,5400,9.8,5331,537,2026-09-04T10:34:33+09:00
386937690,킹덤 Kingdom 76,킹덤 Kingdom,76,,,하라 야스히사,대원씨아이(만화),2026-02,5400,10.0,5334,538,2026-09-04T10:34:33+09:00
82662361,기븐 2,기븐,2,,- 뉴 루비코믹스 1835,키즈 나츠키,현대지능개발사,2016-04,4950,9.1,5170,539,2026-09-04T10:34:33+09:00
311362968,헌터x헌터 HunterXHunter 신장판 6,헌터x헌터 HunterXHunter 신장판,6,,,토가시 요시히로,학산문화사(만화),2013-10,5400,10.0,5077,540,2026-09-04T10:34:33+09:00
397021753,완전 쓰레기인 와타라세인데 3,완전 쓰레기인 와타라세인데,3,,,나카가와 파리,대원씨아이(만화),2026-06,5400,9.7,4875,541,2026-09-04T10:34:33+09:00
398199313,이번 생은 가주가 되겠습니다 2부 6 (특장판),이번 생은 가주가 되겠습니다 2부,6,특장판,- 만화 / 특장판 구성: 단행본 + 아크릴 스탠드 1종 + 책갈피 2종 + 엽서 5종 + 패키지 박스,앤트스튜디오,디앤씨웹툰비즈,2026-07,24300,,4830,542,2026-09-04T10:34:33+09:00
291942810,나루토 Naruto 1,나루토 Naruto,1,,,키시모토 마사시,대원씨아이(만화),2000-09,4950,,4729,543,2026-09-04T10:34:33+09:00
295417935,지. : 지구의 운동에 대하여 1,지. : 지구의 운동에 대하여,1,,,우오토,문학동네,2022-05,7200,9.7,4399,544,2026-09-04T10:34:33+09:00
373271203,마루는 강쥐 8,마루는 강쥐,8,,,모죠,문페이스,2025-10,14400,,4474,545,2026-09-04T10:34:33+09:00
394588669,천국대마경 12,천국대마경,12,,- S코믹스,이시구로 마사카즈,㈜소미미디어,2026-06,6300,9.0,4485,546,2026-09-04T10:34:33+09:00
295866022,하이큐!! 45,하이큐!!,45,,"- 완결, 도전자들",후루다테 하루이치,대원씨아이(만화),2020-12,4950,10.0,4246,547,2026-09-04T10:34:33+09:00
392518926,오가미 츠미키와 기일상 6,오가미 츠미키와 기일상,6,,,모리시타 미유,학산문화사(만화),2026-05,5400,9.3,4225,548,2026-09-04T10:34:33+09:00
278906067,지박소년 하나코 군 14,지박소년 하나코 군,14,,,아이다이로,서울미디어코믹스(서울문화사),2021-09,5400,10.0,4483,549,2026-09-04T10:34:33+09:00
278906155,지박소년 하나코 군 15,지박소년 하나코 군,15,,,아이다이로,서울미디어코믹스(서울문화사),2021-09,5400,9.4,4445,550,2026-09-04T10:34:33+09:00
384923701,패배 히로인이 너무 많아! 8,패배 히로인이 너무 많아!,8,,- Novel Engine,아마모리 타키비,데이즈엔터(주),2026-02,7200,10.0,4165,551,2026-09-04T10:34:33+09:00
393803131,"밟고, 차고, 사랑하고 6","밟고, 차고, 사랑하고",6,,,이치야 스미,대원씨아이(만화),2026-05,4950,9.7,4045,552,2026-09-04T10:34:33+09:00
282899607,지박소년 하나코 군 7,지박소년 하나코 군,7,,,아이다이로,서울미디어코믹스(서울문화사),2021-11,5400,10.0,4067,553,2026-09-04T10:34:33+09:00
390941683,황천의 츠가이 1,황천의 츠가이,1,,,아라카와 히로무,대원씨아이(만화),2022-08,5850,,3725,554,2026-09-04T10:34:33+09:00
300919153,헌터x헌터 HunterXHunter 신장판 14,헌터x헌터 HunterXHunter 신장판,14,,,토가시 요시히로,학산문화사(만화),2014-12,5400,,3759,555,2026-09-04T10:34:33+09:00
225772243,달빛천사 애장판 2,달빛천사 애장판,2,,,타네무라 아리나,서울미디어코믹스(서울문화사),2020-01,8550,10.0,3487,556,2026-09-04T10:34:33+09:00
400006989,이세계 유유자적 농가 16,이세계 유유자적 농가,16,,"- Novel Engine /초판한정 특별부록: 띠지, 양면 커버",나이토 키노스케,데이즈엔터(주),2026-08,9000,10.0,3320,557,2026-09-04T10:34:33+09:00
396563437,나나 NANA 완전판 10,나나 NANA 완전판,10,,"- 초판한정: PP엽서 1종, 포토카드 1종",야자와 아이,학산문화사(만화),2026-06,10800,,3235,558,2026-09-04T10:34:33+09:00
379954205,팔견전 24,팔견전,24,,"- 동방팔견이문, S코믹스, 완결",아베 미유키,㈜소미미디어,2025-12,5400,8.5,3453,559,2026-09-04T10:34:33+09:00
341682079,패배 히로인이 너무 많아! 5,패배 히로인이 너무 많아!,5,,- Novel Engine,아마모리 타키비,데이즈엔터(주),2024-07,6750,9.3,3222,560,2026-09-04T10:34:33+09:00
400153916,명탐정 코난 : 범인 한자와 씨 10,명탐정 코난 : 범인 한자와 씨,10,,,칸바 마유코,서울미디어코믹스(서울문화사),2026-08,5400,10.0,2780,561,2026-09-04T10:34:33+09:00
400225649,인생 역전 3,인생 역전,3,,- S Novel,D,㈜소미미디어,2026-08,7650,,2880,562,2026-09-04T10:34:33+09:00
396049332,블루 자이언트 모멘텀 6,블루 자이언트 모멘텀,6,,,이시즈카 신이치,대원씨아이(만화),2026-06,5850,10.0,2905,563,2026-09-04T10:34:33+09:00
399953550,데스마치에서 시작되는 이세계 광상곡 34,데스마치에서 시작되는 이세계 광상곡,34,,"- L Novel /초판 한정 특전 : 띠지, 책갈피",아이나나 히로,디앤씨미디어(주)(D&C미디어),2026-08,9900,,2790,564,2026-09-04T10:34:33+09:00
398833327,이 결혼은 어차피 망하게 되어 있다 8,이 결혼은 어차피 망하게 되어 있다,8,,,,영컴(YOUNG COM),2026-07,15120,,2870,565,2026-09-04T10:34:33+09:00
387039298,이거 그리고 죽어 7,이거 그리고 죽어,7,,,토요다 미노루,대원씨아이(만화),2026-02,5400,9.4,2711,566,2026-09-04T10:34:33+09:00
400000607,빠져든 침대에서 천사의 자는 얼굴을 보고 싶을 뿐,빠져든 침대에서 천사의 자는 얼굴을 보고 싶을 뿐,,,- #둘이서 저지른 비밀의 교칙 위반,우에스 테츠토,AK(에이케이)커뮤니케이션즈,2026-08,10800,,2620,567,2026-09-04T10:34:33+09:00
323998644,먼작귀 4 (콩알도감 포함 특별판),먼작귀,4,콩알도감 포함 특별판,- 먼가 작고 귀여운 녀석,나가노,미우(대원씨아이),2023-09,21600,6.7,2395,568,2026-09-04T10:34:33+09:00
378051373,카구라바치 8,카구라바치,8,,,호카조노 타케루,대원씨아이(만화),2025-11,5850,,2475,569,2026-09-04T10:34:33+09:00
319093936,100미터 2,100미터,2,,,우오토,학산문화사(만화),2023-06,8100,10.0,2355,570,2026-09-04T10:34:33+09:00
323998705,먼작귀 4,먼작귀,4,,- 먼가 작고 귀여운 녀석,나가노,미우(대원씨아이),2023-09,10800,9.8,2319,571,2026-09-04T10:34:33+09:00
398906340,벨 푸페의 슈퍼달링 약혼 2 (한정판),벨 푸페의 슈퍼달링 약혼,2,한정판,- 아크릴 스탠드 + PET 프레임 클리어 카드 3종,셀렌,학산문화사(만화),2026-07,19800,,2205,572,2026-09-04T10:34:33+09:00
400245338,공주님 고문의 시간입니다 19,공주님 고문의 시간입니다,19,,- 완결,하루하라 로빈슨,학산문화사(만화),2026-08,5400,10.0,2130,573,2026-09-04T10:34:33+09:00
399541020,클레바테스 10,클레바테스,10,,,이와하라 유지,오팬스코믹,2026-07,6300,,2300,574,2026-09-04T10:34:33+09:00
333690666,건방진 그 녀석 2,건방진 그 녀석,2,,,미츠바치 미유키,학산문화사(만화),2016-05,5400,10.0,2164,575,2026-09-04T10:34:33+09:00
399056149,제도성배기담 Fate/type Redline 6,제도성배기담 Fate/type Redline,6,,- 노엔 코믹스 / 초판한정 특별부록 : 일러스트 카드 + 띠지,히라노 료지,데이즈엔터(주),2026-08,7200,10.0,2095,576,2026-09-04T10:34:33+09:00
400224750,선생님으로 ○○하면 안 됩니다! 3,선생님으로 ○○하면 안 됩니다!,3,,- S코믹스,무샤사부,㈜소미미디어,2026-08,6300,,1970,577,2026-09-04T10:34:33+09:00
326489876,네가 죽을 때까지 사랑하고 싶어 6,네가 죽을 때까지 사랑하고 싶어,6,,,나치 아오노,학산문화사(만화),2023-10,5400,10.0,2159,578,2026-09-04T10:34:33+09:00
318446151,네가 죽을 때까지 사랑하고 싶어 3,네가 죽을 때까지 사랑하고 싶어,3,,,나치 아오노,학산문화사(만화),2021-05,5400,,2038,579,2026-09-04T10:34:33+09:00
338379758,이거 그리고 죽어 1,이거 그리고 죽어,1,,,토요다 미노루,대원씨아이(만화),2024-04,5400,9.7,2091,580,2026-09-04T10:34:33+09:00
399381805,격기 3반 18,격기 3반,18,,- 남일고등학교 격투기 특기반,이학,대원씨아이(만화),2026-07,4950,10.0,2040,581,2026-09-04T10:34:33+09:00
399056425,다크 개더링 3,다크 개더링,3,,- 픽시하우스 / 초판 한정 : 띠지+일러스트 카드,콘도 켄이치,코믹레인,2026-08,6300,,1620,582,2026-09-04T10:34:33+09:00
399056069,다크 개더링 2,다크 개더링,2,,- 픽시하우스 /초판 한정: 띠지 + 일러스트 카드,콘도 켄이치,코믹레인,2026-08,6300,,1610,583,2026-09-04T10:34:33+09:00
394588521,풀 나이트 4,풀 나이트,4,,- S코믹스,야스다 카스미,㈜소미미디어,2026-06,6300,10.0,1690,584,2026-09-04T10:34:33+09:00
400587655,킬블루 13,킬블루,13,,,후지마키 타다토시,대원씨아이(만화),2026-08,5400,,1440,585,2026-09-04T10:34:33+09:00
400707962,추방 당한 전생 중기사는 게임 지식으로 무쌍한다 12,추방 당한 전생 중기사는 게임 지식으로 무쌍한다,12,,,브로콜리,대원씨아이(만화),2026-08,5850,,1410,586,2026-09-04T10:34:33+09:00
396091175,향기로운 꽃은 늠름하게 핀다 14,향기로운 꽃은 늠름하게 핀다,14,,,미카미 사카,대원씨아이(만화),2026-06,6300,,1525,587,2026-09-04T10:34:33+09:00
388861705,얼굴만으론 좋아할 수 없어요 16,얼굴만으론 좋아할 수 없어요,16,,,안자이 카린,서울미디어코믹스(서울문화사),2026-03,5400,,1495,588,2026-09-04T10:34:33+09:00
375536744,풀 나이트 3,풀 나이트,3,,- S코믹스,야스다 카스미,㈜소미미디어,2025-11,5400,10.0,1555,589,2026-09-04T10:34:33+09:00
399312403,극한견주 6,극한견주,6,,- 출간 기념 선착순 특전: 잘라쓰는 북마크,마일로,북극여우,2026-07,14850,,1375,590,2026-09-04T10:34:33+09:00
396563330,노이지 룸메이트 6,노이지 룸메이트,6,,,오자키 카호,대원씨아이(만화),2026-06,5400,10.0,1355,591,2026-09-04T10:34:33+09:00
385894622,먼작귀 2 (그림책 포함 특별판),먼작귀,2,그림책 포함 특별판,- 먼가 작고 귀여운 녀석,나가노,미우(대원씨아이),2022-08,17820,,1401,592,2026-09-04T10:34:33+09:00
389359455,그리스 로마 신화를 한 번도 안 읽어볼 수는 없잖아,그리스 로마 신화를 한 번도 안 읽어볼 수는 없잖아,,,,Team. StoryG,oldstairs(올드스테어즈),2026-04,21600,,1520,593,2026-09-04T10:34:33+09:00
400586342,펜과 수갑과 사실혼 4,펜과 수갑과 사실혼,4,,,사와라기 신이치,학산문화사(만화),2026-08,5400,,1120,594,2026-09-04T10:34:33+09:00
400585727,전격데이지 애장판 1,전격데이지 애장판,1,,- 루나 코믹스,모토미 쿄스케,㈜소미미디어,2026-08,12600,10.0,1060,595,2026-09-04T10:34:33+09:00
391302897,못 미더운 악녀입니다만 : ~추궁접서 교체전~ 9,못 미더운 악녀입니다만 : ~추궁접서 교체전~,9,,,EI Ohitsuji,서울미디어코믹스(서울문화사),2026-04,6300,10.0,1404,596,2026-09-04T10:34:33+09:00
400586056,SCP가 뭔가요? 3,SCP가 뭔가요?,3,,,하치훈,대원씨아이(만화),2026-08,5850,,1040,597,2026-09-04T10:34:33+09:00
400733376,건강하고 문화적인 최저한도의 생활 11,건강하고 문화적인 최저한도의 생활,11,,,가시와기 하루코,문학동네,2026-08,8820,,1020,598,2026-09-04T10:34:33+09:00
400860220,작전명 순정 7,작전명 순정,7,,,꼬까리,영진.com(영진닷컴),2026-08,14400,,800,599,2026-09-04T10:34:33+09:00
400856443,응원 걸! 1,응원 걸!,1,,,다나카 유치아,대원씨아이(만화),2026-08,5400,10.0,710,600,2026-09-04T10:34:33+09:00
400860690,작전명 순정 9,작전명 순정,9,,,꼬까리,영진.com(영진닷컴),2026-08,14400,,770,601,2026-09-04T10:34:33+09:00
347732633,인터넷 러브!,인터넷 러브!,,,,우리노 키코,빗금,2024-09,7650,9.5,688,602,2026-09-04T10:34:33+09:00
400980709,키스 다음부터는 애드리브로,키스 다음부터는 애드리브로,,,- B愛+752,키사라기 마나미,대원씨아이(만화),2026-08,5850,2.0,640,603,2026-09-04T10:34:33+09:00
400585953,떨거지 인어 디아나 1,떨거지 인어 디아나,1,,- S코믹스,스아마,㈜소미미디어,2026-08,6300,,780,604,2026-09-04T10:34:33+09:00
401369571,바라메 강림하여 주소서 2,바라메 강림하여 주소서,2,,"- 초판 부록: 포토카드 1매, 책갈피 1매, 띠지",백상언,레진코믹스(레진엔터테인먼트),2026-09,15300,,530,605,2026-09-04T10:34:33+09:00
400567329,취사병 전설이 되다 17,취사병 전설이 되다,17,,,제이로빈,지식오름,2026-08,13500,,890,606,2026-09-04T10:34:33+09:00
401291184,1995 청춘 레포트 2,1995 청춘 레포트,2,,- 초판 한정 부록 : 껌 만화 + 인화사진 + 띠지,맹수,봄툰,2026-08,14400,,510,607,2026-09-04T10:34:33+09:00
374014906,명탐정 코난 : 1일 1쪽 뇌 자극 수학 추리 고급편 154문,명탐정 코난 : 1일 1쪽 뇌 자극 수학 추리 고급편 154문,,,,아오야마 고쇼,서울미디어코믹스(서울문화사),2025-10,13500,10.0,1005,608,2026-09-04T10:34:33+09:00
401345074,옷소매 붉은 끝동 11,옷소매 붉은 끝동,11,,- 만화,강미강,학산문화사(만화),2026-09,14400,,590,609,2026-09-04T10:34:33+09:00
400856416,벼랑 끝의 영애는 흑기사님을 반하게 하고 싶어 1,벼랑 끝의 영애는 흑기사님을 반하게 하고 싶어,1,,,스오우,대원씨아이(만화),2026-08,5850,,550,610,2026-09-04T10:34:33+09:00
401372286,라멘 아카네코 14,라멘 아카네코,14,,,Angyaman,서울미디어코믹스(서울문화사),2026-09,9000,,590,611,2026-09-04T10:34:33+09:00
401325888,"네가 울부짖기 위한 노래를, 3","네가 울부짖기 위한 노래를,",3,,- S코믹스,카시카제,㈜소미미디어,2026-09,6300,,590,612,2026-09-04T10:34:33+09:00
401345371,우리들은 모두 *어 있다 3,우리들은 모두 *어 있다,3,,,킨다이치 렌쥬로,학산문화사(만화),2026-09,5400,,620,613,2026-09-04T10:34:33+09:00
401406928,소녀왕국 표류기 42,소녀왕국 표류기,42,,,후지시로 타케시,삼양출판사(만화),2026-09,4320,,710,614,2026-09-04T10:34:33+09:00
360231181,체인소 맨 19,체인소 맨,19,,,후지모토 타츠키,학산문화사(만화),2025-03,5400,9.4,17307,615,2026-09-04T10:34:33+09:00
371535926,체인소 맨 20,체인소 맨,20,,,후지모토 타츠키,학산문화사(만화),2025-09,5400,9.2,16547,616,2026-09-04T10:34:33+09:00
387708173,GACHIAKUTA 16,GACHIAKUTA,16,,,케이 우라나,학산문화사(만화),2026-03,5400,10.0,11258,617,2026-09-04T10:34:33+09:00
353810371,체인소 맨 18,체인소 맨,18,,,후지모토 타츠키,학산문화사(만화),2024-12,5400,8.8,11324,618,2026-09-04T10:34:33+09:00
393239337,모모세 아키라의 첫사랑 파탄 중 5 (트리플 특전판),모모세 아키라의 첫사랑 파탄 중,5,트리플 특전판,- 스페셜 아크릴 일러스트 카드(1종) + 다양한 매력의 양면 일러스트 카드(2종),하레카와 신타,서울미디어코믹스(서울문화사),2026-05,6750,9.8,10975,619,2026-09-04T10:34:33+09:00
284699967,귀멸의 칼날 외전,귀멸의 칼날 외전,,,,히라노 료지,학산문화사(만화),2021-12,5400,9.8,10278,620,2026-09-04T10:34:33+09:00
376257892,그 비스크 돌은 사랑을 한다 15,그 비스크 돌은 사랑을 한다,15,,- S코믹스,후쿠다 신이치,㈜소미미디어,2025-11,5400,9.4,8669,621,2026-09-04T10:34:33+09:00
353809342,스파이 패밀리 14,스파이 패밀리,14,,,엔도 타츠야,학산문화사(만화),2024-12,5400,9.8,8698,622,2026-09-04T10:34:33+09:00
374276000,마남 이치 2 (더블 특전판),마남 이치,2,더블 특전판,- 홀로그램 일러스트 카드 1종 + 일러스트 책갈피 3종,유사자키 시로,서울미디어코믹스(서울문화사),2025-10,6300,9.6,7860,623,2026-09-04T10:34:33+09:00
277000811,명탐정 코난 : 경찰학교 편 - 하,명탐정 코난 : 경찰학교 편 - 하,,,,아라이 타카히로,서울미디어코믹스(서울문화사),2021-08,4950,9.3,7876,624,2026-09-04T10:34:33+09:00
338271919,지박소년 하나코 군 21,지박소년 하나코 군,21,,,아이다이로,서울미디어코믹스(서울문화사),2024-04,5400,10.0,7908,625,2026-09-04T10:34:33+09:00
295225480,귀멸의 칼날 22,귀멸의 칼날,22,,,고토게 코요하루,학산문화사(만화),2021-01,5400,,7621,626,2026-09-04T10:34:33+09:00
383612098,타몬 군 지금 어느 쪽?! 11,타몬 군 지금 어느 쪽?!,11,,,시와스 유키,학산문화사(만화),2026-01,5400,10.0,7537,627,2026-09-04T10:34:33+09:00
301706355,주술회전 1,주술회전,1,,,아쿠타미 게게,서울미디어코믹스(서울문화사),2019-03,5400,4.0,7472,628,2026-09-04T10:34:33+09:00
286833118,장송의 프리렌 4,장송의 프리렌,4,,,야마다 카네히토,학산문화사(만화),2022-01,5400,9.3,7381,629,2026-09-04T10:34:33+09:00
294402029,귀멸의 칼날 20,귀멸의 칼날,20,,,고토게 코요하루,학산문화사(만화),2020-09,5400,,7145,630,2026-09-04T10:34:33+09:00
374814986,찍히지 않습니다 3,찍히지 않습니다,3,,"- S코믹스, 초판종료",코노시마 루카,㈜소미미디어,2025-10,5850,8.3,7161,631,2026-09-04T10:34:33+09:00
390689243,찍히지 않습니다 5,찍히지 않습니다,5,,"- S코믹스 /초판 한정 일러스트 카드, 폴라로이드 사진풍 카드 2종, PET 책갈피",코노시마 루카,㈜소미미디어,2026-04,5850,9.8,7019,632,2026-09-04T10:34:33+09:00
301706475,주술회전 2,주술회전,2,,,아쿠타미 게게,서울미디어코믹스(서울문화사),2019-03,5400,,6874,633,2026-09-04T10:34:33+09:00
66417675,슬램덩크 오리지널 박스판 1~5 세트 - 전5권,슬램덩크 오리지널 박스판 1~5 세트 - 전5권,,,,이노우에 타케히코,대원씨아이(만화),2015-09,27000,9.9,7091,634,2026-09-04T10:34:33+09:00
338121617,너와 장밋빛 매일 1,너와 장밋빛 매일,1,,,히로 치히로,서울미디어코믹스(서울문화사),2024-04,5400,9.9,6684,635,2026-09-04T10:34:33+09:00
315295029,귀멸 학원! 3,귀멸 학원!,3,,,호카미 나츠키,학산문화사(만화),2023-04,5400,9.6,6212,636,2026-09-04T10:34:33+09:00
398903862,보이시한 여자친구가 너무 귀여워 5 (특장판),보이시한 여자친구가 너무 귀여워,5,특장판,- 특장판 구성: 단행본 + 48P 소책자 + 초판특전 폴라로이드 사진 + 초판 특전 카메라 렌즈 속 투샷 사진,규뉴무기고항,서울미디어코믹스(서울문화사),2026-07,10800,,5990,637,2026-09-04T10:34:33+09:00
388496310,단다단 20,단다단,20,,,타츠 유키노부,대원씨아이(만화),2026-03,5400,9.5,5975,638,2026-09-04T10:34:33+09:00
392509889,애태울 정도의 사랑을 알아라 2,애태울 정도의 사랑을 알아라,2,,,쿄노 마코,학산문화사(만화),2026-05,6300,9.9,6075,639,2026-09-04T10:34:33+09:00
398197212,비실비실 선생님 15 (특별판),비실비실 선생님,15,특별판,- 패키지 박스 + 초판한정 일러스트 폴라로이드 카드 1종 + 캐릭터 아크릴 스탠드 1종 + 아크릴 키링 2종 + 포토카드 4종 + 미니포스터 1종,후쿠치 카미오,대원씨아이(만화),2026-07,27000,,5920,640,2026-09-04T10:34:33+09:00
333717879,봄의 폭풍과 몬스터 3,봄의 폭풍과 몬스터,3,,,미츠바치 미유키,학산문화사(만화),2024-02,5400,9.9,5889,641,2026-09-04T10:34:33+09:00
335717444,GACHIAKUTA 1,GACHIAKUTA,1,,,케이 우라나,학산문화사(만화),2024-03,5400,10.0,5639,642,2026-09-04T10:34:33+09:00
395999849,이다의 날마다 자연관찰,이다의 날마다 자연관찰,,,- 어린이를 위한 자연관찰 그림일기,이다,보리,2026-06,16650,10.0,5350,643,2026-09-04T10:34:33+09:00
393112792,비실비실 선생님 13,비실비실 선생님,13,,,후쿠치 카미오,대원씨아이(만화),2026-05,5850,10.0,5370,644,2026-09-04T10:34:33+09:00
388137308,믹스 MIX 24,믹스 MIX,24,,,아다치 미츠루,대원씨아이(만화),2026-03,5400,10.0,5359,645,2026-09-04T10:34:33+09:00
382042979,지박소년 하나코 군 25 (어드벤트 캘린더 특장판),지박소년 하나코 군,25,어드벤트 캘린더 특장판,- 어드벤트 캘린더 (아크릴 참 7종 & 미니 클리어 카드 17종) + 25권 초판 사은품 (홀로그램 양면 책갈피 + 아크릴 스탠딩 POP),아이다이로,서울미디어코믹스(서울문화사),2026-01,48600,7.0,5158,646,2026-09-04T10:34:33+09:00
349387430,그 비스크 돌은 사랑을 한다 13,그 비스크 돌은 사랑을 한다,13,,- S코믹스,후쿠다 신이치,㈜소미미디어,2024-10,6300,10.0,4942,647,2026-09-04T10:34:33+09:00
356890808,사카모토 데이즈 16,사카모토 데이즈,16,,- 해후,스즈키 유우토,대원씨아이(만화),2024-06,5850,,4781,648,2026-09-04T10:34:33+09:00
301714509,주술회전 16,주술회전,16,,- 시부야 사변 -폐문-,아쿠타미 게게,서울미디어코믹스(서울문화사),2021-08,5400,,4660,649,2026-09-04T10:34:33+09:00
280599696,지박소년 하나코 군 2,지박소년 하나코 군,2,,,아이다이로,서울미디어코믹스(서울문화사),2021-10,5400,10.0,4552,650,2026-09-04T10:34:33+09:00
384180355,단다단 18,단다단,18,,,타츠 유키노부,대원씨아이(만화),2026-01,5400,9.6,4334,651,2026-09-04T10:34:33+09:00
389641207,황천의 츠가이 2,황천의 츠가이,2,,,아라카와 히로무,대원씨아이(만화),2022-12,5850,,4270,652,2026-09-04T10:34:33+09:00
395809429,비실비실 선생님 14,비실비실 선생님,14,,,후쿠치 카미오,대원씨아이(만화),2026-06,5850,,4330,653,2026-09-04T10:34:33+09:00
282899364,지박소년 하나코 군 5,지박소년 하나코 군,5,,,아이다이로,서울미디어코믹스(서울문화사),2021-11,5400,10.0,4443,654,2026-09-04T10:34:33+09:00
282899555,지박소년 하나코 군 6,지박소년 하나코 군,6,,,아이다이로,서울미디어코믹스(서울문화사),2021-11,5400,10.0,4229,655,2026-09-04T10:34:33+09:00
286341412,지박소년 하나코 군 16,지박소년 하나코 군,16,,,아이다이로,서울미디어코믹스(서울문화사),2022-01,5400,9.7,4494,656,2026-09-04T10:34:33+09:00
390011039,황천의 츠가이 3,황천의 츠가이,3,,,아라카와 히로무,대원씨아이(만화),2023-05,5850,,4130,657,2026-09-04T10:34:33+09:00
257021910,기븐 6,기븐,6,,- 뉴 루비코믹스 2555,키즈 나츠키,현대지능개발사,2020-11,4950,9.6,4276,658,2026-09-04T10:34:33+09:00
396455881,시온 군이 말하는 대로 1,시온 군이 말하는 대로,1,,,Neko Inukai,서울미디어코믹스(서울문화사),2026-06,5850,,4060,659,2026-09-04T10:34:33+09:00
338430853,명탐정 코난 104 (특장판),명탐정 코난,104,특장판,- 아크릴 스탠드 + 극장판 '명탐정코난: 흑철의 어영' 그림 콘티북 + 어나더 커버,아오야마 고쇼,서울미디어코믹스(서울문화사),2024-04,9000,8.7,4010,660,2026-09-04T10:34:33+09:00
398843926,무대 담당과 악역 군 2,무대 담당과 악역 군,2,,- 완결 / 초판 한정 양면 일러스트 카드 2종,야마시나 티나,㈜소미미디어,2026-07,6300,,3810,661,2026-09-04T10:34:33+09:00
7633452,오란고교 호스트부 Fanbook,오란고교 호스트부 Fanbook,,,- 콩닥♥두근☆공략 대작전,하토리 비스코,학산문화사(만화),2010-08,6300,9.8,3810,662,2026-09-04T10:34:33+09:00
295865866,하이큐!! 43,하이큐!!,43,,- 최종보스,후루다테 하루이치,대원씨아이(만화),2020-09,4950,,3723,663,2026-09-04T10:34:33+09:00
301073130,하이큐!! 44,하이큐!!,44,,- 최강의 적,후루다테 하루이치,대원씨아이(만화),2020-11,4950,,3663,664,2026-09-04T10:34:33+09:00
380346507,더블크로스 The 3rd Edition 룰북 1,더블크로스 The 3rd Edition 룰북,1,,,F.E.A.R,데이즈엔터(주),2025-12,13500,,3507,665,2026-09-04T10:34:33+09:00
393715017,노아 선배는 친구 9,노아 선배는 친구,9,,- 초판특전 : 포토카드 2종 세트,아키야마 엔마,서울미디어코믹스(서울문화사),2026-05,5850,9.5,3630,666,2026-09-04T10:34:33+09:00
298203594,나루토 Naruto 3,나루토 Naruto,3,,,키시모토 마사시,대원씨아이(만화),2000-11,4950,,3504,667,2026-09-04T10:34:33+09:00
374998765,GACHIAKUTA 15,GACHIAKUTA,15,,- 일반판,케이 우라나,학산문화사(만화),2025-10,5400,,3284,668,2026-09-04T10:34:33+09:00
394124156,캐릭캐릭 체인지! Jewel Joker 주얼 조커 3 (특장판),캐릭캐릭 체인지! Jewel Joker 주얼 조커,3,특장판,- 슬리브 케이스 + 일러스트 엽서 5종 + 이쿠토&타다세 아크릴 블록 세트(일반판 초판 특전 미포함),PEACH-PIT,서울미디어코믹스(서울문화사),2026-05,36000,,3500,669,2026-09-04T10:34:33+09:00
398009982,한구석의 기억 1,한구석의 기억,1,,,키요나가 타마고,빗금,2026-07,6750,10.0,3215,670,2026-09-04T10:34:33+09:00
398870503,더 죠죠랜즈 3 : 돈벌이할 시간,더 죠죠랜즈 3 : 돈벌이할 시간,,,- 죠죠의 기묘한 모험 Part 9,아라키 히로히코,문학동네,2026-07,7200,10.0,3070,671,2026-09-04T10:34:33+09:00
331057127,약사의 혼잣말 3,약사의 혼잣말,3,,,네코쿠라게,학산문화사(만화),2019-12,5400,,2926,672,2026-09-04T10:34:33+09:00
393514967,아름다운 인체 그리기 레슨,아름다운 인체 그리기 레슨,,,,후지타쿠,한즈미디어(한스미디어),2026-05,16200,9.7,3055,673,2026-09-04T10:34:33+09:00
375535559,나의 히어로 아카데미아 공식 일러스트집 Ultra Artworks,나의 히어로 아카데미아 공식 일러스트집 Ultra Artworks,,,,호리코시 코헤이,서울미디어코믹스(서울문화사),2025-10,39600,,2952,674,2026-09-04T10:34:33+09:00
384444527,너와 장밋빛 매일 2,너와 장밋빛 매일,2,,,히로 치히로,서울미디어코믹스(서울문화사),2026-01,5400,9.7,3057,675,2026-09-04T10:34:33+09:00
372071162,참을 수 없는 건 사랑인 걸까 4,참을 수 없는 건 사랑인 걸까,4,,,소라하나 미아,대원씨아이(만화),2025-09,5850,10.0,2881,676,2026-09-04T10:34:33+09:00
299392362,하이큐!! 38,하이큐!!,38,,- 태스크 포커스,후루다테 하루이치,대원씨아이(만화),2019-09,4950,,2965,677,2026-09-04T10:34:33+09:00
398906133,벨 푸페의 슈퍼달링 약혼 2,벨 푸페의 슈퍼달링 약혼,2,,- 코믹,셀렌,학산문화사(만화),2026-07,6300,,2865,678,2026-09-04T10:34:33+09:00
397592282,아오이 군의 음담패설은 참을 수 없어!! 2,아오이 군의 음담패설은 참을 수 없어!!,2,,,mmk,학산문화사(만화),2026-07,6300,,2885,679,2026-09-04T10:34:33+09:00
397022214,창천항로 애장판 2,창천항로 애장판,2,,,킹곤타,대원씨아이(만화),2026-06,16200,10.0,2800,680,2026-09-04T10:34:33+09:00
393313418,고블린 슬레이어 17,고블린 슬레이어,17,,- SL Comic,쿠로세 코스케,디앤씨미디어(주)(D&C미디어),2026-05,6300,10.0,2895,681,2026-09-04T10:34:33+09:00
309292959,무로이 야스오의 캐릭터 얼굴 & 바스트업 작화 기술,무로이 야스오의 캐릭터 얼굴 & 바스트업 작화 기술,,,,무로이 야스오,영진.com(영진닷컴),2023-02,18000,9.4,2780,682,2026-09-04T10:34:33+09:00
232336577,달빛천사 애장판 3,달빛천사 애장판,3,,,타네무라 아리나,서울미디어코믹스(서울문화사),2020-02,8550,10.0,2548,683,2026-09-04T10:34:33+09:00
320691848,먼작귀 3,먼작귀,3,,- 먼가 작고 귀여운 녀석,나가노,미우(대원씨아이),2023-02,10800,,2576,684,2026-09-04T10:34:33+09:00
387254200,요괴소년 호야 완전판 1,요괴소년 호야 완전판,1,,,후지타 카즈히로,서울미디어코믹스(서울문화사),2026-02,14400,9.0,2769,685,2026-09-04T10:34:33+09:00
232338320,달빛천사 애장판 4,달빛천사 애장판,4,,- 완결,타네무라 아리나,서울미디어코믹스(서울문화사),2020-02,8550,10.0,2523,686,2026-09-04T10:34:33+09:00
321124579,먼작귀 1,먼작귀,1,,- 먼가 작고 귀여운 녀석,나가노,미우(대원씨아이),2022-06,10800,,2547,687,2026-09-04T10:34:33+09:00
319093776,100미터 1,100미터,1,,,우오토,학산문화사(만화),2023-06,8100,10.0,2638,688,2026-09-04T10:34:33+09:00
101106033,스파이더맨 / 데드풀 VOL. 1 : 브로맨틱하지 않나요?,스파이더맨 / 데드풀 VOL. 1 : 브로맨틱하지 않나요?,,,,조 켈리,시공사(만화),2017-01,10800,6.0,2670,689,2026-09-04T10:34:33+09:00
396168079,젖짜기 헌터의 이세계 착유기 1,젖짜기 헌터의 이세계 착유기,1,,,소라요미 다이치,길찾기,2026-05,7200,8.0,2765,690,2026-09-04T10:34:33+09:00
391655250,요괴소년 호야 완전판 2,요괴소년 호야 완전판,2,,,후지타 카즈히로,서울미디어코믹스(서울문화사),2026-04,14400,10.0,2684,691,2026-09-04T10:34:33+09:00
398326987,소드 오라토리아 16,소드 오라토리아,16,,"- 던전에서 만남을 추구하면 안 되는 걸까 외전, S Novel",오모리 후지노,㈜소미미디어,2026-07,10800,,2420,692,2026-09-04T10:34:33+09:00
394833578,장송의 프리렌 1,장송의 프리렌,1,,,야마다 카네히토,학산문화사(만화),2021-11,6300,,2410,693,2026-09-04T10:34:33+09:00
319094091,100미터 5,100미터,5,,,우오토,학산문화사(만화),2023-06,8100,10.0,2297,694,2026-09-04T10:34:33+09:00
319093999,100미터 3,100미터,3,,,우오토,학산문화사(만화),2023-06,8100,10.0,2251,695,2026-09-04T10:34:33+09:00
319094052,100미터 4,100미터,4,,,우오토,학산문화사(만화),2023-06,8100,10.0,2246,696,2026-09-04T10:34:33+09:00
400138794,이번 생은 가주가 되겠습니다 2부 6,이번 생은 가주가 되겠습니다 2부,6,,- 만화,앤트스튜디오,디앤씨웹툰비즈,2026-08,14400,,2280,697,2026-09-04T10:34:33+09:00
395531072,장송의 프리렌 13,장송의 프리렌,13,,,야마다 카네히토,학산문화사(만화),2024-12,6300,,2050,698,2026-09-04T10:34:33+09:00
301396135,오란고교 호스트부 8,오란고교 호스트부,8,,,하토리 비스코,학산문화사(만화),2011-01,5400,,1986,699,2026-09-04T10:34:33+09:00
396137541,여름엔 늘 좋은 일이 생긴다,여름엔 늘 좋은 일이 생긴다,,,- 이윤희 만화집,이윤희,고트(goat),2026-06,20900,8.0,2245,700,2026-09-04T10:34:33+09:00
333641995,건방진 그 녀석 4,건방진 그 녀석,4,,,미츠바치 미유키,학산문화사(만화),2016-10,5400,,1921,701,2026-09-04T10:34:33+09:00
397222553,데포르메 세계 그리는 법,데포르메 세계 그리는 법,,,,시마리스 유키치,잉크잼(잼스푼),2026-07,19800,,1805,702,2026-09-04T10:34:33+09:00
372547860,카구라바치 7,카구라바치,7,,,호카조노 타케루,대원씨아이(만화),2025-09,5850,,1865,703,2026-09-04T10:34:33+09:00
399953662,히마텐! 4,히마텐!,4,,- SL Comic,오노 겐키,디앤씨미디어(주)(D&C미디어),2026-08,6300,,1730,704,2026-09-04T10:34:33+09:00
396657276,비밀법인 데스메이커 1,비밀법인 데스메이커,1,,,우나다 마아치,대원씨아이(만화),2026-06,6300,10.0,1760,705,2026-09-04T10:34:33+09:00
310530480,만화로 보는 일리아스,만화로 보는 일리아스,,,- 트로이의 노래,동사원형,한빛비즈,2023-02,17550,9.9,2000,706,2026-09-04T10:34:33+09:00
394027566,블리치 리믹스 16,블리치 리믹스,16,,,쿠보 타이토,서울미디어코믹스(서울문화사),2026-05,10800,9.6,1710,707,2026-09-04T10:34:33+09:00
398360386,뷰티풀 군바리 12,뷰티풀 군바리,12,,- 초판 한정 포토카드 2종,설이,길찾기,2026-07,17820,,1770,708,2026-09-04T10:34:33+09:00
340411847,이거 그리고 죽어 2,이거 그리고 죽어,2,,,토요다 미노루,대원씨아이(만화),2024-05,5400,9.5,1692,709,2026-09-04T10:34:33+09:00
382235722,긴키 지방의 어느 장소에 대하여 2,긴키 지방의 어느 장소에 대하여,2,,,우스이 츠카사,오팬스코믹,2025-12,7650,9.4,1690,710,2026-09-04T10:34:33+09:00
395958550,핑키 나이트메어,핑키 나이트메어,,,- 라르고 맥스 Largo Max,NAREHATECHAN,조은세상(북두),2026-06,6300,9.5,1740,711,2026-09-04T10:34:33+09:00
333361531,길가메쉬,길가메쉬,,,,옌스 하르더,마르코폴로,2024-02,18000,9.7,1602,712,2026-09-04T10:34:33+09:00
376973639,삼국지를 한번도 안 읽어 볼 수는 없잖아,삼국지를 한번도 안 읽어 볼 수는 없잖아,,,- 열 번은 읽은 듯한 빠삭함!,Team. StoryG,oldstairs(올드스테어즈),2025-11,18000,10.0,1500,713,2026-09-04T10:34:33+09:00
301188387,나루토 Naruto 44,나루토 Naruto,44,,,키시모토 마사시,대원씨아이(만화),2009-03,4950,,1780,714,2026-09-04T10:34:33+09:00
400586316,커들 2,커들,2,,- 수인 오메가버스,하스미 하나,학산문화사(만화),2026-08,6300,,1340,715,2026-09-04T10:34:33+09:00
398284864,책벌레의 하극상 제4부 : 귀족원의 도서관을 구하고 싶어! 10,책벌레의 하극상 제4부 : 귀족원의 도서관을 구하고 싶어!,10,,- 사서가 되기 위해서라면 뭐든지 할 수 있어,카츠키 히카루,대원씨아이(만화),2026-07,5400,10.0,1275,716,2026-09-04T10:34:33+09:00
315161275,캐릭터 채색 & 레이어 테크닉,캐릭터 채색 & 레이어 테크닉,,,"- 인물을 더욱 매력적으로 만드는, 전면개정판",kyachi,한즈미디어(한스미디어),2023-04,4050,10.0,1450,717,2026-09-04T10:34:33+09:00
341991722,블리치 리믹스 4,블리치 리믹스,4,,,쿠보 타이토,서울미디어코믹스(서울문화사),2024-06,10800,10.0,1473,718,2026-09-04T10:34:33+09:00
398728056,마법소녀를 동경해서 4 (더블특전판),마법소녀를 동경해서,4,더블특전판,- 초판한정 : 일러스트 카드 1종 + SD 스티커 1종,오노나카 아키히로,대원씨아이(만화),2026-07,6750,,1295,719,2026-09-04T10:34:33+09:00
398727942,마법소녀를 동경해서 2 (더블특전판),마법소녀를 동경해서,2,더블특전판,- 초판한정 : 일러스트 카드 1종 + SD 스티커 1종,오노나카 아키히로,대원씨아이(만화),2026-07,6750,,1305,720,2026-09-04T10:34:33+09:00
398836644,장하다! 원조 괴짜가족 13,장하다! 원조 괴짜가족,13,,,하마오카 켄지,서울미디어코믹스(서울문화사),2026-07,4500,,1225,721,2026-09-04T10:34:33+09:00
398728051,마법소녀를 동경해서 3 (더블특전판),마법소녀를 동경해서,3,더블특전판,- 초판한정 : 일러스트 카드 1종 + SD 스티커 1종,오노나카 아키히로,대원씨아이(만화),2026-07,6750,,1280,722,2026-09-04T10:34:33+09:00
355732920,단둘만의 로맨틱 3,단둘만의 로맨틱,3,,- 완결,카니사와 치히로,학산문화사(만화),2025-01,5400,10.0,1142,723,2026-09-04T10:34:33+09:00
399973937,코믹 무직전생 21,코믹 무직전생,21,,- 이세계에 갔으면 최선을 다한다,후지카와 유카,학산문화사(만화),2026-08,5400,,1080,724,2026-09-04T10:34:33+09:00
349229181,단둘만의 로맨틱 1,단둘만의 로맨틱,1,,,카니사와 치히로,학산문화사(만화),2024-10,5400,10.0,1134,725,2026-09-04T10:34:33+09:00
304439735,격기 3반 4,격기 3반,4,,- 남일고등학교 격투기 특기반,이학,대원씨아이(만화),2018-09,4950,,1303,726,2026-09-04T10:34:33+09:00
393162271,데스 노트 Death Note 2,데스 노트 Death Note,2,,,오바 츠구미,대원씨아이(만화),2004-12,6300,,1150,727,2026-09-04T10:34:33+09:00
400006756,녹는 눈과 아가판서스 1,녹는 눈과 아가판서스,1,,- 코믹 레인 / 초판한정 특별부록 : 띠지+일러스트 카드,나우치,미스터블루,2026-08,7200,,1310,728,2026-09-04T10:34:33+09:00
400909457,우린 엇갈리고 있다 1,우린 엇갈리고 있다,1,,,미나모토 유,대원씨아이(만화),2026-08,5850,,770,729,2026-09-04T10:34:33+09:00
400715990,가짜 연금술사 4,가짜 연금술사,4,,"- 픽시하우스, 초판한정 특별부록 : 일러스트 카드 + 띠지",우메마루,미스터블루,2026-09,7200,,870,730,2026-09-04T10:34:33+09:00
396089569,데스 노트 Death Note 3,데스 노트 Death Note,3,,,오바 츠구미,대원씨아이(만화),2012-02,6300,,1075,731,2026-09-04T10:34:33+09:00
400909405,시오타 선생님과 아마이양 7,시오타 선생님과 아마이양,7,,,나카토카 쿠미코,대원씨아이(만화),2026-08,5850,,760,732,2026-09-04T10:34:33+09:00
400662384,꿈사랑 ~꿈에서 우리는 사랑에 빠진다~ 4,꿈사랑 ~꿈에서 우리는 사랑에 빠진다~,4,,- 완결,키타다 료마,서울미디어코믹스(서울문화사),2026-08,7650,,740,733,2026-09-04T10:34:33+09:00
400653955,마왕과 용사의 사랑의 도피 바캉스 (더블 특전판),마왕과 용사의 사랑의 도피 바캉스,,더블 특전판,"- 솔트 코믹스, 초판 더블 특전 : 만화 1P 페이퍼, 일러스트 카드 1종",바세우,YNK MEDIA(만화),2026-08,5850,,740,734,2026-09-04T10:34:33+09:00
389482128,애태울 정도의 사랑을 알아라 1,애태울 정도의 사랑을 알아라,1,,,쿄노 마코,학산문화사(만화),2026-04,6300,,835,735,2026-09-04T10:34:33+09:00
396563354,도망을 잘 치는 도련님 22,도망을 잘 치는 도련님,22,,- 코노 모로후유 1351,마츠이 유세이,대원씨아이(만화),2026-06,5400,10.0,730,736,2026-09-04T10:34:33+09:00
400734025,건강하고 문화적인 최저한도의 생활 12,건강하고 문화적인 최저한도의 생활,12,,,가시와기 하루코,문학동네,2026-08,8820,,840,737,2026-09-04T10:34:33+09:00
352375450,못 미더운 악녀입니다만 : ~추궁접서 교체전~ 7,못 미더운 악녀입니다만 : ~추궁접서 교체전~,7,,,EI Ohitsuji,서울미디어코믹스(서울문화사),2024-11,6300,9.7,803,738,2026-09-04T10:34:33+09:00
400649747,노노코 양의 여자친구 군♂ 1,노노코 양의 여자친구 군♂,1,,,하치와카마루,HUSH(허쉬),2026-08,5400,,610,739,2026-09-04T10:34:33+09:00
400557793,공각기동대 -HUMAN ERROR PROCESSER-,공각기동대 -HUMAN ERROR PROCESSER-,,,,시로 마사무네,대원씨아이(만화),2026-08,12600,,470,740,2026-09-04T10:34:33+09:00
400708015,영국 낭만 희화 포레스트 아이비 1,영국 낭만 희화 포레스트 아이비,1,,,아마자케 시마,대원씨아이(만화),2026-08,6300,,570,741,2026-09-04T10:34:33+09:00
401064601,궁극의 애니메이션 100,궁극의 애니메이션,100,,- 죽기 전에 꼭 봐야 할 아니메,조 오코넬,중앙books(중앙북스),2026-08,58500,,480,742,2026-09-04T10:34:33+09:00
401421070,여장 남자는 스커트를 벗고 싶어! 5,여장 남자는 스커트를 벗고 싶어!,5,,,Shinagire,서울미디어코믹스(서울문화사),2026-09,5850,,580,743,2026-09-04T10:34:33+09:00
366331655,원피스 111,원피스,111,,- 엘바프 모험,오다 에이치로,대원씨아이(만화),2025-06,5400,10.0,25186,744,2026-09-04T10:34:33+09:00
355678823,원피스 110,원피스,110,,- 시대의 일렁임,오다 에이치로,대원씨아이(만화),2025-01,5400,9.9,13793,745,2026-09-04T10:34:33+09:00
373074300,원펀맨 One Punch Man 33,원펀맨 One Punch Man,33,,- 제곱,ONE,대원씨아이(만화),2025-09,5400,9.7,10320,746,2026-09-04T10:34:33+09:00
394027323,야마다의 학급일지 4,야마다의 학급일지,4,,"- 완결, 초판 한정 : 야마다 & 무라타 일러스트 카드 3종",아오미 루이,서울미디어코믹스(서울문화사),2026-05,5850,9.8,9785,747,2026-09-04T10:34:33+09:00
252254600,귀멸의 칼날 : 공식 팬북 귀살대 견문록,귀멸의 칼날 : 공식 팬북 귀살대 견문록,,,,고토게 코요하루,학산문화사(만화),2020-09,8550,9.6,9556,748,2026-09-04T10:34:33+09:00
379004652,열혈강호 94,열혈강호,94,,,전극진,대원씨아이(만화),2025-11,4950,9.2,9647,749,2026-09-04T10:34:33+09:00
309270072,후지모토 타츠키 단편집 17-21,후지모토 타츠키 단편집,17-21,,,후지모토 타츠키,학산문화사(만화),2023-01,5400,8.6,9444,750,2026-09-04T10:34:33+09:00
215083221,스파이 패밀리 1,스파이 패밀리,1,,,엔도 타츠야,학산문화사(만화),2019-11,5400,9.7,9499,751,2026-09-04T10:34:33+09:00
295837060,체인소 맨 1,체인소 맨,1,,,후지모토 타츠키,학산문화사(만화),2020-09,5400,10.0,9147,752,2026-09-04T10:34:33+09:00
331003597,원피스 107,원피스,107,,- 전설의 영웅,오다 에이치로,대원씨아이(만화),2024-01,4950,9.7,8965,753,2026-09-04T10:34:33+09:00
384918469,루리 드래곤 4,루리 드래곤,4,,,신도 마사오키,서울미디어코믹스(서울문화사),2026-01,5400,9.6,8746,754,2026-09-04T10:34:33+09:00
358910532,명탐정 코난 106,명탐정 코난,106,,,아오야마 고쇼,서울미디어코믹스(서울문화사),2025-02,5400,10.0,8408,755,2026-09-04T10:34:33+09:00
387232917,모모세 아키라의 첫사랑 파탄 중 4 (트리플 특전판),모모세 아키라의 첫사랑 파탄 중,4,트리플 특전판,- 스페셜 아크릴 일러스트 카드(1종) + 반전 매력의 양면 일러스트 카드(2종),하레카와 신타,서울미디어코믹스(서울문화사),2026-02,6750,10.0,8153,756,2026-09-04T10:34:33+09:00
387160732,반딧불이의 혼례 9,반딧불이의 혼례,9,,,타치바나 오레코,서울미디어코믹스(서울문화사),2026-02,7650,9.7,8047,757,2026-09-04T10:34:33+09:00
393727271,전지적 독자 시점 19,전지적 독자 시점,19,,- 초판한정: 캐릭터 카드 1종 + 엽서 1종,슬리피-C,에이템포미디어,2026-05,14850,10.0,7780,758,2026-09-04T10:34:33+09:00
378768331,모모세 아키라의 첫사랑 파탄 중 2 (트리플 특전판),모모세 아키라의 첫사랑 파탄 중,2,트리플 특전판,- 홀로그램 일러스트 카드(1종) + 반전 매력의 양면 일러스트 카드(2종),하레카와 신타,서울미디어코믹스(서울문화사),2025-11,6750,10.0,7987,759,2026-09-04T10:34:33+09:00
277000440,명탐정 코난 : 경찰학교 편 - 상,명탐정 코난 : 경찰학교 편 - 상,,,,아라이 타카히로,서울미디어코믹스(서울문화사),2021-08,4950,9.1,7878,760,2026-09-04T10:34:33+09:00
296518224,주술회전 19,주술회전,19,,- 도쿄 제1콜로니 -화내는 남자-,아쿠타미 게게,서울미디어코믹스(서울문화사),2022-06,5400,10.0,7825,761,2026-09-04T10:34:33+09:00
283806419,장송의 프리렌 2,장송의 프리렌,2,,,야마다 카네히토,학산문화사(만화),2021-11,5400,9.6,7459,762,2026-09-04T10:34:33+09:00
382045769,모모세 아키라의 첫사랑 파탄 중 3 (트리플 특전판),모모세 아키라의 첫사랑 파탄 중,3,트리플 특전판,- 홀로그램 일러스트 카드(1종) + 반전 매력의 양면 일러스트 카드(2종),하레카와 신타,서울미디어코믹스(서울문화사),2025-12,6750,9.8,7529,763,2026-09-04T10:34:33+09:00
362120342,그 비스크 돌은 사랑을 한다 14,그 비스크 돌은 사랑을 한다,14,,- S코믹스,후쿠다 신이치,㈜소미미디어,2025-04,5400,9.2,7411,764,2026-09-04T10:34:33+09:00
397592223,애태울 정도의 사랑을 알아라 3,애태울 정도의 사랑을 알아라,3,,- 완결,쿄노 마코,학산문화사(만화),2026-07,6300,10.0,7315,765,2026-09-04T10:34:33+09:00
324949099,봄의 폭풍과 몬스터 1,봄의 폭풍과 몬스터,1,,,미츠바치 미유키,학산문화사(만화),2023-10,5400,9.7,7168,766,2026-09-04T10:34:33+09:00
301706807,주술회전 4,주술회전,4,,,아쿠타미 게게,서울미디어코믹스(서울문화사),2019-05,5400,,6757,767,2026-09-04T10:34:33+09:00
332513041,던전밥 13,던전밥,13,,- S코믹스,쿠이 료코,㈜소미미디어,2024-02,6300,9.8,6685,768,2026-09-04T10:34:33+09:00
364518017,루리 드래곤 3,루리 드래곤,3,,,신도 마사오키,서울미디어코믹스(서울문화사),2025-05,5400,9.6,6611,769,2026-09-04T10:34:33+09:00
392519237,길고양이와 늑대 6,길고양이와 늑대,6,,,미츠바치 미유키,학산문화사(만화),2026-05,5400,9.9,6510,770,2026-09-04T10:34:33+09:00
364586421,봄의 폭풍과 몬스터 6,봄의 폭풍과 몬스터,6,,,미츠바치 미유키,학산문화사(만화),2025-05,5400,9.7,6635,771,2026-09-04T10:34:33+09:00
132200228,재즈 잇 업! Jazz It Up!,재즈 잇 업! Jazz It Up!,,,"- 남무성의 만화로 보는 재즈의 역사, 출간 15주년 특별 개정증보판",남무성,서해문집,2018-02,24300,9.6,6339,772,2026-09-04T10:34:33+09:00
340343369,쿠이 료코 낙서집 데이드림 아워,쿠이 료코 낙서집 데이드림 아워,,,- S코믹스,쿠이 료코,㈜소미미디어,2024-06,18000,9.6,6361,773,2026-09-04T10:34:33+09:00
388745962,옆집 천사님 때문에 어느샌가 인간적으로 타락한 사연 11.5 (소책자 부속 특별판),옆집 천사님 때문에 어느샌가 인간적으로 타락한 사연 11.5,,소책자 부속 특별판,"- Novel Engine, ①특별판 전용 커버 사양 11.5권 본편 (11.5권 일반판과 동일한 일러스트 카드 포함 ※띠지 없음) ②별책 단편집 (※커버 없음) ③전용 슬리브 타입 케이스",사에키상,데이즈엔터(주),2026-04,14400,,6195,774,2026-09-04T10:34:33+09:00
380080135,봇치·더·록! 외전 히로이 키쿠리의 과음일기 4,봇치·더·록! 외전 히로이 키쿠리의 과음일기,4,,,쿠미쵸,대원씨아이(만화),2025-12,8100,10.0,6124,775,2026-09-04T10:34:33+09:00
304252422,귀멸 학원! 2,귀멸 학원!,2,,,호카미 나츠키,학산문화사(만화),2022-11,5400,8.0,6002,776,2026-09-04T10:34:33+09:00
301714623,주술회전 17,주술회전,17,,- 갈대를 입에 물다,아쿠타미 게게,서울미디어코믹스(서울문화사),2021-11,5400,,5896,777,2026-09-04T10:34:33+09:00
329151499,봄의 폭풍과 몬스터 2,봄의 폭풍과 몬스터,2,,,미츠바치 미유키,학산문화사(만화),2023-11,5400,9.7,6148,778,2026-09-04T10:34:33+09:00
386563480,단다단 19,단다단,19,,,타츠 유키노부,대원씨아이(만화),2026-02,5400,10.0,5630,779,2026-09-04T10:34:33+09:00
290968392,아름다운 초저녁달 2,아름다운 초저녁달,2,,,야마모리 미카,학산문화사(만화),2022-03,5400,10.0,5670,780,2026-09-04T10:34:33+09:00
388349538,카구라바치 9 (특별판),카구라바치,9,특별판,"- 토비무네, 아크릴 스탠드 2종 + 자개풍 홀로그램 아크릴 코스터 1종 + 화투풍 능력카드 4종 + 갤러리 보드 1종 + 후가공 일러스트카드 1종 + 렌티큘러 카드 1종 + 초판한정 일러스트 시네마 티켓 1종 + 더블특전 요도 계약자 pp 북마크",호카조노 타케루,대원씨아이(만화),2026-03,35550,10.0,5827,781,2026-09-04T10:34:33+09:00
328897066,귀멸 학원! 4,귀멸 학원!,4,,,호카미 나츠키,학산문화사(만화),2023-11,5400,10.0,5705,782,2026-09-04T10:34:33+09:00
226966203,그 비스크 돌은 사랑을 한다 2,그 비스크 돌은 사랑을 한다,2,,- S코믹스,후쿠다 신이치,㈜소미미디어,2020-01,6300,9.0,5489,783,2026-09-04T10:34:33+09:00
301708557,주술회전 10,주술회전,10,,,아쿠타미 게게,서울미디어코믹스(서울문화사),2020-12,5400,,5504,784,2026-09-04T10:34:33+09:00
397362768,가끔씩 툭하고 러시아어로 부끄러워하는 옆자리의 아랴 양 11,가끔씩 툭하고 러시아어로 부끄러워하는 옆자리의 아랴 양,11,,"- L Novel /초판 한정 특전 : 띠지, 책갈피, 양면 표지, 폴라로이드 카드 1종",SUN SUN SUN,디앤씨미디어(주)(D&C미디어),2026-07,7650,,5170,785,2026-09-04T10:34:33+09:00
382041006,사카모토 데이즈 24,사카모토 데이즈,24,,- 감전 주의,스즈키 유우토,대원씨아이(만화),2025-12,5850,,5454,786,2026-09-04T10:34:33+09:00
325351296,오래 보고 싶었다,오래 보고 싶었다,,,"- 내일 더 빛날 당신을 위한 위로, 나태주·다홍 만화시집",나태주,더블북,2023-10,15300,9.9,5559,787,2026-09-04T10:34:33+09:00
352893694,귀멸 학원! 6,귀멸 학원!,6,,- 완결,호카미 나츠키,학산문화사(만화),2024-11,5400,10.0,5524,788,2026-09-04T10:34:33+09:00
333218155,마루는 강쥐 3,마루는 강쥐,3,,,모죠,문페이스,2024-02,14400,,5136,789,2026-09-04T10:34:33+09:00
352754315,원펀맨 One Punch Man 31,원펀맨 One Punch Man,31,,- 연옥무쌍폭열파동포,ONE,대원씨아이(만화),2024-11,5400,9.6,5109,790,2026-09-04T10:34:33+09:00
295077194,아름다운 초저녁달 3,아름다운 초저녁달,3,,,야마모리 미카,학산문화사(만화),2022-05,5400,9.8,5047,791,2026-09-04T10:34:33+09:00
105525634,공각기동대 -THE GHOST IN THE SHELL-,공각기동대 -THE GHOST IN THE SHELL-,,,,시로 마사무네,대원씨아이(만화),2017-03,14400,9.2,5031,792,2026-09-04T10:34:33+09:00
379953360,슈퍼 러버즈 18,슈퍼 러버즈,18,,,아베 미유키,서울미디어코믹스(서울문화사),2025-12,5400,10.0,5068,793,2026-09-04T10:34:33+09:00
255143164,그 비스크 돌은 사랑을 한다 5,그 비스크 돌은 사랑을 한다,5,,- S코믹스,후쿠다 신이치,㈜소미미디어,2020-11,6300,9.7,4984,794,2026-09-04T10:34:33+09:00
398728413,마법소녀를 동경해서 1~5 합본판,마법소녀를 동경해서 1~5 합본판,,,- 각권 초회 한정 일러스트 카드 각 1종씩 (총5종) + 각 권 선착순 더블 특전 SD스티커 각 1종씩(총5종) + PET스탠드 + 컵코스터 + 일러스트 카드 + 별도 박스 포장,오노나카 아키히로,대원씨아이(만화),2026-07,33750,,4905,795,2026-09-04T10:34:33+09:00
390583412,비실비실 선생님 12,비실비실 선생님,12,,,후쿠치 카미오,대원씨아이(만화),2026-04,5850,10.0,4972,796,2026-09-04T10:34:33+09:00
380811247,스킵 비트! 50,스킵 비트!,50,,,나카무라 요시키,시공사(만화),2025-12,5850,9.7,4912,797,2026-09-04T10:34:33+09:00
303094586,아름다운 초저녁달 4,아름다운 초저녁달,4,,,야마모리 미카,학산문화사(만화),2022-10,5400,9.9,4755,798,2026-09-04T10:34:33+09:00
394711869,김전일 아빠의 사건부 3,김전일 아빠의 사건부,3,,,아마기 세이마루,서울미디어코믹스(서울문화사),2026-06,6300,9.7,4615,799,2026-09-04T10:34:33+09:00
364494673,언플러그드 보이 1,언플러그드 보이,1,,- 개정판,천계영,문학동네,2025-05,12600,10.0,4908,800,2026-09-04T10:34:33+09:00
399052013,THE ART OF SOLO LEVELING : 웹툰 「나 혼자만 레벨업」 공식 아트북,THE ART OF SOLO LEVELING : 웹툰 「나 혼자만 레벨업」 공식 아트북,,,,장성락(REDICE STUDIO),디앤씨미디어(주)(D&C미디어),2026-08,43200,,4565,801,2026-09-04T10:34:33+09:00
292873028,타마의 포상 1,타마의 포상,1,,,호시야 카오리,대원씨아이(만화),2022-04,4500,9.2,4689,802,2026-09-04T10:34:33+09:00
340823801,봄의 폭풍과 몬스터 4,봄의 폭풍과 몬스터,4,,,미츠바치 미유키,학산문화사(만화),2024-06,5400,10.0,4825,803,2026-09-04T10:34:33+09:00
364494824,언플러그드 보이 2,언플러그드 보이,2,,"- 개정판, 완결",천계영,문학동네,2025-05,12600,10.0,4828,804,2026-09-04T10:34:33+09:00
318700246,괴수 8호 1,괴수 8호,1,,,마츠모토 나오야,서울미디어코믹스(서울문화사),2021-01,5400,8.0,4511,805,2026-09-04T10:34:33+09:00
382425596,소소한 미식 생활,소소한 미식 생활,,,,이다 치아키,이아소,2026-01,16200,9.7,4686,806,2026-09-04T10:34:33+09:00
355156419,아름다운 초저녁달 8,아름다운 초저녁달,8,,,야마모리 미카,학산문화사(만화),2025-01,5400,9.5,4386,807,2026-09-04T10:34:33+09:00
377704735,봇치·더·록! 8,봇치·더·록!,8,,,하마지 아키,대원씨아이(만화),2025-11,8100,10.0,4411,808,2026-09-04T10:34:33+09:00
367919526,마루는 강쥐 7,마루는 강쥐,7,,,모죠,문페이스,2025-07,14400,,4367,809,2026-09-04T10:34:33+09:00
105525838,공각기동대 -MANMACHINE INTERFACE-,공각기동대 -MANMACHINE INTERFACE-,,,,시로 마사무네,대원씨아이(만화),2017-03,14400,7.7,4288,810,2026-09-04T10:34:33+09:00
135438370,기븐 4,기븐,4,,- 뉴 루비코믹스 2133,키즈 나츠키,현대지능개발사,2018-02,4950,8.7,4542,811,2026-09-04T10:34:33+09:00
337045326,괴수 8호 2,괴수 8호,2,,,마츠모토 나오야,서울미디어코믹스(서울문화사),2021-04,5400,8.0,4186,812,2026-09-04T10:34:33+09:00
341934453,동경일일 3,동경일일,3,,- 완결,마츠모토 타이요,문학동네,2024-06,9900,9.6,4174,813,2026-09-04T10:34:33+09:00
396368739,어서 와 수평선 1 (트리플 특전판),어서 와 수평선,1,트리플 특전판,- 띠지 + 입욕권 북마크 1종 + pp 스탠드 1종 + 티셔츠 판 스티커 1종,와타베 타이요,대원씨아이(만화),2026-06,6300,10.0,4075,814,2026-09-04T10:34:33+09:00
389641178,황천의 츠가이 5,황천의 츠가이,5,,,아라카와 히로무,대원씨아이(만화),2024-03,5850,,4134,815,2026-09-04T10:34:33+09:00
386059133,나 혼자만 레벨업 : 라그나로크 2,나 혼자만 레벨업 : 라그나로크,2,,- 만화,,디앤씨웹툰비즈,2026-02,14400,7.0,4256,816,2026-09-04T10:34:33+09:00
327568377,그 비스크 돌은 사랑을 한다 11,그 비스크 돌은 사랑을 한다,11,,- S코믹스,후쿠다 신이치,㈜소미미디어,2023-11,6300,9.6,4037,817,2026-09-04T10:34:33+09:00
341802003,베르세르크 42,베르세르크,42,,,미우라 켄타로,대원씨아이(만화),2024-06,5400,9.7,3974,818,2026-09-04T10:34:33+09:00
355679069,카구라바치 3,카구라바치,3,,,호카조노 타케루,대원씨아이(만화),2025-01,5850,9.7,4230,819,2026-09-04T10:34:33+09:00
382707103,소년X소녀 일러스트&스티커북,소년X소녀 일러스트&스티커북,,,,규잉,서울미디어코믹스(서울문화사),2025-12,18000,7.2,4073,820,2026-09-04T10:34:33+09:00
344254532,GACHIAKUTA 6,GACHIAKUTA,6,,,케이 우라나,학산문화사(만화),2024-08,5400,10.0,3955,821,2026-09-04T10:34:33+09:00
81953629,용의 귀여운 일곱 아이 : 쿠이 료코 작품집,용의 귀여운 일곱 아이 : 쿠이 료코 작품집,,,- S코믹스,쿠이 료코,㈜소미미디어,2016-04,6300,8.7,3950,822,2026-09-04T10:34:33+09:00
397175745,악마에 입문했습니다! 이루마 군 47,악마에 입문했습니다! 이루마 군,47,,,니시 오사무,서울미디어코믹스(서울문화사),2026-07,5850,,3950,823,2026-09-04T10:34:33+09:00
86997362,용의 학교는 산 위에,용의 학교는 산 위에,,,"- 쿠이 료코 작품집, S코믹스",쿠이 료코,㈜소미미디어,2016-07,8550,9.4,3789,824,2026-09-04T10:34:33+09:00
293068139,기븐 7,기븐,7,,- 뉴 루비코믹스 2755,키즈 나츠키,현대지능개발사,2022-04,5400,9.8,3963,825,2026-09-04T10:34:33+09:00
390241459,황천의 츠가이 4,황천의 츠가이,4,,,아라카와 히로무,대원씨아이(만화),2023-10,5850,,3657,826,2026-09-04T10:34:33+09:00
385946274,비실비실 선생님 11,비실비실 선생님,11,,,후쿠치 카미오,대원씨아이(만화),2026-02,5400,,3754,827,2026-09-04T10:34:33+09:00
290233284,하이큐!! 42,하이큐!!,42,,- 무엇,후루다테 하루이치,대원씨아이(만화),2020-07,4950,,3685,828,2026-09-04T10:34:33+09:00
366528002,메이드 인 어비스 13,메이드 인 어비스,13,,,츠쿠시 아키히토,미우(대원씨아이),2025-06,7200,9.2,3737,829,2026-09-04T10:34:33+09:00
364156956,카구라바치 5,카구라바치,5,,,호카조노 타케루,대원씨아이(만화),2025-05,5850,9.4,3630,830,2026-09-04T10:34:33+09:00
397898246,역대급 영지 설계사 9,역대급 영지 설계사,9,,- 초판 한정 작가진 친필 사인 인쇄본 + 표지 일러스트 엽서 + 캐릭터 카드 3종,이현민,문페이스,2026-07,14400,,3370,831,2026-09-04T10:34:33+09:00
393756075,폭식 너무 좋아! 모치즈키 양 3,폭식 너무 좋아! 모치즈키 양,3,,,마루요노 카모메,대원씨아이(만화),2026-05,6300,9.8,3475,832,2026-09-04T10:34:33+09:00
395444518,러브 불릿 1,러브 불릿,1,,- 초판 한정 부록: SD 캐릭터 스티커 1매 + 저자 사인 메시지 (면지 인쇄),inee,빗금,2026-06,8100,10.0,3485,833,2026-09-04T10:34:33+09:00
322441152,꿈빛 파티시엘 신장판 3,꿈빛 파티시엘 신장판,3,,,마츠모토 나츠미,대원씨아이(만화),2023-08,5400,,3463,834,2026-09-04T10:34:33+09:00
388858246,야쿠자 때문에 목욕탕에서 일하고 있습니다 3,야쿠자 때문에 목욕탕에서 일하고 있습니다,3,,,타카시,㈜소미미디어,2026-04,5850,9.9,3405,835,2026-09-04T10:34:33+09:00
372442252,천막의 자두가르 5,천막의 자두가르,5,,,토마토수프,서울미디어코믹스(서울문화사),2025-09,6750,9.4,3388,836,2026-09-04T10:34:33+09:00
384923404,이세계 삼촌 13,이세계 삼촌,13,,- 픽시하우스,호톤도신데이루,데이즈엔터(주),2026-02,7200,,3335,837,2026-09-04T10:34:33+09:00
394015605,나나 NANA 완전판 9,나나 NANA 완전판,9,,"- 초판 한정: PP엽서 1종, 포토카드 1종",야자와 아이,학산문화사(만화),2026-05,10800,,3295,838,2026-09-04T10:34:33+09:00
365413873,팔견전 21,팔견전,21,,"- 동방팔견이문, S코믹스",아베 미유키,㈜소미미디어,2025-06,5400,10.0,3248,839,2026-09-04T10:34:33+09:00
241030899,소녀종말여행 1~6 박스 세트 - 전6권 (엽서 세트 포함),소녀종말여행 1~6 박스 세트 - 전6권 (엽서 세트 포함),,,- 완결,츠쿠미즈,학산문화사(만화),2020-06,36000,9.6,3247,840,2026-09-04T10:34:33+09:00
329600458,약사의 혼잣말 1,약사의 혼잣말,1,,,네코쿠라게,학산문화사(만화),2019-12,5400,8.0,3223,841,2026-09-04T10:34:33+09:00
295225182,귀멸의 칼날 14,귀멸의 칼날,14,,,고토게 코요하루,학산문화사(만화),2020-01,5400,,3208,842,2026-09-04T10:34:33+09:00
353713801,봇치·더·록! 외전 히로이 키쿠리의 과음일기 1,봇치·더·록! 외전 히로이 키쿠리의 과음일기,1,,,쿠미쵸,대원씨아이(만화),2024-12,8100,9.8,3242,843,2026-09-04T10:34:33+09:00
294498008,블루 록 1,블루 록,1,,,노무라 유스케,학산문화사(만화),2020-11,5400,10.0,3134,844,2026-09-04T10:34:33+09:00
374961203,팔견전 23,팔견전,23,,"- 동방팔견이문, S코믹스",아베 미유키,㈜소미미디어,2025-10,5400,10.0,3142,845,2026-09-04T10:34:33+09:00
369868343,팔견전 22,팔견전,22,,"- 동방팔견이문, S코믹스",아베 미유키,㈜소미미디어,2025-08,5400,10.0,3112,846,2026-09-04T10:34:33+09:00
295225057,귀멸의 칼날 11,귀멸의 칼날,11,,,고토게 코요하루,학산문화사(만화),2019-10,5400,,3032,847,2026-09-04T10:34:33+09:00
386058254,타몬 군 지금 어느 쪽?! 9,타몬 군 지금 어느 쪽?!,9,,,시와스 유키,학산문화사(만화),2025-04,5400,,2949,848,2026-09-04T10:34:33+09:00
299654606,하이큐!! 41,하이큐!!,41,,- 작은 거인 VS,후루다테 하루이치,대원씨아이(만화),2020-04,4950,,3009,849,2026-09-04T10:34:33+09:00
329600924,약사의 혼잣말 2,약사의 혼잣말,2,,,네코쿠라게,학산문화사(만화),2019-12,5400,,2859,850,2026-09-04T10:34:33+09:00
391648960,숨막힐 정도의 사랑을 줄게 6,숨막힐 정도의 사랑을 줄게,6,,,이와시타 케이코,대원씨아이(만화),2026-04,5400,9.7,3005,851,2026-09-04T10:34:33+09:00
322386168,운명의 사람을 만나는 이야기 2,운명의 사람을 만나는 이야기,2,,,아나신,학산문화사(만화),2023-08,5400,9.8,2834,852,2026-09-04T10:34:33+09:00
397905187,THE POOL,THE POOL,,,,사쿠라이 가몬,학산문화사(만화),2026-07,13500,10.0,2730,853,2026-09-04T10:34:33+09:00
398010173,한구석의 기억 2,한구석의 기억,2,,,키요나가 타마고,빗금,2026-07,6750,10.0,2875,854,2026-09-04T10:34:33+09:00
23585900,애니메이터 서바이벌 키트,애니메이터 서바이벌 키트,,,- 증보판,리처드 윌리엄스,한울(한울아카데미),2020-11,52000,8.6,2764,855,2026-09-04T10:34:33+09:00
383428976,Veil 6,Veil,6,,"- S코믹스, JAPAN EXPO 최우수작화상, 최우수장정상 수상",코테리,㈜소미미디어,2026-01,11520,9.7,2847,856,2026-09-04T10:34:33+09:00
324950007,운명의 사람을 만나는 이야기 3,운명의 사람을 만나는 이야기,3,,,아나신,학산문화사(만화),2023-09,5400,9.5,2617,857,2026-09-04T10:34:33+09:00
332456996,천막의 자두가르 3,천막의 자두가르,3,,,토마토수프,서울미디어코믹스(서울문화사),2024-01,6750,9.7,2559,858,2026-09-04T10:34:33+09:00
304629310,블루 록 3,블루 록,3,,,노무라 유스케,학산문화사(만화),2021-02,5400,10.0,2600,859,2026-09-04T10:34:33+09:00
389481532,묘쌤은 이렇게 말했다 10,묘쌤은 이렇게 말했다,10,,- S코믹스,무테키 소다,㈜소미미디어,2026-04,6300,9.5,2581,860,2026-09-04T10:34:33+09:00
378966916,드래곤볼 완전판 가이드북 LANDMARK,드래곤볼 완전판 가이드북 LANDMARK,,,,토리야마 아키라,서울미디어코믹스(서울문화사),2025-11,12600,10.0,2545,861,2026-09-04T10:34:33+09:00
399900769,소꿉친구 컴플렉스 4~5 스페셜 세트 - 전2권,소꿉친구 컴플렉스 4~5 스페셜 세트 - 전2권,,,"- 초판 한정 부록 : 책갈피 2종(4, 5권 책갈피 각각 1종) + 렌티큘러 엽서 2종 + 증명사진 패키지 + 폴라로이드 4종 + 작가님 사인 인쇄본",은하이,네이버웹툰,2026-10,39600,,2290,862,2026-09-04T10:34:33+09:00
333640950,먼작귀 5,먼작귀,5,,- 먼가 작고 귀여운 녀석,나가노,미우(대원씨아이),2024-02,10800,10.0,2567,863,2026-09-04T10:34:33+09:00
336556121,박시백의 고려사 1~5 세트 - 전5권,박시백의 고려사 1~5 세트 - 전5권,,,,박시백,휴머니스트,2024-03,66150,8.0,2477,864,2026-09-04T10:34:33+09:00
302941691,블루 록 5,블루 록,5,,,노무라 유스케,학산문화사(만화),2021-04,5400,10.0,2438,865,2026-09-04T10:34:33+09:00
396091726,나의 행복한 결혼 6,나의 행복한 결혼,6,,,코사카 리토,서울미디어코믹스(서울문화사),2026-06,4950,9.7,2375,866,2026-09-04T10:34:33+09:00
393626220,구룡 제네릭 로맨스 11,구룡 제네릭 로맨스,11,,"- S코믹스/ 초판 한정 렌티큘러 카드, 일러스트 카드",마유즈키 준,㈜소미미디어,2026-05,6300,9.8,2365,867,2026-09-04T10:34:33+09:00
396593327,일본삼국 7,일본삼국,7,,,마쓰키 잇카,재담,2026-06,7200,10.0,2275,868,2026-09-04T10:34:33+09:00
395745585,이런 게 좋아 12,이런 게 좋아,12,,,소류,학산문화사(만화),2026-06,7200,9.7,2345,869,2026-09-04T10:34:33+09:00
322921540,원피스 99,원피스,99,,- 밀짚모자 루피,오다 에이치로,대원씨아이(만화),2021-08,4950,10.0,2448,870,2026-09-04T10:34:33+09:00
304629473,블루 록 6,블루 록,6,,,노무라 유스케,학산문화사(만화),2021-06,5400,,2246,871,2026-09-04T10:34:33+09:00
382629539,꿈인지 생시인지 2,꿈인지 생시인지,2,,,사키사카 이오,대원씨아이(만화),2025-12,5850,9.8,2411,872,2026-09-04T10:34:33+09:00
366700846,이거 그리고 죽어 6,이거 그리고 죽어,6,,,토요다 미노루,대원씨아이(만화),2025-06,5400,9.7,2308,873,2026-09-04T10:34:33+09:00
347631706,악마에 입문했습니다! 이루마 군 : if Episode of 마피아 1,악마에 입문했습니다! 이루마 군 : if Episode of 마피아,1,,,니시 오사무,서울미디어코믹스(서울문화사),2024-09,5850,9.8,2396,874,2026-09-04T10:34:33+09:00
301570726,나루토 Naruto 43,나루토 Naruto,43,,,키시모토 마사시,대원씨아이(만화),2008-12,5400,10.0,2290,875,2026-09-04T10:34:33+09:00
365269706,물가의 밤 2,물가의 밤,2,,,으자,봄툰,2025-04,15300,10.0,2426,876,2026-09-04T10:34:33+09:00
388121581,봄바람의 에트랑제 6,봄바람의 에트랑제,6,,- 뉴 루비코믹스 3149,키이 칸나,현대지능개발사,2026-03,5400,10.0,2432,877,2026-09-04T10:34:33+09:00
349368452,악마에 입문했습니다! 이루마 군 : if Episode of 마피아 2,악마에 입문했습니다! 이루마 군 : if Episode of 마피아,2,,,니시 오사무,서울미디어코믹스(서울문화사),2024-10,5850,9.6,2300,878,2026-09-04T10:34:33+09:00
302325654,건방진 그 녀석 3,건방진 그 녀석,3,,,미츠바치 미유키,학산문화사(만화),2016-08,5400,,2054,879,2026-09-04T10:34:33+09:00
294260782,팔견전 14,팔견전,14,,"- 동방팔견이문, S코믹스",아베 미유키,㈜소미미디어,2022-05,6300,8.7,2014,880,2026-09-04T10:34:33+09:00
314184207,팔견전 16,팔견전,16,,"- 동방팔견이문, S코믹스",아베 미유키,㈜소미미디어,2023-04,6300,9.3,1951,881,2026-09-04T10:34:33+09:00
392910795,너를 너무너무너무너무 좋아하는 100명의 그녀 23,너를 너무너무너무너무 좋아하는 100명의 그녀,23,,,나카무라 리키토,학산문화사(만화),2026-05,5400,9.2,2230,882,2026-09-04T10:34:33+09:00
394169803,버저 비터 신장판 2,버저 비터 신장판,2,,,이노우에 타케히코,대원씨아이(만화),2026-05,21600,9.3,2020,883,2026-09-04T10:34:33+09:00
293448930,포켓몬스터 스페셜 2,포켓몬스터 스페셜,2,,,쿠사카 히데노리,대원씨아이(만화),1999-08,4950,10.0,1913,884,2026-09-04T10:34:33+09:00
328898132,원피스 98,원피스,98,,- 충신 킨,오다 에이치로,대원씨아이(만화),2021-03,4950,8.0,2165,885,2026-09-04T10:34:33+09:00
318780089,원피스 97,원피스,97,,- 나의 바이블,오다 에이치로,대원씨아이(만화),2020-09,4950,,2167,886,2026-09-04T10:34:33+09:00
400547758,코믹 어둠의 실력자가 되고 싶어서! 15,코믹 어둠의 실력자가 되고 싶어서!,15,,- J Comic,사카노 안리,서울미디어코믹스(서울문화사),2026-08,4500,10.0,1850,887,2026-09-04T10:34:33+09:00
378954390,카구라바치 6,카구라바치,6,,,호카조노 타케루,대원씨아이(만화),2025-08,5850,,1987,888,2026-09-04T10:34:33+09:00
399390376,"가까이 와줘, 스피카 1 (특장판)","가까이 와줘, 스피카",1,특장판,- 단행본 + 아크릴 스탠드 + 인화사진 2종 + 일러스트 카드 + 별도 박스 포장,fuyu,대원씨아이(만화),2026-07,18000,10.0,1870,889,2026-09-04T10:34:33+09:00
385522632,절대 BL이 되는 세계 & 절대 BL이 되지 않는 고교 생활 1,절대 BL이 되는 세계 & 절대 BL이 되지 않는 고교 생활,1,,,콘키치,학산문화사(만화),2026-02,7200,9.1,1850,890,2026-09-04T10:34:33+09:00
322947641,오란고교 호스트부 17,오란고교 호스트부,17,,,하토리 비스코,학산문화사(만화),2011-02,5400,,1884,891,2026-09-04T10:34:33+09:00
300076131,나루토 Naruto 25,나루토 Naruto,25,,,키시모토 마사시,대원씨아이(만화),2008-07,4950,,2082,892,2026-09-04T10:34:33+09:00
395513879,시노와 렌 4,시노와 렌,4,,- SL Comic,치구사 미노리,디앤씨미디어(주)(D&C미디어),2026-06,10800,10.0,1985,893,2026-09-04T10:34:33+09:00
398016295,무서운 책 5,무서운 책,5,,- 집념,우메즈 카즈오,AK(에이케이)커뮤니케이션즈,2026-07,9000,,2125,894,2026-09-04T10:34:33+09:00
399050317,블루 피리어드 6 (더블 특전판),블루 피리어드,6,더블 특전판,"- 시프트코믹스 /초판 더블 특전 : 일러스트 카드 1종, 박티켓 책갈피 1종",야마구치 츠바사,YNK MEDIA(만화),2026-07,5400,,1705,895,2026-09-04T10:34:33+09:00
394841350,장송의 프리렌 6,장송의 프리렌,6,,,야마다 카네히토,학산문화사(만화),2022-03,6300,,1845,896,2026-09-04T10:34:33+09:00
394695697,마법기사 레이어스 원화집,마법기사 레이어스 원화집,,,,CLAMP,학산문화사(만화),2026-06,34200,,1755,897,2026-09-04T10:34:33+09:00
374951156,얼음 성벽 11,얼음 성벽,11,,,아가사와 코챠,학산문화사(만화),2025-10,9000,10.0,1750,898,2026-09-04T10:34:33+09:00
296075787,건방진 그 녀석 6,건방진 그 녀석,6,,,미츠바치 미유키,학산문화사(만화),2017-05,5400,,1834,899,2026-09-04T10:34:33+09:00
398811035,방과 후 제방 일지 14,방과 후 제방 일지,14,,,코사카 야스유키,대원씨아이(만화),2026-07,4950,,1690,900,2026-09-04T10:34:33+09:00
399291160,우리 남동생들이 죄송합니다 9,우리 남동생들이 죄송합니다,9,,,오자키 아키라,대원씨아이(만화),2026-07,4500,,1785,901,2026-09-04T10:34:33+09:00
396097455,장송의 프리렌 5,장송의 프리렌,5,,,야마다 카네히토,학산문화사(만화),2026-06,6300,,1620,902,2026-09-04T10:34:33+09:00
361147847,시메지 시뮬레이션 2,시메지 시뮬레이션,2,,,츠쿠미즈,길찾기,2025-02,9000,10.0,1845,903,2026-09-04T10:34:33+09:00
388511029,고슴도치와 콘트라스트 1,고슴도치와 콘트라스트,1,,- 솔트 코믹스,호토나카,YNK MEDIA(만화),2026-03,5850,,1630,904,2026-09-04T10:34:33+09:00
366792718,외톨이에는 익숙하니까요. 약혼자 방치 중! 1,외톨이에는 익숙하니까요. 약혼자 방치 중!,1,,,하레타 준,대원씨아이(만화),2025-06,6750,9.9,1662,905,2026-09-04T10:34:33+09:00
400364294,이기적 연애론 3,이기적 연애론,3,,,교교박,다산코믹스,2026-08,16020,,1600,906,2026-09-04T10:34:33+09:00
395170741,야노 군의 평범한 나날 12,야노 군의 평범한 나날,12,,,타무라 유이,학산문화사(만화),2026-06,5400,10.0,1625,907,2026-09-04T10:34:33+09:00
316395937,건방진 그 녀석 7,건방진 그 녀석,7,,,미츠바치 미유키,학산문화사(만화),2017-07,5400,,1672,908,2026-09-04T10:34:33+09:00
399449527,사망 유희로 밥을 먹는다. 5,사망 유희로 밥을 먹는다.,5,,- 만화,반자이 코토부키 다이엔카이,오팬스코믹,2026-07,6300,,1645,909,2026-09-04T10:34:33+09:00
399973834,라라의 결혼 8,라라의 결혼,8,,,타메코우,블랑코믹스(BLANC COMICS),2026-08,6300,,1540,910,2026-09-04T10:34:33+09:00
399451834,"신 울어라, 펜 11","신 울어라, 펜",11,,,시마모토 카즈히코,미우(대원씨아이),2026-07,9000,10.0,1540,911,2026-09-04T10:34:33+09:00
387294608,데스 노트 Death Note 13,데스 노트 Death Note,13,,,오바 츠구미,대원씨아이(만화),2006-12,9000,,1629,912,2026-09-04T10:34:33+09:00
342061810,이거 그리고 죽어 3,이거 그리고 죽어,3,,,토요다 미노루,대원씨아이(만화),2024-06,5400,10.0,1507,913,2026-09-04T10:34:33+09:00
371390937,배가본드 2,배가본드,2,,,이노우에 타케히코,학산문화사(만화),1999-03,6300,,1459,914,2026-09-04T10:34:33+09:00
311327430,마법소녀 마도카 마기카 신장판 : 상.하 박스 세트 - 전2권 (투명 pp카드 2매 + A5 L홀더 포함),마법소녀 마도카 마기카 신장판 : 상.하 박스 세트 - 전2권 (투명 pp카드 2매 + A5 L홀더 포함),,,,마기카 쿼테트,학산문화사(만화),2023-03,27000,10.0,1696,915,2026-09-04T10:34:33+09:00
318301161,너를 너무너무너무너무 좋아하는 100명의 그녀 12,너를 너무너무너무너무 좋아하는 100명의 그녀,12,,,나카무라 리키토,학산문화사(만화),2023-06,5400,8.7,1532,916,2026-09-04T10:34:33+09:00
375359579,너를 너무너무너무너무 좋아하는 100명의 그녀 20,너를 너무너무너무너무 좋아하는 100명의 그녀,20,,,나카무라 리키토,학산문화사(만화),2025-10,5400,9.2,1607,917,2026-09-04T10:34:33+09:00
398811243,힛 미 하드 1 (특별판),힛 미 하드,1,특별판,- 패키지 박스 + 엽서 1종 + 렌티큘러 엽서 1종 + 포토카드 3종 + 아크릴 스탠드 1종 + 멀티 클리너 1종,,다산코믹스,2026-07,34200,10.0,1500,918,2026-09-04T10:34:33+09:00
400247880,만화 인소의 법칙 9,만화 인소의 법칙,9,,,아현,디앤씨웹툰비즈,2026-08,14400,,1180,919,2026-09-04T10:34:33+09:00
397592073,"여친, 빌리겠습니다 44","여친, 빌리겠습니다",44,,,미야지마 레이지,학산문화사(만화),2026-07,5400,,1240,920,2026-09-04T10:34:33+09:00
398288852,엑소시스트를 타락시킬 수 없어 14,엑소시스트를 타락시킬 수 없어,14,,,Masuku Fukayama,서울미디어코믹스(서울문화사),2026-07,5400,,1230,921,2026-09-04T10:34:33+09:00
400006895,내가 죽을 뿐인 100가지 괴담 2,내가 죽을 뿐인 100가지 괴담,2,,"- 노엔 코믹스 / 초판한정 특별부록 : 일러스트 카드, 띠지",마토노 안지,데이즈엔터(주),2026-08,7200,10.0,1170,922,2026-09-04T10:34:33+09:00
357930933,풀 나이트 2,풀 나이트,2,,- S코믹스,야스다 카스미,㈜소미미디어,2025-02,6300,10.0,1263,923,2026-09-04T10:34:33+09:00
399872446,로스타임에 작별 인사를 Home and Away,로스타임에 작별 인사를 Home and Away,,,- 라르고 맥스 Largo Max,코코미,조은세상(북두),2026-08,5400,10.0,1130,924,2026-09-04T10:34:33+09:00
304439585,격기 3반 1,격기 3반,1,,- 남일고등학교 격투기 특기반,이학,대원씨아이(만화),2017-01,4950,,1404,925,2026-09-04T10:34:33+09:00
351722750,단둘만의 로맨틱 2,단둘만의 로맨틱,2,,,카니사와 치히로,학산문화사(만화),2024-11,5400,10.0,1150,926,2026-09-04T10:34:33+09:00
399782235,최애에게 러브 바이트 8,최애에게 러브 바이트,8,,,스즈키 줄리에타,학산문화사(만화),2026-08,5400,,1050,927,2026-09-04T10:34:33+09:00
399974353,영원한 계약 6 (한정판),영원한 계약,6,한정판,- 엽서 6종 세트(초판 한정) + 마그넷 박스 + 아크릴 북엔드,해진,학산문화사(만화),2026-08,28800,,1070,928,2026-09-04T10:34:33+09:00
397620794,장송의 프리렌 3,장송의 프리렌,3,,,야마다 카네히토,학산문화사(만화),2021-12,6300,,1195,929,2026-09-04T10:34:33+09:00
311998558,격기 3반 2,격기 3반,2,,- 남일고등학교 격투기 특기반,이학,대원씨아이(만화),2017-04,4950,,1293,930,2026-09-04T10:34:33+09:00
388433908,사랑해 게임을 끝내고 싶어 7,사랑해 게임을 끝내고 싶어,7,,,도모토 유키,학산문화사(만화),2026-03,5400,10.0,1009,931,2026-09-04T10:34:33+09:00
400311351,뇌를 바꾸려는 사람들,뇌를 바꾸려는 사람들,,,"- 프랑켄슈타인에서 현대 신경기술까지, 뇌과학으로 만나는 신경윤리의 질문들",류영준,어크로스,2026-08,19800,9.7,980,932,2026-09-04T10:34:33+09:00
399925554,최애의 성벽이 너무 위험하다고요! 1,최애의 성벽이 너무 위험하다고요!,1,,- BB코믹스,하루지ON,㈜소미미디어,2026-08,5850,,1010,933,2026-09-04T10:34:33+09:00
311998827,격기 3반 3,격기 3반,3,,- 남일고등학교 격투기 특기반,이학,대원씨아이(만화),2017-12,4950,10.0,1230,934,2026-09-04T10:34:33+09:00
400585960,특별한 도라에몽 : 쿵짜라♪ 울려퍼지는 음악 편 8,특별한 도라에몽 : 쿵짜라♪ 울려퍼지는 음악 편,8,,,후지코 F. 후지오,대원씨아이(만화),2026-08,8100,,850,935,2026-09-04T10:34:33+09:00
398016177,토리빵 16,토리빵,16,,,토리노 난코,AK(에이케이)커뮤니케이션즈,2026-07,8100,6.0,1170,936,2026-09-04T10:34:33+09:00
200656574,아이들의 장난감 애장판 1~7 세트 - 전7권 (완결),아이들의 장난감 애장판 1~7 세트 - 전7권 (완결),,,,오바나 미호,학산문화사(만화),2019-07,40320,10.0,946,937,2026-09-04T10:34:33+09:00
400543500,"아리스, 우주까지도 4","아리스, 우주까지도",4,,,우리노 키코,대원씨아이(만화),2026-08,6300,,810,938,2026-09-04T10:34:33+09:00
334128695,사랑해 게임을 끝내고 싶어 4,사랑해 게임을 끝내고 싶어,4,,,도모토 유키,학산문화사(만화),2024-02,5400,,866,939,2026-09-04T10:34:33+09:00
400585852,택배기사 형이랑 잘 될 수 있을까?,택배기사 형이랑 잘 될 수 있을까?,,,- B愛+750,노다 논다,대원씨아이(만화),2026-08,6300,,900,940,2026-09-04T10:34:33+09:00
337130738,골든 카무이 1~31 세트 - 전31권,골든 카무이 1~31 세트 - 전31권,,,,노다 사토루,대원씨아이(만화),2024-03,113400,,888,941,2026-09-04T10:34:33+09:00
394122707,취사병 전설이 되다 15,취사병 전설이 되다,15,,,제이로빈,지식오름,2026-06,13500,,1075,942,2026-09-04T10:34:33+09:00
400730154,1초 24,1초,24,,,시니,영컴(YOUNG COM),2026-08,15120,,800,943,2026-09-04T10:34:33+09:00
400652846,트릴리온 게임 10,트릴리온 게임,10,,- 시프트코믹스,이케가미 료이치,YNK MEDIA(만화),2026-08,5400,10.0,800,944,2026-09-04T10:34:33+09:00
400307391,꿀과 극약 2,꿀과 극약,2,,,사쿠라노코우지 카노코,대원씨아이(만화),2026-08,5400,,910,945,2026-09-04T10:34:33+09:00
400585731,퀸즈 퀄리티 1,퀸즈 퀄리티,1,,- 루나 코믹스,모토미 쿄스케,㈜소미미디어,2026-08,6300,10.0,690,946,2026-09-04T10:34:33+09:00
400856407,탱크체어 TANK CHAIR 4,탱크체어 TANK CHAIR,4,,,야시로 마나부,대원씨아이(만화),2026-08,6300,,670,947,2026-09-04T10:34:33+09:00
400585822,W 줄리엣 2부 16,W 줄리엣 2부,16,,,에무라,대원씨아이(만화),2026-08,3780,,760,948,2026-09-04T10:34:33+09:00
400662468,룸 투어즈 2,룸 투어즈,2,,,마츠모토 토모,서울미디어코믹스(서울문화사),2026-08,5400,10.0,820,949,2026-09-04T10:34:33+09:00
394122361,취사병 전설이 되다 14,취사병 전설이 되다,14,,,제이로빈,지식오름,2026-06,13500,,1015,950,2026-09-04T10:34:33+09:00
339953785,못 미더운 악녀입니다만 : ~추궁접서 교체전~ 6,못 미더운 악녀입니다만 : ~추궁접서 교체전~,6,,,EI Ohitsuji,서울미디어코믹스(서울문화사),2024-05,6300,9.3,695,951,2026-09-04T10:34:33+09:00
319312677,못 미더운 악녀입니다만 : ~추궁접서 교체전~ 4,못 미더운 악녀입니다만 : ~추궁접서 교체전~,4,,,EI Ohitsuji,서울미디어코믹스(서울문화사),2023-06,6300,10.0,683,952,2026-09-04T10:34:33+09:00
400930535,발키리 키코 4,발키리 키코,4,,- S코믹스,아베노 챠코,㈜소미미디어,2026-09,6300,,490,953,2026-09-04T10:34:33+09:00
329581311,못 미더운 악녀입니다만 : ~추궁접서 교체전~ 5,못 미더운 악녀입니다만 : ~추궁접서 교체전~,5,,,EI Ohitsuji,서울미디어코믹스(서울문화사),2023-11,6300,10.0,644,954,2026-09-04T10:34:33+09:00
375157925,사랑스런 쿠니타마 1,사랑스런 쿠니타마,1,,,앗치 아이,대원씨아이(만화),2025-10,5850,8.0,553,955,2026-09-04T10:34:33+09:00
400856418,미와 씨 행세를 합니다 14,미와 씨 행세를 합니다,14,,,아오키 유헤이,대원씨아이(만화),2026-08,5850,,510,956,2026-09-04T10:34:33+09:00
398810235,How to melt,How to melt,,,- 라르고맥스 Largo Max,스에히로 마치,조은세상(북두),2026-07,8100,10.0,820,957,2026-09-04T10:34:33+09:00
400707974,사랑할 자격 3,사랑할 자격,3,,,난바 아츠코,대원씨아이(만화),2026-08,5400,,690,958,2026-09-04T10:34:33+09:00
400649530,친구 여동생이 나한테만 짜증나게 군다 9,친구 여동생이 나한테만 짜증나게 군다,9,,- SL Comic,히라오카 히라,디앤씨미디어(주)(D&C미디어),2026-08,6300,,630,959,2026-09-04T10:34:33+09:00
400878277,오컬트 타임즈 1 (한정판),오컬트 타임즈,1,한정판,- 일반판 초판 부록 + 아코디언 일러스트 엽서 세트 + 시로&레이 아크릴 키링,Idonchi,서울미디어코믹스(서울문화사),2026-08,22500,,590,960,2026-09-04T10:34:33+09:00
398443139,데스 노트 Death Note 4,데스 노트 Death Note,4,,,오바 츠구미,대원씨아이(만화),2005-06,6300,,750,961,2026-09-04T10:34:33+09:00
400624765,장송의 프리렌 9,장송의 프리렌,9,,,야마다 카네히토,학산문화사(만화),2022-12,6300,,550,962,2026-09-04T10:34:33+09:00
400652954,영세 소녀의 싸우는 법 7,영세 소녀의 싸우는 법,7,,- 시프트코믹스,쿠즈시로,YNK MEDIA(만화),2026-08,5400,,440,963,2026-09-04T10:34:33+09:00
401131403,그리는 카마타 1,그리는 카마타,1,,,쿠사카베 유헤이,재담,2026-08,7200,,280,964,2026-09-04T10:34:33+09:00
401041304,언더독의 왕관 1,언더독의 왕관,1,,,시나치쿠,대원씨아이(만화),2026-08,6300,,280,965,2026-09-04T10:34:33+09:00
401420700,아마 그녀는 우리 형을 노리고 있을 거야 2,아마 그녀는 우리 형을 노리고 있을 거야,2,,,이세 마루노,서울미디어코믹스(서울문화사),2026-09,6300,,480,966,2026-09-04T10:34:33+09:00
401406768,눈물비와 세레나데 14,눈물비와 세레나데,14,,- 완결,카와치 하루카,삼양출판사(만화),2026-08,6300,,510,967,2026-09-04T10:34:33+09:00
286633169,여학교의 별 1,여학교의 별,1,,,와야마 야마,문학동네,2022-01,7650,9.4,17032,968,2026-09-04T10:34:33+09:00
293054296,여학교의 별 2,여학교의 별,2,,,와야마 야마,문학동네,2022-05,7650,9.8,16466,969,2026-09-04T10:34:33+09:00
269056986,"빠졌어, 너에게","빠졌어, 너에게",,,,와야마 야마,문학동네,2021-04,7650,9.6,15935,970,2026-09-04T10:34:33+09:00
316732827,여학교의 별 3,여학교의 별,3,,,와야마 야마,문학동네,2023-05,7650,9.8,14776,971,2026-09-04T10:34:33+09:00
280840739,주술회전 공식 팬북,주술회전 공식 팬북,,,,아쿠타미 게게,서울미디어코믹스(서울문화사),2021-10,9000,9.8,11307,972,2026-09-04T10:34:33+09:00
350054747,원피스 109,원피스,109,,- 네 편,오다 에이치로,대원씨아이(만화),2024-10,5400,9.9,10980,973,2026-09-04T10:34:33+09:00
361759377,팬텀 버스터즈 3,팬텀 버스터즈,3,,- S코믹스,네오쇼코,㈜소미미디어,2025-04,5400,9.6,10893,974,2026-09-04T10:34:33+09:00
363039652,원펀맨 One Punch Man 32,원펀맨 One Punch Man,32,,- 축복,ONE,대원씨아이(만화),2025-04,5400,10.0,10711,975,2026-09-04T10:34:33+09:00
344098053,체인소 맨 17,체인소 맨,17,,,후지모토 타츠키,학산문화사(만화),2024-08,5400,9.0,10618,976,2026-09-04T10:34:33+09:00
283685224,원피스 100,원피스,100,,- 패왕색,오다 에이치로,대원씨아이(만화),2021-11,4950,9.2,10127,977,2026-09-04T10:34:33+09:00
353133344,컬러 앤 라이트,컬러 앤 라이트,,,"- 사실적인 표현을 위한 빛과 색 그리는 법, 개정판",제임스 거니,잉크잼(잼스푼),2024-12,31500,10.0,9548,978,2026-09-04T10:34:33+09:00
309270127,후지모토 타츠키 단편집 22-26,후지모토 타츠키 단편집,22-26,,,후지모토 타츠키,학산문화사(만화),2023-01,5400,9.4,9610,979,2026-09-04T10:34:33+09:00
242242096,까면서 보는 해부학 만화,까면서 보는 해부학 만화,,,,압듈라,한빛비즈,2020-06,16650,9.3,9215,980,2026-09-04T10:34:33+09:00
378096466,팬텀 버스터즈 5,팬텀 버스터즈,5,,- 일반판,네오쇼코,㈜소미미디어,2025-11,5850,10.0,9125,981,2026-09-04T10:34:33+09:00
366527586,열혈강호 93,열혈강호,93,,,전극진,대원씨아이(만화),2025-06,4950,9.6,9113,982,2026-09-04T10:34:33+09:00
316987590,원피스 105,원피스,105,,- 루피의 꿈,오다 에이치로,대원씨아이(만화),2023-05,4950,8.9,8521,983,2026-09-04T10:34:33+09:00
397904785,보석함에 사랑을 채우자 1,보석함에 사랑을 채우자,1,,,미키모토 린,학산문화사(만화),2026-07,6300,9.5,8010,984,2026-09-04T10:34:33+09:00
338040640,사피엔스 : 그래픽 히스토리 Vol.3,사피엔스 : 그래픽 히스토리 Vol.3,,,- 역사의 배후,,김영사,2024-04,17820,9.5,8116,985,2026-09-04T10:34:33+09:00
291463925,원피스 101,원피스,101,,- 주연 등장,오다 에이치로,대원씨아이(만화),2022-03,4950,9.7,8070,986,2026-09-04T10:34:33+09:00
372510203,반딧불이의 혼례 8,반딧불이의 혼례,8,,,타치바나 오레코,서울미디어코믹스(서울문화사),2025-09,7650,9.8,7975,987,2026-09-04T10:34:33+09:00
369001873,파이브 스타 스토리 The Five Star Stories 18,파이브 스타 스토리 The Five Star Stories,18,,,나가노 마모루,서울미디어코믹스(서울문화사),2025-07,10800,9.3,7816,988,2026-09-04T10:34:33+09:00
244216165,마음을 사로잡는 만화 컷 분할 교실,마음을 사로잡는 만화 컷 분할 교실,,,,도쿄네임탱크,삼호미디어,2020-07,14400,9.4,7755,989,2026-09-04T10:34:33+09:00
365662113,나츠메 우인장 31,나츠메 우인장,31,,,미도리카와 유키,학산문화사(만화),2025-06,5400,9.4,7631,990,2026-09-04T10:34:33+09:00
379027062,나의 히어로 아카데미아 캐릭터 팬북 컴플리트 에디션,나의 히어로 아카데미아 캐릭터 팬북 컴플리트 에디션,,,,호리코시 코헤이,서울미디어코믹스(서울문화사),2025-11,28620,9.2,7505,991,2026-09-04T10:34:33+09:00
301706114,주술회전 0 : 외전,주술회전 0 : 외전,,,,아쿠타미 게게,서울미디어코믹스(서울문화사),2019-04,5400,8.7,7410,992,2026-09-04T10:34:33+09:00
338184397,던전밥 14,던전밥,14,,"- S코믹스, 완결",쿠이 료코,㈜소미미디어,2024-05,6300,9.8,7273,993,2026-09-04T10:34:33+09:00
395268985,괴수 8호 RELAX 4,괴수 8호 RELAX,4,,"- 초판 한정: 홀로그램 일러스트 카드, 방위대 4컷 포토카드",,서울미디어코믹스(서울문화사),2026-06,5400,8.0,7125,994,2026-09-04T10:34:33+09:00
294409871,귀멸의 칼날 21,귀멸의 칼날,21,,,고토게 코요하루,학산문화사(만화),2020-11,5400,10.0,7164,995,2026-09-04T10:34:33+09:00
399784385,별정직 공무원 5 (특별판),별정직 공무원,5,특별판,- 아크릴 누들 스토퍼 + 미니 포스터 5종 + 마우스패드 + 일러스트 포토 4종 + 특별판 박스 (상시 부록 '포토카드' 포함),서재원,학산문화사(만화),2026-08,38700,10.0,7190,996,2026-09-04T10:34:33+09:00
295225410,귀멸의 칼날 19,귀멸의 칼날,19,,,고토게 코요하루,학산문화사(만화),2020-07,5400,,6734,997,2026-09-04T10:34:33+09:00
301182588,주술회전 3,주술회전,3,,,아쿠타미 게게,서울미디어코믹스(서울문화사),2019-04,5400,,6523,998,2026-09-04T10:34:33+09:00
300409416,귀멸의 칼날 : 공식 팬북 귀살대 견문록 2,귀멸의 칼날 : 공식 팬북 귀살대 견문록,2,,,고토게 코요하루,학산문화사(만화),2022-08,8550,9.8,6575,999,2026-09-04T10:34:33+09:00
287304526,아름다운 초저녁달 1,아름다운 초저녁달,1,,,야마모리 미카,학산문화사(만화),2022-01,5400,9.5,6481,1000,2026-09-04T10:34:33+09:00
