item_id,title,series_name,vol_no,edition_type,special_benefits,author,publisher,release_date,price,rating,sales_point,rank,collected_at,previous_rank,rank_change,previous_sales_point,sales_point_change,is_new,is_out
400315663,스파이 패밀리 17,스파이 패밀리,17,,,엔도 타츠야,학산문화사(만화),2026-08,5400,10.0,32050,1,2026-08-31T14:09:42+09:00,,,,,0,0
400917256,마남 이치 6 (트리플 특전판),마남 이치,6,트리플 특전판,- 아크릴 일러스트 카드 2종 + 홀로그램 일러스트 카드,유사자키 시로,서울미디어코믹스(서울문화사),2026-08,6300,10.0,15710,2,2026-08-31T14:09:42+09:00,,,,,0,0
400930743,아멜리아의 호기심 많은 로맨스 3,아멜리아의 호기심 많은 로맨스,3,,"- 루나 코믹스, 초판 한정 투명 pet 포토카드 1종, 양면 일러스트 카드 1종, PET 사원증 1종",코하쿠 요루,㈜소미미디어,2026-09,6300,,13100,3,2026-08-31T14:09:42+09:00,,,,,0,0
400652795,스킵과 로퍼 12,스킵과 로퍼,12,,- 시프트코믹스,타카마츠 미사키,YNK MEDIA(만화),2026-08,5400,10.0,28280,4,2026-08-31T14:09:42+09:00,,,,,0,0
400365190,사카모토 데이즈 27 (더블 특전판),사카모토 데이즈,27,더블 특전판,"- 자긍심, 초판 한정 띠지 + 일러스트 포스트 카드 + 일러스트 레이어 카드",스즈키 유우토,대원씨아이(만화),2026-08,5850,10.0,31790,5,2026-08-31T14:09:42+09:00,,,,,0,0
400710266,야마다 군과 Lv999의 사랑을 하다 8,야마다 군과 Lv999의 사랑을 하다,8,,"- 초판 한정 특전 : 띠지, 일러스트 카드, 폴라로이드 카드",마시로,디앤씨미디어(주)(D&C미디어),2026-09,7200,10.0,17780,6,2026-08-31T14:09:42+09:00,,,,,0,0
400587114,봇치·더·록! 외전 히로이 키쿠리의 과음일기 6,봇치·더·록! 외전 히로이 키쿠리의 과음일기,6,,- 띠지 + 초판한정 일러스트 포토 카드 1종,쿠미쵸,대원씨아이(만화),2026-08,8100,,32280,7,2026-08-31T14:09:42+09:00,,,,,0,0
400710167,야마다 군과 Lv999의 사랑을 하다 8 (특별판),야마다 군과 Lv999의 사랑을 하다,8,특별판,"- 특별판 한정 특전 : 일반판 초판 특전, 틴케이스, 특별판 한정 엽서 4종 세트, 키캡 키링",마시로,디앤씨미디어(주)(D&C미디어),2026-09,23400,10.0,18240,8,2026-08-31T14:09:42+09:00,,,,,0,0
400909479,킹덤 Kingdom 78,킹덤 Kingdom,78,,,하라 야스히사,대원씨아이(만화),2026-08,5400,,7620,9,2026-08-31T14:09:42+09:00,,,,,0,0
400246381,황천의 츠가이 12 (더블특전판),황천의 츠가이,12,더블특전판,- 초판한정 : 일러스트 포스트카드 1종 + 일러스트 pp카드 1종,아라카와 히로무,대원씨아이(만화),2026-08,5850,10.0,15330,10,2026-08-31T14:09:42+09:00,,,,,0,0
399974125,타몬 군 지금 어느 쪽?! 13 (한정판),타몬 군 지금 어느 쪽?!,13,한정판,- 후쿠하라 타몬 2nd 사진집 + 후쿠하라 타몬 사인 포토카드 + 일러스트 카드,시와스 유키,학산문화사(만화),2026-08,12600,10.0,20520,11,2026-08-31T14:09:42+09:00,,,,,0,0
399539936,명탐정 코난 108,명탐정 코난,108,,,아오야마 고쇼,서울미디어코믹스(서울문화사),2026-07,5400,9.7,24335,12,2026-08-31T14:09:42+09:00,,,,,0,0
397412056,책이라면 팔 만큼 1,책이라면 팔 만큼,1,,,코지마 아오,미우(대원씨아이),2026-07,11700,9.6,22990,13,2026-08-31T14:09:42+09:00,,,,,0,0
400707875,언니의 미도리 군 9,언니의 미도리 군,9,,,메구로 아무,대원씨아이(만화),2026-08,4950,,6310,14,2026-08-31T14:09:42+09:00,,,,,0,0
400586243,단다단 21,단다단,21,,,타츠 유키노부,대원씨아이(만화),2026-08,5400,10.0,10770,15,2026-08-31T14:09:42+09:00,,,,,0,0
391764120,포켓몬 생태도감,포켓몬 생태도감,,,,주식회사 포켓몬,대원씨아이(단행본),2026-04,13500,10.0,75572,16,2026-08-31T14:09:42+09:00,,,,,0,0
400547759,모모세 아키라의 첫사랑 파탄 중 6 (트리플 특전판),모모세 아키라의 첫사랑 파탄 중,6,트리플 특전판,- 스페셜 아크릴 일러스트 카드 1종 + 양면 일러스트 카드 2종,하레카와 신타,서울미디어코믹스(서울문화사),2026-08,6750,10.0,13870,17,2026-08-31T14:09:42+09:00,,,,,0,0
400856630,나나 NANA 완전판 12,나나 NANA 완전판,12,,"- 초판 한정 PP엽서 1종, 포토카드 1종",야자와 아이,학산문화사(만화),2026-08,10800,,5120,18,2026-08-31T14:09:42+09:00,,,,,0,0
401063905,블리치 리믹스 17,블리치 리믹스,17,,,쿠보 타이토,서울미디어코믹스(서울문화사),2026-08,10800,,7750,19,2026-08-31T14:09:42+09:00,,,,,0,0
400315752,디그 잇 3 (더블특전판),디그 잇,3,더블특전판,- 수량 한정 더블 특전 : 비주얼 보드 + 스포츠 선수 카드,Yoshidamaru,학산문화사(만화),2026-08,6300,,17610,20,2026-08-31T14:09:42+09:00,,,,,0,0
400713407,이세계 삼촌 14,이세계 삼촌,14,,"- 픽시하우스, 초판한정 특별부록 : 일러스트 카드 + 띠지",호톤도신데이루,데이즈엔터(주),2026-09,7200,,6440,21,2026-08-31T14:09:42+09:00,,,,,0,0
399973794,봄의 폭풍과 몬스터 9,봄의 폭풍과 몬스터,9,,,미츠바치 미유키,학산문화사(만화),2026-08,6300,10.0,15140,22,2026-08-31T14:09:42+09:00,,,,,0,0
400736391,엄마가 도망갔다,엄마가 도망갔다,,,,소복이,나무의말,2026-09,17820,,7240,23,2026-08-31T14:09:42+09:00,,,,,0,0
400909443,창천항로 애장판 4,창천항로 애장판,4,,,킹곤타,대원씨아이(만화),2026-08,16200,,4210,24,2026-08-31T14:09:42+09:00,,,,,0,0
400708725,3월의 벽력 2,3월의 벽력,2,,,이케 준코,대원씨아이(만화),2026-08,5400,,7020,25,2026-08-31T14:09:42+09:00,,,,,0,0
400977703,나의 첫 섹파 2,나의 첫 섹파,2,,,유리카와,재담,2026-08,6300,,4530,26,2026-08-31T14:09:42+09:00,,,,,0,0
399975177,GACHIAKUTA 18,GACHIAKUTA,18,,,케이 우라나,학산문화사(만화),2026-08,6300,,8810,27,2026-08-31T14:09:42+09:00,,,,,0,0
400980916,꿈인지 생시인지 4,꿈인지 생시인지,4,,,사키사카 이오,대원씨아이(만화),2026-08,5850,,4110,28,2026-08-31T14:09:42+09:00,,,,,0,0
400544318,마법소녀를 동경해서 7 (더블특전판),마법소녀를 동경해서,7,더블특전판,- 띠지 + 초판한정 일러스트 카드 1종 + 더블특전 SD 스티커,오노나카 아키히로,대원씨아이(만화),2026-08,6750,,11030,29,2026-08-31T14:09:42+09:00,,,,,0,0
395946461,원피스 114,원피스,114,,- 초판한정 띠지 + 일러스트 카드 1종,오다 에이치로,대원씨아이(만화),2026-06,5850,10.0,43875,30,2026-08-31T14:09:42+09:00,,,,,0,0
399974955,GACHIAKUTA 18 (한정판),GACHIAKUTA,18,한정판,"- 아크릴 디오라마 + 빅스티커 SET(5매) + 스페셜 비주얼 보드, 포토카드SET(4매) + 일러스트 카드(일반판 부록과 동일) + 아웃박스",케이 우라나,학산문화사(만화),2026-08,39600,,11020,31,2026-08-31T14:09:42+09:00,,,,,0,0
400714329,패배 히로인이 너무 많아! 8.5,패배 히로인이 너무 많아! 8.5,,,"- Novel Engine, 초판한정 특별부록 : 띠지 + 일러스트 카드",아마모리 타키비,데이즈엔터(주),2026-09,7200,,8910,32,2026-08-31T14:09:42+09:00,,,,,0,0
398738362,헬싱 한정판 1~5 세트 - 전5권,헬싱 한정판 1~5 세트 - 전5권,,,,히라노 코우타,AK(에이케이)커뮤니케이션즈,2026-08,67500,9.9,16565,33,2026-08-31T14:09:42+09:00,,,,,0,0
401047773,야화첩 8,야화첩,8,,"- 초판 한정: 띠지, 포토카드 1종, PET 책갈피 1종",변덕,레진코믹스(레진엔터테인먼트),2026-08,14400,,3610,34,2026-08-31T14:09:42+09:00,,,,,0,0
400544538,비실비실 선생님 16,비실비실 선생님,16,,- 띠지 + 초판한정 일러스트 폴라로이드 카드 1종,후쿠치 카미오,대원씨아이(만화),2026-08,5850,10.0,11220,35,2026-08-31T14:09:42+09:00,,,,,0,0
401009364,소드 아트 온라인 29,소드 아트 온라인,29,,- J Novel,카와하라 레키,서울문화사,2026-08,7200,,5060,36,2026-08-31T14:09:42+09:00,,,,,0,0
400594188,노아 선배는 친구 10,노아 선배는 친구,10,,,아키야마 엔마,서울미디어코믹스(서울문화사),2026-08,5850,,6790,37,2026-08-31T14:09:42+09:00,,,,,0,0
401049295,야화첩 9,야화첩,9,,"- 초판 한정: 띠지, 포토카드 2종",변덕,레진코믹스(레진엔터테인먼트),2026-08,14400,,3400,38,2026-08-31T14:09:42+09:00,,,,,0,0
395510885,슈퍼 뒤에서 담배 피우는 두 사람 8,슈퍼 뒤에서 담배 피우는 두 사람,8,,- SL Comic,지누시,디앤씨미디어(주)(D&C미디어),2026-06,6300,9.9,12605,39,2026-08-31T14:09:42+09:00,,,,,0,0
396103290,패밀리 레스토랑 가자. 下,패밀리 레스토랑 가자. 下,,,- 완결,와야마 야마,문학동네,2026-06,7650,9.8,62045,40,2026-08-31T14:09:42+09:00,,,,,0,0
400707954,블루 자이언트 모멘텀 7,블루 자이언트 모멘텀,7,,,이시즈카 신이치,대원씨아이(만화),2026-08,5850,,4190,41,2026-08-31T14:09:42+09:00,,,,,0,0
399925336,팬텀 버스터즈 7,팬텀 버스터즈,7,,- S코믹스,네오쇼코,㈜소미미디어,2026-08,5850,10.0,17330,42,2026-08-31T14:09:42+09:00,,,,,0,0
400930547,Myther 3,Myther,3,,- S코믹스,야츠다 테키,㈜소미미디어,2026-09,7200,,3050,43,2026-08-31T14:09:42+09:00,,,,,0,0
400980854,현시연 신장판 1,현시연 신장판,1,,,키오 시모쿠,대원씨아이(만화),2026-08,13500,10.0,3120,44,2026-08-31T14:09:42+09:00,,,,,0,0
400545480,전지적 독자 시점 20,전지적 독자 시점,20,,- 초판 한정 캐릭터 카드 1종 + 특전 엽서 1종,슬리피-C,에이템포미디어,2026-08,14850,,8480,45,2026-08-31T14:09:42+09:00,,,,,0,0
400707805,담배 고양이 6,담배 고양이,6,,,냥냥 팩토리,대원씨아이(만화),2026-08,5400,,4010,46,2026-08-31T14:09:42+09:00,,,,,0,0
400328644,요리 군과 다시 만날 수는 없어! 2,요리 군과 다시 만날 수는 없어!,2,,"- 초판 한정 특전 : 일러스트 카드, 접이식 아크릴 스탠드",Sumio Hataya,서울미디어코믹스(서울문화사),2026-08,5850,,9520,47,2026-08-31T14:09:42+09:00,,,,,0,0
400594291,유치원WARS 17,유치원WARS,17,,"- 초판특전: 아크릴 일러스트 카드, 더그 일러스트 카드",You Chiba,서울미디어코믹스(서울문화사),2026-08,5400,10.0,5950,48,2026-08-31T14:09:42+09:00,,,,,0,0
400365247,이거 그리고 죽어 8,이거 그리고 죽어,8,,- 초판 한정 : 띠지 + 일러스트 엽서 1종,토요다 미노루,대원씨아이(만화),2026-08,5400,10.0,4800,49,2026-08-31T14:09:42+09:00,,,,,0,0
399583956,명탐정 코난 108 (특장판),명탐정 코난,108,특장판,- 극장판 [하이웨이의 타천사] 티저 일러스트 아크릴 스탠드 + 어나더 커버 + 트레이딩 그래픽 컬렉션 카드 8종 중 랜덤 4종,아오야마 고쇼,서울미디어코믹스(서울문화사),2026-07,19800,10.0,17900,50,2026-08-31T14:09:42+09:00,,,,,0,0
395945176,나츠메 우인장 32,나츠메 우인장,32,,,미도리카와 유키,학산문화사(만화),2026-06,5400,8.2,13440,51,2026-08-31T14:09:42+09:00,,,,,0,0
400647778,이토준지 자선 걸작집 Dark Colors,이토준지 자선 걸작집 Dark Colors,,,,이토 준지,미우(대원씨아이),2026-08,17100,5.0,5470,52,2026-08-31T14:09:42+09:00,,,,,0,0
401063751,요괴소년 호야 완전판 4,요괴소년 호야 완전판,4,,,후지타 카즈히로,서울미디어코믹스(서울문화사),2026-08,14400,,3010,53,2026-08-31T14:09:42+09:00,,,,,0,0
398419129,황천의 츠가이 11 (더블특전판),황천의 츠가이,11,더블특전판,,아라카와 히로무,대원씨아이(만화),2026-07,5850,9.8,11070,54,2026-08-31T14:09:42+09:00,,,,,0,0
399973871,옆자리 녀석이 그런 눈으로 쳐다본다 4 (더블특전판),옆자리 녀석이 그런 눈으로 쳐다본다,4,더블특전판,- 수량 한정 더블 특전 : 폴라로이드 에구치 ANGEL Ver + 이케자와 DEVIL Ver,mmk,학산문화사(만화),2026-08,6300,,9780,55,2026-08-31T14:09:42+09:00,,,,,0,0
396653507,마루는 강쥐 9,마루는 강쥐,9,,- 초판 한정 작가 친필 사인 인쇄본 + 초판 한정 표지 일러스트 엽서,모죠,문페이스,2026-08,14400,,6555,56,2026-08-31T14:09:42+09:00,,,,,0,0
400707957,여우 우리군 1 (특장판),여우 우리군,1,특장판,"- B愛 341, 일러스트 카드 5종(초회 한정 일러스트 카드 1종 포함) + 클리어 스탠드 + 스티커 + 폴라로이드형 포토카드 + 어나더 커버 + 별도 박스 포장",네아,대원씨아이(만화),2026-08,16200,10.0,3070,57,2026-08-31T14:09:42+09:00,,,,,0,0
400662227,첫사랑은 나의 오빠 2,첫사랑은 나의 오빠,2,,,카스미 유코,서울미디어코믹스(서울문화사),2026-08,5850,,4120,58,2026-08-31T14:09:42+09:00,,,,,0,0
400878309,온통 여우 1,온통 여우,1,,- 초판 한정 특전 : 일러스트 카드 2종,Ayami Morinaga,서울미디어코믹스(서울문화사),2026-08,6750,10.0,2350,59,2026-08-31T14:09:42+09:00,,,,,0,0
400652816,블루 피리어드 7 (더블 특전판),블루 피리어드,7,더블 특전판,"- 초판 한정 일러스트 카드 1종 + 박티켓 책갈피 1종, 시프트코믹스",야마구치 츠바사,YNK MEDIA(만화),2026-08,5400,,3850,60,2026-08-31T14:09:42+09:00,,,,,0,0
400856525,애프터 갓 10,애프터 갓,10,,,에노 스미,대원씨아이(만화),2026-08,5400,10.0,2270,61,2026-08-31T14:09:42+09:00,,,,,0,0
396141385,사카모토 데이즈 26 (더블 특전판),사카모토 데이즈,26,더블 특전판,- 원정 / 띠지 + 일러스트 포스트 카드 + 사카모토 상점 양면 어나더커버,스즈키 유우토,대원씨아이(만화),2026-06,5850,9.2,23315,62,2026-08-31T14:09:42+09:00,,,,,0,0
399974190,타몬 군 지금 어느 쪽?! 13,타몬 군 지금 어느 쪽?!,13,,- 수량 한정 특전 : 일러스트 카드,시와스 유키,학산문화사(만화),2026-08,6300,10.0,5780,63,2026-08-31T14:09:42+09:00,,,,,0,0
400647677,아이돌라트리 1,아이돌라트리,1,,- 초판 한정 띠지 + 일러스트 pet 카드 1종,호마레,대원씨아이(만화),2026-08,6300,,3390,64,2026-08-31T14:09:42+09:00,,,,,0,0
400653146,세금으로 산 책 3,세금으로 산 책,3,,- 시프트코믹스,케이야마 케이,YNK MEDIA(만화),2026-08,5850,,2980,65,2026-08-31T14:09:42+09:00,,,,,0,0
400910174,이력서 3,이력서,3,,,유월,블루픽,2026-08,14220,10.0,2570,66,2026-08-31T14:09:42+09:00,,,,,0,0
400647796,이토준지 자선 걸작집 왜곡,이토준지 자선 걸작집 왜곡,,,,이토 준지,미우(대원씨아이),2026-08,14400,6.0,4210,67,2026-08-31T14:09:42+09:00,,,,,0,0
399782162,흑집사 35,흑집사,35,,,토보소 야나,학산문화사(만화),2026-08,5400,,9100,68,2026-08-31T14:09:42+09:00,,,,,0,0
394695719,옆자리 녀석이 그런 눈으로 쳐다본다 3 (더블특전판),옆자리 녀석이 그런 눈으로 쳐다본다,3,더블특전판,- 수량 한정 더블 특전: 포토카드 + 증명사진,mmk,학산문화사(만화),2026-06,6300,9.0,7125,69,2026-08-31T14:09:42+09:00,,,,,0,0
400653323,세금으로 산 책 4,세금으로 산 책,4,,- 시프트코믹스,케이야마 케이,YNK MEDIA(만화),2026-08,5850,,2730,70,2026-08-31T14:09:42+09:00,,,,,0,0
398309482,요리 군과 다시 만날 수는 없어! 1,요리 군과 다시 만날 수는 없어!,1,,"- 초판 한정 특전 : 양면 일러스트 카드, 접이식 아크릴 스탠드",Sumio Hataya,서울미디어코믹스(서울문화사),2026-07,5850,,10185,71,2026-08-31T14:09:42+09:00,,,,,0,0
400668931,커다란 네가 제일 귀여워 (한정판),커다란 네가 제일 귀여워,,한정판,"- 일러스트 메모패드, 작가님 사인 포토카드 2종, 빅 클리어 카드 2종, 일러스트 카드, 라르고 맥스 Largo Max",유키하루,조은세상(북두),2026-08,9900,10.0,2810,72,2026-08-31T14:09:42+09:00,,,,,0,0
400856659,눈이 나려 꽃 26,눈이 나려 꽃,26,,,임해연,학산문화사(만화),2026-08,7200,,1840,73,2026-08-31T14:09:42+09:00,,,,,0,0
400878045,온통 여우 1 (한정판),온통 여우,1,한정판,- 구성: 단행본(초판 특전 포함) + 커스텀 아크릴 키링 + 홀로그램 아크릴 일러스트 카드 + 판 스티커,Ayami Morinaga,서울미디어코믹스(서울문화사),2026-08,22500,10.0,1770,74,2026-08-31T14:09:42+09:00,,,,,0,0
401041191,너를 잊을 사랑이 하고 싶어 7,너를 잊을 사랑이 하고 싶어,7,,,유우키 하루,대원씨아이(만화),2026-08,5850,,1990,75,2026-08-31T14:09:42+09:00,,,,,0,0
400856516,아오아시 17,아오아시,17,,,코바야시 유고,대원씨아이(만화),2026-08,5850,,1720,76,2026-08-31T14:09:42+09:00,,,,,0,0
396452830,원펀맨 One Punch Man 35,원펀맨 One Punch Man,35,,- 만나서는 안 될 녀석,ONE,대원씨아이(만화),2026-06,5400,9.5,16305,77,2026-08-31T14:09:42+09:00,,,,,0,0
400543400,그랑블루 26,그랑블루,26,,,요시오카 키미타게,대원씨아이(만화),2026-08,4950,,3240,78,2026-08-31T14:09:42+09:00,,,,,0,0
401041190,참을 수 없는 건 사랑인 걸까 6,참을 수 없는 건 사랑인 걸까,6,,,소라하나 미아,대원씨아이(만화),2026-08,5850,,1740,79,2026-08-31T14:09:42+09:00,,,,,0,0
396369059,향기로운 꽃은 늠름하게 핀다 21,향기로운 꽃은 늠름하게 핀다,21,,- 띠지 + 초판한정 일러스트 엽서 1종,미카미 사카,대원씨아이(만화),2026-06,6300,,13500,80,2026-08-31T14:09:42+09:00,,,,,0,0
395840340,마남 이치 5 (트리플 특전판),마남 이치,5,트리플 특전판,- 홀로그램 일러스트 카드 2종 + 캐릭터 일러스트 카드,유사자키 시로,서울미디어코믹스(서울문화사),2026-06,6300,9.5,12800,81,2026-08-31T14:09:42+09:00,,,,,0,0
375360802,44교시 생존수업 1~2 세트 - 전2권,44교시 생존수업 1~2 세트 - 전2권,,,,상C,네이버웹툰,2025-12,28800,10.0,2664,82,2026-08-31T14:09:42+09:00,,,,,0,0
401009459,유감스러운 사랑의 주인공들 1,유감스러운 사랑의 주인공들,1,,,아와이 키사키,서울미디어코믹스(서울문화사),2026-08,5850,,1620,83,2026-08-31T14:09:42+09:00,,,,,0,0
400856505,아오아시 16,아오아시,16,,,코바야시 유고,대원씨아이(만화),2026-08,5850,,1600,84,2026-08-31T14:09:42+09:00,,,,,0,0
236826464,소년과 두더지와 여우와 말,소년과 두더지와 여우와 말,,,,찰리 맥커시,상상의힘,2020-04,19800,9.5,60660,85,2026-08-31T14:09:42+09:00,,,,,0,0
398962987,주술회전 모듈로 1,주술회전 모듈로,1,,- 특급 사안 /초판 한정 캐릭터 일러스트 카드 3종 + 선착순 한정 포토카드 1종,Yuji Iwasaki,서울미디어코믹스(서울문화사),2026-07,6300,9.0,25805,86,2026-08-31T14:09:42+09:00,,,,,0,0
389928857,옆자리 녀석이 그런 눈으로 쳐다본다 2,옆자리 녀석이 그런 눈으로 쳐다본다,2,,,mmk,학산문화사(만화),2026-04,6300,10.0,6183,87,2026-08-31T14:09:42+09:00,,,,,0,0
400930515,뒤에 있는 카무이 씨 1,뒤에 있는 카무이 씨,1,,- S코믹스 Red,코노시로 신코,㈜소미미디어,2026-09,6300,,1720,88,2026-08-31T14:09:42+09:00,,,,,0,0
398736065,너와 장밋빛 매일 3 (트리플 특전판),너와 장밋빛 매일,3,트리플 특전판,- 초판 한정 트리플 특전: 아크릴 일러스트 카드 + 일러스트 카드 + 폴라로이드 카드,히로 치히로,서울미디어코믹스(서울문화사),2026-07,5400,10.0,24210,89,2026-08-31T14:09:42+09:00,,,,,0,0
399782210,운명의 사람을 만나는 이야기 8,운명의 사람을 만나는 이야기,8,,,아나신,학산문화사(만화),2026-08,5400,10.0,8060,90,2026-08-31T14:09:42+09:00,,,,,0,0
400585881,귀여운 건 나다 3,귀여운 건 나다,3,,,야스코,대원씨아이(만화),2026-08,6300,,2920,91,2026-08-31T14:09:42+09:00,,,,,0,0
400707990,여우 우리군 1,여우 우리군,1,,- B愛 341,네아,대원씨아이(만화),2026-08,6300,,2090,92,2026-08-31T14:09:42+09:00,,,,,0,0
400707775,곰과 토끼는 친구로 지낼 수 없다 2,곰과 토끼는 친구로 지낼 수 없다,2,,,이누요시 아키라,대원씨아이(만화),2026-08,6300,,1830,93,2026-08-31T14:09:42+09:00,,,,,0,0
388083662,슈퍼 뒤에서 담배 피우는 두 사람 7,슈퍼 뒤에서 담배 피우는 두 사람,7,,- SL Comic,지누시,디앤씨미디어(주)(D&C미디어),2026-03,5850,9.3,11826,94,2026-08-31T14:09:42+09:00,,,,,0,0
399580240,엄마를 만나러 가는 길 3,엄마를 만나러 가는 길,3,,- 초판 한정 부록: 포토카드 2장 + 작가님 친필사인 면지 인쇄본,고먕,네이버웹툰,2026-10,16020,,8170,95,2026-08-31T14:09:42+09:00,,,,,0,0
400708280,발화 2,발화,2,,- 초판1쇄 한정 포토카드 2종,영재영,레진코믹스(레진엔터테인먼트),2026-08,15300,10.0,2560,96,2026-08-31T14:09:42+09:00,,,,,0,0
400594114,못 미더운 악녀입니다만 : ~추궁접서 교체전~ 10,못 미더운 악녀입니다만 : ~추궁접서 교체전~,10,,,EI Ohitsuji,서울미디어코믹스(서울문화사),2026-08,6300,10.0,2330,97,2026-08-31T14:09:42+09:00,,,,,0,0
384420875,원피스 113,원피스,113,,- 로키탄생,오다 에이치로,대원씨아이(만화),2026-01,5850,9.9,25240,98,2026-08-31T14:09:42+09:00,,,,,0,0
395444608,장송의 프리렌 15,장송의 프리렌,15,,,야마다 카네히토,학산문화사(만화),2026-06,6300,9.7,15480,99,2026-08-31T14:09:42+09:00,,,,,0,0
369848536,슈퍼 뒤에서 담배 피우는 두 사람 6,슈퍼 뒤에서 담배 피우는 두 사람,6,,- SL Comic,지누시,디앤씨미디어(주)(D&C미디어),2025-08,5850,10.0,10496,100,2026-08-31T14:09:42+09:00,,,,,0,0
400225135,"내가 연인이 될 수 있을 리 없잖아, 무리무리! (※무리가 아니었다?!) 8","내가 연인이 될 수 있을 리 없잖아, 무리무리! (※무리가 아니었다?!)",8,,"- S Novel+ , 초판 한정 책갈피, 쇼트스토리 소책자",미카미 테렌,㈜소미미디어,2026-08,9450,10.0,6580,101,2026-08-31T14:09:42+09:00,,,,,0,0
400585742,아메와 우미 1,아메와 우미,1,,"- S코믹스, 초판 한정 양면 일러스트 카드 2종(도서 내 래핑)",야마카타 아츠카,㈜소미미디어,2026-08,6300,10.0,2680,102,2026-08-31T14:09:42+09:00,,,,,0,0
400922115,순정 갸루는 여친은 아니지만,순정 갸루는 여친은 아니지만,,,- S 블랙,미우라 미우,㈜소미미디어,2026-09,9000,,2140,103,2026-08-31T14:09:42+09:00,,,,,0,0
400921125,사망 엔딩에서 벗어난 미연시의 히로인들이 내 【일기장】을 읽고 비밀을 알아챈 듯하다 1,사망 엔딩에서 벗어난 미연시의 히로인들이 내 【일기장】을 읽고 비밀을 알아챈 듯하다,1,,- S Novel,addict,㈜소미미디어,2026-09,7650,,2130,104,2026-08-31T14:09:42+09:00,,,,,0,0
400594187,아마 그녀는 우리 형을 노리고 있을 거야 1,아마 그녀는 우리 형을 노리고 있을 거야,1,,"- 초판 특전 양면 일러스트카드, 양면 일러스트 코스터",이세 마루노,서울미디어코믹스(서울문화사),2026-08,6300,,2050,105,2026-08-31T14:09:42+09:00,,,,,0,0
400981192,엇갈리는 중앙감정선,엇갈리는 중앙감정선,,,- 시무라 타카코 단편집,시무라 타카코,문학동네,2026-08,9000,,1370,106,2026-08-31T14:09:42+09:00,,,,,0,0
399781349,윈드 브레이커 15~16 세트 - 전2권,윈드 브레이커 15~16 세트 - 전2권,,,"- 초판한정부록 : 일러스트카드 1종, 아코디언카드 1종",니이 사토루,리디(RIDI),2026-08,10800,10.0,8040,107,2026-08-31T14:09:42+09:00,,,,,0,0
400245347,버서스 6,버서스,6,,,아즈마 쿄타로,학산문화사(만화),2026-08,5400,,4310,108,2026-08-31T14:09:42+09:00,,,,,0,0
400229048,사토 씨의 친구,사토 씨의 친구,,,,마스다 미리,이봄,2026-08,13500,9.0,3830,109,2026-08-31T14:09:42+09:00,,,,,0,0
388016420,스파이 패밀리 16,스파이 패밀리,16,,,엔도 타츠야,학산문화사(만화),2026-03,5400,9.7,20870,110,2026-08-31T14:09:42+09:00,,,,,0,0
393769452,불가항력의 I LOVE YOU 8,불가항력의 I LOVE YOU,8,,- 초판특전 : 포토카드 3종 세트,호시노 미즈키,서울미디어코믹스(서울문화사),2026-05,5400,9.7,18115,111,2026-08-31T14:09:42+09:00,,,,,0,0
394124358,캐릭캐릭 체인지! Jewel Joker 주얼 조커 3,캐릭캐릭 체인지! Jewel Joker 주얼 조커,3,,- 초판 특전: 아르카나 학원 아크릴 일러스트 카드,PEACH-PIT,서울미디어코믹스(서울문화사),2026-05,5850,10.0,12615,112,2026-08-31T14:09:42+09:00,,,,,0,0
399580402,엄마를 만나러 가는 길 4,엄마를 만나러 가는 길,4,,- 초판 한정 부록: 포토카드 2장 + 작가님 친필사인 면지 인쇄본,고먕,네이버웹툰,2026-10,16020,,7470,113,2026-08-31T14:09:42+09:00,,,,,0,0
400247736,만화 인소의 법칙 9 (한정판),만화 인소의 법칙,9,한정판,- 구성: 단행본 + 은지호 PET 스탠드 + 우주인 학생증 + 신용카드 스티커 2종 + 엽서 4종 + 미니 표지 아크릴 키링,아현,디앤씨웹툰비즈,2026-08,25200,,3840,114,2026-08-31T14:09:42+09:00,,,,,0,0
400878569,오컬트 타임즈 1,오컬트 타임즈,1,,- 초판 한정 : 일러스트 카드 부록 2종,Idonchi,서울미디어코믹스(서울문화사),2026-08,6300,10.0,1230,115,2026-08-31T14:09:42+09:00,,,,,0,0
290886787,룩 백,룩 백,,,,후지모토 타츠키,학산문화사(만화),2022-03,5400,9.5,35172,116,2026-08-31T14:09:42+09:00,,,,,0,0
360200073,슈퍼 뒤에서 담배 피우는 두 사람 5,슈퍼 뒤에서 담배 피우는 두 사람,5,,- SL Comic,지누시,디앤씨미디어(주)(D&C미디어),2025-03,5850,9.4,11558,117,2026-08-31T14:09:42+09:00,,,,,0,0
392518608,봄의 폭풍과 몬스터 8,봄의 폭풍과 몬스터,8,,,미츠바치 미유키,학산문화사(만화),2026-05,5400,9.7,10885,118,2026-08-31T14:09:42+09:00,,,,,0,0
398728364,마법소녀를 동경해서 6 (더블특전판),마법소녀를 동경해서,6,더블특전판,- 초판한정 : 일러스트 카드 1종 + SD 스티커 1종,오노나카 아키히로,대원씨아이(만화),2026-07,6750,,8295,119,2026-08-31T14:09:42+09:00,,,,,0,0
400547001,작전명 순정 7~9 스페셜 세트 - 전3권,작전명 순정 7~9 스페셜 세트 - 전3권,,,"- 구성: 단행본 7~9권, 엽서집(양면엽서 16장), 프로필 세트(프로필 3종 + PET 포스터 2종 + 종이 홀더), 레이어 카드 2종, 아크릴 코롯토, 증명사진 팩, 도화 인터뷰집, 스페셜 패키지 박스, 초판한정 엽서",꼬까리,영진.com(영진닷컴),2026-08,79200,10.0,5570,120,2026-08-31T14:09:42+09:00,,,,,0,0
400707962,추방 당한 전생 중기사는 게임 지식으로 무쌍한다 12,추방 당한 전생 중기사는 게임 지식으로 무쌍한다,12,,,브로콜리,대원씨아이(만화),2026-08,5850,,1660,121,2026-08-31T14:09:42+09:00,,,,,0,0
399402787,얼굴만으론 좋아할 수 없어요 17,얼굴만으론 좋아할 수 없어요,17,,"- 한국 한정 오리지널 일러스트 양면 커버, 초판 한정 SNS풍 주인공 커플 일러스트 카드, 졸업식 일러스트 카드",안자이 카린,서울미디어코믹스(서울문화사),2026-07,5400,,10190,122,2026-08-31T14:09:42+09:00,,,,,0,0
352187592,슈퍼 뒤에서 담배 피우는 두 사람 4,슈퍼 뒤에서 담배 피우는 두 사람,4,,- SL Comic,지누시,디앤씨미디어(주)(D&C미디어),2024-11,5400,9.8,10153,123,2026-08-31T14:09:42+09:00,,,,,0,0
393546382,봇치·더·록! 외전 히로이 키쿠리의 과음일기 5,봇치·더·록! 외전 히로이 키쿠리의 과음일기,5,,,쿠미쵸,대원씨아이(만화),2026-05,8100,10.0,9330,124,2026-08-31T14:09:42+09:00,,,,,0,0
400150223,남편을 내 편으로 만드는 방법 5 (한정판),남편을 내 편으로 만드는 방법,5,한정판,- 단행본 + 학생 AU 아크릴 스탠드 + 떡메모지 + 파노라마 미니 포스터 4종 + 트레이딩 카드 9종 + 이스케&루비 엽서 4종 + 초판 한정 부록 엽서,시루,캐롯툰,2026-10,35820,,7330,125,2026-08-31T14:09:42+09:00,,,,,0,0
399050948,세금으로 산 책 1,세금으로 산 책,1,,- 시프트코믹스,케이야마 케이,YNK MEDIA(만화),2026-07,5850,10.0,5625,126,2026-08-31T14:09:42+09:00,,,,,0,0
399381869,담배 고양이 5,담배 고양이,5,,,냥냥 팩토리,대원씨아이(만화),2026-07,5400,,4330,127,2026-08-31T14:09:42+09:00,,,,,0,0
400157314,2120,2120,,,,조지 와일솔,프시케의숲,2026-08,27000,10.0,2970,128,2026-08-31T14:09:42+09:00,,,,,0,0
400652779,스노우볼 어스 4,스노우볼 어스,4,,- 시프트코믹스,츠지츠구 유우히로,YNK MEDIA(만화),2026-08,5400,10.0,1790,129,2026-08-31T14:09:42+09:00,,,,,0,0
400545629,파인더의 도피행,파인더의 도피행,,,- 뉴 루비코믹스 3165,야마네 아야노,현대지능개발사,2026-08,7830,,2050,130,2026-08-31T14:09:42+09:00,,,,,0,0
401041186,너를 잊을 사랑이 하고 싶어 7 (특장판),너를 잊을 사랑이 하고 싶어,7,특장판,- 단행본 + 피크 키링 + 어나더 커버 + 일러스트 카드 2종 + 포토카드 2종 + 별도 박스 포장,유우키 하루,대원씨아이(만화),2026-08,19800,,1230,131,2026-08-31T14:09:42+09:00,,,,,0,0
400958916,11번째 고양이는 네네 2,11번째 고양이는 네네,2,,,하리카모,오팬스코믹,2026-08,6300,,1130,132,2026-08-31T14:09:42+09:00,,,,,0,0
400856423,처형당한 현자는 리치로 전생하여 침략전쟁을 시작한다 15,처형당한 현자는 리치로 전생하여 침략전쟁을 시작한다,15,,,쿠니토모 쇼타로,대원씨아이(만화),2026-08,4950,10.0,1060,133,2026-08-31T14:09:42+09:00,,,,,0,0
397284418,슈퍼 러버즈 19,슈퍼 러버즈,19,,,아베 미유키,서울미디어코믹스(서울문화사),2026-07,5400,10.0,8360,134,2026-08-31T14:09:42+09:00,,,,,0,0
399290739,메이드 인 어비스 14,메이드 인 어비스,14,,,츠쿠시 아키히토,미우(대원씨아이),2026-07,7200,,5635,135,2026-08-31T14:09:42+09:00,,,,,0,0
400246321,황천의 츠가이 12 (특별판),황천의 츠가이,12,특별판,- 초판부록 2종 + 패키지 박스 + 운명의 쌍둥이 아크릴 스탠드 1종 + 가브리엘 아크릴 참 키링 1종+ 시그니처 포토카드 1종 + 빅 캔배지 1종 + 홀로그램 카드 2종,아라카와 히로무,대원씨아이(만화),2026-08,25650,,4930,136,2026-08-31T14:09:42+09:00,,,,,0,0
398869909,나나 NANA 완전판 11,나나 NANA 완전판,11,,"- 초판 한정 PP엽서 1종, 포토카드 1종",야자와 아이,학산문화사(만화),2026-07,10800,,3725,137,2026-08-31T14:09:42+09:00,,,,,0,0
401131950,패배 히로인이 너무 많아! @comic 5,패배 히로인이 너무 많아! @comic,5,,,이타치,재담,2026-08,6300,,1650,138,2026-08-31T14:09:42+09:00,,,,,0,0
400909388,겁쟁이페달 95,겁쟁이페달,95,,,와타나베 와타루,대원씨아이(만화),2026-08,4950,,1110,139,2026-08-31T14:09:42+09:00,,,,,0,0
392518962,체인소 맨 23,체인소 맨,23,,,후지모토 타츠키,학산문화사(만화),2026-05,5400,9.1,16235,140,2026-08-31T14:09:42+09:00,,,,,0,0
399924966,팬텀 버스터즈 7 (한정판),팬텀 버스터즈,7,한정판,"- CD 라벨풍 스티커 + CD 자켓풍 일러스트 카드 2종 + 아크릴 키링 4종, M형 티켓 + 양면 어나더 커버 + 초판 한정 일러스트 카드, S코믹스",네오쇼코,㈜소미미디어,2026-08,27000,,13920,141,2026-08-31T14:09:42+09:00,,,,,0,0
390779612,야마다 군과 Lv999의 사랑을 하다 7,야마다 군과 Lv999의 사랑을 하다,7,,,마시로,디앤씨미디어(주)(D&C미디어),2026-04,7200,10.0,13468,142,2026-08-31T14:09:42+09:00,,,,,0,0
349202721,일러스트레이터를 위한 색과 빛 마스터 가이드북 : COLOR & LIGHT,일러스트레이터를 위한 색과 빛 마스터 가이드북 : COLOR & LIGHT,,,,3D토털 퍼블리싱,영진.com(영진닷컴),2024-10,28800,10.0,10988,143,2026-08-31T14:09:42+09:00,,,,,0,0
398867421,찍히지 않습니다 7,찍히지 않습니다,7,,"- S코믹스 /초판 한정 일러스트 카드, 폴라로이드 사진풍 카드 2종",코노시마 루카,㈜소미미디어,2026-08,6300,10.0,10335,144,2026-08-31T14:09:42+09:00,,,,,0,0
320428870,슈퍼 뒤에서 담배 피우는 두 사람 1,슈퍼 뒤에서 담배 피우는 두 사람,1,,- SL Comic,지누시,디앤씨미디어(주)(D&C미디어),2023-07,5400,9.3,9815,145,2026-08-31T14:09:42+09:00,,,,,0,0
393809247,사피엔스 : 그래픽 히스토리 Vol.4,사피엔스 : 그래픽 히스토리 Vol.4,,,- 혁명의 시대,,김영사,2026-05,17820,,7615,146,2026-08-31T14:09:42+09:00,,,,,0,0
398727110,봇치·더·록! 앤솔러지 코믹 6,봇치·더·록! 앤솔러지 코믹,6,,,치바 사도루,대원씨아이(만화),2026-07,8100,10.0,6865,147,2026-08-31T14:09:42+09:00,,,,,0,0
388852450,담배 고양이 1,담배 고양이,1,,,냥냥 팩토리,대원씨아이(만화),2026-03,5400,10.0,5538,148,2026-08-31T14:09:42+09:00,,,,,0,0
397904178,새벽의 연화 47,새벽의 연화,47,,,미즈호 쿠사나기,학산문화사(만화),2026-07,5400,,5265,149,2026-08-31T14:09:42+09:00,,,,,0,0
397818232,오가미 츠미키와 기일상 7,오가미 츠미키와 기일상,7,,,모리시타 미유,학산문화사(만화),2026-07,5400,9.4,5155,150,2026-08-31T14:09:42+09:00,,,,,0,0
400136861,누나의 친구 4,누나의 친구,4,,,타카세 와카,학산문화사(만화),2026-08,5400,,3870,151,2026-08-31T14:09:42+09:00,,,,,0,0
398221799,메달리스트 14,메달리스트,14,,,츠루마이카다,학산문화사(만화),2026-07,5400,10.0,16345,152,2026-08-31T14:09:42+09:00,,,,,0,0
193382764,페르세폴리스,페르세폴리스,,,,마르얀 사트라피,휴머니스트,2019-06,28800,8.6,15266,153,2026-08-31T14:09:42+09:00,,,,,0,0
388349614,카구라바치 9 (더블특전판),카구라바치,9,더블특전판,"- 엔텐, 일러스트 시네마 티켓 + 요도 계약자 pp 북마크",호카조노 타케루,대원씨아이(만화),2026-03,5850,,10964,154,2026-08-31T14:09:42+09:00,,,,,0,0
324439898,슈퍼 뒤에서 담배 피우는 두 사람 2,슈퍼 뒤에서 담배 피우는 두 사람,2,,- SL Comic,지누시,디앤씨미디어(주)(D&C미디어),2023-09,5400,9.4,8944,155,2026-08-31T14:09:42+09:00,,,,,0,0
396695591,루리 드래곤 5,루리 드래곤,5,,"- 초판특전: 일러스트 카드, 일러스트 스탠딩 POP",신도 마사오키,서울미디어코믹스(서울문화사),2026-06,5400,8.7,8380,156,2026-08-31T14:09:42+09:00,,,,,0,0
396819581,나의 첫 섹파 1,나의 첫 섹파,1,,- 초회 수량한정 특장판 구성 (수량 소진 시 종료),유리카와,재담,2026-06,6300,,4135,157,2026-08-31T14:09:42+09:00,,,,,0,0
309059685,판타지 배색 아이디어 사전,판타지 배색 아이디어 사전,,,- 세계관을 창조하는,사쿠라이 테루코,한즈미디어(한스미디어),2023-01,5630,10.0,4079,158,2026-08-31T14:09:42+09:00,,,,,0,0
400585911,녹풍당의 사계절 21,녹풍당의 사계절,21,,,시미즈 유우,대원씨아이(만화),2026-08,4500,,1520,159,2026-08-31T14:09:42+09:00,,,,,0,0
337054427,패밀리 레스토랑 가자. 上,패밀리 레스토랑 가자. 上,,,,와야마 야마,문학동네,2024-04,7650,9.7,31475,160,2026-08-31T14:09:42+09:00,,,,,0,0
374587018,원피스 112,원피스,112,,- 할리(신전),오다 에이치로,대원씨아이(만화),2025-10,5400,10.0,27277,161,2026-08-31T14:09:42+09:00,,,,,0,0
396644572,포켓몬 생태도감 특별판,포켓몬 생태도감 특별판,,,,주식회사 포켓몬,대원씨아이(단행본),2026-06,44100,10.0,23955,162,2026-08-31T14:09:42+09:00,,,,,0,0
394045519,아멜리아의 호기심 많은 로맨스 2,아멜리아의 호기심 많은 로맨스,2,,- 루나 코믹스,코하쿠 요루,㈜소미미디어,2026-06,6300,10.0,9105,163,2026-08-31T14:09:42+09:00,,,,,0,0
397904410,나 혼자만 레벨업 : 라그나로크 3,나 혼자만 레벨업 : 라그나로크,3,,- 만화,,디앤씨웹툰비즈,2026-07,14400,10.0,5820,164,2026-08-31T14:09:42+09:00,,,,,0,0
395170753,도쿄 학생 애처가 4,도쿄 학생 애처가,4,,,카유카와 스즈,학산문화사(만화),2026-06,6300,9.8,3640,165,2026-08-31T14:09:42+09:00,,,,,0,0
225772243,달빛천사 애장판 2,달빛천사 애장판,2,,,타네무라 아리나,서울미디어코믹스(서울문화사),2020-01,8550,10.0,3621,166,2026-08-31T14:09:42+09:00,,,,,0,0
398203513,톰 폭스의 옷을 입은 캐릭터 드로잉 : 아티스트를 위한 옷과 주름 그리기 가이드,톰 폭스의 옷을 입은 캐릭터 드로잉 : 아티스트를 위한 옷과 주름 그리기 가이드,,,,톰 폭스,한즈미디어(한스미디어),2026-07,28800,10.0,2395,167,2026-08-31T14:09:42+09:00,,,,,0,0
393803230,J⇔M 제이엠 6,J⇔M 제이엠,6,,,오타케 마사오,대원씨아이(만화),2026-05,6300,10.0,2265,168,2026-08-31T14:09:42+09:00,,,,,0,0
400587655,킬블루 13,킬블루,13,,,후지마키 타다토시,대원씨아이(만화),2026-08,5400,,1660,169,2026-08-31T14:09:42+09:00,,,,,0,0
400585950,보루토 -TWO BLUE VORTEX- 5,보루토 -TWO BLUE VORTEX-,5,,,이케모토 미키오,대원씨아이(만화),2026-08,5850,,1620,170,2026-08-31T14:09:42+09:00,,,,,0,0
400669134,반에서 두 번째로 귀여운 여자애와 친구가 되었다 6,반에서 두 번째로 귀여운 여자애와 친구가 되었다,6,,"- 왈츠 코믹스, 초판 한정 특전 : 일러스트 카드 1종, 포토카드 2종",오노 린,조은세상(북두),2026-08,5400,,1420,171,2026-08-31T14:09:42+09:00,,,,,0,0
400585836,아자미 야코를 좋아하게 된다 2,아자미 야코를 좋아하게 된다,2,,,유니티 콩,대원씨아이(만화),2026-08,5850,,1620,172,2026-08-31T14:09:42+09:00,,,,,0,0
401009461,달의 아이 신장판 8,달의 아이 신장판,8,,- 완결,시미즈 레이코,서울미디어코믹스(서울문화사),2026-08,16200,,1010,173,2026-08-31T14:09:42+09:00,,,,,0,0
400860220,작전명 순정 7,작전명 순정,7,,,꼬까리,영진.com(영진닷컴),2026-08,14400,,1000,174,2026-08-31T14:09:42+09:00,,,,,0,0
401042641,고랭순대 작품집 7,고랭순대 작품집,7,,,고랭순대,대원씨아이(만화),2026-08,13500,,970,175,2026-08-31T14:09:42+09:00,,,,,0,0
393688901,카구라바치 10 (트리플특전판),카구라바치,10,트리플특전판,- 초판한정 일러스트 시네마티켓 + 애니메이션 KV카드 + 검사들 일러스트카드,호카조노 타케루,대원씨아이(만화),2026-05,5850,9.8,18765,176,2026-08-31T14:09:42+09:00,,,,,0,0
336001751,슈퍼 뒤에서 담배 피우는 두 사람 3,슈퍼 뒤에서 담배 피우는 두 사람,3,,- SL Comic,지누시,디앤씨미디어(주)(D&C미디어),2024-03,5400,9.8,8404,177,2026-08-31T14:09:42+09:00,,,,,0,0
399055597,Re : 제로부터 시작하는 이세계 생활 43,Re : 제로부터 시작하는 이세계 생활,43,,"- Novel Engine / 초판한정 특별부록 : 띠지, 일러스트 카드",나가츠키 탓페이,데이즈엔터(주),2026-08,7200,,5995,178,2026-08-31T14:09:42+09:00,,,,,0,0
399540525,전희 서바이벌 사가 3,전희 서바이벌 사가,3,,,OTOSAMA,오팬스코믹,2026-07,6300,10.0,4040,179,2026-08-31T14:09:42+09:00,,,,,0,0
399953550,데스마치에서 시작되는 이세계 광상곡 34,데스마치에서 시작되는 이세계 광상곡,34,,"- L Novel /초판 한정 특전 : 띠지, 책갈피",아이나나 히로,디앤씨미디어(주)(D&C미디어),2026-08,9900,,3050,180,2026-08-31T14:09:42+09:00,,,,,0,0
400153916,명탐정 코난 : 범인 한자와 씨 10,명탐정 코난 : 범인 한자와 씨,10,,,칸바 마유코,서울미디어코믹스(서울문화사),2026-08,5400,10.0,3000,181,2026-08-31T14:09:42+09:00,,,,,0,0
400307585,재혼황후 11,재혼황후,11,,- 만화,히어리,영컴(YOUNG COM),2026-08,15120,,1920,182,2026-08-31T14:09:42+09:00,,,,,0,0
401041961,산가지는 도깨비의 꿈을 꾼다 5,산가지는 도깨비의 꿈을 꾼다,5,,,LAPIS,다산코믹스,2026-08,18000,,1300,183,2026-08-31T14:09:42+09:00,,,,,0,0
400860566,작전명 순정 8,작전명 순정,8,,,꼬까리,영진.com(영진닷컴),2026-08,14400,,970,184,2026-08-31T14:09:42+09:00,,,,,0,0
400860690,작전명 순정 9,작전명 순정,9,,,꼬까리,영진.com(영진닷컴),2026-08,14400,,950,185,2026-08-31T14:09:42+09:00,,,,,0,0
398869483,홀로서기 마왕성 12,홀로서기 마왕성,12,,,모리시타 마코토,대원씨아이(만화),2026-07,5400,9.4,1035,186,2026-08-31T14:09:42+09:00,,,,,0,0
400856470,선생님! 저희들이 세계를 멸망시킵니다. 9,선생님! 저희들이 세계를 멸망시킵니다.,9,,,코바야시 키나,대원씨아이(만화),2026-08,5400,,960,187,2026-08-31T14:09:42+09:00,,,,,0,0
400980564,킬러의 최애 4,킬러의 최애,4,,,오시마 린타로,대원씨아이(만화),2026-08,6300,,830,188,2026-08-31T14:09:42+09:00,,,,,0,0
292511593,가라오케 가자!,가라오케 가자!,,,,와야마 야마,문학동네,2022-04,7650,9.6,28599,189,2026-08-31T14:09:42+09:00,,,,,0,0
399403043,얼굴만으론 좋아할 수 없어요 17 (한정판),얼굴만으론 좋아할 수 없어요,17,한정판,- 한국 오리지널 일러스트 양면 커버 + 아크릴 스탠드 + 소책자 + 스페셜 일러스트 카드 2종 + 미니 일러스트 보드 (일반판 초판특전은 포함되지 않음),안자이 카린,서울미디어코믹스(서울문화사),2026-07,22500,10.0,14350,190,2026-08-31T14:09:42+09:00,,,,,0,0
391828072,열혈강호 95,열혈강호,95,,,전극진,대원씨아이(만화),2026-04,4950,9.6,13024,191,2026-08-31T14:09:42+09:00,,,,,0,0
393311014,히카루가 죽은 여름 8,히카루가 죽은 여름,8,,"- SL Comic, 초판 한정 특전 띠지, 일러스트 카드 & 클리어 일러스트 카드 세트 (2종 중 1종)",모쿠모쿠렌,디앤씨미디어(주)(D&C미디어),2026-05,6300,9.7,11935,192,2026-08-31T14:09:42+09:00,,,,,0,0
397047378,반딧불이의 혼례 11,반딧불이의 혼례,11,,,타치바나 오레코,서울미디어코믹스(서울문화사),2026-06,7650,10.0,11550,193,2026-08-31T14:09:42+09:00,,,,,0,0
397744206,학생회에도 구멍은 있다! 12,학생회에도 구멍은 있다!,12,,- S코믹스,무치마로,㈜소미미디어,2026-07,6300,9.0,10425,194,2026-08-31T14:09:42+09:00,,,,,0,0
353810399,헌터x헌터 HunterXHunter 신장판 38,헌터x헌터 HunterXHunter 신장판,38,,,토가시 요시히로,학산문화사(만화),2024-12,5400,9.8,10319,195,2026-08-31T14:09:42+09:00,,,,,0,0
399045982,유희왕 애장판 21,유희왕 애장판,21,,,다카하시 카즈키,대원씨아이(만화),2026-07,10800,,6895,196,2026-08-31T14:09:42+09:00,,,,,0,0
394169724,쓰레기 기둥서방 하나 군은 죽고 싶어 해 3,쓰레기 기둥서방 하나 군은 죽고 싶어 해,3,,,아메코,대원씨아이(만화),2026-05,5850,9.7,5355,197,2026-08-31T14:09:42+09:00,,,,,0,0
390998609,담배 고양이 2,담배 고양이,2,,,냥냥 팩토리,대원씨아이(만화),2026-04,5400,10.0,4655,198,2026-08-31T14:09:42+09:00,,,,,0,0
399051208,세금으로 산 책 2,세금으로 산 책,2,,- 시프트코믹스,케이야마 케이,YNK MEDIA(만화),2026-07,5850,10.0,4280,199,2026-08-31T14:09:42+09:00,,,,,0,0
394099635,담배 고양이 3,담배 고양이,3,,,냥냥 팩토리,대원씨아이(만화),2026-05,5400,10.0,4460,200,2026-08-31T14:09:42+09:00,,,,,0,0
396049036,담배 고양이 4,담배 고양이,4,,,냥냥 팩토리,대원씨아이(만화),2026-06,5400,10.0,4260,201,2026-08-31T14:09:42+09:00,,,,,0,0
400006981,유녀전기 대대야사 1,유녀전기 대대야사,1,,- 노엔 코믹스 / 초판한정 특별부록 : 일러스트 카드 + 띠지,토죠 치카,데이즈엔터(주),2026-08,5400,10.0,2490,202,2026-08-31T14:09:42+09:00,,,,,0,0
399953433,추우면 변하는 헤비가미 군 2,추우면 변하는 헤비가미 군,2,,"- SL Comic /초판 한정 특전: 띠지, PET 스탠드, 일러스트 스티커",쿠리미야,디앤씨미디어(주)(D&C미디어),2026-08,6300,,2430,203,2026-08-31T14:09:42+09:00,,,,,0,0
400543319,우자키 양은 놀고싶어! 14,우자키 양은 놀고싶어!,14,,,타케,대원씨아이(만화),2026-08,4950,,2210,204,2026-08-31T14:09:42+09:00,,,,,0,0
400006799,유녀전기 21,유녀전기,21,,- 노엔 코믹스,토죠 치카,데이즈엔터(주),2026-08,5400,10.0,2440,205,2026-08-31T14:09:42+09:00,,,,,0,0
395745763,아카네 이야기 15,아카네 이야기,15,,,유키 스에나가,학산문화사(만화),2026-06,5400,10.0,1645,206,2026-08-31T14:09:42+09:00,,,,,0,0
400669111,커다란 네가 제일 귀여워,커다란 네가 제일 귀여워,,,- 라르고 맥스 Largo Max,유키하루,조은세상(북두),2026-08,6300,,1270,207,2026-08-31T14:09:42+09:00,,,,,0,0
400585712,버그 에고 2,버그 에고,2,,- S코믹스,시타라 키요토,㈜소미미디어,2026-08,6300,,1330,208,2026-08-31T14:09:42+09:00,,,,,0,0
400707795,뉴노멀 8,뉴노멀,8,,,아이하라 아키토,대원씨아이(만화),2026-08,5400,,1030,209,2026-08-31T14:09:42+09:00,,,,,0,0
400707945,우리들은 미쳤다 연모 4,우리들은 미쳤다 연모,4,,,안도 나츠미,대원씨아이(만화),2026-08,5400,,950,210,2026-08-31T14:09:42+09:00,,,,,0,0
400909457,우린 엇갈리고 있다 1,우린 엇갈리고 있다,1,,,미나모토 유,대원씨아이(만화),2026-08,5850,,930,211,2026-08-31T14:09:42+09:00,,,,,0,0
366362146,엄마를 만나러 가는 길 1,엄마를 만나러 가는 길,1,,,고먕,네이버웹툰,2025-08,16020,10.0,15355,212,2026-08-31T14:09:42+09:00,,,,,0,0
385786461,스킵과 로퍼 11 (더블 특전판),스킵과 로퍼,11,더블 특전판,"- 미츠미 아크릴 POP + 명장면 흑백 스티커 4종 (초판 특전), 시프트코믹스",타카마츠 미사키,YNK MEDIA(만화),2026-02,5400,8.4,11541,213,2026-08-31T14:09:42+09:00,,,,,0,0
398221849,메달리스트 공식 팬북 더블특전판,메달리스트 공식 팬북 더블특전판,,,- 수량 한정 더블 특전 : 일러스트 카드 + 네컷사진,츠루마이카다,학산문화사(만화),2026-07,13500,10.0,9795,214,2026-08-31T14:09:42+09:00,,,,,0,0
397047219,쇼타 형아 7,쇼타 형아,7,,- BLovers Comics /초판 한정 더블 특전 : 양면 일러스트 카드 2종,나카야마 미유키,서울미디어코믹스(서울문화사),2026-06,5850,9.4,7825,215,2026-08-31T14:09:42+09:00,,,,,0,0
395173556,내 마음의 위험한 녀석 13,내 마음의 위험한 녀석,13,,- S코믹스,사쿠라이 노리오,㈜소미미디어,2026-06,6300,9.4,5025,216,2026-08-31T14:09:42+09:00,,,,,0,0
396583445,약사의 혼잣말 21,약사의 혼잣말,21,,- 마오마오의 후궁 수수께끼 풀이수첩,쿠라타 미노지,서울미디어코믹스(서울문화사),2026-06,5400,9.9,2955,217,2026-08-31T14:09:42+09:00,,,,,0,0
400154065,달님이 바라시는 대로 9,달님이 바라시는 대로,9,,,키우치 라무네,서울미디어코믹스(서울문화사),2026-08,5400,,2820,218,2026-08-31T14:09:42+09:00,,,,,0,0
400224750,선생님으로 ○○하면 안 됩니다! 3,선생님으로 ○○하면 안 됩니다!,3,,- S코믹스,무샤사부,㈜소미미디어,2026-08,6300,,2130,219,2026-08-31T14:09:42+09:00,,,,,0,0
401097577,"다른 학교 얼음공주를 구했더니, 친구부터 시작하게 되었습니다 2","다른 학교 얼음공주를 구했더니, 친구부터 시작하게 되었습니다",2,,,사츠키 히류,오팬스노벨,2026-08,7650,,1340,220,2026-08-31T14:09:42+09:00,,,,,0,0
393544789,향기로운 꽃은 늠름하게 핀다 20,향기로운 꽃은 늠름하게 핀다,20,,,미카미 사카,대원씨아이(만화),2026-05,5400,,1500,221,2026-08-31T14:09:42+09:00,,,,,0,0
400586316,커들 2,커들,2,,- 수인 오메가버스,하스미 하나,학산문화사(만화),2026-08,6300,,1520,222,2026-08-31T14:09:42+09:00,,,,,0,0
400733376,건강하고 문화적인 최저한도의 생활 11,건강하고 문화적인 최저한도의 생활,11,,,가시와기 하루코,문학동네,2026-08,8820,,1120,223,2026-08-31T14:09:42+09:00,,,,,0,0
400586056,SCP가 뭔가요? 3,SCP가 뭔가요?,3,,,하치훈,대원씨아이(만화),2026-08,5850,,1240,224,2026-08-31T14:09:42+09:00,,,,,0,0
401009550,월광천녀 애장판 8,월광천녀 애장판,8,,,시미즈 레이코,서울미디어코믹스(서울문화사),2026-08,16200,,790,225,2026-08-31T14:09:42+09:00,,,,,0,0
400856407,탱크체어 TANK CHAIR 4,탱크체어 TANK CHAIR,4,,,야시로 마나부,대원씨아이(만화),2026-08,6300,,780,226,2026-08-31T14:09:42+09:00,,,,,0,0
400909405,시오타 선생님과 아마이양 7,시오타 선생님과 아마이양,7,,,나카토카 쿠미코,대원씨아이(만화),2026-08,5850,,710,227,2026-08-31T14:09:42+09:00,,,,,0,0
400917239,전생 악녀의 흑역사 18,전생 악녀의 흑역사,18,,,토우카 아키하루,서울미디어코믹스(서울문화사),2026-08,4500,,710,228,2026-08-31T14:09:42+09:00,,,,,0,0
368857673,명탐정 코난 107,명탐정 코난,107,,,아오야마 고쇼,서울미디어코믹스(서울문화사),2025-07,5400,9.9,10454,229,2026-08-31T14:09:42+09:00,,,,,0,0
322919098,향기로운 꽃은 늠름하게 핀다 1,향기로운 꽃은 늠름하게 핀다,1,,,미카미 사카,대원씨아이(만화),2023-08,5400,9.7,9648,230,2026-08-31T14:09:42+09:00,,,,,0,0
315020417,헌터x헌터 HunterXHunter 신장판 37,헌터x헌터 HunterXHunter 신장판,37,,,토가시 요시히로,학산문화사(만화),2023-04,5400,10.0,9045,231,2026-08-31T14:09:42+09:00,,,,,0,0
388137331,3월의 벽력 1,3월의 벽력,1,,,이케 준코,대원씨아이(만화),2026-03,5400,9.5,8028,232,2026-08-31T14:09:42+09:00,,,,,0,0
393753728,수상한 경찰 1 (트리플 특전판),수상한 경찰,1,트리플 특전판,- 초판한정 일러스트 북마크 1종 + 일러스트 엽서 4종 + 캐릭터 프로필 카드 4종,무키시츠,대원씨아이(만화),2026-05,9000,9.7,5355,233,2026-08-31T14:09:42+09:00,,,,,0,0
396574570,Re : 제로부터 시작하는 이세계 생활 42,Re : 제로부터 시작하는 이세계 생활,42,,"- Novel Engine /초판한정 특별부록 : 띠지, 일러스트 카드",나가츠키 탓페이,데이즈엔터(주),2026-07,7200,10.0,5080,234,2026-08-31T14:09:42+09:00,,,,,0,0
399404721,오디세이아를 한 번도 안 읽어 볼 수는 없잖아,오디세이아를 한 번도 안 읽어 볼 수는 없잖아,,,,Team. StoryG,oldstairs(올드스테어즈),2026-07,21600,9.3,3800,235,2026-08-31T14:09:42+09:00,,,,,0,0
372904974,인간실격 무삭제판 1~3 세트- 전3권,인간실격 무삭제판 1~3 세트- 전3권,,,,이토 준지,미우(대원씨아이),2020-08,34560,,3408,236,2026-08-31T14:09:42+09:00,,,,,0,0
390907872,향기로운 꽃은 늠름하게 핀다 19,향기로운 꽃은 늠름하게 핀다,19,,,미카미 사카,대원씨아이(만화),2026-04,5400,,3320,237,2026-08-31T14:09:42+09:00,,,,,0,0
397995094,수상한 경찰 2 (더블특전판),수상한 경찰,2,더블특전판,- 띠지 + 초판한정 일러스트 카드 1종 + 선착순 더블특전 포토카드 1종,무키시츠,대원씨아이(만화),2026-07,9000,9.6,2825,238,2026-08-31T14:09:42+09:00,,,,,0,0
400138794,이번 생은 가주가 되겠습니다 2부 6,이번 생은 가주가 되겠습니다 2부,6,,- 만화,앤트스튜디오,디앤씨웹툰비즈,2026-08,14400,,2290,239,2026-08-31T14:09:42+09:00,,,,,0,0
313274245,네가 죽을 때까지 사랑하고 싶어 1,네가 죽을 때까지 사랑하고 싶어,1,,,나치 아오노,학산문화사(만화),2020-12,5400,,2338,240,2026-08-31T14:09:42+09:00,,,,,0,0
399926241,어쨌든 귀여워 25,어쨌든 귀여워,25,,- S코믹스,하타 켄지로,㈜소미미디어,2026-08,6300,,2120,241,2026-08-31T14:09:42+09:00,,,,,0,0
386058010,사카모토 데이즈 25,사카모토 데이즈,25,,- 친구이상 킬러미만,스즈키 유우토,대원씨아이(만화),2026-02,5850,,1455,242,2026-08-31T14:09:42+09:00,,,,,0,0
400585822,W 줄리엣 2부 16,W 줄리엣 2부,16,,,에무라,대원씨아이(만화),2026-08,3780,,940,243,2026-08-31T14:09:42+09:00,,,,,0,0
400856352,FIRE BALL！ 파이어 볼! 2,FIRE BALL！ 파이어 볼!,2,,,타츠 유키노부,대원씨아이(만화),2026-08,5850,,680,244,2026-08-31T14:09:42+09:00,,,,,0,0
373383665,언제나 기억해,언제나 기억해,,,"- 소년과 두더지와 여우와 말, 그리고 폭풍우",찰리 맥커시,상상의힘,2025-10,19800,10.0,17630,245,2026-08-31T14:09:42+09:00,,,,,0,0
392518622,타몬 군 지금 어느 쪽?! 12,타몬 군 지금 어느 쪽?!,12,,,시와스 유키,학산문화사(만화),2026-05,5400,10.0,14585,246,2026-08-31T14:09:42+09:00,,,,,0,0
390778469,원펀맨 One Punch Man 34,원펀맨 One Punch Man,34,,- 여명,ONE,대원씨아이(만화),2026-04,5400,9.2,13428,247,2026-08-31T14:09:42+09:00,,,,,0,0
391724964,가르쳐줘 집사 1,가르쳐줘 집사,1,,- 초판 한정 더블 특전 : 양면 코스터 & 포토카드 2종 세트,마사키 미치,서울미디어코믹스(서울문화사),2026-04,6300,9.7,11003,248,2026-08-31T14:09:42+09:00,,,,,0,0
390776539,3월의 라이온 18,3월의 라이온,18,,,우미노 치카,시리얼(학산문화사),2026-04,7200,10.0,10592,249,2026-08-31T14:09:42+09:00,,,,,0,0
353133344,컬러 앤 라이트,컬러 앤 라이트,,,"- 사실적인 표현을 위한 빛과 색 그리는 법, 개정판",제임스 거니,잉크잼(잼스푼),2024-12,31500,10.0,9857,250,2026-08-31T14:09:42+09:00,,,,,0,0
397904785,보석함에 사랑을 채우자 1,보석함에 사랑을 채우자,1,,,미키모토 린,학산문화사(만화),2026-07,6300,9.5,8350,251,2026-08-31T14:09:42+09:00,,,,,0,0
294400847,헌터x헌터 HunterXHunter 신장판 33,헌터x헌터 HunterXHunter 신장판,33,,,토가시 요시히로,학산문화사(만화),2018-05,5400,,8265,252,2026-08-31T14:09:42+09:00,,,,,0,0
294401191,헌터x헌터 HunterXHunter 신장판 35,헌터x헌터 HunterXHunter 신장판,35,,,토가시 요시히로,학산문화사(만화),2019-03,5400,2.0,7625,253,2026-08-31T14:09:42+09:00,,,,,0,0
385131682,야마다 군과 Lv999의 사랑을 하다 6,야마다 군과 Lv999의 사랑을 하다,6,,,마시로,디앤씨미디어(주)(D&C미디어),2026-01,7200,9.8,6536,254,2026-08-31T14:09:42+09:00,,,,,0,0
394099665,킹덤 Kingdom 77,킹덤 Kingdom,77,,,하라 야스히사,대원씨아이(만화),2026-05,5400,10.0,6530,255,2026-08-31T14:09:42+09:00,,,,,0,0
388496310,단다단 20,단다단,20,,,타츠 유키노부,대원씨아이(만화),2026-03,5400,9.5,6201,256,2026-08-31T14:09:42+09:00,,,,,0,0
384933730,아멜리아의 호기심 많은 로맨스 1,아멜리아의 호기심 많은 로맨스,1,,- 루나 코믹스,코하쿠 요루,㈜소미미디어,2026-02,6300,9.8,6043,257,2026-08-31T14:09:42+09:00,,,,,0,0
389597923,황천의 츠가이 10,황천의 츠가이,10,,,아라카와 히로무,대원씨아이(만화),2026-04,5850,10.0,5675,258,2026-08-31T14:09:42+09:00,,,,,0,0
395357976,Veil 7,Veil,7,,"- S코믹스, JAPAN EXPO 최우수작화상, 최우수장정상 수상",코테리,㈜소미미디어,2026-06,11520,,4555,259,2026-08-31T14:09:42+09:00,,,,,0,0
385522768,옆자리 녀석이 그런 눈으로 쳐다본다 1,옆자리 녀석이 그런 눈으로 쳐다본다,1,,,mmk,학산문화사(만화),2026-02,6300,,3813,260,2026-08-31T14:09:42+09:00,,,,,0,0
398285038,포켓몬스터 스페셜 63,포켓몬스터 스페셜,63,,,쿠사카 히데노리,대원씨아이(만화),2026-07,4950,,2540,261,2026-08-31T14:09:42+09:00,,,,,0,0
400245338,공주님 고문의 시간입니다 19,공주님 고문의 시간입니다,19,,- 완결,하루하라 로빈슨,학산문화사(만화),2026-08,5400,10.0,2280,262,2026-08-31T14:09:42+09:00,,,,,0,0
400547758,코믹 어둠의 실력자가 되고 싶어서! 15,코믹 어둠의 실력자가 되고 싶어서!,15,,- J Comic,사카노 안리,서울미디어코믹스(서울문화사),2026-08,4500,10.0,2390,263,2026-08-31T14:09:42+09:00,,,,,0,0
399953662,히마텐! 4,히마텐!,4,,- SL Comic,오노 겐키,디앤씨미디어(주)(D&C미디어),2026-08,6300,,1970,264,2026-08-31T14:09:42+09:00,,,,,0,0
388861705,얼굴만으론 좋아할 수 없어요 16,얼굴만으론 좋아할 수 없어요,16,,,안자이 카린,서울미디어코믹스(서울문화사),2026-03,5400,,1605,265,2026-08-31T14:09:42+09:00,,,,,0,0
400669097,서뱀프 Servamp 23~24 세트 - 전2권,서뱀프 Servamp 23~24 세트 - 전2권,,,"- 판도라 코믹스, 완결 ,초판 한정 일러스트 카드 2종, 16P 소책자, big 엽서 1종",타나카 스트라이크,조은세상(북두),2026-08,13500,,1440,266,2026-08-31T14:09:42+09:00,,,,,0,0
400647477,만화를 잘 그리기 위한 노하우 도감,만화를 잘 그리기 위한 노하우 도감,,,,사이드랜치(Sideranch),영진.com(영진닷컴),2026-08,18000,,950,267,2026-08-31T14:09:42+09:00,,,,,0,0
400715990,가짜 연금술사 4,가짜 연금술사,4,,"- 픽시하우스, 초판한정 특별부록 : 일러스트 카드 + 띠지",우메마루,미스터블루,2026-09,7200,,870,268,2026-08-31T14:09:42+09:00,,,,,0,0
400856452,치하야 리스타트! 2,치하야 리스타트!,2,,,타케우치 홀로,대원씨아이(만화),2026-08,5850,,610,269,2026-08-31T14:09:42+09:00,,,,,0,0
256860565,사피엔스 : 그래픽 히스토리 Vol.1,사피엔스 : 그래픽 히스토리 Vol.1,,,- 인류의 탄생,,김영사,2020-11,17820,9.4,26301,270,2026-08-31T14:09:42+09:00,,,,,0,0
366362586,엄마를 만나러 가는 길 2,엄마를 만나러 가는 길,2,,,고먕,네이버웹툰,2025-08,16020,10.0,14619,271,2026-08-31T14:09:42+09:00,,,,,0,0
391943528,엄마를 만나러 가는 길,엄마를 만나러 가는 길,,,"- 모리의 스티커북 /초판 한정 부록: 투명 북마크,작가 친필 사인 면지에 인쇄",고먕,네이버웹툰,2026-06,15300,10.0,11955,272,2026-08-31T14:09:42+09:00,,,,,0,0
389546868,반딧불이의 혼례 10,반딧불이의 혼례,10,,,타치바나 오레코,서울미디어코믹스(서울문화사),2026-04,7650,9.6,10988,273,2026-08-31T14:09:42+09:00,,,,,0,0
392518701,블루 록 35,블루 록,35,,,노무라 유스케,학산문화사(만화),2026-05,5400,9.8,9740,274,2026-08-31T14:09:42+09:00,,,,,0,0
369126143,주술회전 30,주술회전,30,,,아쿠타미 게게,서울미디어코믹스(서울문화사),2025-08,5400,10.0,9409,275,2026-08-31T14:09:42+09:00,,,,,0,0
298605858,헌터x헌터 HunterXHunter 신장판 36,헌터x헌터 HunterXHunter 신장판,36,,,토가시 요시히로,학산문화사(만화),2020-03,5400,,7750,276,2026-08-31T14:09:42+09:00,,,,,0,0
391456890,순경씨와 나 1,순경씨와 나,1,,,나오키 유우,대원씨아이(만화),2026-04,6300,9.6,7049,277,2026-08-31T14:09:42+09:00,,,,,0,0
386003919,향기로운 꽃은 늠름하게 핀다 18,향기로운 꽃은 늠름하게 핀다,18,,,미카미 사카,대원씨아이(만화),2026-02,5400,10.0,5664,278,2026-08-31T14:09:42+09:00,,,,,0,0
399453196,묘쌤은 이렇게 말했다 11,묘쌤은 이렇게 말했다,11,,- S코믹스,무테키 소다,㈜소미미디어,2026-08,6300,10.0,4470,279,2026-08-31T14:09:42+09:00,,,,,0,0
397904768,푸른 상자 24,푸른 상자,24,,,미우라 코우지,학산문화사(만화),2026-07,5400,10.0,4385,280,2026-08-31T14:09:42+09:00,,,,,0,0
390011039,황천의 츠가이 3,황천의 츠가이,3,,,아라카와 히로무,대원씨아이(만화),2023-05,5850,,4460,281,2026-08-31T14:09:42+09:00,,,,,0,0
396766600,유루캠 18,유루캠,18,,,아프로,대원씨아이(만화),2026-06,4950,9.6,4365,282,2026-08-31T14:09:42+09:00,,,,,0,0
399782190,한밤중 하트튠 11,한밤중 하트튠,11,,,이가라시 마사쿠니,학산문화사(만화),2026-08,5400,,4170,283,2026-08-31T14:09:42+09:00,,,,,0,0
390941683,황천의 츠가이 1,황천의 츠가이,1,,,아라카와 히로무,대원씨아이(만화),2022-08,5850,,3864,284,2026-08-31T14:09:42+09:00,,,,,0,0
390241459,황천의 츠가이 4,황천의 츠가이,4,,,아라카와 히로무,대원씨아이(만화),2023-10,5850,,3978,285,2026-08-31T14:09:42+09:00,,,,,0,0
399782154,어차피 울 거라면 사랑이 좋아 9,어차피 울 거라면 사랑이 좋아,9,,,쿠사카 아키,학산문화사(만화),2026-08,5400,10.0,3700,286,2026-08-31T14:09:42+09:00,,,,,0,0
305148069,장례식 케이크 전문점 연옥당 2,장례식 케이크 전문점 연옥당,2,,- 양장,산호,문학동네,2022-11,18900,10.0,3594,287,2026-08-31T14:09:42+09:00,,,,,0,0
225770299,달빛천사 애장판 1,달빛천사 애장판,1,,,타네무라 아리나,서울미디어코믹스(서울문화사),2020-01,8550,9.5,3599,288,2026-08-31T14:09:42+09:00,,,,,0,0
391205558,황천의 츠가이 9,황천의 츠가이,9,,,아라카와 히로무,대원씨아이(만화),2025-11,5850,,3390,289,2026-08-31T14:09:42+09:00,,,,,0,0
396563437,나나 NANA 완전판 10,나나 NANA 완전판,10,,"- 초판한정: PP엽서 1종, 포토카드 1종",야자와 아이,학산문화사(만화),2026-06,10800,,3540,290,2026-08-31T14:09:42+09:00,,,,,0,0
400225649,인생 역전 3,인생 역전,3,,- S Novel,D,㈜소미미디어,2026-08,7650,,3130,291,2026-08-31T14:09:42+09:00,,,,,0,0
397905187,THE POOL,THE POOL,,,,사쿠라이 가몬,학산문화사(만화),2026-07,13500,10.0,2895,292,2026-08-31T14:09:42+09:00,,,,,0,0
399594642,동거하는 검성 여스승이 너무 귀여워서 매일 행복합니다 1,동거하는 검성 여스승이 너무 귀여워서 매일 행복합니다,1,,,R_링고,길찾기,2026-06,7200,10.0,2470,293,2026-08-31T14:09:42+09:00,,,,,0,0
399900769,소꿉친구 컴플렉스 4~5 스페셜 세트 - 전2권,소꿉친구 컴플렉스 4~5 스페셜 세트 - 전2권,,,"- 초판 한정 부록 : 책갈피 2종(4, 5권 책갈피 각각 1종) + 렌티큘러 엽서 2종 + 증명사진 패키지 + 폴라로이드 4종 + 작가님 사인 인쇄본",은하이,네이버웹툰,2026-10,39600,,2450,294,2026-08-31T14:09:42+09:00,,,,,0,0
331618813,먼작귀 1 (그림책 포함 특별판),먼작귀,1,그림책 포함 특별판,- 먼가 작고 귀여운 녀석,나가노,미우(대원씨아이),2022-06,17820,,2018,295,2026-08-31T14:09:42+09:00,,,,,0,0
400245307,나쁜 X에게 행복 있으라 6,나쁜 X에게 행복 있으라,6,,,키시카와 미즈키,학산문화사(만화),2026-08,5400,,1820,296,2026-08-31T14:09:42+09:00,,,,,0,0
399973834,라라의 결혼 8,라라의 결혼,8,,,타메코우,블랑코믹스(BLANC COMICS),2026-08,6300,,1550,297,2026-08-31T14:09:42+09:00,,,,,0,0
398284864,책벌레의 하극상 제4부 : 귀족원의 도서관을 구하고 싶어! 10,책벌레의 하극상 제4부 : 귀족원의 도서관을 구하고 싶어!,10,,- 사서가 되기 위해서라면 뭐든지 할 수 있어,카츠키 히카루,대원씨아이(만화),2026-07,5400,10.0,1330,298,2026-08-31T14:09:42+09:00,,,,,0,0
400662198,오늘부터 시작하는 소꿉친구 9,오늘부터 시작하는 소꿉친구,9,,,Midori Obiya,서울미디어코믹스(서울문화사),2026-08,5400,,770,299,2026-08-31T14:09:42+09:00,,,,,0,0
400707974,사랑할 자격 3,사랑할 자격,3,,,난바 아츠코,대원씨아이(만화),2026-08,5400,,700,300,2026-08-31T14:09:42+09:00,,,,,0,0
400980709,키스 다음부터는 애드리브로,키스 다음부터는 애드리브로,,,- B愛+752,키사라기 마나미,대원씨아이(만화),2026-08,5850,2.0,580,301,2026-08-31T14:09:42+09:00,,,,,0,0
400909336,라면 재유기 13,라면 재유기,13,,,쿠베 로쿠로,대원씨아이(만화),2026-08,5850,,610,302,2026-08-31T14:09:42+09:00,,,,,0,0
400980630,룸메이트 1,룸메이트,1,,,사토 아키히토,대원씨아이(만화),2026-08,6750,,560,303,2026-08-31T14:09:42+09:00,,,,,0,0
323272361,"안녕, 에리","안녕, 에리",,,,후지모토 타츠키,학산문화사(만화),2023-08,5400,9.4,15709,304,2026-08-31T14:09:42+09:00,,,,,0,0
399067587,매거진 조이 Vol.3 : 가비지타임,매거진 조이 Vol.3 : 가비지타임,,,- 초판 한정 : 히든카드/ 상시 특별 부록: 접지 포스터 + 북마크 4종,2사장,다산코믹스,2026-07,22500,10.0,15125,305,2026-08-31T14:09:42+09:00,,,,,0,0
186848330,쥐 The Complete Maus 합본,쥐 The Complete Maus 합본,,,,아트 슈피겔만,아름드리미디어,2014-06,18900,9.4,13708,306,2026-08-31T14:09:42+09:00,,,,,0,0
393239337,모모세 아키라의 첫사랑 파탄 중 5 (트리플 특전판),모모세 아키라의 첫사랑 파탄 중,5,트리플 특전판,- 스페셜 아크릴 일러스트 카드(1종) + 다양한 매력의 양면 일러스트 카드(2종),하레카와 신타,서울미디어코믹스(서울문화사),2026-05,6750,9.8,11205,307,2026-08-31T14:09:42+09:00,,,,,0,0
389009894,오무라이스 잼잼 16,오무라이스 잼잼,16,,,조경규,송송책방,2026-04,18900,10.0,10822,308,2026-08-31T14:09:42+09:00,,,,,0,0
335112422,주술회전 25,주술회전,25,,- 인외마경 신주쿠 결전,아쿠타미 게게,서울미디어코믹스(서울문화사),2024-02,5400,9.6,10092,309,2026-08-31T14:09:42+09:00,,,,,0,0
294401024,헌터x헌터 HunterXHunter 신장판 34,헌터x헌터 HunterXHunter 신장판,34,,,토가시 요시히로,학산문화사(만화),2018-05,5400,,7901,310,2026-08-31T14:09:42+09:00,,,,,0,0
385131551,야마다 군과 Lv999의 사랑을 하다 5,야마다 군과 Lv999의 사랑을 하다,5,,,마시로,디앤씨미디어(주)(D&C미디어),2026-01,7200,9.8,6504,311,2026-08-31T14:09:42+09:00,,,,,0,0
298605722,헌터x헌터 HunterXHunter 신장판 32,헌터x헌터 HunterXHunter 신장판,32,,,토가시 요시히로,학산문화사(만화),2013-12,5400,,6242,312,2026-08-31T14:09:42+09:00,,,,,0,0
398728413,마법소녀를 동경해서 1~5 합본판,마법소녀를 동경해서 1~5 합본판,,,- 각권 초회 한정 일러스트 카드 각 1종씩 (총5종) + 각 권 선착순 더블 특전 SD스티커 각 1종씩(총5종) + PET스탠드 + 컵코스터 + 일러스트 카드 + 별도 박스 포장,오노나카 아키히로,대원씨아이(만화),2026-07,33750,,5330,313,2026-08-31T14:09:42+09:00,,,,,0,0
354729574,주술회전 28,주술회전,28,,- 인외마경 신주쿠 결전 : 9점 점바둑,아쿠타미 게게,서울미디어코믹스(서울문화사),2024-12,5400,10.0,5148,314,2026-08-31T14:09:42+09:00,,,,,0,0
399052013,THE ART OF SOLO LEVELING : 웹툰 「나 혼자만 레벨업」 공식 아트북,THE ART OF SOLO LEVELING : 웹툰 「나 혼자만 레벨업」 공식 아트북,,,,장성락(REDICE STUDIO),디앤씨미디어(주)(D&C미디어),2026-08,43200,,4855,315,2026-08-31T14:09:42+09:00,,,,,0,0
246152488,여름 안에서,여름 안에서,,,,성률,문학동네,2020-07,17550,8.1,4751,316,2026-08-31T14:09:42+09:00,,,,,0,0
394588669,천국대마경 12,천국대마경,12,,- S코믹스,이시구로 마사카즈,㈜소미미디어,2026-06,6300,9.0,4405,317,2026-08-31T14:09:42+09:00,,,,,0,0
389641207,황천의 츠가이 2,황천의 츠가이,2,,,아라카와 히로무,대원씨아이(만화),2022-12,5850,,4450,318,2026-08-31T14:09:42+09:00,,,,,0,0
294154150,헌터x헌터 HunterXHunter 신장판 12,헌터x헌터 HunterXHunter 신장판,12,,,토가시 요시히로,학산문화사(만화),2014-09,5400,,4195,319,2026-08-31T14:09:42+09:00,,,,,0,0
362211849,주술회전 29,주술회전,29,,- 인외마경 신주쿠 결전 -사활-,아쿠타미 게게,서울미디어코믹스(서울문화사),2025-04,5400,10.0,3950,320,2026-08-31T14:09:42+09:00,,,,,0,0
284922100,장례식 케이크 전문점 연옥당 1,장례식 케이크 전문점 연옥당,1,,- 양장,산호,문학동네,2021-12,17100,10.0,3882,321,2026-08-31T14:09:42+09:00,,,,,0,0
399451773,숨막힐 정도의 사랑을 줄게 7,숨막힐 정도의 사랑을 줄게,7,,,이와시타 케이코,대원씨아이(만화),2026-07,5400,,3620,322,2026-08-31T14:09:42+09:00,,,,,0,0
295865866,하이큐!! 43,하이큐!!,43,,- 최종보스,후루다테 하루이치,대원씨아이(만화),2020-09,4950,,3891,323,2026-08-31T14:09:42+09:00,,,,,0,0
300919411,헌터x헌터 HunterXHunter 신장판 18,헌터x헌터 HunterXHunter 신장판,18,,,토가시 요시히로,학산문화사(만화),2015-07,5400,,3686,324,2026-08-31T14:09:42+09:00,,,,,0,0
394239585,사피엔스: 그래픽 히스토리 시리즈 세트 - 전4권,사피엔스: 그래픽 히스토리 시리즈 세트 - 전4권,,,,,김영사,2026-05,71280,9.3,3260,325,2026-08-31T14:09:42+09:00,,,,,0,0
398833327,이 결혼은 어차피 망하게 되어 있다 8,이 결혼은 어차피 망하게 되어 있다,8,,,,영컴(YOUNG COM),2026-07,15120,,3125,326,2026-08-31T14:09:42+09:00,,,,,0,0
399290916,우리 반리가 신세 좀 지겠습니다 4,우리 반리가 신세 좀 지겠습니다,4,,,카이도 치토세,대원씨아이(만화),2026-07,5400,,2900,327,2026-08-31T14:09:42+09:00,,,,,0,0
399556315,이우일의 만화 그리스로마 신화 1~3 세트 - 전3권,이우일의 만화 그리스로마 신화 1~3 세트 - 전3권,,,,이우일,비채,2026-07,59850,,2415,328,2026-08-31T14:09:42+09:00,,,,,0,0
400225603,고교 시절에 거만했던 여왕님과의 동거 생활은 의외로 나쁘지 않다 1,고교 시절에 거만했던 여왕님과의 동거 생활은 의외로 나쁘지 않다,1,,- S Novel,미소네타 도자에몽,㈜소미미디어,2026-08,7650,,2260,329,2026-08-31T14:09:42+09:00,,,,,0,0
400136881,벡 Beck 신장판 8,벡 Beck 신장판,8,,,해롤드 사쿠이시,학산문화사(만화),2026-08,10800,10.0,2250,330,2026-08-31T14:09:42+09:00,,,,,0,0
400225413,쪼그맣고 커다랗고 귀여운 나나세를 착각 전남친한테서 빼앗아 행복하게 한다 3,쪼그맣고 커다랗고 귀여운 나나세를 착각 전남친한테서 빼앗아 행복하게 한다,3,,- S Novel,카라스마 에이,㈜소미미디어,2026-08,7650,,2060,331,2026-08-31T14:09:42+09:00,,,,,0,0
400001064,피토스포룸 두 번째 잎,피토스포룸 두 번째 잎,,,,미카미 시노,인디고,2026-08,6300,10.0,1980,332,2026-08-31T14:09:42+09:00,,,,,0,0
400001284,와카코와 술 25,와카코와 술,25,,,신큐 치에,AK(에이케이)커뮤니케이션즈,2026-08,7200,,1760,333,2026-08-31T14:09:42+09:00,,,,,0,0
400001034,피토스포룸 첫 번째 잎,피토스포룸 첫 번째 잎,,,,미카미 시노,인디고,2026-08,6300,10.0,1910,334,2026-08-31T14:09:42+09:00,,,,,0,0
395958550,핑키 나이트메어,핑키 나이트메어,,,- 라르고 맥스 Largo Max,NAREHATECHAN,조은세상(북두),2026-06,6300,9.5,1705,335,2026-08-31T14:09:42+09:00,,,,,0,0
399465061,신석기 시대부터 AI 시대까지 만화로 꿰뚫는 경제사,신석기 시대부터 AI 시대까지 만화로 꿰뚫는 경제사,,,- 물질적 풍요는 우리를 행복하게 만들었을까,,클,2026-08,19800,10.0,1615,336,2026-08-31T14:09:42+09:00,,,,,0,0
400247880,만화 인소의 법칙 9,만화 인소의 법칙,9,,,아현,디앤씨웹툰비즈,2026-08,14400,,1370,337,2026-08-31T14:09:42+09:00,,,,,0,0
400311047,호랑이형님 21,호랑이형님,21,,,이상규,영컴(YOUNG COM),2026-08,15120,,1310,338,2026-08-31T14:09:42+09:00,,,,,0,0
400224840,파랑과 아지랑이 2,파랑과 아지랑이,2,,- BB허니밀크코믹스,돈돈,㈜소미미디어,2026-08,5850,,1270,339,2026-08-31T14:09:42+09:00,,,,,0,0
400340156,마끼아또의 일러스트 레벨업 테크닉,마끼아또의 일러스트 레벨업 테크닉,,,- 초보가 가장 많이 막히는 고민 해결집,마끼아또,AK(에이케이)커뮤니케이션즈,2026-08,19800,10.0,1410,340,2026-08-31T14:09:42+09:00,,,,,0,0
400921733,이세계 전생 던전 마스터 온천 던전을 만들다 1,이세계 전생 던전 마스터 온천 던전을 만들다,1,,"- S Novel+, 초판 한정 아마하라 신규 일러스트 양면커버, 일러스트카드",아마하라,㈜소미미디어,2026-09,9000,,800,341,2026-08-31T14:09:42+09:00,,,,,0,0
400734025,건강하고 문화적인 최저한도의 생활 12,건강하고 문화적인 최저한도의 생활,12,,,가시와기 하루코,문학동네,2026-08,8820,,830,342,2026-08-31T14:09:42+09:00,,,,,0,0
400653955,마왕과 용사의 사랑의 도피 바캉스 (더블 특전판),마왕과 용사의 사랑의 도피 바캉스,,더블 특전판,"- 솔트 코믹스, 초판 더블 특전 : 만화 1P 페이퍼, 일러스트 카드 1종",바세우,YNK MEDIA(만화),2026-08,5850,,900,343,2026-08-31T14:09:42+09:00,,,,,0,0
401041322,술에 취한 영애가 영웅을 몰라보고 구혼한 결과 1,술에 취한 영애가 영웅을 몰라보고 구혼한 결과,1,,,오오토리,대원씨아이(만화),2026-08,5850,,570,344,2026-08-31T14:09:42+09:00,,,,,0,0
400856443,응원 걸! 1,응원 걸!,1,,,다나카 유치아,대원씨아이(만화),2026-08,5400,10.0,530,345,2026-08-31T14:09:42+09:00,,,,,0,0
385946226,만화의 원리,만화의 원리,,,,이리에 아키,대원씨아이(만화),2026-02,21600,9.4,17595,346,2026-08-31T14:09:42+09:00,,,,,0,0
280555213,포인트 캐릭터 드로잉 - 전2권,포인트 캐릭터 드로잉 - 전2권,,,,타코,레진코믹스(레진엔터테인먼트),2021-09,25200,10.0,16404,347,2026-08-31T14:09:42+09:00,,,,,0,0
393769371,가르쳐줘 집사 2,가르쳐줘 집사,2,,,마사키 미치,서울미디어코믹스(서울문화사),2026-05,6300,9.7,13295,348,2026-08-31T14:09:42+09:00,,,,,0,0
389928831,새벽의 연화 46,새벽의 연화,46,,,미즈호 쿠사나기,학산문화사(만화),2026-04,5400,9.8,10449,349,2026-08-31T14:09:42+09:00,,,,,0,0
362375950,불가항력의 I LOVE YOU 4,불가항력의 I LOVE YOU,4,,,호시노 미즈키,서울미디어코믹스(서울문화사),2025-04,5400,9.7,10345,350,2026-08-31T14:09:42+09:00,,,,,0,0
358910532,명탐정 코난 106,명탐정 코난,106,,,아오야마 고쇼,서울미디어코믹스(서울문화사),2025-02,5400,10.0,9271,351,2026-08-31T14:09:42+09:00,,,,,0,0
369786330,마남 이치 1 (트리플 특전판),마남 이치,1,트리플 특전판,- 홀로그램 일러스트 카드 2종 + 아크릴 일러스트 카드 1종,유사자키 시로,서울미디어코믹스(서울문화사),2025-08,6300,9.6,9567,352,2026-08-31T14:09:42+09:00,,,,,0,0
341524569,주술회전 26,주술회전,26,,- 남쪽으로,아쿠타미 게게,서울미디어코믹스(서울문화사),2024-06,5400,,8758,353,2026-08-31T14:09:42+09:00,,,,,0,0
396563591,히나타의 블루 6,히나타의 블루,6,,"- 완결, 루나 코믹스 / 초판 한정 양면 어나더 커버, 렌티큘러 카드, 일러스트 카드",메구로 아무,㈜소미미디어,2026-07,6300,10.0,8010,354,2026-08-31T14:09:42+09:00,,,,,0,0
393238375,양 선배는 혼자서 살아갈 수 없어 2,양 선배는 혼자서 살아갈 수 없어,2,,- 초판부록 : 일러스트 카드 1종 + 띠지,soon챠,대원씨아이(만화),2026-05,5850,9.9,8150,355,2026-08-31T14:09:42+09:00,,,,,0,0
353421098,불가항력의 I LOVE YOU 3,불가항력의 I LOVE YOU,3,,,호시노 미즈키,서울미디어코믹스(서울문화사),2024-12,5400,9.3,7797,356,2026-08-31T14:09:42+09:00,,,,,0,0
294032766,헌터x헌터 HunterXHunter 신장판 1,헌터x헌터 HunterXHunter 신장판,1,,,토가시 요시히로,학산문화사(만화),2013-07,5400,10.0,6448,357,2026-08-31T14:09:42+09:00,,,,,0,0
398903862,보이시한 여자친구가 너무 귀여워 5 (특장판),보이시한 여자친구가 너무 귀여워,5,특장판,- 특장판 구성: 단행본 + 48P 소책자 + 초판특전 폴라로이드 사진 + 초판 특전 카메라 렌즈 속 투샷 사진,규뉴무기고항,서울미디어코믹스(서울문화사),2026-07,10800,,6210,358,2026-08-31T14:09:42+09:00,,,,,0,0
394695461,블루 록 36,블루 록,36,,,노무라 유스케,학산문화사(만화),2026-06,5400,,5920,359,2026-08-31T14:09:42+09:00,,,,,0,0
382041006,사카모토 데이즈 24,사카모토 데이즈,24,,- 감전 주의,스즈키 유우토,대원씨아이(만화),2025-12,5850,,5689,360,2026-08-31T14:09:42+09:00,,,,,0,0
397021676,완전 쓰레기인 와타라세인데 3 (특장판),완전 쓰레기인 와타라세인데,3,특장판,- 어나더 커버 + 아크릴 스탠드 + 스티커 3종 + 포토카드 6종 + 일러스트 카드 3종 + 별도 박스 포장,나카가와 파리,대원씨아이(만화),2026-06,28800,10.0,5225,361,2026-08-31T14:09:42+09:00,,,,,0,0
373998674,야마다 군과 Lv999의 사랑을 하다 1,야마다 군과 Lv999의 사랑을 하다,1,,,마시로,디앤씨미디어(주)(D&C미디어),2025-09,7200,9.8,4968,362,2026-08-31T14:09:42+09:00,,,,,0,0
373999147,야마다 군과 Lv999의 사랑을 하다 2,야마다 군과 Lv999의 사랑을 하다,2,,,마시로,디앤씨미디어(주)(D&C미디어),2025-09,7200,9.8,4763,363,2026-08-31T14:09:42+09:00,,,,,0,0
386059133,나 혼자만 레벨업 : 라그나로크 2,나 혼자만 레벨업 : 라그나로크,2,,- 만화,,디앤씨웹툰비즈,2026-02,14400,7.0,4346,364,2026-08-31T14:09:42+09:00,,,,,0,0
396368739,어서 와 수평선 1 (트리플 특전판),어서 와 수평선,1,트리플 특전판,- 띠지 + 입욕권 북마크 1종 + pp 스탠드 1종 + 티셔츠 판 스티커 1종,와타베 타이요,대원씨아이(만화),2026-06,6300,10.0,4445,365,2026-08-31T14:09:42+09:00,,,,,0,0
311653748,헌터x헌터 HunterXHunter 신장판 11,헌터x헌터 HunterXHunter 신장판,11,,,토가시 요시히로,학산문화사(만화),2014-09,5400,,4354,366,2026-08-31T14:09:42+09:00,,,,,0,0
389641178,황천의 츠가이 5,황천의 츠가이,5,,,아라카와 히로무,대원씨아이(만화),2024-03,5850,,4281,367,2026-08-31T14:09:42+09:00,,,,,0,0
394711835,악마에 입문했습니다! 이루마 군 : if Episode of 마피아 7,악마에 입문했습니다! 이루마 군 : if Episode of 마피아,7,,,니시 오사무,서울미디어코믹스(서울문화사),2026-06,5850,,4020,368,2026-08-31T14:09:42+09:00,,,,,0,0
390940611,이로하의 글이 이끄는 -눈 녹는 길-,이로하의 글이 이끄는 -눈 녹는 길-,,,,하나모리,시플리,2026-04,6300,9.1,3894,369,2026-08-31T14:09:42+09:00,,,,,0,0
397745987,Myther 2,Myther,2,,"- S코믹스 /초판 한정 양면 일러스트 카드, 초판 한정 PET 일러스트 카드",야츠다 테키,㈜소미미디어,2026-07,6300,,4095,370,2026-08-31T14:09:42+09:00,,,,,0,0
300919038,헌터x헌터 HunterXHunter 신장판 13,헌터x헌터 HunterXHunter 신장판,13,,,토가시 요시히로,학산문화사(만화),2014-12,5400,,3845,371,2026-08-31T14:09:42+09:00,,,,,0,0
393715017,노아 선배는 친구 9,노아 선배는 친구,9,,- 초판특전 : 포토카드 2종 세트,아키야마 엔마,서울미디어코믹스(서울문화사),2026-05,5850,9.5,3745,372,2026-08-31T14:09:42+09:00,,,,,0,0
298280739,헌터x헌터 HunterXHunter 신장판 16,헌터x헌터 HunterXHunter 신장판,16,,,토가시 요시히로,학산문화사(만화),2015-04,5400,,3523,373,2026-08-31T14:09:42+09:00,,,,,0,0
394015605,나나 NANA 완전판 9,나나 NANA 완전판,9,,"- 초판 한정: PP엽서 1종, 포토카드 1종",야자와 아이,학산문화사(만화),2026-05,10800,,3450,374,2026-08-31T14:09:42+09:00,,,,,0,0
301058589,헌터x헌터 HunterXHunter 신장판 19,헌터x헌터 HunterXHunter 신장판,19,,,토가시 요시히로,학산문화사(만화),2015-08,5400,,3402,375,2026-08-31T14:09:42+09:00,,,,,0,0
400006989,이세계 유유자적 농가 16,이세계 유유자적 농가,16,,"- Novel Engine /초판한정 특별부록: 띠지, 양면 커버",나이토 키노스케,데이즈엔터(주),2026-08,9000,10.0,3040,376,2026-08-31T14:09:42+09:00,,,,,0,0
399050467,블루 피리어드 6 (한정판),블루 피리어드,6,한정판,"- 시프트코믹스 /한정판 구성품 : 도서(초판 부록 포함), 1~6권 수납 박스, 컬러링북 소책자, 박티켓 책갈피 3종",야마구치 츠바사,YNK MEDIA(만화),2026-07,13500,,2715,377,2026-08-31T14:09:42+09:00,,,,,0,0
379189364,발화 1,발화,1,,,영재영,레진코믹스(레진엔터테인먼트),2025-12,14400,10.0,2640,378,2026-08-31T14:09:42+09:00,,,,,0,0
378966916,드래곤볼 완전판 가이드북 LANDMARK,드래곤볼 완전판 가이드북 LANDMARK,,,,토리야마 아키라,서울미디어코믹스(서울문화사),2025-11,12600,10.0,2711,379,2026-08-31T14:09:42+09:00,,,,,0,0
393313791,추우면 변하는 헤비가미 군 1,추우면 변하는 헤비가미 군,1,,"- 초판 한정 특전: 띠지, 스티커, PET 스탠드, 투명 책갈피, SL Comic",쿠리미야,디앤씨미디어(주)(D&C미디어),2026-05,6300,8.5,2640,380,2026-08-31T14:09:42+09:00,,,,,0,0
86893672,이토준지 자선 걸작집,이토준지 자선 걸작집,,,,이토 준지,미우(대원씨아이),2016-07,12600,8.6,2558,381,2026-08-31T14:09:42+09:00,,,,,0,0
399486670,서유요원전 서역편 : 화염산의 장 4,서유요원전 서역편 : 화염산의 장,4,,,모로호시 다이지로,문학동네,2026-07,9900,,2490,382,2026-08-31T14:09:42+09:00,,,,,0,0
396593327,일본삼국 7,일본삼국,7,,,마쓰키 잇카,재담,2026-06,7200,10.0,2495,383,2026-08-31T14:09:42+09:00,,,,,0,0
400197883,망각 배터리 23,망각 배터리,23,,,에코 미카와,서울미디어코믹스(서울문화사),2026-08,5400,,2400,384,2026-08-31T14:09:42+09:00,,,,,0,0
333640869,먼작귀 5 (레터북 포함 특별판),먼작귀,5,레터북 포함 특별판,- 먼가 작고 귀여운 녀석,나가노,미우(대원씨아이),2024-02,23400,10.0,2277,385,2026-08-31T14:09:42+09:00,,,,,0,0
400197602,타로의 얼렁뚱땅 2,타로의 얼렁뚱땅,2,,,야츠미 츠무,서울미디어코믹스(서울문화사),2026-08,5850,,2330,386,2026-08-31T14:09:42+09:00,,,,,0,0
344689794,네가 죽을 때까지 사랑하고 싶어 7,네가 죽을 때까지 사랑하고 싶어,7,,,나치 아오노,학산문화사(만화),2024-08,5400,10.0,2320,387,2026-08-31T14:09:42+09:00,,,,,0,0
400310759,호랑이형님 20,호랑이형님,20,,,이상규,영컴(YOUNG COM),2026-08,15120,,1430,388,2026-08-31T14:09:42+09:00,,,,,0,0
385894622,먼작귀 2 (그림책 포함 특별판),먼작귀,2,그림책 포함 특별판,- 먼가 작고 귀여운 녀석,나가노,미우(대원씨아이),2022-08,17820,,1335,389,2026-08-31T14:09:42+09:00,,,,,0,0
400585727,전격데이지 애장판 1,전격데이지 애장판,1,,- 루나 코믹스,모토미 쿄스케,㈜소미미디어,2026-08,12600,10.0,1210,390,2026-08-31T14:09:42+09:00,,,,,0,0
396581696,향기로운 꽃은 늠름하게 핀다 12,향기로운 꽃은 늠름하게 핀다,12,,,미카미 사카,대원씨아이(만화),2025-01,6300,,1510,391,2026-08-31T14:09:42+09:00,,,,,0,0
400712982,내 백합도 영업인 줄 알았어?,내 백합도 영업인 줄 알았어?,,,"- Novel Engine , 초판한정 특별부록 : 띠지 + 일러스트 카드",아사쿠라 네루,코믹레인,2026-09,7200,,1280,392,2026-08-31T14:09:42+09:00,,,,,0,0
400311351,뇌를 바꾸려는 사람들,뇌를 바꾸려는 사람들,,,"- 프랑켄슈타인에서 현대 신경기술까지, 뇌과학으로 만나는 신경윤리의 질문들",류영준,어크로스,2026-08,19800,9.7,1070,393,2026-08-31T14:09:42+09:00,,,,,0,0
400136964,은하영웅전설 31,은하영웅전설,31,,,후지사키 류,학산문화사(만화),2026-08,5400,,1040,394,2026-08-31T14:09:42+09:00,,,,,0,0
401097694,피가 이어지지 않은 우리가 가족이 되는 단 하나의 방법 1,피가 이어지지 않은 우리가 가족이 되는 단 하나의 방법,1,,,히바리유,오팬스노벨,2026-08,7650,,930,395,2026-08-31T14:09:42+09:00,,,,,0,0
399973937,코믹 무직전생 21,코믹 무직전생,21,,- 이세계에 갔으면 최선을 다한다,후지카와 유카,학산문화사(만화),2026-08,5400,,1100,396,2026-08-31T14:09:42+09:00,,,,,0,0
400586342,펜과 수갑과 사실혼 4,펜과 수갑과 사실혼,4,,,사와라기 신이치,학산문화사(만화),2026-08,5400,,1050,397,2026-08-31T14:09:42+09:00,,,,,0,0
400585731,퀸즈 퀄리티 1,퀸즈 퀄리티,1,,- 루나 코믹스,모토미 쿄스케,㈜소미미디어,2026-08,6300,,790,398,2026-08-31T14:09:42+09:00,,,,,0,0
400307391,꿀과 극약 2,꿀과 극약,2,,,사쿠라노코우지 카노코,대원씨아이(만화),2026-08,5400,,930,399,2026-08-31T14:09:42+09:00,,,,,0,0
400654225,아질 Asyl 1,아질 Asyl,1,,- 시프트코믹스,하야토 유우,YNK MEDIA(만화),2026-08,5400,10.0,820,400,2026-08-31T14:09:42+09:00,,,,,0,0
400594105,블랙 라군 : 청소부 소여 해체! 고어고어 무스메 4,블랙 라군 : 청소부 소여 해체! 고어고어 무스메,4,,,이다 타츠히코,서울미디어코믹스(서울문화사),2026-08,5850,10.0,820,401,2026-08-31T14:09:42+09:00,,,,,0,0
400652846,트릴리온 게임 10,트릴리온 게임,10,,- 시프트코믹스,이케가미 료이치,YNK MEDIA(만화),2026-08,5400,10.0,810,402,2026-08-31T14:09:42+09:00,,,,,0,0
400649438,주인공은 될 수 없지만,주인공은 될 수 없지만,,,,모모코 스이카,레어블(Rareble),2026-08,6930,,700,403,2026-08-31T14:09:42+09:00,,,,,0,0
401008380,렛츠고 괴기조 5,렛츠고 괴기조,5,,,View,㈜에스엠지크리에이티브(고은문화사),2026-08,5850,,550,404,2026-08-31T14:09:42+09:00,,,,,0,0
395477065,역사에 남을 악녀가 될 거야 5,역사에 남을 악녀가 될 거야,5,,- ~악역 영애가 될수록 왕자의 사랑이 가속하는 것 같습니다!~,호시 아카리,서울미디어코믹스(서울문화사),2026-06,5400,10.0,405,405,2026-08-31T14:09:42+09:00,,,,,0,0
366331655,원피스 111,원피스,111,,- 엘바프 모험,오다 에이치로,대원씨아이(만화),2025-06,5400,10.0,25300,406,2026-08-31T14:09:42+09:00,,,,,0,0
393250501,도쿄 에일리언즈 12 (트리플 특장판),도쿄 에일리언즈,12,트리플 특장판,- 초판 한정 : 아크릴 일러스트 카드(초판 전체) + 스페셜 일러스트 카드(선착순 한정) + 인화사진 (선착순 한정),NAOE,서울미디어코믹스(서울문화사),2026-05,5400,10.0,16410,407,2026-08-31T14:09:42+09:00,,,,,0,0
355678823,원피스 110,원피스,110,,- 시대의 일렁임,오다 에이치로,대원씨아이(만화),2025-01,5400,9.9,14373,408,2026-08-31T14:09:42+09:00,,,,,0,0
368125805,장송의 프리렌 14,장송의 프리렌,14,,,야마다 카네히토,학산문화사(만화),2025-07,5400,9.8,11026,409,2026-08-31T14:09:42+09:00,,,,,0,0
379795065,괴수 8호 16 (더블 특전판),괴수 8호,16,더블 특전판,"- 완결, '카프카' 캐릭터 카드 + 스페셜 일러스트 카드 2종",마츠모토 나오야,서울미디어코믹스(서울문화사),2025-12,5400,10.0,11200,410,2026-08-31T14:09:42+09:00,,,,,0,0
384585231,불가항력의 I LOVE YOU 7,불가항력의 I LOVE YOU,7,,,호시노 미즈키,서울미디어코믹스(서울문화사),2026-01,5400,9.4,10958,411,2026-08-31T14:09:42+09:00,,,,,0,0
366700348,신부이야기 15,신부이야기,15,,,모리 카오루,대원씨아이(만화),2025-06,7200,9.4,10436,412,2026-08-31T14:09:42+09:00,,,,,0,0
392509863,아름다운 초저녁달 10,아름다운 초저녁달,10,,,야마모리 미카,학산문화사(만화),2026-05,5400,9.5,9825,413,2026-08-31T14:09:42+09:00,,,,,0,0
283355505,사피엔스 : 그래픽 히스토리 Vol.2,사피엔스 : 그래픽 히스토리 Vol.2,,,- 문명의 기둥,,김영사,2021-11,17820,9.7,9681,414,2026-08-31T14:09:42+09:00,,,,,0,0
299392454,자연스러운 인체 드로잉,자연스러운 인체 드로잉,,,- 해부학부터 옷 주름까지 배우는,소은 박경선,동양북스(동양문고),2022-08,21150,10.0,9876,415,2026-08-31T14:09:42+09:00,,,,,0,0
382046167,캐릭캐릭 체인지! Jewel Joker 주얼 조커 2,캐릭캐릭 체인지! Jewel Joker 주얼 조커,2,,,PEACH-PIT,서울미디어코믹스(서울문화사),2025-12,5850,9.8,9416,416,2026-08-31T14:09:42+09:00,,,,,0,0
341684925,불가항력의 I LOVE YOU 1,불가항력의 I LOVE YOU,1,,,호시노 미즈키,서울미디어코믹스(서울문화사),2024-06,5400,9.6,8925,417,2026-08-31T14:09:42+09:00,,,,,0,0
368087158,불가항력의 I LOVE YOU 5,불가항력의 I LOVE YOU,5,,,호시노 미즈키,서울미디어코믹스(서울문화사),2025-07,5400,9.5,8938,418,2026-08-31T14:09:42+09:00,,,,,0,0
387062834,백귀야행 31,백귀야행,31,,,이마 이치코,시공사(만화),2026-02,7200,9.8,8535,419,2026-08-31T14:09:42+09:00,,,,,0,0
342785369,불가항력의 I LOVE YOU 2,불가항력의 I LOVE YOU,2,,,호시노 미즈키,서울미디어코믹스(서울문화사),2024-07,5400,9.4,8412,420,2026-08-31T14:09:42+09:00,,,,,0,0
330062627,주술회전 24,주술회전,24,,- 주택대천 - 재귀 -,아쿠타미 게게,서울미디어코믹스(서울문화사),2023-12,5400,9.5,7756,421,2026-08-31T14:09:42+09:00,,,,,0,0
392518949,GACHIAKUTA 17,GACHIAKUTA,17,,,케이 우라나,학산문화사(만화),2026-05,5400,10.0,7680,422,2026-08-31T14:09:42+09:00,,,,,0,0
397592223,애태울 정도의 사랑을 알아라 3,애태울 정도의 사랑을 알아라,3,,- 완결,쿄노 마코,학산문화사(만화),2026-07,6300,10.0,7325,423,2026-08-31T14:09:42+09:00,,,,,0,0
335258160,향기로운 꽃은 늠름하게 핀다 6,향기로운 꽃은 늠름하게 핀다,6,,,미카미 사카,대원씨아이(만화),2024-02,5400,10.0,7356,424,2026-08-31T14:09:42+09:00,,,,,0,0
324949099,봄의 폭풍과 몬스터 1,봄의 폭풍과 몬스터,1,,,미츠바치 미유키,학산문화사(만화),2023-10,5400,9.7,7312,425,2026-08-31T14:09:42+09:00,,,,,0,0
375360162,향기로운 꽃은 늠름하게 핀다 17,향기로운 꽃은 늠름하게 핀다,17,,,미카미 사카,대원씨아이(만화),2025-10,5400,,7080,426,2026-08-31T14:09:42+09:00,,,,,0,0
318850889,마루는 강쥐 1,마루는 강쥐,1,,,모죠,문페이스,2023-07,14400,10.0,6890,427,2026-08-31T14:09:42+09:00,,,,,0,0
365046389,쓰레기 기둥서방 하나 군은 죽고 싶어 해 1,쓰레기 기둥서방 하나 군은 죽고 싶어 해,1,,,아메코,대원씨아이(만화),2025-05,5850,10.0,6916,428,2026-08-31T14:09:42+09:00,,,,,0,0
338121617,너와 장밋빛 매일 1,너와 장밋빛 매일,1,,,히로 치히로,서울미디어코믹스(서울문화사),2024-04,5400,9.9,6793,429,2026-08-31T14:09:42+09:00,,,,,0,0
389890662,약사의 혼잣말 16,약사의 혼잣말,16,,,네코쿠라게,학산문화사(만화),2026-04,5400,9.8,6306,430,2026-08-31T14:09:42+09:00,,,,,0,0
392509889,애태울 정도의 사랑을 알아라 2,애태울 정도의 사랑을 알아라,2,,,쿄노 마코,학산문화사(만화),2026-05,6300,9.9,6160,431,2026-08-31T14:09:42+09:00,,,,,0,0
398197212,비실비실 선생님 15 (특별판),비실비실 선생님,15,특별판,- 패키지 박스 + 초판한정 일러스트 폴라로이드 카드 1종 + 캐릭터 아크릴 스탠드 1종 + 아크릴 키링 2종 + 포토카드 4종 + 미니포스터 1종,후쿠치 카미오,대원씨아이(만화),2026-07,27000,,5905,432,2026-08-31T14:09:42+09:00,,,,,0,0
394695720,바닷바람과 용의 보금자리 2,바닷바람과 용의 보금자리,2,,,시마 아사토,학산문화사(만화),2026-06,6300,10.0,5805,433,2026-08-31T14:09:42+09:00,,,,,0,0
292320734,헌터x헌터 HunterXHunter 신장판 2,헌터x헌터 HunterXHunter 신장판,2,,,토가시 요시히로,학산문화사(만화),2012-07,5400,10.0,5764,434,2026-08-31T14:09:42+09:00,,,,,0,0
372712759,쓰레기 기둥서방 하나 군은 죽고 싶어 해 2,쓰레기 기둥서방 하나 군은 죽고 싶어 해,2,,,아메코,대원씨아이(만화),2025-09,5850,9.3,5387,435,2026-08-31T14:09:42+09:00,,,,,0,0
397021753,완전 쓰레기인 와타라세인데 3,완전 쓰레기인 와타라세인데,3,,,나카가와 파리,대원씨아이(만화),2026-06,5400,9.7,5350,436,2026-08-31T14:09:42+09:00,,,,,0,0
351000171,반딧불이의 혼례 4,반딧불이의 혼례,4,,,타치바나 오레코,서울미디어코믹스(서울문화사),2024-10,7650,9.8,5252,437,2026-08-31T14:09:42+09:00,,,,,0,0
362488315,참을 수 없는 건 사랑인 걸까 1,참을 수 없는 건 사랑인 걸까,1,,,소라하나 미아,대원씨아이(만화),2025-04,5850,9.1,5126,438,2026-08-31T14:09:42+09:00,,,,,0,0
398199313,이번 생은 가주가 되겠습니다 2부 6 (특장판),이번 생은 가주가 되겠습니다 2부,6,특장판,- 만화 / 특장판 구성: 단행본 + 아크릴 스탠드 1종 + 책갈피 2종 + 엽서 5종 + 패키지 박스,앤트스튜디오,디앤씨웹툰비즈,2026-07,24300,,4740,439,2026-08-31T14:09:42+09:00,,,,,0,0
380811247,스킵 비트! 50,스킵 비트!,50,,,나카무라 요시키,시공사(만화),2025-12,5850,9.7,5085,440,2026-08-31T14:09:42+09:00,,,,,0,0
352187570,주술회전 27,주술회전,27,,,아쿠타미 게게,서울미디어코믹스(서울문화사),2024-08,5400,,4744,441,2026-08-31T14:09:42+09:00,,,,,0,0
399051127,"너무 건방져, 치가야 군 1","너무 건방져, 치가야 군",1,,,안도 마이,에이템포미디어,2026-07,5850,,4865,442,2026-08-31T14:09:42+09:00,,,,,0,0
373999390,야마다 군과 Lv999의 사랑을 하다 3,야마다 군과 Lv999의 사랑을 하다,3,,,마시로,디앤씨미디어(주)(D&C미디어),2025-09,7200,9.8,4817,443,2026-08-31T14:09:42+09:00,,,,,0,0
398418968,황천의 츠가이 11 (특별판),황천의 츠가이,11,특별판,- 초판부록 2종 + 패키지 박스 + 운명의 쌍둥이 아크릴 스탠드 2종 + 팬던트 아크릴 참 키링 1종+ 시그니처 포토카드 1종 + 빅 캔배지 1종 + 홀로그램 카드 2종,아라카와 히로무,대원씨아이(만화),2026-07,25650,10.0,4675,444,2026-08-31T14:09:42+09:00,,,,,0,0
369308582,타워 던전 2,타워 던전,2,,,니헤이 츠토무,학산문화사(만화),2025-08,6300,9.9,4657,445,2026-08-31T14:09:42+09:00,,,,,0,0
374337173,장례식 케이크 전문점 연옥당 3,장례식 케이크 전문점 연옥당,3,,"- 양장, 완결",산호,문학동네,2025-10,19800,9.7,4215,446,2026-08-31T14:09:42+09:00,,,,,0,0
7633452,오란고교 호스트부 Fanbook,오란고교 호스트부 Fanbook,,,- 콩닥♥두근☆공략 대작전,하토리 비스코,학산문화사(만화),2010-08,6300,9.8,3959,447,2026-08-31T14:09:42+09:00,,,,,0,0
298051256,헌터x헌터 HunterXHunter 신장판 17,헌터x헌터 HunterXHunter 신장판,17,,,토가시 요시히로,학산문화사(만화),2015-06,5400,,4003,448,2026-08-31T14:09:42+09:00,,,,,0,0
330441742,기븐 9,기븐,9,,- 뉴 루비코믹스 2970,키즈 나츠키,현대지능개발사,2023-12,5400,9.7,3666,449,2026-08-31T14:09:42+09:00,,,,,0,0
380346507,더블크로스 The 3rd Edition 룰북 1,더블크로스 The 3rd Edition 룰북,1,,,F.E.A.R,데이즈엔터(주),2025-12,13500,,3612,450,2026-08-31T14:09:42+09:00,,,,,0,0
298203594,나루토 Naruto 3,나루토 Naruto,3,,,키시모토 마사시,대원씨아이(만화),2000-11,4950,,3548,451,2026-08-31T14:09:42+09:00,,,,,0,0
396565979,어떤 과학의 초전자포 20,어떤 과학의 초전자포,20,,- 어떤 마술의 금서목록 외전,,대원씨아이(만화),2026-06,5400,10.0,3250,452,2026-08-31T14:09:42+09:00,,,,,0,0
301917562,오란고교 호스트부 1,오란고교 호스트부,1,,,하토리 비스코,학산문화사(만화),2004-02,5400,8.0,3141,453,2026-08-31T14:09:42+09:00,,,,,0,0
391205551,황천의 츠가이 8,황천의 츠가이,8,,,아라카와 히로무,대원씨아이(만화),2025-06,5850,,3115,454,2026-08-31T14:09:42+09:00,,,,,0,0
398906133,벨 푸페의 슈퍼달링 약혼 2,벨 푸페의 슈퍼달링 약혼,2,,- 코믹,셀렌,학산문화사(만화),2026-07,6300,,3000,455,2026-08-31T14:09:42+09:00,,,,,0,0
397592282,아오이 군의 음담패설은 참을 수 없어!! 2,아오이 군의 음담패설은 참을 수 없어!!,2,,,mmk,학산문화사(만화),2026-07,6300,,3080,456,2026-08-31T14:09:42+09:00,,,,,0,0
344711200,명탐정 코난 105 (특장판),명탐정 코난,105,특장판,- 초기 설정집 노트 + 아크릴 스탠드(PET) + 스티커 2종,아오야마 고쇼,서울미디어코믹스(서울문화사),2024-08,9000,10.0,2957,457,2026-08-31T14:09:42+09:00,,,,,0,0
398728336,마법소녀를 동경해서 5 (더블특전판),마법소녀를 동경해서,5,더블특전판,- 초판한정 : 일러스트 카드 1종 + SD 스티커 1종,오노나카 아키히로,대원씨아이(만화),2026-07,6750,,2700,458,2026-08-31T14:09:42+09:00,,,,,0,0
400000607,빠져든 침대에서 천사의 자는 얼굴을 보고 싶을 뿐,빠져든 침대에서 천사의 자는 얼굴을 보고 싶을 뿐,,,- #둘이서 저지른 비밀의 교칙 위반,우에스 테츠토,AK(에이케이)커뮤니케이션즈,2026-08,10800,,2550,459,2026-08-31T14:09:42+09:00,,,,,0,0
399973609,켄투리아 6,켄투리아,6,,,쿠라모리 토오루,학산문화사(만화),2026-08,5400,10.0,2650,460,2026-08-31T14:09:42+09:00,,,,,0,0
398869812,창천항로 애장판 3,창천항로 애장판,3,,,킹곤타,대원씨아이(만화),2026-07,16200,,2675,461,2026-08-31T14:09:42+09:00,,,,,0,0
334780507,얼굴만으론 좋아할 수 없어요 2,얼굴만으론 좋아할 수 없어요,2,,,안자이 카린,서울미디어코믹스(서울문화사),2022-04,5400,,2573,462,2026-08-31T14:09:42+09:00,,,,,0,0
393696313,창천항로 애장판 1,창천항로 애장판,1,,,킹곤타,대원씨아이(만화),2026-05,16200,6.4,2820,463,2026-08-31T14:09:42+09:00,,,,,0,0
384344658,네가 죽을 때까지 사랑하고 싶어 8,네가 죽을 때까지 사랑하고 싶어,8,,,나치 아오노,학산문화사(만화),2026-01,5400,9.9,2538,464,2026-08-31T14:09:42+09:00,,,,,0,0
399486641,서유요원전 서역편 : 화염산의 장 3,서유요원전 서역편 : 화염산의 장,3,,,모로호시 다이지로,문학동네,2026-07,9900,,2470,465,2026-08-31T14:09:42+09:00,,,,,0,0
399973698,시노비고토 7,시노비고토,7,,,미타라시 산타,학산문화사(만화),2026-08,6300,,2380,466,2026-08-31T14:09:42+09:00,,,,,0,0
399055863,다크 개더링 1,다크 개더링,1,,- 픽시하우스 /초판 한정: 띠지 + 일러스트 카드,콘도 켄이치,코믹레인,2026-08,6300,10.0,2085,467,2026-08-31T14:09:42+09:00,,,,,0,0
397810577,쪽팔려게임 1~2 세트 - 전2권,쪽팔려게임 1~2 세트 - 전2권,,,"- 초판 한정 부록 : 1권,2권 엽서 2종 + 학생증 2종 + 면지에 작가님 친필 사인(인쇄본)",봉수,네이버웹툰,2026-09,28800,,1890,468,2026-08-31T14:09:42+09:00,,,,,0,0
399381805,격기 3반 18,격기 3반,18,,- 남일고등학교 격투기 특기반,이학,대원씨아이(만화),2026-07,4950,10.0,1980,469,2026-08-31T14:09:42+09:00,,,,,0,0
399390376,"가까이 와줘, 스피카 1 (특장판)","가까이 와줘, 스피카",1,특장판,- 단행본 + 아크릴 스탠드 + 인화사진 2종 + 일러스트 카드 + 별도 박스 포장,fuyu,대원씨아이(만화),2026-07,18000,10.0,2065,470,2026-08-31T14:09:42+09:00,,,,,0,0
398951543,이상한 집 6,이상한 집,6,,,아야노 교,리드비,2026-07,7650,,2045,471,2026-08-31T14:09:42+09:00,,,,,0,0
400001881,무서운 책 6,무서운 책,6,,- 괴물,우메즈 카즈오,AK(에이케이)커뮤니케이션즈,2026-08,9000,,1940,472,2026-08-31T14:09:42+09:00,,,,,0,0
318446151,네가 죽을 때까지 사랑하고 싶어 3,네가 죽을 때까지 사랑하고 싶어,3,,,나치 아오노,학산문화사(만화),2021-05,5400,,1847,473,2026-08-31T14:09:42+09:00,,,,,0,0
310882441,먼작귀 3 (카드놀이 포함 특별판),먼작귀,3,카드놀이 포함 특별판,"- 카드놀이 세트: 카드 96장(문장 카드 46장, 그림 카드 46장) + 설명서 1장",나가노,미우(대원씨아이),2023-02,24300,4.0,1818,474,2026-08-31T14:09:42+09:00,,,,,0,0
337058152,블리치 리믹스 1,블리치 리믹스,1,,,쿠보 타이토,서울미디어코믹스(서울문화사),2024-03,10800,8.0,1852,475,2026-08-31T14:09:42+09:00,,,,,0,0
296275956,네가 죽을 때까지 사랑하고 싶어 2,네가 죽을 때까지 사랑하고 싶어,2,,,나치 아오노,학산문화사(만화),2021-02,5400,,1738,476,2026-08-31T14:09:42+09:00,,,,,0,0
400150238,남편을 내 편으로 만드는 방법 5,남편을 내 편으로 만드는 방법,5,,,시루,캐롯툰,2026-10,14400,10.0,1850,477,2026-08-31T14:09:42+09:00,,,,,0,0
399056069,다크 개더링 2,다크 개더링,2,,- 픽시하우스 /초판 한정: 띠지 + 일러스트 카드,콘도 켄이치,코믹레인,2026-08,6300,,1670,478,2026-08-31T14:09:42+09:00,,,,,0,0
394214000,11번째 고양이는 네네 1,11번째 고양이는 네네,1,,"- 초판 한정 PET 스탠드, 판 스티커 2종, 일러스트 카드",하리카모,오팬스코믹,2026-05,6300,9.9,1530,479,2026-08-31T14:09:42+09:00,,,,,0,0
387582151,커들 1,커들,1,,- 수인 오메가버스,하스미 하나,학산문화사(만화),2026-03,6300,,1380,480,2026-08-31T14:09:42+09:00,,,,,0,0
400543440,마녀대전 이능의 마녀 32인은 서로 죽인다 14,마녀대전 이능의 마녀 32인은 서로 죽인다,14,,,카와모토 호무라,대원씨아이(만화),2026-08,5400,,1240,481,2026-08-31T14:09:42+09:00,,,,,0,0
400006756,녹는 눈과 아가판서스 1,녹는 눈과 아가판서스,1,,- 코믹 레인 / 초판한정 특별부록 : 띠지+일러스트 카드,나우치,미스터블루,2026-08,7200,,1180,482,2026-08-31T14:09:42+09:00,,,,,0,0
399046041,꿀과 극약 1,꿀과 극약,1,,,사쿠라노코우지 카노코,대원씨아이(만화),2026-07,5400,10.0,1115,483,2026-08-31T14:09:42+09:00,,,,,0,0
393236862,책벌레의 하극상 제2부 : 책을 위해서라면 무녀가 되겠어 13,책벌레의 하극상 제2부 : 책을 위해서라면 무녀가 되겠어,13,,,스즈카,대원씨아이(만화),2026-05,5400,10.0,995,484,2026-08-31T14:09:42+09:00,,,,,0,0
389482128,애태울 정도의 사랑을 알아라 1,애태울 정도의 사랑을 알아라,1,,,쿄노 마코,학산문화사(만화),2026-04,6300,,870,485,2026-08-31T14:09:42+09:00,,,,,0,0
400730154,1초 24,1초,24,,,시니,영컴(YOUNG COM),2026-08,15120,,970,486,2026-08-31T14:09:42+09:00,,,,,0,0
400593960,기계 인간 마리 플러스 2,기계 인간 마리 플러스,2,,- 완결,아키모토 아키,서울미디어코믹스(서울문화사),2026-08,5850,10.0,770,487,2026-08-31T14:09:42+09:00,,,,,0,0
400586291,도쿄대 세 자매 2,도쿄대 세 자매,2,,,이소야 유키,대원씨아이(만화),2026-08,5850,,780,488,2026-08-31T14:09:42+09:00,,,,,0,0
352375450,못 미더운 악녀입니다만 : ~추궁접서 교체전~ 7,못 미더운 악녀입니다만 : ~추궁접서 교체전~,7,,,EI Ohitsuji,서울미디어코믹스(서울문화사),2024-11,6300,9.7,826,489,2026-08-31T14:09:42+09:00,,,,,0,0
400662517,특급 알파가 사랑한 오메가,특급 알파가 사랑한 오메가,,,,Ayumi Kannami,서울미디어코믹스(서울문화사),2026-08,7650,,580,490,2026-08-31T14:09:42+09:00,,,,,0,0
400708015,영국 낭만 희화 포레스트 아이비 1,영국 낭만 희화 포레스트 아이비,1,,,아마자케 시마,대원씨아이(만화),2026-08,6300,,590,491,2026-08-31T14:09:42+09:00,,,,,0,0
400856418,미와 씨 행세를 합니다 14,미와 씨 행세를 합니다,14,,,아오키 유헤이,대원씨아이(만화),2026-08,5850,,480,492,2026-08-31T14:09:42+09:00,,,,,0,0
401049347,냄비로 총알을 막아내며 3,냄비로 총알을 막아내며,3,,,아오키 준타로,블루픽,2026-08,7200,,410,493,2026-08-31T14:09:42+09:00,,,,,0,0
401049303,냄비로 총알을 막아내며 2,냄비로 총알을 막아내며,2,,,아오키 준타로,블루픽,2026-08,7200,,410,494,2026-08-31T14:09:42+09:00,,,,,0,0
401047138,장송의 프리렌 10,장송의 프리렌,10,,,야마다 카네히토,학산문화사(만화),2026-08,6300,,480,495,2026-08-31T14:09:42+09:00,,,,,0,0
400878277,오컬트 타임즈 1 (한정판),오컬트 타임즈,1,한정판,- 일반판 초판 부록 + 아코디언 일러스트 엽서 세트 + 시로&레이 아크릴 키링,Idonchi,서울미디어코믹스(서울문화사),2026-08,22500,,410,496,2026-08-31T14:09:42+09:00,,,,,0,0
309862975,모 이야기,모 이야기,,,"- 숲속 모험, 2024 볼로냐 라가치상 오페라 프리마 스페셜 멘션, 2025 프랑스 소시에르상 수상작",최연주,엣눈북스(atnoonbooks),2023-02,19800,9.6,10440,497,2026-08-31T14:09:42+09:00,,,,,0,0
312942363,타코피의 원죄 - 상,타코피의 원죄 - 상,,,,타이잔5,대원씨아이(만화),2023-03,5400,9.9,10203,498,2026-08-31T14:09:42+09:00,,,,,0,0
394027323,야마다의 학급일지 4,야마다의 학급일지,4,,"- 완결, 초판 한정 : 야마다 & 무라타 일러스트 카드 3종",아오미 루이,서울미디어코믹스(서울문화사),2026-05,5850,9.8,9975,499,2026-08-31T14:09:42+09:00,,,,,0,0
312942437,타코피의 원죄 - 하,타코피의 원죄 - 하,,,,타이잔5,대원씨아이(만화),2023-03,5400,8.8,9952,500,2026-08-31T14:09:42+09:00,,,,,0,0
391479763,"사랑하라, 거짓된 천사들이여 6","사랑하라, 거짓된 천사들이여",6,,- 초판 한정 특전 : 양면 일러스트 카드 2종(지류),Coco Uzuki,서울미디어코믹스(서울문화사),2026-04,5400,10.0,9520,501,2026-08-31T14:09:42+09:00,,,,,0,0
374965771,불가항력의 I LOVE YOU 6,불가항력의 I LOVE YOU,6,,,호시노 미즈키,서울미디어코믹스(서울문화사),2025-10,5400,9.7,8753,502,2026-08-31T14:09:42+09:00,,,,,0,0
387160732,반딧불이의 혼례 9,반딧불이의 혼례,9,,,타치바나 오레코,서울미디어코믹스(서울문화사),2026-02,7650,9.7,8405,503,2026-08-31T14:09:42+09:00,,,,,0,0
338040640,사피엔스 : 그래픽 히스토리 Vol.3,사피엔스 : 그래픽 히스토리 Vol.3,,,- 역사의 배후,,김영사,2024-04,17820,9.5,8330,504,2026-08-31T14:09:42+09:00,,,,,0,0
393727271,전지적 독자 시점 19,전지적 독자 시점,19,,- 초판한정: 캐릭터 카드 1종 + 엽서 1종,슬리피-C,에이템포미디어,2026-05,14850,10.0,7905,505,2026-08-31T14:09:42+09:00,,,,,0,0
374276000,마남 이치 2 (더블 특전판),마남 이치,2,더블 특전판,- 홀로그램 일러스트 카드 1종 + 일러스트 책갈피 3종,유사자키 시로,서울미디어코믹스(서울문화사),2025-10,6300,9.6,7946,506,2026-08-31T14:09:42+09:00,,,,,0,0
329206984,향기로운 꽃은 늠름하게 핀다 3,향기로운 꽃은 늠름하게 핀다,3,,,미카미 사카,대원씨아이(만화),2023-11,5400,10.0,7576,507,2026-08-31T14:09:42+09:00,,,,,0,0
307634607,주술회전 21,주술회전,21,,- 도쿄 제2콜로니 -호운-,아쿠타미 게게,서울미디어코믹스(서울문화사),2022-12,5400,9.7,7774,508,2026-08-31T14:09:42+09:00,,,,,0,0
323339691,주술회전 23,주술회전,23,,- 별과 기름,아쿠타미 게게,서울미디어코믹스(서울문화사),2023-08,5400,9.9,7497,509,2026-08-31T14:09:42+09:00,,,,,0,0
343487620,향기로운 꽃은 늠름하게 핀다 10,향기로운 꽃은 늠름하게 핀다,10,,,미카미 사카,대원씨아이(만화),2024-07,5400,9.9,6977,510,2026-08-31T14:09:42+09:00,,,,,0,0
350620490,향기로운 꽃은 늠름하게 핀다 11,향기로운 꽃은 늠름하게 핀다,11,,,미카미 사카,대원씨아이(만화),2024-10,5400,9.8,6862,511,2026-08-31T14:09:42+09:00,,,,,0,0
384668324,어린이 탐구 생활,어린이 탐구 생활,,,,이다,창비,2026-01,15120,9.9,6809,512,2026-08-31T14:09:42+09:00,,,,,0,0
345263957,카구라바치 1,카구라바치,1,,,호카조노 타케루,대원씨아이(만화),2024-08,5850,9.2,6176,513,2026-08-31T14:09:42+09:00,,,,,0,0
216773326,그 비스크 돌은 사랑을 한다 1,그 비스크 돌은 사랑을 한다,1,,- S코믹스,후쿠다 신이치,㈜소미미디어,2019-11,6300,9.4,6029,514,2026-08-31T14:09:42+09:00,,,,,0,0
333717879,봄의 폭풍과 몬스터 3,봄의 폭풍과 몬스터,3,,,미츠바치 미유키,학산문화사(만화),2024-02,5400,9.9,5874,515,2026-08-31T14:09:42+09:00,,,,,0,0
386563480,단다단 19,단다단,19,,,타츠 유키노부,대원씨아이(만화),2026-02,5400,10.0,5904,516,2026-08-31T14:09:42+09:00,,,,,0,0
388349538,카구라바치 9 (특별판),카구라바치,9,특별판,"- 토비무네, 아크릴 스탠드 2종 + 자개풍 홀로그램 아크릴 코스터 1종 + 화투풍 능력카드 4종 + 갤러리 보드 1종 + 후가공 일러스트카드 1종 + 렌티큘러 카드 1종 + 초판한정 일러스트 시네마 티켓 1종 + 더블특전 요도 계약자 pp 북마크",호카조노 타케루,대원씨아이(만화),2026-03,35550,10.0,5759,517,2026-08-31T14:09:42+09:00,,,,,0,0
398289014,첫사랑은 나의 오빠 1,첫사랑은 나의 오빠,1,,,카스미 유코,서울미디어코믹스(서울문화사),2026-07,5850,9.3,5285,518,2026-08-31T14:09:42+09:00,,,,,0,0
388137308,믹스 MIX 24,믹스 MIX,24,,,아다치 미츠루,대원씨아이(만화),2026-03,5400,10.0,5274,519,2026-08-31T14:09:42+09:00,,,,,0,0
349201937,일러스트레이터를 위한 구도와 서사 마스터 가이드북 : COMPOSITION & NARRATIVE,일러스트레이터를 위한 구도와 서사 마스터 가이드북 : COMPOSITION & NARRATIVE,,,,3D토털 퍼블리싱,영진.com(영진닷컴),2024-10,28800,10.0,5252,520,2026-08-31T14:09:42+09:00,,,,,0,0
297902307,헌터x헌터 HunterXHunter 신장판 3,헌터x헌터 HunterXHunter 신장판,3,,,토가시 요시히로,학산문화사(만화),2013-08,5400,,5437,521,2026-08-31T14:09:42+09:00,,,,,0,0
385131522,야마다 군과 Lv999의 사랑을 하다 4,야마다 군과 Lv999의 사랑을 하다,4,,,마시로,디앤씨미디어(주)(D&C미디어),2026-01,7200,9.8,5112,522,2026-08-31T14:09:42+09:00,,,,,0,0
354350979,사카모토 데이즈 15,사카모토 데이즈,15,,- 세기의 킬러전,스즈키 유우토,대원씨아이(만화),2024-04,5850,,4860,523,2026-08-31T14:09:42+09:00,,,,,0,0
356890627,사카모토 데이즈 14,사카모토 데이즈,14,,- 기묘한 흔적,스즈키 유우토,대원씨아이(만화),2024-03,5850,,4877,524,2026-08-31T14:09:42+09:00,,,,,0,0
301708653,주술회전 11,주술회전,11,,,아쿠타미 게게,서울미디어코믹스(서울문화사),2021-01,5400,,4821,525,2026-08-31T14:09:42+09:00,,,,,0,0
395357833,전생했더니 슬라임이었던 건에 대하여 23,전생했더니 슬라임이었던 건에 대하여,23,,"- S Novel+, 완결 / 초판 한정 책갈피, 양면커버",후세,㈜소미미디어,2026-06,12600,,4445,526,2026-08-31T14:09:42+09:00,,,,,0,0
397904315,보석함에 사랑을 채우자 1 (한정판),보석함에 사랑을 채우자,1,한정판,"- 한정판 구성: 아웃박스, 단행본(일반판 부록 없이 도서만), 아크릴 키링, 캔배지 2종, 포토카드 1매",미키모토 린,학산문화사(만화),2026-07,22500,5.0,4510,527,2026-08-31T14:09:42+09:00,,,,,0,0
390010927,황천의 츠가이 7,황천의 츠가이,7,,,아라카와 히로무,대원씨아이(만화),2026-04,5850,,4244,528,2026-08-31T14:09:42+09:00,,,,,0,0
393717139,86 에이티식스 14,86 에이티식스,14,,"- Paint it Black, Novel Engine",아사토 아사토,데이즈엔터(주),2026-06,7200,10.0,4210,529,2026-08-31T14:09:42+09:00,,,,,0,0
358899876,극락가 1,극락가,1,,,사노 유토,대원씨아이(만화),2023-11,5850,8.0,4195,530,2026-08-31T14:09:42+09:00,,,,,0,0
392518926,오가미 츠미키와 기일상 6,오가미 츠미키와 기일상,6,,,모리시타 미유,학산문화사(만화),2026-05,5400,9.3,4230,531,2026-08-31T14:09:42+09:00,,,,,0,0
281358410,원피스 1,원피스,1,,- 동터오는 모험시대,오다 에이치로,대원씨아이(만화),2008-03,4950,10.0,4264,532,2026-08-31T14:09:42+09:00,,,,,0,0
295866022,하이큐!! 45,하이큐!!,45,,"- 완결, 도전자들",후루다테 하루이치,대원씨아이(만화),2020-12,4950,10.0,4196,533,2026-08-31T14:09:42+09:00,,,,,0,0
397294534,비교하고 검토하는 교열부의 쿠쥬 씨 1,비교하고 검토하는 교열부의 쿠쥬 씨,1,,,고이시 유카,서교책방,2026-07,11520,9.7,3960,534,2026-08-31T14:09:42+09:00,,,,,0,0
389641283,황천의 츠가이 6,황천의 츠가이,6,,,아라카와 히로무,대원씨아이(만화),2024-08,5850,,3943,535,2026-08-31T14:09:42+09:00,,,,,0,0
303284033,진격의 거인 18~34 박스 세트 Part 2 - 전17권,진격의 거인 18~34 박스 세트 Part 2 - 전17권,,,- PVC카드 17매 동봉,이사야마 하지메,학산문화사(만화),2022-10,91800,,3807,536,2026-08-31T14:09:42+09:00,,,,,0,0
290233284,하이큐!! 42,하이큐!!,42,,- 무엇,후루다테 하루이치,대원씨아이(만화),2020-07,4950,,3760,537,2026-08-31T14:09:42+09:00,,,,,0,0
301073130,하이큐!! 44,하이큐!!,44,,- 최강의 적,후루다테 하루이치,대원씨아이(만화),2020-11,4950,,3693,538,2026-08-31T14:09:42+09:00,,,,,0,0
397898246,역대급 영지 설계사 9,역대급 영지 설계사,9,,- 초판 한정 작가진 친필 사인 인쇄본 + 표지 일러스트 엽서 + 캐릭터 카드 3종,이현민,문페이스,2026-07,14400,,3450,539,2026-08-31T14:09:42+09:00,,,,,0,0
380346760,더블크로스 The 3rd Edition 룰북 2,더블크로스 The 3rd Edition 룰북,2,,,F.E.A.R,데이즈엔터(주),2025-12,13500,,3379,540,2026-08-31T14:09:42+09:00,,,,,0,0
300919153,헌터x헌터 HunterXHunter 신장판 14,헌터x헌터 HunterXHunter 신장판,14,,,토가시 요시히로,학산문화사(만화),2014-12,5400,,3598,541,2026-08-31T14:09:42+09:00,,,,,0,0
384923404,이세계 삼촌 13,이세계 삼촌,13,,- 픽시하우스,호톤도신데이루,데이즈엔터(주),2026-02,7200,,3432,542,2026-08-31T14:09:42+09:00,,,,,0,0
305225003,헌터x헌터 HunterXHunter 신장판 22,헌터x헌터 HunterXHunter 신장판,22,,,토가시 요시히로,학산문화사(만화),2016-04,5400,,3405,543,2026-08-31T14:09:42+09:00,,,,,0,0
378808440,블루 피리어드 1,블루 피리어드,1,,- 시프트코믹스,야마구치 츠바사,YNK MEDIA(만화),2025-11,5400,9.0,3413,544,2026-08-31T14:09:42+09:00,,,,,0,0
314918637,헌터x헌터 HunterXHunter 신장판 20,헌터x헌터 HunterXHunter 신장판,20,,,토가시 요시히로,학산문화사(만화),2015-12,5400,,3294,545,2026-08-31T14:09:42+09:00,,,,,0,0
396377705,블루 피리어드 5,블루 피리어드,5,,- 시프트코믹스,야마구치 츠바사,YNK MEDIA(만화),2026-06,5400,,3215,546,2026-08-31T14:09:42+09:00,,,,,0,0
397015748,어떤 여름방학,어떤 여름방학,,,,궁리(박조은),휴머니스트,2026-06,19800,,3160,547,2026-08-31T14:09:42+09:00,,,,,0,0
397162930,만화 데뷔 못 하면 죽는 병 걸림 4,만화 데뷔 못 하면 죽는 병 걸림,4,,,소흔,파인툰,2026-10,15750,,2915,548,2026-08-31T14:09:42+09:00,,,,,0,0
397022214,창천항로 애장판 2,창천항로 애장판,2,,,킹곤타,대원씨아이(만화),2026-06,16200,10.0,3075,549,2026-08-31T14:09:42+09:00,,,,,0,0
388510775,블루 피리어드 3,블루 피리어드,3,,- 시프트코믹스,야마구치 츠바사,YNK MEDIA(만화),2026-03,5400,10.0,2853,550,2026-08-31T14:09:42+09:00,,,,,0,0
378808731,블루 피리어드 2,블루 피리어드,2,,- 시프트코믹스,야마구치 츠바사,YNK MEDIA(만화),2025-12,5400,,2860,551,2026-08-31T14:09:42+09:00,,,,,0,0
399523141,정령환상기 28,정령환상기,28,,"- S Novel / 초판 한정 책갈피, 양면커버, 쇼트스토리 리플릿",키타야마 유리,㈜소미미디어,2026-08,8100,,2820,552,2026-08-31T14:09:42+09:00,,,,,0,0
323116716,얼굴만으론 좋아할 수 없어요 1,얼굴만으론 좋아할 수 없어요,1,,,안자이 카린,서울미디어코믹스(서울문화사),2022-01,5400,7.0,2861,553,2026-08-31T14:09:42+09:00,,,,,0,0
393153006,마가이모노 1,마가이모노,1,,"- 위작, S코믹스",쿠로카와 유미,㈜소미미디어,2026-05,8100,10.0,2705,554,2026-08-31T14:09:42+09:00,,,,,0,0
301917787,오란고교 호스트부 2,오란고교 호스트부,2,,,하토리 비스코,학산문화사(만화),2004-05,5400,,2631,555,2026-08-31T14:09:42+09:00,,,,,0,0
372904289,슬램덩크 오리지널 1~31 세트 - 전31권,슬램덩크 오리지널 1~31 세트 - 전31권,,,- 완결,이노우에 타케히코,대원씨아이(만화),2025-09,111600,,2668,556,2026-08-31T14:09:42+09:00,,,,,0,0
333640950,먼작귀 5,먼작귀,5,,- 먼가 작고 귀여운 녀석,나가노,미우(대원씨아이),2024-02,10800,10.0,2759,557,2026-08-31T14:09:42+09:00,,,,,0,0
399056156,보이는 여고생 12,보이는 여고생,12,,- 픽시하우스,이즈미 토모키,데이즈엔터(주),2026-08,7200,,2485,558,2026-08-31T14:09:42+09:00,,,,,0,0
387039298,이거 그리고 죽어 7,이거 그리고 죽어,7,,,토요다 미노루,대원씨아이(만화),2026-02,5400,9.5,2665,559,2026-08-31T14:09:42+09:00,,,,,0,0
389481532,묘쌤은 이렇게 말했다 10,묘쌤은 이렇게 말했다,10,,- S코믹스,무테키 소다,㈜소미미디어,2026-04,6300,9.5,2674,560,2026-08-31T14:09:42+09:00,,,,,0,0
324629346,그리고 마녀는 숲으로 갔다 1,그리고 마녀는 숲으로 갔다,1,,,산호,고블,2023-08,20700,9.2,3091,561,2026-08-31T14:09:42+09:00,,,,,0,0
320691848,먼작귀 3,먼작귀,3,,- 먼가 작고 귀여운 녀석,나가노,미우(대원씨아이),2023-02,10800,,2651,562,2026-08-31T14:09:42+09:00,,,,,0,0
321124579,먼작귀 1,먼작귀,1,,- 먼가 작고 귀여운 녀석,나가노,미우(대원씨아이),2022-06,10800,,2629,563,2026-08-31T14:09:42+09:00,,,,,0,0
396091726,나의 행복한 결혼 6,나의 행복한 결혼,6,,,코사카 리토,서울미디어코믹스(서울문화사),2026-06,4950,9.7,2485,564,2026-08-31T14:09:42+09:00,,,,,0,0
376977094,오디세이,오디세이,,,"- 사로잡는 강렬한 그래픽, 교실에서 검증된 탁월한 해석력, 누구나 완독할 수 있는",가레스 하인즈,인간희극,2025-12,16200,9.0,2381,565,2026-08-31T14:09:42+09:00,,,,,0,0
395945174,너와 우주를 걷기 위하여 5,너와 우주를 걷기 위하여,5,,,도로노다 이누히코,학산문화사(만화),2026-06,5400,9.7,2285,566,2026-08-31T14:09:42+09:00,,,,,0,0
398326987,소드 오라토리아 16,소드 오라토리아,16,,"- 던전에서 만남을 추구하면 안 되는 걸까 외전, S Novel",오모리 후지노,㈜소미미디어,2026-07,10800,,2335,567,2026-08-31T14:09:42+09:00,,,,,0,0
232336577,달빛천사 애장판 3,달빛천사 애장판,3,,,타네무라 아리나,서울미디어코믹스(서울문화사),2020-02,8550,10.0,2447,568,2026-08-31T14:09:42+09:00,,,,,0,0
232338320,달빛천사 애장판 4,달빛천사 애장판,4,,- 완결,타네무라 아리나,서울미디어코믹스(서울문화사),2020-02,8550,10.0,2422,569,2026-08-31T14:09:42+09:00,,,,,0,0
380346759,더블크로스 The 3rd Edition 상급 룰북,더블크로스 The 3rd Edition 상급 룰북,,,,F.E.A.R,데이즈엔터(주),2025-12,31500,,2120,570,2026-08-31T14:09:42+09:00,,,,,0,0
378051373,카구라바치 8,카구라바치,8,,,호카조노 타케루,대원씨아이(만화),2025-11,5850,,2255,571,2026-08-31T14:09:42+09:00,,,,,0,0
374878126,사카모토 데이즈 23,사카모토 데이즈,23,,- 신생살연,스즈키 유우토,대원씨아이(만화),2025-10,5850,,2313,572,2026-08-31T14:09:42+09:00,,,,,0,0
334207343,얼굴만으론 좋아할 수 없어요 5,얼굴만으론 좋아할 수 없어요,5,,,안자이 카린,서울미디어코믹스(서울문화사),2022-09,5400,,1918,573,2026-08-31T14:09:42+09:00,,,,,0,0
335854597,얼굴만으론 좋아할 수 없어요 9,얼굴만으론 좋아할 수 없어요,9,,,안자이 카린,서울미디어코믹스(서울문화사),2024-03,5400,10.0,1837,574,2026-08-31T14:09:42+09:00,,,,,0,0
385522632,절대 BL이 되는 세계 & 절대 BL이 되지 않는 고교 생활 1,절대 BL이 되는 세계 & 절대 BL이 되지 않는 고교 생활,1,,,콘키치,학산문화사(만화),2026-02,7200,9.0,1818,575,2026-08-31T14:09:42+09:00,,,,,0,0
325418441,먼작귀 2,먼작귀,2,,- 먼가 작고 귀여운 녀석,나가노,미우(대원씨아이),2022-08,10800,,1988,576,2026-08-31T14:09:42+09:00,,,,,0,0
342916553,얼굴만으론 좋아할 수 없어요 10,얼굴만으론 좋아할 수 없어요,10,,,안자이 카린,서울미디어코믹스(서울문화사),2024-07,5400,,1774,577,2026-08-31T14:09:42+09:00,,,,,0,0
366271674,정반대의 너와 나 7,정반대의 너와 나,7,,,아가사와 코챠,학산문화사(만화),2025-06,5400,9.9,1844,578,2026-08-31T14:09:42+09:00,,,,,0,0
399050317,블루 피리어드 6 (더블 특전판),블루 피리어드,6,더블 특전판,"- 시프트코믹스 /초판 더블 특전 : 일러스트 카드 1종, 박티켓 책갈피 1종",야마구치 츠바사,YNK MEDIA(만화),2026-07,5400,,1800,579,2026-08-31T14:09:42+09:00,,,,,0,0
316396526,진격의 거인 14,진격의 거인,14,,,이사야마 하지메,학산문화사(만화),2014-09,5400,,1667,580,2026-08-31T14:09:42+09:00,,,,,0,0
397222553,데포르메 세계 그리는 법,데포르메 세계 그리는 법,,,,시마리스 유키치,잉크잼(잼스푼),2026-07,19800,,1960,581,2026-08-31T14:09:42+09:00,,,,,0,0
399782211,평화로운 나라의 시마자키에게 11,평화로운 나라의 시마자키에게,11,,,세시모 타케시,학산문화사(만화),2026-08,5400,10.0,1720,582,2026-08-31T14:09:42+09:00,,,,,0,0
400364294,이기적 연애론 3,이기적 연애론,3,,,교교박,다산코믹스,2026-08,16020,,1620,583,2026-08-31T14:09:42+09:00,,,,,0,0
395945478,향기로운 꽃은 늠름하게 핀다 9,향기로운 꽃은 늠름하게 핀다,9,,,미카미 사카,대원씨아이(만화),2026-06,6300,,1655,584,2026-08-31T14:09:42+09:00,,,,,0,0
391289012,재혼황후 10,재혼황후,10,,- 만화,히어리,영컴(YOUNG COM),2026-03,14400,,1609,585,2026-08-31T14:09:42+09:00,,,,,0,0
400258397,세월이 흘러 다리로 간다 12,세월이 흘러 다리로 간다,12,,,히다카 쇼코,서울미디어코믹스(서울문화사),2026-08,6300,10.0,1330,586,2026-08-31T14:09:42+09:00,,,,,0,0
400007223,버림받은 공작 부인은 평온한 생활을 희망합니다 1,버림받은 공작 부인은 평온한 생활을 희망합니다,1,,- ROSY,카레야타미에,미스터블루,2026-08,9900,,1210,587,2026-08-31T14:09:42+09:00,,,,,0,0
381584698,Re : 제로부터 시작하는 이세계 생활 28,Re : 제로부터 시작하는 이세계 생활,28,,- Novel Engine,나가츠키 탓페이,데이즈엔터(주),2025-12,7200,10.0,1363,588,2026-08-31T14:09:42+09:00,,,,,0,0
396803899,"새벽, 구름, 강 6","새벽, 구름, 강",6,,- 완결,마증지,봄툰,2026-06,15300,,1250,589,2026-08-31T14:09:42+09:00,,,,,0,0
396049323,곰과 토끼는 친구로 지낼 수 없다 1,곰과 토끼는 친구로 지낼 수 없다,1,,,이누요시 아키라,대원씨아이(만화),2026-06,6300,,1300,590,2026-08-31T14:09:42+09:00,,,,,0,0
399045968,SCP가 뭔가요? 2,SCP가 뭔가요?,2,,,하치훈,대원씨아이(만화),2026-07,5850,10.0,1210,591,2026-08-31T14:09:42+09:00,,,,,0,0
271061787,비밀알바 : 도망금지 1,비밀알바 : 도망금지,1,,,다구치 쇼타로,문학동네,2021-05,8550,8.9,1269,592,2026-08-31T14:09:42+09:00,,,,,0,0
278587704,비밀알바 : 도망금지 2,비밀알바 : 도망금지,2,,,다구치 쇼타로,문학동네,2021-08,8550,9.0,1242,593,2026-08-31T14:09:42+09:00,,,,,0,0
391206653,데스 노트 Death Note 10,데스 노트 Death Note,10,,,오바 츠구미,대원씨아이(만화),2026-04,6300,,1125,594,2026-08-31T14:09:42+09:00,,,,,0,0
391206780,데스 노트 Death Note 11,데스 노트 Death Note,11,,,오바 츠구미,대원씨아이(만화),2006-10,6300,,1095,595,2026-08-31T14:09:42+09:00,,,,,0,0
400136893,뻐꾸기 커플 31,뻐꾸기 커플,31,,,요시카와 미키,학산문화사(만화),2026-08,5400,,1120,596,2026-08-31T14:09:42+09:00,,,,,0,0
392651381,데스 노트 Death Note 9,데스 노트 Death Note,9,,,오바 츠구미,대원씨아이(만화),2026-05,6300,,1050,597,2026-08-31T14:09:42+09:00,,,,,0,0
399973927,여주인공인데 잘생긴 아이돌♂이 되었습니다?! 3,여주인공인데 잘생긴 아이돌♂이 되었습니다?!,3,,,아이젠 마나,학산문화사(만화),2026-08,5400,,1060,598,2026-08-31T14:09:42+09:00,,,,,0,0
391302897,못 미더운 악녀입니다만 : ~추궁접서 교체전~ 9,못 미더운 악녀입니다만 : ~추궁접서 교체전~,9,,,EI Ohitsuji,서울미디어코믹스(서울문화사),2026-04,6300,10.0,1340,599,2026-08-31T14:09:42+09:00,,,,,0,0
400585956,통제구역관리부 4,통제구역관리부,4,,,탄광,다산코믹스,2026-08,18900,,870,600,2026-08-31T14:09:42+09:00,,,,,0,0
398284900,공정 드래곤즈 21,공정 드래곤즈,21,,,쿠와바라 타쿠,대원씨아이(만화),2026-07,5400,10.0,940,601,2026-08-31T14:09:42+09:00,,,,,0,0
399925554,최애의 성벽이 너무 위험하다고요! 1,최애의 성벽이 너무 위험하다고요!,1,,- BB코믹스,하루지ON,㈜소미미디어,2026-08,5850,,880,602,2026-08-31T14:09:42+09:00,,,,,0,0
400653356,"매지컬★익스플로러 : 에로게임의 친구 캐릭터로 전생했지만, 게임 지식을 써서 자유롭게 살아간다 12","매지컬★익스플로러 : 에로게임의 친구 캐릭터로 전생했지만, 게임 지식을 써서 자유롭게 살아간다",12,,- 시프트코믹스,이리스,YNK MEDIA(만화),2026-08,6300,,750,603,2026-08-31T14:09:42+09:00,,,,,0,0
339953785,못 미더운 악녀입니다만 : ~추궁접서 교체전~ 6,못 미더운 악녀입니다만 : ~추궁접서 교체전~,6,,,EI Ohitsuji,서울미디어코믹스(서울문화사),2024-05,6300,9.3,823,604,2026-08-31T14:09:42+09:00,,,,,0,0
400662468,룸 투어즈 2,룸 투어즈,2,,,마츠모토 토모,서울미디어코믹스(서울문화사),2026-08,5400,10.0,680,605,2026-08-31T14:09:42+09:00,,,,,0,0
400662384,꿈사랑 ~꿈에서 우리는 사랑에 빠진다~ 4,꿈사랑 ~꿈에서 우리는 사랑에 빠진다~,4,,- 완결,키타다 료마,서울미디어코믹스(서울문화사),2026-08,7650,,630,606,2026-08-31T14:09:42+09:00,,,,,0,0
319312677,못 미더운 악녀입니다만 : ~추궁접서 교체전~ 4,못 미더운 악녀입니다만 : ~추궁접서 교체전~,4,,,EI Ohitsuji,서울미디어코믹스(서울문화사),2023-06,6300,10.0,783,607,2026-08-31T14:09:42+09:00,,,,,0,0
400585953,떨거지 인어 디아나 1,떨거지 인어 디아나,1,,- S코믹스,스아마,㈜소미미디어,2026-08,6300,,720,608,2026-08-31T14:09:42+09:00,,,,,0,0
400921444,페이스리스 드롭아웃 1,페이스리스 드롭아웃,1,,- S Novel+,류토,㈜소미미디어,2026-09,10800,,550,609,2026-08-31T14:09:42+09:00,,,,,0,0
329581311,못 미더운 악녀입니다만 : ~추궁접서 교체전~ 5,못 미더운 악녀입니다만 : ~추궁접서 교체전~,5,,,EI Ohitsuji,서울미디어코믹스(서울문화사),2023-11,6300,10.0,742,610,2026-08-31T14:09:42+09:00,,,,,0,0
398200687,톰 폭스의 옷을 입은 캐릭터 드로잉 : 옷과 주름 그리기 워크북,톰 폭스의 옷을 입은 캐릭터 드로잉 : 옷과 주름 그리기 워크북,,,,톰 폭스,한즈미디어(한스미디어),2026-07,19800,,725,611,2026-08-31T14:09:42+09:00,,,,,0,0
400649530,친구 여동생이 나한테만 짜증나게 군다 9,친구 여동생이 나한테만 짜증나게 군다,9,,- SL Comic,히라오카 히라,디앤씨미디어(주)(D&C미디어),2026-08,6300,,530,612,2026-08-31T14:09:42+09:00,,,,,0,0
395170494,133cm의 풍경 4,133cm의 풍경,4,,,히루노 츠키코,학산문화사(만화),2026-06,5400,9.7,515,613,2026-08-31T14:09:42+09:00,,,,,0,0
400708005,신에게 맹세코 거짓입니다 2,신에게 맹세코 거짓입니다,2,,,마츠모토 스이세이,대원씨아이(만화),2026-08,6300,,450,614,2026-08-31T14:09:42+09:00,,,,,0,0
400930360,마로니에 왕국의 7인의 기사 7,마로니에 왕국의 7인의 기사,7,,,이와모토 나오,㈜소미미디어,2026-09,6300,,380,615,2026-08-31T14:09:42+09:00,,,,,0,0
400909486,회각의 용사 2,회각의 용사,2,,,사토 타카아키,미우(대원씨아이),2026-08,5850,,380,616,2026-08-31T14:09:42+09:00,,,,,0,0
400876143,1to10 2,1to10,2,,"- 초판 1쇄 한정 부록: 띠지, 포토카드 1매. 판스티커 1매",NOD,레진코믹스(레진엔터테인먼트),2026-08,14400,,480,617,2026-08-31T14:09:42+09:00,,,,,0,0
400876098,1to10 1,1to10,1,,"- 초판 1쇄 한정 부록 : 띠지, 포토카드 1매. 판스티커 1매",NOD,레진코믹스(레진엔터테인먼트),2026-08,14400,,480,618,2026-08-31T14:09:42+09:00,,,,,0,0
400707987,순애 러브하울링,순애 러브하울링,,,- B愛+751,시에로,대원씨아이(만화),2026-08,5850,,390,619,2026-08-31T14:09:42+09:00,,,,,0,0
400856416,벼랑 끝의 영애는 흑기사님을 반하게 하고 싶어 1,벼랑 끝의 영애는 흑기사님을 반하게 하고 싶어,1,,,스오우,대원씨아이(만화),2026-08,5850,,460,620,2026-08-31T14:09:42+09:00,,,,,0,0
366123624,스파이 패밀리 15,스파이 패밀리,15,,,엔도 타츠야,학산문화사(만화),2025-06,5400,9.9,15847,621,2026-08-31T14:09:42+09:00,,,,,0,0
350992427,팬텀 버스터즈 1,팬텀 버스터즈,1,,- S코믹스,네오쇼코,㈜소미미디어,2024-11,5850,9.4,13351,622,2026-08-31T14:09:42+09:00,,,,,0,0
311984400,히카루가 죽은 여름 1,히카루가 죽은 여름,1,,- SL Comic,모쿠모쿠렌,디앤씨미디어(주)(D&C미디어),2023-03,5400,9.6,11722,623,2026-08-31T14:09:42+09:00,,,,,0,0
397903959,새벽의 연화 47 (한정판),새벽의 연화,47,한정판,- 일러스트집 + 단행본,미즈호 쿠사나기,학산문화사(만화),2026-07,19800,10.0,11465,624,2026-08-31T14:09:42+09:00,,,,,0,0
387708305,월간순정 노자키 군 17,월간순정 노자키 군,17,,,츠바키 이즈미,학산문화사(만화),2026-03,5400,9.8,11445,625,2026-08-31T14:09:42+09:00,,,,,0,0
376257892,그 비스크 돌은 사랑을 한다 15,그 비스크 돌은 사랑을 한다,15,,- S코믹스,후쿠다 신이치,㈜소미미디어,2025-11,5400,9.4,8759,626,2026-08-31T14:09:42+09:00,,,,,0,0
384918469,루리 드래곤 4,루리 드래곤,4,,,신도 마사오키,서울미디어코믹스(서울문화사),2026-01,5400,9.6,8751,627,2026-08-31T14:09:42+09:00,,,,,0,0
373273268,히카루가 죽은 여름 7,히카루가 죽은 여름,7,,- SL Comic,모쿠모쿠렌,디앤씨미디어(주)(D&C미디어),2025-10,5850,9.6,8588,628,2026-08-31T14:09:42+09:00,,,,,0,0
327563621,향기로운 꽃은 늠름하게 핀다 2,향기로운 꽃은 늠름하게 핀다,2,,,미카미 사카,대원씨아이(만화),2023-10,5400,9.8,8130,629,2026-08-31T14:09:42+09:00,,,,,0,0
291463925,원피스 101,원피스,101,,- 주연 등장,오다 에이치로,대원씨아이(만화),2022-03,4950,9.7,8309,630,2026-08-31T14:09:42+09:00,,,,,0,0
378768331,모모세 아키라의 첫사랑 파탄 중 2 (트리플 특전판),모모세 아키라의 첫사랑 파탄 중,2,트리플 특전판,- 홀로그램 일러스트 카드(1종) + 반전 매력의 양면 일러스트 카드(2종),하레카와 신타,서울미디어코믹스(서울문화사),2025-11,6750,10.0,8124,631,2026-08-31T14:09:42+09:00,,,,,0,0
388821136,중년에 지친 밤에는,중년에 지친 밤에는,,,,마스다 미리,북포레스트,2026-03,16200,9.4,7976,632,2026-08-31T14:09:42+09:00,,,,,0,0
366666131,반딧불이의 혼례 7,반딧불이의 혼례,7,,,타치바나 오레코,서울미디어코믹스(서울문화사),2025-06,7650,9.8,7799,633,2026-08-31T14:09:42+09:00,,,,,0,0
286833118,장송의 프리렌 4,장송의 프리렌,4,,,야마다 카네히토,학산문화사(만화),2022-01,5400,9.3,7517,634,2026-08-31T14:09:42+09:00,,,,,0,0
301706355,주술회전 1,주술회전,1,,,아쿠타미 게게,서울미디어코믹스(서울문화사),2019-03,5400,4.0,7460,635,2026-08-31T14:09:42+09:00,,,,,0,0
372708826,향기로운 꽃은 늠름하게 핀다 16,향기로운 꽃은 늠름하게 핀다,16,,,미카미 사카,대원씨아이(만화),2025-09,5400,9.8,6964,636,2026-08-31T14:09:42+09:00,,,,,0,0
316015391,주술회전 22,주술회전,22,,- 사쿠라지마 콜로니 -환생-,아쿠타미 게게,서울미디어코믹스(서울문화사),2023-05,5400,10.0,7149,637,2026-08-31T14:09:42+09:00,,,,,0,0
332987456,향기로운 꽃은 늠름하게 핀다 5,향기로운 꽃은 늠름하게 핀다,5,,,미카미 사카,대원씨아이(만화),2024-01,5400,10.0,6803,638,2026-08-31T14:09:42+09:00,,,,,0,0
399784385,별정직 공무원 5 (특별판),별정직 공무원,5,특별판,- 아크릴 누들 스토퍼 + 미니 포스터 5종 + 마우스패드 + 일러스트 포토 4종 + 특별판 박스 (상시 부록 '포토카드' 포함),서재원,학산문화사(만화),2026-08,38700,10.0,6620,639,2026-08-31T14:09:42+09:00,,,,,0,0
327556882,마루는 강쥐 2,마루는 강쥐,2,,,모죠,문페이스,2023-11,14400,10.0,6263,640,2026-08-31T14:09:42+09:00,,,,,0,0
315295029,귀멸 학원! 3,귀멸 학원!,3,,,호카미 나츠키,학산문화사(만화),2023-04,5400,9.6,6167,641,2026-08-31T14:09:42+09:00,,,,,0,0
329151499,봄의 폭풍과 몬스터 2,봄의 폭풍과 몬스터,2,,,미츠바치 미유키,학산문화사(만화),2023-11,5400,9.7,6111,642,2026-08-31T14:09:42+09:00,,,,,0,0
395999849,이다의 날마다 자연관찰,이다의 날마다 자연관찰,,,- 어린이를 위한 자연관찰 그림일기,이다,보리,2026-06,16650,10.0,5800,643,2026-08-31T14:09:42+09:00,,,,,0,0
358910246,명탐정 코난 106 (특장판),명탐정 코난,106,특장판,- 아크릴 스탠드(PET 재질) + 아코디언 카드 + 그림 콘티 카드 세트,아오야마 고쇼,서울미디어코믹스(서울문화사),2025-02,10800,7.0,5840,644,2026-08-31T14:09:42+09:00,,,,,0,0
365659712,타워 던전 1,타워 던전,1,,,니헤이 츠토무,학산문화사(만화),2025-06,6300,9.6,5549,645,2026-08-31T14:09:42+09:00,,,,,0,0
349422137,봄의 폭풍과 몬스터 5,봄의 폭풍과 몬스터,5,,,미츠바치 미유키,학산문화사(만화),2024-10,5400,9.8,5259,646,2026-08-31T14:09:42+09:00,,,,,0,0
379953360,슈퍼 러버즈 18,슈퍼 러버즈,18,,,아베 미유키,서울미디어코믹스(서울문화사),2025-12,5400,10.0,5066,647,2026-08-31T14:09:42+09:00,,,,,0,0
340823801,봄의 폭풍과 몬스터 4,봄의 폭풍과 몬스터,4,,,미츠바치 미유키,학산문화사(만화),2024-06,5400,10.0,4749,648,2026-08-31T14:09:42+09:00,,,,,0,0
294153055,헌터x헌터 HunterXHunter 신장판 7,헌터x헌터 HunterXHunter 신장판,7,,,토가시 요시히로,학산문화사(만화),2014-01,5400,,4823,649,2026-08-31T14:09:42+09:00,,,,,0,0
344711414,명탐정 코난 105,명탐정 코난,105,,,아오야마 고쇼,서울미디어코믹스(서울문화사),2024-08,5400,9.8,4642,650,2026-08-31T14:09:42+09:00,,,,,0,0
291942810,나루토 Naruto 1,나루토 Naruto,1,,,키시모토 마사시,대원씨아이(만화),2000-09,4950,,4573,651,2026-08-31T14:09:42+09:00,,,,,0,0
349748255,마루는 강쥐 5,마루는 강쥐,5,,,모죠,문페이스,2024-10,14400,,4535,652,2026-08-31T14:09:42+09:00,,,,,0,0
395809429,비실비실 선생님 14,비실비실 선생님,14,,,후쿠치 카미오,대원씨아이(만화),2026-06,5850,,4460,653,2026-08-31T14:09:42+09:00,,,,,0,0
301714398,주술회전 14,주술회전,14,,- 시부야 사변 -이비-,아쿠타미 게게,서울미디어코믹스(서울문화사),2021-04,5400,,4351,654,2026-08-31T14:09:42+09:00,,,,,0,0
396455881,시온 군이 말하는 대로 1,시온 군이 말하는 대로,1,,,Neko Inukai,서울미디어코믹스(서울문화사),2026-06,5850,,4405,655,2026-08-31T14:09:42+09:00,,,,,0,0
373271203,마루는 강쥐 8,마루는 강쥐,8,,,모죠,문페이스,2025-10,14400,,4547,656,2026-08-31T14:09:42+09:00,,,,,0,0
379009893,내 마음의 위험한 녀석 12,내 마음의 위험한 녀석,12,,- S코믹스,사쿠라이 노리오,㈜소미미디어,2025-12,5400,9.0,4379,657,2026-08-31T14:09:42+09:00,,,,,0,0
399523259,놀이의 관계 2,놀이의 관계,2,,- S Novel,아오이 세키나,㈜소미미디어,2026-08,7650,10.0,4210,658,2026-08-31T14:09:42+09:00,,,,,0,0
301708798,주술회전 13,주술회전,13,,,아쿠타미 게게,서울미디어코믹스(서울문화사),2021-03,5400,,4062,659,2026-08-31T14:09:42+09:00,,,,,0,0
280309364,신부이야기 13,신부이야기,13,,,모리 카오루,대원씨아이(만화),2021-09,7200,9.6,3974,660,2026-08-31T14:09:42+09:00,,,,,0,0
355679069,카구라바치 3,카구라바치,3,,,호카조노 타케루,대원씨아이(만화),2025-01,5850,9.7,4010,661,2026-08-31T14:09:42+09:00,,,,,0,0
81953629,용의 귀여운 일곱 아이 : 쿠이 료코 작품집,용의 귀여운 일곱 아이 : 쿠이 료코 작품집,,,- S코믹스,쿠이 료코,㈜소미미디어,2016-04,6300,8.7,4068,662,2026-08-31T14:09:42+09:00,,,,,0,0
350095146,매거진 조이 Vol.1 : 집이 없어,매거진 조이 Vol.1 : 집이 없어,,,,와난,다산코믹스,2024-11,18900,8.8,3926,663,2026-08-31T14:09:42+09:00,,,,,0,0
365816384,야쿠자 때문에 목욕탕에서 일하고 있습니다 1,야쿠자 때문에 목욕탕에서 일하고 있습니다,1,,- 루나 코믹스,타카시,㈜소미미디어,2025-06,5850,9.8,4066,664,2026-08-31T14:09:42+09:00,,,,,0,0
322441129,꿈빛 파티시엘 신장판 2,꿈빛 파티시엘 신장판,2,,,마츠모토 나츠미,대원씨아이(만화),2023-08,5400,,3840,665,2026-08-31T14:09:42+09:00,,,,,0,0
86997362,용의 학교는 산 위에,용의 학교는 산 위에,,,"- 쿠이 료코 작품집, S코믹스",쿠이 료코,㈜소미미디어,2016-07,8550,9.4,3867,666,2026-08-31T14:09:42+09:00,,,,,0,0
366119898,나의 열두 살에게,나의 열두 살에게,,,,소복이,나무의말,2025-06,17820,9.5,3732,667,2026-08-31T14:09:42+09:00,,,,,0,0
310412096,기븐 8,기븐,8,,- 뉴 루비코믹스 2865,키즈 나츠키,현대지능개발사,2023-02,5400,9.6,3718,668,2026-08-31T14:09:42+09:00,,,,,0,0
158321666,토미에 - 상,토미에 - 상,,,,이토 준지,시공사(만화),2018-07,12600,8.0,3737,669,2026-08-31T14:09:42+09:00,,,,,0,0
316124839,운명의 사람을 만나는 이야기 1,운명의 사람을 만나는 이야기,1,,,아나신,학산문화사(만화),2023-06,5400,9.3,3539,670,2026-08-31T14:09:42+09:00,,,,,0,0
394124156,캐릭캐릭 체인지! Jewel Joker 주얼 조커 3 (특장판),캐릭캐릭 체인지! Jewel Joker 주얼 조커,3,특장판,- 슬리브 케이스 + 일러스트 엽서 5종 + 이쿠토&타다세 아크릴 블록 세트(일반판 초판 특전 미포함),PEACH-PIT,서울미디어코믹스(서울문화사),2026-05,36000,,3560,671,2026-08-31T14:09:42+09:00,,,,,0,0
395849750,놀이의 관계 1,놀이의 관계,1,,"- 초판 한정: 책갈피, 양면 커버, 양면 일러스트 카드, S Novel",아오이 세키나,㈜소미미디어,2026-06,7650,10.0,3985,672,2026-08-31T14:09:42+09:00,,,,,0,0
298280625,헌터x헌터 HunterXHunter 신장판 15,헌터x헌터 HunterXHunter 신장판,15,,,토가시 요시히로,학산문화사(만화),2015-04,5400,,3458,673,2026-08-31T14:09:42+09:00,,,,,0,0
298280697,헌터x헌터 HunterXHunter 신장판 23,헌터x헌터 HunterXHunter 신장판,23,,,토가시 요시히로,학산문화사(만화),2016-05,5400,,3373,674,2026-08-31T14:09:42+09:00,,,,,0,0
387319205,불교와 친해지는 만화 사찰의 상징세계,불교와 친해지는 만화 사찰의 상징세계,,,- 8박사 자현 스님이 아낌없이 들려주는 매혹적인 사찰 이야기,일우 자현,불광출판사,2026-03,19800,9.7,3279,675,2026-08-31T14:09:42+09:00,,,,,0,0
370424575,사카모토 데이즈 22,사카모토 데이즈,22,,- 텐큐vs신,스즈키 유우토,대원씨아이(만화),2025-08,5850,,3244,676,2026-08-31T14:09:42+09:00,,,,,0,0
314918984,헌터x헌터 HunterXHunter 신장판 28,헌터x헌터 HunterXHunter 신장판,28,,,토가시 요시히로,학산문화사(만화),2016-12,5400,,3298,677,2026-08-31T14:09:42+09:00,,,,,0,0
398009982,한구석의 기억 1,한구석의 기억,1,,,키요나가 타마고,빗금,2026-07,6750,10.0,3150,678,2026-08-31T14:09:42+09:00,,,,,0,0
393514967,아름다운 인체 그리기 레슨,아름다운 인체 그리기 레슨,,,,후지타쿠,한즈미디어(한스미디어),2026-05,16200,9.7,2995,679,2026-08-31T14:09:42+09:00,,,,,0,0
299654606,하이큐!! 41,하이큐!!,41,,- 작은 거인 VS,후루다테 하루이치,대원씨아이(만화),2020-04,4950,,3036,680,2026-08-31T14:09:42+09:00,,,,,0,0
369055987,사카모토 데이즈 21 : NAGUMO DIYS 특별판,사카모토 데이즈 21 : NAGUMO DIYS 특별판,,,- DIY 아크릴 디오라마 스탠드 1세트 + DIY 아크릴 참 3종 + DIY 아크릴 포토 프레임 1세트 + 컬러 포토 카드 4종 + 모노크롬 스티커팩 1종 + 스페셜 일러스트 보드 1종 + 네임택 스트랩 1종 + 캔배지 2종 + 구성품 안내지 + 박스,스즈키 유우토,대원씨아이(만화),2025-07,68850,10.0,2921,681,2026-08-31T14:09:42+09:00,,,,,0,0
396049332,블루 자이언트 모멘텀 6,블루 자이언트 모멘텀,6,,,이시즈카 신이치,대원씨아이(만화),2026-06,5850,10.0,2800,682,2026-08-31T14:09:42+09:00,,,,,0,0
369563161,타몬 군 지금 어느 쪽?! 10,타몬 군 지금 어느 쪽?!,10,,,시와스 유키,학산문화사(만화),2025-08,5400,,2643,683,2026-08-31T14:09:42+09:00,,,,,0,0
320637311,정반대의 너와 나 1,정반대의 너와 나,1,,,아가사와 코챠,학산문화사(만화),2023-07,5400,9.8,2758,684,2026-08-31T14:09:42+09:00,,,,,0,0
310815578,얼굴만으론 좋아할 수 없어요 6,얼굴만으론 좋아할 수 없어요,6,,,안자이 카린,서울미디어코믹스(서울문화사),2023-02,5400,9.6,2638,685,2026-08-31T14:09:42+09:00,,,,,0,0
309292959,무로이 야스오의 캐릭터 얼굴 & 바스트업 작화 기술,무로이 야스오의 캐릭터 얼굴 & 바스트업 작화 기술,,,,무로이 야스오,영진.com(영진닷컴),2023-02,18000,9.4,2794,686,2026-08-31T14:09:42+09:00,,,,,0,0
355242244,흑무경담 2,흑무경담,2,,- S코믹스,토가와 요난,㈜소미미디어,2025-01,5400,9.7,2998,687,2026-08-31T14:09:42+09:00,,,,,0,0
345982331,흑무경담 1,흑무경담,1,,- S코믹스,토가와 요난,㈜소미미디어,2024-09,5400,8.6,2993,688,2026-08-31T14:09:42+09:00,,,,,0,0
388854376,이번 생은 가주가 되겠습니다 2부 5,이번 생은 가주가 되겠습니다 2부,5,,- 만화,앤트스튜디오,디앤씨웹툰비즈,2026-03,14400,,2489,689,2026-08-31T14:09:42+09:00,,,,,0,0
399541020,클레바테스 10,클레바테스,10,,,이와하라 유지,오팬스코믹,2026-07,6300,,2295,690,2026-08-31T14:09:42+09:00,,,,,0,0
383277748,장르를 바꿔보도록 하겠습니다 9 (특별판),장르를 바꿔보도록 하겠습니다,9,특별판,- 라스트 레터 1종 + 인생 필름 3종 + 렌티큘러 카드 3종,가린,연담,2026-03,21150,,2498,691,2026-08-31T14:09:42+09:00,,,,,0,0
399054860,브라운더스트 2 오피셜 디자인 웍스,브라운더스트 2 오피셜 디자인 웍스,,,,네오위즈,대원씨아이(단행본),2026-07,39600,,2270,692,2026-08-31T14:09:42+09:00,,,,,0,0
393626220,구룡 제네릭 로맨스 11,구룡 제네릭 로맨스,11,,"- S코믹스/ 초판 한정 렌티큘러 카드, 일러스트 카드",마유즈키 준,㈜소미미디어,2026-05,6300,9.8,2400,693,2026-08-31T14:09:42+09:00,,,,,0,0
394833578,장송의 프리렌 1,장송의 프리렌,1,,,야마다 카네히토,학산문화사(만화),2021-11,6300,,2615,694,2026-08-31T14:09:42+09:00,,,,,0,0
391724707,명탐정 코난 로맨틱 러버스 셀렉션,명탐정 코난 로맨틱 러버스 셀렉션,,,,아오야마 고쇼,서울미디어코믹스(서울문화사),2026-04,10800,10.0,2359,695,2026-08-31T14:09:42+09:00,,,,,0,0
399451722,숨막힐 정도의 사랑을 줄게 7 (특장판),숨막힐 정도의 사랑을 줄게,7,특장판,- 어나더 커버 + 폴라로이드형 카드 + 아크릴 스탠드 + 일러스트 카드 5종 + 별도 박스 포장,이와시타 케이코,대원씨아이(만화),2026-07,24300,,2325,696,2026-08-31T14:09:42+09:00,,,,,0,0
333689768,건방진 그 녀석 1,건방진 그 녀석,1,,,미츠바치 미유키,학산문화사(만화),2016-03,5400,10.0,2557,697,2026-08-31T14:09:42+09:00,,,,,0,0
397021977,리:블루 6,리:블루,6,,,카세 마츠리,대원씨아이(만화),2026-06,5850,9.9,2275,698,2026-08-31T14:09:42+09:00,,,,,0,0
326203733,얼굴만으론 좋아할 수 없어요 8,얼굴만으론 좋아할 수 없어요,8,,,안자이 카린,서울미디어코믹스(서울문화사),2023-10,5400,,2245,699,2026-08-31T14:09:42+09:00,,,,,0,0
321812915,오란고교 호스트부 3,오란고교 호스트부,3,,,하토리 비스코,학산문화사(만화),2004-05,5400,,2252,700,2026-08-31T14:09:42+09:00,,,,,0,0
399782294,네즈미의 첫사랑 7,네즈미의 첫사랑,7,,,오오세토 리쿠,학산문화사(만화),2026-08,5400,,2100,701,2026-08-31T14:09:42+09:00,,,,,0,0
323998705,먼작귀 4,먼작귀,4,,- 먼가 작고 귀여운 녀석,나가노,미우(대원씨아이),2023-09,10800,9.8,2313,702,2026-08-31T14:09:42+09:00,,,,,0,0
397222848,반장으로서의 책임과 의무 7,반장으로서의 책임과 의무,7,,- 그래도 우리는,수신지,귤프레스,2026-06,13500,10.0,2080,703,2026-08-31T14:09:42+09:00,,,,,0,0
316354721,얼굴만으론 좋아할 수 없어요 4,얼굴만으론 좋아할 수 없어요,4,,,안자이 카린,서울미디어코믹스(서울문화사),2022-06,5400,,2064,704,2026-08-31T14:09:42+09:00,,,,,0,0
397163133,아주 깊은 우주에서 사랑을 담아 1,아주 깊은 우주에서 사랑을 담아,1,,"- 초판한정 : B5 포스터, 양면 일러스트 카드",아시다카 오즈,조은세상(북두),2026-07,5400,10.0,2055,705,2026-08-31T14:09:42+09:00,,,,,0,0
389001364,디그 잇 1,디그 잇,1,,,Yoshidamaru,학산문화사(만화),2026-04,6300,8.0,2105,706,2026-08-31T14:09:42+09:00,,,,,0,0
308287261,네가 죽을 때까지 사랑하고 싶어 5,네가 죽을 때까지 사랑하고 싶어,5,,,나치 아오노,학산문화사(만화),2023-01,5400,10.0,1920,707,2026-08-31T14:09:42+09:00,,,,,0,0
395513879,시노와 렌 4,시노와 렌,4,,- SL Comic,치구사 미노리,디앤씨미디어(주)(D&C미디어),2026-06,10800,10.0,2150,708,2026-08-31T14:09:42+09:00,,,,,0,0
326489876,네가 죽을 때까지 사랑하고 싶어 6,네가 죽을 때까지 사랑하고 싶어,6,,,나치 아오노,학산문화사(만화),2023-10,5400,10.0,1892,709,2026-08-31T14:09:42+09:00,,,,,0,0
378826604,얼굴만으론 좋아할 수 없어요 15,얼굴만으론 좋아할 수 없어요,15,,,안자이 카린,서울미디어코믹스(서울문화사),2025-11,5400,10.0,1849,710,2026-08-31T14:09:42+09:00,,,,,0,0
290968765,네가 죽을 때까지 사랑하고 싶어 4,네가 죽을 때까지 사랑하고 싶어,4,,,나치 아오노,학산문화사(만화),2022-03,5400,10.0,1805,711,2026-08-31T14:09:42+09:00,,,,,0,0
399453525,누가 용사를 죽였는가 1,누가 용사를 죽였는가,1,,- S코믹스,이시다 아키라,㈜소미미디어,2026-08,6300,,1740,712,2026-08-31T14:09:42+09:00,,,,,0,0
399381461,종말의 발키리 26,종말의 발키리,26,,,우메무라 신야,대원씨아이(만화),2026-07,4950,10.0,1705,713,2026-08-31T14:09:42+09:00,,,,,0,0
396048990,SCP가 뭔가요? 1,SCP가 뭔가요?,1,,,하치훈,대원씨아이(만화),2026-06,5850,10.0,1780,714,2026-08-31T14:09:42+09:00,,,,,0,0
395386354,무서운 책 4,무서운 책,4,,- 주박,우메즈 카즈오,AK(에이케이)커뮤니케이션즈,2026-06,9000,,1700,715,2026-08-31T14:09:42+09:00,,,,,0,0
387294608,데스 노트 Death Note 13,데스 노트 Death Note,13,,,오바 츠구미,대원씨아이(만화),2006-12,9000,,1574,716,2026-08-31T14:09:42+09:00,,,,,0,0
399056425,다크 개더링 3,다크 개더링,3,,- 픽시하우스 / 초판 한정 : 띠지+일러스트 카드,콘도 켄이치,코믹레인,2026-08,6300,,1570,717,2026-08-31T14:09:42+09:00,,,,,0,0
400001277,할렐루야 베이비 5,할렐루야 베이비,5,,,코지마 라라,AK(에이케이)커뮤니케이션즈,2026-08,5850,,1550,718,2026-08-31T14:09:42+09:00,,,,,0,0
399381129,지친 직장인은 악역 영애님을 모시고 싶어 5,지친 직장인은 악역 영애님을 모시고 싶어,5,,,네코타로,대원씨아이(만화),2026-07,5400,,1505,719,2026-08-31T14:09:42+09:00,,,,,0,0
398811035,방과 후 제방 일지 14,방과 후 제방 일지,14,,,코사카 야스유키,대원씨아이(만화),2026-07,4950,,1870,720,2026-08-31T14:09:42+09:00,,,,,0,0
313562788,진격의 거인 13,진격의 거인,13,,,이사야마 하지메,학산문화사(만화),2014-05,5400,,1532,721,2026-08-31T14:09:42+09:00,,,,,0,0
396089286,향기로운 꽃은 늠름하게 핀다 13,향기로운 꽃은 늠름하게 핀다,13,,,미카미 사카,대원씨아이(만화),2026-06,6300,,1555,722,2026-08-31T14:09:42+09:00,,,,,0,0
395950064,향기로운 꽃은 늠름하게 핀다 4,향기로운 꽃은 늠름하게 핀다,4,,,미카미 사카,대원씨아이(만화),2026-06,6300,,1420,723,2026-08-31T14:09:42+09:00,,,,,0,0
316395931,진격의 거인 15,진격의 거인,15,,,이사야마 하지메,학산문화사(만화),2015-01,5400,,1497,724,2026-08-31T14:09:42+09:00,,,,,0,0
375650121,블리치 리믹스 13,블리치 리믹스,13,,,쿠보 타이토,서울미디어코믹스(서울문화사),2025-10,10800,10.0,1323,725,2026-08-31T14:09:42+09:00,,,,,0,0
394588521,풀 나이트 4,풀 나이트,4,,- S코믹스,야스다 카스미,㈜소미미디어,2026-06,6300,10.0,1580,726,2026-08-31T14:09:42+09:00,,,,,0,0
396090083,향기로운 꽃은 늠름하게 핀다 8,향기로운 꽃은 늠름하게 핀다,8,,,미카미 사카,대원씨아이(만화),2026-06,6300,,1395,727,2026-08-31T14:09:42+09:00,,,,,0,0
397123611,파랑과 아지랑이 1,파랑과 아지랑이,1,,- BB허니밀크코믹스,돈돈,㈜소미미디어,2026-07,5850,,1275,728,2026-08-31T14:09:42+09:00,,,,,0,0
399056301,Re : 제로부터 시작하는 이세계 생활 제4장 11,Re : 제로부터 시작하는 이세계 생활 제4장,11,,"- 성역과 탐욕의 마녀, 노엔 코믹스",아토리 하루노,데이즈엔터(주),2026-08,5400,,1145,729,2026-08-31T14:09:42+09:00,,,,,0,0
400006895,내가 죽을 뿐인 100가지 괴담 2,내가 죽을 뿐인 100가지 괴담,2,,"- 노엔 코믹스 / 초판한정 특별부록 : 일러스트 카드, 띠지",마토노 안지,데이즈엔터(주),2026-08,7200,10.0,1070,730,2026-08-31T14:09:42+09:00,,,,,0,0
357930933,풀 나이트 2,풀 나이트,2,,- S코믹스,야스다 카스미,㈜소미미디어,2025-02,6300,10.0,1282,731,2026-08-31T14:09:42+09:00,,,,,0,0
400543277,어떤 마술의 금서목록 33,어떤 마술의 금서목록,33,,,카마치 카즈마,대원씨아이(만화),2026-08,4950,,970,732,2026-08-31T14:09:42+09:00,,,,,0,0
340310033,블리치 리믹스 3,블리치 리믹스,3,,,쿠보 타이토,서울미디어코믹스(서울문화사),2024-05,10800,10.0,963,733,2026-08-31T14:09:42+09:00,,,,,0,0
400136842,전대대실격 20,전대대실격,20,,,하루바 네기,학산문화사(만화),2026-08,5400,10.0,920,734,2026-08-31T14:09:42+09:00,,,,,0,0
399925214,이 미술부에는 문제가 있다 15,이 미술부에는 문제가 있다,15,,- S코믹스,이미기 무루,㈜소미미디어,2026-08,6300,,970,735,2026-08-31T14:09:42+09:00,,,,,0,0
337394406,풀 나이트 1,풀 나이트,1,,- S코믹스,야스다 카스미,㈜소미미디어,2024-04,6300,10.0,1159,736,2026-08-31T14:09:42+09:00,,,,,0,0
400585852,택배기사 형이랑 잘 될 수 있을까?,택배기사 형이랑 잘 될 수 있을까?,,,- B愛+750,노다 논다,대원씨아이(만화),2026-08,6300,,810,737,2026-08-31T14:09:42+09:00,,,,,0,0
399781883,백설공주에게 입맞춤을 1,백설공주에게 입맞춤을,1,,- 시트러스 코믹스,요시오 아키라,㈜에이블웍스C&C,2026-07,5400,,740,738,2026-08-31T14:09:42+09:00,,,,,0,0
400662089,바키도 11,바키도,11,,,이타가키 케이스케,서울미디어코믹스(서울문화사),2026-08,5400,10.0,670,739,2026-08-31T14:09:42+09:00,,,,,0,0
399522660,렛츠고 괴기조 4,렛츠고 괴기조,4,,,View,㈜에스엠지크리에이티브(고은문화사),2026-07,5850,,695,740,2026-08-31T14:09:42+09:00,,,,,0,0
317300306,못 미더운 악녀입니다만 : ~추궁접서 교체전~ 3,못 미더운 악녀입니다만 : ~추궁접서 교체전~,3,,,EI Ohitsuji,서울미디어코믹스(서울문화사),2023-05,6300,10.0,763,741,2026-08-31T14:09:42+09:00,,,,,0,0
400543262,일하지 않는 두사람 32,일하지 않는 두사람,32,,,요시다 사토루,대원씨아이(만화),2026-08,4950,,690,742,2026-08-31T14:09:42+09:00,,,,,0,0
400557793,공각기동대 -HUMAN ERROR PROCESSER-,공각기동대 -HUMAN ERROR PROCESSER-,,,,시로 마사무네,대원씨아이(만화),2026-08,12600,,450,743,2026-08-31T14:09:42+09:00,,,,,0,0
400652954,영세 소녀의 싸우는 법 7,영세 소녀의 싸우는 법,7,,- 시프트코믹스,쿠즈시로,YNK MEDIA(만화),2026-08,5400,,530,744,2026-08-31T14:09:42+09:00,,,,,0,0
400649747,노노코 양의 여자친구 군♂ 1,노노코 양의 여자친구 군♂,1,,,하치와카마루,HUSH(허쉬),2026-08,5400,,450,745,2026-08-31T14:09:42+09:00,,,,,0,0
400649976,노노코 양의 여자친구 군♂ 2,노노코 양의 여자친구 군♂,2,,,하치와카마루,HUSH(허쉬),2026-08,5400,,420,746,2026-08-31T14:09:42+09:00,,,,,0,0
400876188,1to10 3,1to10,3,,"- 완결, 초판 1쇄 한정 부록 : 띠지, 포토카드 1매, 판 스티커 1매",NOD,레진코믹스(레진엔터테인먼트),2026-08,14400,,430,747,2026-08-31T14:09:42+09:00,,,,,0,0
401052876,만화 이상적인 기둥서방 생활 11,만화 이상적인 기둥서방 생활,11,,,히노츠키 네코,길찾기,2026-08,6300,8.0,310,748,2026-08-31T14:09:42+09:00,,,,,0,0
385521459,체인소 맨 22,체인소 맨,22,,,후지모토 타츠키,학산문화사(만화),2026-02,5400,10.0,12914,749,2026-08-31T14:09:42+09:00,,,,,0,0
284699967,귀멸의 칼날 외전,귀멸의 칼날 외전,,,,히라노 료지,학산문화사(만화),2021-12,5400,9.8,10296,750,2026-08-31T14:09:42+09:00,,,,,0,0
379004652,열혈강호 94,열혈강호,94,,,전극진,대원씨아이(만화),2025-11,4950,9.2,9552,751,2026-08-31T14:09:42+09:00,,,,,0,0
252254600,귀멸의 칼날 : 공식 팬북 귀살대 견문록,귀멸의 칼날 : 공식 팬북 귀살대 견문록,,,,고토게 코요하루,학산문화사(만화),2020-09,8550,9.6,9462,752,2026-08-31T14:09:42+09:00,,,,,0,0
331003597,원피스 107,원피스,107,,- 전설의 영웅,오다 에이치로,대원씨아이(만화),2024-01,4950,9.7,9118,753,2026-08-31T14:09:42+09:00,,,,,0,0
387670769,팬텀 버스터즈 6,팬텀 버스터즈,6,,- S코믹스,네오쇼코,㈜소미미디어,2026-03,5850,9.8,8948,754,2026-08-31T14:09:42+09:00,,,,,0,0
387232917,모모세 아키라의 첫사랑 파탄 중 4 (트리플 특전판),모모세 아키라의 첫사랑 파탄 중,4,트리플 특전판,- 스페셜 아크릴 일러스트 카드(1종) + 반전 매력의 양면 일러스트 카드(2종),하레카와 신타,서울미디어코믹스(서울문화사),2026-02,6750,10.0,8631,755,2026-08-31T14:09:42+09:00,,,,,0,0
294677380,귀멸의 칼날 23,귀멸의 칼날,23,,- 완결,고토게 코요하루,학산문화사(만화),2021-04,5400,9.3,8291,756,2026-08-31T14:09:42+09:00,,,,,0,0
296798536,원피스 102,원피스,102,,- 천왕산,오다 에이치로,대원씨아이(만화),2022-06,4950,9.4,8484,757,2026-08-31T14:09:42+09:00,,,,,0,0
383612098,타몬 군 지금 어느 쪽?! 11,타몬 군 지금 어느 쪽?!,11,,,시와스 유키,학산문화사(만화),2026-01,5400,10.0,7541,758,2026-08-31T14:09:42+09:00,,,,,0,0
382045769,모모세 아키라의 첫사랑 파탄 중 3 (트리플 특전판),모모세 아키라의 첫사랑 파탄 중,3,트리플 특전판,- 홀로그램 일러스트 카드(1종) + 반전 매력의 양면 일러스트 카드(2종),하레카와 신타,서울미디어코믹스(서울문화사),2025-12,6750,9.8,7594,759,2026-08-31T14:09:42+09:00,,,,,0,0
329014950,히카루가 죽은 여름 3,히카루가 죽은 여름,3,,- SL Comic,모쿠모쿠렌,디앤씨미디어(주)(D&C미디어),2023-12,5400,9.8,7241,760,2026-08-31T14:09:42+09:00,,,,,0,0
336635744,향기로운 꽃은 늠름하게 핀다 7,향기로운 꽃은 늠름하게 핀다,7,,,미카미 사카,대원씨아이(만화),2024-03,5400,10.0,7122,761,2026-08-31T14:09:42+09:00,,,,,0,0
398836243,TV애니메이션 주술회전 회옥·옥절/시부야 사변 공식 가이드북,TV애니메이션 주술회전 회옥·옥절/시부야 사변 공식 가이드북,,,- 초판 한정 : 책갈피 2종,아쿠타미 게게,서울미디어코믹스(서울문화사),2026-07,24300,10.0,7260,762,2026-08-31T14:09:42+09:00,,,,,0,0
303306489,망그러진 만화 1,망그러진 만화,1,,- 망그러진 곰과 햄터의 귀염뽀짝 일상다반사!,유랑,좋은생각,2022-11,15120,9.9,7261,763,2026-08-31T14:09:42+09:00,,,,,0,0
379515213,야마다 군과 Lv999의 사랑을 하다 4~6 특별판 세트 - 전3권,야마다 군과 Lv999의 사랑을 하다 4~6 특별판 세트 - 전3권,,,- 띠지 + 특별판 아크릴 북스탠드 + 특별판 아크릴 블록 + 특별판 양면 책갈피 + 일반판 일러스트 카드 3종 + 일반판 폴라로이드 카드 3종,마시로,디앤씨미디어(주)(D&C미디어),2025-12,49500,10.0,6744,764,2026-08-31T14:09:42+09:00,,,,,0,0
301706807,주술회전 4,주술회전,4,,,아쿠타미 게게,서울미디어코믹스(서울문화사),2019-05,5400,,6786,765,2026-08-31T14:09:42+09:00,,,,,0,0
364518017,루리 드래곤 3,루리 드래곤,3,,,신도 마사오키,서울미디어코믹스(서울문화사),2025-05,5400,9.6,6548,766,2026-08-31T14:09:42+09:00,,,,,0,0
301182588,주술회전 3,주술회전,3,,,아쿠타미 게게,서울미디어코믹스(서울문화사),2019-04,5400,,6617,767,2026-08-31T14:09:42+09:00,,,,,0,0
287304526,아름다운 초저녁달 1,아름다운 초저녁달,1,,,야마모리 미카,학산문화사(만화),2022-01,5400,9.5,6611,768,2026-08-31T14:09:42+09:00,,,,,0,0
392519237,길고양이와 늑대 6,길고양이와 늑대,6,,,미츠바치 미유키,학산문화사(만화),2026-05,5400,9.9,6775,769,2026-08-31T14:09:42+09:00,,,,,0,0
393717336,문호 스트레이독스 27,문호 스트레이독스,27,,"- 노엔 코믹스 /초판한정 : 띠지, 일러스트 카드",아사기리 카프카,데이즈엔터(주),2026-06,5400,10.0,6355,770,2026-08-31T14:09:42+09:00,,,,,0,0
358560181,스킵과 로퍼 10,스킵과 로퍼,10,,- 시프트코믹스,타카마츠 미사키,YNK MEDIA(만화),2025-03,5400,9.8,6391,771,2026-08-31T14:09:42+09:00,,,,,0,0
380080135,봇치·더·록! 외전 히로이 키쿠리의 과음일기 4,봇치·더·록! 외전 히로이 키쿠리의 과음일기,4,,,쿠미쵸,대원씨아이(만화),2025-12,8100,10.0,6233,772,2026-08-31T14:09:42+09:00,,,,,0,0
354350771,사카모토 데이즈 11,사카모토 데이즈,11,,- 한 방,스즈키 유우토,대원씨아이(만화),2023-06,5850,,5959,773,2026-08-31T14:09:42+09:00,,,,,0,0
328897066,귀멸 학원! 4,귀멸 학원!,4,,,호카미 나츠키,학산문화사(만화),2023-11,5400,10.0,5701,774,2026-08-31T14:09:42+09:00,,,,,0,0
375158873,봄의 폭풍과 몬스터 7,봄의 폭풍과 몬스터,7,,,미츠바치 미유키,학산문화사(만화),2025-10,5400,9.6,5669,775,2026-08-31T14:09:42+09:00,,,,,0,0
247887919,"타시로, 너란 녀석은 1","타시로, 너란 녀석은",1,,- BLovers comics,야마다,서울미디어코믹스(서울문화사),2020-07,4950,9.5,5508,776,2026-08-31T14:09:42+09:00,,,,,0,0
338987904,귀멸 학원! 5,귀멸 학원!,5,,,호카미 나츠키,학산문화사(만화),2024-05,5400,10.0,5495,777,2026-08-31T14:09:42+09:00,,,,,0,0
67153695,기븐 1,기븐,1,,- 뉴 루비코믹스 1740,키즈 나츠키,현대지능개발사,2015-09,4950,9.2,5555,778,2026-08-31T14:09:42+09:00,,,,,0,0
355322769,사카모토 데이즈 13,사카모토 데이즈,13,,- 추억,스즈키 유우토,대원씨아이(만화),2023-11,5850,,5450,779,2026-08-31T14:09:42+09:00,,,,,0,0
352893694,귀멸 학원! 6,귀멸 학원!,6,,- 완결,호카미 나츠키,학산문화사(만화),2024-11,5400,10.0,5406,780,2026-08-31T14:09:42+09:00,,,,,0,0
233797853,은혼 77,은혼,77,,"- 완결, 곱슬머리치고 쓸 만한 놈 없다",소라치 히데아키,학산문화사(만화),2020-02,8100,9.8,5524,781,2026-08-31T14:09:42+09:00,,,,,0,0
379454044,학생회에도 구멍은 있다! 공식 풀컬러판 : 《생구멍 셀렉션!》,학생회에도 구멍은 있다! 공식 풀컬러판 : 《생구멍 셀렉션!》,,,- S코믹스,무치마로,㈜소미미디어,2025-12,10800,9.6,5440,782,2026-08-31T14:09:42+09:00,,,,,0,0
354788974,사카모토 데이즈 12,사카모토 데이즈,12,,- 크랭크 인,스즈키 유우토,대원씨아이(만화),2023-09,5850,,5343,783,2026-08-31T14:09:42+09:00,,,,,0,0
393112792,비실비실 선생님 13,비실비실 선생님,13,,,후쿠치 카미오,대원씨아이(만화),2026-05,5850,10.0,5270,784,2026-08-31T14:09:42+09:00,,,,,0,0
386937690,킹덤 Kingdom 76,킹덤 Kingdom,76,,,하라 야스히사,대원씨아이(만화),2026-02,5400,10.0,5239,785,2026-08-31T14:09:42+09:00,,,,,0,0
329751704,망그러진 만화 2,망그러진 만화,2,,- 망그러진 곰과 햄터의 데굴데굴 유쾌한 날들!,유랑,좋은생각,2023-12,15750,10.0,5395,786,2026-08-31T14:09:42+09:00,,,,,0,0
383611991,메달리스트 13,메달리스트,13,,,츠루마이카다,학산문화사(만화),2026-01,5400,9.6,5245,787,2026-08-31T14:09:42+09:00,,,,,0,0
333218155,마루는 강쥐 3,마루는 강쥐,3,,,모죠,문페이스,2024-02,14400,,5119,788,2026-08-31T14:09:42+09:00,,,,,0,0
388015005,도나츠와 서커스 1~2 완결 스페셜 세트 - 전2권,도나츠와 서커스 1~2 완결 스페셜 세트 - 전2권,,,,오븐,네이버웹툰,2026-05,32400,,4970,789,2026-08-31T14:09:42+09:00,,,,,0,0
314077334,헌터x헌터 HunterXHunter 신장판 4,헌터x헌터 HunterXHunter 신장판,4,,,토가시 요시히로,학산문화사(만화),2013-08,5400,,5095,790,2026-08-31T14:09:42+09:00,,,,,0,0
297863750,헌터x헌터 HunterXHunter 신장판 5,헌터x헌터 HunterXHunter 신장판,5,,,토가시 요시히로,학산문화사(만화),2013-10,5400,,5052,791,2026-08-31T14:09:42+09:00,,,,,0,0
307897037,"타시로, 너란 녀석은 3","타시로, 너란 녀석은",3,,- BLovers comics,야마다,서울미디어코믹스(서울문화사),2022-12,4950,9.7,4774,792,2026-08-31T14:09:42+09:00,,,,,0,0
82662361,기븐 2,기븐,2,,- 뉴 루비코믹스 1835,키즈 나츠키,현대지능개발사,2016-04,4950,9.1,5028,793,2026-08-31T14:09:42+09:00,,,,,0,0
311362968,헌터x헌터 HunterXHunter 신장판 6,헌터x헌터 HunterXHunter 신장판,6,,,토가시 요시히로,학산문화사(만화),2013-10,5400,10.0,4883,794,2026-08-31T14:09:42+09:00,,,,,0,0
350054497,카구라바치 2,카구라바치,2,,- 엔텐 VS 쿠레구모,호카조노 타케루,대원씨아이(만화),2024-10,5850,9.3,4674,795,2026-08-31T14:09:42+09:00,,,,,0,0
389890523,타워 던전 5,타워 던전,5,,,니헤이 츠토무,학산문화사(만화),2026-04,6300,9.9,4634,796,2026-08-31T14:09:42+09:00,,,,,0,0
356890808,사카모토 데이즈 16,사카모토 데이즈,16,,- 해후,스즈키 유우토,대원씨아이(만화),2024-06,5850,,4710,797,2026-08-31T14:09:42+09:00,,,,,0,0
297902517,헌터x헌터 HunterXHunter 신장판 10,헌터x헌터 HunterXHunter 신장판,10,,,토가시 요시히로,학산문화사(만화),2014-04,5400,,4468,798,2026-08-31T14:09:42+09:00,,,,,0,0
7219927,소용돌이 합본판,소용돌이 합본판,,,,이토 준지,시공사(만화),2010-06,14400,9.3,4366,799,2026-08-31T14:09:42+09:00,,,,,0,0
315823527,헌터x헌터 HunterXHunter 신장판 9,헌터x헌터 HunterXHunter 신장판,9,,,토가시 요시히로,학산문화사(만화),2014-04,5400,,4378,800,2026-08-31T14:09:42+09:00,,,,,0,0
314077483,헌터x헌터 HunterXHunter 신장판 8,헌터x헌터 HunterXHunter 신장판,8,,,토가시 요시히로,학산문화사(만화),2014-01,5400,,4329,801,2026-08-31T14:09:42+09:00,,,,,0,0
387708220,블루 록 : Episode 나기 8,블루 록 : Episode 나기,8,,- 완결,산노미야 코타,학산문화사(만화),2026-03,5400,10.0,4161,802,2026-08-31T14:09:42+09:00,,,,,0,0
396377370,너를 사랑하는 살인귀 1,너를 사랑하는 살인귀,1,,- 시프트코믹스,아키야마 엔마,YNK MEDIA(만화),2026-06,5400,10.0,4245,803,2026-08-31T14:09:42+09:00,,,,,0,0
384180355,단다단 18,단다단,18,,,타츠 유키노부,대원씨아이(만화),2026-01,5400,9.6,4383,804,2026-08-31T14:09:42+09:00,,,,,0,0
338430853,명탐정 코난 104 (특장판),명탐정 코난,104,특장판,- 아크릴 스탠드 + 극장판 '명탐정코난: 흑철의 어영' 그림 콘티북 + 어나더 커버,아오야마 고쇼,서울미디어코믹스(서울문화사),2024-04,9000,8.7,4037,805,2026-08-31T14:09:42+09:00,,,,,0,0
317503708,신부이야기 14,신부이야기,14,,,모리 카오루,대원씨아이(만화),2023-05,7200,9.9,4059,806,2026-08-31T14:09:42+09:00,,,,,0,0
257021910,기븐 6,기븐,6,,- 뉴 루비코믹스 2555,키즈 나츠키,현대지능개발사,2020-11,4950,9.6,4057,807,2026-08-31T14:09:42+09:00,,,,,0,0
303283805,진격의 거인 1~17 박스 세트 Part 1 - 전17권,진격의 거인 1~17 박스 세트 Part 1 - 전17권,,,- PVC카드 17매 동봉,이사야마 하지메,학산문화사(만화),2022-10,91800,10.0,4094,808,2026-08-31T14:09:42+09:00,,,,,0,0
344254532,GACHIAKUTA 6,GACHIAKUTA,6,,,케이 우라나,학산문화사(만화),2024-08,5400,10.0,3943,809,2026-08-31T14:09:42+09:00,,,,,0,0
301714473,주술회전 15,주술회전,15,,- 시부야 사변 -변신-,아쿠타미 게게,서울미디어코믹스(서울문화사),2021-05,5400,,3973,810,2026-08-31T14:09:42+09:00,,,,,0,0
337105332,Veil 1,Veil,1,,"- S코믹스, JAPAN EXPO 최우수작화상, 최우수장정상 수상",코테리,㈜소미미디어,2024-04,11520,9.2,4052,811,2026-08-31T14:09:42+09:00,,,,,0,0
387904062,오달자의 봄,오달자의 봄,,,,김수정,둘리나라,2026-03,16200,9.9,3889,812,2026-08-31T14:09:42+09:00,,,,,0,0
320877909,꿈빛 파티시엘 신장판 12,꿈빛 파티시엘 신장판,12,,- 완결,마츠모토 나츠미,대원씨아이(만화),2023-07,5400,,3900,813,2026-08-31T14:09:42+09:00,,,,,0,0
334819572,긴채널! : 은혼 공식 캐릭터북,긴채널! : 은혼 공식 캐릭터북,,,,소라치 히데아키,학산문화사(만화),2010-10,9000,,4012,814,2026-08-31T14:09:42+09:00,,,,,0,0
293068139,기븐 7,기븐,7,,- 뉴 루비코믹스 2755,키즈 나츠키,현대지능개발사,2022-04,5400,9.8,3816,815,2026-08-31T14:09:42+09:00,,,,,0,0
320877802,꿈빛 파티시엘 신장판 11,꿈빛 파티시엘 신장판,11,,,마츠모토 나츠미,대원씨아이(만화),2023-07,5400,10.0,3766,816,2026-08-31T14:09:42+09:00,,,,,0,0
359520421,극락가 2,극락가,2,,,사노 유토,대원씨아이(만화),2024-02,5850,,3774,817,2026-08-31T14:09:42+09:00,,,,,0,0
311936078,헌터x헌터 HunterXHunter 신장판 31,헌터x헌터 HunterXHunter 신장판,31,,,토가시 요시히로,학산문화사(만화),2013-10,5400,,3820,818,2026-08-31T14:09:42+09:00,,,,,0,0
362015779,사카모토 데이즈 비기너즈 팩 Vol.2 : 4~6 합본 세트,사카모토 데이즈 비기너즈 팩 Vol.2 : 4~6 합본 세트,,,- 나구모 홀로그램 카드 1종 + 일러스트 포스트카드 3종,스즈키 유우토,대원씨아이(만화),2025-04,17550,10.0,3706,819,2026-08-31T14:09:42+09:00,,,,,0,0
298280458,헌터x헌터 HunterXHunter 신장판 30,헌터x헌터 HunterXHunter 신장판,30,,,토가시 요시히로,학산문화사(만화),2017-03,5400,,3718,820,2026-08-31T14:09:42+09:00,,,,,0,0
397997937,사일런트 위치 10,사일런트 위치,10,,"- 침묵의 마녀의 비밀, ROSY",이소라 마츠리,데이즈엔터(주),2026-07,9900,10.0,3550,821,2026-08-31T14:09:42+09:00,,,,,0,0
366528002,메이드 인 어비스 13,메이드 인 어비스,13,,,츠쿠시 아키히토,미우(대원씨아이),2025-06,7200,9.2,3686,822,2026-08-31T14:09:42+09:00,,,,,0,0
395444518,러브 불릿 1,러브 불릿,1,,- 초판 한정 부록: SD 캐릭터 스티커 1매 + 저자 사인 메시지 (면지 인쇄),inee,빗금,2026-06,8100,10.0,3625,823,2026-08-31T14:09:42+09:00,,,,,0,0
322441152,꿈빛 파티시엘 신장판 3,꿈빛 파티시엘 신장판,3,,,마츠모토 나츠미,대원씨아이(만화),2023-08,5400,,3449,824,2026-08-31T14:09:42+09:00,,,,,0,0
337393287,내 마음의 위험한 녀석 9,내 마음의 위험한 녀석,9,,- S코믹스,사쿠라이 노리오,㈜소미미디어,2024-04,6300,9.8,3596,825,2026-08-31T14:09:42+09:00,,,,,0,0
397085713,오늘도 냠냠냠 4,오늘도 냠냠냠,4,,- 우리나라의 정겨운 맛집들,조경규,송송책방,2026-07,14400,,3545,826,2026-08-31T14:09:42+09:00,,,,,0,0
397294900,비교하고 검토하는 교열부의 쿠쥬 씨 2,비교하고 검토하는 교열부의 쿠쥬 씨,2,,,고이시 유카,서교책방,2026-07,11520,10.0,3475,827,2026-08-31T14:09:42+09:00,,,,,0,0
364156956,카구라바치 5,카구라바치,5,,,호카조노 타케루,대원씨아이(만화),2025-05,5850,9.4,3536,828,2026-08-31T14:09:42+09:00,,,,,0,0
298348779,서랍 속 테라리움 : 신장판,서랍 속 테라리움 : 신장판,,,- S코믹스,쿠이 료코,㈜소미미디어,2022-08,8100,9.5,3554,829,2026-08-31T14:09:42+09:00,,,,,0,0
296275457,고깔모자의 아틀리에 5,고깔모자의 아틀리에,5,,,시라하마 카모메,학산문화사(만화),2019-10,5400,,3522,830,2026-08-31T14:09:42+09:00,,,,,0,0
398867274,찍히지 않습니다 7 (한정판),찍히지 않습니다,7,한정판,"- 아크릴 키링 + 카드 스티커 2종 + PET 4컷 사진 책갈피 + 초판 한정 일러스트 카드 + 폴라로이드 사진풍 카드 2종, S코믹스",코노시마 루카,㈜소미미디어,2026-08,22500,,3410,831,2026-08-31T14:09:42+09:00,,,,,0,0
388858246,야쿠자 때문에 목욕탕에서 일하고 있습니다 3,야쿠자 때문에 목욕탕에서 일하고 있습니다,3,,,타카시,㈜소미미디어,2026-04,5850,9.9,3534,832,2026-08-31T14:09:42+09:00,,,,,0,0
298280477,헌터x헌터 HunterXHunter 신장판 21,헌터x헌터 HunterXHunter 신장판,21,,,토가시 요시히로,학산문화사(만화),2016-06,5400,,3345,833,2026-08-31T14:09:42+09:00,,,,,0,0
394170834,친구 엄마 9,친구 엄마,9,,,온점,블루픽,2026-05,14220,,3410,834,2026-08-31T14:09:42+09:00,,,,,0,0
298280366,헌터x헌터 HunterXHunter 신장판 24,헌터x헌터 HunterXHunter 신장판,24,,,토가시 요시히로,학산문화사(만화),2016-06,5400,,3431,835,2026-08-31T14:09:42+09:00,,,,,0,0
317918054,천막의 자두가르 1,천막의 자두가르,1,,,토마토수프,서울미디어코믹스(서울문화사),2023-06,6750,9.7,3254,836,2026-08-31T14:09:42+09:00,,,,,0,0
387232919,노아 선배는 친구 8,노아 선배는 친구,8,,,아키야마 엔마,서울미디어코믹스(서울문화사),2026-02,5850,9.7,3491,837,2026-08-31T14:09:42+09:00,,,,,0,0
301058824,헌터x헌터 HunterXHunter 신장판 29,헌터x헌터 HunterXHunter 신장판,29,,,토가시 요시히로,학산문화사(만화),2017-01,5400,,3331,838,2026-08-31T14:09:42+09:00,,,,,0,0
394171107,친구 엄마 10,친구 엄마,10,,,온점,블루픽,2026-05,14220,,3390,839,2026-08-31T14:09:42+09:00,,,,,0,0
391350801,나나 NANA 완전판 8,나나 NANA 완전판,8,,"- 초판 한정: PP엽서 1종, 포토카드 1종",야자와 아이,학산문화사(만화),2026-04,10800,,3234,840,2026-08-31T14:09:42+09:00,,,,,0,0
301058679,헌터x헌터 HunterXHunter 신장판 25,헌터x헌터 HunterXHunter 신장판,25,,,토가시 요시히로,학산문화사(만화),2016-08,5400,,3405,841,2026-08-31T14:09:42+09:00,,,,,0,0
328754691,블루 록 21,블루 록,21,,,노무라 유스케,학산문화사(만화),2023-11,5400,10.0,3383,842,2026-08-31T14:09:42+09:00,,,,,0,0
365413873,팔견전 21,팔견전,21,,"- 동방팔견이문, S코믹스",아베 미유키,㈜소미미디어,2025-06,5400,10.0,3266,843,2026-08-31T14:09:42+09:00,,,,,0,0
298280514,헌터x헌터 HunterXHunter 신장판 27,헌터x헌터 HunterXHunter 신장판,27,,,토가시 요시히로,학산문화사(만화),2016-10,5400,,3254,844,2026-08-31T14:09:42+09:00,,,,,0,0
296076806,고깔모자의 아틀리에 7,고깔모자의 아틀리에,7,,,시라하마 카모메,학산문화사(만화),2020-12,5400,,3215,845,2026-08-31T14:09:42+09:00,,,,,0,0
384444527,너와 장밋빛 매일 2,너와 장밋빛 매일,2,,,히로 치히로,서울미디어코믹스(서울문화사),2026-01,5400,9.7,3046,846,2026-08-31T14:09:42+09:00,,,,,0,0
392471811,전생했더니 슬라임이었던 건에 대하여 30,전생했더니 슬라임이었던 건에 대하여,30,,- S코믹스,카와카미 타이키,㈜소미미디어,2026-05,6300,10.0,3120,847,2026-08-31T14:09:42+09:00,,,,,0,0
390199323,"나와 다시 한번, 첫사랑 2","나와 다시 한번, 첫사랑",2,,"- 루나 코믹스, 초판 한정 일러스트 카드 4종, PET 일러스트 카드 1종",하세가키 나루미,㈜소미미디어,2026-04,6300,9.7,3254,848,2026-08-31T14:09:42+09:00,,,,,0,0
353581099,내 마음의 위험한 녀석 10,내 마음의 위험한 녀석,10,,- S코믹스,사쿠라이 노리오,㈜소미미디어,2024-12,6300,9.2,3233,849,2026-08-31T14:09:42+09:00,,,,,0,0
398872148,K-9 경시청 공안부 공안제9과 이능력 대책반 3,K-9 경시청 공안부 공안제9과 이능력 대책반,3,,,오쿠야마 테츠야,대원씨아이(만화),2026-07,6300,10.0,3035,850,2026-08-31T14:09:42+09:00,,,,,0,0
380293052,우타강의 시간 4,우타강의 시간,4,,,요시다 아키미,문학동네,2025-12,7650,9.3,3076,851,2026-08-31T14:09:42+09:00,,,,,0,0
387250318,Myther 1,Myther,1,,- S코믹스,야츠다 테키,㈜소미미디어,2026-03,6300,9.4,3042,852,2026-08-31T14:09:42+09:00,,,,,0,0
392518824,테라피 게임 리스타트 6,테라피 게임 리스타트,6,,,히노하라 메구루,블랑코믹스(BLANC COMICS),2026-05,6300,10.0,3150,853,2026-08-31T14:09:42+09:00,,,,,0,0
348294598,파리대왕 : 그래픽 노블,파리대왕 : 그래픽 노블,,,,,민음사,2024-09,25200,8.6,3069,854,2026-08-31T14:09:42+09:00,,,,,0,0
398870503,더 죠죠랜즈 3 : 돈벌이할 시간,더 죠죠랜즈 3 : 돈벌이할 시간,,,- 죠죠의 기묘한 모험 Part 9,아라키 히로히코,문학동네,2026-07,7200,10.0,3190,855,2026-08-31T14:09:42+09:00,,,,,0,0
374961203,팔견전 23,팔견전,23,,"- 동방팔견이문, S코믹스",아베 미유키,㈜소미미디어,2025-10,5400,10.0,3107,856,2026-08-31T14:09:42+09:00,,,,,0,0
318156190,얼굴만으론 좋아할 수 없어요 7,얼굴만으론 좋아할 수 없어요,7,,,안자이 카린,서울미디어코믹스(서울문화사),2023-06,5400,10.0,3027,857,2026-08-31T14:09:42+09:00,,,,,0,0
369868343,팔견전 22,팔견전,22,,"- 동방팔견이문, S코믹스",아베 미유키,㈜소미미디어,2025-08,5400,10.0,3064,858,2026-08-31T14:09:42+09:00,,,,,0,0
385417452,친구 엄마 8,친구 엄마,8,,,온점,블루픽,2026-01,14220,,3074,859,2026-08-31T14:09:42+09:00,,,,,0,0
331540292,블루 록 22,블루 록,22,,,노무라 유스케,학산문화사(만화),2024-01,5400,9.2,3134,860,2026-08-31T14:09:42+09:00,,,,,0,0
342596581,블루 록 25,블루 록,25,,,노무라 유스케,학산문화사(만화),2024-07,5400,9.1,2874,861,2026-08-31T14:09:42+09:00,,,,,0,0
356090755,그리고 마녀는 숲으로 갔다 2,그리고 마녀는 숲으로 갔다,2,,- 완결,산호,고블,2025-02,21600,9.9,3290,862,2026-08-31T14:09:42+09:00,,,,,0,0
390243150,장송의 프리렌 12,장송의 프리렌,12,,,야마다 카네히토,학산문화사(만화),2024-07,6300,,3036,863,2026-08-31T14:09:42+09:00,,,,,0,0
335604365,은혼 5학년 : 은혼 공식 캐릭터북 2,은혼 5학년 : 은혼 공식 캐릭터북,2,,,소라치 히데아키,학산문화사(만화),2013-03,9000,,2966,864,2026-08-31T14:09:42+09:00,,,,,0,0
306954722,하이큐!! 10th 크로니클,하이큐!! 10th 크로니클,,,,후루다테 하루이치,대원씨아이(만화),2022-12,21600,9.8,2799,865,2026-08-31T14:09:42+09:00,,,,,0,0
398360665,시메지 시뮬레이션 5 북케이스 세트,시메지 시뮬레이션 5 북케이스 세트,,,- 완결,츠쿠미즈,길찾기,2026-05,18000,,2915,866,2026-08-31T14:09:42+09:00,,,,,0,0
394214214,전희 서바이벌 사가 2,전희 서바이벌 사가,2,,,OTOSAMA,오팬스코믹,2026-05,6300,9.7,2785,867,2026-08-31T14:09:42+09:00,,,,,0,0
383428976,Veil 6,Veil,6,,"- S코믹스, JAPAN EXPO 최우수작화상, 최우수장정상 수상",코테리,㈜소미미디어,2026-01,11520,9.7,2885,868,2026-08-31T14:09:42+09:00,,,,,0,0
339277637,블루 록 24,블루 록,24,,,노무라 유스케,학산문화사(만화),2024-05,5400,9.4,2741,869,2026-08-31T14:09:42+09:00,,,,,0,0
387708182,한밤중 하트튠 10,한밤중 하트튠,10,,,이가라시 마사쿠니,학산문화사(만화),2026-03,5400,9.0,2605,870,2026-08-31T14:09:42+09:00,,,,,0,0
336556121,박시백의 고려사 1~5 세트 - 전5권,박시백의 고려사 1~5 세트 - 전5권,,,,박시백,휴머니스트,2024-03,66150,8.0,2532,871,2026-08-31T14:09:42+09:00,,,,,0,0
397818353,너를 너무너무너무너무 좋아하는 100명의 그녀 24,너를 너무너무너무너무 좋아하는 100명의 그녀,24,,,나카무라 리키토,학산문화사(만화),2026-07,5400,,2660,872,2026-08-31T14:09:42+09:00,,,,,0,0
393007477,사토리×콤플렉스,사토리×콤플렉스,,,"- 초판 특전 : 양면 일러스트 카드, PET 북마크 스탠드",유히,리크,2026-05,6300,9.6,2560,873,2026-08-31T14:09:42+09:00,,,,,0,0
392911737,더 파이팅 The Fighting 145,더 파이팅 The Fighting,145,,,모리카와 조지,학산문화사(만화),2026-05,5400,,2630,874,2026-08-31T14:09:42+09:00,,,,,0,0
323288688,내 마음의 위험한 녀석 8,내 마음의 위험한 녀석,8,,- S코믹스,사쿠라이 노리오,㈜소미미디어,2023-09,6300,9.7,2611,875,2026-08-31T14:09:42+09:00,,,,,0,0
369056766,사카모토 데이즈 21,사카모토 데이즈,21,,- 오늘의 운세,스즈키 유우토,대원씨아이(만화),2025-07,5850,,2473,876,2026-08-31T14:09:42+09:00,,,,,0,0
388041238,무서운 책 1,무서운 책,1,,- 뱀,우메즈 카즈오,AK(에이케이)커뮤니케이션즈,2026-03,9000,10.0,2461,877,2026-08-31T14:09:42+09:00,,,,,0,0
101106033,스파이더맨 / 데드풀 VOL. 1 : 브로맨틱하지 않나요?,스파이더맨 / 데드풀 VOL. 1 : 브로맨틱하지 않나요?,,,,조 켈리,시공사(만화),2017-01,10800,6.0,2430,878,2026-08-31T14:09:42+09:00,,,,,0,0
397093551,"노려보고, 사랑. 1","노려보고, 사랑.",1,,"- 초판 한정 일러스트 카드 3종, SD 칼선 스티커",나모,시플리,2026-07,6300,10.0,2425,879,2026-08-31T14:09:42+09:00,,,,,0,0
382418825,드래곤볼 완전판 가이드북 FOREVER,드래곤볼 완전판 가이드북 FOREVER,,,,토리야마 아키라,서울미디어코믹스(서울문화사),2025-12,12600,,2334,880,2026-08-31T14:09:42+09:00,,,,,0,0
315743462,얼굴만으론 좋아할 수 없어요 3,얼굴만으론 좋아할 수 없어요,3,,,안자이 카린,서울미디어코믹스(서울문화사),2022-04,5400,,2374,881,2026-08-31T14:09:42+09:00,,,,,0,0
103566404,블리치 74,블리치,74,,- 완결,쿠보 타이토,서울미디어코믹스(서울문화사),2017-02,4950,9.0,2261,882,2026-08-31T14:09:42+09:00,,,,,0,0
323998644,먼작귀 4 (콩알도감 포함 특별판),먼작귀,4,콩알도감 포함 특별판,- 먼가 작고 귀여운 녀석,나가노,미우(대원씨아이),2023-09,21600,6.7,2212,883,2026-08-31T14:09:42+09:00,,,,,0,0
368681375,귀엽다는 말 들은 적 없어!! 10,귀엽다는 말 들은 적 없어!!,10,,,하루후지 나카바,대원씨아이(만화),2025-07,4500,9.8,2163,884,2026-08-31T14:09:42+09:00,,,,,0,0
349941684,정반대의 너와 나 5,정반대의 너와 나,5,,,아가사와 코챠,학산문화사(만화),2024-10,5400,9.9,2320,885,2026-08-31T14:09:42+09:00,,,,,0,0
395390845,명탐정 코난 모리 코고로 셀렉션,명탐정 코난 모리 코고로 셀렉션,,,,아오야마 고쇼,서울미디어코믹스(서울문화사),2026-06,10800,10.0,2195,886,2026-08-31T14:09:42+09:00,,,,,0,0
396766426,마왕성에서 잘 자요 31,마왕성에서 잘 자요,31,,,쿠마노마타 카기지,대원씨아이(만화),2026-06,5220,9.2,2155,887,2026-08-31T14:09:42+09:00,,,,,0,0
311057046,명탐정 코난 : 경찰학교 셀렉션,명탐정 코난 : 경찰학교 셀렉션,,,- 특별 편집 코믹스,아오야마 고쇼,서울미디어코믹스(서울문화사),2023-02,10800,,2130,888,2026-08-31T14:09:42+09:00,,,,,0,0
322947641,오란고교 호스트부 17,오란고교 호스트부,17,,,하토리 비스코,학산문화사(만화),2011-02,5400,,1958,889,2026-08-31T14:09:42+09:00,,,,,0,0
399056149,제도성배기담 Fate/type Redline 6,제도성배기담 Fate/type Redline,6,,- 노엔 코믹스 / 초판한정 특별부록 : 일러스트 카드 + 띠지,히라노 료지,데이즈엔터(주),2026-08,7200,10.0,1910,890,2026-08-31T14:09:42+09:00,,,,,0,0
228132278,오무라이스 잼잼 1 (스페셜 리커버 양장본),오무라이스 잼잼 1 (스페셜 리커버 양장본),,,- 경이로운 일상음식 이야기,조경규,송송책방,2020-01,19800,9.3,2166,891,2026-08-31T14:09:42+09:00,,,,,0,0
398344410,아카네 이야기 16,아카네 이야기,16,,,유키 스에나가,학산문화사(만화),2026-07,5400,4.0,1960,892,2026-08-31T14:09:42+09:00,,,,,0,0
339487938,봇치·더·록! 앤솔러지 코믹 1 : 특별판 1st Extended Play,봇치·더·록! 앤솔러지 코믹 1 : 특별판 1st Extended Play,,,- 초판한정 일러스트 카드 + 홀로그램 일러스트 카드 2종 + 아티스트 캔뱃지 2종 + 박스 케이스,치바 사도루,대원씨아이(만화),2024-05,16200,10.0,1947,893,2026-08-31T14:09:42+09:00,,,,,0,0
399291160,우리 남동생들이 죄송합니다 9,우리 남동생들이 죄송합니다,9,,,오자키 아키라,대원씨아이(만화),2026-07,4500,,1940,894,2026-08-31T14:09:42+09:00,,,,,0,0
398016295,무서운 책 5,무서운 책,5,,- 집념,우메즈 카즈오,AK(에이케이)커뮤니케이션즈,2026-07,9000,,1905,895,2026-08-31T14:09:42+09:00,,,,,0,0
310530480,만화로 보는 일리아스,만화로 보는 일리아스,,,- 트로이의 노래,동사원형,한빛비즈,2023-02,17550,9.9,1902,896,2026-08-31T14:09:42+09:00,,,,,0,0
355888808,팔견전 20,팔견전,20,,"- 동방팔견이문, S코믹스",아베 미유키,㈜소미미디어,2025-01,6300,10.0,1851,897,2026-08-31T14:09:42+09:00,,,,,0,0
390658499,외톨이에는 익숙하니까요. 약혼자 방치 중! 3,외톨이에는 익숙하니까요. 약혼자 방치 중!,3,,,하레타 준,대원씨아이(만화),2026-04,6750,9.9,1718,898,2026-08-31T14:09:42+09:00,,,,,0,0
394841350,장송의 프리렌 6,장송의 프리렌,6,,,야마다 카네히토,학산문화사(만화),2022-03,6300,,1920,899,2026-08-31T14:09:42+09:00,,,,,0,0
353354451,네즈미의 첫사랑 1,네즈미의 첫사랑,1,,,오오세토 리쿠,학산문화사(만화),2024-12,5400,8.7,1762,900,2026-08-31T14:09:42+09:00,,,,,0,0
399451834,"신 울어라, 펜 11","신 울어라, 펜",11,,,시마모토 카즈히코,미우(대원씨아이),2026-07,9000,10.0,1615,901,2026-08-31T14:09:42+09:00,,,,,0,0
344452803,팔견전 19,팔견전,19,,"- 동방팔견이문, S코믹스",아베 미유키,㈜소미미디어,2024-08,6300,10.0,1790,902,2026-08-31T14:09:42+09:00,,,,,0,0
391834809,버그 에고 1,버그 에고,1,,"- S코믹스 /초판 한정 일러스트 카드 2종, 렌티큘러 카드",시타라 키요토,㈜소미미디어,2026-05,6300,10.0,1732,903,2026-08-31T14:09:42+09:00,,,,,0,0
301188387,나루토 Naruto 44,나루토 Naruto,44,,,키시모토 마사시,대원씨아이(만화),2009-03,4950,,1613,904,2026-08-31T14:09:42+09:00,,,,,0,0
335330575,팔견전 18,팔견전,18,,"- 동방팔견이문, S코믹스",아베 미유키,㈜소미미디어,2024-03,6300,6.8,1726,905,2026-08-31T14:09:42+09:00,,,,,0,0
399449527,사망 유희로 밥을 먹는다. 5,사망 유희로 밥을 먹는다.,5,,- 만화,반자이 코토부키 다이엔카이,오팬스코믹,2026-07,6300,,1585,906,2026-08-31T14:09:42+09:00,,,,,0,0
396658751,위치 워치 WITCH WATCH 23,위치 워치 WITCH WATCH,23,,- 역시 사랑이었어,시노하라 켄타,대원씨아이(만화),2026-06,5400,9.9,1660,907,2026-08-31T14:09:42+09:00,,,,,0,0
386453675,아오노 군에게 닿고 싶으니까 죽고 싶어 13,아오노 군에게 닿고 싶으니까 죽고 싶어,13,,,시이나 우미,대원씨아이(만화),2026-02,4950,9.6,1739,908,2026-08-31T14:09:42+09:00,,,,,0,0
394027566,블리치 리믹스 16,블리치 리믹스,16,,,쿠보 타이토,서울미디어코믹스(서울문화사),2026-05,10800,9.6,1685,909,2026-08-31T14:09:42+09:00,,,,,0,0
333361531,길가메쉬,길가메쉬,,,,옌스 하르더,마르코폴로,2024-02,18000,9.7,1630,910,2026-08-31T14:09:42+09:00,,,,,0,0
398811124,사장과 술과 별 3,사장과 술과 별,3,,,즈리 키시,대원씨아이(만화),2026-07,5850,,1640,911,2026-08-31T14:09:42+09:00,,,,,0,0
396097455,장송의 프리렌 5,장송의 프리렌,5,,,야마다 카네히토,학산문화사(만화),2026-06,6300,,1740,912,2026-08-31T14:09:42+09:00,,,,,0,0
306776958,아인 14,아인,14,,,사쿠라이 가몬,학산문화사(만화),2019-11,5400,,1572,913,2026-08-31T14:09:42+09:00,,,,,0,0
372547860,카구라바치 7,카구라바치,7,,,호카조노 타케루,대원씨아이(만화),2025-09,5850,,1645,914,2026-08-31T14:09:42+09:00,,,,,0,0
391173655,우리 길드 아이돌 3,우리 길드 아이돌,3,,,꼬보,네이버웹툰,2026-06,16020,,1608,915,2026-08-31T14:09:42+09:00,,,,,0,0
391172975,우리 길드 아이돌 1,우리 길드 아이돌,1,,,꼬보,네이버웹툰,2026-06,16020,,1602,916,2026-08-31T14:09:42+09:00,,,,,0,0
391173129,우리 길드 아이돌 2,우리 길드 아이돌,2,,,꼬보,네이버웹툰,2026-06,16020,,1596,917,2026-08-31T14:09:42+09:00,,,,,0,0
300076543,나루토 Naruto 50,나루토 Naruto,50,,,키시모토 마사시,대원씨아이(만화),2010-06,4950,6.0,1503,918,2026-08-31T14:09:42+09:00,,,,,0,0
396652918,마루는 강쥐 9 (특별판),마루는 강쥐,9,특별판,- 완결 /초판 한정 작가 친필 사인 인쇄본 + 초판 한정 표지 일러스트 엽서 + 북케이스 + 아크릴 스탠드,모죠,문페이스,2026-08,32400,,1545,919,2026-08-31T14:09:42+09:00,,,,,0,0
342128566,주말엔 숲으로,주말엔 숲으로,,,,마스다 미리,이봄,2024-06,11700,9.3,1588,920,2026-08-31T14:09:42+09:00,,,,,0,0
387254198,블리치 리믹스 15,블리치 리믹스,15,,,쿠보 타이토,서울미디어코믹스(서울문화사),2026-02,10800,9.5,1551,921,2026-08-31T14:09:42+09:00,,,,,0,0
332268158,진격의 거인 17,진격의 거인,17,,,이사야마 하지메,학산문화사(만화),2015-09,5400,6.0,1446,922,2026-08-31T14:09:42+09:00,,,,,0,0
321321957,진격의 거인 16,진격의 거인,16,,,이사야마 하지메,학산문화사(만화),2015-05,5400,8.0,1446,923,2026-08-31T14:09:42+09:00,,,,,0,0
396091175,향기로운 꽃은 늠름하게 핀다 14,향기로운 꽃은 늠름하게 핀다,14,,,미카미 사카,대원씨아이(만화),2026-06,6300,,1380,924,2026-08-31T14:09:42+09:00,,,,,0,0
322947468,아인 13,아인,13,,,사쿠라이 가몬,학산문화사(만화),2019-03,5400,,1541,925,2026-08-31T14:09:42+09:00,,,,,0,0
389359455,그리스 로마 신화를 한 번도 안 읽어볼 수는 없잖아,그리스 로마 신화를 한 번도 안 읽어볼 수는 없잖아,,,,Team. StoryG,oldstairs(올드스테어즈),2026-04,21600,,1416,926,2026-08-31T14:09:42+09:00,,,,,0,0
388016407,정반대의 너와 나 8,정반대의 너와 나,8,,- 완결,아가사와 코챠,학산문화사(만화),2026-03,5400,10.0,1494,927,2026-08-31T14:09:42+09:00,,,,,0,0
337798928,새디스틱 뷰티 : 외전 A,새디스틱 뷰티 : 외전 A,,,,우연희,봄툰,2024-01,16200,10.0,1427,928,2026-08-31T14:09:42+09:00,,,,,0,0
379966277,배가본드 1,배가본드,1,,,이노우에 타케히코,학산문화사(만화),2011-06,6300,10.0,1348,929,2026-08-31T14:09:42+09:00,,,,,0,0
400224536,딸이 아니라 나를 좋아한다고?! 4,딸이 아니라 나를 좋아한다고?!,4,,- S코믹스,아즈마 텟신,㈜소미미디어,2026-08,6300,,1480,930,2026-08-31T14:09:42+09:00,,,,,0,0
397363079,백조 무덤 1,백조 무덤,1,,- 만화,앤트스튜디오,디앤씨미디어(주)(D&C미디어),2026-08,14400,,1370,931,2026-08-31T14:09:42+09:00,,,,,0,0
399782226,폭력 만세 3,폭력 만세,3,,,나다이니시,학산문화사(만화),2026-08,6300,,1320,932,2026-08-31T14:09:42+09:00,,,,,0,0
329904871,진격의 거인 12,진격의 거인,12,,,이사야마 하지메,학산문화사(만화),2014-01,5400,,1312,933,2026-08-31T14:09:42+09:00,,,,,0,0
318149027,베르세르크 11,베르세르크,11,,,미우라 켄타로,대원씨아이(만화),2000-04,4950,,1418,934,2026-08-31T14:09:42+09:00,,,,,0,0
331073570,진격의 거인 11,진격의 거인,11,,,이사야마 하지메,학산문화사(만화),2013-09,5400,,1258,935,2026-08-31T14:09:42+09:00,,,,,0,0
332459969,아인 11,아인,11,,,사쿠라이 가몬,학산문화사(만화),2017-12,5400,,1373,936,2026-08-31T14:09:42+09:00,,,,,0,0
399782322,매리지 톡신 15,매리지 톡신,15,,,쥬 먀쿠,학산문화사(만화),2026-08,5400,10.0,1190,937,2026-08-31T14:09:42+09:00,,,,,0,0
398811243,힛 미 하드 1 (특별판),힛 미 하드,1,특별판,- 패키지 박스 + 엽서 1종 + 렌티큘러 엽서 1종 + 포토카드 3종 + 아크릴 스탠드 1종 + 멀티 클리너 1종,,다산코믹스,2026-07,34200,10.0,1295,938,2026-08-31T14:09:42+09:00,,,,,0,0
375536744,풀 나이트 3,풀 나이트,3,,- S코믹스,야스다 카스미,㈜소미미디어,2025-11,5400,10.0,1363,939,2026-08-31T14:09:42+09:00,,,,,0,0
399452036,핑크 하트 잼 beat 2,핑크 하트 잼 beat,2,,- B愛+745,싯케,대원씨아이(만화),2026-07,5850,,1135,940,2026-08-31T14:09:42+09:00,,,,,0,0
371796628,창작자를 위한 주술 용어 사전,창작자를 위한 주술 용어 사전,,,"- 저주부터 밀교까지, 신비로운 어둠의 지식서",A&F,므큐,2025-09,19800,,1092,941,2026-08-31T14:09:42+09:00,,,,,0,0
399872446,로스타임에 작별 인사를 Home and Away,로스타임에 작별 인사를 Home and Away,,,- 라르고 맥스 Largo Max,코코미,조은세상(북두),2026-08,5400,10.0,1060,942,2026-08-31T14:09:42+09:00,,,,,0,0
399046795,도쿄대 세 자매 1,도쿄대 세 자매,1,,,이소야 유키,대원씨아이(만화),2026-07,5850,10.0,1025,943,2026-08-31T14:09:42+09:00,,,,,0,0
398811109,미열공간 6,미열공간,6,,,아오키 우메,대원씨아이(만화),2026-07,6750,,955,944,2026-08-31T14:09:42+09:00,,,,,0,0
388432928,데스 노트 Death Note 12,데스 노트 Death Note,12,,,오바 츠구미,대원씨아이(만화),2006-12,6300,,885,945,2026-08-31T14:09:42+09:00,,,,,0,0
393823551,데스 노트 Death Note 8,데스 노트 Death Note,8,,,오바 츠구미,대원씨아이(만화),2011-01,6300,,850,946,2026-08-31T14:09:42+09:00,,,,,0,0
399303583,개를 낳았다 시즌 2 : 13,개를 낳았다 시즌 2 :,13,,- 이별부터 만남까지,이선,서울미디어코믹스(서울문화사),2026-07,14400,,1000,947,2026-08-31T14:09:42+09:00,,,,,0,0
397997349,엘든 링 머나먼 틈새의 이야기 1,엘든 링 머나먼 틈새의 이야기,1,,"- 픽시하우스 /초판한정 특별부록 : 띠지, 일러스트 카드",프롬 소프트웨어,미스터블루,2026-07,7200,,940,948,2026-08-31T14:09:42+09:00,,,,,0,0
400543500,"아리스, 우주까지도 4","아리스, 우주까지도",4,,,우리노 키코,대원씨아이(만화),2026-08,6300,,830,949,2026-08-31T14:09:42+09:00,,,,,0,0
399391916,천국에서의 생활은 어떻습니까 1,천국에서의 생활은 어떻습니까,1,,,나카야마 유카리,안경낀두더지,2026-07,15120,10.0,815,950,2026-08-31T14:09:42+09:00,,,,,0,0
399462068,아머드 코어 6 루비콘의 화염 오피셜 아트북,아머드 코어 6 루비콘의 화염 오피셜 아트북,,,,,미스터블루,2026-08,39600,,825,951,2026-08-31T14:09:42+09:00,,,,,0,0
400543235,악마이자 여경! 2,악마이자 여경!,2,,,안베 마사히로,대원씨아이(만화),2026-08,5850,,770,952,2026-08-31T14:09:42+09:00,,,,,0,0
399470005,창작자를 위한 판타지 용어 사전,창작자를 위한 판타지 용어 사전,,,"- 마법부터 연금술까지, 상상력을 깨우는 환상의 지식서",A&F,므큐,2026-07,19800,,775,953,2026-08-31T14:09:42+09:00,,,,,0,0
400543345,파티피플 공명 22,파티피플 공명,22,,,오가와 료,대원씨아이(만화),2026-08,4950,,770,954,2026-08-31T14:09:42+09:00,,,,,0,0
397382949,주말 내 맘대로 집밥 3,주말 내 맘대로 집밥,3,,,코무라 아유미,㈜에스엠지크리에이티브(고은문화사),2026-06,5400,,700,955,2026-08-31T14:09:42+09:00,,,,,0,0
334128695,사랑해 게임을 끝내고 싶어 4,사랑해 게임을 끝내고 싶어,4,,,도모토 유키,학산문화사(만화),2024-02,5400,,919,956,2026-08-31T14:09:42+09:00,,,,,0,0
396563354,도망을 잘 치는 도련님 22,도망을 잘 치는 도련님,22,,- 코노 모로후유 1351,마츠이 유세이,대원씨아이(만화),2026-06,5400,10.0,690,957,2026-08-31T14:09:42+09:00,,,,,0,0
399522533,렛츠고 괴기조 3,렛츠고 괴기조,3,,,View,㈜에스엠지크리에이티브(고은문화사),2026-07,5850,,665,958,2026-08-31T14:09:42+09:00,,,,,0,0
400313885,타베모노로그,타베모노로그,,,,JIU,재담,2026-08,14400,,650,959,2026-08-31T14:09:42+09:00,,,,,0,0
379966455,배가본드 34,배가본드,34,,,이노우에 타케히코,학산문화사(만화),2013-01,6300,,642,960,2026-08-31T14:09:42+09:00,,,,,0,0
398443139,데스 노트 Death Note 4,데스 노트 Death Note,4,,,오바 츠구미,대원씨아이(만화),2005-06,6300,,605,961,2026-08-31T14:09:42+09:00,,,,,0,0
400001026,사자나미 군이 가장 싫어하는 남자,사자나미 군이 가장 싫어하는 남자,,,,오기,인디고,2026-08,5850,,710,962,2026-08-31T14:09:42+09:00,,,,,0,0
400556285,꿈자리가 이상한데요?! 외전 (한정판),꿈자리가 이상한데요?! 외전,,한정판,"- 구성: 도서, SD 판 스티커, 작가 선화 및 사인 인쇄, 아크릴 누들 스토퍼, 네컷사진, 증명사진 세트, 포토카드 2종, 폴라로이드 2종",흰귀,북극여우,2026-10,39600,,730,963,2026-08-31T14:09:42+09:00,,,,,0,0
398440930,데스 노트 Death Note 7,데스 노트 Death Note,7,,,오바 츠구미,대원씨아이(만화),2022-03,6300,,575,964,2026-08-31T14:09:42+09:00,,,,,0,0
383643805,배가본드 31,배가본드,31,,,이노우에 타케히코,학산문화사(만화),2010-06,6300,,602,965,2026-08-31T14:09:42+09:00,,,,,0,0
383616336,배가본드 32,배가본드,32,,,이노우에 타케히코,학산문화사(만화),2011-02,6300,,576,966,2026-08-31T14:09:42+09:00,,,,,0,0
400653189,마도구사 달리아는 고개 숙이지 않아 7,마도구사 달리아는 고개 숙이지 않아,7,,- 시프트코믹스,스미카와 메구미,YNK MEDIA(만화),2026-08,5400,,540,967,2026-08-31T14:09:42+09:00,,,,,0,0
400224787,전생했더니 검이었습니다 Another Wish 5,전생했더니 검이었습니다 Another Wish,5,,- S코믹스,이노우에 히나코,㈜소미미디어,2026-08,6300,,540,968,2026-08-31T14:09:42+09:00,,,,,0,0
388462249,배가본드 33,배가본드,33,,,이노우에 타케히코,학산문화사(만화),2011-04,6300,,503,969,2026-08-31T14:09:42+09:00,,,,,0,0
400649593,"모험가 자격을 박탈당한 아저씨지만, 사랑하는 딸이 생겨서 느긋이 인생을 즐긴다 10","모험가 자격을 박탈당한 아저씨지만, 사랑하는 딸이 생겨서 느긋이 인생을 즐긴다",10,,- SL Comic,타다후라 후미,디앤씨미디어(주)(D&C미디어),2026-08,6300,,460,970,2026-08-31T14:09:42+09:00,,,,,0,0
400585938,버림받은 공주는 의외로 사랑받고 있다? 2,버림받은 공주는 의외로 사랑받고 있다?,2,,,아사노 아오이,대원씨아이(만화),2026-08,5850,,400,971,2026-08-31T14:09:42+09:00,,,,,0,0
396563326,"나태한 악욕귀족으로 환생한 나, 시나리오를 쳐부쉈더니~ 1","나태한 악욕귀족으로 환생한 나, 시나리오를 쳐부쉈더니~",1,,,오다 도우마,대원씨아이(만화),2026-06,5850,10.0,440,972,2026-08-31T14:09:42+09:00,,,,,0,0
400880249,파도였던 날들,파도였던 날들,,,,AJ 덩고,미메시스,2026-09,25200,,300,973,2026-08-31T14:09:42+09:00,,,,,0,0
400624765,장송의 프리렌 9,장송의 프리렌,9,,,야마다 카네히토,학산문화사(만화),2022-12,6300,,460,974,2026-08-31T14:09:42+09:00,,,,,0,0
400930279,에리스의 성배 6,에리스의 성배,6,,- S코믹스,모모야마 히나세,㈜소미미디어,2026-09,6300,,300,975,2026-08-31T14:09:42+09:00,,,,,0,0
400980601,퍼펙트 어딕션 3,퍼펙트 어딕션,3,,- B愛+753,미야마 카오루코,대원씨아이(만화),2026-08,5850,,280,976,2026-08-31T14:09:42+09:00,,,,,0,0
361704320,여학교의 별 4,여학교의 별,4,,,와야마 야마,문학동네,2025-03,7650,9.8,28559,977,2026-08-31T14:09:42+09:00,,,,,0,0
347729960,에일리언 스테이지 아트북 (특별판),에일리언 스테이지 아트북,,특별판,- 아트북 + 드로잉북,팀 포맷나인,다산코믹스,2024-09,48600,8.5,15887,978,2026-08-31T14:09:42+09:00,,,,,0,0
269056986,"빠졌어, 너에게","빠졌어, 너에게",,,,와야마 야마,문학동네,2021-04,7650,9.6,15975,979,2026-08-31T14:09:42+09:00,,,,,0,0
376840323,체인소 맨 21,체인소 맨,21,,,후지모토 타츠키,학산문화사(만화),2025-11,5400,9.1,14143,980,2026-08-31T14:09:42+09:00,,,,,0,0
360199002,히카루가 죽은 여름 5,히카루가 죽은 여름,5,,- SL Comic,모쿠모쿠렌,디앤씨미디어(주)(D&C미디어),2025-03,5850,9.8,11354,981,2026-08-31T14:09:42+09:00,,,,,0,0
350054747,원피스 109,원피스,109,,- 네 편,오다 에이치로,대원씨아이(만화),2024-10,5400,9.9,11234,982,2026-08-31T14:09:42+09:00,,,,,0,0
290886723,체인소 맨 11,체인소 맨,11,,- 1부 완결,후지모토 타츠키,학산문화사(만화),2022-03,5400,9.9,10916,983,2026-08-31T14:09:42+09:00,,,,,0,0
370794176,캐릭캐릭 체인지! Jewel Joker 주얼 조커 1,캐릭캐릭 체인지! Jewel Joker 주얼 조커,1,,,PEACH-PIT,서울미디어코믹스(서울문화사),2025-08,5850,10.0,10576,984,2026-08-31T14:09:42+09:00,,,,,0,0
366120687,히카루가 죽은 여름 6,히카루가 죽은 여름,6,,- SL Comic,모쿠모쿠렌,디앤씨미디어(주)(D&C미디어),2025-06,5850,9.8,9243,985,2026-08-31T14:09:42+09:00,,,,,0,0
242242096,까면서 보는 해부학 만화,까면서 보는 해부학 만화,,,,압듈라,한빛비즈,2020-06,16650,9.3,9281,986,2026-08-31T14:09:42+09:00,,,,,0,0
378096466,팬텀 버스터즈 5,팬텀 버스터즈,5,,- 일반판,네오쇼코,㈜소미미디어,2025-11,5850,10.0,9248,987,2026-08-31T14:09:42+09:00,,,,,0,0
366527586,열혈강호 93,열혈강호,93,,,전극진,대원씨아이(만화),2025-06,4950,9.6,9026,988,2026-08-31T14:09:42+09:00,,,,,0,0
364227299,나 혼자만 레벨업 14,나 혼자만 레벨업,14,,- 만화,장성락(REDICE STUDIO),디앤씨웹툰비즈,2025-06,14400,10.0,9011,989,2026-08-31T14:09:42+09:00,,,,,0,0
303523008,원피스 103,원피스,103,,- 해방의 전사,오다 에이치로,대원씨아이(만화),2022-10,4950,9.8,9140,990,2026-08-31T14:09:42+09:00,,,,,0,0
353809342,스파이 패밀리 14,스파이 패밀리,14,,,엔도 타츠야,학산문화사(만화),2024-12,5400,9.8,8659,991,2026-08-31T14:09:42+09:00,,,,,0,0
319537457,히카루가 죽은 여름 2,히카루가 죽은 여름,2,,- SL Comic,모쿠모쿠렌,디앤씨미디어(주)(D&C미디어),2023-07,5400,9.8,8487,992,2026-08-31T14:09:42+09:00,,,,,0,0
395358108,찍히지 않습니다 6,찍히지 않습니다,6,,"- S코믹스 /초판 한정 일러스트 카드, 폴라로이드 사진풍 카드 2종",코노시마 루카,㈜소미미디어,2026-06,6300,10.0,8105,993,2026-08-31T14:09:42+09:00,,,,,0,0
372549977,나 혼자만 레벨업 15,나 혼자만 레벨업,15,,- 만화,장성락(REDICE STUDIO),디앤씨웹툰비즈,2025-10,14400,10.0,7971,994,2026-08-31T14:09:42+09:00,,,,,0,0
360698719,봇치·더·록! 외전 히로이 키쿠리의 과음일기 2,봇치·더·록! 외전 히로이 키쿠리의 과음일기,2,,,쿠미쵸,대원씨아이(만화),2025-03,8100,10.0,7929,995,2026-08-31T14:09:42+09:00,,,,,0,0
342856068,히카루가 죽은 여름 4,히카루가 죽은 여름,4,,- SL Comic,모쿠모쿠렌,디앤씨미디어(주)(D&C미디어),2024-07,5400,9.9,7784,996,2026-08-31T14:09:42+09:00,,,,,0,0
295225480,귀멸의 칼날 22,귀멸의 칼날,22,,,고토게 코요하루,학산문화사(만화),2021-01,5400,,7567,997,2026-08-31T14:09:42+09:00,,,,,0,0
379027062,나의 히어로 아카데미아 캐릭터 팬북 컴플리트 에디션,나의 히어로 아카데미아 캐릭터 팬북 컴플리트 에디션,,,,호리코시 코헤이,서울미디어코믹스(서울문화사),2025-11,28620,9.2,7570,998,2026-08-31T14:09:42+09:00,,,,,0,0
283806419,장송의 프리렌 2,장송의 프리렌,2,,,야마다 카네히토,학산문화사(만화),2021-11,5400,9.6,7672,999,2026-08-31T14:09:42+09:00,,,,,0,0
303424817,주술회전 20,주술회전,20,,- 센다이 -연회 중반-,아쿠타미 게게,서울미디어코믹스(서울문화사),2022-10,5400,9.8,7422,1000,2026-08-31T14:09:42+09:00,,,,,0,0
400917256,마남 이치 6 (트리플 특전판),마남 이치,6,트리플 특전판,- 아크릴 일러스트 카드 2종 + 홀로그램 일러스트 카드,유사자키 시로,서울미디어코믹스(서울문화사),2026-08,6300,10.0,16800,1,2026-09-01T10:41:52+09:00,2,1,15710,1090,0,0
400315663,스파이 패밀리 17,스파이 패밀리,17,,,엔도 타츠야,학산문화사(만화),2026-08,5400,10.0,33340,2,2026-09-01T10:41:52+09:00,1,-1,32050,1290,0,0
400930743,아멜리아의 호기심 많은 로맨스 3,아멜리아의 호기심 많은 로맨스,3,,"- 루나 코믹스, 초판 한정 투명 pet 포토카드 1종, 양면 일러스트 카드 1종, PET 사원증 1종",코하쿠 요루,㈜소미미디어,2026-09,6300,,14620,3,2026-09-01T10:41:52+09:00,3,0,13100,1520,0,0
400652795,스킵과 로퍼 12,스킵과 로퍼,12,,- 시프트코믹스,타카마츠 미사키,YNK MEDIA(만화),2026-08,5400,10.0,29560,4,2026-09-01T10:41:52+09:00,4,0,28280,1280,0,0
400365190,사카모토 데이즈 27 (더블 특전판),사카모토 데이즈,27,더블 특전판,"- 자긍심, 초판 한정 띠지 + 일러스트 포스트 카드 + 일러스트 레이어 카드",스즈키 유우토,대원씨아이(만화),2026-08,5850,10.0,32590,5,2026-09-01T10:41:52+09:00,5,0,31790,800,0,0
400710266,야마다 군과 Lv999의 사랑을 하다 8,야마다 군과 Lv999의 사랑을 하다,8,,"- 초판 한정 특전 : 띠지, 일러스트 카드, 폴라로이드 카드",마시로,디앤씨미디어(주)(D&C미디어),2026-09,7200,10.0,17460,6,2026-09-01T10:41:52+09:00,6,0,17780,-320,0,0
400909479,킹덤 Kingdom 78,킹덤 Kingdom,78,,,하라 야스히사,대원씨아이(만화),2026-08,5400,,8480,7,2026-09-01T10:41:52+09:00,9,2,7620,860,0,0
400587114,봇치·더·록! 외전 히로이 키쿠리의 과음일기 6,봇치·더·록! 외전 히로이 키쿠리의 과음일기,6,,- 띠지 + 초판한정 일러스트 포토 카드 1종,쿠미쵸,대원씨아이(만화),2026-08,8100,,31630,8,2026-09-01T10:41:52+09:00,7,-1,32280,-650,0,0
399974125,타몬 군 지금 어느 쪽?! 13 (한정판),타몬 군 지금 어느 쪽?!,13,한정판,- 후쿠하라 타몬 2nd 사진집 + 후쿠하라 타몬 사인 포토카드 + 일러스트 카드,시와스 유키,학산문화사(만화),2026-08,12600,10.0,20900,9,2026-09-01T10:41:52+09:00,11,2,20520,380,0,0
400246381,황천의 츠가이 12 (더블특전판),황천의 츠가이,12,더블특전판,- 초판한정 : 일러스트 포스트카드 1종 + 일러스트 pp카드 1종,아라카와 히로무,대원씨아이(만화),2026-08,5850,10.0,15430,10,2026-09-01T10:41:52+09:00,10,0,15330,100,0,0
400710167,야마다 군과 Lv999의 사랑을 하다 8 (특별판),야마다 군과 Lv999의 사랑을 하다,8,특별판,"- 특별판 한정 특전 : 일반판 초판 특전, 틴케이스, 특별판 한정 엽서 4종 세트, 키캡 키링",마시로,디앤씨미디어(주)(D&C미디어),2026-09,23400,10.0,18150,11,2026-09-01T10:41:52+09:00,8,-3,18240,-90,0,0
399539936,명탐정 코난 108,명탐정 코난,108,,,아오야마 고쇼,서울미디어코믹스(서울문화사),2026-07,5400,9.8,23775,12,2026-09-01T10:41:52+09:00,12,0,24335,-560,0,0
397412056,책이라면 팔 만큼 1,책이라면 팔 만큼,1,,,코지마 아오,미우(대원씨아이),2026-07,11700,9.6,23870,13,2026-09-01T10:41:52+09:00,13,0,22990,880,0,0
400736391,엄마가 도망갔다,엄마가 도망갔다,,,,소복이,나무의말,2026-09,17820,10.0,9860,14,2026-09-01T10:41:52+09:00,23,9,7240,2620,0,0
401063905,블리치 리믹스 17,블리치 리믹스,17,,,쿠보 타이토,서울미디어코믹스(서울문화사),2026-08,10800,,12380,15,2026-09-01T10:41:52+09:00,19,4,7750,4630,0,0
400315752,디그 잇 3 (더블특전판),디그 잇,3,더블특전판,- 수량 한정 더블 특전 : 비주얼 보드 + 스포츠 선수 카드,Yoshidamaru,학산문화사(만화),2026-08,6300,,17860,16,2026-09-01T10:41:52+09:00,20,4,17610,250,0,0
400547759,모모세 아키라의 첫사랑 파탄 중 6 (트리플 특전판),모모세 아키라의 첫사랑 파탄 중,6,트리플 특전판,- 스페셜 아크릴 일러스트 카드 1종 + 양면 일러스트 카드 2종,하레카와 신타,서울미디어코믹스(서울문화사),2026-08,6750,10.0,14580,17,2026-09-01T10:41:52+09:00,17,0,13870,710,0,0
400586243,단다단 21,단다단,21,,,타츠 유키노부,대원씨아이(만화),2026-08,5400,10.0,11400,18,2026-09-01T10:41:52+09:00,15,-3,10770,630,0,0
400707875,언니의 미도리 군 9,언니의 미도리 군,9,,,메구로 아무,대원씨아이(만화),2026-08,4950,,6630,19,2026-09-01T10:41:52+09:00,14,-5,6310,320,0,0
391764120,포켓몬 생태도감,포켓몬 생태도감,,,,주식회사 포켓몬,대원씨아이(단행본),2026-04,13500,10.0,73516,20,2026-09-01T10:41:52+09:00,16,-4,75572,-2056,0,0
400909443,창천항로 애장판 4,창천항로 애장판,4,,,킹곤타,대원씨아이(만화),2026-08,16200,,4520,21,2026-09-01T10:41:52+09:00,24,3,4210,310,0,0
400713407,이세계 삼촌 14,이세계 삼촌,14,,"- 픽시하우스, 초판한정 특별부록 : 일러스트 카드 + 띠지",호톤도신데이루,데이즈엔터(주),2026-09,7200,,7410,22,2026-09-01T10:41:52+09:00,21,-1,6440,970,0,0
400980916,꿈인지 생시인지 4,꿈인지 생시인지,4,,,사키사카 이오,대원씨아이(만화),2026-08,5850,,4400,23,2026-09-01T10:41:52+09:00,28,5,4110,290,0,0
400856630,나나 NANA 완전판 12,나나 NANA 완전판,12,,"- 초판 한정 PP엽서 1종, 포토카드 1종",야자와 아이,학산문화사(만화),2026-08,10800,,4900,24,2026-09-01T10:41:52+09:00,18,-6,5120,-220,0,0
400977703,나의 첫 섹파 2,나의 첫 섹파,2,,,유리카와,재담,2026-08,6300,,4720,25,2026-09-01T10:41:52+09:00,26,1,4530,190,0,0
399973794,봄의 폭풍과 몬스터 9,봄의 폭풍과 몬스터,9,,,미츠바치 미유키,학산문화사(만화),2026-08,6300,10.0,15080,26,2026-09-01T10:41:52+09:00,22,-4,15140,-60,0,0
400708725,3월의 벽력 2,3월의 벽력,2,,,이케 준코,대원씨아이(만화),2026-08,5400,,7380,27,2026-09-01T10:41:52+09:00,25,-2,7020,360,0,0
401047773,야화첩 8,야화첩,8,,"- 초판 한정: 띠지, 포토카드 1종, PET 책갈피 1종",변덕,레진코믹스(레진엔터테인먼트),2026-08,14400,,4230,28,2026-09-01T10:41:52+09:00,34,6,3610,620,0,0
395946461,원피스 114,원피스,114,,- 초판한정 띠지 + 일러스트 카드 1종,오다 에이치로,대원씨아이(만화),2026-06,5850,10.0,43555,29,2026-09-01T10:41:52+09:00,30,1,43875,-320,0,0
400544318,마법소녀를 동경해서 7 (더블특전판),마법소녀를 동경해서,7,더블특전판,- 띠지 + 초판한정 일러스트 카드 1종 + 더블특전 SD 스티커,오노나카 아키히로,대원씨아이(만화),2026-08,6750,,11320,30,2026-09-01T10:41:52+09:00,29,-1,11030,290,0,0
401009364,소드 아트 온라인 29,소드 아트 온라인,29,,- J Novel,카와하라 레키,서울문화사,2026-08,7200,,5550,31,2026-09-01T10:41:52+09:00,36,5,5060,490,0,0
401049295,야화첩 9,야화첩,9,,"- 초판 한정: 띠지, 포토카드 2종",변덕,레진코믹스(레진엔터테인먼트),2026-08,14400,,3980,32,2026-09-01T10:41:52+09:00,38,6,3400,580,0,0
400714329,패배 히로인이 너무 많아! 8.5,패배 히로인이 너무 많아! 8.5,,,"- Novel Engine, 초판한정 특별부록 : 띠지 + 일러스트 카드",아마모리 타키비,데이즈엔터(주),2026-09,7200,,9770,33,2026-09-01T10:41:52+09:00,32,-1,8910,860,0,0
399975177,GACHIAKUTA 18,GACHIAKUTA,18,,,케이 우라나,학산문화사(만화),2026-08,6300,,8500,34,2026-09-01T10:41:52+09:00,27,-7,8810,-310,0,0
396103290,패밀리 레스토랑 가자. 下,패밀리 레스토랑 가자. 下,,,- 완결,와야마 야마,문학동네,2026-06,7650,9.8,62435,35,2026-09-01T10:41:52+09:00,40,5,62045,390,0,0
400930547,Myther 3,Myther,3,,- S코믹스,야츠다 테키,㈜소미미디어,2026-09,7200,,3490,36,2026-09-01T10:41:52+09:00,43,7,3050,440,0,0
399974955,GACHIAKUTA 18 (한정판),GACHIAKUTA,18,한정판,"- 아크릴 디오라마 + 빅스티커 SET(5매) + 스페셜 비주얼 보드, 포토카드SET(4매) + 일러스트 카드(일반판 부록과 동일) + 아웃박스",케이 우라나,학산문화사(만화),2026-08,39600,,10410,37,2026-09-01T10:41:52+09:00,31,-6,11020,-610,0,0
401063751,요괴소년 호야 완전판 4,요괴소년 호야 완전판,4,,,후지타 카즈히로,서울미디어코믹스(서울문화사),2026-08,14400,,3660,38,2026-09-01T10:41:52+09:00,53,15,3010,650,0,0
398738362,헬싱 한정판 1~5 세트 - 전5권,헬싱 한정판 1~5 세트 - 전5권,,,,히라노 코우타,AK(에이케이)커뮤니케이션즈,2026-08,67500,9.9,16620,39,2026-09-01T10:41:52+09:00,33,-6,16565,55,0,0
395510885,슈퍼 뒤에서 담배 피우는 두 사람 8,슈퍼 뒤에서 담배 피우는 두 사람,8,,- SL Comic,지누시,디앤씨미디어(주)(D&C미디어),2026-06,6300,9.9,12710,40,2026-09-01T10:41:52+09:00,39,-1,12605,105,0,0
400594188,노아 선배는 친구 10,노아 선배는 친구,10,,,아키야마 엔마,서울미디어코믹스(서울문화사),2026-08,5850,,6780,41,2026-09-01T10:41:52+09:00,37,-4,6790,-10,0,0
400707954,블루 자이언트 모멘텀 7,블루 자이언트 모멘텀,7,,,이시즈카 신이치,대원씨아이(만화),2026-08,5850,,4440,42,2026-09-01T10:41:52+09:00,41,-1,4190,250,0,0
400980854,현시연 신장판 1,현시연 신장판,1,,,키오 시모쿠,대원씨아이(만화),2026-08,13500,10.0,3040,43,2026-09-01T10:41:52+09:00,44,1,3120,-80,0,0
400544538,비실비실 선생님 16,비실비실 선생님,16,,- 띠지 + 초판한정 일러스트 폴라로이드 카드 1종,후쿠치 카미오,대원씨아이(만화),2026-08,5850,10.0,11300,44,2026-09-01T10:41:52+09:00,35,-9,11220,80,0,0
395945176,나츠메 우인장 32,나츠메 우인장,32,,,미도리카와 유키,학산문화사(만화),2026-06,5400,8.4,12840,45,2026-09-01T10:41:52+09:00,51,6,13440,-600,0,0
400328644,요리 군과 다시 만날 수는 없어! 2,요리 군과 다시 만날 수는 없어!,2,,"- 초판 한정 특전 : 일러스트 카드, 접이식 아크릴 스탠드",Sumio Hataya,서울미디어코믹스(서울문화사),2026-08,5850,,9330,46,2026-09-01T10:41:52+09:00,47,1,9520,-190,0,0
400545480,전지적 독자 시점 20,전지적 독자 시점,20,,- 초판 한정 캐릭터 카드 1종 + 특전 엽서 1종,슬리피-C,에이템포미디어,2026-08,14850,,8330,47,2026-09-01T10:41:52+09:00,45,-2,8480,-150,0,0
399925336,팬텀 버스터즈 7,팬텀 버스터즈,7,,- S코믹스,네오쇼코,㈜소미미디어,2026-08,5850,10.0,17010,48,2026-09-01T10:41:52+09:00,42,-6,17330,-320,0,0
396653507,마루는 강쥐 9,마루는 강쥐,9,,- 초판 한정 작가 친필 사인 인쇄본 + 초판 한정 표지 일러스트 엽서,모죠,문페이스,2026-08,14400,,6630,49,2026-09-01T10:41:52+09:00,56,7,6555,75,0,0
400707805,담배 고양이 6,담배 고양이,6,,,냥냥 팩토리,대원씨아이(만화),2026-08,5400,,3950,50,2026-09-01T10:41:52+09:00,46,-4,4010,-60,0,0
399583956,명탐정 코난 108 (특장판),명탐정 코난,108,특장판,- 극장판 [하이웨이의 타천사] 티저 일러스트 아크릴 스탠드 + 어나더 커버 + 트레이딩 그래픽 컬렉션 카드 8종 중 랜덤 4종,아오야마 고쇼,서울미디어코믹스(서울문화사),2026-07,19800,10.0,17505,51,2026-09-01T10:41:52+09:00,50,-1,17900,-395,0,0
399973871,옆자리 녀석이 그런 눈으로 쳐다본다 4 (더블특전판),옆자리 녀석이 그런 눈으로 쳐다본다,4,더블특전판,- 수량 한정 더블 특전 : 폴라로이드 에구치 ANGEL Ver + 이케자와 DEVIL Ver,mmk,학산문화사(만화),2026-08,6300,,9440,52,2026-09-01T10:41:52+09:00,55,3,9780,-340,0,0
400365247,이거 그리고 죽어 8,이거 그리고 죽어,8,,- 초판 한정 : 띠지 + 일러스트 엽서 1종,토요다 미노루,대원씨아이(만화),2026-08,5400,10.0,5030,53,2026-09-01T10:41:52+09:00,49,-4,4800,230,0,0
398419129,황천의 츠가이 11 (더블특전판),황천의 츠가이,11,더블특전판,,아라카와 히로무,대원씨아이(만화),2026-07,5850,9.8,11115,54,2026-09-01T10:41:52+09:00,54,0,11070,45,0,0
396141385,사카모토 데이즈 26 (더블 특전판),사카모토 데이즈,26,더블 특전판,- 원정 / 띠지 + 일러스트 포스트 카드 + 사카모토 상점 양면 어나더커버,스즈키 유우토,대원씨아이(만화),2026-06,5850,9.2,23225,55,2026-09-01T10:41:52+09:00,62,7,23315,-90,0,0
400652816,블루 피리어드 7 (더블 특전판),블루 피리어드,7,더블 특전판,"- 초판 한정 일러스트 카드 1종 + 박티켓 책갈피 1종, 시프트코믹스",야마구치 츠바사,YNK MEDIA(만화),2026-08,5400,,4130,56,2026-09-01T10:41:52+09:00,60,4,3850,280,0,0
400647677,아이돌라트리 1,아이돌라트리,1,,- 초판 한정 띠지 + 일러스트 pet 카드 1종,호마레,대원씨아이(만화),2026-08,6300,,3720,57,2026-09-01T10:41:52+09:00,64,7,3390,330,0,0
400856525,애프터 갓 10,애프터 갓,10,,,에노 스미,대원씨아이(만화),2026-08,5400,10.0,2690,58,2026-09-01T10:41:52+09:00,61,3,2270,420,0,0
400594291,유치원WARS 17,유치원WARS,17,,"- 초판특전: 아크릴 일러스트 카드, 더그 일러스트 카드",You Chiba,서울미디어코믹스(서울문화사),2026-08,5400,10.0,5740,59,2026-09-01T10:41:52+09:00,48,-11,5950,-210,0,0
400910174,이력서 3,이력서,3,,,유월,블루픽,2026-08,14220,10.0,3180,60,2026-09-01T10:41:52+09:00,66,6,2570,610,0,0
400878309,온통 여우 1,온통 여우,1,,- 초판 한정 특전 : 일러스트 카드 2종,Ayami Morinaga,서울미디어코믹스(서울문화사),2026-08,6750,10.0,2540,61,2026-09-01T10:41:52+09:00,59,-2,2350,190,0,0
400707957,여우 우리군 1 (특장판),여우 우리군,1,특장판,"- B愛 341, 일러스트 카드 5종(초회 한정 일러스트 카드 1종 포함) + 클리어 스탠드 + 스티커 + 폴라로이드형 포토카드 + 어나더 커버 + 별도 박스 포장",네아,대원씨아이(만화),2026-08,16200,10.0,3380,62,2026-09-01T10:41:52+09:00,57,-5,3070,310,0,0
399974190,타몬 군 지금 어느 쪽?! 13,타몬 군 지금 어느 쪽?!,13,,- 수량 한정 특전 : 일러스트 카드,시와스 유키,학산문화사(만화),2026-08,6300,10.0,5730,63,2026-09-01T10:41:52+09:00,63,0,5780,-50,0,0
400662227,첫사랑은 나의 오빠 2,첫사랑은 나의 오빠,2,,,카스미 유코,서울미디어코믹스(서울문화사),2026-08,5850,,3880,64,2026-09-01T10:41:52+09:00,58,-6,4120,-240,0,0
401041190,참을 수 없는 건 사랑인 걸까 6,참을 수 없는 건 사랑인 걸까,6,,,소라하나 미아,대원씨아이(만화),2026-08,5850,,2270,65,2026-09-01T10:41:52+09:00,79,14,1740,530,0,0
400930515,뒤에 있는 카무이 씨 1,뒤에 있는 카무이 씨,1,,- S코믹스 Red,코노시로 신코,㈜소미미디어,2026-09,6300,,2440,66,2026-09-01T10:41:52+09:00,88,22,1720,720,0,0
394695719,옆자리 녀석이 그런 눈으로 쳐다본다 3 (더블특전판),옆자리 녀석이 그런 눈으로 쳐다본다,3,더블특전판,- 수량 한정 더블 특전: 포토카드 + 증명사진,mmk,학산문화사(만화),2026-06,6300,9.4,6920,67,2026-09-01T10:41:52+09:00,69,2,7125,-205,0,0
401041191,너를 잊을 사랑이 하고 싶어 7,너를 잊을 사랑이 하고 싶어,7,,,유우키 하루,대원씨아이(만화),2026-08,5850,,2190,68,2026-09-01T10:41:52+09:00,75,7,1990,200,0,0
400647778,이토준지 자선 걸작집 Dark Colors,이토준지 자선 걸작집 Dark Colors,,,,이토 준지,미우(대원씨아이),2026-08,17100,5.0,5430,69,2026-09-01T10:41:52+09:00,52,-17,5470,-40,0,0
400653146,세금으로 산 책 3,세금으로 산 책,3,,- 시프트코믹스,케이야마 케이,YNK MEDIA(만화),2026-08,5850,,2830,70,2026-09-01T10:41:52+09:00,65,-5,2980,-150,0,0
399782162,흑집사 35,흑집사,35,,,토보소 야나,학산문화사(만화),2026-08,5400,,9060,71,2026-09-01T10:41:52+09:00,68,-3,9100,-40,0,0
236826464,소년과 두더지와 여우와 말,소년과 두더지와 여우와 말,,,,찰리 맥커시,상상의힘,2020-04,19800,9.5,60936,72,2026-09-01T10:41:52+09:00,85,13,60660,276,0,0
400668931,커다란 네가 제일 귀여워 (한정판),커다란 네가 제일 귀여워,,한정판,"- 일러스트 메모패드, 작가님 사인 포토카드 2종, 빅 클리어 카드 2종, 일러스트 카드, 라르고 맥스 Largo Max",유키하루,조은세상(북두),2026-08,9900,10.0,3110,73,2026-09-01T10:41:52+09:00,72,-1,2810,300,0,0
396452830,원펀맨 One Punch Man 35,원펀맨 One Punch Man,35,,- 만나서는 안 될 녀석,ONE,대원씨아이(만화),2026-06,5400,9.5,16395,74,2026-09-01T10:41:52+09:00,77,3,16305,90,0,0
398309482,요리 군과 다시 만날 수는 없어! 1,요리 군과 다시 만날 수는 없어!,1,,"- 초판 한정 특전 : 양면 일러스트 카드, 접이식 아크릴 스탠드",Sumio Hataya,서울미디어코믹스(서울문화사),2026-07,5850,,9915,75,2026-09-01T10:41:52+09:00,71,-4,10185,-270,0,0
400653323,세금으로 산 책 4,세금으로 산 책,4,,- 시프트코믹스,케이야마 케이,YNK MEDIA(만화),2026-08,5850,,2590,76,2026-09-01T10:41:52+09:00,70,-6,2730,-140,0,0
400856659,눈이 나려 꽃 26,눈이 나려 꽃,26,,,임해연,학산문화사(만화),2026-08,7200,,1980,77,2026-09-01T10:41:52+09:00,73,-4,1840,140,0,0
401009459,유감스러운 사랑의 주인공들 1,유감스러운 사랑의 주인공들,1,,,아와이 키사키,서울미디어코믹스(서울문화사),2026-08,5850,10.0,1830,78,2026-09-01T10:41:52+09:00,83,5,1620,210,0,0
388083662,슈퍼 뒤에서 담배 피우는 두 사람 7,슈퍼 뒤에서 담배 피우는 두 사람,7,,- SL Comic,지누시,디앤씨미디어(주)(D&C미디어),2026-03,5850,9.3,12066,79,2026-09-01T10:41:52+09:00,94,15,11826,240,0,0
400543400,그랑블루 26,그랑블루,26,,,요시오카 키미타게,대원씨아이(만화),2026-08,4950,,3220,80,2026-09-01T10:41:52+09:00,78,-2,3240,-20,0,0
395444608,장송의 프리렌 15,장송의 프리렌,15,,,야마다 카네히토,학산문화사(만화),2026-06,6300,9.7,15785,81,2026-09-01T10:41:52+09:00,99,18,15480,305,0,0
389928857,옆자리 녀석이 그런 눈으로 쳐다본다 2,옆자리 녀석이 그런 눈으로 쳐다본다,2,,,mmk,학산문화사(만화),2026-04,6300,10.0,6026,82,2026-09-01T10:41:52+09:00,87,5,6183,-157,0,0
400921125,사망 엔딩에서 벗어난 미연시의 히로인들이 내 【일기장】을 읽고 비밀을 알아챈 듯하다 1,사망 엔딩에서 벗어난 미연시의 히로인들이 내 【일기장】을 읽고 비밀을 알아챈 듯하다,1,,- S Novel,addict,㈜소미미디어,2026-09,7650,,2490,83,2026-09-01T10:41:52+09:00,104,21,2130,360,0,0
290886787,룩 백,룩 백,,,,후지모토 타츠키,학산문화사(만화),2022-03,5400,9.5,35460,84,2026-09-01T10:41:52+09:00,116,32,35172,288,0,0
400647796,이토준지 자선 걸작집 왜곡,이토준지 자선 걸작집 왜곡,,,,이토 준지,미우(대원씨아이),2026-08,14400,6.0,4070,85,2026-09-01T10:41:52+09:00,67,-18,4210,-140,0,0
400585881,귀여운 건 나다 3,귀여운 건 나다,3,,,야스코,대원씨아이(만화),2026-08,6300,,2950,86,2026-09-01T10:41:52+09:00,91,5,2920,30,0,0
375360802,44교시 생존수업 1~2 세트 - 전2권,44교시 생존수업 1~2 세트 - 전2권,,,,상C,네이버웹툰,2025-12,28800,10.0,2624,87,2026-09-01T10:41:52+09:00,82,-5,2664,-40,0,0
400922115,순정 갸루는 여친은 아니지만,순정 갸루는 여친은 아니지만,,,- S 블랙,미우라 미우,㈜소미미디어,2026-09,9000,,2270,88,2026-09-01T10:41:52+09:00,103,15,2140,130,0,0
398962987,주술회전 모듈로 1,주술회전 모듈로,1,,- 특급 사안 /초판 한정 캐릭터 일러스트 카드 3종 + 선착순 한정 포토카드 1종,Yuji Iwasaki,서울미디어코믹스(서울문화사),2026-07,6300,9.0,25605,89,2026-09-01T10:41:52+09:00,86,-3,25805,-200,0,0
396369059,향기로운 꽃은 늠름하게 핀다 21,향기로운 꽃은 늠름하게 핀다,21,,- 띠지 + 초판한정 일러스트 엽서 1종,미카미 사카,대원씨아이(만화),2026-06,6300,,13115,90,2026-09-01T10:41:52+09:00,80,-10,13500,-385,0,0
395840340,마남 이치 5 (트리플 특전판),마남 이치,5,트리플 특전판,- 홀로그램 일러스트 카드 2종 + 캐릭터 일러스트 카드,유사자키 시로,서울미디어코믹스(서울문화사),2026-06,6300,9.5,12535,91,2026-09-01T10:41:52+09:00,81,-10,12800,-265,0,0
369848536,슈퍼 뒤에서 담배 피우는 두 사람 6,슈퍼 뒤에서 담배 피우는 두 사람,6,,- SL Comic,지누시,디앤씨미디어(주)(D&C미디어),2025-08,5850,10.0,10648,92,2026-09-01T10:41:52+09:00,100,8,10496,152,0,0
400708280,발화 2,발화,2,,- 초판1쇄 한정 포토카드 2종,영재영,레진코믹스(레진엔터테인먼트),2026-08,15300,10.0,2910,93,2026-09-01T10:41:52+09:00,96,3,2560,350,0,0
400981192,엇갈리는 중앙감정선,엇갈리는 중앙감정선,,,- 시무라 타카코 단편집,시무라 타카코,문학동네,2026-08,9000,,1480,94,2026-09-01T10:41:52+09:00,106,12,1370,110,0,0
399580240,엄마를 만나러 가는 길 3,엄마를 만나러 가는 길,3,,- 초판 한정 부록: 포토카드 2장 + 작가님 친필사인 면지 인쇄본,고먕,네이버웹툰,2026-10,16020,,7585,95,2026-09-01T10:41:52+09:00,95,0,8170,-585,0,0
399782210,운명의 사람을 만나는 이야기 8,운명의 사람을 만나는 이야기,8,,,아나신,학산문화사(만화),2026-08,5400,10.0,8050,96,2026-09-01T10:41:52+09:00,90,-6,8060,-10,0,0
400594114,못 미더운 악녀입니다만 : ~추궁접서 교체전~ 10,못 미더운 악녀입니다만 : ~추궁접서 교체전~,10,,,EI Ohitsuji,서울미디어코믹스(서울문화사),2026-08,6300,10.0,2670,97,2026-09-01T10:41:52+09:00,97,0,2330,340,0,0
400707990,여우 우리군 1,여우 우리군,1,,- B愛 341,네아,대원씨아이(만화),2026-08,6300,,2110,98,2026-09-01T10:41:52+09:00,92,-6,2090,20,0,0
400856516,아오아시 17,아오아시,17,,,코바야시 유고,대원씨아이(만화),2026-08,5850,,1520,99,2026-09-01T10:41:52+09:00,76,-23,1720,-200,0,0
401131950,패배 히로인이 너무 많아! @comic 5,패배 히로인이 너무 많아! @comic,5,,,이타치,재담,2026-08,6300,,1890,100,2026-09-01T10:41:52+09:00,138,38,1650,240,0,0
400958916,11번째 고양이는 네네 2,11번째 고양이는 네네,2,,,하리카모,오팬스코믹,2026-08,6300,,1580,101,2026-09-01T10:41:52+09:00,132,31,1130,450,0,0
398736065,너와 장밋빛 매일 3 (트리플 특전판),너와 장밋빛 매일,3,트리플 특전판,- 초판 한정 트리플 특전: 아크릴 일러스트 카드 + 일러스트 카드 + 폴라로이드 카드,히로 치히로,서울미디어코믹스(서울문화사),2026-07,5400,10.0,24045,102,2026-09-01T10:41:52+09:00,89,-13,24210,-165,0,0
399580402,엄마를 만나러 가는 길 4,엄마를 만나러 가는 길,4,,- 초판 한정 부록: 포토카드 2장 + 작가님 친필사인 면지 인쇄본,고먕,네이버웹툰,2026-10,16020,,7060,103,2026-09-01T10:41:52+09:00,113,10,7470,-410,0,0
384420875,원피스 113,원피스,113,,- 로키탄생,오다 에이치로,대원씨아이(만화),2026-01,5850,9.9,24917,104,2026-09-01T10:41:52+09:00,98,-6,25240,-323,0,0
388016420,스파이 패밀리 16,스파이 패밀리,16,,,엔도 타츠야,학산문화사(만화),2026-03,5400,9.7,21111,105,2026-09-01T10:41:52+09:00,110,5,20870,241,0,0
360200073,슈퍼 뒤에서 담배 피우는 두 사람 5,슈퍼 뒤에서 담배 피우는 두 사람,5,,- SL Comic,지누시,디앤씨미디어(주)(D&C미디어),2025-03,5850,9.4,11705,106,2026-09-01T10:41:52+09:00,117,11,11558,147,0,0
399290739,메이드 인 어비스 14,메이드 인 어비스,14,,,츠쿠시 아키히토,미우(대원씨아이),2026-07,7200,,5915,107,2026-09-01T10:41:52+09:00,135,28,5635,280,0,0
400585742,아메와 우미 1,아메와 우미,1,,"- S코믹스, 초판 한정 양면 일러스트 카드 2종(도서 내 래핑)",야마카타 아츠카,㈜소미미디어,2026-08,6300,10.0,2550,108,2026-09-01T10:41:52+09:00,102,-6,2680,-130,0,0
400707775,곰과 토끼는 친구로 지낼 수 없다 2,곰과 토끼는 친구로 지낼 수 없다,2,,,이누요시 아키라,대원씨아이(만화),2026-08,6300,,1750,109,2026-09-01T10:41:52+09:00,93,-16,1830,-80,0,0
400878045,온통 여우 1 (한정판),온통 여우,1,한정판,- 구성: 단행본(초판 특전 포함) + 커스텀 아크릴 키링 + 홀로그램 아크릴 일러스트 카드 + 판 스티커,Ayami Morinaga,서울미디어코믹스(서울문화사),2026-08,22500,10.0,1530,110,2026-09-01T10:41:52+09:00,74,-36,1770,-240,0,0
400856505,아오아시 16,아오아시,16,,,코바야시 유고,대원씨아이(만화),2026-08,5850,,1520,111,2026-09-01T10:41:52+09:00,84,-27,1600,-80,0,0
400878569,오컬트 타임즈 1,오컬트 타임즈,1,,- 초판 한정 : 일러스트 카드 부록 2종,Idonchi,서울미디어코믹스(서울문화사),2026-08,6300,10.0,1280,112,2026-09-01T10:41:52+09:00,115,3,1230,50,0,0
392518962,체인소 맨 23,체인소 맨,23,,,후지모토 타츠키,학산문화사(만화),2026-05,5400,9.1,16485,113,2026-09-01T10:41:52+09:00,140,27,16235,250,0,0
352187592,슈퍼 뒤에서 담배 피우는 두 사람 4,슈퍼 뒤에서 담배 피우는 두 사람,4,,- SL Comic,지누시,디앤씨미디어(주)(D&C미디어),2024-11,5400,9.8,10366,114,2026-09-01T10:41:52+09:00,123,9,10153,213,0,0
320428870,슈퍼 뒤에서 담배 피우는 두 사람 1,슈퍼 뒤에서 담배 피우는 두 사람,1,,- SL Comic,지누시,디앤씨미디어(주)(D&C미디어),2023-07,5400,9.3,10092,115,2026-09-01T10:41:52+09:00,145,30,9815,277,0,0
400150223,남편을 내 편으로 만드는 방법 5 (한정판),남편을 내 편으로 만드는 방법,5,한정판,- 단행본 + 학생 AU 아크릴 스탠드 + 떡메모지 + 파노라마 미니 포스터 4종 + 트레이딩 카드 9종 + 이스케&루비 엽서 4종 + 초판 한정 부록 엽서,시루,캐롯툰,2026-10,35820,,8260,116,2026-09-01T10:41:52+09:00,125,9,7330,930,0,0
400247736,만화 인소의 법칙 9 (한정판),만화 인소의 법칙,9,한정판,- 구성: 단행본 + 은지호 PET 스탠드 + 우주인 학생증 + 신용카드 스티커 2종 + 엽서 4종 + 미니 표지 아크릴 키링,아현,디앤씨웹툰비즈,2026-08,25200,,3990,117,2026-09-01T10:41:52+09:00,114,-3,3840,150,0,0
401041186,너를 잊을 사랑이 하고 싶어 7 (특장판),너를 잊을 사랑이 하고 싶어,7,특장판,- 단행본 + 피크 키링 + 어나더 커버 + 일러스트 카드 2종 + 포토카드 2종 + 별도 박스 포장,유우키 하루,대원씨아이(만화),2026-08,19800,10.0,1310,118,2026-09-01T10:41:52+09:00,131,13,1230,80,0,0
400909388,겁쟁이페달 95,겁쟁이페달,95,,,와타나베 와타루,대원씨아이(만화),2026-08,4950,,1380,119,2026-09-01T10:41:52+09:00,139,20,1110,270,0,0
393769452,불가항력의 I LOVE YOU 8,불가항력의 I LOVE YOU,8,,- 초판특전 : 포토카드 3종 세트,호시노 미즈키,서울미디어코믹스(서울문화사),2026-05,5400,9.7,18215,120,2026-09-01T10:41:52+09:00,111,-9,18115,100,0,0
394124358,캐릭캐릭 체인지! Jewel Joker 주얼 조커 3,캐릭캐릭 체인지! Jewel Joker 주얼 조커,3,,- 초판 특전: 아르카나 학원 아크릴 일러스트 카드,PEACH-PIT,서울미디어코믹스(서울문화사),2026-05,5850,10.0,12760,121,2026-09-01T10:41:52+09:00,112,-9,12615,145,0,0
399381869,담배 고양이 5,담배 고양이,5,,,냥냥 팩토리,대원씨아이(만화),2026-07,5400,,4455,122,2026-09-01T10:41:52+09:00,127,5,4330,125,0,0
400594187,아마 그녀는 우리 형을 노리고 있을 거야 1,아마 그녀는 우리 형을 노리고 있을 거야,1,,"- 초판 특전 양면 일러스트카드, 양면 일러스트 코스터",이세 마루노,서울미디어코믹스(서울문화사),2026-08,6300,,2260,123,2026-09-01T10:41:52+09:00,105,-18,2050,210,0,0
399402787,얼굴만으론 좋아할 수 없어요 17,얼굴만으론 좋아할 수 없어요,17,,"- 한국 한정 오리지널 일러스트 양면 커버, 초판 한정 SNS풍 주인공 커플 일러스트 카드, 졸업식 일러스트 카드",안자이 카린,서울미디어코믹스(서울문화사),2026-07,5400,,10170,124,2026-09-01T10:41:52+09:00,122,-2,10190,-20,0,0
324439898,슈퍼 뒤에서 담배 피우는 두 사람 2,슈퍼 뒤에서 담배 피우는 두 사람,2,,- SL Comic,지누시,디앤씨미디어(주)(D&C미디어),2023-09,5400,9.4,9121,125,2026-09-01T10:41:52+09:00,155,30,8944,177,0,0
398728364,마법소녀를 동경해서 6 (더블특전판),마법소녀를 동경해서,6,더블특전판,- 초판한정 : 일러스트 카드 1종 + SD 스티커 1종,오노나카 아키히로,대원씨아이(만화),2026-07,6750,,8055,126,2026-09-01T10:41:52+09:00,119,-7,8295,-240,0,0
400225135,"내가 연인이 될 수 있을 리 없잖아, 무리무리! (※무리가 아니었다?!) 8","내가 연인이 될 수 있을 리 없잖아, 무리무리! (※무리가 아니었다?!)",8,,"- S Novel+ , 초판 한정 책갈피, 쇼트스토리 소책자",미카미 테렌,㈜소미미디어,2026-08,9450,10.0,6570,127,2026-09-01T10:41:52+09:00,101,-26,6580,-10,0,0
400547001,작전명 순정 7~9 스페셜 세트 - 전3권,작전명 순정 7~9 스페셜 세트 - 전3권,,,"- 구성: 단행본 7~9권, 엽서집(양면엽서 16장), 프로필 세트(프로필 3종 + PET 포스터 2종 + 종이 홀더), 레이어 카드 2종, 아크릴 코롯토, 증명사진 팩, 도화 인터뷰집, 스페셜 패키지 박스, 초판한정 엽서",꼬까리,영진.com(영진닷컴),2026-08,79200,10.0,5660,128,2026-09-01T10:41:52+09:00,120,-8,5570,90,0,0
397904178,새벽의 연화 47,새벽의 연화,47,,,미즈호 쿠사나기,학산문화사(만화),2026-07,5400,,5435,129,2026-09-01T10:41:52+09:00,149,20,5265,170,0,0
400245347,버서스 6,버서스,6,,,아즈마 쿄타로,학산문화사(만화),2026-08,5400,,4070,130,2026-09-01T10:41:52+09:00,108,-22,4310,-240,0,0
400652779,스노우볼 어스 4,스노우볼 어스,4,,- 시프트코믹스,츠지츠구 유우히로,YNK MEDIA(만화),2026-08,5400,10.0,1790,131,2026-09-01T10:41:52+09:00,129,-2,1790,0,0,0
392518608,봄의 폭풍과 몬스터 8,봄의 폭풍과 몬스터,8,,,미츠바치 미유키,학산문화사(만화),2026-05,5400,9.6,10790,132,2026-09-01T10:41:52+09:00,118,-14,10885,-95,0,0
393546382,봇치·더·록! 외전 히로이 키쿠리의 과음일기 5,봇치·더·록! 외전 히로이 키쿠리의 과음일기,5,,,쿠미쵸,대원씨아이(만화),2026-05,8100,10.0,9330,133,2026-09-01T10:41:52+09:00,124,-9,9330,0,0,0
388852450,담배 고양이 1,담배 고양이,1,,,냥냥 팩토리,대원씨아이(만화),2026-03,5400,10.0,5743,134,2026-09-01T10:41:52+09:00,148,14,5538,205,0,0
397818232,오가미 츠미키와 기일상 7,오가미 츠미키와 기일상,7,,,모리시타 미유,학산문화사(만화),2026-07,5400,9.5,5205,135,2026-09-01T10:41:52+09:00,150,15,5155,50,0,0
400246321,황천의 츠가이 12 (특별판),황천의 츠가이,12,특별판,- 초판부록 2종 + 패키지 박스 + 운명의 쌍둥이 아크릴 스탠드 1종 + 가브리엘 아크릴 참 키링 1종+ 시그니처 포토카드 1종 + 빅 캔배지 1종 + 홀로그램 카드 2종,아라카와 히로무,대원씨아이(만화),2026-08,25650,,4870,136,2026-09-01T10:41:52+09:00,136,0,4930,-60,0,0
400229048,사토 씨의 친구,사토 씨의 친구,,,,마스다 미리,이봄,2026-08,13500,9.0,3710,137,2026-09-01T10:41:52+09:00,109,-28,3830,-120,0,0
400856423,처형당한 현자는 리치로 전생하여 침략전쟁을 시작한다 15,처형당한 현자는 리치로 전생하여 침략전쟁을 시작한다,15,,,쿠니토모 쇼타로,대원씨아이(만화),2026-08,4950,10.0,1120,138,2026-09-01T10:41:52+09:00,133,-5,1060,60,0,0
401042641,고랭순대 작품집 7,고랭순대 작품집,7,,,고랭순대,대원씨아이(만화),2026-08,13500,,1180,139,2026-09-01T10:41:52+09:00,175,36,970,210,0,0
390779612,야마다 군과 Lv999의 사랑을 하다 7,야마다 군과 Lv999의 사랑을 하다,7,,,마시로,디앤씨미디어(주)(D&C미디어),2026-04,7200,10.0,13669,140,2026-09-01T10:41:52+09:00,142,2,13468,201,0,0
336001751,슈퍼 뒤에서 담배 피우는 두 사람 3,슈퍼 뒤에서 담배 피우는 두 사람,3,,- SL Comic,지누시,디앤씨미디어(주)(D&C미디어),2024-03,5400,9.8,8671,141,2026-09-01T10:41:52+09:00,177,36,8404,267,0,0
396695591,루리 드래곤 5,루리 드래곤,5,,"- 초판특전: 일러스트 카드, 일러스트 스탠딩 POP",신도 마사오키,서울미디어코믹스(서울문화사),2026-06,5400,8.7,8475,142,2026-09-01T10:41:52+09:00,156,14,8380,95,0,0
397284418,슈퍼 러버즈 19,슈퍼 러버즈,19,,,아베 미유키,서울미디어코믹스(서울문화사),2026-07,5400,10.0,8230,143,2026-09-01T10:41:52+09:00,134,-9,8360,-130,0,0
399781349,윈드 브레이커 15~16 세트 - 전2권,윈드 브레이커 15~16 세트 - 전2권,,,"- 초판한정부록 : 일러스트카드 1종, 아코디언카드 1종",니이 사토루,리디(RIDI),2026-08,10800,10.0,7710,144,2026-09-01T10:41:52+09:00,107,-37,8040,-330,0,0
399050948,세금으로 산 책 1,세금으로 산 책,1,,- 시프트코믹스,케이야마 케이,YNK MEDIA(만화),2026-07,5850,10.0,5395,145,2026-09-01T10:41:52+09:00,126,-19,5625,-230,0,0
398869909,나나 NANA 완전판 11,나나 NANA 완전판,11,,"- 초판 한정 PP엽서 1종, 포토카드 1종",야자와 아이,학산문화사(만화),2026-07,10800,,3740,146,2026-09-01T10:41:52+09:00,137,-9,3725,15,0,0
400157314,2120,2120,,,,조지 와일솔,프시케의숲,2026-08,27000,10.0,3240,147,2026-09-01T10:41:52+09:00,128,-19,2970,270,0,0
400545629,파인더의 도피행,파인더의 도피행,,,- 뉴 루비코믹스 3165,야마네 아야노,현대지능개발사,2026-08,7830,,2090,148,2026-09-01T10:41:52+09:00,130,-18,2050,40,0,0
400707962,추방 당한 전생 중기사는 게임 지식으로 무쌍한다 12,추방 당한 전생 중기사는 게임 지식으로 무쌍한다,12,,,브로콜리,대원씨아이(만화),2026-08,5850,,1650,149,2026-09-01T10:41:52+09:00,121,-28,1660,-10,0,0
398869483,홀로서기 마왕성 12,홀로서기 마왕성,12,,,모리시타 마코토,대원씨아이(만화),2026-07,5400,9.3,1125,150,2026-09-01T10:41:52+09:00,186,36,1035,90,0,0
393688901,카구라바치 10 (트리플특전판),카구라바치,10,트리플특전판,- 초판한정 일러스트 시네마티켓 + 애니메이션 KV카드 + 검사들 일러스트카드,호카조노 타케루,대원씨아이(만화),2026-05,5850,9.8,19115,151,2026-09-01T10:41:52+09:00,176,25,18765,350,0,0
399924966,팬텀 버스터즈 7 (한정판),팬텀 버스터즈,7,한정판,"- CD 라벨풍 스티커 + CD 자켓풍 일러스트 카드 2종 + 아크릴 키링 4종, M형 티켓 + 양면 어나더 커버 + 초판 한정 일러스트 카드, S코믹스",네오쇼코,㈜소미미디어,2026-08,27000,,14040,152,2026-09-01T10:41:52+09:00,141,-11,13920,120,0,0
398867421,찍히지 않습니다 7,찍히지 않습니다,7,,"- S코믹스 /초판 한정 일러스트 카드, 폴라로이드 사진풍 카드 2종",코노시마 루카,㈜소미미디어,2026-08,6300,10.0,10315,153,2026-09-01T10:41:52+09:00,144,-9,10335,-20,0,0
394045519,아멜리아의 호기심 많은 로맨스 2,아멜리아의 호기심 많은 로맨스,2,,- 루나 코믹스,코하쿠 요루,㈜소미미디어,2026-06,6300,10.0,9145,154,2026-09-01T10:41:52+09:00,163,9,9105,40,0,0
398727110,봇치·더·록! 앤솔러지 코믹 6,봇치·더·록! 앤솔러지 코믹,6,,,치바 사도루,대원씨아이(만화),2026-07,8100,10.0,6695,155,2026-09-01T10:41:52+09:00,147,-8,6865,-170,0,0
400136861,누나의 친구 4,누나의 친구,4,,,타카세 와카,학산문화사(만화),2026-08,5400,,3880,156,2026-09-01T10:41:52+09:00,151,-5,3870,10,0,0
395170753,도쿄 학생 애처가 4,도쿄 학생 애처가,4,,,카유카와 스즈,학산문화사(만화),2026-06,6300,9.8,3565,157,2026-09-01T10:41:52+09:00,165,8,3640,-75,0,0
225772243,달빛천사 애장판 2,달빛천사 애장판,2,,,타네무라 아리나,서울미디어코믹스(서울문화사),2020-01,8550,10.0,3651,158,2026-09-01T10:41:52+09:00,166,8,3621,30,0,0
400543319,우자키 양은 놀고싶어! 14,우자키 양은 놀고싶어!,14,,,타케,대원씨아이(만화),2026-08,4950,,2540,159,2026-09-01T10:41:52+09:00,204,45,2210,330,0,0
400587655,킬블루 13,킬블루,13,,,후지마키 타다토시,대원씨아이(만화),2026-08,5400,,1840,160,2026-09-01T10:41:52+09:00,169,9,1660,180,0,0
401097577,"다른 학교 얼음공주를 구했더니, 친구부터 시작하게 되었습니다 2","다른 학교 얼음공주를 구했더니, 친구부터 시작하게 되었습니다",2,,,사츠키 히류,오팬스노벨,2026-08,7650,,2200,161,2026-09-01T10:41:52+09:00,220,59,1340,860,0,0
401041961,산가지는 도깨비의 꿈을 꾼다 5,산가지는 도깨비의 꿈을 꾼다,5,,,LAPIS,다산코믹스,2026-08,18000,,1830,162,2026-09-01T10:41:52+09:00,183,21,1300,530,0,0
337054427,패밀리 레스토랑 가자. 上,패밀리 레스토랑 가자. 上,,,,와야마 야마,문학동네,2024-04,7650,9.7,31409,163,2026-09-01T10:41:52+09:00,160,-3,31475,-66,0,0
193382764,페르세폴리스,페르세폴리스,,,,마르얀 사트라피,휴머니스트,2019-06,28800,8.6,15156,164,2026-09-01T10:41:52+09:00,153,-11,15266,-110,0,0
393809247,사피엔스 : 그래픽 히스토리 Vol.4,사피엔스 : 그래픽 히스토리 Vol.4,,,- 혁명의 시대,,김영사,2026-05,17820,,7600,165,2026-09-01T10:41:52+09:00,146,-19,7615,-15,0,0
397904410,나 혼자만 레벨업 : 라그나로크 3,나 혼자만 레벨업 : 라그나로크,3,,- 만화,,디앤씨웹툰비즈,2026-07,14400,10.0,5720,166,2026-09-01T10:41:52+09:00,164,-2,5820,-100,0,0
396819581,나의 첫 섹파 1,나의 첫 섹파,1,,- 초회 수량한정 특장판 구성 (수량 소진 시 종료),유리카와,재담,2026-06,6300,,4115,167,2026-09-01T10:41:52+09:00,157,-10,4135,-20,0,0
393803230,J⇔M 제이엠 6,J⇔M 제이엠,6,,,오타케 마사오,대원씨아이(만화),2026-05,6300,10.0,2230,168,2026-09-01T10:41:52+09:00,168,0,2265,-35,0,0
401009461,달의 아이 신장판 8,달의 아이 신장판,8,,- 완결,시미즈 레이코,서울미디어코믹스(서울문화사),2026-08,16200,,910,169,2026-09-01T10:41:52+09:00,173,4,1010,-100,0,0
400980564,킬러의 최애 4,킬러의 최애,4,,,오시마 린타로,대원씨아이(만화),2026-08,6300,,910,170,2026-09-01T10:41:52+09:00,188,18,830,80,0,0
366362146,엄마를 만나러 가는 길 1,엄마를 만나러 가는 길,1,,,고먕,네이버웹툰,2025-08,16020,10.0,15456,171,2026-09-01T10:41:52+09:00,212,41,15355,101,0,0
349202721,일러스트레이터를 위한 색과 빛 마스터 가이드북 : COLOR & LIGHT,일러스트레이터를 위한 색과 빛 마스터 가이드북 : COLOR & LIGHT,,,,3D토털 퍼블리싱,영진.com(영진닷컴),2024-10,28800,10.0,11038,172,2026-09-01T10:41:52+09:00,143,-29,10988,50,0,0
390998609,담배 고양이 2,담배 고양이,2,,,냥냥 팩토리,대원씨아이(만화),2026-04,5400,10.0,4760,173,2026-09-01T10:41:52+09:00,198,25,4655,105,0,0
394099635,담배 고양이 3,담배 고양이,3,,,냥냥 팩토리,대원씨아이(만화),2026-05,5400,10.0,4565,174,2026-09-01T10:41:52+09:00,200,26,4460,105,0,0
396049036,담배 고양이 4,담배 고양이,4,,,냥냥 팩토리,대원씨아이(만화),2026-06,5400,10.0,4355,175,2026-09-01T10:41:52+09:00,201,26,4260,95,0,0
309059685,판타지 배색 아이디어 사전,판타지 배색 아이디어 사전,,,- 세계관을 창조하는,사쿠라이 테루코,한즈미디어(한스미디어),2023-01,5630,10.0,3874,176,2026-09-01T10:41:52+09:00,158,-18,4079,-205,0,0
398203513,톰 폭스의 옷을 입은 캐릭터 드로잉 : 아티스트를 위한 옷과 주름 그리기 가이드,톰 폭스의 옷을 입은 캐릭터 드로잉 : 아티스트를 위한 옷과 주름 그리기 가이드,,,,톰 폭스,한즈미디어(한스미디어),2026-07,28800,10.0,2465,177,2026-09-01T10:41:52+09:00,167,-10,2395,70,0,0
400307585,재혼황후 11,재혼황후,11,,- 만화,히어리,영컴(YOUNG COM),2026-08,15120,,1960,178,2026-09-01T10:41:52+09:00,182,4,1920,40,0,0
400585950,보루토 -TWO BLUE VORTEX- 5,보루토 -TWO BLUE VORTEX-,5,,,이케모토 미키오,대원씨아이(만화),2026-08,5850,,1640,179,2026-09-01T10:41:52+09:00,170,-9,1620,20,0,0
399465061,신석기 시대부터 AI 시대까지 만화로 꿰뚫는 경제사,신석기 시대부터 AI 시대까지 만화로 꿰뚫는 경제사,,,- 물질적 풍요는 우리를 행복하게 만들었을까,,클,2026-08,19800,10.0,2365,180,2026-09-01T10:41:52+09:00,336,156,1615,750,0,0
400669111,커다란 네가 제일 귀여워,커다란 네가 제일 귀여워,,,- 라르고 맥스 Largo Max,유키하루,조은세상(북두),2026-08,6300,,1300,181,2026-09-01T10:41:52+09:00,207,26,1270,30,0,0
400909405,시오타 선생님과 아마이양 7,시오타 선생님과 아마이양,7,,,나카토카 쿠미코,대원씨아이(만화),2026-08,5850,,910,182,2026-09-01T10:41:52+09:00,227,45,710,200,0,0
401247590,"달은 차고 이지러져, 짐승의 사랑 신장판 (특장판)","달은 차고 이지러져, 짐승의 사랑 신장판",,특장판,"- 작가님 사인 아크릴 카드 + 일러스트 카드 2종 + 이중 커버, 라르고 맥스 Largo Max",노지로 구리,조은세상(북두),2026-09,11700,,1610,183,2026-09-01T10:41:52+09:00,,,,,1,0
374587018,원피스 112,원피스,112,,- 할리(신전),오다 에이치로,대원씨아이(만화),2025-10,5400,10.0,27176,184,2026-09-01T10:41:52+09:00,161,-23,27277,-101,0,0
399403043,얼굴만으론 좋아할 수 없어요 17 (한정판),얼굴만으론 좋아할 수 없어요,17,한정판,- 한국 오리지널 일러스트 양면 커버 + 아크릴 스탠드 + 소책자 + 스페셜 일러스트 카드 2종 + 미니 일러스트 보드 (일반판 초판특전은 포함되지 않음),안자이 카린,서울미디어코믹스(서울문화사),2026-07,22500,10.0,14085,185,2026-09-01T10:41:52+09:00,190,5,14350,-265,0,0
393311014,히카루가 죽은 여름 8,히카루가 죽은 여름,8,,"- SL Comic, 초판 한정 특전 띠지, 일러스트 카드 & 클리어 일러스트 카드 세트 (2종 중 1종)",모쿠모쿠렌,디앤씨미디어(주)(D&C미디어),2026-05,6300,9.7,11990,186,2026-09-01T10:41:52+09:00,192,6,11935,55,0,0
397047219,쇼타 형아 7,쇼타 형아,7,,- BLovers Comics /초판 한정 더블 특전 : 양면 일러스트 카드 2종,나카야마 미유키,서울미디어코믹스(서울문화사),2026-06,5850,9.4,7710,187,2026-09-01T10:41:52+09:00,215,28,7825,-115,0,0
399045982,유희왕 애장판 21,유희왕 애장판,21,,,다카하시 카즈키,대원씨아이(만화),2026-07,10800,,6895,188,2026-09-01T10:41:52+09:00,196,8,6895,0,0,0
399051208,세금으로 산 책 2,세금으로 산 책,2,,- 시프트코믹스,케이야마 케이,YNK MEDIA(만화),2026-07,5850,10.0,4205,189,2026-09-01T10:41:52+09:00,199,10,4280,-75,0,0
399540525,전희 서바이벌 사가 3,전희 서바이벌 사가,3,,,OTOSAMA,오팬스코믹,2026-07,6300,10.0,3870,190,2026-09-01T10:41:52+09:00,179,-11,4040,-170,0,0
400006799,유녀전기 21,유녀전기,21,,- 노엔 코믹스,토죠 치카,데이즈엔터(주),2026-08,5400,10.0,2510,191,2026-09-01T10:41:52+09:00,205,14,2440,70,0,0
395745763,아카네 이야기 15,아카네 이야기,15,,,유키 스에나가,학산문화사(만화),2026-06,5400,9.8,1595,192,2026-09-01T10:41:52+09:00,206,14,1645,-50,0,0
400585911,녹풍당의 사계절 21,녹풍당의 사계절,21,,,시미즈 유우,대원씨아이(만화),2026-08,4500,,1430,193,2026-09-01T10:41:52+09:00,159,-34,1520,-90,0,0
400669134,반에서 두 번째로 귀여운 여자애와 친구가 되었다 6,반에서 두 번째로 귀여운 여자애와 친구가 되었다,6,,"- 왈츠 코믹스, 초판 한정 특전 : 일러스트 카드 1종, 포토카드 2종",오노 린,조은세상(북두),2026-08,5400,,1440,194,2026-09-01T10:41:52+09:00,171,-23,1420,20,0,0
400340156,마끼아또의 일러스트 레벨업 테크닉,마끼아또의 일러스트 레벨업 테크닉,,,- 초보가 가장 많이 막히는 고민 해결집,마끼아또,AK(에이케이)커뮤니케이션즈,2026-08,19800,10.0,1950,195,2026-09-01T10:41:52+09:00,340,145,1410,540,0,0
400585712,버그 에고 2,버그 에고,2,,- S코믹스,시타라 키요토,㈜소미미디어,2026-08,6300,,1280,196,2026-09-01T10:41:52+09:00,208,12,1330,-50,0,0
400860220,작전명 순정 7,작전명 순정,7,,,꼬까리,영진.com(영진닷컴),2026-08,14400,,920,197,2026-09-01T10:41:52+09:00,174,-23,1000,-80,0,0
400909457,우린 엇갈리고 있다 1,우린 엇갈리고 있다,1,,,미나모토 유,대원씨아이(만화),2026-08,5850,,960,198,2026-09-01T10:41:52+09:00,211,13,930,30,0,0
401009550,월광천녀 애장판 8,월광천녀 애장판,8,,,시미즈 레이코,서울미디어코믹스(서울문화사),2026-08,16200,,810,199,2026-09-01T10:41:52+09:00,225,26,790,20,0,0
400917239,전생 악녀의 흑역사 18,전생 악녀의 흑역사,18,,,토우카 아키하루,서울미디어코믹스(서울문화사),2026-08,4500,,810,200,2026-09-01T10:41:52+09:00,228,28,710,100,0,0
292511593,가라오케 가자!,가라오케 가자!,,,,와야마 야마,문학동네,2022-04,7650,9.6,28527,201,2026-09-01T10:41:52+09:00,189,-12,28599,-72,0,0
398221799,메달리스트 14,메달리스트,14,,,츠루마이카다,학산문화사(만화),2026-07,5400,10.0,16115,202,2026-09-01T10:41:52+09:00,152,-50,16345,-230,0,0
390778469,원펀맨 One Punch Man 34,원펀맨 One Punch Man,34,,- 여명,ONE,대원씨아이(만화),2026-04,5400,9.2,13654,203,2026-09-01T10:41:52+09:00,247,44,13428,226,0,0
397047378,반딧불이의 혼례 11,반딧불이의 혼례,11,,,타치바나 오레코,서울미디어코믹스(서울문화사),2026-06,7650,10.0,11410,204,2026-09-01T10:41:52+09:00,193,-11,11550,-140,0,0
388349614,카구라바치 9 (더블특전판),카구라바치,9,더블특전판,"- 엔텐, 일러스트 시네마 티켓 + 요도 계약자 pp 북마크",호카조노 타케루,대원씨아이(만화),2026-03,5850,,10977,205,2026-09-01T10:41:52+09:00,154,-51,10964,13,0,0
397744206,학생회에도 구멍은 있다! 12,학생회에도 구멍은 있다!,12,,- S코믹스,무치마로,㈜소미미디어,2026-07,6300,9.0,10350,206,2026-09-01T10:41:52+09:00,194,-12,10425,-75,0,0
393753728,수상한 경찰 1 (트리플 특전판),수상한 경찰,1,트리플 특전판,- 초판한정 일러스트 북마크 1종 + 일러스트 엽서 4종 + 캐릭터 프로필 카드 4종,무키시츠,대원씨아이(만화),2026-05,9000,9.6,5340,207,2026-09-01T10:41:52+09:00,233,26,5355,-15,0,0
395357976,Veil 7,Veil,7,,"- S코믹스, JAPAN EXPO 최우수작화상, 최우수장정상 수상",코테리,㈜소미미디어,2026-06,11520,,4710,208,2026-09-01T10:41:52+09:00,259,51,4555,155,0,0
399782154,어차피 울 거라면 사랑이 좋아 9,어차피 울 거라면 사랑이 좋아,9,,,쿠사카 아키,학산문화사(만화),2026-08,5400,10.0,4080,209,2026-09-01T10:41:52+09:00,286,77,3700,380,0,0
399953550,데스마치에서 시작되는 이세계 광상곡 34,데스마치에서 시작되는 이세계 광상곡,34,,"- L Novel /초판 한정 특전 : 띠지, 책갈피",아이나나 히로,디앤씨미디어(주)(D&C미디어),2026-08,9900,,3040,210,2026-09-01T10:41:52+09:00,180,-30,3050,-10,0,0
400153916,명탐정 코난 : 범인 한자와 씨 10,명탐정 코난 : 범인 한자와 씨,10,,,칸바 마유코,서울미디어코믹스(서울문화사),2026-08,5400,10.0,3090,211,2026-09-01T10:41:52+09:00,181,-30,3000,90,0,0
397995094,수상한 경찰 2 (더블특전판),수상한 경찰,2,더블특전판,- 띠지 + 초판한정 일러스트 카드 1종 + 선착순 더블특전 포토카드 1종,무키시츠,대원씨아이(만화),2026-07,9000,9.5,2845,212,2026-09-01T10:41:52+09:00,238,26,2825,20,0,0
400154065,달님이 바라시는 대로 9,달님이 바라시는 대로,9,,,키우치 라무네,서울미디어코믹스(서울문화사),2026-08,5400,,2690,213,2026-09-01T10:41:52+09:00,218,5,2820,-130,0,0
400224750,선생님으로 ○○하면 안 됩니다! 3,선생님으로 ○○하면 안 됩니다!,3,,- S코믹스,무샤사부,㈜소미미디어,2026-08,6300,,2260,214,2026-09-01T10:41:52+09:00,219,5,2130,130,0,0
393544789,향기로운 꽃은 늠름하게 핀다 20,향기로운 꽃은 늠름하게 핀다,20,,,미카미 사카,대원씨아이(만화),2026-05,5400,,1540,215,2026-09-01T10:41:52+09:00,221,6,1500,40,0,0
400707795,뉴노멀 8,뉴노멀,8,,,아이하라 아키토,대원씨아이(만화),2026-08,5400,,1070,216,2026-09-01T10:41:52+09:00,209,-7,1030,40,0,0
400860566,작전명 순정 8,작전명 순정,8,,,꼬까리,영진.com(영진닷컴),2026-08,14400,,870,217,2026-09-01T10:41:52+09:00,184,-33,970,-100,0,0
400856470,선생님! 저희들이 세계를 멸망시킵니다. 9,선생님! 저희들이 세계를 멸망시킵니다.,9,,,코바야시 키나,대원씨아이(만화),2026-08,5400,,1000,218,2026-09-01T10:41:52+09:00,187,-31,960,40,0,0
400647477,만화를 잘 그리기 위한 노하우 도감,만화를 잘 그리기 위한 노하우 도감,,,,사이드랜치(Sideranch),영진.com(영진닷컴),2026-08,18000,,1210,219,2026-09-01T10:41:52+09:00,267,48,950,260,0,0
401097694,피가 이어지지 않은 우리가 가족이 되는 단 하나의 방법 1,피가 이어지지 않은 우리가 가족이 되는 단 하나의 방법,1,,,히바리유,오팬스노벨,2026-08,7650,,1950,220,2026-09-01T10:41:52+09:00,395,175,930,1020,0,0
396644572,포켓몬 생태도감 특별판,포켓몬 생태도감 특별판,,,,주식회사 포켓몬,대원씨아이(단행본),2026-06,44100,10.0,23405,221,2026-09-01T10:41:52+09:00,162,-59,23955,-550,0,0
373383665,언제나 기억해,언제나 기억해,,,"- 소년과 두더지와 여우와 말, 그리고 폭풍우",찰리 맥커시,상상의힘,2025-10,19800,10.0,17836,222,2026-09-01T10:41:52+09:00,245,23,17630,206,0,0
385786461,스킵과 로퍼 11 (더블 특전판),스킵과 로퍼,11,더블 특전판,"- 미츠미 아크릴 POP + 명장면 흑백 스티커 4종 (초판 특전), 시프트코믹스",타카마츠 미사키,YNK MEDIA(만화),2026-02,5400,8.4,11563,223,2026-09-01T10:41:52+09:00,213,-10,11541,22,0,0
368857673,명탐정 코난 107,명탐정 코난,107,,,아오야마 고쇼,서울미디어코믹스(서울문화사),2025-07,5400,9.9,10554,224,2026-09-01T10:41:52+09:00,229,5,10454,100,0,0
353810399,헌터x헌터 HunterXHunter 신장판 38,헌터x헌터 HunterXHunter 신장판,38,,,토가시 요시히로,학산문화사(만화),2024-12,5400,9.8,10244,225,2026-09-01T10:41:52+09:00,195,-30,10319,-75,0,0
315020417,헌터x헌터 HunterXHunter 신장판 37,헌터x헌터 HunterXHunter 신장판,37,,,토가시 요시히로,학산문화사(만화),2023-04,5400,10.0,8976,226,2026-09-01T10:41:52+09:00,231,5,9045,-69,0,0
399055597,Re : 제로부터 시작하는 이세계 생활 43,Re : 제로부터 시작하는 이세계 생활,43,,"- Novel Engine / 초판한정 특별부록 : 띠지, 일러스트 카드",나가츠키 탓페이,데이즈엔터(주),2026-08,7200,,5785,227,2026-09-01T10:41:52+09:00,178,-49,5995,-210,0,0
394169724,쓰레기 기둥서방 하나 군은 죽고 싶어 해 3,쓰레기 기둥서방 하나 군은 죽고 싶어 해,3,,,아메코,대원씨아이(만화),2026-05,5850,9.7,5235,228,2026-09-01T10:41:52+09:00,197,-31,5355,-120,0,0
394588669,천국대마경 12,천국대마경,12,,- S코믹스,이시구로 마사카즈,㈜소미미디어,2026-06,6300,9.0,4685,229,2026-09-01T10:41:52+09:00,317,88,4405,280,0,0
399953433,추우면 변하는 헤비가미 군 2,추우면 변하는 헤비가미 군,2,,"- SL Comic /초판 한정 특전: 띠지, PET 스탠드, 일러스트 스티커",쿠리미야,디앤씨미디어(주)(D&C미디어),2026-08,6300,,2310,230,2026-09-01T10:41:52+09:00,203,-27,2430,-120,0,0
400586316,커들 2,커들,2,,- 수인 오메가버스,하스미 하나,학산문화사(만화),2026-08,6300,,1680,231,2026-09-01T10:41:52+09:00,222,-9,1520,160,0,0
386058010,사카모토 데이즈 25,사카모토 데이즈,25,,- 친구이상 킬러미만,스즈키 유우토,대원씨아이(만화),2026-02,5850,,1455,232,2026-09-01T10:41:52+09:00,242,10,1455,0,0,0
400733376,건강하고 문화적인 최저한도의 생활 11,건강하고 문화적인 최저한도의 생활,11,,,가시와기 하루코,문학동네,2026-08,8820,,1240,233,2026-09-01T10:41:52+09:00,223,-10,1120,120,0,0
400860690,작전명 순정 9,작전명 순정,9,,,꼬까리,영진.com(영진닷컴),2026-08,14400,,850,234,2026-09-01T10:41:52+09:00,185,-49,950,-100,0,0
400707945,우리들은 미쳤다 연모 4,우리들은 미쳤다 연모,4,,,안도 나츠미,대원씨아이(만화),2026-08,5400,,870,235,2026-09-01T10:41:52+09:00,210,-25,950,-80,0,0
400856407,탱크체어 TANK CHAIR 4,탱크체어 TANK CHAIR,4,,,야시로 마나부,대원씨아이(만화),2026-08,6300,,900,236,2026-09-01T10:41:52+09:00,226,-10,780,120,0,0
400909336,라면 재유기 13,라면 재유기,13,,,쿠베 로쿠로,대원씨아이(만화),2026-08,5850,,810,237,2026-09-01T10:41:52+09:00,302,65,610,200,0,0
400856452,치하야 리스타트! 2,치하야 리스타트!,2,,,타케우치 홀로,대원씨아이(만화),2026-08,5850,,950,238,2026-09-01T10:41:52+09:00,269,31,610,340,0,0
400980630,룸메이트 1,룸메이트,1,,,사토 아키히토,대원씨아이(만화),2026-08,6750,,760,239,2026-09-01T10:41:52+09:00,303,64,560,200,0,0
366362586,엄마를 만나러 가는 길 2,엄마를 만나러 가는 길,2,,,고먕,네이버웹툰,2025-08,16020,10.0,14766,240,2026-09-01T10:41:52+09:00,271,31,14619,147,0,0
391828072,열혈강호 95,열혈강호,95,,,전극진,대원씨아이(만화),2026-04,4950,9.6,12731,241,2026-09-01T10:41:52+09:00,191,-50,13024,-293,0,0
390776539,3월의 라이온 18,3월의 라이온,18,,,우미노 치카,시리얼(학산문화사),2026-04,7200,10.0,10525,242,2026-09-01T10:41:52+09:00,249,7,10592,-67,0,0
398221849,메달리스트 공식 팬북 더블특전판,메달리스트 공식 팬북 더블특전판,,,- 수량 한정 더블 특전 : 일러스트 카드 + 네컷사진,츠루마이카다,학산문화사(만화),2026-07,13500,10.0,9655,243,2026-09-01T10:41:52+09:00,214,-29,9795,-140,0,0
392518701,블루 록 35,블루 록,35,,,노무라 유스케,학산문화사(만화),2026-05,5400,9.8,9825,244,2026-09-01T10:41:52+09:00,274,30,9740,85,0,0
322919098,향기로운 꽃은 늠름하게 핀다 1,향기로운 꽃은 늠름하게 핀다,1,,,미카미 사카,대원씨아이(만화),2023-08,5400,9.7,9566,245,2026-09-01T10:41:52+09:00,230,-15,9648,-82,0,0
397904785,보석함에 사랑을 채우자 1,보석함에 사랑을 채우자,1,,,미키모토 린,학산문화사(만화),2026-07,6300,9.5,8405,246,2026-09-01T10:41:52+09:00,251,5,8350,55,0,0
393238375,양 선배는 혼자서 살아갈 수 없어 2,양 선배는 혼자서 살아갈 수 없어,2,,- 초판부록 : 일러스트 카드 1종 + 띠지,soon챠,대원씨아이(만화),2026-05,5850,9.9,8280,247,2026-09-01T10:41:52+09:00,355,108,8150,130,0,0
298605858,헌터x헌터 HunterXHunter 신장판 36,헌터x헌터 HunterXHunter 신장판,36,,,토가시 요시히로,학산문화사(만화),2020-03,5400,,7707,248,2026-09-01T10:41:52+09:00,276,28,7750,-43,0,0
384933730,아멜리아의 호기심 많은 로맨스 1,아멜리아의 호기심 많은 로맨스,1,,- 루나 코믹스,코하쿠 요루,㈜소미미디어,2026-02,6300,9.8,6032,249,2026-09-01T10:41:52+09:00,257,8,6043,-11,0,0
386003919,향기로운 꽃은 늠름하게 핀다 18,향기로운 꽃은 늠름하게 핀다,18,,,미카미 사카,대원씨아이(만화),2026-02,5400,10.0,5692,250,2026-09-01T10:41:52+09:00,278,28,5664,28,0,0
395173556,내 마음의 위험한 녀석 13,내 마음의 위험한 녀석,13,,- S코믹스,사쿠라이 노리오,㈜소미미디어,2026-06,6300,9.4,4890,251,2026-09-01T10:41:52+09:00,216,-35,5025,-135,0,0
399453196,묘쌤은 이렇게 말했다 11,묘쌤은 이렇게 말했다,11,,- S코믹스,무테키 소다,㈜소미미디어,2026-08,6300,10.0,4690,252,2026-09-01T10:41:52+09:00,279,27,4470,220,0,0
397904768,푸른 상자 24,푸른 상자,24,,,미우라 코우지,학산문화사(만화),2026-07,5400,10.0,4415,253,2026-09-01T10:41:52+09:00,280,27,4385,30,0,0
225770299,달빛천사 애장판 1,달빛천사 애장판,1,,,타네무라 아리나,서울미디어코믹스(서울문화사),2020-01,8550,9.5,3589,254,2026-09-01T10:41:52+09:00,288,34,3599,-10,0,0
390907872,향기로운 꽃은 늠름하게 핀다 19,향기로운 꽃은 늠름하게 핀다,19,,,미카미 사카,대원씨아이(만화),2026-04,5400,,3230,255,2026-09-01T10:41:52+09:00,237,-18,3320,-90,0,0
398285038,포켓몬스터 스페셜 63,포켓몬스터 스페셜,63,,,쿠사카 히데노리,대원씨아이(만화),2026-07,4950,,2345,256,2026-09-01T10:41:52+09:00,261,5,2540,-195,0,0
400006981,유녀전기 대대야사 1,유녀전기 대대야사,1,,- 노엔 코믹스 / 초판한정 특별부록 : 일러스트 카드 + 띠지,토죠 치카,데이즈엔터(주),2026-08,5400,10.0,2390,257,2026-09-01T10:41:52+09:00,202,-55,2490,-100,0,0
399900769,소꿉친구 컴플렉스 4~5 스페셜 세트 - 전2권,소꿉친구 컴플렉스 4~5 스페셜 세트 - 전2권,,,"- 초판 한정 부록 : 책갈피 2종(4, 5권 책갈피 각각 1종) + 렌티큘러 엽서 2종 + 증명사진 패키지 + 폴라로이드 4종 + 작가님 사인 인쇄본",은하이,네이버웹툰,2026-10,39600,,2510,258,2026-09-01T10:41:52+09:00,294,36,2450,60,0,0
400245338,공주님 고문의 시간입니다 19,공주님 고문의 시간입니다,19,,- 완결,하루하라 로빈슨,학산문화사(만화),2026-08,5400,10.0,2310,259,2026-09-01T10:41:52+09:00,262,3,2280,30,0,0
400136881,벡 Beck 신장판 8,벡 Beck 신장판,8,,,해롤드 사쿠이시,학산문화사(만화),2026-08,10800,10.0,2320,260,2026-09-01T10:41:52+09:00,330,70,2250,70,0,0
400586056,SCP가 뭔가요? 3,SCP가 뭔가요?,3,,,하치훈,대원씨아이(만화),2026-08,5850,,1330,261,2026-09-01T10:41:52+09:00,224,-37,1240,90,0,0
400856352,FIRE BALL！ 파이어 볼! 2,FIRE BALL！ 파이어 볼!,2,,,타츠 유키노부,대원씨아이(만화),2026-08,5850,,640,262,2026-09-01T10:41:52+09:00,244,-18,680,-40,0,0
400980709,키스 다음부터는 애드리브로,키스 다음부터는 애드리브로,,,- B愛+752,키사라기 마나미,대원씨아이(만화),2026-08,5850,2.0,660,263,2026-09-01T10:41:52+09:00,301,38,580,80,0,0
323272361,"안녕, 에리","안녕, 에리",,,,후지모토 타츠키,학산문화사(만화),2023-08,5400,9.4,15713,264,2026-09-01T10:41:52+09:00,304,40,15709,4,0,0
392518622,타몬 군 지금 어느 쪽?! 12,타몬 군 지금 어느 쪽?!,12,,,시와스 유키,학산문화사(만화),2026-05,5400,10.0,14560,265,2026-09-01T10:41:52+09:00,246,-19,14585,-25,0,0
391724964,가르쳐줘 집사 1,가르쳐줘 집사,1,,- 초판 한정 더블 특전 : 양면 코스터 & 포토카드 2종 세트,마사키 미치,서울미디어코믹스(서울문화사),2026-04,6300,9.7,10782,266,2026-09-01T10:41:52+09:00,248,-18,11003,-221,0,0
389546868,반딧불이의 혼례 10,반딧불이의 혼례,10,,,타치바나 오레코,서울미디어코믹스(서울문화사),2026-04,7650,9.6,10966,267,2026-09-01T10:41:52+09:00,273,6,10988,-22,0,0
335112422,주술회전 25,주술회전,25,,- 인외마경 신주쿠 결전,아쿠타미 게게,서울미디어코믹스(서울문화사),2024-02,5400,9.6,10091,268,2026-09-01T10:41:52+09:00,309,41,10092,-1,0,0
353133344,컬러 앤 라이트,컬러 앤 라이트,,,"- 사실적인 표현을 위한 빛과 색 그리는 법, 개정판",제임스 거니,잉크잼(잼스푼),2024-12,31500,10.0,9932,269,2026-09-01T10:41:52+09:00,250,-19,9857,75,0,0
369126143,주술회전 30,주술회전,30,,,아쿠타미 게게,서울미디어코믹스(서울문화사),2025-08,5400,10.0,9448,270,2026-09-01T10:41:52+09:00,275,5,9409,39,0,0
388137331,3월의 벽력 1,3월의 벽력,1,,,이케 준코,대원씨아이(만화),2026-03,5400,9.5,8008,271,2026-09-01T10:41:52+09:00,232,-39,8028,-20,0,0
294401191,헌터x헌터 HunterXHunter 신장판 35,헌터x헌터 HunterXHunter 신장판,35,,,토가시 요시히로,학산문화사(만화),2019-03,5400,2.0,7483,272,2026-09-01T10:41:52+09:00,253,-19,7625,-142,0,0
394099665,킹덤 Kingdom 77,킹덤 Kingdom,77,,,하라 야스히사,대원씨아이(만화),2026-05,5400,10.0,6415,273,2026-09-01T10:41:52+09:00,255,-18,6530,-115,0,0
388496310,단다단 20,단다단,20,,,타츠 유키노부,대원씨아이(만화),2026-03,5400,9.5,6173,274,2026-09-01T10:41:52+09:00,256,-18,6201,-28,0,0
396574570,Re : 제로부터 시작하는 이세계 생활 42,Re : 제로부터 시작하는 이세계 생활,42,,"- Novel Engine /초판한정 특별부록 : 띠지, 일러스트 카드",나가츠키 탓페이,데이즈엔터(주),2026-07,7200,10.0,4990,275,2026-09-01T10:41:52+09:00,234,-41,5080,-90,0,0
390011039,황천의 츠가이 3,황천의 츠가이,3,,,아라카와 히로무,대원씨아이(만화),2023-05,5850,,4420,276,2026-09-01T10:41:52+09:00,281,5,4460,-40,0,0
396766600,유루캠 18,유루캠,18,,,아프로,대원씨아이(만화),2026-06,4950,9.6,4125,277,2026-09-01T10:41:52+09:00,282,5,4365,-240,0,0
385522768,옆자리 녀석이 그런 눈으로 쳐다본다 1,옆자리 녀석이 그런 눈으로 쳐다본다,1,,,mmk,학산문화사(만화),2026-02,6300,,3684,278,2026-09-01T10:41:52+09:00,260,-18,3813,-129,0,0
393715017,노아 선배는 친구 9,노아 선배는 친구,9,,- 초판특전 : 포토카드 2종 세트,아키야마 엔마,서울미디어코믹스(서울문화사),2026-05,5850,9.5,3865,279,2026-09-01T10:41:52+09:00,372,93,3745,120,0,0
305148069,장례식 케이크 전문점 연옥당 2,장례식 케이크 전문점 연옥당,2,,- 양장,산호,문학동네,2022-11,18900,10.0,3514,280,2026-09-01T10:41:52+09:00,287,7,3594,-80,0,0
396563437,나나 NANA 완전판 10,나나 NANA 완전판,10,,"- 초판한정: PP엽서 1종, 포토카드 1종",야자와 아이,학산문화사(만화),2026-06,10800,,3575,281,2026-09-01T10:41:52+09:00,290,9,3540,35,0,0
400006989,이세계 유유자적 농가 16,이세계 유유자적 농가,16,,"- Novel Engine /초판한정 특별부록: 띠지, 양면 커버",나이토 키노스케,데이즈엔터(주),2026-08,9000,10.0,3740,282,2026-09-01T10:41:52+09:00,376,94,3040,700,0,0
396583445,약사의 혼잣말 21,약사의 혼잣말,21,,- 마오마오의 후궁 수수께끼 풀이수첩,쿠라타 미노지,서울미디어코믹스(서울문화사),2026-06,5400,9.9,2795,283,2026-09-01T10:41:52+09:00,217,-66,2955,-160,0,0
399050467,블루 피리어드 6 (한정판),블루 피리어드,6,한정판,"- 시프트코믹스 /한정판 구성품 : 도서(초판 부록 포함), 1~6권 수납 박스, 컬러링북 소책자, 박티켓 책갈피 3종",야마구치 츠바사,YNK MEDIA(만화),2026-07,13500,,2810,284,2026-09-01T10:41:52+09:00,377,93,2715,95,0,0
399556315,이우일의 만화 그리스로마 신화 1~3 세트 - 전3권,이우일의 만화 그리스로마 신화 1~3 세트 - 전3권,,,,이우일,비채,2026-07,59850,,2530,285,2026-09-01T10:41:52+09:00,328,43,2415,115,0,0
399973698,시노비고토 7,시노비고토,7,,,미타라시 산타,학산문화사(만화),2026-08,6300,,2840,286,2026-09-01T10:41:52+09:00,466,180,2380,460,0,0
313274245,네가 죽을 때까지 사랑하고 싶어 1,네가 죽을 때까지 사랑하고 싶어,1,,,나치 아오노,학산문화사(만화),2020-12,5400,,2308,287,2026-09-01T10:41:52+09:00,240,-47,2338,-30,0,0
331618813,먼작귀 1 (그림책 포함 특별판),먼작귀,1,그림책 포함 특별판,- 먼가 작고 귀여운 녀석,나가노,미우(대원씨아이),2022-06,17820,,1958,288,2026-09-01T10:41:52+09:00,295,7,2018,-60,0,0
388861705,얼굴만으론 좋아할 수 없어요 16,얼굴만으론 좋아할 수 없어요,16,,,안자이 카린,서울미디어코믹스(서울문화사),2026-03,5400,,1595,289,2026-09-01T10:41:52+09:00,265,-24,1605,-10,0,0
400310759,호랑이형님 20,호랑이형님,20,,,이상규,영컴(YOUNG COM),2026-08,15120,,1660,290,2026-09-01T10:41:52+09:00,388,98,1430,230,0,0
400585727,전격데이지 애장판 1,전격데이지 애장판,1,,- 루나 코믹스,모토미 쿄스케,㈜소미미디어,2026-08,12600,10.0,1410,291,2026-09-01T10:41:52+09:00,390,99,1210,200,0,0
400715990,가짜 연금술사 4,가짜 연금술사,4,,"- 픽시하우스, 초판한정 특별부록 : 일러스트 카드 + 띠지",우메마루,미스터블루,2026-09,7200,,910,292,2026-09-01T10:41:52+09:00,268,-24,870,40,0,0
400921733,이세계 전생 던전 마스터 온천 던전을 만들다 1,이세계 전생 던전 마스터 온천 던전을 만들다,1,,"- S Novel+, 초판 한정 아마하라 신규 일러스트 양면커버, 일러스트카드",아마하라,㈜소미미디어,2026-09,9000,,860,293,2026-09-01T10:41:52+09:00,341,48,800,60,0,0
400662198,오늘부터 시작하는 소꿉친구 9,오늘부터 시작하는 소꿉친구,9,,,Midori Obiya,서울미디어코믹스(서울문화사),2026-08,5400,,930,294,2026-09-01T10:41:52+09:00,299,5,770,160,0,0
400707974,사랑할 자격 3,사랑할 자격,3,,,난바 아츠코,대원씨아이(만화),2026-08,5400,,760,295,2026-09-01T10:41:52+09:00,300,5,700,60,0,0
256860565,사피엔스 : 그래픽 히스토리 Vol.1,사피엔스 : 그래픽 히스토리 Vol.1,,,- 인류의 탄생,,김영사,2020-11,17820,9.4,26301,296,2026-09-01T10:41:52+09:00,270,-26,26301,0,0,0
186848330,쥐 The Complete Maus 합본,쥐 The Complete Maus 합본,,,,아트 슈피겔만,아름드리미디어,2014-06,18900,9.4,10687,297,2026-09-01T10:41:52+09:00,306,9,13708,-3021,0,0
362375950,불가항력의 I LOVE YOU 4,불가항력의 I LOVE YOU,4,,,호시노 미즈키,서울미디어코믹스(서울문화사),2025-04,5400,9.7,10428,298,2026-09-01T10:41:52+09:00,350,52,10345,83,0,0
392509863,아름다운 초저녁달 10,아름다운 초저녁달,10,,,야마모리 미카,학산문화사(만화),2026-05,5400,9.5,9995,299,2026-09-01T10:41:52+09:00,413,114,9825,170,0,0
369786330,마남 이치 1 (트리플 특전판),마남 이치,1,트리플 특전판,- 홀로그램 일러스트 카드 2종 + 아크릴 일러스트 카드 1종,유사자키 시로,서울미디어코믹스(서울문화사),2025-08,6300,9.6,9387,300,2026-09-01T10:41:52+09:00,352,52,9567,-180,0,0
368087158,불가항력의 I LOVE YOU 5,불가항력의 I LOVE YOU,5,,,호시노 미즈키,서울미디어코믹스(서울문화사),2025-07,5400,9.5,9100,301,2026-09-01T10:41:52+09:00,418,117,8938,162,0,0
341524569,주술회전 26,주술회전,26,,- 남쪽으로,아쿠타미 게게,서울미디어코믹스(서울문화사),2024-06,5400,,8817,302,2026-09-01T10:41:52+09:00,353,51,8758,59,0,0
374965771,불가항력의 I LOVE YOU 6,불가항력의 I LOVE YOU,6,,,호시노 미즈키,서울미디어코믹스(서울문화사),2025-10,5400,9.7,8940,303,2026-09-01T10:41:52+09:00,502,199,8753,187,0,0
294400847,헌터x헌터 HunterXHunter 신장판 33,헌터x헌터 HunterXHunter 신장판,33,,,토가시 요시히로,학산문화사(만화),2018-05,5400,,8096,304,2026-09-01T10:41:52+09:00,252,-52,8265,-169,0,0
396563591,히나타의 블루 6,히나타의 블루,6,,"- 완결, 루나 코믹스 / 초판 한정 양면 어나더 커버, 렌티큘러 카드, 일러스트 카드",메구로 아무,㈜소미미디어,2026-07,6300,10.0,7890,305,2026-09-01T10:41:52+09:00,354,49,8010,-120,0,0
330062627,주술회전 24,주술회전,24,,- 주택대천 - 재귀 -,아쿠타미 게게,서울미디어코믹스(서울문화사),2023-12,5400,9.5,7852,306,2026-09-01T10:41:52+09:00,421,115,7756,96,0,0
391456890,순경씨와 나 1,순경씨와 나,1,,,나오키 유우,대원씨아이(만화),2026-04,6300,9.6,7113,307,2026-09-01T10:41:52+09:00,277,-30,7049,64,0,0
394695461,블루 록 36,블루 록,36,,,노무라 유스케,학산문화사(만화),2026-06,5400,,6040,308,2026-09-01T10:41:52+09:00,359,51,5920,120,0,0
389597923,황천의 츠가이 10,황천의 츠가이,10,,,아라카와 히로무,대원씨아이(만화),2026-04,5850,10.0,5549,309,2026-09-01T10:41:52+09:00,258,-51,5675,-126,0,0
352187570,주술회전 27,주술회전,27,,,아쿠타미 게게,서울미디어코믹스(서울문화사),2024-08,5400,,4814,310,2026-09-01T10:41:52+09:00,441,131,4744,70,0,0
389641207,황천의 츠가이 2,황천의 츠가이,2,,,아라카와 히로무,대원씨아이(만화),2022-12,5850,,4450,311,2026-09-01T10:41:52+09:00,318,7,4450,0,0,0
396368739,어서 와 수평선 1 (트리플 특전판),어서 와 수평선,1,트리플 특전판,- 띠지 + 입욕권 북마크 1종 + pp 스탠드 1종 + 티셔츠 판 스티커 1종,와타베 타이요,대원씨아이(만화),2026-06,6300,10.0,4505,312,2026-09-01T10:41:52+09:00,365,53,4445,60,0,0
399782190,한밤중 하트튠 11,한밤중 하트튠,11,,,이가라시 마사쿠니,학산문화사(만화),2026-08,5400,,4135,313,2026-09-01T10:41:52+09:00,283,-30,4170,-35,0,0
390241459,황천의 츠가이 4,황천의 츠가이,4,,,아라카와 히로무,대원씨아이(만화),2023-10,5850,,3848,314,2026-09-01T10:41:52+09:00,285,-29,3978,-130,0,0
295865866,하이큐!! 43,하이큐!!,43,,- 최종보스,후루다테 하루이치,대원씨아이(만화),2020-09,4950,,3879,315,2026-09-01T10:41:52+09:00,323,8,3891,-12,0,0
284922100,장례식 케이크 전문점 연옥당 1,장례식 케이크 전문점 연옥당,1,,- 양장,산호,문학동네,2021-12,17100,10.0,3817,316,2026-09-01T10:41:52+09:00,321,5,3882,-65,0,0
390941683,황천의 츠가이 1,황천의 츠가이,1,,,아라카와 히로무,대원씨아이(만화),2022-08,5850,,3752,317,2026-09-01T10:41:52+09:00,284,-33,3864,-112,0,0
300919411,헌터x헌터 HunterXHunter 신장판 18,헌터x헌터 HunterXHunter 신장판,18,,,토가시 요시히로,학산문화사(만화),2015-07,5400,,3704,318,2026-09-01T10:41:52+09:00,324,6,3686,18,0,0
330441742,기븐 9,기븐,9,,- 뉴 루비코믹스 2970,키즈 나츠키,현대지능개발사,2023-12,5400,9.7,3837,319,2026-09-01T10:41:52+09:00,449,130,3666,171,0,0
399451773,숨막힐 정도의 사랑을 줄게 7,숨막힐 정도의 사랑을 줄게,7,,,이와시타 케이코,대원씨아이(만화),2026-07,5400,,3720,320,2026-09-01T10:41:52+09:00,322,2,3620,100,0,0
397905187,THE POOL,THE POOL,,,,사쿠라이 가몬,학산문화사(만화),2026-07,13500,10.0,2885,321,2026-09-01T10:41:52+09:00,292,-29,2895,-10,0,0
400547758,코믹 어둠의 실력자가 되고 싶어서! 15,코믹 어둠의 실력자가 되고 싶어서!,15,,- J Comic,사카노 안리,서울미디어코믹스(서울문화사),2026-08,4500,10.0,2400,322,2026-09-01T10:41:52+09:00,263,-59,2390,10,0,0
400138794,이번 생은 가주가 되겠습니다 2부 6,이번 생은 가주가 되겠습니다 2부,6,,- 만화,앤트스튜디오,디앤씨웹툰비즈,2026-08,14400,,2190,323,2026-09-01T10:41:52+09:00,239,-84,2290,-100,0,0
400225413,쪼그맣고 커다랗고 귀여운 나나세를 착각 전남친한테서 빼앗아 행복하게 한다 3,쪼그맣고 커다랗고 귀여운 나나세를 착각 전남친한테서 빼앗아 행복하게 한다,3,,- S Novel,카라스마 에이,㈜소미미디어,2026-08,7650,,2040,324,2026-09-01T10:41:52+09:00,331,7,2060,-20,0,0
400001284,와카코와 술 25,와카코와 술,25,,,신큐 치에,AK(에이케이)커뮤니케이션즈,2026-08,7200,,1720,325,2026-09-01T10:41:52+09:00,333,8,1760,-40,0,0
395958550,핑키 나이트메어,핑키 나이트메어,,,- 라르고 맥스 Largo Max,NAREHATECHAN,조은세상(북두),2026-06,6300,9.5,1665,326,2026-09-01T10:41:52+09:00,335,9,1705,-40,0,0
400585836,아자미 야코를 좋아하게 된다 2,아자미 야코를 좋아하게 된다,2,,,유니티 콩,대원씨아이(만화),2026-08,5850,,1420,327,2026-09-01T10:41:52+09:00,172,-155,1620,-200,0,0
396581696,향기로운 꽃은 늠름하게 핀다 12,향기로운 꽃은 늠름하게 핀다,12,,,미카미 사카,대원씨아이(만화),2025-01,6300,,1525,328,2026-09-01T10:41:52+09:00,391,63,1510,15,0,0
400247880,만화 인소의 법칙 9,만화 인소의 법칙,9,,,아현,디앤씨웹툰비즈,2026-08,14400,,1400,329,2026-09-01T10:41:52+09:00,337,8,1370,30,0,0
398284864,책벌레의 하극상 제4부 : 귀족원의 도서관을 구하고 싶어! 10,책벌레의 하극상 제4부 : 귀족원의 도서관을 구하고 싶어!,10,,- 사서가 되기 위해서라면 뭐든지 할 수 있어,카츠키 히카루,대원씨아이(만화),2026-07,5400,10.0,1290,330,2026-09-01T10:41:52+09:00,298,-32,1330,-40,0,0
400311047,호랑이형님 21,호랑이형님,21,,,이상규,영컴(YOUNG COM),2026-08,15120,,1520,331,2026-09-01T10:41:52+09:00,338,7,1310,210,0,0
400712982,내 백합도 영업인 줄 알았어?,내 백합도 영업인 줄 알았어?,,,"- Novel Engine , 초판한정 특별부록 : 띠지 + 일러스트 카드",아사쿠라 네루,코믹레인,2026-09,7200,,1300,332,2026-09-01T10:41:52+09:00,392,60,1280,20,0,0
400585822,W 줄리엣 2부 16,W 줄리엣 2부,16,,,에무라,대원씨아이(만화),2026-08,3780,,830,333,2026-09-01T10:41:52+09:00,243,-90,940,-110,0,0
400307391,꿀과 극약 2,꿀과 극약,2,,,사쿠라노코우지 카노코,대원씨아이(만화),2026-08,5400,,1000,334,2026-09-01T10:41:52+09:00,399,65,930,70,0,0
389482128,애태울 정도의 사랑을 알아라 1,애태울 정도의 사랑을 알아라,1,,,쿄노 마코,학산문화사(만화),2026-04,6300,,1030,335,2026-09-01T10:41:52+09:00,485,150,870,160,0,0
400585731,퀸즈 퀄리티 1,퀸즈 퀄리티,1,,- 루나 코믹스,모토미 쿄스케,㈜소미미디어,2026-08,6300,,890,336,2026-09-01T10:41:52+09:00,398,62,790,100,0,0
401041322,술에 취한 영애가 영웅을 몰라보고 구혼한 결과 1,술에 취한 영애가 영웅을 몰라보고 구혼한 결과,1,,,오오토리,대원씨아이(만화),2026-08,5850,,510,337,2026-09-01T10:41:52+09:00,344,7,570,-60,0,0
401247989,독점 마이 히어로 15,독점 마이 히어로,15,,- 코믹 라르고 Comic Largo,아리이 메메코,조은세상(북두),2026-09,5400,,1010,338,2026-09-01T10:41:52+09:00,,,,,1,0
280555213,포인트 캐릭터 드로잉 - 전2권,포인트 캐릭터 드로잉 - 전2권,,,,타코,레진코믹스(레진엔터테인먼트),2021-09,25200,10.0,16133,339,2026-09-01T10:41:52+09:00,347,8,16404,-271,0,0
393769371,가르쳐줘 집사 2,가르쳐줘 집사,2,,,마사키 미치,서울미디어코믹스(서울문화사),2026-05,6300,9.7,13235,340,2026-09-01T10:41:52+09:00,348,8,13295,-60,0,0
379795065,괴수 8호 16 (더블 특전판),괴수 8호,16,더블 특전판,"- 완결, '카프카' 캐릭터 카드 + 스페셜 일러스트 카드 2종",마츠모토 나오야,서울미디어코믹스(서울문화사),2025-12,5400,10.0,11167,341,2026-09-01T10:41:52+09:00,410,69,11200,-33,0,0
384585231,불가항력의 I LOVE YOU 7,불가항력의 I LOVE YOU,7,,,호시노 미즈키,서울미디어코믹스(서울문화사),2026-01,5400,9.4,10995,342,2026-09-01T10:41:52+09:00,411,69,10958,37,0,0
389928831,새벽의 연화 46,새벽의 연화,46,,,미즈호 쿠사나기,학산문화사(만화),2026-04,5400,9.8,10417,343,2026-09-01T10:41:52+09:00,349,6,10449,-32,0,0
309862975,모 이야기,모 이야기,,,"- 숲속 모험, 2024 볼로냐 라가치상 오페라 프리마 스페셜 멘션, 2025 프랑스 소시에르상 수상작",최연주,엣눈북스(atnoonbooks),2023-02,19800,9.6,10682,344,2026-09-01T10:41:52+09:00,497,153,10440,242,0,0
341684925,불가항력의 I LOVE YOU 1,불가항력의 I LOVE YOU,1,,,호시노 미즈키,서울미디어코믹스(서울문화사),2024-06,5400,9.6,8946,345,2026-09-01T10:41:52+09:00,417,72,8925,21,0,0
387160732,반딧불이의 혼례 9,반딧불이의 혼례,9,,,타치바나 오레코,서울미디어코믹스(서울문화사),2026-02,7650,9.7,8338,346,2026-09-01T10:41:52+09:00,503,157,8405,-67,0,0
353421098,불가항력의 I LOVE YOU 3,불가항력의 I LOVE YOU,3,,,호시노 미즈키,서울미디어코믹스(서울문화사),2024-12,5400,9.3,7756,347,2026-09-01T10:41:52+09:00,356,9,7797,-41,0,0
392518949,GACHIAKUTA 17,GACHIAKUTA,17,,,케이 우라나,학산문화사(만화),2026-05,5400,10.0,7685,348,2026-09-01T10:41:52+09:00,422,74,7680,5,0,0
323339691,주술회전 23,주술회전,23,,- 별과 기름,아쿠타미 게게,서울미디어코믹스(서울문화사),2023-08,5400,9.9,7589,349,2026-09-01T10:41:52+09:00,509,160,7497,92,0,0
335258160,향기로운 꽃은 늠름하게 핀다 6,향기로운 꽃은 늠름하게 핀다,6,,,미카미 사카,대원씨아이(만화),2024-02,5400,10.0,7421,350,2026-09-01T10:41:52+09:00,424,74,7356,65,0,0
397592223,애태울 정도의 사랑을 알아라 3,애태울 정도의 사랑을 알아라,3,,- 완결,쿄노 마코,학산문화사(만화),2026-07,6300,10.0,7415,351,2026-09-01T10:41:52+09:00,423,72,7325,90,0,0
375360162,향기로운 꽃은 늠름하게 핀다 17,향기로운 꽃은 늠름하게 핀다,17,,,미카미 사카,대원씨아이(만화),2025-10,5400,,7064,352,2026-09-01T10:41:52+09:00,426,74,7080,-16,0,0
343487620,향기로운 꽃은 늠름하게 핀다 10,향기로운 꽃은 늠름하게 핀다,10,,,미카미 사카,대원씨아이(만화),2024-07,5400,9.9,7041,353,2026-09-01T10:41:52+09:00,510,157,6977,64,0,0
318850889,마루는 강쥐 1,마루는 강쥐,1,,,모죠,문페이스,2023-07,14400,10.0,6996,354,2026-09-01T10:41:52+09:00,427,73,6890,106,0,0
350620490,향기로운 꽃은 늠름하게 핀다 11,향기로운 꽃은 늠름하게 핀다,11,,,미카미 사카,대원씨아이(만화),2024-10,5400,9.8,6928,355,2026-09-01T10:41:52+09:00,511,156,6862,66,0,0
385131682,야마다 군과 Lv999의 사랑을 하다 6,야마다 군과 Lv999의 사랑을 하다,6,,,마시로,디앤씨미디어(주)(D&C미디어),2026-01,7200,9.8,6361,356,2026-09-01T10:41:52+09:00,254,-102,6536,-175,0,0
385131551,야마다 군과 Lv999의 사랑을 하다 5,야마다 군과 Lv999의 사랑을 하다,5,,,마시로,디앤씨미디어(주)(D&C미디어),2026-01,7200,9.8,6379,357,2026-09-01T10:41:52+09:00,311,-46,6504,-125,0,0
298605722,헌터x헌터 HunterXHunter 신장판 32,헌터x헌터 HunterXHunter 신장판,32,,,토가시 요시히로,학산문화사(만화),2013-12,5400,,6108,358,2026-09-01T10:41:52+09:00,312,-46,6242,-134,0,0
392509889,애태울 정도의 사랑을 알아라 2,애태울 정도의 사랑을 알아라,2,,,쿄노 마코,학산문화사(만화),2026-05,6300,9.9,6290,359,2026-09-01T10:41:52+09:00,431,72,6160,130,0,0
398197212,비실비실 선생님 15 (특별판),비실비실 선생님,15,특별판,- 패키지 박스 + 초판한정 일러스트 폴라로이드 카드 1종 + 캐릭터 아크릴 스탠드 1종 + 아크릴 키링 2종 + 포토카드 4종 + 미니포스터 1종,후쿠치 카미오,대원씨아이(만화),2026-07,27000,,6070,360,2026-09-01T10:41:52+09:00,432,72,5905,165,0,0
394695720,바닷바람과 용의 보금자리 2,바닷바람과 용의 보금자리,2,,,시마 아사토,학산문화사(만화),2026-06,6300,10.0,5885,361,2026-09-01T10:41:52+09:00,433,72,5805,80,0,0
382041006,사카모토 데이즈 24,사카모토 데이즈,24,,- 감전 주의,스즈키 유우토,대원씨아이(만화),2025-12,5850,,5560,362,2026-09-01T10:41:52+09:00,360,-2,5689,-129,0,0
354729574,주술회전 28,주술회전,28,,- 인외마경 신주쿠 결전 : 9점 점바둑,아쿠타미 게게,서울미디어코믹스(서울문화사),2024-12,5400,10.0,5069,363,2026-09-01T10:41:52+09:00,314,-49,5148,-79,0,0
373998674,야마다 군과 Lv999의 사랑을 하다 1,야마다 군과 Lv999의 사랑을 하다,1,,,마시로,디앤씨미디어(주)(D&C미디어),2025-09,7200,9.8,5095,364,2026-09-01T10:41:52+09:00,362,-2,4968,127,0,0
373999390,야마다 군과 Lv999의 사랑을 하다 3,야마다 군과 Lv999의 사랑을 하다,3,,,마시로,디앤씨미디어(주)(D&C미디어),2025-09,7200,9.8,4932,365,2026-09-01T10:41:52+09:00,443,78,4817,115,0,0
373999147,야마다 군과 Lv999의 사랑을 하다 2,야마다 군과 Lv999의 사랑을 하다,2,,,마시로,디앤씨미디어(주)(D&C미디어),2025-09,7200,9.8,4890,366,2026-09-01T10:41:52+09:00,363,-3,4763,127,0,0
246152488,여름 안에서,여름 안에서,,,,성률,문학동네,2020-07,17550,8.1,4711,367,2026-09-01T10:41:52+09:00,316,-51,4751,-40,0,0
311653748,헌터x헌터 HunterXHunter 신장판 11,헌터x헌터 HunterXHunter 신장판,11,,,토가시 요시히로,학산문화사(만화),2014-09,5400,,4360,368,2026-09-01T10:41:52+09:00,366,-2,4354,6,0,0
295866022,하이큐!! 45,하이큐!!,45,,"- 완결, 도전자들",후루다테 하루이치,대원씨아이(만화),2020-12,4950,10.0,4413,369,2026-09-01T10:41:52+09:00,533,164,4196,217,0,0
397745987,Myther 2,Myther,2,,"- S코믹스 /초판 한정 양면 일러스트 카드, 초판 한정 PET 일러스트 카드",야츠다 테키,㈜소미미디어,2026-07,6300,,4065,370,2026-09-01T10:41:52+09:00,370,0,4095,-30,0,0
298051256,헌터x헌터 HunterXHunter 신장판 17,헌터x헌터 HunterXHunter 신장판,17,,,토가시 요시히로,학산문화사(만화),2015-06,5400,,4129,371,2026-09-01T10:41:52+09:00,448,77,4003,126,0,0
362211849,주술회전 29,주술회전,29,,- 인외마경 신주쿠 결전 -사활-,아쿠타미 게게,서울미디어코믹스(서울문화사),2025-04,5400,10.0,3880,372,2026-09-01T10:41:52+09:00,320,-52,3950,-70,0,0
394015605,나나 NANA 완전판 9,나나 NANA 완전판,9,,"- 초판 한정: PP엽서 1종, 포토카드 1종",야자와 아이,학산문화사(만화),2026-05,10800,,3480,373,2026-09-01T10:41:52+09:00,374,1,3450,30,0,0
372904974,인간실격 무삭제판 1~3 세트- 전3권,인간실격 무삭제판 1~3 세트- 전3권,,,,이토 준지,미우(대원씨아이),2020-08,34560,,3341,374,2026-09-01T10:41:52+09:00,236,-138,3408,-67,0,0
301058589,헌터x헌터 HunterXHunter 신장판 19,헌터x헌터 HunterXHunter 신장판,19,,,토가시 요시히로,학산문화사(만화),2015-08,5400,,3414,375,2026-09-01T10:41:52+09:00,375,0,3402,12,0,0
391205558,황천의 츠가이 9,황천의 츠가이,9,,,아라카와 히로무,대원씨아이(만화),2025-11,5850,,3295,376,2026-09-01T10:41:52+09:00,289,-87,3390,-95,0,0
400225649,인생 역전 3,인생 역전,3,,- S Novel,D,㈜소미미디어,2026-08,7650,,3100,377,2026-09-01T10:41:52+09:00,291,-86,3130,-30,0,0
398906133,벨 푸페의 슈퍼달링 약혼 2,벨 푸페의 슈퍼달링 약혼,2,,- 코믹,셀렌,학산문화사(만화),2026-07,6300,,3125,378,2026-09-01T10:41:52+09:00,455,77,3000,125,0,0
398869812,창천항로 애장판 3,창천항로 애장판,3,,,킹곤타,대원씨아이(만화),2026-07,16200,,2675,379,2026-09-01T10:41:52+09:00,461,82,2675,0,0,0
399486670,서유요원전 서역편 : 화염산의 장 4,서유요원전 서역편 : 화염산의 장,4,,,모로호시 다이지로,문학동네,2026-07,9900,,2635,380,2026-09-01T10:41:52+09:00,382,2,2490,145,0,0
399056156,보이는 여고생 12,보이는 여고생,12,,- 픽시하우스,이즈미 토모키,데이즈엔터(주),2026-08,7200,,2650,381,2026-09-01T10:41:52+09:00,558,177,2485,165,0,0
399594642,동거하는 검성 여스승이 너무 귀여워서 매일 행복합니다 1,동거하는 검성 여스승이 너무 귀여워서 매일 행복합니다,1,,,R_링고,길찾기,2026-06,7200,10.0,2520,382,2026-09-01T10:41:52+09:00,293,-89,2470,50,0,0
399486641,서유요원전 서역편 : 화염산의 장 3,서유요원전 서역편 : 화염산의 장,3,,,모로호시 다이지로,문학동네,2026-07,9900,,2635,383,2026-09-01T10:41:52+09:00,465,82,2470,165,0,0
232336577,달빛천사 애장판 3,달빛천사 애장판,3,,,타네무라 아리나,서울미디어코믹스(서울문화사),2020-02,8550,10.0,2607,384,2026-09-01T10:41:52+09:00,568,184,2447,160,0,0
232338320,달빛천사 애장판 4,달빛천사 애장판,4,,- 완결,타네무라 아리나,서울미디어코믹스(서울문화사),2020-02,8550,10.0,2582,385,2026-09-01T10:41:52+09:00,569,184,2422,160,0,0
400197883,망각 배터리 23,망각 배터리,23,,,에코 미카와,서울미디어코믹스(서울문화사),2026-08,5400,,2410,386,2026-09-01T10:41:52+09:00,384,-2,2400,10,0,0
333640869,먼작귀 5 (레터북 포함 특별판),먼작귀,5,레터북 포함 특별판,- 먼가 작고 귀여운 녀석,나가노,미우(대원씨아이),2024-02,23400,10.0,2247,387,2026-09-01T10:41:52+09:00,385,-2,2277,-30,0,0
399926241,어쨌든 귀여워 25,어쨌든 귀여워,25,,- S코믹스,하타 켄지로,㈜소미미디어,2026-08,6300,,1960,388,2026-09-01T10:41:52+09:00,241,-147,2120,-160,0,0
399953662,히마텐! 4,히마텐!,4,,- SL Comic,오노 겐키,디앤씨미디어(주)(D&C미디어),2026-08,6300,,1960,389,2026-09-01T10:41:52+09:00,264,-125,1970,-10,0,0
400001034,피토스포룸 첫 번째 잎,피토스포룸 첫 번째 잎,,,,미카미 시노,인디고,2026-08,6300,10.0,1920,390,2026-09-01T10:41:52+09:00,334,-56,1910,10,0,0
397810577,쪽팔려게임 1~2 세트 - 전2권,쪽팔려게임 1~2 세트 - 전2권,,,"- 초판 한정 부록 : 1권,2권 엽서 2종 + 학생증 2종 + 면지에 작가님 친필 사인(인쇄본)",봉수,네이버웹툰,2026-09,28800,,2045,391,2026-09-01T10:41:52+09:00,468,77,1890,155,0,0
400245307,나쁜 X에게 행복 있으라 6,나쁜 X에게 행복 있으라,6,,,키시카와 미즈키,학산문화사(만화),2026-08,5400,,1760,392,2026-09-01T10:41:52+09:00,296,-96,1820,-60,0,0
395945478,향기로운 꽃은 늠름하게 핀다 9,향기로운 꽃은 늠름하게 핀다,9,,,미카미 사카,대원씨아이(만화),2026-06,6300,,1715,393,2026-09-01T10:41:52+09:00,584,191,1655,60,0,0
399973834,라라의 결혼 8,라라의 결혼,8,,,타메코우,블랑코믹스(BLANC COMICS),2026-08,6300,,1580,394,2026-09-01T10:41:52+09:00,297,-97,1550,30,0,0
394214000,11번째 고양이는 네네 1,11번째 고양이는 네네,1,,"- 초판 한정 PET 스탠드, 판 스티커 2종, 일러스트 카드",하리카모,오팬스코믹,2026-05,6300,9.9,1605,395,2026-09-01T10:41:52+09:00,479,84,1530,75,0,0
400669097,서뱀프 Servamp 23~24 세트 - 전2권,서뱀프 Servamp 23~24 세트 - 전2권,,,"- 판도라 코믹스, 완결 ,초판 한정 일러스트 카드 2종, 16P 소책자, big 엽서 1종",타나카 스트라이크,조은세상(북두),2026-08,13500,,1230,396,2026-09-01T10:41:52+09:00,266,-130,1440,-210,0,0
385894622,먼작귀 2 (그림책 포함 특별판),먼작귀,2,그림책 포함 특별판,- 먼가 작고 귀여운 녀석,나가노,미우(대원씨아이),2022-08,17820,,1285,397,2026-09-01T10:41:52+09:00,389,-8,1335,-50,0,0
400006756,녹는 눈과 아가판서스 1,녹는 눈과 아가판서스,1,,- 코믹 레인 / 초판한정 특별부록 : 띠지+일러스트 카드,나우치,미스터블루,2026-08,7200,,1250,398,2026-09-01T10:41:52+09:00,482,84,1180,70,0,0
399973937,코믹 무직전생 21,코믹 무직전생,21,,- 이세계에 갔으면 최선을 다한다,후지카와 유카,학산문화사(만화),2026-08,5400,,1310,399,2026-09-01T10:41:52+09:00,396,-3,1100,210,0,0
400734025,건강하고 문화적인 최저한도의 생활 12,건강하고 문화적인 최저한도의 생활,12,,,가시와기 하루코,문학동네,2026-08,8820,,870,400,2026-09-01T10:41:52+09:00,342,-58,830,40,0,0
400586291,도쿄대 세 자매 2,도쿄대 세 자매,2,,,이소야 유키,대원씨아이(만화),2026-08,5850,,830,401,2026-09-01T10:41:52+09:00,488,87,780,50,0,0
401008380,렛츠고 괴기조 5,렛츠고 괴기조,5,,,View,㈜에스엠지크리에이티브(고은문화사),2026-08,5850,,480,402,2026-09-01T10:41:52+09:00,404,2,550,-70,0,0
400856443,응원 걸! 1,응원 걸!,1,,,다나카 유치아,대원씨아이(만화),2026-08,5400,10.0,570,403,2026-09-01T10:41:52+09:00,345,-58,530,40,0,0
401047138,장송의 프리렌 10,장송의 프리렌,10,,,야마다 카네히토,학산문화사(만화),2026-08,6300,,530,404,2026-09-01T10:41:52+09:00,495,91,480,50,0,0
400856416,벼랑 끝의 영애는 흑기사님을 반하게 하고 싶어 1,벼랑 끝의 영애는 흑기사님을 반하게 하고 싶어,1,,,스오우,대원씨아이(만화),2026-08,5850,,600,405,2026-09-01T10:41:52+09:00,620,215,460,140,0,0
401049347,냄비로 총알을 막아내며 3,냄비로 총알을 막아내며,3,,,아오키 준타로,블루픽,2026-08,7200,,510,406,2026-09-01T10:41:52+09:00,493,87,410,100,0,0
401049303,냄비로 총알을 막아내며 2,냄비로 총알을 막아내며,2,,,아오키 준타로,블루픽,2026-08,7200,,510,407,2026-09-01T10:41:52+09:00,494,87,410,100,0,0
385946226,만화의 원리,만화의 원리,,,,이리에 아키,대원씨아이(만화),2026-02,21600,9.4,17547,408,2026-09-01T10:41:52+09:00,346,-62,17595,-48,0,0
366123624,스파이 패밀리 15,스파이 패밀리,15,,,엔도 타츠야,학산문화사(만화),2025-06,5400,9.9,16010,409,2026-09-01T10:41:52+09:00,621,212,15847,163,0,0
391943528,엄마를 만나러 가는 길,엄마를 만나러 가는 길,,,"- 모리의 스티커북 /초판 한정 부록: 투명 북마크,작가 친필 사인 면지에 인쇄",고먕,네이버웹툰,2026-06,15300,10.0,11725,410,2026-09-01T10:41:52+09:00,272,-138,11955,-230,0,0
387708305,월간순정 노자키 군 17,월간순정 노자키 군,17,,,츠바키 이즈미,학산문화사(만화),2026-03,5400,9.8,11539,411,2026-09-01T10:41:52+09:00,625,214,11445,94,0,0
368125805,장송의 프리렌 14,장송의 프리렌,14,,,야마다 카네히토,학산문화사(만화),2025-07,5400,9.8,11009,412,2026-09-01T10:41:52+09:00,409,-3,11026,-17,0,0
389009894,오무라이스 잼잼 16,오무라이스 잼잼,16,,,조경규,송송책방,2026-04,18900,10.0,10717,413,2026-09-01T10:41:52+09:00,308,-105,10822,-105,0,0
366700348,신부이야기 15,신부이야기,15,,,모리 카오루,대원씨아이(만화),2025-06,7200,9.4,10610,414,2026-09-01T10:41:52+09:00,412,-2,10436,174,0,0
299392454,자연스러운 인체 드로잉,자연스러운 인체 드로잉,,,- 해부학부터 옷 주름까지 배우는,소은 박경선,동양북스(동양문고),2022-08,21150,10.0,9733,415,2026-09-01T10:41:52+09:00,415,0,9876,-143,0,0
387062834,백귀야행 31,백귀야행,31,,,이마 이치코,시공사(만화),2026-02,7200,9.8,8370,416,2026-09-01T10:41:52+09:00,419,3,8535,-165,0,0
342785369,불가항력의 I LOVE YOU 2,불가항력의 I LOVE YOU,2,,,호시노 미즈키,서울미디어코믹스(서울문화사),2024-07,5400,9.4,8236,417,2026-09-01T10:41:52+09:00,420,3,8412,-176,0,0
327563621,향기로운 꽃은 늠름하게 핀다 2,향기로운 꽃은 늠름하게 핀다,2,,,미카미 사카,대원씨아이(만화),2023-10,5400,9.8,8263,418,2026-09-01T10:41:52+09:00,629,211,8130,133,0,0
294401024,헌터x헌터 HunterXHunter 신장판 34,헌터x헌터 HunterXHunter 신장판,34,,,토가시 요시히로,학산문화사(만화),2018-05,5400,,7764,419,2026-09-01T10:41:52+09:00,310,-109,7901,-137,0,0
307634607,주술회전 21,주술회전,21,,- 도쿄 제2콜로니 -호운-,아쿠타미 게게,서울미디어코믹스(서울문화사),2022-12,5400,9.7,7743,420,2026-09-01T10:41:52+09:00,508,88,7774,-31,0,0
329206984,향기로운 꽃은 늠름하게 핀다 3,향기로운 꽃은 늠름하게 핀다,3,,,미카미 사카,대원씨아이(만화),2023-11,5400,10.0,7716,421,2026-09-01T10:41:52+09:00,507,86,7576,140,0,0
294032766,헌터x헌터 HunterXHunter 신장판 1,헌터x헌터 HunterXHunter 신장판,1,,,토가시 요시히로,학산문화사(만화),2013-07,5400,10.0,6338,422,2026-09-01T10:41:52+09:00,357,-65,6448,-110,0,0
398903862,보이시한 여자친구가 너무 귀여워 5 (특장판),보이시한 여자친구가 너무 귀여워,5,특장판,- 특장판 구성: 단행본 + 48P 소책자 + 초판특전 폴라로이드 사진 + 초판 특전 카메라 렌즈 속 투샷 사진,규뉴무기고항,서울미디어코믹스(서울문화사),2026-07,10800,,6110,423,2026-09-01T10:41:52+09:00,358,-65,6210,-100,0,0
216773326,그 비스크 돌은 사랑을 한다 1,그 비스크 돌은 사랑을 한다,1,,- S코믹스,후쿠다 신이치,㈜소미미디어,2019-11,6300,9.4,6156,424,2026-09-01T10:41:52+09:00,514,90,6029,127,0,0
386563480,단다단 19,단다단,19,,,타츠 유키노부,대원씨아이(만화),2026-02,5400,10.0,5876,425,2026-09-01T10:41:52+09:00,516,91,5904,-28,0,0
397021753,완전 쓰레기인 와타라세인데 3,완전 쓰레기인 와타라세인데,3,,,나카가와 파리,대원씨아이(만화),2026-06,5400,9.7,5315,426,2026-09-01T10:41:52+09:00,436,10,5350,-35,0,0
398289014,첫사랑은 나의 오빠 1,첫사랑은 나의 오빠,1,,,카스미 유코,서울미디어코믹스(서울문화사),2026-07,5850,9.3,5350,427,2026-09-01T10:41:52+09:00,518,91,5285,65,0,0
380811247,스킵 비트! 50,스킵 비트!,50,,,나카무라 요시키,시공사(만화),2025-12,5850,9.7,5004,428,2026-09-01T10:41:52+09:00,440,12,5085,-81,0,0
399052013,THE ART OF SOLO LEVELING : 웹툰 「나 혼자만 레벨업」 공식 아트북,THE ART OF SOLO LEVELING : 웹툰 「나 혼자만 레벨업」 공식 아트북,,,,장성락(REDICE STUDIO),디앤씨미디어(주)(D&C미디어),2026-08,43200,,4750,429,2026-09-01T10:41:52+09:00,315,-114,4855,-105,0,0
398199313,이번 생은 가주가 되겠습니다 2부 6 (특장판),이번 생은 가주가 되겠습니다 2부,6,특장판,- 만화 / 특장판 구성: 단행본 + 아크릴 스탠드 1종 + 책갈피 2종 + 엽서 5종 + 패키지 박스,앤트스튜디오,디앤씨웹툰비즈,2026-07,24300,,4680,430,2026-09-01T10:41:52+09:00,439,9,4740,-60,0,0
398418968,황천의 츠가이 11 (특별판),황천의 츠가이,11,특별판,- 초판부록 2종 + 패키지 박스 + 운명의 쌍둥이 아크릴 스탠드 2종 + 팬던트 아크릴 참 키링 1종+ 시그니처 포토카드 1종 + 빅 캔배지 1종 + 홀로그램 카드 2종,아라카와 히로무,대원씨아이(만화),2026-07,25650,10.0,4595,431,2026-09-01T10:41:52+09:00,444,13,4675,-80,0,0
389890523,타워 던전 5,타워 던전,5,,,니헤이 츠토무,학산문화사(만화),2026-04,6300,9.9,4871,432,2026-09-01T10:41:52+09:00,796,364,4634,237,0,0
386059133,나 혼자만 레벨업 : 라그나로크 2,나 혼자만 레벨업 : 라그나로크,2,,- 만화,,디앤씨웹툰비즈,2026-02,14400,7.0,4337,433,2026-09-01T10:41:52+09:00,364,-69,4346,-9,0,0
389641178,황천의 츠가이 5,황천의 츠가이,5,,,아라카와 히로무,대원씨아이(만화),2024-03,5850,,4186,434,2026-09-01T10:41:52+09:00,367,-67,4281,-95,0,0
392518926,오가미 츠미키와 기일상 6,오가미 츠미키와 기일상,6,,,모리시타 미유,학산문화사(만화),2026-05,5400,9.3,4335,435,2026-09-01T10:41:52+09:00,531,96,4230,105,0,0
374337173,장례식 케이크 전문점 연옥당 3,장례식 케이크 전문점 연옥당,3,,"- 양장, 완결",산호,문학동네,2025-10,19800,9.7,4185,436,2026-09-01T10:41:52+09:00,446,10,4215,-30,0,0
294154150,헌터x헌터 HunterXHunter 신장판 12,헌터x헌터 HunterXHunter 신장판,12,,,토가시 요시히로,학산문화사(만화),2014-09,5400,,4085,437,2026-09-01T10:41:52+09:00,319,-118,4195,-110,0,0
394711835,악마에 입문했습니다! 이루마 군 : if Episode of 마피아 7,악마에 입문했습니다! 이루마 군 : if Episode of 마피아,7,,,니시 오사무,서울미디어코믹스(서울문화사),2026-06,5850,,3935,438,2026-09-01T10:41:52+09:00,368,-70,4020,-85,0,0
395849750,놀이의 관계 1,놀이의 관계,1,,"- 초판 한정: 책갈피, 양면 커버, 양면 일러스트 카드, S Novel",아오이 세키나,㈜소미미디어,2026-06,7650,10.0,4330,439,2026-09-01T10:41:52+09:00,672,233,3985,345,0,0
390940611,이로하의 글이 이끄는 -눈 녹는 길-,이로하의 글이 이끄는 -눈 녹는 길-,,,,하나모리,시플리,2026-04,6300,9.1,3868,440,2026-09-01T10:41:52+09:00,369,-71,3894,-26,0,0
7633452,오란고교 호스트부 Fanbook,오란고교 호스트부 Fanbook,,,- 콩닥♥두근☆공략 대작전,하토리 비스코,학산문화사(만화),2010-08,6300,9.8,3889,441,2026-09-01T10:41:52+09:00,447,6,3959,-70,0,0
300919038,헌터x헌터 HunterXHunter 신장판 13,헌터x헌터 HunterXHunter 신장판,13,,,토가시 요시히로,학산문화사(만화),2014-12,5400,,3860,442,2026-09-01T10:41:52+09:00,371,-71,3845,15,0,0
322441129,꿈빛 파티시엘 신장판 2,꿈빛 파티시엘 신장판,2,,,마츠모토 나츠미,대원씨아이(만화),2023-08,5400,,3975,443,2026-09-01T10:41:52+09:00,665,222,3840,135,0,0
399404721,오디세이아를 한 번도 안 읽어 볼 수는 없잖아,오디세이아를 한 번도 안 읽어 볼 수는 없잖아,,,,Team. StoryG,oldstairs(올드스테어즈),2026-07,21600,9.3,3670,444,2026-09-01T10:41:52+09:00,235,-209,3800,-130,0,0
290233284,하이큐!! 42,하이큐!!,42,,- 무엇,후루다테 하루이치,대원씨아이(만화),2020-07,4950,,3791,445,2026-09-01T10:41:52+09:00,537,92,3760,31,0,0
301073130,하이큐!! 44,하이큐!!,44,,- 최강의 적,후루다테 하루이치,대원씨아이(만화),2020-11,4950,,3811,446,2026-09-01T10:41:52+09:00,538,92,3693,118,0,0
380346507,더블크로스 The 3rd Edition 룰북 1,더블크로스 The 3rd Edition 룰북,1,,,F.E.A.R,데이즈엔터(주),2025-12,13500,,3496,447,2026-09-01T10:41:52+09:00,450,3,3612,-116,0,0
298280739,헌터x헌터 HunterXHunter 신장판 16,헌터x헌터 HunterXHunter 신장판,16,,,토가시 요시히로,학산문화사(만화),2015-04,5400,,3499,448,2026-09-01T10:41:52+09:00,373,-75,3523,-24,0,0
397898246,역대급 영지 설계사 9,역대급 영지 설계사,9,,- 초판 한정 작가진 친필 사인 인쇄본 + 표지 일러스트 엽서 + 캐릭터 카드 3종,이현민,문페이스,2026-07,14400,,3515,449,2026-09-01T10:41:52+09:00,539,90,3450,65,0,0
394239585,사피엔스: 그래픽 히스토리 시리즈 세트 - 전4권,사피엔스: 그래픽 히스토리 시리즈 세트 - 전4권,,,,,김영사,2026-05,71280,9.3,3180,450,2026-09-01T10:41:52+09:00,325,-125,3260,-80,0,0
398009982,한구석의 기억 1,한구석의 기억,1,,,키요나가 타마고,빗금,2026-07,6750,10.0,3330,451,2026-09-01T10:41:52+09:00,678,227,3150,180,0,0
301917562,오란고교 호스트부 1,오란고교 호스트부,1,,,하토리 비스코,학산문화사(만화),2004-02,5400,8.0,3114,452,2026-09-01T10:41:52+09:00,453,1,3141,-27,0,0
398833327,이 결혼은 어차피 망하게 되어 있다 8,이 결혼은 어차피 망하게 되어 있다,8,,,,영컴(YOUNG COM),2026-07,15120,,2965,453,2026-09-01T10:41:52+09:00,326,-127,3125,-160,0,0
397592282,아오이 군의 음담패설은 참을 수 없어!! 2,아오이 군의 음담패설은 참을 수 없어!!,2,,,mmk,학산문화사(만화),2026-07,6300,,3060,454,2026-09-01T10:41:52+09:00,456,2,3080,-20,0,0
397022214,창천항로 애장판 2,창천항로 애장판,2,,,킹곤타,대원씨아이(만화),2026-06,16200,10.0,2970,455,2026-09-01T10:41:52+09:00,549,94,3075,-105,0,0
344711200,명탐정 코난 105 (특장판),명탐정 코난,105,특장판,- 초기 설정집 노트 + 아크릴 스탠드(PET) + 스티커 2종,아오야마 고쇼,서울미디어코믹스(서울문화사),2024-08,9000,10.0,2940,456,2026-09-01T10:41:52+09:00,457,1,2957,-17,0,0
399290916,우리 반리가 신세 좀 지겠습니다 4,우리 반리가 신세 좀 지겠습니다,4,,,카이도 치토세,대원씨아이(만화),2026-07,5400,,2775,457,2026-09-01T10:41:52+09:00,327,-130,2900,-125,0,0
323116716,얼굴만으론 좋아할 수 없어요 1,얼굴만으론 좋아할 수 없어요,1,,,안자이 카린,서울미디어코믹스(서울문화사),2022-01,5400,7.0,2925,458,2026-09-01T10:41:52+09:00,553,95,2861,64,0,0
393696313,창천항로 애장판 1,창천항로 애장판,1,,,킹곤타,대원씨아이(만화),2026-05,16200,6.4,2695,459,2026-09-01T10:41:52+09:00,463,4,2820,-125,0,0
309292959,무로이 야스오의 캐릭터 얼굴 & 바스트업 작화 기술,무로이 야스오의 캐릭터 얼굴 & 바스트업 작화 기술,,,,무로이 야스오,영진.com(영진닷컴),2023-02,18000,9.4,2934,460,2026-09-01T10:41:52+09:00,686,226,2794,140,0,0
320637311,정반대의 너와 나 1,정반대의 너와 나,1,,,아가사와 코챠,학산문화사(만화),2023-07,5400,9.8,2906,461,2026-09-01T10:41:52+09:00,684,223,2758,148,0,0
393153006,마가이모노 1,마가이모노,1,,"- 위작, S코믹스",쿠로카와 유미,㈜소미미디어,2026-05,8100,9.6,2775,462,2026-09-01T10:41:52+09:00,554,92,2705,70,0,0
399973609,켄투리아 6,켄투리아,6,,,쿠라모리 토오루,학산문화사(만화),2026-08,5400,10.0,2620,463,2026-09-01T10:41:52+09:00,460,-3,2650,-30,0,0
393313791,추우면 변하는 헤비가미 군 1,추우면 변하는 헤비가미 군,1,,"- 초판 한정 특전: 띠지, 스티커, PET 스탠드, 투명 책갈피, SL Comic",쿠리미야,디앤씨미디어(주)(D&C미디어),2026-05,6300,8.5,2520,464,2026-09-01T10:41:52+09:00,380,-84,2640,-120,0,0
379189364,발화 1,발화,1,,,영재영,레진코믹스(레진엔터테인먼트),2025-12,14400,10.0,2700,465,2026-09-01T10:41:52+09:00,378,-87,2640,60,0,0
394833578,장송의 프리렌 1,장송의 프리렌,1,,,야마다 카네히토,학산문화사(만화),2021-11,6300,,2705,466,2026-09-01T10:41:52+09:00,694,228,2615,90,0,0
334780507,얼굴만으론 좋아할 수 없어요 2,얼굴만으론 좋아할 수 없어요,2,,,안자이 카린,서울미디어코믹스(서울문화사),2022-04,5400,,2562,467,2026-09-01T10:41:52+09:00,462,-5,2573,-11,0,0
396593327,일본삼국 7,일본삼국,7,,,마쓰키 잇카,재담,2026-06,7200,10.0,2435,468,2026-09-01T10:41:52+09:00,383,-85,2495,-60,0,0
349941684,정반대의 너와 나 5,정반대의 너와 나,5,,,아가사와 코챠,학산문화사(만화),2024-10,5400,9.9,2585,469,2026-09-01T10:41:52+09:00,885,416,2320,265,0,0
344689794,네가 죽을 때까지 사랑하고 싶어 7,네가 죽을 때까지 사랑하고 싶어,7,,,나치 아오노,학산문화사(만화),2024-08,5400,10.0,2350,470,2026-09-01T10:41:52+09:00,387,-83,2320,30,0,0
395945174,너와 우주를 걷기 위하여 5,너와 우주를 걷기 위하여,5,,,도로노다 이누히코,학산문화사(만화),2026-06,5400,9.7,2350,471,2026-09-01T10:41:52+09:00,566,95,2285,65,0,0
399055863,다크 개더링 1,다크 개더링,1,,- 픽시하우스 /초판 한정: 띠지 + 일러스트 카드,콘도 켄이치,코믹레인,2026-08,6300,10.0,2105,472,2026-09-01T10:41:52+09:00,467,-5,2085,20,0,0
400001064,피토스포룸 두 번째 잎,피토스포룸 두 번째 잎,,,,미카미 시노,인디고,2026-08,6300,10.0,1890,473,2026-09-01T10:41:52+09:00,332,-141,1980,-90,0,0
400001881,무서운 책 6,무서운 책,6,,- 괴물,우메즈 카즈오,AK(에이케이)커뮤니케이션즈,2026-08,9000,,2100,474,2026-09-01T10:41:52+09:00,472,-2,1940,160,0,0
337058152,블리치 리믹스 1,블리치 리믹스,1,,,쿠보 타이토,서울미디어코믹스(서울문화사),2024-03,10800,8.0,1812,475,2026-09-01T10:41:52+09:00,475,0,1852,-40,0,0
400150238,남편을 내 편으로 만드는 방법 5,남편을 내 편으로 만드는 방법,5,,,시루,캐롯툰,2026-10,14400,10.0,2130,476,2026-09-01T10:41:52+09:00,477,1,1850,280,0,0
366271674,정반대의 너와 나 7,정반대의 너와 나,7,,,아가사와 코챠,학산문화사(만화),2025-06,5400,9.9,1962,477,2026-09-01T10:41:52+09:00,578,101,1844,118,0,0
335854597,얼굴만으론 좋아할 수 없어요 9,얼굴만으론 좋아할 수 없어요,9,,,안자이 카린,서울미디어코믹스(서울문화사),2024-03,5400,10.0,1908,478,2026-09-01T10:41:52+09:00,574,96,1837,71,0,0
385522632,절대 BL이 되는 세계 & 절대 BL이 되지 않는 고교 생활 1,절대 BL이 되는 세계 & 절대 BL이 되지 않는 고교 생활,1,,,콘키치,학산문화사(만화),2026-02,7200,9.1,1897,479,2026-09-01T10:41:52+09:00,575,96,1818,79,0,0
310882441,먼작귀 3 (카드놀이 포함 특별판),먼작귀,3,카드놀이 포함 특별판,"- 카드놀이 세트: 카드 96장(문장 카드 46장, 그림 카드 46장) + 설명서 1장",나가노,미우(대원씨아이),2023-02,24300,4.0,1778,480,2026-09-01T10:41:52+09:00,474,-6,1818,-40,0,0
399050317,블루 피리어드 6 (더블 특전판),블루 피리어드,6,더블 특전판,"- 시프트코믹스 /초판 더블 특전 : 일러스트 카드 1종, 박티켓 책갈피 1종",야마구치 츠바사,YNK MEDIA(만화),2026-07,5400,,1930,481,2026-09-01T10:41:52+09:00,579,98,1800,130,0,0
296275956,네가 죽을 때까지 사랑하고 싶어 2,네가 죽을 때까지 사랑하고 싶어,2,,,나치 아오노,학산문화사(만화),2021-02,5400,,1788,482,2026-09-01T10:41:52+09:00,476,-6,1738,50,0,0
399056069,다크 개더링 2,다크 개더링,2,,- 픽시하우스 /초판 한정: 띠지 + 일러스트 카드,콘도 켄이치,코믹레인,2026-08,6300,,1715,483,2026-09-01T10:41:52+09:00,478,-5,1670,45,0,0
391289012,재혼황후 10,재혼황후,10,,- 만화,히어리,영컴(YOUNG COM),2026-03,14400,,1633,484,2026-09-01T10:41:52+09:00,585,101,1609,24,0,0
396089286,향기로운 꽃은 늠름하게 핀다 13,향기로운 꽃은 늠름하게 핀다,13,,,미카미 사카,대원씨아이(만화),2026-06,6300,,1640,485,2026-09-01T10:41:52+09:00,722,237,1555,85,0,0
400001277,할렐루야 베이비 5,할렐루야 베이비,5,,,코지마 라라,AK(에이케이)커뮤니케이션즈,2026-08,5850,,1800,486,2026-09-01T10:41:52+09:00,718,232,1550,250,0,0
396090083,향기로운 꽃은 늠름하게 핀다 8,향기로운 꽃은 늠름하게 핀다,8,,,미카미 사카,대원씨아이(만화),2026-06,6300,,1505,487,2026-09-01T10:41:52+09:00,727,240,1395,110,0,0
400224840,파랑과 아지랑이 2,파랑과 아지랑이,2,,- BB허니밀크코믹스,돈돈,㈜소미미디어,2026-08,5850,,1190,488,2026-09-01T10:41:52+09:00,339,-149,1270,-80,0,0
399046041,꿀과 극약 1,꿀과 극약,1,,,사쿠라노코우지 카노코,대원씨아이(만화),2026-07,5400,10.0,1040,489,2026-09-01T10:41:52+09:00,483,-6,1115,-75,0,0
399973927,여주인공인데 잘생긴 아이돌♂이 되었습니다?! 3,여주인공인데 잘생긴 아이돌♂이 되었습니다?!,3,,,아이젠 마나,학산문화사(만화),2026-08,5400,,1140,490,2026-09-01T10:41:52+09:00,598,108,1060,80,0,0
400136964,은하영웅전설 31,은하영웅전설,31,,,후지사키 류,학산문화사(만화),2026-08,5400,,1060,491,2026-09-01T10:41:52+09:00,394,-97,1040,20,0,0
398284900,공정 드래곤즈 21,공정 드래곤즈,21,,,쿠와바라 타쿠,대원씨아이(만화),2026-07,5400,10.0,900,492,2026-09-01T10:41:52+09:00,601,109,940,-40,0,0
400653955,마왕과 용사의 사랑의 도피 바캉스 (더블 특전판),마왕과 용사의 사랑의 도피 바캉스,,더블 특전판,"- 솔트 코믹스, 초판 더블 특전 : 만화 1P 페이퍼, 일러스트 카드 1종",바세우,YNK MEDIA(만화),2026-08,5850,,780,493,2026-09-01T10:41:52+09:00,343,-150,900,-120,0,0
400585956,통제구역관리부 4,통제구역관리부,4,,,탄광,다산코믹스,2026-08,18900,,1010,494,2026-09-01T10:41:52+09:00,600,106,870,140,0,0
352375450,못 미더운 악녀입니다만 : ~추궁접서 교체전~ 7,못 미더운 악녀입니다만 : ~추궁접서 교체전~,7,,,EI Ohitsuji,서울미디어코믹스(서울문화사),2024-11,6300,9.7,776,495,2026-09-01T10:41:52+09:00,489,-6,826,-50,0,0
339953785,못 미더운 악녀입니다만 : ~추궁접서 교체전~ 6,못 미더운 악녀입니다만 : ~추궁접서 교체전~,6,,,EI Ohitsuji,서울미디어코믹스(서울문화사),2024-05,6300,9.3,783,496,2026-09-01T10:41:52+09:00,604,108,823,-40,0,0
400594105,블랙 라군 : 청소부 소여 해체! 고어고어 무스메 4,블랙 라군 : 청소부 소여 해체! 고어고어 무스메,4,,,이다 타츠히코,서울미디어코믹스(서울문화사),2026-08,5850,10.0,800,497,2026-09-01T10:41:52+09:00,401,-96,820,-20,0,0
400652846,트릴리온 게임 10,트릴리온 게임,10,,- 시프트코믹스,이케가미 료이치,YNK MEDIA(만화),2026-08,5400,10.0,840,498,2026-09-01T10:41:52+09:00,402,-96,810,30,0,0
400649438,주인공은 될 수 없지만,주인공은 될 수 없지만,,,,모모코 스이카,레어블(Rareble),2026-08,6930,,680,499,2026-09-01T10:41:52+09:00,403,-96,700,-20,0,0
400662468,룸 투어즈 2,룸 투어즈,2,,,마츠모토 토모,서울미디어코믹스(서울문화사),2026-08,5400,10.0,760,500,2026-09-01T10:41:52+09:00,605,105,680,80,0,0
400878277,오컬트 타임즈 1 (한정판),오컬트 타임즈,1,한정판,- 일반판 초판 부록 + 아코디언 일러스트 엽서 세트 + 시로&레이 아크릴 키링,Idonchi,서울미디어코믹스(서울문화사),2026-08,22500,,490,501,2026-09-01T10:41:52+09:00,496,-5,410,80,0,0
400930360,마로니에 왕국의 7인의 기사 7,마로니에 왕국의 7인의 기사,7,,,이와모토 나오,㈜소미미디어,2026-09,6300,,460,502,2026-09-01T10:41:52+09:00,615,113,380,80,0,0
400909486,회각의 용사 2,회각의 용사,2,,,사토 타카아키,미우(대원씨아이),2026-08,5850,,460,503,2026-09-01T10:41:52+09:00,616,113,380,80,0,0
401052876,만화 이상적인 기둥서방 생활 11,만화 이상적인 기둥서방 생활,11,,,히노츠키 네코,길찾기,2026-08,6300,8.0,510,504,2026-09-01T10:41:52+09:00,748,244,310,200,0,0
399067587,매거진 조이 Vol.3 : 가비지타임,매거진 조이 Vol.3 : 가비지타임,,,- 초판 한정 : 히든카드/ 상시 특별 부록: 접지 포스터 + 북마크 4종,2사장,다산코믹스,2026-07,22500,10.0,14670,505,2026-09-01T10:41:52+09:00,305,-200,15125,-455,0,0
355678823,원피스 110,원피스,110,,- 시대의 일렁임,오다 에이치로,대원씨아이(만화),2025-01,5400,9.9,14169,506,2026-09-01T10:41:52+09:00,408,-98,14373,-204,0,0
311984400,히카루가 죽은 여름 1,히카루가 죽은 여름,1,,- SL Comic,모쿠모쿠렌,디앤씨미디어(주)(D&C미디어),2023-03,5400,9.6,11784,507,2026-09-01T10:41:52+09:00,623,116,11722,62,0,0
393239337,모모세 아키라의 첫사랑 파탄 중 5 (트리플 특전판),모모세 아키라의 첫사랑 파탄 중,5,트리플 특전판,- 스페셜 아크릴 일러스트 카드(1종) + 다양한 매력의 양면 일러스트 카드(2종),하레카와 신타,서울미디어코믹스(서울문화사),2026-05,6750,9.8,11080,508,2026-09-01T10:41:52+09:00,307,-201,11205,-125,0,0
394027323,야마다의 학급일지 4,야마다의 학급일지,4,,"- 완결, 초판 한정 : 야마다 & 무라타 일러스트 카드 3종",아오미 루이,서울미디어코믹스(서울문화사),2026-05,5850,9.8,9890,509,2026-09-01T10:41:52+09:00,499,-10,9975,-85,0,0
391479763,"사랑하라, 거짓된 천사들이여 6","사랑하라, 거짓된 천사들이여",6,,- 초판 한정 특전 : 양면 일러스트 카드 2종(지류),Coco Uzuki,서울미디어코믹스(서울문화사),2026-04,5400,10.0,9385,510,2026-09-01T10:41:52+09:00,501,-9,9520,-135,0,0
382046167,캐릭캐릭 체인지! Jewel Joker 주얼 조커 2,캐릭캐릭 체인지! Jewel Joker 주얼 조커,2,,,PEACH-PIT,서울미디어코믹스(서울문화사),2025-12,5850,9.8,9454,511,2026-09-01T10:41:52+09:00,416,-95,9416,38,0,0
358910532,명탐정 코난 106,명탐정 코난,106,,,아오야마 고쇼,서울미디어코믹스(서울문화사),2025-02,5400,10.0,9022,512,2026-09-01T10:41:52+09:00,351,-161,9271,-249,0,0
376257892,그 비스크 돌은 사랑을 한다 15,그 비스크 돌은 사랑을 한다,15,,- S코믹스,후쿠다 신이치,㈜소미미디어,2025-11,5400,9.4,8679,513,2026-09-01T10:41:52+09:00,626,113,8759,-80,0,0
338040640,사피엔스 : 그래픽 히스토리 Vol.3,사피엔스 : 그래픽 히스토리 Vol.3,,,- 역사의 배후,,김영사,2024-04,17820,9.5,8339,514,2026-09-01T10:41:52+09:00,504,-10,8330,9,0,0
388821136,중년에 지친 밤에는,중년에 지친 밤에는,,,,마스다 미리,북포레스트,2026-03,16200,9.4,7967,515,2026-09-01T10:41:52+09:00,632,117,7976,-9,0,0
316015391,주술회전 22,주술회전,22,,- 사쿠라지마 콜로니 -환생-,아쿠타미 게게,서울미디어코믹스(서울문화사),2023-05,5400,10.0,7115,516,2026-09-01T10:41:52+09:00,637,121,7149,-34,0,0
336635744,향기로운 꽃은 늠름하게 핀다 7,향기로운 꽃은 늠름하게 핀다,7,,,미카미 사카,대원씨아이(만화),2024-03,5400,10.0,7242,517,2026-09-01T10:41:52+09:00,761,244,7122,120,0,0
372708826,향기로운 꽃은 늠름하게 핀다 16,향기로운 꽃은 늠름하게 핀다,16,,,미카미 사카,대원씨아이(만화),2025-09,5400,9.8,6946,518,2026-09-01T10:41:52+09:00,636,118,6964,-18,0,0
365046389,쓰레기 기둥서방 하나 군은 죽고 싶어 해 1,쓰레기 기둥서방 하나 군은 죽고 싶어 해,1,,,아메코,대원씨아이(만화),2025-05,5850,10.0,6819,519,2026-09-01T10:41:52+09:00,428,-91,6916,-97,0,0
384668324,어린이 탐구 생활,어린이 탐구 생활,,,,이다,창비,2026-01,15120,9.9,6754,520,2026-09-01T10:41:52+09:00,512,-8,6809,-55,0,0
332987456,향기로운 꽃은 늠름하게 핀다 5,향기로운 꽃은 늠름하게 핀다,5,,,미카미 사카,대원씨아이(만화),2024-01,5400,10.0,6899,521,2026-09-01T10:41:52+09:00,638,117,6803,96,0,0
379515213,야마다 군과 Lv999의 사랑을 하다 4~6 특별판 세트 - 전3권,야마다 군과 Lv999의 사랑을 하다 4~6 특별판 세트 - 전3권,,,- 띠지 + 특별판 아크릴 북스탠드 + 특별판 아크릴 블록 + 특별판 양면 책갈피 + 일반판 일러스트 카드 3종 + 일반판 폴라로이드 카드 3종,마시로,디앤씨미디어(주)(D&C미디어),2025-12,49500,10.0,7009,522,2026-09-01T10:41:52+09:00,764,242,6744,265,0,0
389890662,약사의 혼잣말 16,약사의 혼잣말,16,,,네코쿠라게,학산문화사(만화),2026-04,5400,9.8,6325,523,2026-09-01T10:41:52+09:00,430,-93,6306,19,0,0
327556882,마루는 강쥐 2,마루는 강쥐,2,,,모죠,문페이스,2023-11,14400,10.0,6363,524,2026-09-01T10:41:52+09:00,640,116,6263,100,0,0
358910246,명탐정 코난 106 (특장판),명탐정 코난,106,특장판,- 아크릴 스탠드(PET 재질) + 아코디언 카드 + 그림 콘티 카드 세트,아오야마 고쇼,서울미디어코믹스(서울문화사),2025-02,10800,7.0,5663,525,2026-09-01T10:41:52+09:00,644,119,5840,-177,0,0
395999849,이다의 날마다 자연관찰,이다의 날마다 자연관찰,,,- 어린이를 위한 자연관찰 그림일기,이다,보리,2026-06,16650,10.0,5735,526,2026-09-01T10:41:52+09:00,643,117,5800,-65,0,0
292320734,헌터x헌터 HunterXHunter 신장판 2,헌터x헌터 HunterXHunter 신장판,2,,,토가시 요시히로,학산문화사(만화),2012-07,5400,10.0,5679,527,2026-09-01T10:41:52+09:00,434,-93,5764,-85,0,0
365659712,타워 던전 1,타워 던전,1,,,니헤이 츠토무,학산문화사(만화),2025-06,6300,9.6,5585,528,2026-09-01T10:41:52+09:00,645,117,5549,36,0,0
398728413,마법소녀를 동경해서 1~5 합본판,마법소녀를 동경해서 1~5 합본판,,,- 각권 초회 한정 일러스트 카드 각 1종씩 (총5종) + 각 권 선착순 더블 특전 SD스티커 각 1종씩(총5종) + PET스탠드 + 컵코스터 + 일러스트 카드 + 별도 박스 포장,오노나카 아키히로,대원씨아이(만화),2026-07,33750,,5195,529,2026-09-01T10:41:52+09:00,313,-216,5330,-135,0,0
349422137,봄의 폭풍과 몬스터 5,봄의 폭풍과 몬스터,5,,,미츠바치 미유키,학산문화사(만화),2024-10,5400,9.8,5279,530,2026-09-01T10:41:52+09:00,646,116,5259,20,0,0
349201937,일러스트레이터를 위한 구도와 서사 마스터 가이드북 : COMPOSITION & NARRATIVE,일러스트레이터를 위한 구도와 서사 마스터 가이드북 : COMPOSITION & NARRATIVE,,,,3D토털 퍼블리싱,영진.com(영진닷컴),2024-10,28800,10.0,5167,531,2026-09-01T10:41:52+09:00,520,-11,5252,-85,0,0
397021676,완전 쓰레기인 와타라세인데 3 (특장판),완전 쓰레기인 와타라세인데,3,특장판,- 어나더 커버 + 아크릴 스탠드 + 스티커 3종 + 포토카드 6종 + 일러스트 카드 3종 + 별도 박스 포장,나카가와 파리,대원씨아이(만화),2026-06,28800,10.0,5045,532,2026-09-01T10:41:52+09:00,361,-171,5225,-180,0,0
385131522,야마다 군과 Lv999의 사랑을 하다 4,야마다 군과 Lv999의 사랑을 하다,4,,,마시로,디앤씨미디어(주)(D&C미디어),2026-01,7200,9.8,5124,533,2026-09-01T10:41:52+09:00,522,-11,5112,12,0,0
82662361,기븐 2,기븐,2,,- 뉴 루비코믹스 1835,키즈 나츠키,현대지능개발사,2016-04,4950,9.1,5164,534,2026-09-01T10:41:52+09:00,793,259,5028,136,0,0
399051127,"너무 건방져, 치가야 군 1","너무 건방져, 치가야 군",1,,,안도 마이,에이템포미디어,2026-07,5850,,4735,535,2026-09-01T10:41:52+09:00,442,-93,4865,-130,0,0
354350979,사카모토 데이즈 15,사카모토 데이즈,15,,- 세기의 킬러전,스즈키 유우토,대원씨아이(만화),2024-04,5850,,4836,536,2026-09-01T10:41:52+09:00,523,-13,4860,-24,0,0
369308582,타워 던전 2,타워 던전,2,,,니헤이 츠토무,학산문화사(만화),2025-08,6300,9.9,4582,537,2026-09-01T10:41:52+09:00,445,-92,4657,-75,0,0
373271203,마루는 강쥐 8,마루는 강쥐,8,,,모죠,문페이스,2025-10,14400,,4654,538,2026-09-01T10:41:52+09:00,656,118,4547,107,0,0
349748255,마루는 강쥐 5,마루는 강쥐,5,,,모죠,문페이스,2024-10,14400,,4715,539,2026-09-01T10:41:52+09:00,652,113,4535,180,0,0
397904315,보석함에 사랑을 채우자 1 (한정판),보석함에 사랑을 채우자,1,한정판,"- 한정판 구성: 아웃박스, 단행본(일반판 부록 없이 도서만), 아크릴 키링, 캔배지 2종, 포토카드 1매",미키모토 린,학산문화사(만화),2026-07,22500,5.0,4460,540,2026-09-01T10:41:52+09:00,527,-13,4510,-50,0,0
395809429,비실비실 선생님 14,비실비실 선생님,14,,,후쿠치 카미오,대원씨아이(만화),2026-06,5850,,4480,541,2026-09-01T10:41:52+09:00,653,112,4460,20,0,0
395357833,전생했더니 슬라임이었던 건에 대하여 23,전생했더니 슬라임이었던 건에 대하여,23,,"- S Novel+, 완결 / 초판 한정 책갈피, 양면커버",후세,㈜소미미디어,2026-06,12600,,4375,542,2026-09-01T10:41:52+09:00,526,-16,4445,-70,0,0
384180355,단다단 18,단다단,18,,,타츠 유키노부,대원씨아이(만화),2026-01,5400,9.6,4407,543,2026-09-01T10:41:52+09:00,804,261,4383,24,0,0
301714398,주술회전 14,주술회전,14,,- 시부야 사변 -이비-,아쿠타미 게게,서울미디어코믹스(서울문화사),2021-04,5400,,4393,544,2026-09-01T10:41:52+09:00,654,110,4351,42,0,0
393717139,86 에이티식스 14,86 에이티식스,14,,"- Paint it Black, Novel Engine",아사토 아사토,데이즈엔터(주),2026-06,7200,10.0,4120,545,2026-09-01T10:41:52+09:00,529,-16,4210,-90,0,0
81953629,용의 귀여운 일곱 아이 : 쿠이 료코 작품집,용의 귀여운 일곱 아이 : 쿠이 료코 작품집,,,- S코믹스,쿠이 료코,㈜소미미디어,2016-04,6300,8.7,4134,546,2026-09-01T10:41:52+09:00,662,116,4068,66,0,0
397294534,비교하고 검토하는 교열부의 쿠쥬 씨 1,비교하고 검토하는 교열부의 쿠쥬 씨,1,,,고이시 유카,서교책방,2026-07,11520,9.7,3975,547,2026-09-01T10:41:52+09:00,534,-13,3960,15,0,0
86997362,용의 학교는 산 위에,용의 학교는 산 위에,,,"- 쿠이 료코 작품집, S코믹스",쿠이 료코,㈜소미미디어,2016-07,8550,9.4,3925,548,2026-09-01T10:41:52+09:00,666,118,3867,58,0,0
310412096,기븐 8,기븐,8,,- 뉴 루비코믹스 2865,키즈 나츠키,현대지능개발사,2023-02,5400,9.6,3809,549,2026-09-01T10:41:52+09:00,668,119,3718,91,0,0
316124839,운명의 사람을 만나는 이야기 1,운명의 사람을 만나는 이야기,1,,,아나신,학산문화사(만화),2023-06,5400,9.3,3636,550,2026-09-01T10:41:52+09:00,670,120,3539,97,0,0
387232919,노아 선배는 친구 8,노아 선배는 친구,8,,,아키야마 엔마,서울미디어코믹스(서울문화사),2026-02,5850,9.7,3552,551,2026-09-01T10:41:52+09:00,837,286,3491,61,0,0
322441152,꿈빛 파티시엘 신장판 3,꿈빛 파티시엘 신장판,3,,,마츠모토 나츠미,대원씨아이(만화),2023-08,5400,,3587,552,2026-09-01T10:41:52+09:00,824,272,3449,138,0,0
384923404,이세계 삼촌 13,이세계 삼촌,13,,- 픽시하우스,호톤도신데이루,데이즈엔터(주),2026-02,7200,,3408,553,2026-09-01T10:41:52+09:00,542,-11,3432,-24,0,0
305225003,헌터x헌터 HunterXHunter 신장판 22,헌터x헌터 HunterXHunter 신장판,22,,,토가시 요시히로,학산문화사(만화),2016-04,5400,,3358,554,2026-09-01T10:41:52+09:00,543,-11,3405,-47,0,0
380346760,더블크로스 The 3rd Edition 룰북 2,더블크로스 The 3rd Edition 룰북,2,,,F.E.A.R,데이즈엔터(주),2025-12,13500,,3295,555,2026-09-01T10:41:52+09:00,540,-15,3379,-84,0,0
298280697,헌터x헌터 HunterXHunter 신장판 23,헌터x헌터 HunterXHunter 신장판,23,,,토가시 요시히로,학산문화사(만화),2016-05,5400,,3390,556,2026-09-01T10:41:52+09:00,674,118,3373,17,0,0
314918984,헌터x헌터 HunterXHunter 신장판 28,헌터x헌터 HunterXHunter 신장판,28,,,토가시 요시히로,학산문화사(만화),2016-12,5400,,3334,557,2026-09-01T10:41:52+09:00,677,120,3298,36,0,0
314918637,헌터x헌터 HunterXHunter 신장판 20,헌터x헌터 HunterXHunter 신장판,20,,,토가시 요시히로,학산문화사(만화),2015-12,5400,,3301,558,2026-09-01T10:41:52+09:00,545,-13,3294,7,0,0
396377705,블루 피리어드 5,블루 피리어드,5,,- 시프트코믹스,야마구치 츠바사,YNK MEDIA(만화),2026-06,5400,,3130,559,2026-09-01T10:41:52+09:00,546,-13,3215,-85,0,0
391205551,황천의 츠가이 8,황천의 츠가이,8,,,아라카와 히로무,대원씨아이(만화),2025-06,5850,,3050,560,2026-09-01T10:41:52+09:00,454,-106,3115,-65,0,0
324629346,그리고 마녀는 숲으로 갔다 1,그리고 마녀는 숲으로 갔다,1,,,산호,고블,2023-08,20700,9.2,2906,561,2026-09-01T10:41:52+09:00,561,0,3091,-185,0,0
299654606,하이큐!! 41,하이큐!!,41,,- 작은 거인 VS,후루다테 하루이치,대원씨아이(만화),2020-04,4950,,3147,562,2026-09-01T10:41:52+09:00,680,118,3036,111,0,0
397162930,만화 데뷔 못 하면 죽는 병 걸림 4,만화 데뷔 못 하면 죽는 병 걸림,4,,,소흔,파인툰,2026-10,15750,,2875,563,2026-09-01T10:41:52+09:00,548,-15,2915,-40,0,0
375535559,나의 히어로 아카데미아 공식 일러스트집 Ultra Artworks,나의 히어로 아카데미아 공식 일러스트집 Ultra Artworks,,,,호리코시 코헤이,서울미디어코믹스(서울문화사),2025-10,39600,,3138,564,2026-09-01T10:41:52+09:00,,,,,1,0
396049332,블루 자이언트 모멘텀 6,블루 자이언트 모멘텀,6,,,이시즈카 신이치,대원씨아이(만화),2026-06,5850,10.0,2845,565,2026-09-01T10:41:52+09:00,682,117,2800,45,0,0
398728336,마법소녀를 동경해서 5 (더블특전판),마법소녀를 동경해서,5,더블특전판,- 초판한정 : 일러스트 카드 1종 + SD 스티커 1종,오노나카 아키히로,대원씨아이(만화),2026-07,6750,,2660,566,2026-09-01T10:41:52+09:00,458,-108,2700,-40,0,0
372904289,슬램덩크 오리지널 1~31 세트 - 전31권,슬램덩크 오리지널 1~31 세트 - 전31권,,,- 완결,이노우에 타케히코,대원씨아이(만화),2025-09,111600,,2651,567,2026-09-01T10:41:52+09:00,556,-11,2668,-17,0,0
301917787,오란고교 호스트부 2,오란고교 호스트부,2,,,하토리 비스코,학산문화사(만화),2004-05,5400,,2624,568,2026-09-01T10:41:52+09:00,555,-13,2631,-7,0,0
321124579,먼작귀 1,먼작귀,1,,- 먼가 작고 귀여운 녀석,나가노,미우(대원씨아이),2022-06,10800,,2795,569,2026-09-01T10:41:52+09:00,563,-6,2629,166,0,0
86893672,이토준지 자선 걸작집,이토준지 자선 걸작집,,,,이토 준지,미우(대원씨아이),2016-07,12600,8.6,2428,570,2026-09-01T10:41:52+09:00,381,-189,2558,-130,0,0
384344658,네가 죽을 때까지 사랑하고 싶어 8,네가 죽을 때까지 사랑하고 싶어,8,,,나치 아오노,학산문화사(만화),2026-01,5400,9.9,2560,571,2026-09-01T10:41:52+09:00,464,-107,2538,22,0,0
396091726,나의 행복한 결혼 6,나의 행복한 결혼,6,,,코사카 리토,서울미디어코믹스(서울문화사),2026-06,4950,9.7,2415,572,2026-09-01T10:41:52+09:00,564,-8,2485,-70,0,0
393626220,구룡 제네릭 로맨스 11,구룡 제네릭 로맨스,11,,"- S코믹스/ 초판 한정 렌티큘러 카드, 일러스트 카드",마유즈키 준,㈜소미미디어,2026-05,6300,9.8,2440,573,2026-09-01T10:41:52+09:00,693,120,2400,40,0,0
333640352,정반대의 너와 나 3,정반대의 너와 나,3,,,아가사와 코챠,학산문화사(만화),2024-02,5400,9.8,2737,574,2026-09-01T10:41:52+09:00,,,,,1,0
345587184,정반대의 너와 나 4,정반대의 너와 나,4,,,아가사와 코챠,학산문화사(만화),2024-08,5400,9.7,2726,575,2026-09-01T10:41:52+09:00,,,,,1,0
398326987,소드 오라토리아 16,소드 오라토리아,16,,"- 던전에서 만남을 추구하면 안 되는 걸까 외전, S Novel",오모리 후지노,㈜소미미디어,2026-07,10800,,2265,576,2026-09-01T10:41:52+09:00,567,-9,2335,-70,0,0
374878126,사카모토 데이즈 23,사카모토 데이즈,23,,- 신생살연,스즈키 유우토,대원씨아이(만화),2025-10,5850,,2247,577,2026-09-01T10:41:52+09:00,572,-5,2313,-66,0,0
400225603,고교 시절에 거만했던 여왕님과의 동거 생활은 의외로 나쁘지 않다 1,고교 시절에 거만했던 여왕님과의 동거 생활은 의외로 나쁘지 않다,1,,- S Novel,미소네타 도자에몽,㈜소미미디어,2026-08,7650,,2110,578,2026-09-01T10:41:52+09:00,329,-249,2260,-150,0,0
397222848,반장으로서의 책임과 의무 7,반장으로서의 책임과 의무,7,,- 그래도 우리는,수신지,귤프레스,2026-06,13500,10.0,2125,579,2026-09-01T10:41:52+09:00,703,124,2080,45,0,0
399390376,"가까이 와줘, 스피카 1 (특장판)","가까이 와줘, 스피카",1,특장판,- 단행본 + 아크릴 스탠드 + 인화사진 2종 + 일러스트 카드 + 별도 박스 포장,fuyu,대원씨아이(만화),2026-07,18000,10.0,2025,580,2026-09-01T10:41:52+09:00,470,-110,2065,-40,0,0
398951543,이상한 집 6,이상한 집,6,,,아야노 교,리드비,2026-07,7650,,1975,581,2026-09-01T10:41:52+09:00,471,-110,2045,-70,0,0
399381805,격기 3반 18,격기 3반,18,,- 남일고등학교 격투기 특기반,이학,대원씨아이(만화),2026-07,4950,10.0,2005,582,2026-09-01T10:41:52+09:00,469,-113,1980,25,0,0
334207343,얼굴만으론 좋아할 수 없어요 5,얼굴만으론 좋아할 수 없어요,5,,,안자이 카린,서울미디어코믹스(서울문화사),2022-09,5400,,1913,583,2026-09-01T10:41:52+09:00,573,-10,1918,-5,0,0
378826604,얼굴만으론 좋아할 수 없어요 15,얼굴만으론 좋아할 수 없어요,15,,,안자이 카린,서울미디어코믹스(서울문화사),2025-11,5400,10.0,1931,584,2026-09-01T10:41:52+09:00,710,126,1849,82,0,0
318446151,네가 죽을 때까지 사랑하고 싶어 3,네가 죽을 때까지 사랑하고 싶어,3,,,나치 아오노,학산문화사(만화),2021-05,5400,,1907,585,2026-09-01T10:41:52+09:00,473,-112,1847,60,0,0
342916553,얼굴만으론 좋아할 수 없어요 10,얼굴만으론 좋아할 수 없어요,10,,,안자이 카린,서울미디어코믹스(서울문화사),2024-07,5400,,1825,586,2026-09-01T10:41:52+09:00,577,-9,1774,51,0,0
399056425,다크 개더링 3,다크 개더링,3,,- 픽시하우스 / 초판 한정 : 띠지+일러스트 카드,콘도 켄이치,코믹레인,2026-08,6300,,1715,587,2026-09-01T10:41:52+09:00,717,130,1570,145,0,0
387582151,커들 1,커들,1,,- 수인 오메가버스,하스미 하나,학산문화사(만화),2026-03,6300,,1300,588,2026-09-01T10:41:52+09:00,480,-108,1380,-80,0,0
400258397,세월이 흘러 다리로 간다 12,세월이 흘러 다리로 간다,12,,,히다카 쇼코,서울미디어코믹스(서울문화사),2026-08,6300,10.0,1350,589,2026-09-01T10:41:52+09:00,586,-3,1330,20,0,0
357930933,풀 나이트 2,풀 나이트,2,,- S코믹스,야스다 카스미,㈜소미미디어,2025-02,6300,10.0,1307,590,2026-09-01T10:41:52+09:00,731,141,1282,25,0,0
337394406,풀 나이트 1,풀 나이트,1,,- S코믹스,야스다 카스미,㈜소미미디어,2024-04,6300,10.0,1159,591,2026-09-01T10:41:52+09:00,736,145,1159,0,0,0
400311351,뇌를 바꾸려는 사람들,뇌를 바꾸려는 사람들,,,"- 프랑켄슈타인에서 현대 신경기술까지, 뇌과학으로 만나는 신경윤리의 질문들",류영준,어크로스,2026-08,19800,9.7,1070,592,2026-09-01T10:41:52+09:00,393,-199,1070,0,0,0
393236862,책벌레의 하극상 제2부 : 책을 위해서라면 무녀가 되겠어 13,책벌레의 하극상 제2부 : 책을 위해서라면 무녀가 되겠어,13,,,스즈카,대원씨아이(만화),2026-05,5400,10.0,995,593,2026-09-01T10:41:52+09:00,484,-109,995,0,0,0
400543500,"아리스, 우주까지도 4","아리스, 우주까지도",4,,,우리노 키코,대원씨아이(만화),2026-08,6300,,1110,594,2026-09-01T10:41:52+09:00,949,355,830,280,0,0
400654225,아질 Asyl 1,아질 Asyl,1,,- 시프트코믹스,하야토 유우,YNK MEDIA(만화),2026-08,5400,10.0,780,595,2026-09-01T10:41:52+09:00,400,-195,820,-40,0,0
319312677,못 미더운 악녀입니다만 : ~추궁접서 교체전~ 4,못 미더운 악녀입니다만 : ~추궁접서 교체전~,4,,,EI Ohitsuji,서울미디어코믹스(서울문화사),2023-06,6300,10.0,743,596,2026-09-01T10:41:52+09:00,607,11,783,-40,0,0
400653356,"매지컬★익스플로러 : 에로게임의 친구 캐릭터로 전생했지만, 게임 지식을 써서 자유롭게 살아간다 12","매지컬★익스플로러 : 에로게임의 친구 캐릭터로 전생했지만, 게임 지식을 써서 자유롭게 살아간다",12,,- 시프트코믹스,이리스,YNK MEDIA(만화),2026-08,6300,,930,597,2026-09-01T10:41:52+09:00,603,6,750,180,0,0
329581311,못 미더운 악녀입니다만 : ~추궁접서 교체전~ 5,못 미더운 악녀입니다만 : ~추궁접서 교체전~,5,,,EI Ohitsuji,서울미디어코믹스(서울문화사),2023-11,6300,10.0,702,598,2026-09-01T10:41:52+09:00,610,12,742,-40,0,0
400556285,꿈자리가 이상한데요?! 외전 (한정판),꿈자리가 이상한데요?! 외전,,한정판,"- 구성: 도서, SD 판 스티커, 작가 선화 및 사인 인쇄, 아크릴 누들 스토퍼, 네컷사진, 증명사진 세트, 포토카드 2종, 폴라로이드 2종",흰귀,북극여우,2026-10,39600,,980,599,2026-09-01T10:41:52+09:00,963,364,730,250,0,0
400543262,일하지 않는 두사람 32,일하지 않는 두사람,32,,,요시다 사토루,대원씨아이(만화),2026-08,4950,,760,600,2026-09-01T10:41:52+09:00,742,142,690,70,0,0
400662089,바키도 11,바키도,11,,,이타가키 케이스케,서울미디어코믹스(서울문화사),2026-08,5400,10.0,770,601,2026-09-01T10:41:52+09:00,739,138,670,100,0,0
400708015,영국 낭만 희화 포레스트 아이비 1,영국 낭만 희화 포레스트 아이비,1,,,아마자케 시마,대원씨아이(만화),2026-08,6300,,580,602,2026-09-01T10:41:52+09:00,491,-111,590,-10,0,0
400921444,페이스리스 드롭아웃 1,페이스리스 드롭아웃,1,,- S Novel+,류토,㈜소미미디어,2026-09,10800,,510,603,2026-09-01T10:41:52+09:00,609,6,550,-40,0,0
400652954,영세 소녀의 싸우는 법 7,영세 소녀의 싸우는 법,7,,- 시프트코믹스,쿠즈시로,YNK MEDIA(만화),2026-08,5400,,580,604,2026-09-01T10:41:52+09:00,744,140,530,50,0,0
400649530,친구 여동생이 나한테만 짜증나게 군다 9,친구 여동생이 나한테만 짜증나게 군다,9,,- SL Comic,히라오카 히라,디앤씨미디어(주)(D&C미디어),2026-08,6300,,590,605,2026-09-01T10:41:52+09:00,612,7,530,60,0,0
395170494,133cm의 풍경 4,133cm의 풍경,4,,,히루노 츠키코,학산문화사(만화),2026-06,5400,9.8,495,606,2026-09-01T10:41:52+09:00,613,7,515,-20,0,0
400557793,공각기동대 -HUMAN ERROR PROCESSER-,공각기동대 -HUMAN ERROR PROCESSER-,,,,시로 마사무네,대원씨아이(만화),2026-08,12600,,530,607,2026-09-01T10:41:52+09:00,743,136,450,80,0,0
366331655,원피스 111,원피스,111,,- 엘바프 모험,오다 에이치로,대원씨아이(만화),2025-06,5400,10.0,25307,608,2026-09-01T10:41:52+09:00,406,-202,25300,7,0,0
312942363,타코피의 원죄 - 상,타코피의 원죄 - 상,,,,타이잔5,대원씨아이(만화),2023-03,5400,9.9,10099,609,2026-09-01T10:41:52+09:00,498,-111,10203,-104,0,0
312942437,타코피의 원죄 - 하,타코피의 원죄 - 하,,,,타이잔5,대원씨아이(만화),2023-03,5400,8.8,9848,610,2026-09-01T10:41:52+09:00,500,-110,9952,-104,0,0
283355505,사피엔스 : 그래픽 히스토리 Vol.2,사피엔스 : 그래픽 히스토리 Vol.2,,,- 문명의 기둥,,김영사,2021-11,17820,9.7,9581,611,2026-09-01T10:41:52+09:00,414,-197,9681,-100,0,0
378096466,팬텀 버스터즈 5,팬텀 버스터즈,5,,- 일반판,네오쇼코,㈜소미미디어,2025-11,5850,10.0,9380,612,2026-09-01T10:41:52+09:00,987,375,9248,132,0,0
294677380,귀멸의 칼날 23,귀멸의 칼날,23,,- 완결,고토게 코요하루,학산문화사(만화),2021-04,5400,9.3,8339,613,2026-09-01T10:41:52+09:00,756,143,8291,48,0,0
378768331,모모세 아키라의 첫사랑 파탄 중 2 (트리플 특전판),모모세 아키라의 첫사랑 파탄 중,2,트리플 특전판,- 홀로그램 일러스트 카드(1종) + 반전 매력의 양면 일러스트 카드(2종),하레카와 신타,서울미디어코믹스(서울문화사),2025-11,6750,10.0,8061,614,2026-09-01T10:41:52+09:00,631,17,8124,-63,0,0
393727271,전지적 독자 시점 19,전지적 독자 시점,19,,- 초판한정: 캐릭터 카드 1종 + 엽서 1종,슬리피-C,에이템포미디어,2026-05,14850,10.0,7795,615,2026-09-01T10:41:52+09:00,505,-110,7905,-110,0,0
283806419,장송의 프리렌 2,장송의 프리렌,2,,,야마다 카네히토,학산문화사(만화),2021-11,5400,9.6,7777,616,2026-09-01T10:41:52+09:00,999,383,7672,105,0,0
286833118,장송의 프리렌 4,장송의 프리렌,4,,,야마다 카네히토,학산문화사(만화),2022-01,5400,9.3,7484,617,2026-09-01T10:41:52+09:00,634,17,7517,-33,0,0
301706355,주술회전 1,주술회전,1,,,아쿠타미 게게,서울미디어코믹스(서울문화사),2019-03,5400,4.0,7444,618,2026-09-01T10:41:52+09:00,635,17,7460,-16,0,0
324949099,봄의 폭풍과 몬스터 1,봄의 폭풍과 몬스터,1,,,미츠바치 미유키,학산문화사(만화),2023-10,5400,9.7,7110,619,2026-09-01T10:41:52+09:00,425,-194,7312,-202,0,0
338121617,너와 장밋빛 매일 1,너와 장밋빛 매일,1,,,히로 치히로,서울미디어코믹스(서울문화사),2024-04,5400,9.9,6664,620,2026-09-01T10:41:52+09:00,429,-191,6793,-129,0,0
301706807,주술회전 4,주술회전,4,,,아쿠타미 게게,서울미디어코믹스(서울문화사),2019-05,5400,,6866,621,2026-09-01T10:41:52+09:00,765,144,6786,80,0,0
287304526,아름다운 초저녁달 1,아름다운 초저녁달,1,,,야마모리 미카,학산문화사(만화),2022-01,5400,9.5,6622,622,2026-09-01T10:41:52+09:00,768,146,6611,11,0,0
315295029,귀멸 학원! 3,귀멸 학원!,3,,,호카미 나츠키,학산문화사(만화),2023-04,5400,9.6,6219,623,2026-09-01T10:41:52+09:00,641,18,6167,52,0,0
333717879,봄의 폭풍과 몬스터 3,봄의 폭풍과 몬스터,3,,,미츠바치 미유키,학산문화사(만화),2024-02,5400,9.9,5798,624,2026-09-01T10:41:52+09:00,515,-109,5874,-76,0,0
384927762,약사의 혼잣말 16,약사의 혼잣말,16,,- 카니발 플러스,휴우가 나츠,학산문화사(단행본),2026-01,8100,9.2,6096,625,2026-09-01T10:41:52+09:00,,,,,1,0
375158873,봄의 폭풍과 몬스터 7,봄의 폭풍과 몬스터,7,,,미츠바치 미유키,학산문화사(만화),2025-10,5400,9.6,5698,626,2026-09-01T10:41:52+09:00,775,149,5669,29,0,0
297902307,헌터x헌터 HunterXHunter 신장판 3,헌터x헌터 HunterXHunter 신장판,3,,,토가시 요시히로,학산문화사(만화),2013-08,5400,,5322,627,2026-09-01T10:41:52+09:00,521,-106,5437,-115,0,0
351000171,반딧불이의 혼례 4,반딧불이의 혼례,4,,,타치바나 오레코,서울미디어코믹스(서울문화사),2024-10,7650,9.8,5197,628,2026-09-01T10:41:52+09:00,437,-191,5252,-55,0,0
305390989,스킵과 로퍼 1,스킵과 로퍼,1,,- 시프트코믹스,타카마츠 미사키,YNK MEDIA(만화),2022-11,5400,9.8,5367,629,2026-09-01T10:41:52+09:00,,,,,1,0
362488315,참을 수 없는 건 사랑인 걸까 1,참을 수 없는 건 사랑인 걸까,1,,,소라하나 미아,대원씨아이(만화),2025-04,5850,9.1,5041,630,2026-09-01T10:41:52+09:00,438,-192,5126,-85,0,0
333218155,마루는 강쥐 3,마루는 강쥐,3,,,모죠,문페이스,2024-02,14400,,5219,631,2026-09-01T10:41:52+09:00,788,157,5119,100,0,0
356890627,사카모토 데이즈 14,사카모토 데이즈,14,,- 기묘한 흔적,스즈키 유우토,대원씨아이(만화),2024-03,5850,,4832,632,2026-09-01T10:41:52+09:00,524,-108,4877,-45,0,0
294153055,헌터x헌터 HunterXHunter 신장판 7,헌터x헌터 HunterXHunter 신장판,7,,,토가시 요시히로,학산문화사(만화),2014-01,5400,,4731,633,2026-09-01T10:41:52+09:00,649,16,4823,-92,0,0
356890808,사카모토 데이즈 16,사카모토 데이즈,16,,- 해후,스즈키 유우토,대원씨아이(만화),2024-06,5850,,4746,634,2026-09-01T10:41:52+09:00,797,163,4710,36,0,0
344711414,명탐정 코난 105,명탐정 코난,105,,,아오야마 고쇼,서울미디어코믹스(서울문화사),2024-08,5400,9.8,4582,635,2026-09-01T10:41:52+09:00,650,15,4642,-60,0,0
377704735,봇치·더·록! 8,봇치·더·록!,8,,,하마지 아키,대원씨아이(만화),2025-11,8100,10.0,4568,636,2026-09-01T10:41:52+09:00,,,,,1,0
396455881,시온 군이 말하는 대로 1,시온 군이 말하는 대로,1,,,Neko Inukai,서울미디어코믹스(서울문화사),2026-06,5850,,4220,637,2026-09-01T10:41:52+09:00,655,18,4405,-185,0,0
379009893,내 마음의 위험한 녀석 12,내 마음의 위험한 녀석,12,,- S코믹스,사쿠라이 노리오,㈜소미미디어,2025-12,5400,9.0,4298,638,2026-09-01T10:41:52+09:00,657,19,4379,-81,0,0
396377370,너를 사랑하는 살인귀 1,너를 사랑하는 살인귀,1,,- 시프트코믹스,아키야마 엔마,YNK MEDIA(만화),2026-06,5400,10.0,4285,639,2026-09-01T10:41:52+09:00,803,164,4245,40,0,0
390010927,황천의 츠가이 7,황천의 츠가이,7,,,아라카와 히로무,대원씨아이(만화),2026-04,5850,,4173,640,2026-09-01T10:41:52+09:00,528,-112,4244,-71,0,0
358899876,극락가 1,극락가,1,,,사노 유토,대원씨아이(만화),2023-11,5850,8.0,4246,641,2026-09-01T10:41:52+09:00,530,-111,4195,51,0,0
295417935,지. : 지구의 운동에 대하여 1,지. : 지구의 운동에 대하여,1,,,우오토,문학동네,2022-05,7200,9.7,4333,642,2026-09-01T10:41:52+09:00,,,,,1,0
365816384,야쿠자 때문에 목욕탕에서 일하고 있습니다 1,야쿠자 때문에 목욕탕에서 일하고 있습니다,1,,- 루나 코믹스,타카시,㈜소미미디어,2025-06,5850,9.8,3997,643,2026-09-01T10:41:52+09:00,664,21,4066,-69,0,0
301708798,주술회전 13,주술회전,13,,,아쿠타미 게게,서울미디어코믹스(서울문화사),2021-03,5400,,4113,644,2026-09-01T10:41:52+09:00,659,15,4062,51,0,0
257021910,기븐 6,기븐,6,,- 뉴 루비코믹스 2555,키즈 나츠키,현대지능개발사,2020-11,4950,9.6,4133,645,2026-09-01T10:41:52+09:00,807,162,4057,76,0,0
338430853,명탐정 코난 104 (특장판),명탐정 코난,104,특장판,- 아크릴 스탠드 + 극장판 '명탐정코난: 흑철의 어영' 그림 콘티북 + 어나더 커버,아오야마 고쇼,서울미디어코믹스(서울문화사),2024-04,9000,8.7,4053,646,2026-09-01T10:41:52+09:00,805,159,4037,16,0,0
322441091,꿈빛 파티시엘 신장판 1,꿈빛 파티시엘 신장판,1,,,마츠모토 나츠미,대원씨아이(만화),2023-08,5400,10.0,4169,647,2026-09-01T10:41:52+09:00,,,,,1,0
301714473,주술회전 15,주술회전,15,,- 시부야 사변 -변신-,아쿠타미 게게,서울미디어코믹스(서울문화사),2021-05,5400,,4048,648,2026-09-01T10:41:52+09:00,810,162,3973,75,0,0
389641283,황천의 츠가이 6,황천의 츠가이,6,,,아라카와 히로무,대원씨아이(만화),2024-08,5850,,3846,649,2026-09-01T10:41:52+09:00,535,-114,3943,-97,0,0
387904062,오달자의 봄,오달자의 봄,,,,김수정,둘리나라,2026-03,16200,9.9,4020,650,2026-09-01T10:41:52+09:00,812,162,3889,131,0,0
311936078,헌터x헌터 HunterXHunter 신장판 31,헌터x헌터 HunterXHunter 신장판,31,,,토가시 요시히로,학산문화사(만화),2013-10,5400,,3872,651,2026-09-01T10:41:52+09:00,818,167,3820,52,0,0
293068139,기븐 7,기븐,7,,- 뉴 루비코믹스 2755,키즈 나츠키,현대지능개발사,2022-04,5400,9.8,3887,652,2026-09-01T10:41:52+09:00,815,163,3816,71,0,0
303284033,진격의 거인 18~34 박스 세트 Part 2 - 전17권,진격의 거인 18~34 박스 세트 Part 2 - 전17권,,,- PVC카드 17매 동봉,이사야마 하지메,학산문화사(만화),2022-10,91800,,3710,653,2026-09-01T10:41:52+09:00,536,-117,3807,-97,0,0
366119898,나의 열두 살에게,나의 열두 살에게,,,,소복이,나무의말,2025-06,17820,9.5,3720,654,2026-09-01T10:41:52+09:00,667,13,3732,-12,0,0
298280458,헌터x헌터 HunterXHunter 신장판 30,헌터x헌터 HunterXHunter 신장판,30,,,토가시 요시히로,학산문화사(만화),2017-03,5400,,3745,655,2026-09-01T10:41:52+09:00,820,165,3718,27,0,0
366528002,메이드 인 어비스 13,메이드 인 어비스,13,,,츠쿠시 아키히토,미우(대원씨아이),2025-06,7200,9.2,3741,656,2026-09-01T10:41:52+09:00,822,166,3686,55,0,0
395444518,러브 불릿 1,러브 불릿,1,,- 초판 한정 부록: SD 캐릭터 스티커 1매 + 저자 사인 메시지 (면지 인쇄),inee,빗금,2026-06,8100,10.0,3615,657,2026-09-01T10:41:52+09:00,823,166,3625,-10,0,0
300919153,헌터x헌터 HunterXHunter 신장판 14,헌터x헌터 HunterXHunter 신장판,14,,,토가시 요시히로,학산문화사(만화),2014-12,5400,,3608,658,2026-09-01T10:41:52+09:00,541,-117,3598,10,0,0
394124156,캐릭캐릭 체인지! Jewel Joker 주얼 조커 3 (특장판),캐릭캐릭 체인지! Jewel Joker 주얼 조커,3,특장판,- 슬리브 케이스 + 일러스트 엽서 5종 + 이쿠토&타다세 아크릴 블록 세트(일반판 초판 특전 미포함),PEACH-PIT,서울미디어코믹스(서울문화사),2026-05,36000,,3555,659,2026-09-01T10:41:52+09:00,671,12,3560,-5,0,0
298348779,서랍 속 테라리움 : 신장판,서랍 속 테라리움 : 신장판,,,- S코믹스,쿠이 료코,㈜소미미디어,2022-08,8100,9.5,3576,660,2026-09-01T10:41:52+09:00,829,169,3554,22,0,0
397997937,사일런트 위치 10,사일런트 위치,10,,"- 침묵의 마녀의 비밀, ROSY",이소라 마츠리,데이즈엔터(주),2026-07,9900,10.0,3590,661,2026-09-01T10:41:52+09:00,821,160,3550,40,0,0
298280366,헌터x헌터 HunterXHunter 신장판 24,헌터x헌터 HunterXHunter 신장판,24,,,토가시 요시히로,학산문화사(만화),2016-06,5400,,3413,662,2026-09-01T10:41:52+09:00,835,173,3431,-18,0,0
378808440,블루 피리어드 1,블루 피리어드,1,,- 시프트코믹스,야마구치 츠바사,YNK MEDIA(만화),2025-11,5400,9.0,3370,663,2026-09-01T10:41:52+09:00,544,-119,3413,-43,0,0
301058679,헌터x헌터 HunterXHunter 신장판 25,헌터x헌터 HunterXHunter 신장판,25,,,토가시 요시히로,학산문화사(만화),2016-08,5400,,3418,664,2026-09-01T10:41:52+09:00,841,177,3405,13,0,0
301058824,헌터x헌터 HunterXHunter 신장판 29,헌터x헌터 HunterXHunter 신장판,29,,,토가시 요시히로,학산문화사(만화),2017-01,5400,,3367,665,2026-09-01T10:41:52+09:00,838,173,3331,36,0,0
387319205,불교와 친해지는 만화 사찰의 상징세계,불교와 친해지는 만화 사찰의 상징세계,,,- 8박사 자현 스님이 아낌없이 들려주는 매혹적인 사찰 이야기,일우 자현,불광출판사,2026-03,19800,9.7,3269,666,2026-09-01T10:41:52+09:00,675,9,3279,-10,0,0
365413873,팔견전 21,팔견전,21,,"- 동방팔견이문, S코믹스",아베 미유키,㈜소미미디어,2025-06,5400,10.0,3305,667,2026-09-01T10:41:52+09:00,843,176,3266,39,0,0
298280514,헌터x헌터 HunterXHunter 신장판 27,헌터x헌터 HunterXHunter 신장판,27,,,토가시 요시히로,학산문화사(만화),2016-10,5400,,3285,668,2026-09-01T10:41:52+09:00,844,176,3254,31,0,0
396565979,어떤 과학의 초전자포 20,어떤 과학의 초전자포,20,,- 어떤 마술의 금서목록 외전,,대원씨아이(만화),2026-06,5400,10.0,3225,669,2026-09-01T10:41:52+09:00,452,-217,3250,-25,0,0
370424575,사카모토 데이즈 22,사카모토 데이즈,22,,- 텐큐vs신,스즈키 유우토,대원씨아이(만화),2025-08,5850,,3237,670,2026-09-01T10:41:52+09:00,676,6,3244,-7,0,0
397015748,어떤 여름방학,어떤 여름방학,,,,궁리(박조은),휴머니스트,2026-06,19800,,3140,671,2026-09-01T10:41:52+09:00,547,-124,3160,-20,0,0
374961203,팔견전 23,팔견전,23,,"- 동방팔견이문, S코믹스",아베 미유키,㈜소미미디어,2025-10,5400,10.0,3139,672,2026-09-01T10:41:52+09:00,856,184,3107,32,0,0
369868343,팔견전 22,팔견전,22,,"- 동방팔견이문, S코믹스",아베 미유키,㈜소미미디어,2025-08,5400,10.0,3109,673,2026-09-01T10:41:52+09:00,858,185,3064,45,0,0
355242244,흑무경담 2,흑무경담,2,,- S코믹스,토가와 요난,㈜소미미디어,2025-01,5400,9.7,2828,674,2026-09-01T10:41:52+09:00,687,13,2998,-170,0,0
393514967,아름다운 인체 그리기 레슨,아름다운 인체 그리기 레슨,,,,후지타쿠,한즈미디어(한스미디어),2026-05,16200,9.7,3050,675,2026-09-01T10:41:52+09:00,679,4,2995,55,0,0
345982331,흑무경담 1,흑무경담,1,,- S코믹스,토가와 요난,㈜소미미디어,2024-09,5400,8.6,2838,676,2026-09-01T10:41:52+09:00,688,12,2993,-155,0,0
378808731,블루 피리어드 2,블루 피리어드,2,,- 시프트코믹스,야마구치 츠바사,YNK MEDIA(만화),2025-12,5400,,2837,677,2026-09-01T10:41:52+09:00,551,-126,2860,-23,0,0
388510775,블루 피리어드 3,블루 피리어드,3,,- 시프트코믹스,야마구치 츠바사,YNK MEDIA(만화),2026-03,5400,10.0,2818,678,2026-09-01T10:41:52+09:00,550,-128,2853,-35,0,0
399523141,정령환상기 28,정령환상기,28,,"- S Novel / 초판 한정 책갈피, 양면커버, 쇼트스토리 리플릿",키타야마 유리,㈜소미미디어,2026-08,8100,,2760,679,2026-09-01T10:41:52+09:00,552,-127,2820,-60,0,0
333640950,먼작귀 5,먼작귀,5,,- 먼가 작고 귀여운 녀석,나가노,미우(대원씨아이),2024-02,10800,10.0,2710,680,2026-09-01T10:41:52+09:00,557,-123,2759,-49,0,0
378966916,드래곤볼 완전판 가이드북 LANDMARK,드래곤볼 완전판 가이드북 LANDMARK,,,,토리야마 아키라,서울미디어코믹스(서울문화사),2025-11,12600,10.0,2563,681,2026-09-01T10:41:52+09:00,379,-302,2711,-148,0,0
389481532,묘쌤은 이렇게 말했다 10,묘쌤은 이렇게 말했다,10,,- S코믹스,무테키 소다,㈜소미미디어,2026-04,6300,9.5,2637,682,2026-09-01T10:41:52+09:00,560,-122,2674,-37,0,0
387039298,이거 그리고 죽어 7,이거 그리고 죽어,7,,,토요다 미노루,대원씨아이(만화),2026-02,5400,9.4,2623,683,2026-09-01T10:41:52+09:00,559,-124,2665,-42,0,0
320691848,먼작귀 3,먼작귀,3,,- 먼가 작고 귀여운 녀석,나가노,미우(대원씨아이),2023-02,10800,,2641,684,2026-09-01T10:41:52+09:00,562,-122,2651,-10,0,0
369563161,타몬 군 지금 어느 쪽?! 10,타몬 군 지금 어느 쪽?!,10,,,시와스 유키,학산문화사(만화),2025-08,5400,,2623,685,2026-09-01T10:41:52+09:00,683,-2,2643,-20,0,0
310815578,얼굴만으론 좋아할 수 없어요 6,얼굴만으론 좋아할 수 없어요,6,,,안자이 카린,서울미디어코믹스(서울문화사),2023-02,5400,9.6,2633,686,2026-09-01T10:41:52+09:00,685,-1,2638,-5,0,0
322804966,정반대의 너와 나 2,정반대의 너와 나,2,,,아가사와 코챠,학산문화사(만화),2023-08,5400,9.8,2729,687,2026-09-01T10:41:52+09:00,,,,,1,0
393007477,사토리×콤플렉스,사토리×콤플렉스,,,"- 초판 특전 : 양면 일러스트 카드, PET 북마크 스탠드",유히,리크,2026-05,6300,9.6,2630,688,2026-09-01T10:41:52+09:00,873,185,2560,70,0,0
400000607,빠져든 침대에서 천사의 자는 얼굴을 보고 싶을 뿐,빠져든 침대에서 천사의 자는 얼굴을 보고 싶을 뿐,,,- #둘이서 저지른 비밀의 교칙 위반,우에스 테츠토,AK(에이케이)커뮤니케이션즈,2026-08,10800,,2520,689,2026-09-01T10:41:52+09:00,459,-230,2550,-30,0,0
336556121,박시백의 고려사 1~5 세트 - 전5권,박시백의 고려사 1~5 세트 - 전5권,,,,박시백,휴머니스트,2024-03,66150,8.0,2625,690,2026-09-01T10:41:52+09:00,871,181,2532,93,0,0
383277748,장르를 바꿔보도록 하겠습니다 9 (특별판),장르를 바꿔보도록 하겠습니다,9,특별판,- 라스트 레터 1종 + 인생 필름 3종 + 렌티큘러 카드 3종,가린,연담,2026-03,21150,,2445,691,2026-09-01T10:41:52+09:00,691,0,2498,-53,0,0
397093551,"노려보고, 사랑. 1","노려보고, 사랑.",1,,"- 초판 한정 일러스트 카드 3종, SD 칼선 스티커",나모,시플리,2026-07,6300,10.0,2475,692,2026-09-01T10:41:52+09:00,879,187,2425,50,0,0
400197602,타로의 얼렁뚱땅 2,타로의 얼렁뚱땅,2,,,야츠미 츠무,서울미디어코믹스(서울문화사),2026-08,5850,,2210,693,2026-09-01T10:41:52+09:00,386,-307,2330,-120,0,0
323998705,먼작귀 4,먼작귀,4,,- 먼가 작고 귀여운 녀석,나가노,미우(대원씨아이),2023-09,10800,9.8,2317,694,2026-09-01T10:41:52+09:00,702,8,2313,4,0,0
396136941,세레나 9,세레나,9,,"- 초판 한정 부록 : 일러스트 엽서 1종, 면지에 작가님 친필 사인(인쇄본)",정이나,네이버웹툰,2026-07,14400,,2490,695,2026-09-01T10:41:52+09:00,,,,,1,0
399541020,클레바테스 10,클레바테스,10,,,이와하라 유지,오팬스코믹,2026-07,6300,,2300,696,2026-09-01T10:41:52+09:00,690,-6,2295,5,0,0
353581707,정반대의 너와 나 6,정반대의 너와 나,6,,,아가사와 코챠,학산문화사(만화),2024-12,5400,9.9,2433,697,2026-09-01T10:41:52+09:00,,,,,1,0
321812915,오란고교 호스트부 3,오란고교 호스트부,3,,,하토리 비스코,학산문화사(만화),2004-05,5400,,2215,698,2026-09-01T10:41:52+09:00,700,2,2252,-37,0,0
326203733,얼굴만으론 좋아할 수 없어요 8,얼굴만으론 좋아할 수 없어요,8,,,안자이 카린,서울미디어코믹스(서울문화사),2023-10,5400,,2236,699,2026-09-01T10:41:52+09:00,699,0,2245,-9,0,0
395513879,시노와 렌 4,시노와 렌,4,,- SL Comic,치구사 미노리,디앤씨미디어(주)(D&C미디어),2026-06,10800,10.0,2050,700,2026-09-01T10:41:52+09:00,708,8,2150,-100,0,0
380346759,더블크로스 The 3rd Edition 상급 룰북,더블크로스 The 3rd Edition 상급 룰북,,,,F.E.A.R,데이즈엔터(주),2025-12,31500,,2033,701,2026-09-01T10:41:52+09:00,570,-131,2120,-87,0,0
389001364,디그 잇 1,디그 잇,1,,,Yoshidamaru,학산문화사(만화),2026-04,6300,8.0,2095,702,2026-09-01T10:41:52+09:00,706,4,2105,-10,0,0
316354721,얼굴만으론 좋아할 수 없어요 4,얼굴만으론 좋아할 수 없어요,4,,,안자이 카린,서울미디어코믹스(서울문화사),2022-06,5400,,2056,703,2026-09-01T10:41:52+09:00,704,1,2064,-8,0,0
325418441,먼작귀 2,먼작귀,2,,- 먼가 작고 귀여운 녀석,나가노,미우(대원씨아이),2022-08,10800,,1971,704,2026-09-01T10:41:52+09:00,576,-128,1988,-17,0,0
308287261,네가 죽을 때까지 사랑하고 싶어 5,네가 죽을 때까지 사랑하고 싶어,5,,,나치 아오노,학산문화사(만화),2023-01,5400,10.0,1995,705,2026-09-01T10:41:52+09:00,707,2,1920,75,0,0
310530480,만화로 보는 일리아스,만화로 보는 일리아스,,,- 트로이의 노래,동사원형,한빛비즈,2023-02,17550,9.9,2017,706,2026-09-01T10:41:52+09:00,896,190,1902,115,0,0
398811035,방과 후 제방 일지 14,방과 후 제방 일지,14,,,코사카 야스유키,대원씨아이(만화),2026-07,4950,,1815,707,2026-09-01T10:41:52+09:00,720,13,1870,-55,0,0
355888808,팔견전 20,팔견전,20,,"- 동방팔견이문, S코믹스",아베 미유키,㈜소미미디어,2025-01,6300,10.0,1886,708,2026-09-01T10:41:52+09:00,897,189,1851,35,0,0
396657276,비밀법인 데스메이커 1,비밀법인 데스메이커,1,,,우나다 마아치,대원씨아이(만화),2026-06,6300,10.0,1930,709,2026-09-01T10:41:52+09:00,,,,,1,0
290968765,네가 죽을 때까지 사랑하고 싶어 4,네가 죽을 때까지 사랑하고 싶어,4,,,나치 아오노,학산문화사(만화),2022-03,5400,10.0,1876,710,2026-09-01T10:41:52+09:00,711,1,1805,71,0,0
344452803,팔견전 19,팔견전,19,,"- 동방팔견이문, S코믹스",아베 미유키,㈜소미미디어,2024-08,6300,10.0,1829,711,2026-09-01T10:41:52+09:00,902,191,1790,39,0,0
396048990,SCP가 뭔가요? 1,SCP가 뭔가요?,1,,,하치훈,대원씨아이(만화),2026-06,5850,10.0,1725,712,2026-09-01T10:41:52+09:00,714,2,1780,-55,0,0
396097455,장송의 프리렌 5,장송의 프리렌,5,,,야마다 카네히토,학산문화사(만화),2026-06,6300,,1745,713,2026-09-01T10:41:52+09:00,912,199,1740,5,0,0
335330575,팔견전 18,팔견전,18,,"- 동방팔견이문, S코믹스",아베 미유키,㈜소미미디어,2024-03,6300,6.8,1768,714,2026-09-01T10:41:52+09:00,905,191,1726,42,0,0
394027566,블리치 리믹스 16,블리치 리믹스,16,,,쿠보 타이토,서울미디어코믹스(서울문화사),2026-05,10800,9.6,1750,715,2026-09-01T10:41:52+09:00,909,194,1685,65,0,0
316396526,진격의 거인 14,진격의 거인,14,,,이사야마 하지메,학산문화사(만화),2014-09,5400,,1722,716,2026-09-01T10:41:52+09:00,580,-136,1667,55,0,0
398811124,사장과 술과 별 3,사장과 술과 별,3,,,즈리 키시,대원씨아이(만화),2026-07,5850,,1680,717,2026-09-01T10:41:52+09:00,911,194,1640,40,0,0
333361531,길가메쉬,길가메쉬,,,,옌스 하르더,마르코폴로,2024-02,18000,9.7,1657,718,2026-09-01T10:41:52+09:00,910,192,1630,27,0,0
400364294,이기적 연애론 3,이기적 연애론,3,,,교교박,다산코믹스,2026-08,16020,,1620,719,2026-09-01T10:41:52+09:00,583,-136,1620,0,0,0
394588521,풀 나이트 4,풀 나이트,4,,- S코믹스,야스다 카스미,㈜소미미디어,2026-06,6300,10.0,1605,720,2026-09-01T10:41:52+09:00,726,6,1580,25,0,0
399381129,지친 직장인은 악역 영애님을 모시고 싶어 5,지친 직장인은 악역 영애님을 모시고 싶어,5,,,네코타로,대원씨아이(만화),2026-07,5400,,1470,721,2026-09-01T10:41:52+09:00,719,-2,1505,-35,0,0
388016407,정반대의 너와 나 8,정반대의 너와 나,8,,- 완결,아가사와 코챠,학산문화사(만화),2026-03,5400,10.0,1614,722,2026-09-01T10:41:52+09:00,927,205,1494,120,0,0
395950064,향기로운 꽃은 늠름하게 핀다 4,향기로운 꽃은 늠름하게 핀다,4,,,미카미 사카,대원씨아이(만화),2026-06,6300,,1495,723,2026-09-01T10:41:52+09:00,723,0,1420,75,0,0
396091175,향기로운 꽃은 늠름하게 핀다 14,향기로운 꽃은 늠름하게 핀다,14,,,미카미 사카,대원씨아이(만화),2026-06,6300,,1415,724,2026-09-01T10:41:52+09:00,924,200,1380,35,0,0
397363079,백조 무덤 1,백조 무덤,1,,- 만화,앤트스튜디오,디앤씨미디어(주)(D&C미디어),2026-08,14400,,1470,725,2026-09-01T10:41:52+09:00,931,206,1370,100,0,0
381584698,Re : 제로부터 시작하는 이세계 생활 28,Re : 제로부터 시작하는 이세계 생활,28,,- Novel Engine,나가츠키 탓페이,데이즈엔터(주),2025-12,7200,10.0,1285,726,2026-09-01T10:41:52+09:00,588,-138,1363,-78,0,0
375536744,풀 나이트 3,풀 나이트,3,,- S코믹스,야스다 카스미,㈜소미미디어,2025-11,5400,10.0,1398,727,2026-09-01T10:41:52+09:00,939,212,1363,35,0,0
391302897,못 미더운 악녀입니다만 : ~추궁접서 교체전~ 9,못 미더운 악녀입니다만 : ~추궁접서 교체전~,9,,,EI Ohitsuji,서울미디어코믹스(서울문화사),2026-04,6300,10.0,1145,728,2026-09-01T10:41:52+09:00,599,-129,1340,-195,0,0
375650121,블리치 리믹스 13,블리치 리믹스,13,,,쿠보 타이토,서울미디어코믹스(서울문화사),2025-10,10800,10.0,1278,729,2026-09-01T10:41:52+09:00,725,-4,1323,-45,0,0
398811243,힛 미 하드 1 (특별판),힛 미 하드,1,특별판,- 패키지 박스 + 엽서 1종 + 렌티큘러 엽서 1종 + 포토카드 3종 + 아크릴 스탠드 1종 + 멀티 클리너 1종,,다산코믹스,2026-07,34200,10.0,1450,730,2026-09-01T10:41:52+09:00,938,208,1295,155,0,0
396803899,"새벽, 구름, 강 6","새벽, 구름, 강",6,,- 완결,마증지,봄툰,2026-06,15300,,1215,731,2026-09-01T10:41:52+09:00,589,-142,1250,-35,0,0
400543440,마녀대전 이능의 마녀 32인은 서로 죽인다 14,마녀대전 이능의 마녀 32인은 서로 죽인다,14,,,카와모토 호무라,대원씨아이(만화),2026-08,5400,,1180,732,2026-09-01T10:41:52+09:00,481,-251,1240,-60,0,0
399056301,Re : 제로부터 시작하는 이세계 생활 제4장 11,Re : 제로부터 시작하는 이세계 생활 제4장,11,,"- 성역과 탐욕의 마녀, 노엔 코믹스",아토리 하루노,데이즈엔터(주),2026-08,5400,,1060,733,2026-09-01T10:41:52+09:00,729,-4,1145,-85,0,0
391206653,데스 노트 Death Note 10,데스 노트 Death Note,10,,,오바 츠구미,대원씨아이(만화),2026-04,6300,,1070,734,2026-09-01T10:41:52+09:00,594,-140,1125,-55,0,0
400136893,뻐꾸기 커플 31,뻐꾸기 커플,31,,,요시카와 미키,학산문화사(만화),2026-08,5400,,1100,735,2026-09-01T10:41:52+09:00,596,-139,1120,-20,0,0
391206780,데스 노트 Death Note 11,데스 노트 Death Note,11,,,오바 츠구미,대원씨아이(만화),2006-10,6300,,1020,736,2026-09-01T10:41:52+09:00,595,-141,1095,-75,0,0
399872446,로스타임에 작별 인사를 Home and Away,로스타임에 작별 인사를 Home and Away,,,- 라르고 맥스 Largo Max,코코미,조은세상(북두),2026-08,5400,10.0,1110,737,2026-09-01T10:41:52+09:00,942,205,1060,50,0,0
400586342,펜과 수갑과 사실혼 4,펜과 수갑과 사실혼,4,,,사와라기 신이치,학산문화사(만화),2026-08,5400,,960,738,2026-09-01T10:41:52+09:00,397,-341,1050,-90,0,0
392651381,데스 노트 Death Note 9,데스 노트 Death Note,9,,,오바 츠구미,대원씨아이(만화),2026-05,6300,,995,739,2026-09-01T10:41:52+09:00,597,-142,1050,-55,0,0
399046795,도쿄대 세 자매 1,도쿄대 세 자매,1,,,이소야 유키,대원씨아이(만화),2026-07,5850,10.0,1095,740,2026-09-01T10:41:52+09:00,943,203,1025,70,0,0
399303583,개를 낳았다 시즌 2 : 13,개를 낳았다 시즌 2 :,13,,- 이별부터 만남까지,이선,서울미디어코믹스(서울문화사),2026-07,14400,,1055,741,2026-09-01T10:41:52+09:00,947,206,1000,55,0,0
349229181,단둘만의 로맨틱 1,단둘만의 로맨틱,1,,,카니사와 치히로,학산문화사(만화),2024-10,5400,10.0,1356,742,2026-09-01T10:41:52+09:00,,,,,1,0
400730154,1초 24,1초,24,,,시니,영컴(YOUNG COM),2026-08,15120,,910,743,2026-09-01T10:41:52+09:00,486,-257,970,-60,0,0
340310033,블리치 리믹스 3,블리치 리믹스,3,,,쿠보 타이토,서울미디어코믹스(서울문화사),2024-05,10800,10.0,998,744,2026-09-01T10:41:52+09:00,733,-11,963,35,0,0
399925554,최애의 성벽이 너무 위험하다고요! 1,최애의 성벽이 너무 위험하다고요!,1,,- BB코믹스,하루지ON,㈜소미미디어,2026-08,5850,,850,745,2026-09-01T10:41:52+09:00,602,-143,880,-30,0,0
400585962,특별한 도라에몽 : 언제나 마음속에 친구 편 9,특별한 도라에몽 : 언제나 마음속에 친구 편,9,,,후지코 F. 후지오,대원씨아이(만화),2026-08,8100,,1030,746,2026-09-01T10:41:52+09:00,,,,,1,0
400585852,택배기사 형이랑 잘 될 수 있을까?,택배기사 형이랑 잘 될 수 있을까?,,,- B愛+750,노다 논다,대원씨아이(만화),2026-08,6300,,870,747,2026-09-01T10:41:52+09:00,737,-10,810,60,0,0
317300306,못 미더운 악녀입니다만 : ~추궁접서 교체전~ 3,못 미더운 악녀입니다만 : ~추궁접서 교체전~,3,,,EI Ohitsuji,서울미디어코믹스(서울문화사),2023-05,6300,10.0,713,748,2026-09-01T10:41:52+09:00,741,-7,763,-50,0,0
398200687,톰 폭스의 옷을 입은 캐릭터 드로잉 : 옷과 주름 그리기 워크북,톰 폭스의 옷을 입은 캐릭터 드로잉 : 옷과 주름 그리기 워크북,,,,톰 폭스,한즈미디어(한스미디어),2026-07,19800,,675,749,2026-09-01T10:41:52+09:00,611,-138,725,-50,0,0
400585953,떨거지 인어 디아나 1,떨거지 인어 디아나,1,,- S코믹스,스아마,㈜소미미디어,2026-08,6300,,630,750,2026-09-01T10:41:52+09:00,608,-142,720,-90,0,0
400001026,사자나미 군이 가장 싫어하는 남자,사자나미 군이 가장 싫어하는 남자,,,,오기,인디고,2026-08,5850,,750,751,2026-09-01T10:41:52+09:00,962,211,710,40,0,0
398443139,데스 노트 Death Note 4,데스 노트 Death Note,4,,,오바 츠구미,대원씨아이(만화),2005-06,6300,,680,752,2026-09-01T10:41:52+09:00,961,209,605,75,0,0
400662517,특급 알파가 사랑한 오메가,특급 알파가 사랑한 오메가,,,,Ayumi Kannami,서울미디어코믹스(서울문화사),2026-08,7650,,520,753,2026-09-01T10:41:52+09:00,490,-263,580,-60,0,0
400856418,미와 씨 행세를 합니다 14,미와 씨 행세를 합니다,14,,,아오키 유헤이,대원씨아이(만화),2026-08,5850,,420,754,2026-09-01T10:41:52+09:00,492,-262,480,-60,0,0
400624765,장송의 프리렌 9,장송의 프리렌,9,,,야마다 카네히토,학산문화사(만화),2022-12,6300,,530,755,2026-09-01T10:41:52+09:00,974,219,460,70,0,0
400708005,신에게 맹세코 거짓입니다 2,신에게 맹세코 거짓입니다,2,,,마츠모토 스이세이,대원씨아이(만화),2026-08,6300,,430,756,2026-09-01T10:41:52+09:00,614,-142,450,-20,0,0
395477065,역사에 남을 악녀가 될 거야 5,역사에 남을 악녀가 될 거야,5,,- ~악역 영애가 될수록 왕자의 사랑이 가속하는 것 같습니다!~,호시 아카리,서울미디어코믹스(서울문화사),2026-06,5400,10.0,375,757,2026-09-01T10:41:52+09:00,405,-352,405,-30,0,0
400707987,순애 러브하울링,순애 러브하울링,,,- B愛+751,시에로,대원씨아이(만화),2026-08,5850,,370,758,2026-09-01T10:41:52+09:00,619,-139,390,-20,0,0
401052841,만화 이상적인 기둥서방 생활 10,만화 이상적인 기둥서방 생활,10,,,히노츠키 네코,길찾기,2026-08,6300,,410,759,2026-09-01T10:41:52+09:00,,,,,1,0
401247959,내일은 어느 쪽! 12,내일은 어느 쪽!,12,,- 코믹 라르고 Comic Largo,야마모토 코테츠코,조은세상(북두),2026-09,5400,,610,760,2026-09-01T10:41:52+09:00,,,,,1,0
361704320,여학교의 별 4,여학교의 별,4,,,와야마 야마,문학동네,2025-03,7650,9.8,28586,761,2026-09-01T10:41:52+09:00,977,216,28559,27,0,0
350992427,팬텀 버스터즈 1,팬텀 버스터즈,1,,- S코믹스,네오쇼코,㈜소미미디어,2024-11,5850,9.4,13309,762,2026-09-01T10:41:52+09:00,622,-140,13351,-42,0,0
385521459,체인소 맨 22,체인소 맨,22,,,후지모토 타츠키,학산문화사(만화),2026-02,5400,10.0,12867,763,2026-09-01T10:41:52+09:00,749,-14,12914,-47,0,0
284699967,귀멸의 칼날 외전,귀멸의 칼날 외전,,,,히라노 료지,학산문화사(만화),2021-12,5400,9.8,10210,764,2026-09-01T10:41:52+09:00,750,-14,10296,-86,0,0
309270072,후지모토 타츠키 단편집 17-21,후지모토 타츠키 단편집,17-21,,,후지모토 타츠키,학산문화사(만화),2023-01,5400,8.6,9773,765,2026-09-01T10:41:52+09:00,,,,,1,0
379004652,열혈강호 94,열혈강호,94,,,전극진,대원씨아이(만화),2025-11,4950,9.2,9515,766,2026-09-01T10:41:52+09:00,751,-15,9552,-37,0,0
252254600,귀멸의 칼날 : 공식 팬북 귀살대 견문록,귀멸의 칼날 : 공식 팬북 귀살대 견문록,,,,고토게 코요하루,학산문화사(만화),2020-09,8550,9.6,9496,767,2026-09-01T10:41:52+09:00,752,-15,9462,34,0,0
215083221,스파이 패밀리 1,스파이 패밀리,1,,,엔도 타츠야,학산문화사(만화),2019-11,5400,9.7,9421,768,2026-09-01T10:41:52+09:00,,,,,1,0
387670769,팬텀 버스터즈 6,팬텀 버스터즈,6,,- S코믹스,네오쇼코,㈜소미미디어,2026-03,5850,9.8,8887,769,2026-09-01T10:41:52+09:00,754,-15,8948,-61,0,0
384918469,루리 드래곤 4,루리 드래곤,4,,,신도 마사오키,서울미디어코믹스(서울문화사),2026-01,5400,9.6,8689,770,2026-09-01T10:41:52+09:00,627,-143,8751,-62,0,0
387232917,모모세 아키라의 첫사랑 파탄 중 4 (트리플 특전판),모모세 아키라의 첫사랑 파탄 중,4,트리플 특전판,- 스페셜 아크릴 일러스트 카드(1종) + 반전 매력의 양면 일러스트 카드(2종),하레카와 신타,서울미디어코믹스(서울문화사),2026-02,6750,10.0,8433,771,2026-09-01T10:41:52+09:00,755,-16,8631,-198,0,0
373273268,히카루가 죽은 여름 7,히카루가 죽은 여름,7,,- SL Comic,모쿠모쿠렌,디앤씨미디어(주)(D&C미디어),2025-10,5850,9.6,8523,772,2026-09-01T10:41:52+09:00,628,-144,8588,-65,0,0
395358108,찍히지 않습니다 6,찍히지 않습니다,6,,"- S코믹스 /초판 한정 일러스트 카드, 폴라로이드 사진풍 카드 2종",코노시마 루카,㈜소미미디어,2026-06,6300,10.0,8025,773,2026-09-01T10:41:52+09:00,993,220,8105,-80,0,0
374276000,마남 이치 2 (더블 특전판),마남 이치,2,더블 특전판,- 홀로그램 일러스트 카드 1종 + 일러스트 책갈피 3종,유사자키 시로,서울미디어코믹스(서울문화사),2025-10,6300,9.6,7797,774,2026-09-01T10:41:52+09:00,506,-268,7946,-149,0,0
382045769,모모세 아키라의 첫사랑 파탄 중 3 (트리플 특전판),모모세 아키라의 첫사랑 파탄 중,3,트리플 특전판,- 홀로그램 일러스트 카드(1종) + 반전 매력의 양면 일러스트 카드(2종),하레카와 신타,서울미디어코믹스(서울문화사),2025-12,6750,9.8,7545,775,2026-09-01T10:41:52+09:00,759,-16,7594,-49,0,0
295225480,귀멸의 칼날 22,귀멸의 칼날,22,,,고토게 코요하루,학산문화사(만화),2021-01,5400,,7624,776,2026-09-01T10:41:52+09:00,997,221,7567,57,0,0
383612098,타몬 군 지금 어느 쪽?! 11,타몬 군 지금 어느 쪽?!,11,,,시와스 유키,학산문화사(만화),2026-01,5400,10.0,7528,777,2026-09-01T10:41:52+09:00,758,-19,7541,-13,0,0
303424817,주술회전 20,주술회전,20,,- 센다이 -연회 중반-,아쿠타미 게게,서울미디어코믹스(서울문화사),2022-10,5400,9.8,7450,778,2026-09-01T10:41:52+09:00,1000,222,7422,28,0,0
303306489,망그러진 만화 1,망그러진 만화,1,,- 망그러진 곰과 햄터의 귀염뽀짝 일상다반사!,유랑,좋은생각,2022-11,15120,9.9,7271,779,2026-09-01T10:41:52+09:00,763,-16,7261,10,0,0
398836243,TV애니메이션 주술회전 회옥·옥절/시부야 사변 공식 가이드북,TV애니메이션 주술회전 회옥·옥절/시부야 사변 공식 가이드북,,,- 초판 한정 : 책갈피 2종,아쿠타미 게게,서울미디어코믹스(서울문화사),2026-07,24300,10.0,7300,780,2026-09-01T10:41:52+09:00,762,-18,7260,40,0,0
329014950,히카루가 죽은 여름 3,히카루가 죽은 여름,3,,- SL Comic,모쿠모쿠렌,디앤씨미디어(주)(D&C미디어),2023-12,5400,9.8,7204,781,2026-09-01T10:41:52+09:00,760,-21,7241,-37,0,0
392519237,길고양이와 늑대 6,길고양이와 늑대,6,,,미츠바치 미유키,학산문화사(만화),2026-05,5400,9.9,6640,782,2026-09-01T10:41:52+09:00,769,-13,6775,-135,0,0
304249889,귀멸의 칼날 1~23 박스 세트 - 전23권 (완결),귀멸의 칼날 1~23 박스 세트 - 전23권 (완결),,,,고토게 코요하루,학산문화사(만화),2022-11,124200,6.0,6764,783,2026-09-01T10:41:52+09:00,,,,,1,0
365660227,모 이야기 2,모 이야기,2,,,최연주,엣눈북스(atnoonbooks),2025-06,20700,9.1,6670,784,2026-09-01T10:41:52+09:00,,,,,1,0
393717336,문호 스트레이독스 27,문호 스트레이독스,27,,"- 노엔 코믹스 /초판한정 : 띠지, 일러스트 카드",아사기리 카프카,데이즈엔터(주),2026-06,5400,10.0,6290,785,2026-09-01T10:41:52+09:00,770,-15,6355,-65,0,0
370615925,향기로운 꽃은 늠름하게 핀다 15,향기로운 꽃은 늠름하게 핀다,15,,,미카미 사카,대원씨아이(만화),2025-08,5400,,6348,786,2026-09-01T10:41:52+09:00,,,,,1,0
380080135,봇치·더·록! 외전 히로이 키쿠리의 과음일기 4,봇치·더·록! 외전 히로이 키쿠리의 과음일기,4,,,쿠미쵸,대원씨아이(만화),2025-12,8100,10.0,6190,787,2026-09-01T10:41:52+09:00,772,-15,6233,-43,0,0
149320447,던전밥 6,던전밥,6,,- S코믹스,쿠이 료코,㈜소미미디어,2018-06,6300,9.4,6246,788,2026-09-01T10:41:52+09:00,,,,,1,0
345263957,카구라바치 1,카구라바치,1,,,호카조노 타케루,대원씨아이(만화),2024-08,5850,9.2,6167,789,2026-09-01T10:41:52+09:00,513,-276,6176,-9,0,0
329151499,봄의 폭풍과 몬스터 2,봄의 폭풍과 몬스터,2,,,미츠바치 미유키,학산문화사(만화),2023-11,5400,9.7,6045,790,2026-09-01T10:41:52+09:00,642,-148,6111,-66,0,0
6475285,이토 준지의 고양이일기 욘&무,이토 준지의 고양이일기 욘&무,,,,이토 준지,대원씨아이(만화),2010-02,5400,8.6,5982,791,2026-09-01T10:41:52+09:00,,,,,1,0
354350771,사카모토 데이즈 11,사카모토 데이즈,11,,- 한 방,스즈키 유우토,대원씨아이(만화),2023-06,5850,,5933,792,2026-09-01T10:41:52+09:00,773,-19,5959,-26,0,0
304252422,귀멸 학원! 2,귀멸 학원!,2,,,호카미 나츠키,학산문화사(만화),2022-11,5400,8.0,6072,793,2026-09-01T10:41:52+09:00,,,,,1,0
388349538,카구라바치 9 (특별판),카구라바치,9,특별판,"- 토비무네, 아크릴 스탠드 2종 + 자개풍 홀로그램 아크릴 코스터 1종 + 화투풍 능력카드 4종 + 갤러리 보드 1종 + 후가공 일러스트카드 1종 + 렌티큘러 카드 1종 + 초판한정 일러스트 시네마 티켓 1종 + 더블특전 요도 계약자 pp 북마크",호카조노 타케루,대원씨아이(만화),2026-03,35550,10.0,5681,794,2026-09-01T10:41:52+09:00,517,-277,5759,-78,0,0
328897066,귀멸 학원! 4,귀멸 학원!,4,,,호카미 나츠키,학산문화사(만화),2023-11,5400,10.0,5742,795,2026-09-01T10:41:52+09:00,774,-21,5701,41,0,0
290968392,아름다운 초저녁달 2,아름다운 초저녁달,2,,,야마모리 미카,학산문화사(만화),2022-03,5400,10.0,5811,796,2026-09-01T10:41:52+09:00,,,,,1,0
67153695,기븐 1,기븐,1,,- 뉴 루비코믹스 1740,키즈 나츠키,현대지능개발사,2015-09,4950,9.2,5581,797,2026-09-01T10:41:52+09:00,778,-19,5555,26,0,0
357701937,사카모토 데이즈 10,사카모토 데이즈,10,,- 재회,스즈키 유우토,대원씨아이(만화),2023-05,5850,,5643,798,2026-09-01T10:41:52+09:00,,,,,1,0
379454044,학생회에도 구멍은 있다! 공식 풀컬러판 : 《생구멍 셀렉션!》,학생회에도 구멍은 있다! 공식 풀컬러판 : 《생구멍 셀렉션!》,,,- S코믹스,무치마로,㈜소미미디어,2025-12,10800,9.6,5465,799,2026-09-01T10:41:52+09:00,782,-17,5440,25,0,0
372712759,쓰레기 기둥서방 하나 군은 죽고 싶어 해 2,쓰레기 기둥서방 하나 군은 죽고 싶어 해,2,,,아메코,대원씨아이(만화),2025-09,5850,9.3,5291,800,2026-09-01T10:41:52+09:00,435,-365,5387,-96,0,0
354788974,사카모토 데이즈 12,사카모토 데이즈,12,,- 크랭크 인,스즈키 유우토,대원씨아이(만화),2023-09,5850,,5324,801,2026-09-01T10:41:52+09:00,783,-18,5343,-19,0,0
226966203,그 비스크 돌은 사랑을 한다 2,그 비스크 돌은 사랑을 한다,2,,- S코믹스,후쿠다 신이치,㈜소미미디어,2020-01,6300,9.0,5413,802,2026-09-01T10:41:52+09:00,,,,,1,0
397362768,가끔씩 툭하고 러시아어로 부끄러워하는 옆자리의 아랴 양 11,가끔씩 툭하고 러시아어로 부끄러워하는 옆자리의 아랴 양,11,,"- L Novel /초판 한정 특전 : 띠지, 책갈피, 양면 표지, 폴라로이드 카드 1종",SUN SUN SUN,디앤씨미디어(주)(D&C미디어),2026-07,7650,,5355,803,2026-09-01T10:41:52+09:00,,,,,1,0
393112792,비실비실 선생님 13,비실비실 선생님,13,,,후쿠치 카미오,대원씨아이(만화),2026-05,5850,10.0,5225,804,2026-09-01T10:41:52+09:00,784,-20,5270,-45,0,0
383611991,메달리스트 13,메달리스트,13,,,츠루마이카다,학산문화사(만화),2026-01,5400,9.6,5183,805,2026-09-01T10:41:52+09:00,787,-18,5245,-62,0,0
314077334,헌터x헌터 HunterXHunter 신장판 4,헌터x헌터 HunterXHunter 신장판,4,,,토가시 요시히로,학산문화사(만화),2013-08,5400,,5018,806,2026-09-01T10:41:52+09:00,790,-16,5095,-77,0,0
297863750,헌터x헌터 HunterXHunter 신장판 5,헌터x헌터 HunterXHunter 신장판,5,,,토가시 요시히로,학산문화사(만화),2013-10,5400,,4982,807,2026-09-01T10:41:52+09:00,791,-16,5052,-70,0,0
388015005,도나츠와 서커스 1~2 완결 스페셜 세트 - 전2권,도나츠와 서커스 1~2 완결 스페셜 세트 - 전2권,,,,오븐,네이버웹툰,2026-05,32400,,4915,808,2026-09-01T10:41:52+09:00,789,-19,4970,-55,0,0
311362968,헌터x헌터 HunterXHunter 신장판 6,헌터x헌터 HunterXHunter 신장판,6,,,토가시 요시히로,학산문화사(만화),2013-10,5400,10.0,4821,809,2026-09-01T10:41:52+09:00,794,-15,4883,-62,0,0
387582084,타워 던전 4,타워 던전,4,,,니헤이 츠토무,학산문화사(만화),2026-03,6300,10.0,5088,810,2026-09-01T10:41:52+09:00,,,,,1,0
301708653,주술회전 11,주술회전,11,,,아쿠타미 게게,서울미디어코믹스(서울문화사),2021-01,5400,,4728,811,2026-09-01T10:41:52+09:00,525,-286,4821,-93,0,0
340823801,봄의 폭풍과 몬스터 4,봄의 폭풍과 몬스터,4,,,미츠바치 미유키,학산문화사(만화),2024-06,5400,10.0,4705,812,2026-09-01T10:41:52+09:00,648,-164,4749,-44,0,0
297902517,헌터x헌터 HunterXHunter 신장판 10,헌터x헌터 HunterXHunter 신장판,10,,,토가시 요시히로,학산문화사(만화),2014-04,5400,,4389,813,2026-09-01T10:41:52+09:00,798,-15,4468,-79,0,0
367919526,마루는 강쥐 7,마루는 강쥐,7,,,모죠,문페이스,2025-07,14400,,4534,814,2026-09-01T10:41:52+09:00,,,,,1,0
315823527,헌터x헌터 HunterXHunter 신장판 9,헌터x헌터 HunterXHunter 신장판,9,,,토가시 요시히로,학산문화사(만화),2014-04,5400,,4306,815,2026-09-01T10:41:52+09:00,800,-15,4378,-72,0,0
314077483,헌터x헌터 HunterXHunter 신장판 8,헌터x헌터 HunterXHunter 신장판,8,,,토가시 요시히로,학산문화사(만화),2014-01,5400,,4257,816,2026-09-01T10:41:52+09:00,801,-15,4329,-72,0,0
105525838,공각기동대 -MANMACHINE INTERFACE-,공각기동대 -MANMACHINE INTERFACE-,,,,시로 마사무네,대원씨아이(만화),2017-03,14400,7.7,4380,817,2026-09-01T10:41:52+09:00,,,,,1,0
281358410,원피스 1,원피스,1,,- 동터오는 모험시대,오다 에이치로,대원씨아이(만화),2008-03,4950,10.0,4124,818,2026-09-01T10:41:52+09:00,532,-286,4264,-140,0,0
135438370,기븐 4,기븐,4,,- 뉴 루비코믹스 2133,키즈 나츠키,현대지능개발사,2018-02,4950,8.7,4342,819,2026-09-01T10:41:52+09:00,,,,,1,0
387708220,블루 록 : Episode 나기 8,블루 록 : Episode 나기,8,,- 완결,산노미야 코타,학산문화사(만화),2026-03,5400,10.0,4113,820,2026-09-01T10:41:52+09:00,802,-18,4161,-48,0,0
199996910,기븐 5,기븐,5,,- 뉴 루비코믹스 2350,키즈 나츠키,현대지능개발사,2019-07,5400,9.6,4244,821,2026-09-01T10:41:52+09:00,,,,,1,0
303283805,진격의 거인 1~17 박스 세트 Part 1 - 전17권,진격의 거인 1~17 박스 세트 Part 1 - 전17권,,,- PVC카드 17매 동봉,이사야마 하지메,학산문화사(만화),2022-10,91800,10.0,4028,822,2026-09-01T10:41:52+09:00,808,-14,4094,-66,0,0
317503708,신부이야기 14,신부이야기,14,,,모리 카오루,대원씨아이(만화),2023-05,7200,9.9,4135,823,2026-09-01T10:41:52+09:00,806,-17,4059,76,0,0
367953506,얼굴만으론 좋아할 수 없어요 14,얼굴만으론 좋아할 수 없어요,14,,,안자이 카린,서울미디어코믹스(서울문화사),2025-07,5400,,4125,824,2026-09-01T10:41:52+09:00,,,,,1,0
337105332,Veil 1,Veil,1,,"- S코믹스, JAPAN EXPO 최우수작화상, 최우수장정상 수상",코테리,㈜소미미디어,2024-04,11520,9.2,4168,825,2026-09-01T10:41:52+09:00,811,-14,4052,116,0,0
280309364,신부이야기 13,신부이야기,13,,,모리 카오루,대원씨아이(만화),2021-09,7200,9.6,3994,826,2026-09-01T10:41:52+09:00,660,-166,3974,20,0,0
344254532,GACHIAKUTA 6,GACHIAKUTA,6,,,케이 우라나,학산문화사(만화),2024-08,5400,10.0,3901,827,2026-09-01T10:41:52+09:00,809,-18,3943,-42,0,0
385522283,운명의 사람을 만나는 이야기 7,운명의 사람을 만나는 이야기,7,,,아나신,학산문화사(만화),2026-02,5400,9.9,4010,828,2026-09-01T10:41:52+09:00,,,,,1,0
393803131,"밟고, 차고, 사랑하고 6","밟고, 차고, 사랑하고",6,,,이치야 스미,대원씨아이(만화),2026-05,4950,9.7,3890,829,2026-09-01T10:41:52+09:00,,,,,1,0
320877909,꿈빛 파티시엘 신장판 12,꿈빛 파티시엘 신장판,12,,- 완결,마츠모토 나츠미,대원씨아이(만화),2023-07,5400,,3885,830,2026-09-01T10:41:52+09:00,813,-17,3900,-15,0,0
328754603,아름다운 초저녁달 6,아름다운 초저녁달,6,,,야마모리 미카,학산문화사(만화),2023-11,5400,9.9,4175,831,2026-09-01T10:41:52+09:00,,,,,1,0
359520421,극락가 2,극락가,2,,,사노 유토,대원씨아이(만화),2024-02,5850,,3835,832,2026-09-01T10:41:52+09:00,817,-15,3774,61,0,0
320877802,꿈빛 파티시엘 신장판 11,꿈빛 파티시엘 신장판,11,,,마츠모토 나츠미,대원씨아이(만화),2023-07,5400,10.0,3749,833,2026-09-01T10:41:52+09:00,816,-17,3766,-17,0,0
362628387,사카모토 데이즈 18,사카모토 데이즈,18,,,스즈키 유우토,대원씨아이(만화),2024-11,5850,,3785,834,2026-09-01T10:41:52+09:00,,,,,1,0
362015779,사카모토 데이즈 비기너즈 팩 Vol.2 : 4~6 합본 세트,사카모토 데이즈 비기너즈 팩 Vol.2 : 4~6 합본 세트,,,- 나구모 홀로그램 카드 1종 + 일러스트 포스트카드 3종,스즈키 유우토,대원씨아이(만화),2025-04,17550,10.0,3644,835,2026-09-01T10:41:52+09:00,819,-16,3706,-62,0,0
369868455,야쿠자 때문에 목욕탕에서 일하고 있습니다 2,야쿠자 때문에 목욕탕에서 일하고 있습니다,2,,- 루나 코믹스,타카시,㈜소미미디어,2025-08,5850,9.8,3718,836,2026-09-01T10:41:52+09:00,,,,,1,0
337393287,내 마음의 위험한 녀석 9,내 마음의 위험한 녀석,9,,- S코믹스,사쿠라이 노리오,㈜소미미디어,2024-04,6300,9.8,3549,837,2026-09-01T10:41:52+09:00,825,-12,3596,-47,0,0
298203594,나루토 Naruto 3,나루토 Naruto,3,,,키시모토 마사시,대원씨아이(만화),2000-11,4950,,3393,838,2026-09-01T10:41:52+09:00,451,-387,3548,-155,0,0
388858246,야쿠자 때문에 목욕탕에서 일하고 있습니다 3,야쿠자 때문에 목욕탕에서 일하고 있습니다,3,,,타카시,㈜소미미디어,2026-04,5850,9.9,3457,839,2026-09-01T10:41:52+09:00,832,-7,3534,-77,0,0
397294900,비교하고 검토하는 교열부의 쿠쥬 씨 2,비교하고 검토하는 교열부의 쿠쥬 씨,2,,,고이시 유카,서교책방,2026-07,11520,10.0,3495,840,2026-09-01T10:41:52+09:00,827,-13,3475,20,0,0
298280625,헌터x헌터 HunterXHunter 신장판 15,헌터x헌터 HunterXHunter 신장판,15,,,토가시 요시히로,학산문화사(만화),2015-04,5400,,3455,841,2026-09-01T10:41:52+09:00,673,-168,3458,-3,0,0
298280477,헌터x헌터 HunterXHunter 신장판 21,헌터x헌터 HunterXHunter 신장판,21,,,토가시 요시히로,학산문화사(만화),2016-06,5400,,3333,842,2026-09-01T10:41:52+09:00,833,-9,3345,-12,0,0
295224714,귀멸의 칼날 6,귀멸의 칼날,6,,,고토게 코요하루,학산문화사(만화),2018-10,5400,,3519,843,2026-09-01T10:41:52+09:00,,,,,1,0
322441168,꿈빛 파티시엘 신장판 4,꿈빛 파티시엘 신장판,4,,,마츠모토 나츠미,대원씨아이(만화),2023-08,5400,,3327,844,2026-09-01T10:41:52+09:00,,,,,1,0
307010808,지. : 지구의 운동에 대하여 3,지. : 지구의 운동에 대하여,3,,,우오토,문학동네,2022-12,7200,9.5,3371,845,2026-09-01T10:41:52+09:00,,,,,1,0
356090755,그리고 마녀는 숲으로 갔다 2,그리고 마녀는 숲으로 갔다,2,,- 완결,산호,고블,2025-02,21600,9.9,3160,846,2026-09-01T10:41:52+09:00,862,16,3290,-130,0,0
322441190,꿈빛 파티시엘 신장판 5,꿈빛 파티시엘 신장판,5,,,마츠모토 나츠미,대원씨아이(만화),2023-08,5400,,3272,847,2026-09-01T10:41:52+09:00,,,,,1,0
241030899,소녀종말여행 1~6 박스 세트 - 전6권 (엽서 세트 포함),소녀종말여행 1~6 박스 세트 - 전6권 (엽서 세트 포함),,,- 완결,츠쿠미즈,학산문화사(만화),2020-06,36000,9.6,3326,848,2026-09-01T10:41:52+09:00,,,,,1,0
294498008,블루 록 1,블루 록,1,,,노무라 유스케,학산문화사(만화),2020-11,5400,10.0,3258,849,2026-09-01T10:41:52+09:00,,,,,1,0
391350801,나나 NANA 완전판 8,나나 NANA 완전판,8,,"- 초판 한정: PP엽서 1종, 포토카드 1종",야자와 아이,학산문화사(만화),2026-04,10800,,3278,850,2026-09-01T10:41:52+09:00,840,-10,3234,44,0,0
337506090,삼색 고양이 모부는 캔 부자가 되고 싶어,삼색 고양이 모부는 캔 부자가 되고 싶어,,,,쿠로야마 캐시 램,AK(에이케이)커뮤니케이션즈,2024-04,10620,9.6,3301,851,2026-09-01T10:41:52+09:00,,,,,1,0
353581099,내 마음의 위험한 녀석 10,내 마음의 위험한 녀석,10,,- S코믹스,사쿠라이 노리오,㈜소미미디어,2024-12,6300,9.2,3173,852,2026-09-01T10:41:52+09:00,849,-3,3233,-60,0,0
379954205,팔견전 24,팔견전,24,,"- 동방팔견이문, S코믹스, 완결",아베 미유키,㈜소미미디어,2025-12,5400,8.5,3262,853,2026-09-01T10:41:52+09:00,,,,,1,0
298051313,헌터x헌터 HunterXHunter 신장판 26,헌터x헌터 HunterXHunter 신장판,26,,,토가시 요시히로,학산문화사(만화),2016-08,5400,,3224,854,2026-09-01T10:41:52+09:00,,,,,1,0
398870503,더 죠죠랜즈 3 : 돈벌이할 시간,더 죠죠랜즈 3 : 돈벌이할 시간,,,- 죠죠의 기묘한 모험 Part 9,아라키 히로히코,문학동네,2026-07,7200,10.0,3045,855,2026-09-01T10:41:52+09:00,855,0,3190,-145,0,0
195325312,일러스트와 만화를 위한 구도 노하우,일러스트와 만화를 위한 구도 노하우,,,,마츠오카 신지,영진.com(영진닷컴),2019-06,15300,7.5,3329,856,2026-09-01T10:41:52+09:00,,,,,1,0
392471811,전생했더니 슬라임이었던 건에 대하여 30,전생했더니 슬라임이었던 건에 대하여,30,,- S코믹스,카와카미 타이키,㈜소미미디어,2026-05,6300,10.0,3160,857,2026-09-01T10:41:52+09:00,847,-10,3120,40,0,0
390243150,장송의 프리렌 12,장송의 프리렌,12,,,야마다 카네히토,학산문화사(만화),2024-07,6300,,3041,858,2026-09-01T10:41:52+09:00,863,5,3036,5,0,0
398872148,K-9 경시청 공안부 공안제9과 이능력 대책반 3,K-9 경시청 공안부 공안제9과 이능력 대책반,3,,,오쿠야마 테츠야,대원씨아이(만화),2026-07,6300,10.0,2975,859,2026-09-01T10:41:52+09:00,850,-9,3035,-60,0,0
318156190,얼굴만으론 좋아할 수 없어요 7,얼굴만으론 좋아할 수 없어요,7,,,안자이 카린,서울미디어코믹스(서울문화사),2023-06,5400,10.0,3018,860,2026-09-01T10:41:52+09:00,857,-3,3027,-9,0,0
394099586,금색의 갓슈 5 (2기),금색의 갓슈 5 (2기),,,,라이쿠 마코토,대원씨아이(만화),2026-05,9000,9.9,3000,861,2026-09-01T10:41:52+09:00,,,,,1,0
369055987,사카모토 데이즈 21 : NAGUMO DIYS 특별판,사카모토 데이즈 21 : NAGUMO DIYS 특별판,,,- DIY 아크릴 디오라마 스탠드 1세트 + DIY 아크릴 참 3종 + DIY 아크릴 포토 프레임 1세트 + 컬러 포토 카드 4종 + 모노크롬 스티커팩 1종 + 스페셜 일러스트 보드 1종 + 네임택 스트랩 1종 + 캔배지 2종 + 구성품 안내지 + 박스,스즈키 유우토,대원씨아이(만화),2025-07,68850,10.0,2871,862,2026-09-01T10:41:52+09:00,681,-181,2921,-50,0,0
383428976,Veil 6,Veil,6,,"- S코믹스, JAPAN EXPO 최우수작화상, 최우수장정상 수상",코테리,㈜소미미디어,2026-01,11520,9.7,2895,863,2026-09-01T10:41:52+09:00,868,5,2885,10,0,0
398010173,한구석의 기억 2,한구석의 기억,2,,,키요나가 타마고,빗금,2026-07,6750,10.0,2870,864,2026-09-01T10:41:52+09:00,,,,,1,0
397818353,너를 너무너무너무너무 좋아하는 100명의 그녀 24,너를 너무너무너무너무 좋아하는 100명의 그녀,24,,,나카무라 리키토,학산문화사(만화),2026-07,5400,,2675,865,2026-09-01T10:41:52+09:00,872,7,2660,15,0,0
323288688,내 마음의 위험한 녀석 8,내 마음의 위험한 녀석,8,,- S코믹스,사쿠라이 노리오,㈜소미미디어,2023-09,6300,9.7,2561,866,2026-09-01T10:41:52+09:00,875,9,2611,-50,0,0
387708182,한밤중 하트튠 10,한밤중 하트튠,10,,,이가라시 마사쿠니,학산문화사(만화),2026-03,5400,9.0,2596,867,2026-09-01T10:41:52+09:00,870,3,2605,-9,0,0
333689768,건방진 그 녀석 1,건방진 그 녀석,1,,,미츠바치 미유키,학산문화사(만화),2016-03,5400,10.0,2347,868,2026-09-01T10:41:52+09:00,697,-171,2557,-210,0,0
370798859,할렐루야 베이비 1,할렐루야 베이비,1,,,코지마 라라,AK(에이케이)커뮤니케이션즈,2025-08,5850,10.0,2581,869,2026-09-01T10:41:52+09:00,,,,,1,0
337103761,나 혼자만 레벨업 5,나 혼자만 레벨업,5,,- 만화,장성락(REDICE STUDIO),디앤씨웹툰비즈,2021-10,14400,9.3,2574,870,2026-09-01T10:41:52+09:00,,,,,1,0
369056766,사카모토 데이즈 21,사카모토 데이즈,21,,- 오늘의 운세,스즈키 유우토,대원씨아이(만화),2025-07,5850,,2466,871,2026-09-01T10:41:52+09:00,876,5,2473,-7,0,0
388041238,무서운 책 1,무서운 책,1,,- 뱀,우메즈 카즈오,AK(에이케이)커뮤니케이션즈,2026-03,9000,10.0,2452,872,2026-09-01T10:41:52+09:00,877,5,2461,-9,0,0
304629473,블루 록 6,블루 록,6,,,노무라 유스케,학산문화사(만화),2021-06,5400,,2381,873,2026-09-01T10:41:52+09:00,,,,,1,0
315743462,얼굴만으론 좋아할 수 없어요 3,얼굴만으론 좋아할 수 없어요,3,,,안자이 카린,서울미디어코믹스(서울문화사),2022-04,5400,,2369,874,2026-09-01T10:41:52+09:00,881,7,2374,-5,0,0
391724707,명탐정 코난 로맨틱 러버스 셀렉션,명탐정 코난 로맨틱 러버스 셀렉션,,,,아오야마 고쇼,서울미디어코믹스(서울문화사),2026-04,10800,10.0,2229,875,2026-09-01T10:41:52+09:00,695,-180,2359,-130,0,0
396137173,세레나 10,세레나,10,,"- 초판 한정 부록 : 일러스트 엽서 1종, 면지에 작가님 친필 사인(인쇄본)",정이나,네이버웹툰,2026-07,16020,,2385,876,2026-09-01T10:41:52+09:00,,,,,1,0
397021977,리:블루 6,리:블루,6,,,카세 마츠리,대원씨아이(만화),2026-06,5850,9.9,2185,877,2026-09-01T10:41:52+09:00,698,-179,2275,-90,0,0
378051373,카구라바치 8,카구라바치,8,,,호카조노 타케루,대원씨아이(만화),2025-11,5850,,2345,878,2026-09-01T10:41:52+09:00,571,-307,2255,90,0,0
336005906,나 혼자만 레벨업 1,나 혼자만 레벨업,1,,- 만화,장성락(REDICE STUDIO),디앤씨웹툰비즈,2019-09,14400,9.3,2442,879,2026-09-01T10:41:52+09:00,,,,,1,0
323998644,먼작귀 4 (콩알도감 포함 특별판),먼작귀,4,콩알도감 포함 특별판,- 먼가 작고 귀여운 녀석,나가노,미우(대원씨아이),2023-09,21600,6.7,2192,880,2026-09-01T10:41:52+09:00,883,3,2212,-20,0,0
375449964,노아 선배는 친구 7,노아 선배는 친구,7,,,아키야마 엔마,서울미디어코믹스(서울문화사),2025-10,5850,9.6,2256,881,2026-09-01T10:41:52+09:00,,,,,1,0
368681375,귀엽다는 말 들은 적 없어!! 10,귀엽다는 말 들은 적 없어!!,10,,,하루후지 나카바,대원씨아이(만화),2025-07,4500,9.8,2163,882,2026-09-01T10:41:52+09:00,884,2,2163,0,0,0
349368452,악마에 입문했습니다! 이루마 군 : if Episode of 마피아 2,악마에 입문했습니다! 이루마 군 : if Episode of 마피아,2,,,니시 오사무,서울미디어코믹스(서울문화사),2024-10,5850,9.6,2186,883,2026-09-01T10:41:52+09:00,,,,,1,0
395531072,장송의 프리렌 13,장송의 프리렌,13,,,야마다 카네히토,학산문화사(만화),2024-12,6300,,2095,884,2026-09-01T10:41:52+09:00,,,,,1,0
386478518,이 땅에 ADHD로 태어나,이 땅에 ADHD로 태어나,,,,비스카차,유유히,2026-03,17100,10.0,2273,885,2026-09-01T10:41:52+09:00,,,,,1,0
294260782,팔견전 14,팔견전,14,,"- 동방팔견이문, S코믹스",아베 미유키,㈜소미미디어,2022-05,6300,8.7,2030,886,2026-09-01T10:41:52+09:00,,,,,1,0
397222553,데포르메 세계 그리는 법,데포르메 세계 그리는 법,,,,시마리스 유키치,잉크잼(잼스푼),2026-07,19800,,1830,887,2026-09-01T10:41:52+09:00,581,-306,1960,-130,0,0
306089896,블루 록 9,블루 록,9,,,노무라 유스케,학산문화사(만화),2022-01,5400,,1985,888,2026-09-01T10:41:52+09:00,,,,,1,0
301396135,오란고교 호스트부 8,오란고교 호스트부,8,,,하토리 비스코,학산문화사(만화),2011-01,5400,,2016,889,2026-09-01T10:41:52+09:00,,,,,1,0
314184207,팔견전 16,팔견전,16,,"- 동방팔견이문, S코믹스",아베 미유키,㈜소미미디어,2023-04,6300,9.3,1982,890,2026-09-01T10:41:52+09:00,,,,,1,0
385521705,벡 Beck 신장판 1,벡 Beck 신장판,1,,,해롤드 사쿠이시,학산문화사(만화),2026-02,10800,6.8,1969,891,2026-09-01T10:41:52+09:00,,,,,1,0
394841350,장송의 프리렌 6,장송의 프리렌,6,,,야마다 카네히토,학산문화사(만화),2022-03,6300,,1925,892,2026-09-01T10:41:52+09:00,899,7,1920,5,0,0
399056149,제도성배기담 Fate/type Redline 6,제도성배기담 Fate/type Redline,6,,- 노엔 코믹스 / 초판한정 특별부록 : 일러스트 카드 + 띠지,히라노 료지,데이즈엔터(주),2026-08,7200,10.0,1980,893,2026-09-01T10:41:52+09:00,890,-3,1910,70,0,0
326489876,네가 죽을 때까지 사랑하고 싶어 6,네가 죽을 때까지 사랑하고 싶어,6,,,나치 아오노,학산문화사(만화),2023-10,5400,10.0,1947,894,2026-09-01T10:41:52+09:00,709,-185,1892,55,0,0
328061218,팔견전 17,팔견전,17,,"- 동방팔견이문, S코믹스",아베 미유키,㈜소미미디어,2023-11,6300,,1858,895,2026-09-01T10:41:52+09:00,,,,,1,0
386453675,아오노 군에게 닿고 싶으니까 죽고 싶어 13,아오노 군에게 닿고 싶으니까 죽고 싶어,13,,,시이나 우미,대원씨아이(만화),2026-02,4950,9.6,1689,896,2026-09-01T10:41:52+09:00,908,12,1739,-50,0,0
391834809,버그 에고 1,버그 에고,1,,"- S코믹스 /초판 한정 일러스트 카드 2종, 렌티큘러 카드",시타라 키요토,㈜소미미디어,2026-05,6300,10.0,1641,897,2026-09-01T10:41:52+09:00,903,6,1732,-91,0,0
399782211,평화로운 나라의 시마자키에게 11,평화로운 나라의 시마자키에게,11,,,세시모 타케시,학산문화사(만화),2026-08,5400,10.0,1710,898,2026-09-01T10:41:52+09:00,582,-316,1720,-10,0,0
390658499,외톨이에는 익숙하니까요. 약혼자 방치 중! 3,외톨이에는 익숙하니까요. 약혼자 방치 중!,3,,,하레타 준,대원씨아이(만화),2026-04,6750,9.9,1694,899,2026-09-01T10:41:52+09:00,898,-1,1718,-24,0,0
399381461,종말의 발키리 26,종말의 발키리,26,,,우메무라 신야,대원씨아이(만화),2026-07,4950,10.0,1735,900,2026-09-01T10:41:52+09:00,713,-187,1705,30,0,0
395386354,무서운 책 4,무서운 책,4,,- 주박,우메즈 카즈오,AK(에이케이)커뮤니케이션즈,2026-06,9000,,1680,901,2026-09-01T10:41:52+09:00,715,-186,1700,-20,0,0
302960457,팔견전 15,팔견전,15,,"- 동방팔견이문, S코믹스",아베 미유키,㈜소미미디어,2022-10,6300,7.6,1737,902,2026-09-01T10:41:52+09:00,,,,,1,0
399451834,"신 울어라, 펜 11","신 울어라, 펜",11,,,시마모토 카즈히코,미우(대원씨아이),2026-07,9000,10.0,1565,903,2026-09-01T10:41:52+09:00,901,-2,1615,-50,0,0
397818393,카모노하시 론의 금단추리 17,카모노하시 론의 금단추리,17,,,아마노 아키라,학산문화사(만화),2026-07,5400,,1705,904,2026-09-01T10:41:52+09:00,,,,,1,0
342128566,주말엔 숲으로,주말엔 숲으로,,,,마스다 미리,이봄,2024-06,11700,9.3,1554,905,2026-09-01T10:41:52+09:00,920,15,1588,-34,0,0
387294608,데스 노트 Death Note 13,데스 노트 Death Note,13,,,오바 츠구미,대원씨아이(만화),2006-12,9000,,1507,906,2026-09-01T10:41:52+09:00,716,-190,1574,-67,0,0
387254198,블리치 리믹스 15,블리치 리믹스,15,,,쿠보 타이토,서울미디어코믹스(서울문화사),2026-02,10800,9.5,1492,907,2026-09-01T10:41:52+09:00,921,14,1551,-59,0,0
322947468,아인 13,아인,13,,,사쿠라이 가몬,학산문화사(만화),2019-03,5400,,1503,908,2026-09-01T10:41:52+09:00,925,17,1541,-38,0,0
313562788,진격의 거인 13,진격의 거인,13,,,이사야마 하지메,학산문화사(만화),2014-05,5400,,1587,909,2026-09-01T10:41:52+09:00,721,-188,1532,55,0,0
316395931,진격의 거인 15,진격의 거인,15,,,이사야마 하지메,학산문화사(만화),2015-01,5400,,1552,910,2026-09-01T10:41:52+09:00,724,-186,1497,55,0,0
337798928,새디스틱 뷰티 : 외전 A,새디스틱 뷰티 : 외전 A,,,,우연희,봄툰,2024-01,16200,10.0,1427,911,2026-09-01T10:41:52+09:00,928,17,1427,0,0,0
318149027,베르세르크 11,베르세르크,11,,,미우라 켄타로,대원씨아이(만화),2000-04,4950,,1378,912,2026-09-01T10:41:52+09:00,934,22,1418,-40,0,0
396563330,노이지 룸메이트 6,노이지 룸메이트,6,,,오자키 카호,대원씨아이(만화),2026-06,5400,10.0,1405,913,2026-09-01T10:41:52+09:00,,,,,1,0
329904871,진격의 거인 12,진격의 거인,12,,,이사야마 하지메,학산문화사(만화),2014-01,5400,,1387,914,2026-09-01T10:41:52+09:00,933,19,1312,75,0,0
397123611,파랑과 아지랑이 1,파랑과 아지랑이,1,,- BB허니밀크코믹스,돈돈,㈜소미미디어,2026-07,5850,,1225,915,2026-09-01T10:41:52+09:00,728,-187,1275,-50,0,0
271061787,비밀알바 : 도망금지 1,비밀알바 : 도망금지,1,,,다구치 쇼타로,문학동네,2021-05,8550,8.9,1179,916,2026-09-01T10:41:52+09:00,592,-324,1269,-90,0,0
387323690,패배 히로인이 너무 많아! @comic 2,패배 히로인이 너무 많아! @comic,2,,,이타치,재담,2026-02,6300,,1435,917,2026-09-01T10:41:52+09:00,,,,,1,0
331073570,진격의 거인 11,진격의 거인,11,,,이사야마 하지메,학산문화사(만화),2013-09,5400,,1329,918,2026-09-01T10:41:52+09:00,935,17,1258,71,0,0
400543325,쿠로이와 메다카에게 내 귀여움이 통하지 않아 23,쿠로이와 메다카에게 내 귀여움이 통하지 않아,23,,,쿠제 란,대원씨아이(만화),2026-08,5400,10.0,1330,919,2026-09-01T10:41:52+09:00,,,,,1,0
278587704,비밀알바 : 도망금지 2,비밀알바 : 도망금지,2,,,다구치 쇼타로,문학동네,2021-08,8550,9.0,1152,920,2026-09-01T10:41:52+09:00,593,-327,1242,-90,0,0
400007223,버림받은 공작 부인은 평온한 생활을 희망합니다 1,버림받은 공작 부인은 평온한 생활을 희망합니다,1,,- ROSY,카레야타미에,미스터블루,2026-08,9900,,1230,921,2026-09-01T10:41:52+09:00,587,-334,1210,20,0,0
399045968,SCP가 뭔가요? 2,SCP가 뭔가요?,2,,,하치훈,대원씨아이(만화),2026-07,5850,10.0,1155,922,2026-09-01T10:41:52+09:00,591,-331,1210,-55,0,0
399782322,매리지 톡신 15,매리지 톡신,15,,,쥬 먀쿠,학산문화사(만화),2026-08,5400,10.0,1270,923,2026-09-01T10:41:52+09:00,937,14,1190,80,0,0
397620794,장송의 프리렌 3,장송의 프리렌,3,,,야마다 카네히토,학산문화사(만화),2021-12,6300,,1205,924,2026-09-01T10:41:52+09:00,,,,,1,0
391649024,페이백 6,페이백,6,,- 초판 한정 : 포토카드 + 판 스티커,푸죠킹,봄툰,2026-04,15300,,1224,925,2026-09-01T10:41:52+09:00,,,,,1,0
370934076,동인녀의 감정 1 : 동인판,동인녀의 감정 1 : 동인판,,,,사나다 츠즈루,길찾기,2025-09,7200,9.8,1222,926,2026-09-01T10:41:52+09:00,,,,,1,0
399452036,핑크 하트 잼 beat 2,핑크 하트 잼 beat,2,,- B愛+745,싯케,대원씨아이(만화),2026-07,5850,,1150,927,2026-09-01T10:41:52+09:00,940,13,1135,15,0,0
304439735,격기 3반 4,격기 3반,4,,- 남일고등학교 격투기 특기반,이학,대원씨아이(만화),2018-09,4950,,1182,928,2026-09-01T10:41:52+09:00,,,,,1,0
395962610,룸 투어즈 1,룸 투어즈,1,,,마츠모토 토모,서울미디어코믹스(서울문화사),2026-06,5400,9.5,1075,929,2026-09-01T10:41:52+09:00,,,,,1,0
399543570,이우일의 만화 그리스로마 신화 3,이우일의 만화 그리스로마 신화,3,,- 오뒷세우스,이우일,비채,2026-07,20250,,1185,930,2026-09-01T10:41:52+09:00,,,,,1,0
400006895,내가 죽을 뿐인 100가지 괴담 2,내가 죽을 뿐인 100가지 괴담,2,,"- 노엔 코믹스 / 초판한정 특별부록 : 일러스트 카드, 띠지",마토노 안지,데이즈엔터(주),2026-08,7200,10.0,1050,931,2026-09-01T10:41:52+09:00,730,-201,1070,-20,0,0
398896498,약사의 혼잣말 1,약사의 혼잣말,1,,- 카니발 플러스,휴우가 나츠,학산문화사(단행본),2026-07,9000,,1045,932,2026-09-01T10:41:52+09:00,,,,,1,0
393162271,데스 노트 Death Note 2,데스 노트 Death Note,2,,,오바 츠구미,대원씨아이(만화),2004-12,6300,,1075,933,2026-09-01T10:41:52+09:00,,,,,1,0
351722750,단둘만의 로맨틱 2,단둘만의 로맨틱,2,,,카니사와 치히로,학산문화사(만화),2024-11,5400,10.0,1373,934,2026-09-01T10:41:52+09:00,,,,,1,0
400543277,어떤 마술의 금서목록 33,어떤 마술의 금서목록,33,,,카마치 카즈마,대원씨아이(만화),2026-08,4950,,950,935,2026-09-01T10:41:52+09:00,732,-203,970,-20,0,0
398811109,미열공간 6,미열공간,6,,,아오키 우메,대원씨아이(만화),2026-07,6750,,955,936,2026-09-01T10:41:52+09:00,944,8,955,0,0,0
334128695,사랑해 게임을 끝내고 싶어 4,사랑해 게임을 끝내고 싶어,4,,,도모토 유키,학산문화사(만화),2024-02,5400,,859,937,2026-09-01T10:41:52+09:00,956,19,919,-60,0,0
355732920,단둘만의 로맨틱 3,단둘만의 로맨틱,3,,- 완결,카니사와 치히로,학산문화사(만화),2025-01,5400,10.0,1299,938,2026-09-01T10:41:52+09:00,,,,,1,0
388432928,데스 노트 Death Note 12,데스 노트 Death Note,12,,,오바 츠구미,대원씨아이(만화),2006-12,6300,,835,939,2026-09-01T10:41:52+09:00,945,6,885,-50,0,0
399405822,볼 앤 체인 2,볼 앤 체인,2,,,미나미 큐타,문학동네,2026-07,8100,,940,940,2026-09-01T10:41:52+09:00,,,,,1,0
399045597,이세계 사정은 사축하기 나름 7,이세계 사정은 사축하기 나름,7,,- B愛 340,이로도리 카즈키,대원씨아이(만화),2026-07,6300,,1000,941,2026-09-01T10:41:52+09:00,,,,,1,0
393823551,데스 노트 Death Note 8,데스 노트 Death Note,8,,,오바 츠구미,대원씨아이(만화),2011-01,6300,,825,942,2026-09-01T10:41:52+09:00,946,4,850,-25,0,0
395357125,호스트와 사축 1,호스트와 사축,1,,,가와지리 미쓰루,학산문화사(만화),2026-06,6300,,860,943,2026-09-01T10:41:52+09:00,,,,,1,0
399470005,창작자를 위한 판타지 용어 사전,창작자를 위한 판타지 용어 사전,,,"- 마법부터 연금술까지, 상상력을 깨우는 환상의 지식서",A&F,므큐,2026-07,19800,,835,944,2026-09-01T10:41:52+09:00,953,9,775,60,0,0
400593960,기계 인간 마리 플러스 2,기계 인간 마리 플러스,2,,- 완결,아키모토 아키,서울미디어코믹스(서울문화사),2026-08,5850,10.0,710,945,2026-09-01T10:41:52+09:00,487,-458,770,-60,0,0
400585960,특별한 도라에몽 : 쿵짜라♪ 울려퍼지는 음악 편 8,특별한 도라에몽 : 쿵짜라♪ 울려퍼지는 음악 편,8,,,후지코 F. 후지오,대원씨아이(만화),2026-08,8100,,840,946,2026-09-01T10:41:52+09:00,,,,,1,0
399781883,백설공주에게 입맞춤을 1,백설공주에게 입맞춤을,1,,- 시트러스 코믹스,요시오 아키라,㈜에이블웍스C&C,2026-07,5400,,720,947,2026-09-01T10:41:52+09:00,738,-209,740,-20,0,0
314179780,못 미더운 악녀입니다만 : ~추궁접서 교체전~ 2,못 미더운 악녀입니다만 : ~추궁접서 교체전~,2,,,EI Ohitsuji,서울미디어코믹스(서울문화사),2023-03,6300,10.0,658,948,2026-09-01T10:41:52+09:00,,,,,1,0
399522660,렛츠고 괴기조 4,렛츠고 괴기조,4,,,View,㈜에스엠지크리에이티브(고은문화사),2026-07,5850,,655,949,2026-09-01T10:41:52+09:00,740,-209,695,-40,0,0
398344478,섀도 하우스 20,섀도 하우스,20,,,소마토,학산문화사(만화),2026-07,10800,10.0,655,950,2026-09-01T10:41:52+09:00,,,,,1,0
393685635,전주교실 9,전주교실,9,,,모즈쿠 소라,학산문화사(만화),2026-05,5400,10.0,785,951,2026-09-01T10:41:52+09:00,,,,,1,0
379966455,배가본드 34,배가본드,34,,,이노우에 타케히코,학산문화사(만화),2013-01,6300,,622,952,2026-09-01T10:41:52+09:00,960,8,642,-20,0,0
400662384,꿈사랑 ~꿈에서 우리는 사랑에 빠진다~ 4,꿈사랑 ~꿈에서 우리는 사랑에 빠진다~,4,,- 완결,키타다 료마,서울미디어코믹스(서울문화사),2026-08,7650,,590,953,2026-09-01T10:41:52+09:00,606,-347,630,-40,0,0
400567329,취사병 전설이 되다 17,취사병 전설이 되다,17,,,제이로빈,지식오름,2026-08,13500,,790,954,2026-09-01T10:41:52+09:00,,,,,1,0
383643805,배가본드 31,배가본드,31,,,이노우에 타케히코,학산문화사(만화),2010-06,6300,,582,955,2026-09-01T10:41:52+09:00,965,10,602,-20,0,0
383616336,배가본드 32,배가본드,32,,,이노우에 타케히코,학산문화사(만화),2011-02,6300,,556,956,2026-09-01T10:41:52+09:00,966,10,576,-20,0,0
398440930,데스 노트 Death Note 7,데스 노트 Death Note,7,,,오바 츠구미,대원씨아이(만화),2022-03,6300,,555,957,2026-09-01T10:41:52+09:00,964,7,575,-20,0,0
399046651,"나태한 악욕귀족으로 환생한 나, 시나리오를 쳐부쉈더니~ 2","나태한 악욕귀족으로 환생한 나, 시나리오를 쳐부쉈더니~",2,,,오다 도우마,대원씨아이(만화),2026-07,5850,10.0,540,958,2026-09-01T10:41:52+09:00,,,,,1,0
388462249,배가본드 33,배가본드,33,,,이노우에 타케히코,학산문화사(만화),2011-04,6300,,483,959,2026-09-01T10:41:52+09:00,969,10,503,-20,0,0
400876143,1to10 2,1to10,2,,"- 초판 1쇄 한정 부록: 띠지, 포토카드 1매. 판스티커 1매",NOD,레진코믹스(레진엔터테인먼트),2026-08,14400,,390,960,2026-09-01T10:41:52+09:00,617,-343,480,-90,0,0
400876098,1to10 1,1to10,1,,"- 초판 1쇄 한정 부록 : 띠지, 포토카드 1매. 판스티커 1매",NOD,레진코믹스(레진엔터테인먼트),2026-08,14400,,390,961,2026-09-01T10:41:52+09:00,618,-343,480,-90,0,0
400197624,코믹 신들에게 주워진 남자 6,코믹 신들에게 주워진 남자,6,,- J Comic,란란,서울미디어코믹스(서울문화사),2026-08,4500,10.0,530,962,2026-09-01T10:41:52+09:00,,,,,1,0
400649593,"모험가 자격을 박탈당한 아저씨지만, 사랑하는 딸이 생겨서 느긋이 인생을 즐긴다 10","모험가 자격을 박탈당한 아저씨지만, 사랑하는 딸이 생겨서 느긋이 인생을 즐긴다",10,,- SL Comic,타다후라 후미,디앤씨미디어(주)(D&C미디어),2026-08,6300,,440,963,2026-09-01T10:41:52+09:00,970,7,460,-20,0,0
400649747,노노코 양의 여자친구 군♂ 1,노노코 양의 여자친구 군♂,1,,,하치와카마루,HUSH(허쉬),2026-08,5400,,490,964,2026-09-01T10:41:52+09:00,745,-219,450,40,0,0
396563326,"나태한 악욕귀족으로 환생한 나, 시나리오를 쳐부쉈더니~ 1","나태한 악욕귀족으로 환생한 나, 시나리오를 쳐부쉈더니~",1,,,오다 도우마,대원씨아이(만화),2026-06,5850,10.0,435,965,2026-09-01T10:41:52+09:00,972,7,440,-5,0,0
400866292,장송의 프리렌 8,장송의 프리렌,8,,,야마다 카네히토,학산문화사(만화),2022-09,6300,,350,966,2026-09-01T10:41:52+09:00,,,,,1,0
392519845,디그 잇 2,디그 잇,2,,,Yoshidamaru,학산문화사(만화),2026-05,6300,6.0,350,967,2026-09-01T10:41:52+09:00,,,,,1,0
400930279,에리스의 성배 6,에리스의 성배,6,,- S코믹스,모모야마 히나세,㈜소미미디어,2026-09,6300,,260,968,2026-09-01T10:41:52+09:00,975,7,300,-40,0,0
400980601,퍼펙트 어딕션 3,퍼펙트 어딕션,3,,- B愛+753,미야마 카오루코,대원씨아이(만화),2026-08,5850,,260,969,2026-09-01T10:41:52+09:00,976,7,280,-20,0,0
400707762,스즈키 군의 정중한 생활 3,스즈키 군의 정중한 생활,3,,,후지모토 유키,대원씨아이(만화),2026-08,5850,,370,970,2026-09-01T10:41:52+09:00,,,,,1,0
400930488,숲 변두리의 꼬마 마녀 1,숲 변두리의 꼬마 마녀,1,,- S코믹스,후지무라 아유미,㈜소미미디어,2026-09,6300,,310,971,2026-09-01T10:41:52+09:00,,,,,1,0
393250501,도쿄 에일리언즈 12 (트리플 특장판),도쿄 에일리언즈,12,트리플 특장판,- 초판 한정 : 아크릴 일러스트 카드(초판 전체) + 스페셜 일러스트 카드(선착순 한정) + 인화사진 (선착순 한정),NAOE,서울미디어코믹스(서울문화사),2026-05,5400,10.0,16225,972,2026-09-01T10:41:52+09:00,407,-565,16410,-185,0,0
269056986,"빠졌어, 너에게","빠졌어, 너에게",,,,와야마 야마,문학동네,2021-04,7650,9.6,15899,973,2026-09-01T10:41:52+09:00,979,6,15975,-76,0,0
376840323,체인소 맨 21,체인소 맨,21,,,후지모토 타츠키,학산문화사(만화),2025-11,5400,9.1,14109,974,2026-09-01T10:41:52+09:00,980,6,14143,-34,0,0
360199002,히카루가 죽은 여름 5,히카루가 죽은 여름,5,,- SL Comic,모쿠모쿠렌,디앤씨미디어(주)(D&C미디어),2025-03,5850,9.8,11378,975,2026-09-01T10:41:52+09:00,981,6,11354,24,0,0
350054747,원피스 109,원피스,109,,- 네 편,오다 에이치로,대원씨아이(만화),2024-10,5400,9.9,11110,976,2026-09-01T10:41:52+09:00,982,6,11234,-124,0,0
296415507,체인소 맨 10,체인소 맨,10,,,후지모토 타츠키,학산문화사(만화),2022-01,5400,10.0,10152,977,2026-09-01T10:41:52+09:00,,,,,1,0
283685224,원피스 100,원피스,100,,- 패왕색,오다 에이치로,대원씨아이(만화),2021-11,4950,9.2,10197,978,2026-09-01T10:41:52+09:00,,,,,1,0
309270127,후지모토 타츠키 단편집 22-26,후지모토 타츠키 단편집,22-26,,,후지모토 타츠키,학산문화사(만화),2023-01,5400,9.4,9863,979,2026-09-01T10:41:52+09:00,,,,,1,0
303523008,원피스 103,원피스,103,,- 해방의 전사,오다 에이치로,대원씨아이(만화),2022-10,4950,9.8,9034,980,2026-09-01T10:41:52+09:00,990,10,9140,-106,0,0
331003597,원피스 107,원피스,107,,- 전설의 영웅,오다 에이치로,대원씨아이(만화),2024-01,4950,9.7,8994,981,2026-09-01T10:41:52+09:00,753,-228,9118,-124,0,0
366527586,열혈강호 93,열혈강호,93,,,전극진,대원씨아이(만화),2025-06,4950,9.6,9023,982,2026-09-01T10:41:52+09:00,988,6,9026,-3,0,0
364227299,나 혼자만 레벨업 14,나 혼자만 레벨업,14,,- 만화,장성락(REDICE STUDIO),디앤씨웹툰비즈,2025-06,14400,10.0,9005,983,2026-09-01T10:41:52+09:00,989,6,9011,-6,0,0
370290371,팬텀 버스터즈 4,팬텀 버스터즈,4,,"- S코믹스, 초판 종료",네오쇼코,㈜소미미디어,2025-08,5850,9.5,8966,984,2026-09-01T10:41:52+09:00,,,,,1,0
363873557,찍히지 않습니다 1,찍히지 않습니다,1,,- S코믹스,코노시마 루카,㈜소미미디어,2025-05,5850,9.8,8898,985,2026-09-01T10:41:52+09:00,,,,,1,0
319537457,히카루가 죽은 여름 2,히카루가 죽은 여름,2,,- SL Comic,모쿠모쿠렌,디앤씨미디어(주)(D&C미디어),2023-07,5400,9.8,8446,986,2026-09-01T10:41:52+09:00,992,6,8487,-41,0,0
296798536,원피스 102,원피스,102,,- 천왕산,오다 에이치로,대원씨아이(만화),2022-06,4950,9.4,8364,987,2026-09-01T10:41:52+09:00,757,-230,8484,-120,0,0
309335749,원피스 104,원피스,104,,- 와노쿠니 쇼군 코즈키 모모노스케,오다 에이치로,대원씨아이(만화),2023-02,4950,9.2,8482,988,2026-09-01T10:41:52+09:00,,,,,1,0
291463925,원피스 101,원피스,101,,- 주연 등장,오다 에이치로,대원씨아이(만화),2022-03,4950,9.7,8189,989,2026-09-01T10:41:52+09:00,630,-359,8309,-120,0,0
372549977,나 혼자만 레벨업 15,나 혼자만 레벨업,15,,- 만화,장성락(REDICE STUDIO),디앤씨웹툰비즈,2025-10,14400,10.0,7960,990,2026-09-01T10:41:52+09:00,994,4,7971,-11,0,0
343614799,괴수 8호 side B 1,괴수 8호 side B,1,,,히다노 켄타로,서울미디어코믹스(서울문화사),2024-07,5400,9.7,8076,991,2026-09-01T10:41:52+09:00,,,,,1,0
369001873,파이브 스타 스토리 The Five Star Stories 18,파이브 스타 스토리 The Five Star Stories,18,,,나가노 마모루,서울미디어코믹스(서울문화사),2025-07,10800,9.3,7936,992,2026-09-01T10:41:52+09:00,,,,,1,0
366666131,반딧불이의 혼례 7,반딧불이의 혼례,7,,,타치바나 오레코,서울미디어코믹스(서울문화사),2025-06,7650,9.8,7753,993,2026-09-01T10:41:52+09:00,633,-360,7799,-46,0,0
395268985,괴수 8호 RELAX 4,괴수 8호 RELAX,4,,"- 초판 한정: 홀로그램 일러스트 카드, 방위대 4컷 포토카드",,서울미디어코믹스(서울문화사),2026-06,5400,8.0,7280,994,2026-09-01T10:41:52+09:00,,,,,1,0
78029198,던전밥 2,던전밥,2,,- S코믹스,쿠이 료코,㈜소미미디어,2016-02,6300,9.8,7088,995,2026-09-01T10:41:52+09:00,,,,,1,0
390689243,찍히지 않습니다 5,찍히지 않습니다,5,,"- S코믹스 /초판 한정 일러스트 카드, 폴라로이드 사진풍 카드 2종, PET 책갈피",코노시마 루카,㈜소미미디어,2026-04,5850,9.8,7182,996,2026-09-01T10:41:52+09:00,,,,,1,0
378353900,사카모토 홀리데이즈 2,사카모토 홀리데이즈,2,,- 타카무라의 휴일,오오카와 테츠,대원씨아이(만화),2025-11,5850,8.8,6948,997,2026-09-01T10:41:52+09:00,,,,,1,0
301706475,주술회전 2,주술회전,2,,,아쿠타미 게게,서울미디어코믹스(서울문화사),2019-03,5400,,6721,998,2026-09-01T10:41:52+09:00,,,,,1,0
96404647,던전밥 3,던전밥,3,,- S코믹스,쿠이 료코,㈜소미미디어,2016-11,6300,8.4,6741,999,2026-09-01T10:41:52+09:00,,,,,1,0
399784385,별정직 공무원 5 (특별판),별정직 공무원,5,특별판,- 아크릴 누들 스토퍼 + 미니 포스터 5종 + 마우스패드 + 일러스트 포토 4종 + 특별판 박스 (상시 부록 '포토카드' 포함),서재원,학산문화사(만화),2026-08,38700,10.0,7200,1000,2026-09-01T10:41:52+09:00,639,-361,6620,580,0,0
400876188,1to10 3,1to10,3,,"- 완결, 초판 1쇄 한정 부록 : 띠지, 포토카드 1매, 판 스티커 1매",NOD,레진코믹스(레진엔터테인먼트),2026-08,14400,,,,2026-09-01T10:41:52+09:00,747,,430,,0,1
387250318,Myther 1,Myther,1,,- S코믹스,야츠다 테키,㈜소미미디어,2026-03,6300,9.4,,,2026-09-01T10:41:52+09:00,852,,3042,,0,1
296275457,고깔모자의 아틀리에 5,고깔모자의 아틀리에,5,,,시라하마 카모메,학산문화사(만화),2019-10,5400,,,,2026-09-01T10:41:52+09:00,830,,3522,,0,1
296076806,고깔모자의 아틀리에 7,고깔모자의 아틀리에,7,,,시라하마 카모메,학산문화사(만화),2020-12,5400,,,,2026-09-01T10:41:52+09:00,845,,3215,,0,1
396049323,곰과 토끼는 친구로 지낼 수 없다 1,곰과 토끼는 친구로 지낼 수 없다,1,,,이누요시 아키라,대원씨아이(만화),2026-06,6300,,,,2026-09-01T10:41:52+09:00,590,,1300,,0,1
338987904,귀멸 학원! 5,귀멸 학원!,5,,,호카미 나츠키,학산문화사(만화),2024-05,5400,10.0,,,2026-09-01T10:41:52+09:00,777,,5495,,0,1
352893694,귀멸 학원! 6,귀멸 학원!,6,,- 완결,호카미 나츠키,학산문화사(만화),2024-11,5400,10.0,,,2026-09-01T10:41:52+09:00,780,,5406,,0,1
389359455,그리스 로마 신화를 한 번도 안 읽어볼 수는 없잖아,그리스 로마 신화를 한 번도 안 읽어볼 수는 없잖아,,,,Team. StoryG,oldstairs(올드스테어즈),2026-04,21600,,,,2026-09-01T10:41:52+09:00,926,,1416,,0,1
334819572,긴채널! : 은혼 공식 캐릭터북,긴채널! : 은혼 공식 캐릭터북,,,,소라치 히데아키,학산문화사(만화),2010-10,9000,,,,2026-09-01T10:41:52+09:00,814,,4012,,0,1
242242096,까면서 보는 해부학 만화,까면서 보는 해부학 만화,,,,압듈라,한빛비즈,2020-06,16650,9.3,,,2026-09-01T10:41:52+09:00,986,,9281,,0,1
291942810,나루토 Naruto 1,나루토 Naruto,1,,,키시모토 마사시,대원씨아이(만화),2000-09,4950,,,,2026-09-01T10:41:52+09:00,651,,4573,,0,1
301188387,나루토 Naruto 44,나루토 Naruto,44,,,키시모토 마사시,대원씨아이(만화),2009-03,4950,,,,2026-09-01T10:41:52+09:00,904,,1613,,0,1
300076543,나루토 Naruto 50,나루토 Naruto,50,,,키시모토 마사시,대원씨아이(만화),2010-06,4950,6.0,,,2026-09-01T10:41:52+09:00,918,,1503,,0,1
390199323,"나와 다시 한번, 첫사랑 2","나와 다시 한번, 첫사랑",2,,"- 루나 코믹스, 초판 한정 일러스트 카드 4종, PET 일러스트 카드 1종",하세가키 나루미,㈜소미미디어,2026-04,6300,9.7,,,2026-09-01T10:41:52+09:00,848,,3254,,0,1
379027062,나의 히어로 아카데미아 캐릭터 팬북 컴플리트 에디션,나의 히어로 아카데미아 캐릭터 팬북 컴플리트 에디션,,,,호리코시 코헤이,서울미디어코믹스(서울문화사),2025-11,28620,9.2,,,2026-09-01T10:41:52+09:00,998,,7570,,0,1
384444527,너와 장밋빛 매일 2,너와 장밋빛 매일,2,,,히로 치히로,서울미디어코믹스(서울문화사),2026-01,5400,9.7,,,2026-09-01T10:41:52+09:00,846,,3046,,0,1
353354451,네즈미의 첫사랑 1,네즈미의 첫사랑,1,,,오오세토 리쿠,학산문화사(만화),2024-12,5400,8.7,,,2026-09-01T10:41:52+09:00,900,,1762,,0,1
399782294,네즈미의 첫사랑 7,네즈미의 첫사랑,7,,,오오세토 리쿠,학산문화사(만화),2026-08,5400,,,,2026-09-01T10:41:52+09:00,701,,2100,,0,1
400649976,노노코 양의 여자친구 군♂ 2,노노코 양의 여자친구 군♂,2,,,하치와카마루,HUSH(허쉬),2026-08,5400,,,,2026-09-01T10:41:52+09:00,746,,420,,0,1
399523259,놀이의 관계 2,놀이의 관계,2,,- S Novel,아오이 세키나,㈜소미미디어,2026-08,7650,10.0,,,2026-09-01T10:41:52+09:00,658,,4210,,0,1
399453525,누가 용사를 죽였는가 1,누가 용사를 죽였는가,1,,- S코믹스,이시다 아키라,㈜소미미디어,2026-08,6300,,,,2026-09-01T10:41:52+09:00,712,,1740,,0,1
392911737,더 파이팅 The Fighting 145,더 파이팅 The Fighting,145,,,모리카와 조지,학산문화사(만화),2026-05,5400,,,,2026-09-01T10:41:52+09:00,874,,2630,,0,1
396563354,도망을 잘 치는 도련님 22,도망을 잘 치는 도련님,22,,- 코노 모로후유 1351,마츠이 유세이,대원씨아이(만화),2026-06,5400,10.0,,,2026-09-01T10:41:52+09:00,957,,690,,0,1
382418825,드래곤볼 완전판 가이드북 FOREVER,드래곤볼 완전판 가이드북 FOREVER,,,,토리야마 아키라,서울미디어코믹스(서울문화사),2025-12,12600,,,,2026-09-01T10:41:52+09:00,880,,2334,,0,1
400224536,딸이 아니라 나를 좋아한다고?! 4,딸이 아니라 나를 좋아한다고?!,4,,- S코믹스,아즈마 텟신,㈜소미미디어,2026-08,6300,,,,2026-09-01T10:41:52+09:00,930,,1480,,0,1
399522533,렛츠고 괴기조 3,렛츠고 괴기조,3,,,View,㈜에스엠지크리에이티브(고은문화사),2026-07,5850,,,,2026-09-01T10:41:52+09:00,958,,665,,0,1
364518017,루리 드래곤 3,루리 드래곤,3,,,신도 마사오키,서울미디어코믹스(서울문화사),2025-05,5400,9.6,,,2026-09-01T10:41:52+09:00,766,,6548,,0,1
400653189,마도구사 달리아는 고개 숙이지 않아 7,마도구사 달리아는 고개 숙이지 않아,7,,- 시프트코믹스,스미카와 메구미,YNK MEDIA(만화),2026-08,5400,,,,2026-09-01T10:41:52+09:00,967,,540,,0,1
396652918,마루는 강쥐 9 (특별판),마루는 강쥐,9,특별판,- 완결 /초판 한정 작가 친필 사인 인쇄본 + 초판 한정 표지 일러스트 엽서 + 북케이스 + 아크릴 스탠드,모죠,문페이스,2026-08,32400,,,,2026-09-01T10:41:52+09:00,919,,1545,,0,1
396766426,마왕성에서 잘 자요 31,마왕성에서 잘 자요,31,,,쿠마노마타 카기지,대원씨아이(만화),2026-06,5220,9.2,,,2026-09-01T10:41:52+09:00,887,,2155,,0,1
329751704,망그러진 만화 2,망그러진 만화,2,,- 망그러진 곰과 햄터의 데굴데굴 유쾌한 날들!,유랑,좋은생각,2023-12,15750,10.0,,,2026-09-01T10:41:52+09:00,786,,5395,,0,1
350095146,매거진 조이 Vol.1 : 집이 없어,매거진 조이 Vol.1 : 집이 없어,,,,와난,다산코믹스,2024-11,18900,8.8,,,2026-09-01T10:41:52+09:00,663,,3926,,0,1
311057046,명탐정 코난 : 경찰학교 셀렉션,명탐정 코난 : 경찰학교 셀렉션,,,- 특별 편집 코믹스,아오야마 고쇼,서울미디어코믹스(서울문화사),2023-02,10800,,,,2026-09-01T10:41:52+09:00,888,,2130,,0,1
395390845,명탐정 코난 모리 코고로 셀렉션,명탐정 코난 모리 코고로 셀렉션,,,,아오야마 고쇼,서울미디어코믹스(서울문화사),2026-06,10800,10.0,,,2026-09-01T10:41:52+09:00,886,,2195,,0,1
398016295,무서운 책 5,무서운 책,5,,- 집념,우메즈 카즈오,AK(에이케이)커뮤니케이션즈,2026-07,9000,,,,2026-09-01T10:41:52+09:00,895,,1905,,0,1
388137308,믹스 MIX 24,믹스 MIX,24,,,아다치 미츠루,대원씨아이(만화),2026-03,5400,10.0,,,2026-09-01T10:41:52+09:00,519,,5274,,0,1
379966277,배가본드 1,배가본드,1,,,이노우에 타케히코,학산문화사(만화),2011-06,6300,10.0,,,2026-09-01T10:41:52+09:00,929,,1348,,0,1
400585938,버림받은 공주는 의외로 사랑받고 있다? 2,버림받은 공주는 의외로 사랑받고 있다?,2,,,아사노 아오이,대원씨아이(만화),2026-08,5850,,,,2026-09-01T10:41:52+09:00,971,,400,,0,1
339487938,봇치·더·록! 앤솔러지 코믹 1 : 특별판 1st Extended Play,봇치·더·록! 앤솔러지 코믹 1 : 특별판 1st Extended Play,,,- 초판한정 일러스트 카드 + 홀로그램 일러스트 카드 2종 + 아티스트 캔뱃지 2종 + 박스 케이스,치바 사도루,대원씨아이(만화),2024-05,16200,10.0,,,2026-09-01T10:41:52+09:00,893,,1947,,0,1
360698719,봇치·더·록! 외전 히로이 키쿠리의 과음일기 2,봇치·더·록! 외전 히로이 키쿠리의 과음일기,2,,,쿠미쵸,대원씨아이(만화),2025-03,8100,10.0,,,2026-09-01T10:41:52+09:00,995,,7929,,0,1
399054860,브라운더스트 2 오피셜 디자인 웍스,브라운더스트 2 오피셜 디자인 웍스,,,,네오위즈,대원씨아이(단행본),2026-07,39600,,,,2026-09-01T10:41:52+09:00,692,,2270,,0,1
328754691,블루 록 21,블루 록,21,,,노무라 유스케,학산문화사(만화),2023-11,5400,10.0,,,2026-09-01T10:41:52+09:00,842,,3383,,0,1
331540292,블루 록 22,블루 록,22,,,노무라 유스케,학산문화사(만화),2024-01,5400,9.2,,,2026-09-01T10:41:52+09:00,860,,3134,,0,1
339277637,블루 록 24,블루 록,24,,,노무라 유스케,학산문화사(만화),2024-05,5400,9.4,,,2026-09-01T10:41:52+09:00,869,,2741,,0,1
342596581,블루 록 25,블루 록,25,,,노무라 유스케,학산문화사(만화),2024-07,5400,9.1,,,2026-09-01T10:41:52+09:00,861,,2874,,0,1
103566404,블리치 74,블리치,74,,- 완결,쿠보 타이토,서울미디어코믹스(서울문화사),2017-02,4950,9.0,,,2026-09-01T10:41:52+09:00,882,,2261,,0,1
399449527,사망 유희로 밥을 먹는다. 5,사망 유희로 밥을 먹는다.,5,,- 만화,반자이 코토부키 다이엔카이,오팬스코믹,2026-07,6300,,,,2026-09-01T10:41:52+09:00,906,,1585,,0,1
355322769,사카모토 데이즈 13,사카모토 데이즈,13,,- 추억,스즈키 유우토,대원씨아이(만화),2023-11,5850,,,,2026-09-01T10:41:52+09:00,779,,5450,,0,1
397903959,새벽의 연화 47 (한정판),새벽의 연화,47,한정판,- 일러스트집 + 단행본,미즈호 쿠사나기,학산문화사(만화),2026-07,19800,10.0,,,2026-09-01T10:41:52+09:00,624,,11465,,0,1
7219927,소용돌이 합본판,소용돌이 합본판,,,,이토 준지,시공사(만화),2010-06,14400,9.3,,,2026-09-01T10:41:52+09:00,799,,4366,,0,1
399451722,숨막힐 정도의 사랑을 줄게 7 (특장판),숨막힐 정도의 사랑을 줄게,7,특장판,- 어나더 커버 + 폴라로이드형 카드 + 아크릴 스탠드 + 일러스트 카드 5종 + 별도 박스 포장,이와시타 케이코,대원씨아이(만화),2026-07,24300,,,,2026-09-01T10:41:52+09:00,696,,2325,,0,1
379953360,슈퍼 러버즈 18,슈퍼 러버즈,18,,,아베 미유키,서울미디어코믹스(서울문화사),2025-12,5400,10.0,,,2026-09-01T10:41:52+09:00,647,,5066,,0,1
358560181,스킵과 로퍼 10,스킵과 로퍼,10,,- 시프트코믹스,타카마츠 미사키,YNK MEDIA(만화),2025-03,5400,9.8,,,2026-09-01T10:41:52+09:00,771,,6391,,0,1
353809342,스파이 패밀리 14,스파이 패밀리,14,,,엔도 타츠야,학산문화사(만화),2024-12,5400,9.8,,,2026-09-01T10:41:52+09:00,991,,8659,,0,1
101106033,스파이더맨 / 데드풀 VOL. 1 : 브로맨틱하지 않나요?,스파이더맨 / 데드풀 VOL. 1 : 브로맨틱하지 않나요?,,,,조 켈리,시공사(만화),2017-01,10800,6.0,,,2026-09-01T10:41:52+09:00,878,,2430,,0,1
398360665,시메지 시뮬레이션 5 북케이스 세트,시메지 시뮬레이션 5 북케이스 세트,,,- 완결,츠쿠미즈,길찾기,2026-05,18000,,,,2026-09-01T10:41:52+09:00,866,,2915,,0,1
399462068,아머드 코어 6 루비콘의 화염 오피셜 아트북,아머드 코어 6 루비콘의 화염 오피셜 아트북,,,,,미스터블루,2026-08,39600,,,,2026-09-01T10:41:52+09:00,951,,825,,0,1
332459969,아인 11,아인,11,,,사쿠라이 가몬,학산문화사(만화),2017-12,5400,,,,2026-09-01T10:41:52+09:00,936,,1373,,0,1
306776958,아인 14,아인,14,,,사쿠라이 가몬,학산문화사(만화),2019-11,5400,,,,2026-09-01T10:41:52+09:00,913,,1572,,0,1
397163133,아주 깊은 우주에서 사랑을 담아 1,아주 깊은 우주에서 사랑을 담아,1,,"- 초판한정 : B5 포스터, 양면 일러스트 카드",아시다카 오즈,조은세상(북두),2026-07,5400,10.0,,,2026-09-01T10:41:52+09:00,705,,2055,,0,1
398344410,아카네 이야기 16,아카네 이야기,16,,,유키 스에나가,학산문화사(만화),2026-07,5400,4.0,,,2026-09-01T10:41:52+09:00,892,,1960,,0,1
400543235,악마이자 여경! 2,악마이자 여경!,2,,,안베 마사히로,대원씨아이(만화),2026-08,5850,,,,2026-09-01T10:41:52+09:00,952,,770,,0,1
347729960,에일리언 스테이지 아트북 (특별판),에일리언 스테이지 아트북,,특별판,- 아트북 + 드로잉북,팀 포맷나인,다산코믹스,2024-09,48600,8.5,,,2026-09-01T10:41:52+09:00,978,,15887,,0,1
397997349,엘든 링 머나먼 틈새의 이야기 1,엘든 링 머나먼 틈새의 이야기,1,,"- 픽시하우스 /초판한정 특별부록 : 띠지, 일러스트 카드",프롬 소프트웨어,미스터블루,2026-07,7200,,,,2026-09-01T10:41:52+09:00,948,,940,,0,1
397085713,오늘도 냠냠냠 4,오늘도 냠냠냠,4,,- 우리나라의 정겨운 맛집들,조경규,송송책방,2026-07,14400,,,,2026-09-01T10:41:52+09:00,826,,3545,,0,1
376977094,오디세이,오디세이,,,"- 사로잡는 강렬한 그래픽, 교실에서 검증된 탁월한 해석력, 누구나 완독할 수 있는",가레스 하인즈,인간희극,2025-12,16200,9.0,,,2026-09-01T10:41:52+09:00,565,,2381,,0,1
322947641,오란고교 호스트부 17,오란고교 호스트부,17,,,하토리 비스코,학산문화사(만화),2011-02,5400,,,,2026-09-01T10:41:52+09:00,889,,1958,,0,1
228132278,오무라이스 잼잼 1 (스페셜 리커버 양장본),오무라이스 잼잼 1 (스페셜 리커버 양장본),,,- 경이로운 일상음식 이야기,조경규,송송책방,2020-01,19800,9.3,,,2026-09-01T10:41:52+09:00,891,,2166,,0,1
391172975,우리 길드 아이돌 1,우리 길드 아이돌,1,,,꼬보,네이버웹툰,2026-06,16020,,,,2026-09-01T10:41:52+09:00,916,,1602,,0,1
391173129,우리 길드 아이돌 2,우리 길드 아이돌,2,,,꼬보,네이버웹툰,2026-06,16020,,,,2026-09-01T10:41:52+09:00,917,,1596,,0,1
391173655,우리 길드 아이돌 3,우리 길드 아이돌,3,,,꼬보,네이버웹툰,2026-06,16020,,,,2026-09-01T10:41:52+09:00,915,,1608,,0,1
399291160,우리 남동생들이 죄송합니다 9,우리 남동생들이 죄송합니다,9,,,오자키 아키라,대원씨아이(만화),2026-07,4500,,,,2026-09-01T10:41:52+09:00,894,,1940,,0,1
380293052,우타강의 시간 4,우타강의 시간,4,,,요시다 아키미,문학동네,2025-12,7650,9.3,,,2026-09-01T10:41:52+09:00,851,,3076,,0,1
396658751,위치 워치 WITCH WATCH 23,위치 워치 WITCH WATCH,23,,- 역시 사랑이었어,시노하라 켄타,대원씨아이(만화),2026-06,5400,9.9,,,2026-09-01T10:41:52+09:00,907,,1660,,0,1
335604365,은혼 5학년 : 은혼 공식 캐릭터북 2,은혼 5학년 : 은혼 공식 캐릭터북,2,,,소라치 히데아키,학산문화사(만화),2013-03,9000,,,,2026-09-01T10:41:52+09:00,864,,2966,,0,1
233797853,은혼 77,은혼,77,,"- 완결, 곱슬머리치고 쓸 만한 놈 없다",소라치 히데아키,학산문화사(만화),2020-02,8100,9.8,,,2026-09-01T10:41:52+09:00,781,,5524,,0,1
399925214,이 미술부에는 문제가 있다 15,이 미술부에는 문제가 있다,15,,- S코믹스,이미기 무루,㈜소미미디어,2026-08,6300,,,,2026-09-01T10:41:52+09:00,735,,970,,0,1
388854376,이번 생은 가주가 되겠습니다 2부 5,이번 생은 가주가 되겠습니다 2부,5,,- 만화,앤트스튜디오,디앤씨웹툰비즈,2026-03,14400,,,,2026-09-01T10:41:52+09:00,689,,2489,,0,1
400136842,전대대실격 20,전대대실격,20,,,하루바 네기,학산문화사(만화),2026-08,5400,10.0,,,2026-09-01T10:41:52+09:00,734,,920,,0,1
400224787,전생했더니 검이었습니다 Another Wish 5,전생했더니 검이었습니다 Another Wish,5,,- S코믹스,이노우에 히나코,㈜소미미디어,2026-08,6300,,,,2026-09-01T10:41:52+09:00,968,,540,,0,1
394214214,전희 서바이벌 사가 2,전희 서바이벌 사가,2,,,OTOSAMA,오팬스코믹,2026-05,6300,9.7,,,2026-09-01T10:41:52+09:00,867,,2785,,0,1
397382949,주말 내 맘대로 집밥 3,주말 내 맘대로 집밥,3,,,코무라 아유미,㈜에스엠지크리에이티브(고은문화사),2026-06,5400,,,,2026-09-01T10:41:52+09:00,955,,700,,0,1
301182588,주술회전 3,주술회전,3,,,아쿠타미 게게,서울미디어코믹스(서울문화사),2019-04,5400,,,,2026-09-01T10:41:52+09:00,767,,6617,,0,1
321321957,진격의 거인 16,진격의 거인,16,,,이사야마 하지메,학산문화사(만화),2015-05,5400,8.0,,,2026-09-01T10:41:52+09:00,923,,1446,,0,1
332268158,진격의 거인 17,진격의 거인,17,,,이사야마 하지메,학산문화사(만화),2015-09,5400,6.0,,,2026-09-01T10:41:52+09:00,922,,1446,,0,1
398867274,찍히지 않습니다 7 (한정판),찍히지 않습니다,7,한정판,"- 아크릴 키링 + 카드 스티커 2종 + PET 4컷 사진 책갈피 + 초판 한정 일러스트 카드 + 폴라로이드 사진풍 카드 2종, S코믹스",코노시마 루카,㈜소미미디어,2026-08,22500,,,,2026-09-01T10:41:52+09:00,831,,3410,,0,1
371796628,창작자를 위한 주술 용어 사전,창작자를 위한 주술 용어 사전,,,"- 저주부터 밀교까지, 신비로운 어둠의 지식서",A&F,므큐,2025-09,19800,,,,2026-09-01T10:41:52+09:00,941,,1092,,0,1
399391916,천국에서의 생활은 어떻습니까 1,천국에서의 생활은 어떻습니까,1,,,나카야마 유카리,안경낀두더지,2026-07,15120,10.0,,,2026-09-01T10:41:52+09:00,950,,815,,0,1
317918054,천막의 자두가르 1,천막의 자두가르,1,,,토마토수프,서울미디어코믹스(서울문화사),2023-06,6750,9.7,,,2026-09-01T10:41:52+09:00,836,,3254,,0,1
290886723,체인소 맨 11,체인소 맨,11,,- 1부 완결,후지모토 타츠키,학산문화사(만화),2022-03,5400,9.9,,,2026-09-01T10:41:52+09:00,983,,10916,,0,1
394171107,친구 엄마 10,친구 엄마,10,,,온점,블루픽,2026-05,14220,,,,2026-09-01T10:41:52+09:00,839,,3390,,0,1
385417452,친구 엄마 8,친구 엄마,8,,,온점,블루픽,2026-01,14220,,,,2026-09-01T10:41:52+09:00,859,,3074,,0,1
394170834,친구 엄마 9,친구 엄마,9,,,온점,블루픽,2026-05,14220,,,,2026-09-01T10:41:52+09:00,834,,3410,,0,1
350054497,카구라바치 2,카구라바치,2,,- 엔텐 VS 쿠레구모,호카조노 타케루,대원씨아이(만화),2024-10,5850,9.3,,,2026-09-01T10:41:52+09:00,795,,4674,,0,1
355679069,카구라바치 3,카구라바치,3,,,호카조노 타케루,대원씨아이(만화),2025-01,5850,9.7,,,2026-09-01T10:41:52+09:00,661,,4010,,0,1
364156956,카구라바치 5,카구라바치,5,,,호카조노 타케루,대원씨아이(만화),2025-05,5850,9.4,,,2026-09-01T10:41:52+09:00,828,,3536,,0,1
372547860,카구라바치 7,카구라바치,7,,,호카조노 타케루,대원씨아이(만화),2025-09,5850,,,,2026-09-01T10:41:52+09:00,914,,1645,,0,1
370794176,캐릭캐릭 체인지! Jewel Joker 주얼 조커 1,캐릭캐릭 체인지! Jewel Joker 주얼 조커,1,,,PEACH-PIT,서울미디어코믹스(서울문화사),2025-08,5850,10.0,,,2026-09-01T10:41:52+09:00,984,,10576,,0,1
386937690,킹덤 Kingdom 76,킹덤 Kingdom,76,,,하라 야스히사,대원씨아이(만화),2026-02,5400,10.0,,,2026-09-01T10:41:52+09:00,785,,5239,,0,1
400313885,타베모노로그,타베모노로그,,,,JIU,재담,2026-08,14400,,,,2026-09-01T10:41:52+09:00,959,,650,,0,1
247887919,"타시로, 너란 녀석은 1","타시로, 너란 녀석은",1,,- BLovers comics,야마다,서울미디어코믹스(서울문화사),2020-07,4950,9.5,,,2026-09-01T10:41:52+09:00,776,,5508,,0,1
307897037,"타시로, 너란 녀석은 3","타시로, 너란 녀석은",3,,- BLovers comics,야마다,서울미디어코믹스(서울문화사),2022-12,4950,9.7,,,2026-09-01T10:41:52+09:00,792,,4774,,0,1
392518824,테라피 게임 리스타트 6,테라피 게임 리스타트,6,,,히노하라 메구루,블랑코믹스(BLANC COMICS),2026-05,6300,10.0,,,2026-09-01T10:41:52+09:00,853,,3150,,0,1
158321666,토미에 - 상,토미에 - 상,,,,이토 준지,시공사(만화),2018-07,12600,8.0,,,2026-09-01T10:41:52+09:00,669,,3737,,0,1
400880249,파도였던 날들,파도였던 날들,,,,AJ 덩고,미메시스,2026-09,25200,,,,2026-09-01T10:41:52+09:00,973,,300,,0,1
348294598,파리대왕 : 그래픽 노블,파리대왕 : 그래픽 노블,,,,,민음사,2024-09,25200,8.6,,,2026-09-01T10:41:52+09:00,854,,3069,,0,1
400543345,파티피플 공명 22,파티피플 공명,22,,,오가와 료,대원씨아이(만화),2026-08,4950,,,,2026-09-01T10:41:52+09:00,954,,770,,0,1
399782226,폭력 만세 3,폭력 만세,3,,,나다이니시,학산문화사(만화),2026-08,6300,,,,2026-09-01T10:41:52+09:00,932,,1320,,0,1
306954722,하이큐!! 10th 크로니클,하이큐!! 10th 크로니클,,,,후루다테 하루이치,대원씨아이(만화),2022-12,21600,9.8,,,2026-09-01T10:41:52+09:00,865,,2799,,0,1
342856068,히카루가 죽은 여름 4,히카루가 죽은 여름,4,,- SL Comic,모쿠모쿠렌,디앤씨미디어(주)(D&C미디어),2024-07,5400,9.9,,,2026-09-01T10:41:52+09:00,996,,7784,,0,1
366120687,히카루가 죽은 여름 6,히카루가 죽은 여름,6,,- SL Comic,모쿠모쿠렌,디앤씨미디어(주)(D&C미디어),2025-06,5850,9.8,,,2026-09-01T10:41:52+09:00,985,,9243,,0,1
400930743,아멜리아의 호기심 많은 로맨스 3,아멜리아의 호기심 많은 로맨스,3,,"- 루나 코믹스, 초판 한정 투명 pet 포토카드 1종, 양면 일러스트 카드 1종, PET 사원증 1종",코하쿠 요루,㈜소미미디어,2026-09,6300,,16080,1,2026-09-02T09:31:51+09:00,3,2,14620,1460,0,0
400315663,스파이 패밀리 17,스파이 패밀리,17,,,엔도 타츠야,학산문화사(만화),2026-08,5400,10.0,34050,2,2026-09-02T09:31:51+09:00,2,0,33340,710,0,0
400917256,마남 이치 6 (트리플 특전판),마남 이치,6,트리플 특전판,- 아크릴 일러스트 카드 2종 + 홀로그램 일러스트 카드,유사자키 시로,서울미디어코믹스(서울문화사),2026-08,6300,10.0,17900,3,2026-09-02T09:31:51+09:00,1,-2,16800,1100,0,0
400652795,스킵과 로퍼 12,스킵과 로퍼,12,,- 시프트코믹스,타카마츠 미사키,YNK MEDIA(만화),2026-08,5400,10.0,30370,4,2026-09-02T09:31:51+09:00,4,0,29560,810,0,0
400365190,사카모토 데이즈 27 (더블 특전판),사카모토 데이즈,27,더블 특전판,"- 자긍심, 초판 한정 띠지 + 일러스트 포스트 카드 + 일러스트 레이어 카드",스즈키 유우토,대원씨아이(만화),2026-08,5850,10.0,33540,5,2026-09-02T09:31:51+09:00,5,0,32590,950,0,0
400710266,야마다 군과 Lv999의 사랑을 하다 8,야마다 군과 Lv999의 사랑을 하다,8,,"- 초판 한정 특전 : 띠지, 일러스트 카드, 폴라로이드 카드",마시로,디앤씨미디어(주)(D&C미디어),2026-09,7200,10.0,19820,6,2026-09-02T09:31:51+09:00,6,0,17460,2360,0,0
399974125,타몬 군 지금 어느 쪽?! 13 (한정판),타몬 군 지금 어느 쪽?!,13,한정판,- 후쿠하라 타몬 2nd 사진집 + 후쿠하라 타몬 사인 포토카드 + 일러스트 카드,시와스 유키,학산문화사(만화),2026-08,12600,10.0,22080,7,2026-09-02T09:31:51+09:00,9,2,20900,1180,0,0
400587114,봇치·더·록! 외전 히로이 키쿠리의 과음일기 6,봇치·더·록! 외전 히로이 키쿠리의 과음일기,6,,- 띠지 + 초판한정 일러스트 포토 카드 1종,쿠미쵸,대원씨아이(만화),2026-08,8100,,31600,8,2026-09-02T09:31:51+09:00,8,0,31630,-30,0,0
400736391,엄마가 도망갔다,엄마가 도망갔다,,,,소복이,나무의말,2026-09,17820,10.0,11350,9,2026-09-02T09:31:51+09:00,14,5,9860,1490,0,0
400909479,킹덤 Kingdom 78,킹덤 Kingdom,78,,,하라 야스히사,대원씨아이(만화),2026-08,5400,,8810,10,2026-09-02T09:31:51+09:00,7,-3,8480,330,0,0
400710167,야마다 군과 Lv999의 사랑을 하다 8 (특별판),야마다 군과 Lv999의 사랑을 하다,8,특별판,"- 특별판 한정 특전 : 일반판 초판 특전, 틴케이스, 특별판 한정 엽서 4종 세트, 키캡 키링",마시로,디앤씨미디어(주)(D&C미디어),2026-09,23400,10.0,19490,11,2026-09-02T09:31:51+09:00,11,0,18150,1340,0,0
397412056,책이라면 팔 만큼 1,책이라면 팔 만큼,1,,,코지마 아오,미우(대원씨아이),2026-07,11700,9.6,25135,12,2026-09-02T09:31:51+09:00,13,1,23870,1265,0,0
399539936,명탐정 코난 108,명탐정 코난,108,,,아오야마 고쇼,서울미디어코믹스(서울문화사),2026-07,5400,9.8,23105,13,2026-09-02T09:31:51+09:00,12,-1,23775,-670,0,0
401063905,블리치 리믹스 17,블리치 리믹스,17,,,쿠보 타이토,서울미디어코믹스(서울문화사),2026-08,10800,,11220,14,2026-09-02T09:31:51+09:00,15,1,12380,-1160,0,0
400246381,황천의 츠가이 12 (더블특전판),황천의 츠가이,12,더블특전판,- 초판한정 : 일러스트 포스트카드 1종 + 일러스트 pp카드 1종,아라카와 히로무,대원씨아이(만화),2026-08,5850,10.0,15710,15,2026-09-02T09:31:51+09:00,10,-5,15430,280,0,0
400980916,꿈인지 생시인지 4,꿈인지 생시인지,4,,,사키사카 이오,대원씨아이(만화),2026-08,5850,,5510,16,2026-09-02T09:31:51+09:00,23,7,4400,1110,0,0
400315752,디그 잇 3 (더블특전판),디그 잇,3,더블특전판,- 수량 한정 더블 특전 : 비주얼 보드 + 스포츠 선수 카드,Yoshidamaru,학산문화사(만화),2026-08,6300,,17950,17,2026-09-02T09:31:51+09:00,16,-1,17860,90,0,0
400547759,모모세 아키라의 첫사랑 파탄 중 6 (트리플 특전판),모모세 아키라의 첫사랑 파탄 중,6,트리플 특전판,- 스페셜 아크릴 일러스트 카드 1종 + 양면 일러스트 카드 2종,하레카와 신타,서울미디어코믹스(서울문화사),2026-08,6750,10.0,14130,18,2026-09-02T09:31:51+09:00,17,-1,14580,-450,0,0
400977703,나의 첫 섹파 2,나의 첫 섹파,2,,,유리카와,재담,2026-08,6300,,5340,19,2026-09-02T09:31:51+09:00,25,6,4720,620,0,0
400713407,이세계 삼촌 14,이세계 삼촌,14,,"- 픽시하우스, 초판한정 특별부록 : 일러스트 카드 + 띠지",호톤도신데이루,데이즈엔터(주),2026-09,7200,,8710,20,2026-09-02T09:31:51+09:00,22,2,7410,1300,0,0
391764120,포켓몬 생태도감,포켓몬 생태도감,,,,주식회사 포켓몬,대원씨아이(단행본),2026-04,13500,10.0,72049,21,2026-09-02T09:31:51+09:00,20,-1,73516,-1467,0,0
401047773,야화첩 8,야화첩,8,,"- 초판 한정: 띠지, 포토카드 1종, PET 책갈피 1종",변덕,레진코믹스(레진엔터테인먼트),2026-08,14400,,4940,22,2026-09-02T09:31:51+09:00,28,6,4230,710,0,0
400707875,언니의 미도리 군 9,언니의 미도리 군,9,,,메구로 아무,대원씨아이(만화),2026-08,4950,,6500,23,2026-09-02T09:31:51+09:00,19,-4,6630,-130,0,0
400586243,단다단 21,단다단,21,,,타츠 유키노부,대원씨아이(만화),2026-08,5400,10.0,11610,24,2026-09-02T09:31:51+09:00,18,-6,11400,210,0,0
400708725,3월의 벽력 2,3월의 벽력,2,,,이케 준코,대원씨아이(만화),2026-08,5400,,8390,25,2026-09-02T09:31:51+09:00,27,2,7380,1010,0,0
401049295,야화첩 9,야화첩,9,,"- 초판 한정: 띠지, 포토카드 2종",변덕,레진코믹스(레진엔터테인먼트),2026-08,14400,,4920,26,2026-09-02T09:31:51+09:00,32,6,3980,940,0,0
399973794,봄의 폭풍과 몬스터 9,봄의 폭풍과 몬스터,9,,,미츠바치 미유키,학산문화사(만화),2026-08,6300,10.0,15790,27,2026-09-02T09:31:51+09:00,26,-1,15080,710,0,0
401009364,소드 아트 온라인 29,소드 아트 온라인,29,,- J Novel,카와하라 레키,서울문화사,2026-08,7200,,6140,28,2026-09-02T09:31:51+09:00,31,3,5550,590,0,0
400544318,마법소녀를 동경해서 7 (더블특전판),마법소녀를 동경해서,7,더블특전판,- 띠지 + 초판한정 일러스트 카드 1종 + 더블특전 SD 스티커,오노나카 아키히로,대원씨아이(만화),2026-08,6750,,11400,29,2026-09-02T09:31:51+09:00,30,1,11320,80,0,0
395946461,원피스 114,원피스,114,,- 초판한정 띠지 + 일러스트 카드 1종,오다 에이치로,대원씨아이(만화),2026-06,5850,10.0,42935,30,2026-09-02T09:31:51+09:00,29,-1,43555,-620,0,0
401063751,요괴소년 호야 완전판 4,요괴소년 호야 완전판,4,,,후지타 카즈히로,서울미디어코믹스(서울문화사),2026-08,14400,,4760,31,2026-09-02T09:31:51+09:00,38,7,3660,1100,0,0
400930547,Myther 3,Myther,3,,- S코믹스,야츠다 테키,㈜소미미디어,2026-09,7200,,4200,32,2026-09-02T09:31:51+09:00,36,4,3490,710,0,0
396103290,패밀리 레스토랑 가자. 下,패밀리 레스토랑 가자. 下,,,- 완결,와야마 야마,문학동네,2026-06,7650,9.8,62525,33,2026-09-02T09:31:51+09:00,35,2,62435,90,0,0
400714329,패배 히로인이 너무 많아! 8.5,패배 히로인이 너무 많아! 8.5,,,"- Novel Engine, 초판한정 특별부록 : 띠지 + 일러스트 카드",아마모리 타키비,데이즈엔터(주),2026-09,7200,,9800,34,2026-09-02T09:31:51+09:00,33,-1,9770,30,0,0
400909443,창천항로 애장판 4,창천항로 애장판,4,,,킹곤타,대원씨아이(만화),2026-08,16200,,4400,35,2026-09-02T09:31:51+09:00,21,-14,4520,-120,0,0
400856630,나나 NANA 완전판 12,나나 NANA 완전판,12,,"- 초판 한정 PP엽서 1종, 포토카드 1종",야자와 아이,학산문화사(만화),2026-08,10800,,4980,36,2026-09-02T09:31:51+09:00,24,-12,4900,80,0,0
400980854,현시연 신장판 1,현시연 신장판,1,,,키오 시모쿠,대원씨아이(만화),2026-08,13500,10.0,3600,37,2026-09-02T09:31:51+09:00,43,6,3040,560,0,0
399975177,GACHIAKUTA 18,GACHIAKUTA,18,,,케이 우라나,학산문화사(만화),2026-08,6300,,8990,38,2026-09-02T09:31:51+09:00,34,-4,8500,490,0,0
395945176,나츠메 우인장 32,나츠메 우인장,32,,,미도리카와 유키,학산문화사(만화),2026-06,5400,8.4,12700,39,2026-09-02T09:31:51+09:00,45,6,12840,-140,0,0
398738362,헬싱 한정판 1~5 세트 - 전5권,헬싱 한정판 1~5 세트 - 전5권,,,,히라노 코우타,AK(에이케이)커뮤니케이션즈,2026-08,67500,9.9,16955,40,2026-09-02T09:31:51+09:00,39,-1,16620,335,0,0
395510885,슈퍼 뒤에서 담배 피우는 두 사람 8,슈퍼 뒤에서 담배 피우는 두 사람,8,,- SL Comic,지누시,디앤씨미디어(주)(D&C미디어),2026-06,6300,9.9,12985,41,2026-09-02T09:31:51+09:00,40,-1,12710,275,0,0
400707954,블루 자이언트 모멘텀 7,블루 자이언트 모멘텀,7,,,이시즈카 신이치,대원씨아이(만화),2026-08,5850,,4920,42,2026-09-02T09:31:51+09:00,42,0,4440,480,0,0
399974955,GACHIAKUTA 18 (한정판),GACHIAKUTA,18,한정판,"- 아크릴 디오라마 + 빅스티커 SET(5매) + 스페셜 비주얼 보드, 포토카드SET(4매) + 일러스트 카드(일반판 부록과 동일) + 아웃박스",케이 우라나,학산문화사(만화),2026-08,39600,,10000,43,2026-09-02T09:31:51+09:00,37,-6,10410,-410,0,0
398419129,황천의 츠가이 11 (더블특전판),황천의 츠가이,11,더블특전판,,아라카와 히로무,대원씨아이(만화),2026-07,5850,9.8,11630,44,2026-09-02T09:31:51+09:00,54,10,11115,515,0,0
400328644,요리 군과 다시 만날 수는 없어! 2,요리 군과 다시 만날 수는 없어!,2,,"- 초판 한정 특전 : 일러스트 카드, 접이식 아크릴 스탠드",Sumio Hataya,서울미디어코믹스(서울문화사),2026-08,5850,10.0,9440,45,2026-09-02T09:31:51+09:00,46,1,9330,110,0,0
400365247,이거 그리고 죽어 8,이거 그리고 죽어,8,,- 초판 한정 : 띠지 + 일러스트 엽서 1종,토요다 미노루,대원씨아이(만화),2026-08,5400,10.0,5380,46,2026-09-02T09:31:51+09:00,53,7,5030,350,0,0
399925336,팬텀 버스터즈 7,팬텀 버스터즈,7,,- S코믹스,네오쇼코,㈜소미미디어,2026-08,5850,10.0,17150,47,2026-09-02T09:31:51+09:00,48,1,17010,140,0,0
399973871,옆자리 녀석이 그런 눈으로 쳐다본다 4 (더블특전판),옆자리 녀석이 그런 눈으로 쳐다본다,4,더블특전판,- 수량 한정 더블 특전 : 폴라로이드 에구치 ANGEL Ver + 이케자와 DEVIL Ver,mmk,학산문화사(만화),2026-08,6300,,9320,48,2026-09-02T09:31:51+09:00,52,4,9440,-120,0,0
400594188,노아 선배는 친구 10,노아 선배는 친구,10,,,아키야마 엔마,서울미디어코믹스(서울문화사),2026-08,5850,,7010,49,2026-09-02T09:31:51+09:00,41,-8,6780,230,0,0
400662227,첫사랑은 나의 오빠 2,첫사랑은 나의 오빠,2,,,카스미 유코,서울미디어코믹스(서울문화사),2026-08,5850,,4970,50,2026-09-02T09:31:51+09:00,64,14,3880,1090,0,0
401041190,참을 수 없는 건 사랑인 걸까 6,참을 수 없는 건 사랑인 걸까,6,,,소라하나 미아,대원씨아이(만화),2026-08,5850,,2830,51,2026-09-02T09:31:51+09:00,65,14,2270,560,0,0
400652816,블루 피리어드 7 (더블 특전판),블루 피리어드,7,더블 특전판,"- 초판 한정 일러스트 카드 1종 + 박티켓 책갈피 1종, 시프트코믹스",야마구치 츠바사,YNK MEDIA(만화),2026-08,5400,,4810,52,2026-09-02T09:31:51+09:00,56,4,4130,680,0,0
396141385,사카모토 데이즈 26 (더블 특전판),사카모토 데이즈,26,더블 특전판,- 원정 / 띠지 + 일러스트 포스트 카드 + 사카모토 상점 양면 어나더커버,스즈키 유우토,대원씨아이(만화),2026-06,5850,9.2,23130,53,2026-09-02T09:31:51+09:00,55,2,23225,-95,0,0
400544538,비실비실 선생님 16,비실비실 선생님,16,,- 띠지 + 초판한정 일러스트 폴라로이드 카드 1종,후쿠치 카미오,대원씨아이(만화),2026-08,5850,10.0,10450,54,2026-09-02T09:31:51+09:00,44,-10,11300,-850,0,0
401041191,너를 잊을 사랑이 하고 싶어 7,너를 잊을 사랑이 하고 싶어,7,,,유우키 하루,대원씨아이(만화),2026-08,5850,,2760,55,2026-09-02T09:31:51+09:00,68,13,2190,570,0,0
400594291,유치원WARS 17,유치원WARS,17,,"- 초판특전: 아크릴 일러스트 카드, 더그 일러스트 카드",You Chiba,서울미디어코믹스(서울문화사),2026-08,5400,10.0,6150,56,2026-09-02T09:31:51+09:00,59,3,5740,410,0,0
399974190,타몬 군 지금 어느 쪽?! 13,타몬 군 지금 어느 쪽?!,13,,- 수량 한정 특전 : 일러스트 카드,시와스 유키,학산문화사(만화),2026-08,6300,10.0,6150,57,2026-09-02T09:31:51+09:00,63,6,5730,420,0,0
400545480,전지적 독자 시점 20,전지적 독자 시점,20,,- 초판 한정 캐릭터 카드 1종 + 특전 엽서 1종,슬리피-C,에이템포미디어,2026-08,14850,,8070,58,2026-09-02T09:31:51+09:00,47,-11,8330,-260,0,0
400647778,이토준지 자선 걸작집 Dark Colors,이토준지 자선 걸작집 Dark Colors,,,,이토 준지,미우(대원씨아이),2026-08,17100,5.0,5890,59,2026-09-02T09:31:51+09:00,69,10,5430,460,0,0
400930515,뒤에 있는 카무이 씨 1,뒤에 있는 카무이 씨,1,,- S코믹스 Red,코노시로 신코,㈜소미미디어,2026-09,6300,,2220,60,2026-09-02T09:31:51+09:00,66,6,2440,-220,0,0
401009459,유감스러운 사랑의 주인공들 1,유감스러운 사랑의 주인공들,1,,,아와이 키사키,서울미디어코믹스(서울문화사),2026-08,5850,10.0,2340,61,2026-09-02T09:31:51+09:00,78,17,1830,510,0,0
394695719,옆자리 녀석이 그런 눈으로 쳐다본다 3 (더블특전판),옆자리 녀석이 그런 눈으로 쳐다본다,3,더블특전판,- 수량 한정 더블 특전: 포토카드 + 증명사진,mmk,학산문화사(만화),2026-06,6300,9.4,6740,62,2026-09-02T09:31:51+09:00,67,5,6920,-180,0,0
400647677,아이돌라트리 1,아이돌라트리,1,,- 초판 한정 띠지 + 일러스트 pet 카드 1종,호마레,대원씨아이(만화),2026-08,6300,,3660,63,2026-09-02T09:31:51+09:00,57,-6,3720,-60,0,0
400707957,여우 우리군 1 (특장판),여우 우리군,1,특장판,"- B愛 341, 일러스트 카드 5종(초회 한정 일러스트 카드 1종 포함) + 클리어 스탠드 + 스티커 + 폴라로이드형 포토카드 + 어나더 커버 + 별도 박스 포장",네아,대원씨아이(만화),2026-08,16200,10.0,3580,64,2026-09-02T09:31:51+09:00,62,-2,3380,200,0,0
399583956,명탐정 코난 108 (특장판),명탐정 코난,108,특장판,- 극장판 [하이웨이의 타천사] 티저 일러스트 아크릴 스탠드 + 어나더 커버 + 트레이딩 그래픽 컬렉션 카드 8종 중 랜덤 4종,아오야마 고쇼,서울미디어코믹스(서울문화사),2026-07,19800,10.0,16905,65,2026-09-02T09:31:51+09:00,51,-14,17505,-600,0,0
388083662,슈퍼 뒤에서 담배 피우는 두 사람 7,슈퍼 뒤에서 담배 피우는 두 사람,7,,- SL Comic,지누시,디앤씨미디어(주)(D&C미디어),2026-03,5850,9.3,12476,66,2026-09-02T09:31:51+09:00,79,13,12066,410,0,0
398309482,요리 군과 다시 만날 수는 없어! 1,요리 군과 다시 만날 수는 없어!,1,,"- 초판 한정 특전 : 양면 일러스트 카드, 접이식 아크릴 스탠드",Sumio Hataya,서울미디어코믹스(서울문화사),2026-07,5850,10.0,10095,67,2026-09-02T09:31:51+09:00,75,8,9915,180,0,0
236826464,소년과 두더지와 여우와 말,소년과 두더지와 여우와 말,,,,찰리 맥커시,상상의힘,2020-04,19800,9.5,60936,68,2026-09-02T09:31:51+09:00,72,4,60936,0,0,0
400707805,담배 고양이 6,담배 고양이,6,,,냥냥 팩토리,대원씨아이(만화),2026-08,5400,,4000,69,2026-09-02T09:31:51+09:00,50,-19,3950,50,0,0
400910174,이력서 3,이력서,3,,,유월,블루픽,2026-08,14220,10.0,3280,70,2026-09-02T09:31:51+09:00,60,-10,3180,100,0,0
400653146,세금으로 산 책 3,세금으로 산 책,3,,- 시프트코믹스,케이야마 케이,YNK MEDIA(만화),2026-08,5850,,3470,71,2026-09-02T09:31:51+09:00,70,-1,2830,640,0,0
400878309,온통 여우 1,온통 여우,1,,- 초판 한정 특전 : 일러스트 카드 2종,Ayami Morinaga,서울미디어코믹스(서울문화사),2026-08,6750,10.0,2520,72,2026-09-02T09:31:51+09:00,61,-11,2540,-20,0,0
399782162,흑집사 35,흑집사,35,,,토보소 야나,학산문화사(만화),2026-08,5400,,9060,73,2026-09-02T09:31:51+09:00,71,-2,9060,0,0,0
396452830,원펀맨 One Punch Man 35,원펀맨 One Punch Man,35,,- 만나서는 안 될 녀석,ONE,대원씨아이(만화),2026-06,5400,9.5,16225,74,2026-09-02T09:31:51+09:00,74,0,16395,-170,0,0
400668931,커다란 네가 제일 귀여워 (한정판),커다란 네가 제일 귀여워,,한정판,"- 일러스트 메모패드, 작가님 사인 포토카드 2종, 빅 클리어 카드 2종, 일러스트 카드, 라르고 맥스 Largo Max",유키하루,조은세상(북두),2026-08,9900,10.0,3160,75,2026-09-02T09:31:51+09:00,73,-2,3110,50,0,0
400981192,엇갈리는 중앙감정선,엇갈리는 중앙감정선,,,- 시무라 타카코 단편집,시무라 타카코,문학동네,2026-08,9000,,2130,76,2026-09-02T09:31:51+09:00,94,18,1480,650,0,0
395444608,장송의 프리렌 15,장송의 프리렌,15,,,야마다 카네히토,학산문화사(만화),2026-06,6300,9.7,15795,77,2026-09-02T09:31:51+09:00,81,4,15785,10,0,0
396653507,마루는 강쥐 9,마루는 강쥐,9,,- 초판 한정 작가 친필 사인 인쇄본 + 초판 한정 표지 일러스트 엽서,모죠,문페이스,2026-08,14400,,6810,78,2026-09-02T09:31:51+09:00,49,-29,6630,180,0,0
400653323,세금으로 산 책 4,세금으로 산 책,4,,- 시프트코믹스,케이야마 케이,YNK MEDIA(만화),2026-08,5850,,3150,79,2026-09-02T09:31:51+09:00,76,-3,2590,560,0,0
400921125,사망 엔딩에서 벗어난 미연시의 히로인들이 내 【일기장】을 읽고 비밀을 알아챈 듯하다 1,사망 엔딩에서 벗어난 미연시의 히로인들이 내 【일기장】을 읽고 비밀을 알아챈 듯하다,1,,- S Novel,addict,㈜소미미디어,2026-09,7650,,2830,80,2026-09-02T09:31:51+09:00,83,3,2490,340,0,0
369848536,슈퍼 뒤에서 담배 피우는 두 사람 6,슈퍼 뒤에서 담배 피우는 두 사람,6,,- SL Comic,지누시,디앤씨미디어(주)(D&C미디어),2025-08,5850,10.0,10648,81,2026-09-02T09:31:51+09:00,92,11,10648,0,0,0
400543400,그랑블루 26,그랑블루,26,,,요시오카 키미타게,대원씨아이(만화),2026-08,4950,,3580,82,2026-09-02T09:31:51+09:00,80,-2,3220,360,0,0
400856525,애프터 갓 10,애프터 갓,10,,,에노 스미,대원씨아이(만화),2026-08,5400,10.0,2630,83,2026-09-02T09:31:51+09:00,58,-25,2690,-60,0,0
400922115,순정 갸루는 여친은 아니지만,순정 갸루는 여친은 아니지만,,,- S 블랙,미우라 미우,㈜소미미디어,2026-09,9000,,2690,84,2026-09-02T09:31:51+09:00,88,4,2270,420,0,0
401131950,패배 히로인이 너무 많아! @comic 5,패배 히로인이 너무 많아! @comic,5,,,이타치,재담,2026-08,6300,,2330,85,2026-09-02T09:31:51+09:00,100,15,1890,440,0,0
360200073,슈퍼 뒤에서 담배 피우는 두 사람 5,슈퍼 뒤에서 담배 피우는 두 사람,5,,- SL Comic,지누시,디앤씨미디어(주)(D&C미디어),2025-03,5850,9.4,12060,86,2026-09-02T09:31:51+09:00,106,20,11705,355,0,0
352187592,슈퍼 뒤에서 담배 피우는 두 사람 4,슈퍼 뒤에서 담배 피우는 두 사람,4,,- SL Comic,지누시,디앤씨미디어(주)(D&C미디어),2024-11,5400,9.8,10921,87,2026-09-02T09:31:51+09:00,114,27,10366,555,0,0
320428870,슈퍼 뒤에서 담배 피우는 두 사람 1,슈퍼 뒤에서 담배 피우는 두 사람,1,,- SL Comic,지누시,디앤씨미디어(주)(D&C미디어),2023-07,5400,9.3,10528,88,2026-09-02T09:31:51+09:00,115,27,10092,436,0,0
389928857,옆자리 녀석이 그런 눈으로 쳐다본다 2,옆자리 녀석이 그런 눈으로 쳐다본다,2,,,mmk,학산문화사(만화),2026-04,6300,10.0,5888,89,2026-09-02T09:31:51+09:00,82,-7,6026,-138,0,0
400647796,이토준지 자선 걸작집 왜곡,이토준지 자선 걸작집 왜곡,,,,이토 준지,미우(대원씨아이),2026-08,14400,4.0,4570,90,2026-09-02T09:31:51+09:00,85,-5,4070,500,0,0
290886787,룩 백,룩 백,,,,후지모토 타츠키,학산문화사(만화),2022-03,5400,9.5,35305,91,2026-09-02T09:31:51+09:00,84,-7,35460,-155,0,0
398962987,주술회전 모듈로 1,주술회전 모듈로,1,,- 특급 사안 /초판 한정 캐릭터 일러스트 카드 3종 + 선착순 한정 포토카드 1종,Yuji Iwasaki,서울미디어코믹스(서울문화사),2026-07,6300,9.0,25590,92,2026-09-02T09:31:51+09:00,89,-3,25605,-15,0,0
398736065,너와 장밋빛 매일 3 (트리플 특전판),너와 장밋빛 매일,3,트리플 특전판,- 초판 한정 트리플 특전: 아크릴 일러스트 카드 + 일러스트 카드 + 폴라로이드 카드,히로 치히로,서울미디어코믹스(서울문화사),2026-07,5400,10.0,24330,93,2026-09-02T09:31:51+09:00,102,9,24045,285,0,0
401247590,"달은 차고 이지러져, 짐승의 사랑 신장판 (특장판)","달은 차고 이지러져, 짐승의 사랑 신장판",,특장판,"- 작가님 사인 아크릴 카드 + 일러스트 카드 2종 + 이중 커버, 라르고 맥스 Largo Max",노지로 구리,조은세상(북두),2026-09,11700,,2430,94,2026-09-02T09:31:51+09:00,183,89,1610,820,0,0
390779612,야마다 군과 Lv999의 사랑을 하다 7,야마다 군과 Lv999의 사랑을 하다,7,,,마시로,디앤씨미디어(주)(D&C미디어),2026-04,7200,10.0,14245,95,2026-09-02T09:31:51+09:00,140,45,13669,576,0,0
324439898,슈퍼 뒤에서 담배 피우는 두 사람 2,슈퍼 뒤에서 담배 피우는 두 사람,2,,- SL Comic,지누시,디앤씨미디어(주)(D&C미디어),2023-09,5400,9.4,9509,96,2026-09-02T09:31:51+09:00,125,29,9121,388,0,0
399782210,운명의 사람을 만나는 이야기 8,운명의 사람을 만나는 이야기,8,,,아나신,학산문화사(만화),2026-08,5400,10.0,8230,97,2026-09-02T09:31:51+09:00,96,-1,8050,180,0,0
400585881,귀여운 건 나다 3,귀여운 건 나다,3,,,야스코,대원씨아이(만화),2026-08,6300,,3350,98,2026-09-02T09:31:51+09:00,86,-12,2950,400,0,0
400909388,겁쟁이페달 95,겁쟁이페달,95,,,와타나베 와타루,대원씨아이(만화),2026-08,4950,,1780,99,2026-09-02T09:31:51+09:00,119,20,1380,400,0,0
336001751,슈퍼 뒤에서 담배 피우는 두 사람 3,슈퍼 뒤에서 담배 피우는 두 사람,3,,- SL Comic,지누시,디앤씨미디어(주)(D&C미디어),2024-03,5400,9.8,9036,100,2026-09-02T09:31:51+09:00,141,41,8671,365,0,0
400150223,남편을 내 편으로 만드는 방법 5 (한정판),남편을 내 편으로 만드는 방법,5,한정판,- 단행본 + 학생 AU 아크릴 스탠드 + 떡메모지 + 파노라마 미니 포스터 4종 + 트레이딩 카드 9종 + 이스케&루비 엽서 4종 + 초판 한정 부록 엽서,시루,캐롯툰,2026-10,35820,,8540,101,2026-09-02T09:31:51+09:00,116,15,8260,280,0,0
399580240,엄마를 만나러 가는 길 3,엄마를 만나러 가는 길,3,,- 초판 한정 부록: 포토카드 2장 + 작가님 친필사인 면지 인쇄본,고먕,네이버웹툰,2026-10,16020,,7695,102,2026-09-02T09:31:51+09:00,95,-7,7585,110,0,0
399290739,메이드 인 어비스 14,메이드 인 어비스,14,,,츠쿠시 아키히토,미우(대원씨아이),2026-07,7200,,6055,103,2026-09-02T09:31:51+09:00,107,4,5915,140,0,0
400707990,여우 우리군 1,여우 우리군,1,,- B愛 341,네아,대원씨아이(만화),2026-08,6300,,2120,104,2026-09-02T09:31:51+09:00,98,-6,2110,10,0,0
401041186,너를 잊을 사랑이 하고 싶어 7 (특장판),너를 잊을 사랑이 하고 싶어,7,특장판,- 단행본 + 피크 키링 + 어나더 커버 + 일러스트 카드 2종 + 포토카드 2종 + 별도 박스 포장,유우키 하루,대원씨아이(만화),2026-08,19800,10.0,1500,105,2026-09-02T09:31:51+09:00,118,13,1310,190,0,0
401042641,고랭순대 작품집 7,고랭순대 작품집,7,,,고랭순대,대원씨아이(만화),2026-08,13500,,1570,106,2026-09-02T09:31:51+09:00,139,33,1180,390,0,0
396369059,향기로운 꽃은 늠름하게 핀다 21,향기로운 꽃은 늠름하게 핀다,21,,- 띠지 + 초판한정 일러스트 엽서 1종,미카미 사카,대원씨아이(만화),2026-06,6300,,12775,107,2026-09-02T09:31:51+09:00,90,-17,13115,-340,0,0
395840340,마남 이치 5 (트리플 특전판),마남 이치,5,트리플 특전판,- 홀로그램 일러스트 카드 2종 + 캐릭터 일러스트 카드,유사자키 시로,서울미디어코믹스(서울문화사),2026-06,6300,9.5,12695,108,2026-09-02T09:31:51+09:00,91,-17,12535,160,0,0
400594114,못 미더운 악녀입니다만 : ~추궁접서 교체전~ 10,못 미더운 악녀입니다만 : ~추궁접서 교체전~,10,,,EI Ohitsuji,서울미디어코믹스(서울문화사),2026-08,6300,10.0,2700,109,2026-09-02T09:31:51+09:00,97,-12,2670,30,0,0
400856659,눈이 나려 꽃 26,눈이 나려 꽃,26,,,임해연,학산문화사(만화),2026-08,7200,,1890,110,2026-09-02T09:31:51+09:00,77,-33,1980,-90,0,0
400958916,11번째 고양이는 네네 2,11번째 고양이는 네네,2,,,하리카모,오팬스코믹,2026-08,6300,,1470,111,2026-09-02T09:31:51+09:00,101,-10,1580,-110,0,0
399580402,엄마를 만나러 가는 길 4,엄마를 만나러 가는 길,4,,- 초판 한정 부록: 포토카드 2장 + 작가님 친필사인 면지 인쇄본,고먕,네이버웹툰,2026-10,16020,,7095,112,2026-09-02T09:31:51+09:00,103,-9,7060,35,0,0
401097577,"다른 학교 얼음공주를 구했더니, 친구부터 시작하게 되었습니다 2","다른 학교 얼음공주를 구했더니, 친구부터 시작하게 되었습니다",2,,,사츠키 히류,오팬스노벨,2026-08,7650,,2630,113,2026-09-02T09:31:51+09:00,161,48,2200,430,0,0
384420875,원피스 113,원피스,113,,- 로키탄생,오다 에이치로,대원씨아이(만화),2026-01,5850,9.9,24692,114,2026-09-02T09:31:51+09:00,104,-10,24917,-225,0,0
392518962,체인소 맨 23,체인소 맨,23,,,후지모토 타츠키,학산문화사(만화),2026-05,5400,9.1,16280,115,2026-09-02T09:31:51+09:00,113,-2,16485,-205,0,0
396819581,나의 첫 섹파 1,나의 첫 섹파,1,,- 초회 수량한정 특장판 구성 (수량 소진 시 종료),유리카와,재담,2026-06,6300,,4455,116,2026-09-02T09:31:51+09:00,167,51,4115,340,0,0
400708280,발화 2,발화,2,,- 초판1쇄 한정 포토카드 2종,영재영,레진코믹스(레진엔터테인먼트),2026-08,15300,10.0,3000,117,2026-09-02T09:31:51+09:00,93,-24,2910,90,0,0
388016420,스파이 패밀리 16,스파이 패밀리,16,,,엔도 타츠야,학산문화사(만화),2026-03,5400,9.7,21007,118,2026-09-02T09:31:51+09:00,105,-13,21111,-104,0,0
394124358,캐릭캐릭 체인지! Jewel Joker 주얼 조커 3,캐릭캐릭 체인지! Jewel Joker 주얼 조커,3,,- 초판 특전: 아르카나 학원 아크릴 일러스트 카드,PEACH-PIT,서울미디어코믹스(서울문화사),2026-05,5850,10.0,12760,119,2026-09-02T09:31:51+09:00,121,2,12760,0,0,0
398728364,마법소녀를 동경해서 6 (더블특전판),마법소녀를 동경해서,6,더블특전판,- 초판한정 : 일러스트 카드 1종 + SD 스티커 1종,오노나카 아키히로,대원씨아이(만화),2026-07,6750,,8155,120,2026-09-02T09:31:51+09:00,126,6,8055,100,0,0
397904178,새벽의 연화 47,새벽의 연화,47,,,미즈호 쿠사나기,학산문화사(만화),2026-07,5400,,5590,121,2026-09-02T09:31:51+09:00,129,8,5435,155,0,0
400245347,버서스 6,버서스,6,,,아즈마 쿄타로,학산문화사(만화),2026-08,5400,,4280,122,2026-09-02T09:31:51+09:00,130,8,4070,210,0,0
400229048,사토 씨의 친구,사토 씨의 친구,,,,마스다 미리,이봄,2026-08,13500,9.0,4090,123,2026-09-02T09:31:51+09:00,137,14,3710,380,0,0
400585742,아메와 우미 1,아메와 우미,1,,"- S코믹스, 초판 한정 양면 일러스트 카드 2종(도서 내 래핑)",야마카타 아츠카,㈜소미미디어,2026-08,6300,10.0,2730,124,2026-09-02T09:31:51+09:00,108,-16,2550,180,0,0
401041961,산가지는 도깨비의 꿈을 꾼다 5,산가지는 도깨비의 꿈을 꾼다,5,,,LAPIS,다산코믹스,2026-08,18000,,2030,125,2026-09-02T09:31:51+09:00,162,37,1830,200,0,0
393769452,불가항력의 I LOVE YOU 8,불가항력의 I LOVE YOU,8,,- 초판특전 : 포토카드 3종 세트,호시노 미즈키,서울미디어코믹스(서울문화사),2026-05,5400,9.7,18215,126,2026-09-02T09:31:51+09:00,120,-6,18215,0,0,0
392518608,봄의 폭풍과 몬스터 8,봄의 폭풍과 몬스터,8,,,미츠바치 미유키,학산문화사(만화),2026-05,5400,9.6,11000,127,2026-09-02T09:31:51+09:00,132,5,10790,210,0,0
399402787,얼굴만으론 좋아할 수 없어요 17,얼굴만으론 좋아할 수 없어요,17,,"- 한국 한정 오리지널 일러스트 양면 커버, 초판 한정 SNS풍 주인공 커플 일러스트 카드, 졸업식 일러스트 카드",안자이 카린,서울미디어코믹스(서울문화사),2026-07,5400,,10200,128,2026-09-02T09:31:51+09:00,124,-4,10170,30,0,0
393809247,사피엔스 : 그래픽 히스토리 Vol.4,사피엔스 : 그래픽 히스토리 Vol.4,,,- 혁명의 시대,,김영사,2026-05,17820,,7860,129,2026-09-02T09:31:51+09:00,165,36,7600,260,0,0
400547001,작전명 순정 7~9 스페셜 세트 - 전3권,작전명 순정 7~9 스페셜 세트 - 전3권,,,"- 구성: 단행본 7~9권, 엽서집(양면엽서 16장), 프로필 세트(프로필 3종 + PET 포스터 2종 + 종이 홀더), 레이어 카드 2종, 아크릴 코롯토, 증명사진 팩, 도화 인터뷰집, 스페셜 패키지 박스, 초판한정 엽서",꼬까리,영진.com(영진닷컴),2026-08,79200,10.0,5300,130,2026-09-02T09:31:51+09:00,128,-2,5660,-360,0,0
397818232,오가미 츠미키와 기일상 7,오가미 츠미키와 기일상,7,,,모리시타 미유,학산문화사(만화),2026-07,5400,9.5,5065,131,2026-09-02T09:31:51+09:00,135,4,5205,-140,0,0
375360802,44교시 생존수업 1~2 세트 - 전2권,44교시 생존수업 1~2 세트 - 전2권,,,,상C,네이버웹툰,2025-12,28800,10.0,2454,132,2026-09-02T09:31:51+09:00,87,-45,2624,-170,0,0
400980564,킬러의 최애 4,킬러의 최애,4,,,오시마 린타로,대원씨아이(만화),2026-08,6300,,1380,133,2026-09-02T09:31:51+09:00,170,37,910,470,0,0
337054427,패밀리 레스토랑 가자. 上,패밀리 레스토랑 가자. 上,,,,와야마 야마,문학동네,2024-04,7650,9.7,31684,134,2026-09-02T09:31:51+09:00,163,29,31409,275,0,0
393688901,카구라바치 10 (트리플특전판),카구라바치,10,트리플특전판,- 초판한정 일러스트 시네마티켓 + 애니메이션 KV카드 + 검사들 일러스트카드,호카조노 타케루,대원씨아이(만화),2026-05,5850,9.8,19290,135,2026-09-02T09:31:51+09:00,151,16,19115,175,0,0
394045519,아멜리아의 호기심 많은 로맨스 2,아멜리아의 호기심 많은 로맨스,2,,- 루나 코믹스,코하쿠 요루,㈜소미미디어,2026-06,6300,10.0,9330,136,2026-09-02T09:31:51+09:00,154,18,9145,185,0,0
397284418,슈퍼 러버즈 19,슈퍼 러버즈,19,,,아베 미유키,서울미디어코믹스(서울문화사),2026-07,5400,10.0,8345,137,2026-09-02T09:31:51+09:00,143,6,8230,115,0,0
349202721,일러스트레이터를 위한 색과 빛 마스터 가이드북 : COLOR & LIGHT,일러스트레이터를 위한 색과 빛 마스터 가이드북 : COLOR & LIGHT,,,,3D토털 퍼블리싱,영진.com(영진닷컴),2024-10,28800,10.0,11250,138,2026-09-02T09:31:51+09:00,172,34,11038,212,0,0
398867421,찍히지 않습니다 7,찍히지 않습니다,7,,"- S코믹스 /초판 한정 일러스트 카드, 폴라로이드 사진풍 카드 2종",코노시마 루카,㈜소미미디어,2026-08,6300,10.0,10145,139,2026-09-02T09:31:51+09:00,153,14,10315,-170,0,0
393546382,봇치·더·록! 외전 히로이 키쿠리의 과음일기 5,봇치·더·록! 외전 히로이 키쿠리의 과음일기,5,,,쿠미쵸,대원씨아이(만화),2026-05,8100,10.0,9330,140,2026-09-02T09:31:51+09:00,133,-7,9330,0,0,0
399781349,윈드 브레이커 15~16 세트 - 전2권,윈드 브레이커 15~16 세트 - 전2권,,,"- 초판한정부록 : 일러스트카드 1종, 아코디언카드 1종",니이 사토루,리디(RIDI),2026-08,10800,10.0,7920,141,2026-09-02T09:31:51+09:00,144,3,7710,210,0,0
400246321,황천의 츠가이 12 (특별판),황천의 츠가이,12,특별판,- 초판부록 2종 + 패키지 박스 + 운명의 쌍둥이 아크릴 스탠드 1종 + 가브리엘 아크릴 참 키링 1종+ 시그니처 포토카드 1종 + 빅 캔배지 1종 + 홀로그램 카드 2종,아라카와 히로무,대원씨아이(만화),2026-08,25650,,4980,142,2026-09-02T09:31:51+09:00,136,-6,4870,110,0,0
400247736,만화 인소의 법칙 9 (한정판),만화 인소의 법칙,9,한정판,- 구성: 단행본 + 은지호 PET 스탠드 + 우주인 학생증 + 신용카드 스티커 2종 + 엽서 4종 + 미니 표지 아크릴 키링,아현,디앤씨웹툰비즈,2026-08,25200,,3850,143,2026-09-02T09:31:51+09:00,117,-26,3990,-140,0,0
225772243,달빛천사 애장판 2,달빛천사 애장판,2,,,타네무라 아리나,서울미디어코믹스(서울문화사),2020-01,8550,10.0,3701,144,2026-09-02T09:31:51+09:00,158,14,3651,50,0,0
401097694,피가 이어지지 않은 우리가 가족이 되는 단 하나의 방법 1,피가 이어지지 않은 우리가 가족이 되는 단 하나의 방법,1,,,히바리유,오팬스노벨,2026-08,7650,,2250,145,2026-09-02T09:31:51+09:00,220,75,1950,300,0,0
400652779,스노우볼 어스 4,스노우볼 어스,4,,- 시프트코믹스,츠지츠구 유우히로,YNK MEDIA(만화),2026-08,5400,10.0,1880,146,2026-09-02T09:31:51+09:00,131,-15,1790,90,0,0
398869483,홀로서기 마왕성 12,홀로서기 마왕성,12,,,모리시타 마코토,대원씨아이(만화),2026-07,5400,9.3,1035,147,2026-09-02T09:31:51+09:00,150,3,1125,-90,0,0
401009461,달의 아이 신장판 8,달의 아이 신장판,8,,- 완결,시미즈 레이코,서울미디어코믹스(서울문화사),2026-08,16200,,1110,148,2026-09-02T09:31:51+09:00,169,21,910,200,0,0
396695591,루리 드래곤 5,루리 드래곤,5,,"- 초판특전: 일러스트 카드, 일러스트 스탠딩 POP",신도 마사오키,서울미디어코믹스(서울문화사),2026-06,5400,8.7,8450,149,2026-09-02T09:31:51+09:00,142,-7,8475,-25,0,0
400225135,"내가 연인이 될 수 있을 리 없잖아, 무리무리! (※무리가 아니었다?!) 8","내가 연인이 될 수 있을 리 없잖아, 무리무리! (※무리가 아니었다?!)",8,,"- S Novel+ , 초판 한정 책갈피, 쇼트스토리 소책자",미카미 테렌,㈜소미미디어,2026-08,9450,10.0,6450,150,2026-09-02T09:31:51+09:00,127,-23,6570,-120,0,0
395170753,도쿄 학생 애처가 4,도쿄 학생 애처가,4,,,카유카와 스즈,학산문화사(만화),2026-06,6300,9.8,3580,151,2026-09-02T09:31:51+09:00,157,6,3565,15,0,0
400157314,2120,2120,,,,조지 와일솔,프시케의숲,2026-08,27000,10.0,3090,152,2026-09-02T09:31:51+09:00,147,-5,3240,-150,0,0
399953433,추우면 변하는 헤비가미 군 2,추우면 변하는 헤비가미 군,2,,"- SL Comic /초판 한정 특전: 띠지, PET 스탠드, 일러스트 스티커",쿠리미야,디앤씨미디어(주)(D&C미디어),2026-08,6300,,2760,153,2026-09-02T09:31:51+09:00,230,77,2310,450,0,0
400594187,아마 그녀는 우리 형을 노리고 있을 거야 1,아마 그녀는 우리 형을 노리고 있을 거야,1,,"- 초판 특전 양면 일러스트카드, 양면 일러스트 코스터",이세 마루노,서울미디어코믹스(서울문화사),2026-08,6300,,2220,154,2026-09-02T09:31:51+09:00,123,-31,2260,-40,0,0
400856516,아오아시 17,아오아시,17,,,코바야시 유고,대원씨아이(만화),2026-08,5850,,1700,155,2026-09-02T09:31:51+09:00,99,-56,1520,180,0,0
400878569,오컬트 타임즈 1,오컬트 타임즈,1,,- 초판 한정 : 일러스트 카드 부록 2종,Idonchi,서울미디어코믹스(서울문화사),2026-08,6300,10.0,1270,156,2026-09-02T09:31:51+09:00,112,-44,1280,-10,0,0
366362146,엄마를 만나러 가는 길 1,엄마를 만나러 가는 길,1,,,고먕,네이버웹툰,2025-08,16020,10.0,15156,157,2026-09-02T09:31:51+09:00,171,14,15456,-300,0,0
398727110,봇치·더·록! 앤솔러지 코믹 6,봇치·더·록! 앤솔러지 코믹,6,,,치바 사도루,대원씨아이(만화),2026-07,8100,10.0,6710,158,2026-09-02T09:31:51+09:00,155,-3,6695,15,0,0
399381869,담배 고양이 5,담배 고양이,5,,,냥냥 팩토리,대원씨아이(만화),2026-07,5400,,4235,159,2026-09-02T09:31:51+09:00,122,-37,4455,-220,0,0
309059685,판타지 배색 아이디어 사전,판타지 배색 아이디어 사전,,,- 세계관을 창조하는,사쿠라이 테루코,한즈미디어(한스미디어),2023-01,5630,10.0,4026,160,2026-09-02T09:31:51+09:00,176,16,3874,152,0,0
398869909,나나 NANA 완전판 11,나나 NANA 완전판,11,,"- 초판 한정 PP엽서 1종, 포토카드 1종",야자와 아이,학산문화사(만화),2026-07,10800,,3710,161,2026-09-02T09:31:51+09:00,146,-15,3740,-30,0,0
400154065,달님이 바라시는 대로 9,달님이 바라시는 대로,9,,,키우치 라무네,서울미디어코믹스(서울문화사),2026-08,5400,,2890,162,2026-09-02T09:31:51+09:00,213,51,2690,200,0,0
399465061,신석기 시대부터 AI 시대까지 만화로 꿰뚫는 경제사,신석기 시대부터 AI 시대까지 만화로 꿰뚫는 경제사,,,- 물질적 풍요는 우리를 행복하게 만들었을까,,클,2026-08,19800,10.0,2205,163,2026-09-02T09:31:51+09:00,180,17,2365,-160,0,0
400340156,마끼아또의 일러스트 레벨업 테크닉,마끼아또의 일러스트 레벨업 테크닉,,,- 초보가 가장 많이 막히는 고민 해결집,마끼아또,AK(에이케이)커뮤니케이션즈,2026-08,19800,10.0,1930,164,2026-09-02T09:31:51+09:00,195,31,1950,-20,0,0
400707775,곰과 토끼는 친구로 지낼 수 없다 2,곰과 토끼는 친구로 지낼 수 없다,2,,,이누요시 아키라,대원씨아이(만화),2026-08,6300,,1620,165,2026-09-02T09:31:51+09:00,109,-56,1750,-130,0,0
400856505,아오아시 16,아오아시,16,,,코바야시 유고,대원씨아이(만화),2026-08,5850,,1590,166,2026-09-02T09:31:51+09:00,111,-55,1520,70,0,0
400669134,반에서 두 번째로 귀여운 여자애와 친구가 되었다 6,반에서 두 번째로 귀여운 여자애와 친구가 되었다,6,,"- 왈츠 코믹스, 초판 한정 특전 : 일러스트 카드 1종, 포토카드 2종",오노 린,조은세상(북두),2026-08,5400,,1850,167,2026-09-02T09:31:51+09:00,194,27,1440,410,0,0
292511593,가라오케 가자!,가라오케 가자!,,,,와야마 야마,문학동네,2022-04,7650,9.6,28852,168,2026-09-02T09:31:51+09:00,201,33,28527,325,0,0
388137331,3월의 벽력 1,3월의 벽력,1,,,이케 준코,대원씨아이(만화),2026-03,5400,9.5,8448,169,2026-09-02T09:31:51+09:00,271,102,8008,440,0,0
385131551,야마다 군과 Lv999의 사랑을 하다 5,야마다 군과 Lv999의 사랑을 하다,5,,,마시로,디앤씨미디어(주)(D&C미디어),2026-01,7200,9.8,6906,170,2026-09-02T09:31:51+09:00,357,187,6379,527,0,0
385131682,야마다 군과 Lv999의 사랑을 하다 6,야마다 군과 Lv999의 사랑을 하다,6,,,마시로,디앤씨미디어(주)(D&C미디어),2026-01,7200,9.8,6881,171,2026-09-02T09:31:51+09:00,356,185,6361,520,0,0
388852450,담배 고양이 1,담배 고양이,1,,,냥냥 팩토리,대원씨아이(만화),2026-03,5400,10.0,5651,172,2026-09-02T09:31:51+09:00,134,-38,5743,-92,0,0
397904410,나 혼자만 레벨업 : 라그나로크 3,나 혼자만 레벨업 : 라그나로크,3,,- 만화,,디앤씨웹툰비즈,2026-07,14400,10.0,5635,173,2026-09-02T09:31:51+09:00,166,-7,5720,-85,0,0
290092090,아이다이로 화집 지박소년 하나코 군,아이다이로 화집 지박소년 하나코 군,,,,아이다이로,서울미디어코믹스(서울문화사),2022-03,16200,10.0,4255,174,2026-09-02T09:31:51+09:00,,,,,1,0
400307585,재혼황후 11,재혼황후,11,,- 만화,히어리,영컴(YOUNG COM),2026-08,15120,,1980,175,2026-09-02T09:31:51+09:00,178,3,1960,20,0,0
395745763,아카네 이야기 15,아카네 이야기,15,,,유키 스에나가,학산문화사(만화),2026-06,5400,9.8,1565,176,2026-09-02T09:31:51+09:00,192,16,1595,-30,0,0
400878045,온통 여우 1 (한정판),온통 여우,1,한정판,- 구성: 단행본(초판 특전 포함) + 커스텀 아크릴 키링 + 홀로그램 아크릴 일러스트 카드 + 판 스티커,Ayami Morinaga,서울미디어코믹스(서울문화사),2026-08,22500,10.0,1510,177,2026-09-02T09:31:51+09:00,110,-67,1530,-20,0,0
400585911,녹풍당의 사계절 21,녹풍당의 사계절,21,,,시미즈 유우,대원씨아이(만화),2026-08,4500,,1640,178,2026-09-02T09:31:51+09:00,193,15,1430,210,0,0
400647477,만화를 잘 그리기 위한 노하우 도감,만화를 잘 그리기 위한 노하우 도감,,,,사이드랜치(Sideranch),영진.com(영진닷컴),2026-08,18000,,1560,179,2026-09-02T09:31:51+09:00,219,40,1210,350,0,0
401247989,독점 마이 히어로 15,독점 마이 히어로,15,,- 코믹 라르고 Comic Largo,아리이 메메코,조은세상(북두),2026-09,5400,,1310,180,2026-09-02T09:31:51+09:00,338,158,1010,300,0,0
401009550,월광천녀 애장판 8,월광천녀 애장판,8,,,시미즈 레이코,서울미디어코믹스(서울문화사),2026-08,16200,,880,181,2026-09-02T09:31:51+09:00,199,18,810,70,0,0
373383665,언제나 기억해,언제나 기억해,,,"- 소년과 두더지와 여우와 말, 그리고 폭풍우",찰리 맥커시,상상의힘,2025-10,19800,10.0,17762,182,2026-09-02T09:31:51+09:00,222,40,17836,-74,0,0
399924966,팬텀 버스터즈 7 (한정판),팬텀 버스터즈,7,한정판,"- CD 라벨풍 스티커 + CD 자켓풍 일러스트 카드 2종 + 아크릴 키링 4종, M형 티켓 + 양면 어나더 커버 + 초판 한정 일러스트 카드, S코믹스",네오쇼코,㈜소미미디어,2026-08,27000,,13940,183,2026-09-02T09:31:51+09:00,152,-31,14040,-100,0,0
388349614,카구라바치 9 (더블특전판),카구라바치,9,더블특전판,"- 엔텐, 일러스트 시네마 티켓 + 요도 계약자 pp 북마크",호카조노 타케루,대원씨아이(만화),2026-03,5850,,11164,184,2026-09-02T09:31:51+09:00,205,21,10977,187,0,0
390776539,3월의 라이온 18,3월의 라이온,18,,,우미노 치카,시리얼(학산문화사),2026-04,7200,10.0,10742,185,2026-09-02T09:31:51+09:00,242,57,10525,217,0,0
399050948,세금으로 산 책 1,세금으로 산 책,1,,- 시프트코믹스,케이야마 케이,YNK MEDIA(만화),2026-07,5850,10.0,5380,186,2026-09-02T09:31:51+09:00,145,-41,5395,-15,0,0
393753728,수상한 경찰 1 (트리플 특전판),수상한 경찰,1,트리플 특전판,- 초판한정 일러스트 북마크 1종 + 일러스트 엽서 4종 + 캐릭터 프로필 카드 4종,무키시츠,대원씨아이(만화),2026-05,9000,9.6,5515,187,2026-09-02T09:31:51+09:00,207,20,5340,175,0,0
373999390,야마다 군과 Lv999의 사랑을 하다 3,야마다 군과 Lv999의 사랑을 하다,3,,,마시로,디앤씨미디어(주)(D&C미디어),2025-09,7200,9.8,5420,188,2026-09-02T09:31:51+09:00,365,177,4932,488,0,0
373999147,야마다 군과 Lv999의 사랑을 하다 2,야마다 군과 Lv999의 사랑을 하다,2,,,마시로,디앤씨미디어(주)(D&C미디어),2025-09,7200,9.8,5395,189,2026-09-02T09:31:51+09:00,366,177,4890,505,0,0
400136861,누나의 친구 4,누나의 친구,4,,,타카세 와카,학산문화사(만화),2026-08,5400,,3750,190,2026-09-02T09:31:51+09:00,156,-34,3880,-130,0,0
400006799,유녀전기 21,유녀전기,21,,- 노엔 코믹스,토죠 치카,데이즈엔터(주),2026-08,5400,10.0,2620,191,2026-09-02T09:31:51+09:00,191,0,2510,110,0,0
398203513,톰 폭스의 옷을 입은 캐릭터 드로잉 : 아티스트를 위한 옷과 주름 그리기 가이드,톰 폭스의 옷을 입은 캐릭터 드로잉 : 아티스트를 위한 옷과 주름 그리기 가이드,,,,톰 폭스,한즈미디어(한스미디어),2026-07,28800,10.0,2480,192,2026-09-02T09:31:51+09:00,177,-15,2465,15,0,0
400545629,파인더의 도피행,파인더의 도피행,,,- 뉴 루비코믹스 3165,야마네 아야노,현대지능개발사,2026-08,7830,,2000,193,2026-09-02T09:31:51+09:00,148,-45,2090,-90,0,0
400669111,커다란 네가 제일 귀여워,커다란 네가 제일 귀여워,,,- 라르고 맥스 Largo Max,유키하루,조은세상(북두),2026-08,6300,,1230,194,2026-09-02T09:31:51+09:00,181,-13,1300,-70,0,0
400909336,라면 재유기 13,라면 재유기,13,,,쿠베 로쿠로,대원씨아이(만화),2026-08,5850,,1250,195,2026-09-02T09:31:51+09:00,237,42,810,440,0,0
401049347,냄비로 총알을 막아내며 3,냄비로 총알을 막아내며,3,,,아오키 준타로,블루픽,2026-08,7200,,1080,196,2026-09-02T09:31:51+09:00,406,210,510,570,0,0
401049303,냄비로 총알을 막아내며 2,냄비로 총알을 막아내며,2,,,아오키 준타로,블루픽,2026-08,7200,,1080,197,2026-09-02T09:31:51+09:00,407,210,510,570,0,0
392518622,타몬 군 지금 어느 쪽?! 12,타몬 군 지금 어느 쪽?!,12,,,시와스 유키,학산문화사(만화),2026-05,5400,10.0,14855,198,2026-09-02T09:31:51+09:00,265,67,14560,295,0,0
393311014,히카루가 죽은 여름 8,히카루가 죽은 여름,8,,"- SL Comic, 초판 한정 특전 띠지, 일러스트 카드 & 클리어 일러스트 카드 세트 (2종 중 1종)",모쿠모쿠렌,디앤씨미디어(주)(D&C미디어),2026-05,6300,9.7,11740,199,2026-09-02T09:31:51+09:00,186,-13,11990,-250,0,0
322919098,향기로운 꽃은 늠름하게 핀다 1,향기로운 꽃은 늠름하게 핀다,1,,,미카미 사카,대원씨아이(만화),2023-08,5400,9.7,9592,200,2026-09-02T09:31:51+09:00,245,45,9566,26,0,0
315020417,헌터x헌터 HunterXHunter 신장판 37,헌터x헌터 HunterXHunter 신장판,37,,,토가시 요시히로,학산문화사(만화),2023-04,5400,10.0,9096,201,2026-09-02T09:31:51+09:00,226,25,8976,120,0,0
384933730,아멜리아의 호기심 많은 로맨스 1,아멜리아의 호기심 많은 로맨스,1,,- 루나 코믹스,코하쿠 요루,㈜소미미디어,2026-02,6300,9.8,6089,202,2026-09-02T09:31:51+09:00,249,47,6032,57,0,0
399055597,Re : 제로부터 시작하는 이세계 생활 43,Re : 제로부터 시작하는 이세계 생활,43,,"- Novel Engine / 초판한정 특별부록 : 띠지, 일러스트 카드",나가츠키 탓페이,데이즈엔터(주),2026-08,7200,,5965,203,2026-09-02T09:31:51+09:00,227,24,5785,180,0,0
385131522,야마다 군과 Lv999의 사랑을 하다 4,야마다 군과 Lv999의 사랑을 하다,4,,,마시로,디앤씨미디어(주)(D&C미디어),2026-01,7200,9.8,5744,204,2026-09-02T09:31:51+09:00,533,329,5124,620,0,0
373998674,야마다 군과 Lv999의 사랑을 하다 1,야마다 군과 Lv999의 사랑을 하다,1,,,마시로,디앤씨미디어(주)(D&C미디어),2025-09,7200,9.8,5499,205,2026-09-02T09:31:51+09:00,364,159,5095,404,0,0
395173556,내 마음의 위험한 녀석 13,내 마음의 위험한 녀석,13,,- S코믹스,사쿠라이 노리오,㈜소미미디어,2026-06,6300,9.4,5020,206,2026-09-02T09:31:51+09:00,251,45,4890,130,0,0
399782154,어차피 울 거라면 사랑이 좋아 9,어차피 울 거라면 사랑이 좋아,9,,,쿠사카 아키,학산문화사(만화),2026-08,5400,10.0,4020,207,2026-09-02T09:31:51+09:00,209,2,4080,-60,0,0
399540525,전희 서바이벌 사가 3,전희 서바이벌 사가,3,,,OTOSAMA,오팬스코믹,2026-07,6300,10.0,3740,208,2026-09-02T09:31:51+09:00,190,-18,3870,-130,0,0
397995094,수상한 경찰 2 (더블특전판),수상한 경찰,2,더블특전판,- 띠지 + 초판한정 일러스트 카드 1종 + 선착순 더블특전 포토카드 1종,무키시츠,대원씨아이(만화),2026-07,9000,9.5,2965,209,2026-09-02T09:31:51+09:00,212,3,2845,120,0,0
400543319,우자키 양은 놀고싶어! 14,우자키 양은 놀고싶어!,14,,,타케,대원씨아이(만화),2026-08,4950,,2400,210,2026-09-02T09:31:51+09:00,159,-51,2540,-140,0,0
398285038,포켓몬스터 스페셜 63,포켓몬스터 스페셜,63,,,쿠사카 히데노리,대원씨아이(만화),2026-07,4950,,2625,211,2026-09-02T09:31:51+09:00,256,45,2345,280,0,0
393544789,향기로운 꽃은 늠름하게 핀다 20,향기로운 꽃은 늠름하게 핀다,20,,,미카미 사카,대원씨아이(만화),2026-05,5400,,1690,212,2026-09-02T09:31:51+09:00,215,3,1540,150,0,0
400712982,내 백합도 영업인 줄 알았어?,내 백합도 영업인 줄 알았어?,,,"- Novel Engine , 초판한정 특별부록 : 띠지 + 일러스트 카드",아사쿠라 네루,코믹레인,2026-09,7200,,1810,213,2026-09-02T09:31:51+09:00,332,119,1300,510,0,0
400980630,룸메이트 1,룸메이트,1,,,사토 아키히토,대원씨아이(만화),2026-08,6750,,800,214,2026-09-02T09:31:51+09:00,239,25,760,40,0,0
374587018,원피스 112,원피스,112,,- 할리(신전),오다 에이치로,대원씨아이(만화),2025-10,5400,10.0,26969,215,2026-09-02T09:31:51+09:00,184,-31,27176,-207,0,0
396644572,포켓몬 생태도감 특별판,포켓몬 생태도감 특별판,,,,주식회사 포켓몬,대원씨아이(단행본),2026-06,44100,10.0,23115,216,2026-09-02T09:31:51+09:00,221,5,23405,-290,0,0
385946226,만화의 원리,만화의 원리,,,,이리에 아키,대원씨아이(만화),2026-02,21600,9.4,17859,217,2026-09-02T09:31:51+09:00,408,191,17547,312,0,0
193382764,페르세폴리스,페르세폴리스,,,,마르얀 사트라피,휴머니스트,2019-06,28800,8.6,14931,218,2026-09-02T09:31:51+09:00,164,-54,15156,-225,0,0
366362586,엄마를 만나러 가는 길 2,엄마를 만나러 가는 길,2,,,고먕,네이버웹툰,2025-08,16020,10.0,14418,219,2026-09-02T09:31:51+09:00,240,21,14766,-348,0,0
399403043,얼굴만으론 좋아할 수 없어요 17 (한정판),얼굴만으론 좋아할 수 없어요,17,한정판,- 한국 오리지널 일러스트 양면 커버 + 아크릴 스탠드 + 소책자 + 스페셜 일러스트 카드 2종 + 미니 일러스트 보드 (일반판 초판특전은 포함되지 않음),안자이 카린,서울미디어코믹스(서울문화사),2026-07,22500,10.0,13715,220,2026-09-02T09:31:51+09:00,185,-35,14085,-370,0,0
390778469,원펀맨 One Punch Man 34,원펀맨 One Punch Man,34,,- 여명,ONE,대원씨아이(만화),2026-04,5400,9.2,13469,221,2026-09-02T09:31:51+09:00,203,-18,13654,-185,0,0
393769371,가르쳐줘 집사 2,가르쳐줘 집사,2,,,마사키 미치,서울미디어코믹스(서울문화사),2026-05,6300,9.7,13495,222,2026-09-02T09:31:51+09:00,340,118,13235,260,0,0
385786461,스킵과 로퍼 11 (더블 특전판),스킵과 로퍼,11,더블 특전판,"- 미츠미 아크릴 POP + 명장면 흑백 스티커 4종 (초판 특전), 시프트코믹스",타카마츠 미사키,YNK MEDIA(만화),2026-02,5400,8.4,11587,223,2026-09-02T09:31:51+09:00,223,0,11563,24,0,0
397047378,반딧불이의 혼례 11,반딧불이의 혼례,11,,,타치바나 오레코,서울미디어코믹스(서울문화사),2026-06,7650,10.0,11085,224,2026-09-02T09:31:51+09:00,204,-20,11410,-325,0,0
392518701,블루 록 35,블루 록,35,,,노무라 유스케,학산문화사(만화),2026-05,5400,9.8,9950,225,2026-09-02T09:31:51+09:00,244,19,9825,125,0,0
397047219,쇼타 형아 7,쇼타 형아,7,,- BLovers Comics /초판 한정 더블 특전 : 양면 일러스트 카드 2종,나카야마 미유키,서울미디어코믹스(서울문화사),2026-06,5850,9.4,7230,226,2026-09-02T09:31:51+09:00,187,-39,7710,-480,0,0
298605858,헌터x헌터 HunterXHunter 신장판 36,헌터x헌터 HunterXHunter 신장판,36,,,토가시 요시히로,학산문화사(만화),2020-03,5400,,7753,227,2026-09-02T09:31:51+09:00,248,21,7707,46,0,0
350620490,향기로운 꽃은 늠름하게 핀다 11,향기로운 꽃은 늠름하게 핀다,11,,,미카미 사카,대원씨아이(만화),2024-10,5400,9.8,7272,228,2026-09-02T09:31:51+09:00,355,127,6928,344,0,0
394695461,블루 록 36,블루 록,36,,,노무라 유스케,학산문화사(만화),2026-06,5400,,6310,229,2026-09-02T09:31:51+09:00,308,79,6040,270,0,0
389597923,황천의 츠가이 10,황천의 츠가이,10,,,아라카와 히로무,대원씨아이(만화),2026-04,5850,10.0,5549,230,2026-09-02T09:31:51+09:00,309,79,5549,0,0,0
396574570,Re : 제로부터 시작하는 이세계 생활 42,Re : 제로부터 시작하는 이세계 생활,42,,"- Novel Engine /초판한정 특별부록 : 띠지, 일러스트 카드",나가츠키 탓페이,데이즈엔터(주),2026-07,7200,10.0,5070,231,2026-09-02T09:31:51+09:00,275,44,4990,80,0,0
394099635,담배 고양이 3,담배 고양이,3,,,냥냥 팩토리,대원씨아이(만화),2026-05,5400,10.0,4465,232,2026-09-02T09:31:51+09:00,174,-58,4565,-100,0,0
396049036,담배 고양이 4,담배 고양이,4,,,냥냥 팩토리,대원씨아이(만화),2026-06,5400,10.0,4175,233,2026-09-02T09:31:51+09:00,175,-58,4355,-180,0,0
396766600,유루캠 18,유루캠,18,,,아프로,대원씨아이(만화),2026-06,4950,9.6,4115,234,2026-09-02T09:31:51+09:00,277,43,4125,-10,0,0
399451773,숨막힐 정도의 사랑을 줄게 7,숨막힐 정도의 사랑을 줄게,7,,,이와시타 케이코,대원씨아이(만화),2026-07,5400,,3935,235,2026-09-02T09:31:51+09:00,320,85,3720,215,0,0
390907872,향기로운 꽃은 늠름하게 핀다 19,향기로운 꽃은 늠름하게 핀다,19,,,미카미 사카,대원씨아이(만화),2026-04,5400,,3420,236,2026-09-02T09:31:51+09:00,255,19,3230,190,0,0
400587655,킬블루 13,킬블루,13,,,후지마키 타다토시,대원씨아이(만화),2026-08,5400,,1840,237,2026-09-02T09:31:51+09:00,160,-77,1840,0,0,0
400585712,버그 에고 2,버그 에고,2,,- S코믹스,시타라 키요토,㈜소미미디어,2026-08,6300,,1280,238,2026-09-02T09:31:51+09:00,196,-42,1280,0,0,0
400909457,우린 엇갈리고 있다 1,우린 엇갈리고 있다,1,,,미나모토 유,대원씨아이(만화),2026-08,5850,,890,239,2026-09-02T09:31:51+09:00,198,-41,960,-70,0,0
400860220,작전명 순정 7,작전명 순정,7,,,꼬까리,영진.com(영진닷컴),2026-08,14400,,960,240,2026-09-02T09:31:51+09:00,197,-43,920,40,0,0
400860566,작전명 순정 8,작전명 순정,8,,,꼬까리,영진.com(영진닷컴),2026-08,14400,,930,241,2026-09-02T09:31:51+09:00,217,-24,870,60,0,0
400921733,이세계 전생 던전 마스터 온천 던전을 만들다 1,이세계 전생 던전 마스터 온천 던전을 만들다,1,,"- S Novel+, 초판 한정 아마하라 신규 일러스트 양면커버, 일러스트카드",아마하라,㈜소미미디어,2026-09,9000,,1130,242,2026-09-02T09:31:51+09:00,293,51,860,270,0,0
401052876,만화 이상적인 기둥서방 생활 11,만화 이상적인 기둥서방 생활,11,,,히노츠키 네코,길찾기,2026-08,6300,8.0,950,243,2026-09-02T09:31:51+09:00,504,261,510,440,0,0
398221799,메달리스트 14,메달리스트,14,,,츠루마이카다,학산문화사(만화),2026-07,5400,10.0,16105,244,2026-09-02T09:31:51+09:00,202,-42,16115,-10,0,0
362375950,불가항력의 I LOVE YOU 4,불가항력의 I LOVE YOU,4,,,호시노 미즈키,서울미디어코믹스(서울문화사),2025-04,5400,9.7,10573,245,2026-09-02T09:31:51+09:00,298,53,10428,145,0,0
353810399,헌터x헌터 HunterXHunter 신장판 38,헌터x헌터 HunterXHunter 신장판,38,,,토가시 요시히로,학산문화사(만화),2024-12,5400,9.8,10244,246,2026-09-02T09:31:51+09:00,225,-21,10244,0,0,0
368087158,불가항력의 I LOVE YOU 5,불가항력의 I LOVE YOU,5,,,호시노 미즈키,서울미디어코믹스(서울문화사),2025-07,5400,9.5,9140,247,2026-09-02T09:31:51+09:00,301,54,9100,40,0,0
341684925,불가항력의 I LOVE YOU 1,불가항력의 I LOVE YOU,1,,,호시노 미즈키,서울미디어코믹스(서울문화사),2024-06,5400,9.6,9128,248,2026-09-02T09:31:51+09:00,345,97,8946,182,0,0
393238375,양 선배는 혼자서 살아갈 수 없어 2,양 선배는 혼자서 살아갈 수 없어,2,,- 초판부록 : 일러스트 카드 1종 + 띠지,soon챠,대원씨아이(만화),2026-05,5850,9.9,8235,249,2026-09-02T09:31:51+09:00,247,-2,8280,-45,0,0
342785369,불가항력의 I LOVE YOU 2,불가항력의 I LOVE YOU,2,,,호시노 미즈키,서울미디어코믹스(서울문화사),2024-07,5400,9.4,8236,250,2026-09-02T09:31:51+09:00,417,167,8236,0,0,0
353421098,불가항력의 I LOVE YOU 3,불가항력의 I LOVE YOU,3,,,호시노 미즈키,서울미디어코믹스(서울문화사),2024-12,5400,9.3,7931,251,2026-09-02T09:31:51+09:00,347,96,7756,175,0,0
294401191,헌터x헌터 HunterXHunter 신장판 35,헌터x헌터 HunterXHunter 신장판,35,,,토가시 요시히로,학산문화사(만화),2019-03,5400,2.0,7579,252,2026-09-02T09:31:51+09:00,272,20,7483,96,0,0
335258160,향기로운 꽃은 늠름하게 핀다 6,향기로운 꽃은 늠름하게 핀다,6,,,미카미 사카,대원씨아이(만화),2024-02,5400,10.0,7600,253,2026-09-02T09:31:51+09:00,350,97,7421,179,0,0
343487620,향기로운 꽃은 늠름하게 핀다 10,향기로운 꽃은 늠름하게 핀다,10,,,미카미 사카,대원씨아이(만화),2024-07,5400,9.9,7290,254,2026-09-02T09:31:51+09:00,353,99,7041,249,0,0
318850889,마루는 강쥐 1,마루는 강쥐,1,,,모죠,문페이스,2023-07,14400,10.0,7252,255,2026-09-02T09:31:51+09:00,354,99,6996,256,0,0
297448639,방과 후 소년 하나코 군,방과 후 소년 하나코 군,,,,아이다이로,서울미디어코믹스(서울문화사),2022-07,5400,10.0,6090,256,2026-09-02T09:31:51+09:00,,,,,1,0
390998609,담배 고양이 2,담배 고양이,2,,,냥냥 팩토리,대원씨아이(만화),2026-04,5400,10.0,4563,257,2026-09-02T09:31:51+09:00,173,-84,4760,-197,0,0
395357976,Veil 7,Veil,7,,"- S코믹스, JAPAN EXPO 최우수작화상, 최우수장정상 수상",코테리,㈜소미미디어,2026-06,11520,,4710,258,2026-09-02T09:31:51+09:00,208,-50,4710,0,0,0
394588669,천국대마경 12,천국대마경,12,,- S코믹스,이시구로 마사카즈,㈜소미미디어,2026-06,6300,9.0,4635,259,2026-09-02T09:31:51+09:00,229,-30,4685,-50,0,0
397904768,푸른 상자 24,푸른 상자,24,,,미우라 코우지,학산문화사(만화),2026-07,5400,10.0,4405,260,2026-09-02T09:31:51+09:00,253,-7,4415,-10,0,0
397745987,Myther 2,Myther,2,,"- S코믹스 /초판 한정 양면 일러스트 카드, 초판 한정 PET 일러스트 카드",야츠다 테키,㈜소미미디어,2026-07,6300,,4240,261,2026-09-02T09:31:51+09:00,370,109,4065,175,0,0
330441742,기븐 9,기븐,9,,- 뉴 루비코믹스 2970,키즈 나츠키,현대지능개발사,2023-12,5400,9.7,3837,262,2026-09-02T09:31:51+09:00,319,57,3837,0,0,0
284922100,장례식 케이크 전문점 연옥당 1,장례식 케이크 전문점 연옥당,1,,- 양장,산호,문학동네,2021-12,17100,10.0,3817,263,2026-09-02T09:31:51+09:00,316,53,3817,0,0,0
225770299,달빛천사 애장판 1,달빛천사 애장판,1,,,타네무라 아리나,서울미디어코믹스(서울문화사),2020-01,8550,9.5,3619,264,2026-09-02T09:31:51+09:00,254,-10,3589,30,0,0
305148069,장례식 케이크 전문점 연옥당 2,장례식 케이크 전문점 연옥당,2,,- 양장,산호,문학동네,2022-11,18900,10.0,3634,265,2026-09-02T09:31:51+09:00,280,15,3514,120,0,0
400197602,타로의 얼렁뚱땅 2,타로의 얼렁뚱땅,2,,,야츠미 츠무,서울미디어코믹스(서울문화사),2026-08,5850,,2770,266,2026-09-02T09:31:51+09:00,693,427,2210,560,0,0
298959168,아이다이로 화집 지박소년 하나코 군 2,아이다이로 화집 지박소년 하나코 군,2,,,아이다이로,서울미디어코믹스(서울문화사),2022-08,16200,,3267,267,2026-09-02T09:31:51+09:00,,,,,1,0
331618813,먼작귀 1 (그림책 포함 특별판),먼작귀,1,그림책 포함 특별판,- 먼가 작고 귀여운 녀석,나가노,미우(대원씨아이),2022-06,17820,,2131,268,2026-09-02T09:31:51+09:00,288,20,1958,173,0,0
395945478,향기로운 꽃은 늠름하게 핀다 9,향기로운 꽃은 늠름하게 핀다,9,,,미카미 사카,대원씨아이(만화),2026-06,6300,,1950,269,2026-09-02T09:31:51+09:00,393,124,1715,235,0,0
400585950,보루토 -TWO BLUE VORTEX- 5,보루토 -TWO BLUE VORTEX-,5,,,이케모토 미키오,대원씨아이(만화),2026-08,5850,,1770,270,2026-09-02T09:31:51+09:00,179,-91,1640,130,0,0
396581696,향기로운 꽃은 늠름하게 핀다 12,향기로운 꽃은 늠름하게 핀다,12,,,미카미 사카,대원씨아이(만화),2025-01,6300,,1665,271,2026-09-02T09:31:51+09:00,328,57,1525,140,0,0
400585727,전격데이지 애장판 1,전격데이지 애장판,1,,- 루나 코믹스,모토미 쿄스케,㈜소미미디어,2026-08,12600,10.0,1450,272,2026-09-02T09:31:51+09:00,291,19,1410,40,0,0
400856423,처형당한 현자는 리치로 전생하여 침략전쟁을 시작한다 15,처형당한 현자는 리치로 전생하여 침략전쟁을 시작한다,15,,,쿠니토모 쇼타로,대원씨아이(만화),2026-08,4950,10.0,1010,273,2026-09-02T09:31:51+09:00,138,-135,1120,-110,0,0
400856452,치하야 리스타트! 2,치하야 리스타트!,2,,,타케우치 홀로,대원씨아이(만화),2026-08,5850,,970,274,2026-09-02T09:31:51+09:00,238,-36,950,20,0,0
400860690,작전명 순정 9,작전명 순정,9,,,꼬까리,영진.com(영진닷컴),2026-08,14400,,910,275,2026-09-02T09:31:51+09:00,234,-41,850,60,0,0
400917239,전생 악녀의 흑역사 18,전생 악녀의 흑역사,18,,,토우카 아키하루,서울미디어코믹스(서울문화사),2026-08,4500,,850,276,2026-09-02T09:31:51+09:00,200,-76,810,40,0,0
400980709,키스 다음부터는 애드리브로,키스 다음부터는 애드리브로,,,- B愛+752,키사라기 마나미,대원씨아이(만화),2026-08,5850,2.0,630,277,2026-09-02T09:31:51+09:00,263,-14,660,-30,0,0
401041322,술에 취한 영애가 영웅을 몰라보고 구혼한 결과 1,술에 취한 영애가 영웅을 몰라보고 구혼한 결과,1,,,오오토리,대원씨아이(만화),2026-08,5850,,710,278,2026-09-02T09:31:51+09:00,337,59,510,200,0,0
391828072,열혈강호 95,열혈강호,95,,,전극진,대원씨아이(만화),2026-04,4950,9.6,12640,279,2026-09-02T09:31:51+09:00,241,-38,12731,-91,0,0
397744206,학생회에도 구멍은 있다! 12,학생회에도 구멍은 있다!,12,,- S코믹스,무치마로,㈜소미미디어,2026-07,6300,9.0,10195,280,2026-09-02T09:31:51+09:00,206,-74,10350,-155,0,0
335112422,주술회전 25,주술회전,25,,- 인외마경 신주쿠 결전,아쿠타미 게게,서울미디어코믹스(서울문화사),2024-02,5400,9.6,10096,281,2026-09-02T09:31:51+09:00,268,-13,10091,5,0,0
392509863,아름다운 초저녁달 10,아름다운 초저녁달,10,,,야마모리 미카,학산문화사(만화),2026-05,5400,9.5,10105,282,2026-09-02T09:31:51+09:00,299,17,9995,110,0,0
299392454,자연스러운 인체 드로잉,자연스러운 인체 드로잉,,,- 해부학부터 옷 주름까지 배우는,소은 박경선,동양북스(동양문고),2022-08,21150,10.0,9905,283,2026-09-02T09:31:51+09:00,415,132,9733,172,0,0
398221849,메달리스트 공식 팬북 더블특전판,메달리스트 공식 팬북 더블특전판,,,- 수량 한정 더블 특전 : 일러스트 카드 + 네컷사진,츠루마이카다,학산문화사(만화),2026-07,13500,10.0,9630,284,2026-09-02T09:31:51+09:00,243,-41,9655,-25,0,0
374965771,불가항력의 I LOVE YOU 6,불가항력의 I LOVE YOU,6,,,호시노 미즈키,서울미디어코믹스(서울문화사),2025-10,5400,9.7,8976,285,2026-09-02T09:31:51+09:00,303,18,8940,36,0,0
396563591,히나타의 블루 6,히나타의 블루,6,,"- 완결, 루나 코믹스 / 초판 한정 양면 어나더 커버, 렌티큘러 카드, 일러스트 카드",메구로 아무,㈜소미미디어,2026-07,6300,10.0,7730,286,2026-09-02T09:31:51+09:00,305,19,7890,-160,0,0
330062627,주술회전 24,주술회전,24,,- 주택대천 - 재귀 -,아쿠타미 게게,서울미디어코믹스(서울문화사),2023-12,5400,9.5,7834,287,2026-09-02T09:31:51+09:00,306,19,7852,-18,0,0
392518949,GACHIAKUTA 17,GACHIAKUTA,17,,,케이 우라나,학산문화사(만화),2026-05,5400,10.0,7780,288,2026-09-02T09:31:51+09:00,348,60,7685,95,0,0
399045982,유희왕 애장판 21,유희왕 애장판,21,,,다카하시 카즈키,대원씨아이(만화),2026-07,10800,,6750,289,2026-09-02T09:31:51+09:00,188,-101,6895,-145,0,0
394099665,킹덤 Kingdom 77,킹덤 Kingdom,77,,,하라 야스히사,대원씨아이(만화),2026-05,5400,10.0,6360,290,2026-09-02T09:31:51+09:00,273,-17,6415,-55,0,0
394169724,쓰레기 기둥서방 하나 군은 죽고 싶어 해 3,쓰레기 기둥서방 하나 군은 죽고 싶어 해,3,,,아메코,대원씨아이(만화),2026-05,5850,9.7,5250,291,2026-09-02T09:31:51+09:00,228,-63,5235,15,0,0
399051208,세금으로 산 책 2,세금으로 산 책,2,,- 시프트코믹스,케이야마 케이,YNK MEDIA(만화),2026-07,5850,10.0,4030,292,2026-09-02T09:31:51+09:00,189,-103,4205,-175,0,0
399782190,한밤중 하트튠 11,한밤중 하트튠,11,,,이가라시 마사쿠니,학산문화사(만화),2026-08,5400,,4165,293,2026-09-02T09:31:51+09:00,313,20,4135,30,0,0
300919411,헌터x헌터 HunterXHunter 신장판 18,헌터x헌터 HunterXHunter 신장판,18,,,토가시 요시히로,학산문화사(만화),2015-07,5400,,3807,294,2026-09-02T09:31:51+09:00,318,24,3704,103,0,0
385522768,옆자리 녀석이 그런 눈으로 쳐다본다 1,옆자리 녀석이 그런 눈으로 쳐다본다,1,,,mmk,학산문화사(만화),2026-02,6300,,3583,295,2026-09-02T09:31:51+09:00,278,-17,3684,-101,0,0
305225003,헌터x헌터 HunterXHunter 신장판 22,헌터x헌터 HunterXHunter 신장판,22,,,토가시 요시히로,학산문화사(만화),2016-04,5400,,3672,296,2026-09-02T09:31:51+09:00,554,258,3358,314,0,0
372904974,인간실격 무삭제판 1~3 세트- 전3권,인간실격 무삭제판 1~3 세트- 전3권,,,,이토 준지,미우(대원씨아이),2020-08,34560,,3479,297,2026-09-02T09:31:51+09:00,374,77,3341,138,0,0
400153916,명탐정 코난 : 범인 한자와 씨 10,명탐정 코난 : 범인 한자와 씨,10,,,칸바 마유코,서울미디어코믹스(서울문화사),2026-08,5400,10.0,2940,298,2026-09-02T09:31:51+09:00,211,-87,3090,-150,0,0
399953550,데스마치에서 시작되는 이세계 광상곡 34,데스마치에서 시작되는 이세계 광상곡,34,,"- L Novel /초판 한정 특전 : 띠지, 책갈피",아이나나 히로,디앤씨미디어(주)(D&C미디어),2026-08,9900,,2960,299,2026-09-02T09:31:51+09:00,210,-89,3040,-80,0,0
324629346,그리고 마녀는 숲으로 갔다 1,그리고 마녀는 숲으로 갔다,1,,,산호,고블,2023-08,20700,9.2,3070,300,2026-09-02T09:31:51+09:00,561,261,2906,164,0,0
399556315,이우일의 만화 그리스로마 신화 1~3 세트 - 전3권,이우일의 만화 그리스로마 신화 1~3 세트 - 전3권,,,,이우일,비채,2026-07,59850,,2410,301,2026-09-02T09:31:51+09:00,285,-16,2530,-120,0,0
399900769,소꿉친구 컴플렉스 4~5 스페셜 세트 - 전2권,소꿉친구 컴플렉스 4~5 스페셜 세트 - 전2권,,,"- 초판 한정 부록 : 책갈피 2종(4, 5권 책갈피 각각 1종) + 렌티큘러 엽서 2종 + 증명사진 패키지 + 폴라로이드 4종 + 작가님 사인 인쇄본",은하이,네이버웹툰,2026-10,39600,,2480,302,2026-09-02T09:31:51+09:00,258,-44,2510,-30,0,0
400006981,유녀전기 대대야사 1,유녀전기 대대야사,1,,- 노엔 코믹스 / 초판한정 특별부록 : 일러스트 카드 + 띠지,토죠 치카,데이즈엔터(주),2026-08,5400,10.0,2360,303,2026-09-02T09:31:51+09:00,257,-46,2390,-30,0,0
313274245,네가 죽을 때까지 사랑하고 싶어 1,네가 죽을 때까지 사랑하고 싶어,1,,,나치 아오노,학산문화사(만화),2020-12,5400,,2238,304,2026-09-02T09:31:51+09:00,287,-17,2308,-70,0,0
400224750,선생님으로 ○○하면 안 됩니다! 3,선생님으로 ○○하면 안 됩니다!,3,,- S코믹스,무샤사부,㈜소미미디어,2026-08,6300,,2110,305,2026-09-02T09:31:51+09:00,214,-91,2260,-150,0,0
400150238,남편을 내 편으로 만드는 방법 5,남편을 내 편으로 만드는 방법,5,,,시루,캐롯툰,2026-10,14400,10.0,2280,306,2026-09-02T09:31:51+09:00,476,170,2130,150,0,0
400001277,할렐루야 베이비 5,할렐루야 베이비,5,,,코지마 라라,AK(에이케이)커뮤니케이션즈,2026-08,5850,,1970,307,2026-09-02T09:31:51+09:00,486,179,1800,170,0,0
400310759,호랑이형님 20,호랑이형님,20,,,이상규,영컴(YOUNG COM),2026-08,15120,,1590,308,2026-09-02T09:31:51+09:00,290,-18,1660,-70,0,0
400707962,추방 당한 전생 중기사는 게임 지식으로 무쌍한다 12,추방 당한 전생 중기사는 게임 지식으로 무쌍한다,12,,,브로콜리,대원씨아이(만화),2026-08,5850,,1380,309,2026-09-02T09:31:51+09:00,149,-160,1650,-270,0,0
388861705,얼굴만으론 좋아할 수 없어요 16,얼굴만으론 좋아할 수 없어요,16,,,안자이 카린,서울미디어코믹스(서울문화사),2026-03,5400,,1600,310,2026-09-02T09:31:51+09:00,289,-21,1595,5,0,0
400247880,만화 인소의 법칙 9,만화 인소의 법칙,9,,,아현,디앤씨웹툰비즈,2026-08,14400,,1510,311,2026-09-02T09:31:51+09:00,329,18,1400,110,0,0
400585731,퀸즈 퀄리티 1,퀸즈 퀄리티,1,,- 루나 코믹스,모토미 쿄스케,㈜소미미디어,2026-08,6300,,1040,312,2026-09-02T09:31:51+09:00,336,24,890,150,0,0
400707945,우리들은 미쳤다 연모 4,우리들은 미쳤다 연모,4,,,안도 나츠미,대원씨아이(만화),2026-08,5400,,830,313,2026-09-02T09:31:51+09:00,235,-78,870,-40,0,0
401008380,렛츠고 괴기조 5,렛츠고 괴기조,5,,,View,㈜에스엠지크리에이티브(고은문화사),2026-08,5850,,660,314,2026-09-02T09:31:51+09:00,402,88,480,180,0,0
400930360,마로니에 왕국의 7인의 기사 7,마로니에 왕국의 7인의 기사,7,,,이와모토 나오,㈜소미미디어,2026-09,6300,,730,315,2026-09-02T09:31:51+09:00,502,187,460,270,0,0
256860565,사피엔스 : 그래픽 히스토리 Vol.1,사피엔스 : 그래픽 히스토리 Vol.1,,,- 인류의 탄생,,김영사,2020-11,17820,9.4,26265,316,2026-09-02T09:31:51+09:00,296,-20,26301,-36,0,0
387708305,월간순정 노자키 군 17,월간순정 노자키 군,17,,,츠바키 이즈미,학산문화사(만화),2026-03,5400,9.8,11614,317,2026-09-02T09:31:51+09:00,411,94,11539,75,0,0
391724964,가르쳐줘 집사 1,가르쳐줘 집사,1,,- 초판 한정 더블 특전 : 양면 코스터 & 포토카드 2종 세트,마사키 미치,서울미디어코믹스(서울문화사),2026-04,6300,9.7,10669,318,2026-09-02T09:31:51+09:00,266,-52,10782,-113,0,0
186848330,쥐 The Complete Maus 합본,쥐 The Complete Maus 합본,,,,아트 슈피겔만,아름드리미디어,2014-06,18900,9.4,13728,319,2026-09-02T09:31:51+09:00,297,-22,10687,3041,0,0
368857673,명탐정 코난 107,명탐정 코난,107,,,아오야마 고쇼,서울미디어코믹스(서울문화사),2025-07,5400,9.9,10368,320,2026-09-02T09:31:51+09:00,224,-96,10554,-186,0,0
389928831,새벽의 연화 46,새벽의 연화,46,,,미즈호 쿠사나기,학산문화사(만화),2026-04,5400,9.8,10378,321,2026-09-02T09:31:51+09:00,343,22,10417,-39,0,0
369126143,주술회전 30,주술회전,30,,,아쿠타미 게게,서울미디어코믹스(서울문화사),2025-08,5400,10.0,9293,322,2026-09-02T09:31:51+09:00,270,-52,9448,-155,0,0
327563621,향기로운 꽃은 늠름하게 핀다 2,향기로운 꽃은 늠름하게 핀다,2,,,미카미 사카,대원씨아이(만화),2023-10,5400,9.8,8294,323,2026-09-02T09:31:51+09:00,418,95,8263,31,0,0
294400847,헌터x헌터 HunterXHunter 신장판 33,헌터x헌터 HunterXHunter 신장판,33,,,토가시 요시히로,학산문화사(만화),2018-05,5400,,8170,324,2026-09-02T09:31:51+09:00,304,-20,8096,74,0,0
329206984,향기로운 꽃은 늠름하게 핀다 3,향기로운 꽃은 늠름하게 핀다,3,,,미카미 사카,대원씨아이(만화),2023-11,5400,10.0,7779,325,2026-09-02T09:31:51+09:00,421,96,7716,63,0,0
323339691,주술회전 23,주술회전,23,,- 별과 기름,아쿠타미 게게,서울미디어코믹스(서울문화사),2023-08,5400,9.9,7573,326,2026-09-02T09:31:51+09:00,349,23,7589,-16,0,0
391456890,순경씨와 나 1,순경씨와 나,1,,,나오키 유우,대원씨아이(만화),2026-04,6300,9.6,7113,327,2026-09-02T09:31:51+09:00,307,-20,7113,0,0,0
332987456,향기로운 꽃은 늠름하게 핀다 5,향기로운 꽃은 늠름하게 핀다,5,,,미카미 사카,대원씨아이(만화),2024-01,5400,10.0,7108,328,2026-09-02T09:31:51+09:00,521,193,6899,209,0,0
294032766,헌터x헌터 HunterXHunter 신장판 1,헌터x헌터 HunterXHunter 신장판,1,,,토가시 요시히로,학산문화사(만화),2013-07,5400,10.0,6701,329,2026-09-02T09:31:51+09:00,422,93,6338,363,0,0
298605722,헌터x헌터 HunterXHunter 신장판 32,헌터x헌터 HunterXHunter 신장판,32,,,토가시 요시히로,학산문화사(만화),2013-12,5400,,6203,330,2026-09-02T09:31:51+09:00,358,28,6108,95,0,0
386003919,향기로운 꽃은 늠름하게 핀다 18,향기로운 꽃은 늠름하게 핀다,18,,,미카미 사카,대원씨아이(만화),2026-02,5400,10.0,5645,331,2026-09-02T09:31:51+09:00,250,-81,5692,-47,0,0
398289014,첫사랑은 나의 오빠 1,첫사랑은 나의 오빠,1,,,카스미 유코,서울미디어코믹스(서울문화사),2026-07,5850,9.3,5590,332,2026-09-02T09:31:51+09:00,427,95,5350,240,0,0
399051127,"너무 건방져, 치가야 군 1","너무 건방져, 치가야 군",1,,,안도 마이,에이템포미디어,2026-07,5850,,4920,333,2026-09-02T09:31:51+09:00,535,202,4735,185,0,0
399453196,묘쌤은 이렇게 말했다 11,묘쌤은 이렇게 말했다,11,,- S코믹스,무테키 소다,㈜소미미디어,2026-08,6300,10.0,4420,334,2026-09-02T09:31:51+09:00,252,-82,4690,-270,0,0
280599591,지박소년 하나코 군 0,지박소년 하나코 군,0,,,아이다이로,서울미디어코믹스(서울문화사),2021-10,5400,9.0,5122,335,2026-09-02T09:31:51+09:00,,,,,1,0
390011039,황천의 츠가이 3,황천의 츠가이,3,,,아라카와 히로무,대원씨아이(만화),2023-05,5850,,4343,336,2026-09-02T09:31:51+09:00,276,-60,4420,-77,0,0
298051256,헌터x헌터 HunterXHunter 신장판 17,헌터x헌터 HunterXHunter 신장판,17,,,토가시 요시히로,학산문화사(만화),2015-06,5400,,4188,337,2026-09-02T09:31:51+09:00,371,34,4129,59,0,0
394711835,악마에 입문했습니다! 이루마 군 : if Episode of 마피아 7,악마에 입문했습니다! 이루마 군 : if Episode of 마피아,7,,,니시 오사무,서울미디어코믹스(서울문화사),2026-06,5850,,4145,338,2026-09-02T09:31:51+09:00,438,100,3935,210,0,0
390241459,황천의 츠가이 4,황천의 츠가이,4,,,아라카와 히로무,대원씨아이(만화),2023-10,5850,,3921,339,2026-09-02T09:31:51+09:00,314,-25,3848,73,0,0
310412096,기븐 8,기븐,8,,- 뉴 루비코믹스 2865,키즈 나츠키,현대지능개발사,2023-02,5400,9.6,4074,340,2026-09-02T09:31:51+09:00,549,209,3809,265,0,0
400006989,이세계 유유자적 농가 16,이세계 유유자적 농가,16,,"- Novel Engine /초판한정 특별부록: 띠지, 양면 커버",나이토 키노스케,데이즈엔터(주),2026-08,9000,10.0,3590,341,2026-09-02T09:31:51+09:00,282,-59,3740,-150,0,0
396563437,나나 NANA 완전판 10,나나 NANA 완전판,10,,"- 초판한정: PP엽서 1종, 포토카드 1종",야자와 아이,학산문화사(만화),2026-06,10800,,3460,342,2026-09-02T09:31:51+09:00,281,-61,3575,-115,0,0
298280739,헌터x헌터 HunterXHunter 신장판 16,헌터x헌터 HunterXHunter 신장판,16,,,토가시 요시히로,학산문화사(만화),2015-04,5400,,3691,343,2026-09-02T09:31:51+09:00,448,105,3499,192,0,0
301058589,헌터x헌터 HunterXHunter 신장판 19,헌터x헌터 HunterXHunter 신장판,19,,,토가시 요시히로,학산문화사(만화),2015-08,5400,,3414,344,2026-09-02T09:31:51+09:00,375,31,3414,0,0,0
396583445,약사의 혼잣말 21,약사의 혼잣말,21,,- 마오마오의 후궁 수수께끼 풀이수첩,쿠라타 미노지,서울미디어코믹스(서울문화사),2026-06,5400,9.9,2775,345,2026-09-02T09:31:51+09:00,283,-62,2795,-20,0,0
398728336,마법소녀를 동경해서 5 (더블특전판),마법소녀를 동경해서,5,더블특전판,- 초판한정 : 일러스트 카드 1종 + SD 스티커 1종,오노나카 아키히로,대원씨아이(만화),2026-07,6750,,2850,346,2026-09-02T09:31:51+09:00,566,220,2660,190,0,0
399486670,서유요원전 서역편 : 화염산의 장 4,서유요원전 서역편 : 화염산의 장,4,,,모로호시 다이지로,문학동네,2026-07,9900,,2665,347,2026-09-02T09:31:51+09:00,380,33,2635,30,0,0
399486641,서유요원전 서역편 : 화염산의 장 3,서유요원전 서역편 : 화염산의 장,3,,,모로호시 다이지로,문학동네,2026-07,9900,,2660,348,2026-09-02T09:31:51+09:00,383,35,2635,25,0,0
232336577,달빛천사 애장판 3,달빛천사 애장판,3,,,타네무라 아리나,서울미디어코믹스(서울문화사),2020-02,8550,10.0,2627,349,2026-09-02T09:31:51+09:00,384,35,2607,20,0,0
349941684,정반대의 너와 나 5,정반대의 너와 나,5,,,아가사와 코챠,학산문화사(만화),2024-10,5400,9.9,2738,350,2026-09-02T09:31:51+09:00,469,119,2585,153,0,0
353581707,정반대의 너와 나 6,정반대의 너와 나,6,,,아가사와 코챠,학산문화사(만화),2024-12,5400,9.9,2809,351,2026-09-02T09:31:51+09:00,697,346,2433,376,0,0
400245338,공주님 고문의 시간입니다 19,공주님 고문의 시간입니다,19,,- 완결,하루하라 로빈슨,학산문화사(만화),2026-08,5400,10.0,2360,352,2026-09-02T09:31:51+09:00,259,-93,2310,50,0,0
397810577,쪽팔려게임 1~2 세트 - 전2권,쪽팔려게임 1~2 세트 - 전2권,,,"- 초판 한정 부록 : 1권,2권 엽서 2종 + 학생증 2종 + 면지에 작가님 친필 사인(인쇄본)",봉수,네이버웹툰,2026-09,28800,,2080,353,2026-09-02T09:31:51+09:00,391,38,2045,35,0,0
366271674,정반대의 너와 나 7,정반대의 너와 나,7,,,아가사와 코챠,학산문화사(만화),2025-06,5400,9.9,2230,354,2026-09-02T09:31:51+09:00,477,123,1962,268,0,0
399926241,어쨌든 귀여워 25,어쨌든 귀여워,25,,- S코믹스,하타 켄지로,㈜소미미디어,2026-08,6300,,2170,355,2026-09-02T09:31:51+09:00,388,33,1960,210,0,0
337058152,블리치 리믹스 1,블리치 리믹스,1,,,쿠보 타이토,서울미디어코믹스(서울문화사),2024-03,10800,8.0,2002,356,2026-09-02T09:31:51+09:00,475,119,1812,190,0,0
400001284,와카코와 술 25,와카코와 술,25,,,신큐 치에,AK(에이케이)커뮤니케이션즈,2026-08,7200,,1870,357,2026-09-02T09:31:51+09:00,325,-32,1720,150,0,0
400586316,커들 2,커들,2,,- 수인 오메가버스,하스미 하나,학산문화사(만화),2026-08,6300,,1520,358,2026-09-02T09:31:51+09:00,231,-127,1680,-160,0,0
388016407,정반대의 너와 나 8,정반대의 너와 나,8,,- 완결,아가사와 코챠,학산문화사(만화),2026-03,5400,10.0,1924,359,2026-09-02T09:31:51+09:00,722,363,1614,310,0,0
400311047,호랑이형님 21,호랑이형님,21,,,이상규,영컴(YOUNG COM),2026-08,15120,,1460,360,2026-09-02T09:31:51+09:00,331,-29,1520,-60,0,0
386058010,사카모토 데이즈 25,사카모토 데이즈,25,,- 친구이상 킬러미만,스즈키 유우토,대원씨아이(만화),2026-02,5850,,1310,361,2026-09-02T09:31:51+09:00,232,-129,1455,-145,0,0
385894622,먼작귀 2 (그림책 포함 특별판),먼작귀,2,그림책 포함 특별판,- 먼가 작고 귀여운 녀석,나가노,미우(대원씨아이),2022-08,17820,,1451,362,2026-09-02T09:31:51+09:00,397,35,1285,166,0,0
400733376,건강하고 문화적인 최저한도의 생활 11,건강하고 문화적인 최저한도의 생활,11,,,가시와기 하루코,문학동네,2026-08,8820,,1120,363,2026-09-02T09:31:51+09:00,233,-130,1240,-120,0,0
400669097,서뱀프 Servamp 23~24 세트 - 전2권,서뱀프 Servamp 23~24 세트 - 전2권,,,"- 판도라 코믹스, 완결 ,초판 한정 일러스트 카드 2종, 16P 소책자, big 엽서 1종",타나카 스트라이크,조은세상(북두),2026-08,13500,,1330,364,2026-09-02T09:31:51+09:00,396,32,1230,100,0,0
400585956,통제구역관리부 4,통제구역관리부,4,,,탄광,다산코믹스,2026-08,18900,,1150,365,2026-09-02T09:31:51+09:00,494,129,1010,140,0,0
400909405,시오타 선생님과 아마이양 7,시오타 선생님과 아마이양,7,,,나카토카 쿠미코,대원씨아이(만화),2026-08,5850,,830,366,2026-09-02T09:31:51+09:00,182,-184,910,-80,0,0
400586291,도쿄대 세 자매 2,도쿄대 세 자매,2,,,이소야 유키,대원씨아이(만화),2026-08,5850,,880,367,2026-09-02T09:31:51+09:00,401,34,830,50,0,0
339953785,못 미더운 악녀입니다만 : ~추궁접서 교체전~ 6,못 미더운 악녀입니다만 : ~추궁접서 교체전~,6,,,EI Ohitsuji,서울미디어코믹스(서울문화사),2024-05,6300,9.3,860,368,2026-09-02T09:31:51+09:00,496,128,783,77,0,0
352375450,못 미더운 악녀입니다만 : ~추궁접서 교체전~ 7,못 미더운 악녀입니다만 : ~추궁접서 교체전~,7,,,EI Ohitsuji,서울미디어코믹스(서울문화사),2024-11,6300,9.7,853,369,2026-09-02T09:31:51+09:00,495,126,776,77,0,0
401052841,만화 이상적인 기둥서방 생활 10,만화 이상적인 기둥서방 생활,10,,,히노츠키 네코,길찾기,2026-08,6300,,750,370,2026-09-02T09:31:51+09:00,759,389,410,340,0,0
323272361,"안녕, 에리","안녕, 에리",,,,후지모토 타츠키,학산문화사(만화),2023-08,5400,9.4,15385,371,2026-09-02T09:31:51+09:00,264,-107,15713,-328,0,0
391943528,엄마를 만나러 가는 길,엄마를 만나러 가는 길,,,"- 모리의 스티커북 /초판 한정 부록: 투명 북마크,작가 친필 사인 면지에 인쇄",고먕,네이버웹툰,2026-06,15300,10.0,11636,372,2026-09-02T09:31:51+09:00,410,38,11725,-89,0,0
379795065,괴수 8호 16 (더블 특전판),괴수 8호,16,더블 특전판,"- 완결, '카프카' 캐릭터 카드 + 스페셜 일러스트 카드 2종",마츠모토 나오야,서울미디어코믹스(서울문화사),2025-12,5400,10.0,11122,373,2026-09-02T09:31:51+09:00,341,-32,11167,-45,0,0
368125805,장송의 프리렌 14,장송의 프리렌,14,,,야마다 카네히토,학산문화사(만화),2025-07,5400,9.8,10995,374,2026-09-02T09:31:51+09:00,412,38,11009,-14,0,0
384585231,불가항력의 I LOVE YOU 7,불가항력의 I LOVE YOU,7,,,호시노 미즈키,서울미디어코믹스(서울문화사),2026-01,5400,9.4,10938,375,2026-09-02T09:31:51+09:00,342,-33,10995,-57,0,0
389546868,반딧불이의 혼례 10,반딧불이의 혼례,10,,,타치바나 오레코,서울미디어코믹스(서울문화사),2026-04,7650,9.6,10928,376,2026-09-02T09:31:51+09:00,267,-109,10966,-38,0,0
389009894,오무라이스 잼잼 16,오무라이스 잼잼,16,,,조경규,송송책방,2026-04,18900,10.0,10717,377,2026-09-02T09:31:51+09:00,413,36,10717,0,0,0
369786330,마남 이치 1 (트리플 특전판),마남 이치,1,트리플 특전판,- 홀로그램 일러스트 카드 2종 + 아크릴 일러스트 카드 1종,유사자키 시로,서울미디어코믹스(서울문화사),2025-08,6300,9.6,9316,378,2026-09-02T09:31:51+09:00,300,-78,9387,-71,0,0
341524569,주술회전 26,주술회전,26,,- 남쪽으로,아쿠타미 게게,서울미디어코믹스(서울문화사),2024-06,5400,,8817,379,2026-09-02T09:31:51+09:00,302,-77,8817,0,0,0
397904785,보석함에 사랑을 채우자 1,보석함에 사랑을 채우자,1,,,미키모토 린,학산문화사(만화),2026-07,6300,9.5,8240,380,2026-09-02T09:31:51+09:00,246,-134,8405,-165,0,0
388821136,중년에 지친 밤에는,중년에 지친 밤에는,,,,마스다 미리,북포레스트,2026-03,16200,9.4,8230,381,2026-09-02T09:31:51+09:00,515,134,7967,263,0,0
294401024,헌터x헌터 HunterXHunter 신장판 34,헌터x헌터 HunterXHunter 신장판,34,,,토가시 요시히로,학산문화사(만화),2018-05,5400,,7764,382,2026-09-02T09:31:51+09:00,419,37,7764,0,0,0
397592223,애태울 정도의 사랑을 알아라 3,애태울 정도의 사랑을 알아라,3,,- 완결,쿄노 마코,학산문화사(만화),2026-07,6300,10.0,7435,383,2026-09-02T09:31:51+09:00,351,-32,7415,20,0,0
336635744,향기로운 꽃은 늠름하게 핀다 7,향기로운 꽃은 늠름하게 핀다,7,,,미카미 사카,대원씨아이(만화),2024-03,5400,10.0,7340,384,2026-09-02T09:31:51+09:00,517,133,7242,98,0,0
375360162,향기로운 꽃은 늠름하게 핀다 17,향기로운 꽃은 늠름하게 핀다,17,,,미카미 사카,대원씨아이(만화),2025-10,5400,,7159,385,2026-09-02T09:31:51+09:00,352,-33,7064,95,0,0
379515213,야마다 군과 Lv999의 사랑을 하다 4~6 특별판 세트 - 전3권,야마다 군과 Lv999의 사랑을 하다 4~6 특별판 세트 - 전3권,,,- 띠지 + 특별판 아크릴 북스탠드 + 특별판 아크릴 블록 + 특별판 양면 책갈피 + 일반판 일러스트 카드 3종 + 일반판 폴라로이드 카드 3종,마시로,디앤씨미디어(주)(D&C미디어),2025-12,49500,10.0,7089,386,2026-09-02T09:31:51+09:00,522,136,7009,80,0,0
388496310,단다단 20,단다단,20,,,타츠 유키노부,대원씨아이(만화),2026-03,5400,9.5,6134,387,2026-09-02T09:31:51+09:00,274,-113,6173,-39,0,0
216773326,그 비스크 돌은 사랑을 한다 1,그 비스크 돌은 사랑을 한다,1,,- S코믹스,후쿠다 신이치,㈜소미미디어,2019-11,6300,9.4,6349,388,2026-09-02T09:31:51+09:00,424,36,6156,193,0,0
394695720,바닷바람과 용의 보금자리 2,바닷바람과 용의 보금자리,2,,,시마 아사토,학산문화사(만화),2026-06,6300,10.0,5885,389,2026-09-02T09:31:51+09:00,361,-28,5885,0,0,0
352187570,주술회전 27,주술회전,27,,,아쿠타미 게게,서울미디어코믹스(서울문화사),2024-08,5400,,4680,390,2026-09-02T09:31:51+09:00,310,-80,4814,-134,0,0
396368739,어서 와 수평선 1 (트리플 특전판),어서 와 수평선,1,트리플 특전판,- 띠지 + 입욕권 북마크 1종 + pp 스탠드 1종 + 티셔츠 판 스티커 1종,와타베 타이요,대원씨아이(만화),2026-06,6300,10.0,4345,391,2026-09-02T09:31:51+09:00,312,-79,4505,-160,0,0
389641207,황천의 츠가이 2,황천의 츠가이,2,,,아라카와 히로무,대원씨아이(만화),2022-12,5850,,4428,392,2026-09-02T09:31:51+09:00,311,-81,4450,-22,0,0
295866022,하이큐!! 45,하이큐!!,45,,"- 완결, 도전자들",후루다테 하루이치,대원씨아이(만화),2020-12,4950,10.0,4456,393,2026-09-02T09:31:51+09:00,369,-24,4413,43,0,0
311653748,헌터x헌터 HunterXHunter 신장판 11,헌터x헌터 HunterXHunter 신장판,11,,,토가시 요시히로,학산문화사(만화),2014-09,5400,,4428,394,2026-09-02T09:31:51+09:00,368,-26,4360,68,0,0
395849750,놀이의 관계 1,놀이의 관계,1,,- S Novel,아오이 세키나,㈜소미미디어,2026-06,7650,10.0,4190,395,2026-09-02T09:31:51+09:00,439,44,4330,-140,0,0
389641178,황천의 츠가이 5,황천의 츠가이,5,,,아라카와 히로무,대원씨아이(만화),2024-03,5850,,4308,396,2026-09-02T09:31:51+09:00,434,38,4186,122,0,0
294154150,헌터x헌터 HunterXHunter 신장판 12,헌터x헌터 HunterXHunter 신장판,12,,,토가시 요시히로,학산문화사(만화),2014-09,5400,,4208,397,2026-09-02T09:31:51+09:00,437,40,4085,123,0,0
295865866,하이큐!! 43,하이큐!!,43,,- 최종보스,후루다테 하루이치,대원씨아이(만화),2020-09,4950,,3852,398,2026-09-02T09:31:51+09:00,315,-83,3879,-27,0,0
300919038,헌터x헌터 HunterXHunter 신장판 13,헌터x헌터 HunterXHunter 신장판,13,,,토가시 요시히로,학산문화사(만화),2014-12,5400,,3953,399,2026-09-02T09:31:51+09:00,442,43,3860,93,0,0
390941683,황천의 츠가이 1,황천의 츠가이,1,,,아라카와 히로무,대원씨아이(만화),2022-08,5850,,3756,400,2026-09-02T09:31:51+09:00,317,-83,3752,4,0,0
397898246,역대급 영지 설계사 9,역대급 영지 설계사,9,,- 초판 한정 작가진 친필 사인 인쇄본 + 표지 일러스트 엽서 + 캐릭터 카드 3종,이현민,문페이스,2026-07,14400,,3765,401,2026-09-02T09:31:51+09:00,449,48,3515,250,0,0
298280477,헌터x헌터 HunterXHunter 신장판 21,헌터x헌터 HunterXHunter 신장판,21,,,토가시 요시히로,학산문화사(만화),2016-06,5400,,3632,402,2026-09-02T09:31:51+09:00,842,440,3333,299,0,0
314918637,헌터x헌터 HunterXHunter 신장판 20,헌터x헌터 HunterXHunter 신장판,20,,,토가시 요시히로,학산문화사(만화),2015-12,5400,,3301,403,2026-09-02T09:31:51+09:00,558,155,3301,0,0,0
391205558,황천의 츠가이 9,황천의 츠가이,9,,,아라카와 히로무,대원씨아이(만화),2025-11,5850,,3320,404,2026-09-02T09:31:51+09:00,376,-28,3295,25,0,0
375535559,나의 히어로 아카데미아 공식 일러스트집 Ultra Artworks,나의 히어로 아카데미아 공식 일러스트집 Ultra Artworks,,,,호리코시 코헤이,서울미디어코믹스(서울문화사),2025-10,39600,,3218,405,2026-09-02T09:31:51+09:00,564,159,3138,80,0,0
399973698,시노비고토 7,시노비고토,7,,,미타라시 산타,학산문화사(만화),2026-08,6300,,2720,406,2026-09-02T09:31:51+09:00,286,-120,2840,-120,0,0
399050467,블루 피리어드 6 (한정판),블루 피리어드,6,한정판,"- 시프트코믹스 /한정판 구성품 : 도서(초판 부록 포함), 1~6권 수납 박스, 컬러링북 소책자, 박티켓 책갈피 3종",야마구치 츠바사,YNK MEDIA(만화),2026-07,13500,,2675,407,2026-09-02T09:31:51+09:00,284,-123,2810,-135,0,0
333640352,정반대의 너와 나 3,정반대의 너와 나,3,,,아가사와 코챠,학산문화사(만화),2024-02,5400,9.8,2777,408,2026-09-02T09:31:51+09:00,574,166,2737,40,0,0
345587184,정반대의 너와 나 4,정반대의 너와 나,4,,,아가사와 코챠,학산문화사(만화),2024-08,5400,9.7,2771,409,2026-09-02T09:31:51+09:00,575,166,2726,45,0,0
398869812,창천항로 애장판 3,창천항로 애장판,3,,,킹곤타,대원씨아이(만화),2026-07,16200,,2685,410,2026-09-02T09:31:51+09:00,379,-31,2675,10,0,0
232338320,달빛천사 애장판 4,달빛천사 애장판,4,,- 완결,타네무라 아리나,서울미디어코믹스(서울문화사),2020-02,8550,10.0,2582,411,2026-09-02T09:31:51+09:00,385,-26,2582,0,0,0
393313791,추우면 변하는 헤비가미 군 1,추우면 변하는 헤비가미 군,1,,"- 초판 한정 특전: 띠지, 스티커, PET 스탠드, 투명 책갈피, SL Comic",쿠리미야,디앤씨미디어(주)(D&C미디어),2026-05,6300,8.5,2755,412,2026-09-02T09:31:51+09:00,464,52,2520,235,0,0
400197883,망각 배터리 23,망각 배터리,23,,,에코 미카와,서울미디어코믹스(서울문화사),2026-08,5400,,2500,413,2026-09-02T09:31:51+09:00,386,-27,2410,90,0,0
400136881,벡 Beck 신장판 8,벡 Beck 신장판,8,,,해롤드 사쿠이시,학산문화사(만화),2026-08,10800,10.0,2170,414,2026-09-02T09:31:51+09:00,260,-154,2320,-150,0,0
333640869,먼작귀 5 (레터북 포함 특별판),먼작귀,5,레터북 포함 특별판,- 먼가 작고 귀여운 녀석,나가노,미우(대원씨아이),2024-02,23400,10.0,2402,415,2026-09-02T09:31:51+09:00,387,-28,2247,155,0,0
400138794,이번 생은 가주가 되겠습니다 2부 6,이번 생은 가주가 되겠습니다 2부,6,,- 만화,앤트스튜디오,디앤씨웹툰비즈,2026-08,14400,,2160,416,2026-09-02T09:31:51+09:00,323,-93,2190,-30,0,0
399055863,다크 개더링 1,다크 개더링,1,,- 픽시하우스 /초판 한정: 띠지 + 일러스트 카드,콘도 켄이치,코믹레인,2026-08,6300,10.0,2165,417,2026-09-02T09:31:51+09:00,472,55,2105,60,0,0
310882441,먼작귀 3 (카드놀이 포함 특별판),먼작귀,3,카드놀이 포함 특별판,"- 카드놀이 세트: 카드 96장(문장 카드 46장, 그림 카드 46장) + 설명서 1장",나가노,미우(대원씨아이),2023-02,24300,4.0,1953,418,2026-09-02T09:31:51+09:00,480,62,1778,175,0,0
396089286,향기로운 꽃은 늠름하게 핀다 13,향기로운 꽃은 늠름하게 핀다,13,,,미카미 사카,대원씨아이(만화),2026-06,6300,,1720,419,2026-09-02T09:31:51+09:00,485,66,1640,80,0,0
396090083,향기로운 꽃은 늠름하게 핀다 8,향기로운 꽃은 늠름하게 핀다,8,,,미카미 사카,대원씨아이(만화),2026-06,6300,,1565,420,2026-09-02T09:31:51+09:00,487,67,1505,60,0,0
395950064,향기로운 꽃은 늠름하게 핀다 4,향기로운 꽃은 늠름하게 핀다,4,,,미카미 사카,대원씨아이(만화),2026-06,6300,,1705,421,2026-09-02T09:31:51+09:00,723,302,1495,210,0,0
400586056,SCP가 뭔가요? 3,SCP가 뭔가요?,3,,,하치훈,대원씨아이(만화),2026-08,5850,,1270,422,2026-09-02T09:31:51+09:00,261,-161,1330,-60,0,0
337394406,풀 나이트 1,풀 나이트,1,,- S코믹스,야스다 카스미,㈜소미미디어,2024-04,6300,10.0,1265,423,2026-09-02T09:31:51+09:00,591,168,1159,106,0,0
400707795,뉴노멀 8,뉴노멀,8,,,아이하라 아키토,대원씨아이(만화),2026-08,5400,,1060,424,2026-09-02T09:31:51+09:00,216,-208,1070,-10,0,0
389482128,애태울 정도의 사랑을 알아라 1,애태울 정도의 사랑을 알아라,1,,,쿄노 마코,학산문화사(만화),2026-04,6300,,940,425,2026-09-02T09:31:51+09:00,335,-90,1030,-90,0,0
400715990,가짜 연금술사 4,가짜 연금술사,4,,"- 픽시하우스, 초판한정 특별부록 : 일러스트 카드 + 띠지",우메마루,미스터블루,2026-09,7200,,1000,426,2026-09-02T09:31:51+09:00,292,-134,910,90,0,0
400856407,탱크체어 TANK CHAIR 4,탱크체어 TANK CHAIR,4,,,야시로 마나부,대원씨아이(만화),2026-08,6300,,740,427,2026-09-02T09:31:51+09:00,236,-191,900,-160,0,0
400585822,W 줄리엣 2부 16,W 줄리엣 2부,16,,,에무라,대원씨아이(만화),2026-08,3780,,790,428,2026-09-02T09:31:51+09:00,333,-95,830,-40,0,0
400707974,사랑할 자격 3,사랑할 자격,3,,,난바 아츠코,대원씨아이(만화),2026-08,5400,,690,429,2026-09-02T09:31:51+09:00,295,-134,760,-70,0,0
319312677,못 미더운 악녀입니다만 : ~추궁접서 교체전~ 4,못 미더운 악녀입니다만 : ~추궁접서 교체전~,4,,,EI Ohitsuji,서울미디어코믹스(서울문화사),2023-06,6300,10.0,820,430,2026-09-02T09:31:51+09:00,596,166,743,77,0,0
329581311,못 미더운 악녀입니다만 : ~추궁접서 교체전~ 5,못 미더운 악녀입니다만 : ~추궁접서 교체전~,5,,,EI Ohitsuji,서울미디어코믹스(서울문화사),2023-11,6300,10.0,779,431,2026-09-02T09:31:51+09:00,598,167,702,77,0,0
396563354,도망을 잘 치는 도련님 22,도망을 잘 치는 도련님,22,,- 코노 모로후유 1351,마츠이 유세이,대원씨아이(만화),2026-06,5400,10.0,855,432,2026-09-02T09:31:51+09:00,,,,,1,0
401047138,장송의 프리렌 10,장송의 프리렌,10,,,야마다 카네히토,학산문화사(만화),2026-08,6300,,480,433,2026-09-02T09:31:51+09:00,404,-29,530,-50,0,0
400921444,페이스리스 드롭아웃 1,페이스리스 드롭아웃,1,,- S Novel+,류토,㈜소미미디어,2026-09,10800,,910,434,2026-09-02T09:31:51+09:00,603,169,510,400,0,0
401131327,월간 트릴레마 1,월간 트릴레마,1,,,타치바나 로쿠,재담,2026-08,7200,,750,435,2026-09-02T09:31:51+09:00,,,,,1,0
280555213,포인트 캐릭터 드로잉 - 전2권,포인트 캐릭터 드로잉 - 전2권,,,,타코,레진코믹스(레진엔터테인먼트),2021-09,25200,10.0,16190,436,2026-09-02T09:31:51+09:00,339,-97,16133,57,0,0
394027323,야마다의 학급일지 4,야마다의 학급일지,4,,"- 완결, 초판 한정 : 야마다 & 무라타 일러스트 카드 3종",아오미 루이,서울미디어코믹스(서울문화사),2026-05,5850,9.8,10025,437,2026-09-02T09:31:51+09:00,509,72,9890,135,0,0
387062834,백귀야행 31,백귀야행,31,,,이마 이치코,시공사(만화),2026-02,7200,9.8,8313,438,2026-09-02T09:31:51+09:00,416,-22,8370,-57,0,0
338040640,사피엔스 : 그래픽 히스토리 Vol.3,사피엔스 : 그래픽 히스토리 Vol.3,,,- 역사의 배후,,김영사,2024-04,17820,9.5,8317,439,2026-09-02T09:31:51+09:00,514,75,8339,-22,0,0
307634607,주술회전 21,주술회전,21,,- 도쿄 제2콜로니 -호운-,아쿠타미 게게,서울미디어코믹스(서울문화사),2022-12,5400,9.7,7743,440,2026-09-02T09:31:51+09:00,420,-20,7743,0,0,0
398836243,TV애니메이션 주술회전 회옥·옥절/시부야 사변 공식 가이드북,TV애니메이션 주술회전 회옥·옥절/시부야 사변 공식 가이드북,,,- 초판 한정 : 책갈피 2종,아쿠타미 게게,서울미디어코믹스(서울문화사),2026-07,24300,10.0,7530,441,2026-09-02T09:31:51+09:00,780,339,7300,230,0,0
316015391,주술회전 22,주술회전,22,,- 사쿠라지마 콜로니 -환생-,아쿠타미 게게,서울미디어코믹스(서울문화사),2023-05,5400,10.0,7103,442,2026-09-02T09:31:51+09:00,516,74,7115,-12,0,0
372708826,향기로운 꽃은 늠름하게 핀다 16,향기로운 꽃은 늠름하게 핀다,16,,,미카미 사카,대원씨아이(만화),2025-09,5400,9.8,7071,443,2026-09-02T09:31:51+09:00,518,75,6946,125,0,0
327556882,마루는 강쥐 2,마루는 강쥐,2,,,모죠,문페이스,2023-11,14400,10.0,6433,444,2026-09-02T09:31:51+09:00,524,80,6363,70,0,0
389890662,약사의 혼잣말 16,약사의 혼잣말,16,,,네코쿠라게,학산문화사(만화),2026-04,5400,9.8,6356,445,2026-09-02T09:31:51+09:00,523,78,6325,31,0,0
392509889,애태울 정도의 사랑을 알아라 2,애태울 정도의 사랑을 알아라,2,,,쿄노 마코,학산문화사(만화),2026-05,6300,9.9,6185,446,2026-09-02T09:31:51+09:00,359,-87,6290,-105,0,0
315295029,귀멸 학원! 3,귀멸 학원!,3,,,호카미 나츠키,학산문화사(만화),2023-04,5400,9.6,6219,447,2026-09-02T09:31:51+09:00,623,176,6219,0,0,0
386563480,단다단 19,단다단,19,,,타츠 유키노부,대원씨아이(만화),2026-02,5400,10.0,5843,448,2026-09-02T09:31:51+09:00,425,-23,5876,-33,0,0
292320734,헌터x헌터 HunterXHunter 신장판 2,헌터x헌터 HunterXHunter 신장판,2,,,토가시 요시히로,학산문화사(만화),2012-07,5400,10.0,5890,449,2026-09-02T09:31:51+09:00,527,78,5679,211,0,0
358910246,명탐정 코난 106 (특장판),명탐정 코난,106,특장판,- 아크릴 스탠드(PET 재질) + 아코디언 카드 + 그림 콘티 카드 세트,아오야마 고쇼,서울미디어코믹스(서울문화사),2025-02,10800,7.0,5548,450,2026-09-02T09:31:51+09:00,525,75,5663,-115,0,0
382041006,사카모토 데이즈 24,사카모토 데이즈,24,,- 감전 주의,스즈키 유우토,대원씨아이(만화),2025-12,5850,,5450,451,2026-09-02T09:31:51+09:00,362,-89,5560,-110,0,0
297902307,헌터x헌터 HunterXHunter 신장판 3,헌터x헌터 HunterXHunter 신장판,3,,,토가시 요시히로,학산문화사(만화),2013-08,5400,,5535,452,2026-09-02T09:31:51+09:00,627,175,5322,213,0,0
397021753,완전 쓰레기인 와타라세인데 3,완전 쓰레기인 와타라세인데,3,,,나카가와 파리,대원씨아이(만화),2026-06,5400,9.7,5210,453,2026-09-02T09:31:51+09:00,426,-27,5315,-105,0,0
333218155,마루는 강쥐 3,마루는 강쥐,3,,,모죠,문페이스,2024-02,14400,,5485,454,2026-09-02T09:31:51+09:00,631,177,5219,266,0,0
82662361,기븐 2,기븐,2,,- 뉴 루비코믹스 1835,키즈 나츠키,현대지능개발사,2016-04,4950,9.1,5154,455,2026-09-02T09:31:51+09:00,534,79,5164,-10,0,0
354729574,주술회전 28,주술회전,28,,- 인외마경 신주쿠 결전 : 9점 점바둑,아쿠타미 게게,서울미디어코믹스(서울문화사),2024-12,5400,10.0,5069,456,2026-09-02T09:31:51+09:00,363,-93,5069,0,0,0
389890523,타워 던전 5,타워 던전,5,,,니헤이 츠토무,학산문화사(만화),2026-04,6300,9.9,4871,457,2026-09-02T09:31:51+09:00,432,-25,4871,0,0,0
399052013,THE ART OF SOLO LEVELING : 웹툰 「나 혼자만 레벨업」 공식 아트북,THE ART OF SOLO LEVELING : 웹툰 「나 혼자만 레벨업」 공식 아트북,,,,장성락(REDICE STUDIO),디앤씨미디어(주)(D&C미디어),2026-08,43200,,4760,458,2026-09-02T09:31:51+09:00,429,-29,4750,10,0,0
349748255,마루는 강쥐 5,마루는 강쥐,5,,,모죠,문페이스,2024-10,14400,,4743,459,2026-09-02T09:31:51+09:00,539,80,4715,28,0,0
246152488,여름 안에서,여름 안에서,,,,성률,문학동네,2020-07,17550,8.1,4581,460,2026-09-02T09:31:51+09:00,367,-93,4711,-130,0,0
397904315,보석함에 사랑을 채우자 1 (한정판),보석함에 사랑을 채우자,1,한정판,"- 한정판 구성: 아웃박스, 단행본(일반판 부록 없이 도서만), 아크릴 키링, 캔배지 2종, 포토카드 1매",미키모토 린,학산문화사(만화),2026-07,22500,5.0,4590,461,2026-09-02T09:31:51+09:00,540,79,4460,130,0,0
392518926,오가미 츠미키와 기일상 6,오가미 츠미키와 기일상,6,,,모리시타 미유,학산문화사(만화),2026-05,5400,9.3,4250,462,2026-09-02T09:31:51+09:00,435,-27,4335,-85,0,0
282899765,지박소년 하나코 군 8,지박소년 하나코 군,8,,,아이다이로,서울미디어코믹스(서울문화사),2021-11,5400,10.0,4868,463,2026-09-02T09:31:51+09:00,,,,,1,0
374337173,장례식 케이크 전문점 연옥당 3,장례식 케이크 전문점 연옥당,3,,"- 양장, 완결",산호,문학동네,2025-10,19800,9.7,4235,464,2026-09-02T09:31:51+09:00,436,-28,4185,50,0,0
390010927,황천의 츠가이 7,황천의 츠가이,7,,,아라카와 히로무,대원씨아이(만화),2026-04,5850,,4299,465,2026-09-02T09:31:51+09:00,640,175,4173,126,0,0
257021910,기븐 6,기븐,6,,- 뉴 루비코믹스 2555,키즈 나츠키,현대지능개발사,2020-11,4950,9.6,4293,466,2026-09-02T09:31:51+09:00,645,179,4133,160,0,0
397294534,비교하고 검토하는 교열부의 쿠쥬 씨 1,비교하고 검토하는 교열부의 쿠쥬 씨,1,,,고이시 유카,서교책방,2026-07,11520,9.7,4025,467,2026-09-02T09:31:51+09:00,547,80,3975,50,0,0
322441129,꿈빛 파티시엘 신장판 2,꿈빛 파티시엘 신장판,2,,,마츠모토 나츠미,대원씨아이(만화),2023-08,5400,,3997,468,2026-09-02T09:31:51+09:00,443,-25,3975,22,0,0
393803131,"밟고, 차고, 사랑하고 6","밟고, 차고, 사랑하고",6,,,이치야 스미,대원씨아이(만화),2026-05,4950,9.7,4155,469,2026-09-02T09:31:51+09:00,829,360,3890,265,0,0
362211849,주술회전 29,주술회전,29,,- 인외마경 신주쿠 결전 -사활-,아쿠타미 게게,서울미디어코믹스(서울문화사),2025-04,5400,10.0,3765,470,2026-09-02T09:31:51+09:00,372,-98,3880,-115,0,0
301073130,하이큐!! 44,하이큐!!,44,,- 최강의 적,후루다테 하루이치,대원씨아이(만화),2020-11,4950,,3811,471,2026-09-02T09:31:51+09:00,446,-25,3811,0,0,0
298280458,헌터x헌터 HunterXHunter 신장판 30,헌터x헌터 HunterXHunter 신장판,30,,,토가시 요시히로,학산문화사(만화),2017-03,5400,,3931,472,2026-09-02T09:31:51+09:00,655,183,3745,186,0,0
298348779,서랍 속 테라리움 : 신장판,서랍 속 테라리움 : 신장판,,,- S코믹스,쿠이 료코,㈜소미미디어,2022-08,8100,9.5,3740,473,2026-09-02T09:31:51+09:00,660,187,3576,164,0,0
298280625,헌터x헌터 HunterXHunter 신장판 15,헌터x헌터 HunterXHunter 신장판,15,,,토가시 요시히로,학산문화사(만화),2015-04,5400,,3661,474,2026-09-02T09:31:51+09:00,841,367,3455,206,0,0
301058679,헌터x헌터 HunterXHunter 신장판 25,헌터x헌터 HunterXHunter 신장판,25,,,토가시 요시히로,학산문화사(만화),2016-08,5400,,3515,475,2026-09-02T09:31:51+09:00,664,189,3418,97,0,0
298280514,헌터x헌터 HunterXHunter 신장판 27,헌터x헌터 HunterXHunter 신장판,27,,,토가시 요시히로,학산문화사(만화),2016-10,5400,,3484,476,2026-09-02T09:31:51+09:00,668,192,3285,199,0,0
394239585,사피엔스: 그래픽 히스토리 시리즈 세트 - 전4권,사피엔스: 그래픽 히스토리 시리즈 세트 - 전4권,,,,,김영사,2026-05,71280,9.3,3260,477,2026-09-02T09:31:51+09:00,450,-27,3180,80,0,0
391205551,황천의 츠가이 8,황천의 츠가이,8,,,아라카와 히로무,대원씨아이(만화),2025-06,5850,,3095,478,2026-09-02T09:31:51+09:00,560,82,3050,45,0,0
397022214,창천항로 애장판 2,창천항로 애장판,2,,,킹곤타,대원씨아이(만화),2026-06,16200,10.0,2870,479,2026-09-02T09:31:51+09:00,455,-24,2970,-100,0,0
398833327,이 결혼은 어차피 망하게 되어 있다 8,이 결혼은 어차피 망하게 되어 있다,8,,,,영컴(YOUNG COM),2026-07,15120,,2840,480,2026-09-02T09:31:51+09:00,453,-27,2965,-125,0,0
309292959,무로이 야스오의 캐릭터 얼굴 & 바스트업 작화 기술,무로이 야스오의 캐릭터 얼굴 & 바스트업 작화 기술,,,,무로이 야스오,영진.com(영진닷컴),2023-02,18000,9.4,2934,481,2026-09-02T09:31:51+09:00,460,-21,2934,0,0,0
320637311,정반대의 너와 나 1,정반대의 너와 나,1,,,아가사와 코챠,학산문화사(만화),2023-07,5400,9.8,2961,482,2026-09-02T09:31:51+09:00,461,-21,2906,55,0,0
397905187,THE POOL,THE POOL,,,,사쿠라이 가몬,학산문화사(만화),2026-07,13500,10.0,2860,483,2026-09-02T09:31:51+09:00,321,-162,2885,-25,0,0
396049332,블루 자이언트 모멘텀 6,블루 자이언트 모멘텀,6,,,이시즈카 신이치,대원씨아이(만화),2026-06,5850,10.0,2855,484,2026-09-02T09:31:51+09:00,565,81,2845,10,0,0
321124579,먼작귀 1,먼작귀,1,,- 먼가 작고 귀여운 녀석,나가노,미우(대원씨아이),2022-06,10800,,2737,485,2026-09-02T09:31:51+09:00,569,84,2795,-58,0,0
399290916,우리 반리가 신세 좀 지겠습니다 4,우리 반리가 신세 좀 지겠습니다,4,,,카이도 치토세,대원씨아이(만화),2026-07,5400,,2780,486,2026-09-02T09:31:51+09:00,457,-29,2775,5,0,0
322804966,정반대의 너와 나 2,정반대의 너와 나,2,,,아가사와 코챠,학산문화사(만화),2023-08,5400,9.8,2899,487,2026-09-02T09:31:51+09:00,687,200,2729,170,0,0
394833578,장송의 프리렌 1,장송의 프리렌,1,,,야마다 카네히토,학산문화사(만화),2021-11,6300,,2625,488,2026-09-02T09:31:51+09:00,466,-22,2705,-80,0,0
399594642,동거하는 검성 여스승이 너무 귀여워서 매일 행복합니다 1,동거하는 검성 여스승이 너무 귀여워서 매일 행복합니다,1,,,R_링고,길찾기,2026-06,7200,10.0,2370,489,2026-09-02T09:31:51+09:00,382,-107,2520,-150,0,0
396091726,나의 행복한 결혼 6,나의 행복한 결혼,6,,,코사카 리토,서울미디어코믹스(서울문화사),2026-06,4950,9.7,2530,490,2026-09-02T09:31:51+09:00,572,82,2415,115,0,0
344689794,네가 죽을 때까지 사랑하고 싶어 7,네가 죽을 때까지 사랑하고 싶어,7,,,나치 아오노,학산문화사(만화),2024-08,5400,10.0,2290,491,2026-09-02T09:31:51+09:00,470,-21,2350,-60,0,0
391724707,명탐정 코난 로맨틱 러버스 셀렉션,명탐정 코난 로맨틱 러버스 셀렉션,,,,아오야마 고쇼,서울미디어코믹스(서울문화사),2026-04,10800,10.0,2560,492,2026-09-02T09:31:51+09:00,875,383,2229,331,0,0
399050317,블루 피리어드 6 (더블 특전판),블루 피리어드,6,더블 특전판,"- 시프트코믹스 /초판 더블 특전 : 일러스트 카드 1종, 박티켓 책갈피 1종",야마구치 츠바사,YNK MEDIA(만화),2026-07,5400,,1880,493,2026-09-02T09:31:51+09:00,481,-12,1930,-50,0,0
296275956,네가 죽을 때까지 사랑하고 싶어 2,네가 죽을 때까지 사랑하고 싶어,2,,,나치 아오노,학산문화사(만화),2021-02,5400,,1748,494,2026-09-02T09:31:51+09:00,482,-12,1788,-40,0,0
400245307,나쁜 X에게 행복 있으라 6,나쁜 X에게 행복 있으라,6,,,키시카와 미즈키,학산문화사(만화),2026-08,5400,,1670,495,2026-09-02T09:31:51+09:00,392,-103,1760,-90,0,0
394027566,블리치 리믹스 16,블리치 리믹스,16,,,쿠보 타이토,서울미디어코믹스(서울문화사),2026-05,10800,9.6,1895,496,2026-09-02T09:31:51+09:00,715,219,1750,145,0,0
399056425,다크 개더링 3,다크 개더링,3,,- 픽시하우스 / 초판 한정 : 띠지+일러스트 카드,콘도 켄이치,코믹레인,2026-08,6300,,1785,497,2026-09-02T09:31:51+09:00,587,90,1715,70,0,0
399056069,다크 개더링 2,다크 개더링,2,,- 픽시하우스 /초판 한정: 띠지 + 일러스트 카드,콘도 켄이치,코믹레인,2026-08,6300,,1765,498,2026-09-02T09:31:51+09:00,483,-15,1715,50,0,0
395958550,핑키 나이트메어,핑키 나이트메어,,,- 라르고 맥스 Largo Max,NAREHATECHAN,조은세상(북두),2026-06,6300,9.5,1625,499,2026-09-02T09:31:51+09:00,326,-173,1665,-40,0,0
394214000,11번째 고양이는 네네 1,11번째 고양이는 네네,1,,"- 초판 한정 PET 스탠드, 판 스티커 2종, 일러스트 카드",하리카모,오팬스코믹,2026-05,6300,9.9,1540,500,2026-09-02T09:31:51+09:00,395,-105,1605,-65,0,0
399973834,라라의 결혼 8,라라의 결혼,8,,,타메코우,블랑코믹스(BLANC COMICS),2026-08,6300,,1520,501,2026-09-02T09:31:51+09:00,394,-107,1580,-60,0,0
400585836,아자미 야코를 좋아하게 된다 2,아자미 야코를 좋아하게 된다,2,,,유니티 콩,대원씨아이(만화),2026-08,5850,,1420,502,2026-09-02T09:31:51+09:00,327,-175,1420,0,0,0
399973937,코믹 무직전생 21,코믹 무직전생,21,,- 이세계에 갔으면 최선을 다한다,후지카와 유카,학산문화사(만화),2026-08,5400,,1160,503,2026-09-02T09:31:51+09:00,399,-104,1310,-150,0,0
357930933,풀 나이트 2,풀 나이트,2,,- S코믹스,야스다 카스미,㈜소미미디어,2025-02,6300,10.0,1333,504,2026-09-02T09:31:51+09:00,590,86,1307,26,0,0
398284864,책벌레의 하극상 제4부 : 귀족원의 도서관을 구하고 싶어! 10,책벌레의 하극상 제4부 : 귀족원의 도서관을 구하고 싶어!,10,,- 사서가 되기 위해서라면 뭐든지 할 수 있어,카츠키 히카루,대원씨아이(만화),2026-07,5400,10.0,1290,505,2026-09-02T09:31:51+09:00,330,-175,1290,0,0,0
391302897,못 미더운 악녀입니다만 : ~추궁접서 교체전~ 9,못 미더운 악녀입니다만 : ~추궁접서 교체전~,9,,,EI Ohitsuji,서울미디어코믹스(서울문화사),2026-04,6300,10.0,1280,506,2026-09-02T09:31:51+09:00,728,222,1145,135,0,0
400856470,선생님! 저희들이 세계를 멸망시킵니다. 9,선생님! 저희들이 세계를 멸망시킵니다.,9,,,코바야시 키나,대원씨아이(만화),2026-08,5400,,870,507,2026-09-02T09:31:51+09:00,218,-289,1000,-130,0,0
400307391,꿀과 극약 2,꿀과 극약,2,,,사쿠라노코우지 카노코,대원씨아이(만화),2026-08,5400,,950,508,2026-09-02T09:31:51+09:00,334,-174,1000,-50,0,0
340310033,블리치 리믹스 3,블리치 리믹스,3,,,쿠보 타이토,서울미디어코믹스(서울문화사),2024-05,10800,10.0,998,509,2026-09-02T09:31:51+09:00,744,235,998,0,0,0
400001026,사자나미 군이 가장 싫어하는 남자,사자나미 군이 가장 싫어하는 남자,,,,오기,인디고,2026-08,5850,,970,510,2026-09-02T09:31:51+09:00,751,241,750,220,0,0
400856443,응원 걸! 1,응원 걸!,1,,,다나카 유치아,대원씨아이(만화),2026-08,5400,10.0,730,511,2026-09-02T09:31:51+09:00,403,-108,570,160,0,0
382043008,지박소년 하나코 군 25,지박소년 하나코 군,25,,,아이다이로,서울미디어코믹스(서울문화사),2026-01,5400,,890,512,2026-09-02T09:31:51+09:00,,,,,1,0
400909486,회각의 용사 2,회각의 용사,2,,,사토 타카아키,미우(대원씨아이),2026-08,5850,,430,513,2026-09-02T09:31:51+09:00,503,-10,460,-30,0,0
400856418,미와 씨 행세를 합니다 14,미와 씨 행세를 합니다,14,,,아오키 유헤이,대원씨아이(만화),2026-08,5850,,620,514,2026-09-02T09:31:51+09:00,754,240,420,200,0,0
366123624,스파이 패밀리 15,스파이 패밀리,15,,,엔도 타츠야,학산문화사(만화),2025-06,5400,9.9,15989,515,2026-09-02T09:31:51+09:00,409,-106,16010,-21,0,0
385521459,체인소 맨 22,체인소 맨,22,,,후지모토 타츠키,학산문화사(만화),2026-02,5400,10.0,12993,516,2026-09-02T09:31:51+09:00,763,247,12867,126,0,0
393239337,모모세 아키라의 첫사랑 파탄 중 5 (트리플 특전판),모모세 아키라의 첫사랑 파탄 중,5,트리플 특전판,- 스페셜 아크릴 일러스트 카드(1종) + 다양한 매력의 양면 일러스트 카드(2종),하레카와 신타,서울미디어코믹스(서울문화사),2026-05,6750,9.8,11010,517,2026-09-02T09:31:51+09:00,508,-9,11080,-70,0,0
309862975,모 이야기,모 이야기,,,"- 숲속 모험, 2024 볼로냐 라가치상 오페라 프리마 스페셜 멘션, 2025 프랑스 소시에르상 수상작",최연주,엣눈북스(atnoonbooks),2023-02,19800,9.6,10507,518,2026-09-02T09:31:51+09:00,344,-174,10682,-175,0,0
284699967,귀멸의 칼날 외전,귀멸의 칼날 외전,,,,히라노 료지,학산문화사(만화),2021-12,5400,9.8,10372,519,2026-09-02T09:31:51+09:00,764,245,10210,162,0,0
312942363,타코피의 원죄 - 상,타코피의 원죄 - 상,,,,타이잔5,대원씨아이(만화),2023-03,5400,9.9,10305,520,2026-09-02T09:31:51+09:00,609,89,10099,206,0,0
353133344,컬러 앤 라이트,컬러 앤 라이트,,,"- 사실적인 표현을 위한 빛과 색 그리는 법, 개정판",제임스 거니,잉크잼(잼스푼),2024-12,31500,10.0,9788,521,2026-09-02T09:31:51+09:00,269,-252,9932,-144,0,0
283355505,사피엔스 : 그래픽 히스토리 Vol.2,사피엔스 : 그래픽 히스토리 Vol.2,,,- 문명의 기둥,,김영사,2021-11,17820,9.7,9713,522,2026-09-02T09:31:51+09:00,611,89,9581,132,0,0
294677380,귀멸의 칼날 23,귀멸의 칼날,23,,- 완결,고토게 코요하루,학산문화사(만화),2021-04,5400,9.3,8339,523,2026-09-02T09:31:51+09:00,613,90,8339,0,0,0
387160732,반딧불이의 혼례 9,반딧불이의 혼례,9,,,타치바나 오레코,서울미디어코믹스(서울문화사),2026-02,7650,9.7,8346,524,2026-09-02T09:31:51+09:00,346,-178,8338,8,0,0
383612098,타몬 군 지금 어느 쪽?! 11,타몬 군 지금 어느 쪽?!,11,,,시와스 유키,학산문화사(만화),2026-01,5400,10.0,7657,525,2026-09-02T09:31:51+09:00,777,252,7528,129,0,0
303306489,망그러진 만화 1,망그러진 만화,1,,- 망그러진 곰과 햄터의 귀염뽀짝 일상다반사!,유랑,좋은생각,2022-11,15120,9.9,7271,526,2026-09-02T09:31:51+09:00,779,253,7271,0,0,0
380080135,봇치·더·록! 외전 히로이 키쿠리의 과음일기 4,봇치·더·록! 외전 히로이 키쿠리의 과음일기,4,,,쿠미쵸,대원씨아이(만화),2025-12,8100,10.0,6371,527,2026-09-02T09:31:51+09:00,787,260,6190,181,0,0
384927762,약사의 혼잣말 16,약사의 혼잣말,16,,- 카니발 플러스,휴우가 나츠,학산문화사(단행본),2026-01,8100,9.2,6096,528,2026-09-02T09:31:51+09:00,625,97,6096,0,0,0
360411647,마루는 강쥐 6,마루는 강쥐,6,,,모죠,문페이스,2025-03,14400,,6089,529,2026-09-02T09:31:51+09:00,,,,,1,0
304252422,귀멸 학원! 2,귀멸 학원!,2,,,호카미 나츠키,학산문화사(만화),2022-11,5400,8.0,6159,530,2026-09-02T09:31:51+09:00,793,263,6072,87,0,0
67153695,기븐 1,기븐,1,,- 뉴 루비코믹스 1740,키즈 나츠키,현대지능개발사,2015-09,4950,9.2,5711,531,2026-09-02T09:31:51+09:00,797,266,5581,130,0,0
365659712,타워 던전 1,타워 던전,1,,,니헤이 츠토무,학산문화사(만화),2025-06,6300,9.6,5693,532,2026-09-02T09:31:51+09:00,528,-4,5585,108,0,0
351000171,반딧불이의 혼례 4,반딧불이의 혼례,4,,,타치바나 오레코,서울미디어코믹스(서울문화사),2024-10,7650,9.8,5258,533,2026-09-02T09:31:51+09:00,628,95,5197,61,0,0
398728413,마법소녀를 동경해서 1~5 합본판,마법소녀를 동경해서 1~5 합본판,,,- 각권 초회 한정 일러스트 카드 각 1종씩 (총5종) + 각 권 선착순 더블 특전 SD스티커 각 1종씩(총5종) + PET스탠드 + 컵코스터 + 일러스트 카드 + 별도 박스 포장,오노나카 아키히로,대원씨아이(만화),2026-07,33750,,5095,534,2026-09-02T09:31:51+09:00,529,-5,5195,-100,0,0
314077334,헌터x헌터 HunterXHunter 신장판 4,헌터x헌터 HunterXHunter 신장판,4,,,토가시 요시히로,학산문화사(만화),2013-08,5400,,5018,535,2026-09-02T09:31:51+09:00,806,271,5018,0,0,0
373271203,마루는 강쥐 8,마루는 강쥐,8,,,모죠,문페이스,2025-10,14400,,4529,536,2026-09-02T09:31:51+09:00,538,2,4654,-125,0,0
398418968,황천의 츠가이 11 (특별판),황천의 츠가이,11,특별판,- 초판부록 2종 + 패키지 박스 + 운명의 쌍둥이 아크릴 스탠드 2종 + 팬던트 아크릴 참 키링 1종+ 시그니처 포토카드 1종 + 빅 캔배지 1종 + 홀로그램 카드 2종,아라카와 히로무,대원씨아이(만화),2026-07,25650,10.0,4745,537,2026-09-02T09:31:51+09:00,431,-106,4595,150,0,0
395809429,비실비실 선생님 14,비실비실 선생님,14,,,후쿠치 카미오,대원씨아이(만화),2026-06,5850,,4340,538,2026-09-02T09:31:51+09:00,541,3,4480,-140,0,0
384180355,단다단 18,단다단,18,,,타츠 유키노부,대원씨아이(만화),2026-01,5400,9.6,4323,539,2026-09-02T09:31:51+09:00,543,4,4407,-84,0,0
395357833,전생했더니 슬라임이었던 건에 대하여 23,전생했더니 슬라임이었던 건에 대하여,23,,"- S Novel+, 완결 / 초판 한정 책갈피, 양면커버",후세,㈜소미미디어,2026-06,12600,,4485,540,2026-09-02T09:31:51+09:00,542,2,4375,110,0,0
396455881,시온 군이 말하는 대로 1,시온 군이 말하는 대로,1,,,Neko Inukai,서울미디어코믹스(서울문화사),2026-06,5850,,4260,541,2026-09-02T09:31:51+09:00,637,96,4220,40,0,0
337105332,Veil 1,Veil,1,,"- S코믹스, JAPAN EXPO 최우수작화상, 최우수장정상 수상",코테리,㈜소미미디어,2024-04,11520,9.2,4263,542,2026-09-02T09:31:51+09:00,825,283,4168,95,0,0
281358410,원피스 1,원피스,1,,- 동터오는 모험시대,오다 에이치로,대원씨아이(만화),2008-03,4950,10.0,4349,543,2026-09-02T09:31:51+09:00,818,275,4124,225,0,0
86997362,용의 학교는 산 위에,용의 학교는 산 위에,,,"- 쿠이 료코 작품집, S코믹스",쿠이 료코,㈜소미미디어,2016-07,8550,9.4,3925,544,2026-09-02T09:31:51+09:00,548,4,3925,0,0,0
293068139,기븐 7,기븐,7,,- 뉴 루비코믹스 2755,키즈 나츠키,현대지능개발사,2022-04,5400,9.8,3947,545,2026-09-02T09:31:51+09:00,652,107,3887,60,0,0
390940611,이로하의 글이 이끄는 -눈 녹는 길-,이로하의 글이 이끄는 -눈 녹는 길-,,,,하나모리,시플리,2026-04,6300,9.1,3868,546,2026-09-02T09:31:51+09:00,440,-106,3868,0,0,0
393715017,노아 선배는 친구 9,노아 선배는 친구,9,,- 초판특전 : 포토카드 2종 세트,아키야마 엔마,서울미디어코믹스(서울문화사),2026-05,5850,9.5,3670,547,2026-09-02T09:31:51+09:00,279,-268,3865,-195,0,0
7633452,오란고교 호스트부 Fanbook,오란고교 호스트부 Fanbook,,,- 콩닥♥두근☆공략 대작전,하토리 비스코,학산문화사(만화),2010-08,6300,9.8,3845,548,2026-09-02T09:31:51+09:00,441,-107,3889,-44,0,0
290233284,하이큐!! 42,하이큐!!,42,,- 무엇,후루다테 하루이치,대원씨아이(만화),2020-07,4950,,3791,549,2026-09-02T09:31:51+09:00,445,-104,3791,0,0,0
366528002,메이드 인 어비스 13,메이드 인 어비스,13,,,츠쿠시 아키히토,미우(대원씨아이),2025-06,7200,9.2,3769,550,2026-09-02T09:31:51+09:00,656,106,3741,28,0,0
300919153,헌터x헌터 HunterXHunter 신장판 14,헌터x헌터 HunterXHunter 신장판,14,,,토가시 요시히로,학산문화사(만화),2014-12,5400,,3608,551,2026-09-02T09:31:51+09:00,658,107,3608,0,0,0
322441152,꿈빛 파티시엘 신장판 3,꿈빛 파티시엘 신장판,3,,,마츠모토 나츠미,대원씨아이(만화),2023-08,5400,,3612,552,2026-09-02T09:31:51+09:00,552,0,3587,25,0,0
394015605,나나 NANA 완전판 9,나나 NANA 완전판,9,,"- 초판 한정: PP엽서 1종, 포토카드 1종",야자와 아이,학산문화사(만화),2026-05,10800,,3445,553,2026-09-02T09:31:51+09:00,373,-180,3480,-35,0,0
298280366,헌터x헌터 HunterXHunter 신장판 24,헌터x헌터 HunterXHunter 신장판,24,,,토가시 요시히로,학산문화사(만화),2016-06,5400,,3490,554,2026-09-02T09:31:51+09:00,662,108,3413,77,0,0
384923404,이세계 삼촌 13,이세계 삼촌,13,,- 픽시하우스,호톤도신데이루,데이즈엔터(주),2026-02,7200,,3473,555,2026-09-02T09:31:51+09:00,553,-2,3408,65,0,0
298280697,헌터x헌터 HunterXHunter 신장판 23,헌터x헌터 HunterXHunter 신장판,23,,,토가시 요시히로,학산문화사(만화),2016-05,5400,,3390,556,2026-09-02T09:31:51+09:00,556,0,3390,0,0,0
301058824,헌터x헌터 HunterXHunter 신장판 29,헌터x헌터 HunterXHunter 신장판,29,,,토가시 요시히로,학산문화사(만화),2017-01,5400,,3460,557,2026-09-02T09:31:51+09:00,665,108,3367,93,0,0
314918984,헌터x헌터 HunterXHunter 신장판 28,헌터x헌터 HunterXHunter 신장판,28,,,토가시 요시히로,학산문화사(만화),2016-12,5400,,3407,558,2026-09-02T09:31:51+09:00,557,-1,3334,73,0,0
365413873,팔견전 21,팔견전,21,,"- 동방팔견이문, S코믹스",아베 미유키,㈜소미미디어,2025-06,5400,10.0,3321,559,2026-09-02T09:31:51+09:00,667,108,3305,16,0,0
370424575,사카모토 데이즈 22,사카모토 데이즈,22,,- 텐큐vs신,스즈키 유우토,대원씨아이(만화),2025-08,5850,,3313,560,2026-09-02T09:31:51+09:00,670,110,3237,76,0,0
298051313,헌터x헌터 HunterXHunter 신장판 26,헌터x헌터 HunterXHunter 신장판,26,,,토가시 요시히로,학산문화사(만화),2016-08,5400,,3341,561,2026-09-02T09:31:51+09:00,854,293,3224,117,0,0
392471811,전생했더니 슬라임이었던 건에 대하여 30,전생했더니 슬라임이었던 건에 대하여,30,,- S코믹스,카와카미 타이키,㈜소미미디어,2026-05,6300,10.0,3160,562,2026-09-02T09:31:51+09:00,857,295,3160,0,0,0
356090755,그리고 마녀는 숲으로 갔다 2,그리고 마녀는 숲으로 갔다,2,,- 완결,산호,고블,2025-02,21600,9.9,3254,563,2026-09-02T09:31:51+09:00,846,283,3160,94,0,0
299654606,하이큐!! 41,하이큐!!,41,,- 작은 거인 VS,후루다테 하루이치,대원씨아이(만화),2020-04,4950,,3056,564,2026-09-02T09:31:51+09:00,562,-2,3147,-91,0,0
396377705,블루 피리어드 5,블루 피리어드,5,,- 시프트코믹스,야마구치 츠바사,YNK MEDIA(만화),2026-06,5400,,3110,565,2026-09-02T09:31:51+09:00,559,-6,3130,-20,0,0
398906133,벨 푸페의 슈퍼달링 약혼 2,벨 푸페의 슈퍼달링 약혼,2,,- 코믹,셀렌,학산문화사(만화),2026-07,6300,,2930,566,2026-09-02T09:31:51+09:00,378,-188,3125,-195,0,0
301917562,오란고교 호스트부 1,오란고교 호스트부,1,,,하토리 비스코,학산문화사(만화),2004-02,5400,8.0,3143,567,2026-09-02T09:31:51+09:00,452,-115,3114,29,0,0
400225649,인생 역전 3,인생 역전,3,,- S Novel,D,㈜소미미디어,2026-08,7650,,2890,568,2026-09-02T09:31:51+09:00,377,-191,3100,-210,0,0
397592282,아오이 군의 음담패설은 참을 수 없어!! 2,아오이 군의 음담패설은 참을 수 없어!!,2,,,mmk,학산문화사(만화),2026-07,6300,,2955,569,2026-09-02T09:31:51+09:00,454,-115,3060,-105,0,0
393514967,아름다운 인체 그리기 레슨,아름다운 인체 그리기 레슨,,,,후지타쿠,한즈미디어(한스미디어),2026-05,16200,9.7,3095,570,2026-09-02T09:31:51+09:00,675,105,3050,45,0,0
344711200,명탐정 코난 105 (특장판),명탐정 코난,105,특장판,- 초기 설정집 노트 + 아크릴 스탠드(PET) + 스티커 2종,아오야마 고쇼,서울미디어코믹스(서울문화사),2024-08,9000,10.0,2930,571,2026-09-02T09:31:51+09:00,456,-115,2940,-10,0,0
393696313,창천항로 애장판 1,창천항로 애장판,1,,,킹곤타,대원씨아이(만화),2026-05,16200,6.4,2675,572,2026-09-02T09:31:51+09:00,459,-113,2695,-20,0,0
399291548,새내기 4,새내기,4,,,혁대,블루픽,2026-07,14220,10.0,3115,573,2026-09-02T09:31:51+09:00,,,,,1,0
301917787,오란고교 호스트부 2,오란고교 호스트부,2,,,하토리 비스코,학산문화사(만화),2004-05,5400,,2678,574,2026-09-02T09:31:51+09:00,568,-6,2624,54,0,0
387039298,이거 그리고 죽어 7,이거 그리고 죽어,7,,,토요다 미노루,대원씨아이(만화),2026-02,5400,9.4,2623,575,2026-09-02T09:31:51+09:00,683,108,2623,0,0,0
399973609,켄투리아 6,켄투리아,6,,,쿠라모리 토오루,학산문화사(만화),2026-08,5400,10.0,2660,576,2026-09-02T09:31:51+09:00,463,-113,2620,40,0,0
378966916,드래곤볼 완전판 가이드북 LANDMARK,드래곤볼 완전판 가이드북 LANDMARK,,,,토리야마 아키라,서울미디어코믹스(서울문화사),2025-11,12600,10.0,2638,577,2026-09-02T09:31:51+09:00,681,104,2563,75,0,0
384344658,네가 죽을 때까지 사랑하고 싶어 8,네가 죽을 때까지 사랑하고 싶어,8,,,나치 아오노,학산문화사(만화),2026-01,5400,9.9,2560,578,2026-09-02T09:31:51+09:00,571,-7,2560,0,0,0
396593327,일본삼국 7,일본삼국,7,,,마쓰키 잇카,재담,2026-06,7200,10.0,2395,579,2026-09-02T09:31:51+09:00,468,-111,2435,-40,0,0
400547758,코믹 어둠의 실력자가 되고 싶어서! 15,코믹 어둠의 실력자가 되고 싶어서!,15,,- J Comic,사카노 안리,서울미디어코믹스(서울문화사),2026-08,4500,10.0,2170,580,2026-09-02T09:31:51+09:00,322,-258,2400,-230,0,0
333689768,건방진 그 녀석 1,건방진 그 녀석,1,,,미츠바치 미유키,학산문화사(만화),2016-03,5400,10.0,2347,581,2026-09-02T09:31:51+09:00,868,287,2347,0,0,0
323998705,먼작귀 4,먼작귀,4,,- 먼가 작고 귀여운 녀석,나가노,미우(대원씨아이),2023-09,10800,9.8,2233,582,2026-09-02T09:31:51+09:00,694,112,2317,-84,0,0
398326987,소드 오라토리아 16,소드 오라토리아,16,,"- 던전에서 만남을 추구하면 안 되는 걸까 외전, S Novel",오모리 후지노,㈜소미미디어,2026-07,10800,,2290,583,2026-09-02T09:31:51+09:00,576,-7,2265,25,0,0
400225603,고교 시절에 거만했던 여왕님과의 동거 생활은 의외로 나쁘지 않다 1,고교 시절에 거만했던 여왕님과의 동거 생활은 의외로 나쁘지 않다,1,,- S Novel,미소네타 도자에몽,㈜소미미디어,2026-08,7650,,2190,584,2026-09-02T09:31:51+09:00,578,-6,2110,80,0,0
400001881,무서운 책 6,무서운 책,6,,- 괴물,우메즈 카즈오,AK(에이케이)커뮤니케이션즈,2026-08,9000,,2160,585,2026-09-02T09:31:51+09:00,474,-111,2100,60,0,0
400225413,쪼그맣고 커다랗고 귀여운 나나세를 착각 전남친한테서 빼앗아 행복하게 한다 3,쪼그맣고 커다랗고 귀여운 나나세를 착각 전남친한테서 빼앗아 행복하게 한다,3,,- S Novel,카라스마 에이,㈜소미미디어,2026-08,7650,,1850,586,2026-09-02T09:31:51+09:00,324,-262,2040,-190,0,0
339953506,방과 후 소년 하나코 군 2,방과 후 소년 하나코 군,2,,,아이다이로,서울미디어코믹스(서울문화사),2024-05,5400,,2603,587,2026-09-02T09:31:51+09:00,,,,,1,0
399381805,격기 3반 18,격기 3반,18,,- 남일고등학교 격투기 특기반,이학,대원씨아이(만화),2026-07,4950,10.0,2095,588,2026-09-02T09:31:51+09:00,582,-6,2005,90,0,0
335854597,얼굴만으론 좋아할 수 없어요 9,얼굴만으론 좋아할 수 없어요,9,,,안자이 카린,서울미디어코믹스(서울문화사),2024-03,5400,10.0,1854,589,2026-09-02T09:31:51+09:00,478,-111,1908,-54,0,0
318446151,네가 죽을 때까지 사랑하고 싶어 3,네가 죽을 때까지 사랑하고 싶어,3,,,나치 아오노,학산문화사(만화),2021-05,5400,,1847,590,2026-09-02T09:31:51+09:00,585,-5,1907,-60,0,0
385522632,절대 BL이 되는 세계 & 절대 BL이 되지 않는 고교 생활 1,절대 BL이 되는 세계 & 절대 BL이 되지 않는 고교 생활,1,,,콘키치,학산문화사(만화),2026-02,7200,9.1,1845,591,2026-09-02T09:31:51+09:00,479,-112,1897,-52,0,0
400001064,피토스포룸 두 번째 잎,피토스포룸 두 번째 잎,,,,미카미 시노,인디고,2026-08,6300,10.0,1910,592,2026-09-02T09:31:51+09:00,473,-119,1890,20,0,0
397222553,데포르메 세계 그리는 법,데포르메 세계 그리는 법,,,,시마리스 유키치,잉크잼(잼스푼),2026-07,19800,,1890,593,2026-09-02T09:31:51+09:00,887,294,1830,60,0,0
391289012,재혼황후 10,재혼황후,10,,- 만화,히어리,영컴(YOUNG COM),2026-03,14400,,1545,594,2026-09-02T09:31:51+09:00,484,-110,1633,-88,0,0
400364294,이기적 연애론 3,이기적 연애론,3,,,교교박,다산코믹스,2026-08,16020,,1570,595,2026-09-02T09:31:51+09:00,719,124,1620,-50,0,0
394588521,풀 나이트 4,풀 나이트,4,,- S코믹스,야스다 카스미,㈜소미미디어,2026-06,6300,10.0,1635,596,2026-09-02T09:31:51+09:00,720,124,1605,30,0,0
398811243,힛 미 하드 1 (특별판),힛 미 하드,1,특별판,- 패키지 박스 + 엽서 1종 + 렌티큘러 엽서 1종 + 포토카드 3종 + 아크릴 스탠드 1종 + 멀티 클리너 1종,,다산코믹스,2026-07,34200,10.0,1490,597,2026-09-02T09:31:51+09:00,730,133,1450,40,0,0
396091175,향기로운 꽃은 늠름하게 핀다 14,향기로운 꽃은 늠름하게 핀다,14,,,미카미 사카,대원씨아이(만화),2026-06,6300,,1545,598,2026-09-02T09:31:51+09:00,724,126,1415,130,0,0
375536744,풀 나이트 3,풀 나이트,3,,- S코믹스,야스다 카스미,㈜소미미디어,2025-11,5400,10.0,1428,599,2026-09-02T09:31:51+09:00,727,128,1398,30,0,0
400258397,세월이 흘러 다리로 간다 12,세월이 흘러 다리로 간다,12,,,히다카 쇼코,서울미디어코믹스(서울문화사),2026-08,6300,10.0,1300,600,2026-09-02T09:31:51+09:00,589,-11,1350,-50,0,0
400006756,녹는 눈과 아가판서스 1,녹는 눈과 아가판서스,1,,- 코믹 레인 / 초판한정 특별부록 : 띠지+일러스트 카드,나우치,미스터블루,2026-08,7200,,1150,601,2026-09-02T09:31:51+09:00,398,-203,1250,-100,0,0
400543500,"아리스, 우주까지도 4","아리스, 우주까지도",4,,,우리노 키코,대원씨아이(만화),2026-08,6300,,1130,602,2026-09-02T09:31:51+09:00,594,-8,1110,20,0,0
400311351,뇌를 바꾸려는 사람들,뇌를 바꾸려는 사람들,,,"- 프랑켄슈타인에서 현대 신경기술까지, 뇌과학으로 만나는 신경윤리의 질문들",류영준,어크로스,2026-08,19800,9.7,1180,603,2026-09-02T09:31:51+09:00,592,-11,1070,110,0,0
399046041,꿀과 극약 1,꿀과 극약,1,,,사쿠라노코우지 카노코,대원씨아이(만화),2026-07,5400,10.0,1050,604,2026-09-02T09:31:51+09:00,489,-115,1040,10,0,0
400556285,꿈자리가 이상한데요?! 외전 (한정판),꿈자리가 이상한데요?! 외전,,한정판,"- 구성: 도서, SD 판 스티커, 작가 선화 및 사인 인쇄, 아크릴 누들 스토퍼, 네컷사진, 증명사진 세트, 포토카드 2종, 폴라로이드 2종",흰귀,북극여우,2026-10,39600,,950,605,2026-09-02T09:31:51+09:00,599,-6,980,-30,0,0
400662198,오늘부터 시작하는 소꿉친구 9,오늘부터 시작하는 소꿉친구,9,,,Midori Obiya,서울미디어코믹스(서울문화사),2026-08,5400,,870,606,2026-09-02T09:31:51+09:00,294,-312,930,-60,0,0
400734025,건강하고 문화적인 최저한도의 생활 12,건강하고 문화적인 최저한도의 생활,12,,,가시와기 하루코,문학동네,2026-08,8820,,800,607,2026-09-02T09:31:51+09:00,400,-207,870,-70,0,0
400652846,트릴리온 게임 10,트릴리온 게임,10,,- 시프트코믹스,이케가미 료이치,YNK MEDIA(만화),2026-08,5400,10.0,850,608,2026-09-02T09:31:51+09:00,498,-110,840,10,0,0
400653955,마왕과 용사의 사랑의 도피 바캉스 (더블 특전판),마왕과 용사의 사랑의 도피 바캉스,,더블 특전판,"- 솔트 코믹스, 초판 더블 특전 : 만화 1P 페이퍼, 일러스트 카드 1종",바세우,YNK MEDIA(만화),2026-08,5850,,800,609,2026-09-02T09:31:51+09:00,493,-116,780,20,0,0
400662089,바키도 11,바키도,11,,,이타가키 케이스케,서울미디어코믹스(서울문화사),2026-08,5400,10.0,900,610,2026-09-02T09:31:51+09:00,601,-9,770,130,0,0
317300306,못 미더운 악녀입니다만 : ~추궁접서 교체전~ 3,못 미더운 악녀입니다만 : ~추궁접서 교체전~,3,,,EI Ohitsuji,서울미디어코믹스(서울문화사),2023-05,6300,10.0,790,611,2026-09-02T09:31:51+09:00,748,137,713,77,0,0
400649438,주인공은 될 수 없지만,주인공은 될 수 없지만,,,,모모코 스이카,레어블(Rareble),2026-08,6930,,660,612,2026-09-02T09:31:51+09:00,499,-113,680,-20,0,0
400313885,타베모노로그,타베모노로그,,,,JIU,재담,2026-08,14400,,940,613,2026-09-02T09:31:51+09:00,,,,,1,0
400856416,벼랑 끝의 영애는 흑기사님을 반하게 하고 싶어 1,벼랑 끝의 영애는 흑기사님을 반하게 하고 싶어,1,,,스오우,대원씨아이(만화),2026-08,5850,,460,614,2026-09-02T09:31:51+09:00,405,-209,600,-140,0,0
400649530,친구 여동생이 나한테만 짜증나게 군다 9,친구 여동생이 나한테만 짜증나게 군다,9,,- SL Comic,히라오카 히라,디앤씨미디어(주)(D&C미디어),2026-08,6300,,560,615,2026-09-02T09:31:51+09:00,605,-10,590,-30,0,0
400557793,공각기동대 -HUMAN ERROR PROCESSER-,공각기동대 -HUMAN ERROR PROCESSER-,,,,시로 마사무네,대원씨아이(만화),2026-08,12600,,580,616,2026-09-02T09:31:51+09:00,607,-9,530,50,0,0
400224787,전생했더니 검이었습니다 Another Wish 5,전생했더니 검이었습니다 Another Wish,5,,- S코믹스,이노우에 히나코,㈜소미미디어,2026-08,6300,,490,617,2026-09-02T09:31:51+09:00,,,,,1,0
400707987,순애 러브하울링,순애 러브하울링,,,- B愛+751,시에로,대원씨아이(만화),2026-08,5850,,470,618,2026-09-02T09:31:51+09:00,758,140,370,100,0,0
361704320,여학교의 별 4,여학교의 별,4,,,와야마 야마,문학동네,2025-03,7650,9.8,28591,619,2026-09-02T09:31:51+09:00,761,142,28586,5,0,0
399067587,매거진 조이 Vol.3 : 가비지타임,매거진 조이 Vol.3 : 가비지타임,,,- 초판 한정 : 히든카드/ 상시 특별 부록: 접지 포스터 + 북마크 4종,2사장,다산코믹스,2026-07,22500,10.0,14275,620,2026-09-02T09:31:51+09:00,505,-115,14670,-395,0,0
355678823,원피스 110,원피스,110,,- 시대의 일렁임,오다 에이치로,대원씨아이(만화),2025-01,5400,9.9,14169,621,2026-09-02T09:31:51+09:00,506,-115,14169,0,0,0
366700348,신부이야기 15,신부이야기,15,,,모리 카오루,대원씨아이(만화),2025-06,7200,9.4,10502,622,2026-09-02T09:31:51+09:00,414,-208,10610,-108,0,0
370794176,캐릭캐릭 체인지! Jewel Joker 주얼 조커 1,캐릭캐릭 체인지! Jewel Joker 주얼 조커,1,,,PEACH-PIT,서울미디어코믹스(서울문화사),2025-08,5850,10.0,10744,623,2026-09-02T09:31:51+09:00,,,,,1,0
312942437,타코피의 원죄 - 하,타코피의 원죄 - 하,,,,타이잔5,대원씨아이(만화),2023-03,5400,8.8,9943,624,2026-09-02T09:31:51+09:00,610,-14,9848,95,0,0
382046167,캐릭캐릭 체인지! Jewel Joker 주얼 조커 2,캐릭캐릭 체인지! Jewel Joker 주얼 조커,2,,,PEACH-PIT,서울미디어코믹스(서울문화사),2025-12,5850,9.8,9488,625,2026-09-02T09:31:51+09:00,511,-114,9454,34,0,0
215083221,스파이 패밀리 1,스파이 패밀리,1,,,엔도 타츠야,학산문화사(만화),2019-11,5400,9.7,9479,626,2026-09-02T09:31:51+09:00,768,142,9421,58,0,0
2308089,만화의 이해,만화의 이해,,,,스콧 맥클라우드,비즈앤비즈,2008-07,17100,9.8,9113,627,2026-09-02T09:31:51+09:00,,,,,1,0
358910532,명탐정 코난 106,명탐정 코난,106,,,아오야마 고쇼,서울미디어코믹스(서울문화사),2025-02,5400,10.0,8857,628,2026-09-02T09:31:51+09:00,512,-116,9022,-165,0,0
363873557,찍히지 않습니다 1,찍히지 않습니다,1,,- S코믹스,코노시마 루카,㈜소미미디어,2025-05,5850,9.8,8926,629,2026-09-02T09:31:51+09:00,985,356,8898,28,0,0
376257892,그 비스크 돌은 사랑을 한다 15,그 비스크 돌은 사랑을 한다,15,,- S코믹스,후쿠다 신이치,㈜소미미디어,2025-11,5400,9.4,8710,630,2026-09-02T09:31:51+09:00,513,-117,8679,31,0,0
378768331,모모세 아키라의 첫사랑 파탄 중 2 (트리플 특전판),모모세 아키라의 첫사랑 파탄 중,2,트리플 특전판,- 홀로그램 일러스트 카드(1종) + 반전 매력의 양면 일러스트 카드(2종),하레카와 신타,서울미디어코믹스(서울문화사),2025-11,6750,10.0,8061,631,2026-09-02T09:31:51+09:00,614,-17,8061,0,0,0
395358108,찍히지 않습니다 6,찍히지 않습니다,6,,"- S코믹스 /초판 한정 일러스트 카드, 폴라로이드 사진풍 카드 2종",코노시마 루카,㈜소미미디어,2026-06,6300,10.0,8030,632,2026-09-02T09:31:51+09:00,773,141,8025,5,0,0
295225480,귀멸의 칼날 22,귀멸의 칼날,22,,,고토게 코요하루,학산문화사(만화),2021-01,5400,,7716,633,2026-09-02T09:31:51+09:00,776,143,7624,92,0,0
286833118,장송의 프리렌 4,장송의 프리렌,4,,,야마다 카네히토,학산문화사(만화),2022-01,5400,9.3,7434,634,2026-09-02T09:31:51+09:00,617,-17,7484,-50,0,0
301706355,주술회전 1,주술회전,1,,,아쿠타미 게게,서울미디어코믹스(서울문화사),2019-03,5400,4.0,7355,635,2026-09-02T09:31:51+09:00,618,-17,7444,-89,0,0
395268985,괴수 8호 RELAX 4,괴수 8호 RELAX,4,,"- 초판 한정: 홀로그램 일러스트 카드, 방위대 4컷 포토카드",,서울미디어코믹스(서울문화사),2026-06,5400,8.0,7470,636,2026-09-02T09:31:51+09:00,994,358,7280,190,0,0
390689243,찍히지 않습니다 5,찍히지 않습니다,5,,"- S코믹스 /초판 한정 일러스트 카드, 폴라로이드 사진풍 카드 2종, PET 책갈피",코노시마 루카,㈜소미미디어,2026-04,5850,9.8,7241,637,2026-09-02T09:31:51+09:00,996,359,7182,59,0,0
301706807,주술회전 4,주술회전,4,,,아쿠타미 게게,서울미디어코믹스(서울문화사),2019-05,5400,,6773,638,2026-09-02T09:31:51+09:00,621,-17,6866,-93,0,0
384668324,어린이 탐구 생활,어린이 탐구 생활,,,,이다,창비,2026-01,15120,9.9,6801,639,2026-09-02T09:31:51+09:00,520,-119,6754,47,0,0
338121617,너와 장밋빛 매일 1,너와 장밋빛 매일,1,,,히로 치히로,서울미디어코믹스(서울문화사),2024-04,5400,9.9,6671,640,2026-09-02T09:31:51+09:00,620,-20,6664,7,0,0
392519237,길고양이와 늑대 6,길고양이와 늑대,6,,,미츠바치 미유키,학산문화사(만화),2026-05,5400,9.9,6645,641,2026-09-02T09:31:51+09:00,782,141,6640,5,0,0
370615925,향기로운 꽃은 늠름하게 핀다 15,향기로운 꽃은 늠름하게 핀다,15,,,미카미 사카,대원씨아이(만화),2025-08,5400,,6455,642,2026-09-02T09:31:51+09:00,786,144,6348,107,0,0
398903862,보이시한 여자친구가 너무 귀여워 5 (특장판),보이시한 여자친구가 너무 귀여워,5,특장판,- 특장판 구성: 단행본 + 48P 소책자 + 초판특전 폴라로이드 사진 + 초판 특전 카메라 렌즈 속 투샷 사진,규뉴무기고항,서울미디어코믹스(서울문화사),2026-07,10800,,5955,643,2026-09-02T09:31:51+09:00,423,-220,6110,-155,0,0
398197212,비실비실 선생님 15 (특별판),비실비실 선생님,15,특별판,- 패키지 박스 + 초판한정 일러스트 폴라로이드 카드 1종 + 캐릭터 아크릴 스탠드 1종 + 아크릴 키링 2종 + 포토카드 4종 + 미니포스터 1종,후쿠치 카미오,대원씨아이(만화),2026-07,27000,,5865,644,2026-09-02T09:31:51+09:00,360,-284,6070,-205,0,0
328897066,귀멸 학원! 4,귀멸 학원!,4,,,호카미 나츠키,학산문화사(만화),2023-11,5400,10.0,5760,645,2026-09-02T09:31:51+09:00,795,150,5742,18,0,0
395999849,이다의 날마다 자연관찰,이다의 날마다 자연관찰,,,- 어린이를 위한 자연관찰 그림일기,이다,보리,2026-06,16650,10.0,5660,646,2026-09-02T09:31:51+09:00,526,-120,5735,-75,0,0
375158873,봄의 폭풍과 몬스터 7,봄의 폭풍과 몬스터,7,,,미츠바치 미유키,학산문화사(만화),2025-10,5400,9.6,5743,647,2026-09-02T09:31:51+09:00,626,-21,5698,45,0,0
335717444,GACHIAKUTA 1,GACHIAKUTA,1,,,케이 우라나,학산문화사(만화),2024-03,5400,10.0,5638,648,2026-09-02T09:31:51+09:00,,,,,1,0
226966203,그 비스크 돌은 사랑을 한다 2,그 비스크 돌은 사랑을 한다,2,,- S코믹스,후쿠다 신이치,㈜소미미디어,2020-01,6300,9.0,5413,649,2026-09-02T09:31:51+09:00,802,153,5413,0,0,0
397362768,가끔씩 툭하고 러시아어로 부끄러워하는 옆자리의 아랴 양 11,가끔씩 툭하고 러시아어로 부끄러워하는 옆자리의 아랴 양,11,,"- L Novel /초판 한정 특전 : 띠지, 책갈피, 양면 표지, 폴라로이드 카드 1종",SUN SUN SUN,디앤씨미디어(주)(D&C미디어),2026-07,7650,,5475,650,2026-09-02T09:31:51+09:00,803,153,5355,120,0,0
349201937,일러스트레이터를 위한 구도와 서사 마스터 가이드북 : COMPOSITION & NARRATIVE,일러스트레이터를 위한 구도와 서사 마스터 가이드북 : COMPOSITION & NARRATIVE,,,,3D토털 퍼블리싱,영진.com(영진닷컴),2024-10,28800,10.0,5148,651,2026-09-02T09:31:51+09:00,531,-120,5167,-19,0,0
387582084,타워 던전 4,타워 던전,4,,,니헤이 츠토무,학산문화사(만화),2026-03,6300,10.0,5234,652,2026-09-02T09:31:51+09:00,810,158,5088,146,0,0
397021676,완전 쓰레기인 와타라세인데 3 (특장판),완전 쓰레기인 와타라세인데,3,특장판,- 어나더 커버 + 아크릴 스탠드 + 스티커 3종 + 포토카드 6종 + 일러스트 카드 3종 + 별도 박스 포장,나카가와 파리,대원씨아이(만화),2026-06,28800,10.0,4810,653,2026-09-02T09:31:51+09:00,532,-121,5045,-235,0,0
380811247,스킵 비트! 50,스킵 비트!,50,,,나카무라 요시키,시공사(만화),2025-12,5850,9.7,4906,654,2026-09-02T09:31:51+09:00,428,-226,5004,-98,0,0
297863750,헌터x헌터 HunterXHunter 신장판 5,헌터x헌터 HunterXHunter 신장판,5,,,토가시 요시히로,학산문화사(만화),2013-10,5400,,5075,655,2026-09-02T09:31:51+09:00,807,152,4982,93,0,0
280599653,지박소년 하나코 군 1,지박소년 하나코 군,1,,,아이다이로,서울미디어코믹스(서울문화사),2021-10,5400,10.0,5374,656,2026-09-02T09:31:51+09:00,,,,,1,0
294153055,헌터x헌터 HunterXHunter 신장판 7,헌터x헌터 HunterXHunter 신장판,7,,,토가시 요시히로,학산문화사(만화),2014-01,5400,,4834,657,2026-09-02T09:31:51+09:00,633,-24,4731,103,0,0
398199313,이번 생은 가주가 되겠습니다 2부 6 (특장판),이번 생은 가주가 되겠습니다 2부,6,특장판,- 만화 / 특장판 구성: 단행본 + 아크릴 스탠드 1종 + 책갈피 2종 + 엽서 5종 + 패키지 박스,앤트스튜디오,디앤씨웹툰비즈,2026-07,24300,,4610,658,2026-09-02T09:31:51+09:00,430,-228,4680,-70,0,0
301714509,주술회전 16,주술회전,16,,- 시부야 사변 -폐문-,아쿠타미 게게,서울미디어코믹스(서울문화사),2021-08,5400,,4768,659,2026-09-02T09:31:51+09:00,,,,,1,0
377704735,봇치·더·록! 8,봇치·더·록!,8,,,하마지 아키,대원씨아이(만화),2025-11,8100,10.0,4583,660,2026-09-02T09:31:51+09:00,636,-24,4568,15,0,0
301714398,주술회전 14,주술회전,14,,- 시부야 사변 -이비-,아쿠타미 게게,서울미디어코믹스(서울문화사),2021-04,5400,,4319,661,2026-09-02T09:31:51+09:00,544,-117,4393,-74,0,0
297902517,헌터x헌터 HunterXHunter 신장판 10,헌터x헌터 HunterXHunter 신장판,10,,,토가시 요시히로,학산문화사(만화),2014-04,5400,,4597,662,2026-09-02T09:31:51+09:00,813,151,4389,208,0,0
135438370,기븐 4,기븐,4,,- 뉴 루비코믹스 2133,키즈 나츠키,현대지능개발사,2018-02,4950,8.7,4402,663,2026-09-02T09:31:51+09:00,819,156,4342,60,0,0
386059133,나 혼자만 레벨업 : 라그나로크 2,나 혼자만 레벨업 : 라그나로크,2,,- 만화,,디앤씨웹툰비즈,2026-02,14400,7.0,4216,664,2026-09-02T09:31:51+09:00,433,-231,4337,-121,0,0
295417935,지. : 지구의 운동에 대하여 1,지. : 지구의 운동에 대하여,1,,,우오토,문학동네,2022-05,7200,9.7,4310,665,2026-09-02T09:31:51+09:00,642,-23,4333,-23,0,0
315823527,헌터x헌터 HunterXHunter 신장판 9,헌터x헌터 HunterXHunter 신장판,9,,,토가시 요시히로,학산문화사(만화),2014-04,5400,,4306,666,2026-09-02T09:31:51+09:00,815,149,4306,0,0,0
379009893,내 마음의 위험한 녀석 12,내 마음의 위험한 녀석,12,,- S코믹스,사쿠라이 노리오,㈜소미미디어,2025-12,5400,9.0,4298,667,2026-09-02T09:31:51+09:00,638,-29,4298,0,0,0
314077483,헌터x헌터 HunterXHunter 신장판 8,헌터x헌터 HunterXHunter 신장판,8,,,토가시 요시히로,학산문화사(만화),2014-01,5400,,4465,668,2026-09-02T09:31:51+09:00,816,148,4257,208,0,0
199996910,기븐 5,기븐,5,,- 뉴 루비코믹스 2350,키즈 나츠키,현대지능개발사,2019-07,5400,9.6,4244,669,2026-09-02T09:31:51+09:00,821,152,4244,0,0,0
328754603,아름다운 초저녁달 6,아름다운 초저녁달,6,,,야마모리 미카,학산문화사(만화),2023-11,5400,9.9,4157,670,2026-09-02T09:31:51+09:00,831,161,4175,-18,0,0
322441091,꿈빛 파티시엘 신장판 1,꿈빛 파티시엘 신장판,1,,,마츠모토 나츠미,대원씨아이(만화),2023-08,5400,10.0,4184,671,2026-09-02T09:31:51+09:00,647,-24,4169,15,0,0
81953629,용의 귀여운 일곱 아이 : 쿠이 료코 작품집,용의 귀여운 일곱 아이 : 쿠이 료코 작품집,,,- S코믹스,쿠이 료코,㈜소미미디어,2016-04,6300,8.7,4092,672,2026-09-02T09:31:51+09:00,546,-126,4134,-42,0,0
393717139,86 에이티식스 14,86 에이티식스,14,,"- Paint it Black, Novel Engine",아사토 아사토,데이즈엔터(주),2026-06,7200,10.0,4080,673,2026-09-02T09:31:51+09:00,545,-128,4120,-40,0,0
387708220,블루 록 : Episode 나기 8,블루 록 : Episode 나기,8,,- 완결,산노미야 코타,학산문화사(만화),2026-03,5400,10.0,4213,674,2026-09-02T09:31:51+09:00,820,146,4113,100,0,0
338430853,명탐정 코난 104 (특장판),명탐정 코난,104,특장판,- 아크릴 스탠드 + 극장판 '명탐정코난: 흑철의 어영' 그림 콘티북 + 어나더 커버,아오야마 고쇼,서울미디어코믹스(서울문화사),2024-04,9000,8.7,4055,675,2026-09-02T09:31:51+09:00,646,-29,4053,2,0,0
301714473,주술회전 15,주술회전,15,,- 시부야 사변 -변신-,아쿠타미 게게,서울미디어코믹스(서울문화사),2021-05,5400,,4048,676,2026-09-02T09:31:51+09:00,648,-28,4048,0,0,0
334819572,긴채널! : 은혼 공식 캐릭터북,긴채널! : 은혼 공식 캐릭터북,,,,소라치 히데아키,학산문화사(만화),2010-10,9000,,4146,677,2026-09-02T09:31:51+09:00,,,,,1,0
365816384,야쿠자 때문에 목욕탕에서 일하고 있습니다 1,야쿠자 때문에 목욕탕에서 일하고 있습니다,1,,- 루나 코믹스,타카시,㈜소미미디어,2025-06,5850,9.8,3970,678,2026-09-02T09:31:51+09:00,643,-35,3997,-27,0,0
284923922,지박소년 하나코 군 13,지박소년 하나코 군,13,,,아이다이로,서울미디어코믹스(서울문화사),2021-12,5400,10.0,4010,679,2026-09-02T09:31:51+09:00,,,,,1,0
311936078,헌터x헌터 HunterXHunter 신장판 31,헌터x헌터 HunterXHunter 신장판,31,,,토가시 요시히로,학산문화사(만화),2013-10,5400,,3939,680,2026-09-02T09:31:51+09:00,651,-29,3872,67,0,0
389641283,황천의 츠가이 6,황천의 츠가이,6,,,아라카와 히로무,대원씨아이(만화),2024-08,5850,,3787,681,2026-09-02T09:31:51+09:00,649,-32,3846,-59,0,0
294497749,오늘부터 신령님 1,오늘부터 신령님,1,,,스즈키 줄리에타,학산문화사(만화),2010-05,5400,10.0,4009,682,2026-09-02T09:31:51+09:00,,,,,1,0
366119898,나의 열두 살에게,나의 열두 살에게,,,,소복이,나무의말,2025-06,17820,9.5,3720,683,2026-09-02T09:31:51+09:00,654,-29,3720,0,0,0
399404721,오디세이아를 한 번도 안 읽어 볼 수는 없잖아,오디세이아를 한 번도 안 읽어 볼 수는 없잖아,,,,Team. StoryG,oldstairs(올드스테어즈),2026-07,21600,9.3,3515,684,2026-09-02T09:31:51+09:00,444,-240,3670,-155,0,0
362015779,사카모토 데이즈 비기너즈 팩 Vol.2 : 4~6 합본 세트,사카모토 데이즈 비기너즈 팩 Vol.2 : 4~6 합본 세트,,,- 나구모 홀로그램 카드 1종 + 일러스트 포스트카드 3종,스즈키 유우토,대원씨아이(만화),2025-04,17550,10.0,3719,685,2026-09-02T09:31:51+09:00,835,150,3644,75,0,0
316124839,운명의 사람을 만나는 이야기 1,운명의 사람을 만나는 이야기,1,,,아나신,학산문화사(만화),2023-06,5400,9.3,3576,686,2026-09-02T09:31:51+09:00,550,-136,3636,-60,0,0
395444518,러브 불릿 1,러브 불릿,1,,- 초판 한정 부록: SD 캐릭터 스티커 1매 + 저자 사인 메시지 (면지 인쇄),inee,빗금,2026-06,8100,10.0,3530,687,2026-09-02T09:31:51+09:00,657,-30,3615,-85,0,0
394124156,캐릭캐릭 체인지! Jewel Joker 주얼 조커 3 (특장판),캐릭캐릭 체인지! Jewel Joker 주얼 조커,3,특장판,- 슬리브 케이스 + 일러스트 엽서 5종 + 이쿠토&타다세 아크릴 블록 세트(일반판 초판 특전 미포함),PEACH-PIT,서울미디어코믹스(서울문화사),2026-05,36000,,3555,688,2026-09-02T09:31:51+09:00,659,-29,3555,0,0,0
387232919,노아 선배는 친구 8,노아 선배는 친구,8,,,아키야마 엔마,서울미디어코믹스(서울문화사),2026-02,5850,9.7,3376,689,2026-09-02T09:31:51+09:00,551,-138,3552,-176,0,0
307010808,지. : 지구의 운동에 대하여 3,지. : 지구의 운동에 대하여,3,,,우오토,문학동네,2022-12,7200,9.5,3407,690,2026-09-02T09:31:51+09:00,845,155,3371,36,0,0
378808440,블루 피리어드 1,블루 피리어드,1,,- 시프트코믹스,야마구치 츠바사,YNK MEDIA(만화),2025-11,5400,9.0,3363,691,2026-09-02T09:31:51+09:00,663,-28,3370,-7,0,0
241030899,소녀종말여행 1~6 박스 세트 - 전6권 (엽서 세트 포함),소녀종말여행 1~6 박스 세트 - 전6권 (엽서 세트 포함),,,- 완결,츠쿠미즈,학산문화사(만화),2020-06,36000,9.6,3362,692,2026-09-02T09:31:51+09:00,848,156,3326,36,0,0
294498008,블루 록 1,블루 록,1,,,노무라 유스케,학산문화사(만화),2020-11,5400,10.0,3276,693,2026-09-02T09:31:51+09:00,849,156,3258,18,0,0
397015748,어떤 여름방학,어떤 여름방학,,,,궁리(박조은),휴머니스트,2026-06,19800,,3090,694,2026-09-02T09:31:51+09:00,671,-23,3140,-50,0,0
374961203,팔견전 23,팔견전,23,,"- 동방팔견이문, S코믹스",아베 미유키,㈜소미미디어,2025-10,5400,10.0,3139,695,2026-09-02T09:31:51+09:00,672,-23,3139,0,0,0
369868343,팔견전 22,팔견전,22,,"- 동방팔견이문, S코믹스",아베 미유키,㈜소미미디어,2025-08,5400,10.0,3030,696,2026-09-02T09:31:51+09:00,673,-23,3109,-79,0,0
398870503,더 죠죠랜즈 3 : 돈벌이할 시간,더 죠죠랜즈 3 : 돈벌이할 시간,,,- 죠죠의 기묘한 모험 Part 9,아라키 히로히코,문학동네,2026-07,7200,10.0,3050,697,2026-09-02T09:31:51+09:00,855,158,3045,5,0,0
323116716,얼굴만으론 좋아할 수 없어요 1,얼굴만으론 좋아할 수 없어요,1,,,안자이 카린,서울미디어코믹스(서울문화사),2022-01,5400,7.0,2835,698,2026-09-02T09:31:51+09:00,458,-240,2925,-90,0,0
397162930,만화 데뷔 못 하면 죽는 병 걸림 4,만화 데뷔 못 하면 죽는 병 걸림,4,,,소흔,파인툰,2026-10,15750,,2730,699,2026-09-02T09:31:51+09:00,563,-136,2875,-145,0,0
345982331,흑무경담 1,흑무경담,1,,- S코믹스,토가와 요난,㈜소미미디어,2024-09,5400,8.6,2838,700,2026-09-02T09:31:51+09:00,676,-24,2838,0,0,0
355242244,흑무경담 2,흑무경담,2,,- S코믹스,토가와 요난,㈜소미미디어,2025-01,5400,9.7,2818,701,2026-09-02T09:31:51+09:00,674,-27,2828,-10,0,0
385950289,마도정병의 슬레이브 19,마도정병의 슬레이브,19,,,타케무라 요헤이,대원씨아이(만화),2026-02,5400,10.0,2870,702,2026-09-02T09:31:51+09:00,,,,,1,0
399523141,정령환상기 28,정령환상기,28,,"- S Novel / 초판 한정 책갈피, 양면커버, 쇼트스토리 리플릿",키타야마 유리,㈜소미미디어,2026-08,8100,,2745,703,2026-09-02T09:31:51+09:00,679,-24,2760,-15,0,0
333640950,먼작귀 5,먼작귀,5,,- 먼가 작고 귀여운 녀석,나가노,미우(대원씨아이),2024-02,10800,10.0,2616,704,2026-09-02T09:31:51+09:00,680,-24,2710,-94,0,0
379189364,발화 1,발화,1,,,영재영,레진코믹스(레진엔터테인먼트),2025-12,14400,10.0,2630,705,2026-09-02T09:31:51+09:00,465,-240,2700,-70,0,0
388562286,양 선배는 혼자서 살아갈 수 없어 1,양 선배는 혼자서 살아갈 수 없어,1,,,soon챠,대원씨아이(만화),2026-03,5850,,2871,706,2026-09-02T09:31:51+09:00,,,,,1,0
372904289,슬램덩크 오리지널 1~31 세트 - 전31권,슬램덩크 오리지널 1~31 세트 - 전31권,,,- 완결,이노우에 타케히코,대원씨아이(만화),2025-09,111600,,2707,707,2026-09-02T09:31:51+09:00,567,-140,2651,56,0,0
399056156,보이는 여고생 12,보이는 여고생,12,,- 픽시하우스,이즈미 토모키,데이즈엔터(주),2026-08,7200,,2500,708,2026-09-02T09:31:51+09:00,381,-327,2650,-150,0,0
320691848,먼작귀 3,먼작귀,3,,- 먼가 작고 귀여운 녀석,나가노,미우(대원씨아이),2023-02,10800,,2622,709,2026-09-02T09:31:51+09:00,684,-25,2641,-19,0,0
393007477,사토리×콤플렉스,사토리×콤플렉스,,,"- 초판 특전 : 양면 일러스트 카드, PET 북마크 스탠드",유히,리크,2026-05,6300,9.6,2580,710,2026-09-02T09:31:51+09:00,688,-22,2630,-50,0,0
336556121,박시백의 고려사 1~5 세트 - 전5권,박시백의 고려사 1~5 세트 - 전5권,,,,박시백,휴머니스트,2024-03,66150,8.0,2555,711,2026-09-02T09:31:51+09:00,690,-21,2625,-70,0,0
369563161,타몬 군 지금 어느 쪽?! 10,타몬 군 지금 어느 쪽?!,10,,,시와스 유키,학산문화사(만화),2025-08,5400,,2668,712,2026-09-02T09:31:51+09:00,685,-27,2623,45,0,0
395477416,타로의 얼렁뚱땅 1,타로의 얼렁뚱땅,1,,,야츠미 츠무,서울미디어코믹스(서울문화사),2026-06,5850,10.0,2950,713,2026-09-02T09:31:51+09:00,,,,,1,0
370798859,할렐루야 베이비 1,할렐루야 베이비,1,,,코지마 라라,AK(에이케이)커뮤니케이션즈,2025-08,5850,10.0,2615,714,2026-09-02T09:31:51+09:00,869,155,2581,34,0,0
400000607,빠져든 침대에서 천사의 자는 얼굴을 보고 싶을 뿐,빠져든 침대에서 천사의 자는 얼굴을 보고 싶을 뿐,,,- #둘이서 저지른 비밀의 교칙 위반,우에스 테츠토,AK(에이케이)커뮤니케이션즈,2026-08,10800,,2640,715,2026-09-02T09:31:51+09:00,689,-26,2520,120,0,0
396136941,세레나 9,세레나,9,,"- 초판 한정 부록 : 일러스트 엽서 1종, 면지에 작가님 친필 사인(인쇄본)",정이나,네이버웹툰,2026-07,14400,,2490,716,2026-09-02T09:31:51+09:00,695,-21,2490,0,0,0
238301861,마스터 키튼 완전판 1~12 세트 - 전12권 (완결),마스터 키튼 완전판 1~12 세트 - 전12권 (완결),,,,,대원씨아이(만화),2012-05,84680,10.0,2706,717,2026-09-02T09:31:51+09:00,,,,,1,0
369056766,사카모토 데이즈 21,사카모토 데이즈,21,,- 오늘의 운세,스즈키 유우토,대원씨아이(만화),2025-07,5850,,2547,718,2026-09-02T09:31:51+09:00,871,153,2466,81,0,0
383277748,장르를 바꿔보도록 하겠습니다 9 (특별판),장르를 바꿔보도록 하겠습니다,9,특별판,- 라스트 레터 1종 + 인생 필름 3종 + 렌티큘러 카드 3종,가린,연담,2026-03,21150,,2422,719,2026-09-02T09:31:51+09:00,691,-28,2445,-23,0,0
86893672,이토준지 자선 걸작집,이토준지 자선 걸작집,,,,이토 준지,미우(대원씨아이),2016-07,12600,8.6,2379,720,2026-09-02T09:31:51+09:00,570,-150,2428,-49,0,0
101106033,스파이더맨 / 데드풀 VOL. 1 : 브로맨틱하지 않나요?,스파이더맨 / 데드풀 VOL. 1 : 브로맨틱하지 않나요?,,,,조 켈리,시공사(만화),2017-01,10800,6.0,2490,721,2026-09-02T09:31:51+09:00,,,,,1,0
395945174,너와 우주를 걷기 위하여 5,너와 우주를 걷기 위하여,5,,,도로노다 이누히코,학산문화사(만화),2026-06,5400,9.7,2265,722,2026-09-02T09:31:51+09:00,471,-251,2350,-85,0,0
399541020,클레바테스 10,클레바테스,10,,,이와하라 유지,오팬스코믹,2026-07,6300,,2165,723,2026-09-02T09:31:51+09:00,696,-27,2300,-135,0,0
374878126,사카모토 데이즈 23,사카모토 데이즈,23,,- 신생살연,스즈키 유우토,대원씨아이(만화),2025-10,5850,,2172,724,2026-09-02T09:31:51+09:00,577,-147,2247,-75,0,0
323998644,먼작귀 4 (콩알도감 포함 특별판),먼작귀,4,콩알도감 포함 특별판,- 먼가 작고 귀여운 녀석,나가노,미우(대원씨아이),2023-09,21600,6.7,2192,725,2026-09-02T09:31:51+09:00,880,155,2192,0,0,0
349368452,악마에 입문했습니다! 이루마 군 : if Episode of 마피아 2,악마에 입문했습니다! 이루마 군 : if Episode of 마피아,2,,,니시 오사무,서울미디어코믹스(서울문화사),2024-10,5850,9.6,2256,726,2026-09-02T09:31:51+09:00,883,157,2186,70,0,0
397021977,리:블루 6,리:블루,6,,,카세 마츠리,대원씨아이(만화),2026-06,5850,9.9,2195,727,2026-09-02T09:31:51+09:00,877,150,2185,10,0,0
397222848,반장으로서의 책임과 의무 7,반장으로서의 책임과 의무,7,,- 그래도 우리는,수신지,귤프레스,2026-06,13500,10.0,2030,728,2026-09-02T09:31:51+09:00,579,-149,2125,-95,0,0
395531072,장송의 프리렌 13,장송의 프리렌,13,,,야마다 카네히토,학산문화사(만화),2024-12,6300,,2200,729,2026-09-02T09:31:51+09:00,884,155,2095,105,0,0
389001364,디그 잇 1,디그 잇,1,,,Yoshidamaru,학산문화사(만화),2026-04,6300,8.0,2000,730,2026-09-02T09:31:51+09:00,702,-28,2095,-95,0,0
399390376,"가까이 와줘, 스피카 1 (특장판)","가까이 와줘, 스피카",1,특장판,- 단행본 + 아크릴 스탠드 + 인화사진 2종 + 일러스트 카드 + 별도 박스 포장,fuyu,대원씨아이(만화),2026-07,18000,10.0,1955,731,2026-09-02T09:31:51+09:00,580,-151,2025,-70,0,0
301396135,오란고교 호스트부 8,오란고교 호스트부,8,,,하토리 비스코,학산문화사(만화),2011-01,5400,,2074,732,2026-09-02T09:31:51+09:00,889,157,2016,58,0,0
308287261,네가 죽을 때까지 사랑하고 싶어 5,네가 죽을 때까지 사랑하고 싶어,5,,,나치 아오노,학산문화사(만화),2023-01,5400,10.0,1935,733,2026-09-02T09:31:51+09:00,705,-28,1995,-60,0,0
399056149,제도성배기담 Fate/type Redline 6,제도성배기담 Fate/type Redline,6,,- 노엔 코믹스 / 초판한정 특별부록 : 일러스트 카드 + 띠지,히라노 료지,데이즈엔터(주),2026-08,7200,10.0,2110,734,2026-09-02T09:31:51+09:00,893,159,1980,130,0,0
398951543,이상한 집 6,이상한 집,6,,,아야노 교,리드비,2026-07,7650,,2005,735,2026-09-02T09:31:51+09:00,581,-154,1975,30,0,0
325418441,먼작귀 2,먼작귀,2,,- 먼가 작고 귀여운 녀석,나가노,미우(대원씨아이),2022-08,10800,,1977,736,2026-09-02T09:31:51+09:00,704,-32,1971,6,0,0
399953662,히마텐! 4,히마텐!,4,,- SL Comic,오노 겐키,디앤씨미디어(주)(D&C미디어),2026-08,6300,,1800,737,2026-09-02T09:31:51+09:00,389,-348,1960,-160,0,0
378826604,얼굴만으론 좋아할 수 없어요 15,얼굴만으론 좋아할 수 없어요,15,,,안자이 카린,서울미디어코믹스(서울문화사),2025-11,5400,10.0,1931,738,2026-09-02T09:31:51+09:00,584,-154,1931,0,0,0
396657276,비밀법인 데스메이커 1,비밀법인 데스메이커,1,,,우나다 마아치,대원씨아이(만화),2026-06,6300,10.0,1810,739,2026-09-02T09:31:51+09:00,709,-30,1930,-120,0,0
400001034,피토스포룸 첫 번째 잎,피토스포룸 첫 번째 잎,,,,미카미 시노,인디고,2026-08,6300,10.0,1790,740,2026-09-02T09:31:51+09:00,390,-350,1920,-130,0,0
290968765,네가 죽을 때까지 사랑하고 싶어 4,네가 죽을 때까지 사랑하고 싶어,4,,,나치 아오노,학산문화사(만화),2022-03,5400,10.0,1846,741,2026-09-02T09:31:51+09:00,710,-31,1876,-30,0,0
342916553,얼굴만으론 좋아할 수 없어요 10,얼굴만으론 좋아할 수 없어요,10,,,안자이 카린,서울미디어코믹스(서울문화사),2024-07,5400,,1771,742,2026-09-02T09:31:51+09:00,586,-156,1825,-54,0,0
398811035,방과 후 제방 일지 14,방과 후 제방 일지,14,,,코사카 야스유키,대원씨아이(만화),2026-07,4950,,1815,743,2026-09-02T09:31:51+09:00,707,-36,1815,0,0,0
396097455,장송의 프리렌 5,장송의 프리렌,5,,,야마다 카네히토,학산문화사(만화),2026-06,6300,,1715,744,2026-09-02T09:31:51+09:00,713,-31,1745,-30,0,0
396048990,SCP가 뭔가요? 1,SCP가 뭔가요?,1,,,하치훈,대원씨아이(만화),2026-06,5850,10.0,1730,745,2026-09-02T09:31:51+09:00,712,-33,1725,5,0,0
399782211,평화로운 나라의 시마자키에게 11,평화로운 나라의 시마자키에게,11,,,세시모 타케시,학산문화사(만화),2026-08,5400,10.0,1760,746,2026-09-02T09:31:51+09:00,898,152,1710,50,0,0
390658499,외톨이에는 익숙하니까요. 약혼자 방치 중! 3,외톨이에는 익숙하니까요. 약혼자 방치 중!,3,,,하레타 준,대원씨아이(만화),2026-04,6750,9.9,1775,747,2026-09-02T09:31:51+09:00,899,152,1694,81,0,0
382235722,긴키 지방의 어느 장소에 대하여 2,긴키 지방의 어느 장소에 대하여,2,,,우스이 츠카사,오팬스코믹,2025-12,7650,9.4,1611,748,2026-09-02T09:31:51+09:00,,,,,1,0
399451834,"신 울어라, 펜 11","신 울어라, 펜",11,,,시마모토 카즈히코,미우(대원씨아이),2026-07,9000,10.0,1705,749,2026-09-02T09:31:51+09:00,903,154,1565,140,0,0
387254198,블리치 리믹스 15,블리치 리믹스,15,,,쿠보 타이토,서울미디어코믹스(서울문화사),2026-02,10800,9.5,1564,750,2026-09-02T09:31:51+09:00,907,157,1492,72,0,0
397363079,백조 무덤 1,백조 무덤,1,,- 만화,앤트스튜디오,디앤씨미디어(주)(D&C미디어),2026-08,14400,,1485,751,2026-09-02T09:31:51+09:00,725,-26,1470,15,0,0
398727927,마법소녀를 동경해서 1 (더블특전판),마법소녀를 동경해서,1,더블특전판,- 초판한정 : 일러스트 카드 1종 + SD 스티커 1종,오노나카 아키히로,대원씨아이(만화),2026-07,6750,7.3,1635,752,2026-09-02T09:31:51+09:00,,,,,1,0
396563330,노이지 룸메이트 6,노이지 룸메이트,6,,,오자키 카호,대원씨아이(만화),2026-06,5400,10.0,1440,753,2026-09-02T09:31:51+09:00,913,160,1405,35,0,0
349229181,단둘만의 로맨틱 1,단둘만의 로맨틱,1,,,카니사와 치히로,학산문화사(만화),2024-10,5400,10.0,1231,754,2026-09-02T09:31:51+09:00,742,-12,1356,-125,0,0
387582151,커들 1,커들,1,,- 수인 오메가버스,하스미 하나,학산문화사(만화),2026-03,6300,,1258,755,2026-09-02T09:31:51+09:00,588,-167,1300,-42,0,0
375650121,블리치 리믹스 13,블리치 리믹스,13,,,쿠보 타이토,서울미디어코믹스(서울문화사),2025-10,10800,10.0,1273,756,2026-09-02T09:31:51+09:00,729,-27,1278,-5,0,0
400007223,버림받은 공작 부인은 평온한 생활을 희망합니다 1,버림받은 공작 부인은 평온한 생활을 희망합니다,1,,- ROSY,카레야타미에,미스터블루,2026-08,9900,,1300,757,2026-09-02T09:31:51+09:00,921,164,1230,70,0,0
399953613,모스크바 2160 4,모스크바 2160,4,,- SL Comic,세키네 코타로,디앤씨미디어(주)(D&C미디어),2026-08,6300,,1430,758,2026-09-02T09:31:51+09:00,,,,,1,0
399543570,이우일의 만화 그리스로마 신화 3,이우일의 만화 그리스로마 신화,3,,- 오뒷세우스,이우일,비채,2026-07,20250,,1215,759,2026-09-02T09:31:51+09:00,930,171,1185,30,0,0
399872446,로스타임에 작별 인사를 Home and Away,로스타임에 작별 인사를 Home and Away,,,- 라르고 맥스 Largo Max,코코미,조은세상(북두),2026-08,5400,10.0,1160,760,2026-09-02T09:31:51+09:00,737,-23,1110,50,0,0
400136964,은하영웅전설 31,은하영웅전설,31,,,후지사키 류,학산문화사(만화),2026-08,5400,,1060,761,2026-09-02T09:31:51+09:00,491,-270,1060,0,0,0
400006895,내가 죽을 뿐인 100가지 괴담 2,내가 죽을 뿐인 100가지 괴담,2,,"- 노엔 코믹스 / 초판한정 특별부록 : 일러스트 카드, 띠지",마토노 안지,데이즈엔터(주),2026-08,7200,10.0,1300,762,2026-09-02T09:31:51+09:00,931,169,1050,250,0,0
399312403,극한견주 6,극한견주,6,,- 출간 기념 선착순 특전: 잘라쓰는 북마크,마일로,북극여우,2026-07,14850,,1515,763,2026-09-02T09:31:51+09:00,,,,,1,0
388433908,사랑해 게임을 끝내고 싶어 7,사랑해 게임을 끝내고 싶어,7,,,도모토 유키,학산문화사(만화),2026-03,5400,10.0,1144,764,2026-09-02T09:31:51+09:00,,,,,1,0
393236862,책벌레의 하극상 제2부 : 책을 위해서라면 무녀가 되겠어 13,책벌레의 하극상 제2부 : 책을 위해서라면 무녀가 되겠어,13,,,스즈카,대원씨아이(만화),2026-05,5400,10.0,990,765,2026-09-02T09:31:51+09:00,593,-172,995,-5,0,0
400653356,"매지컬★익스플로러 : 에로게임의 친구 캐릭터로 전생했지만, 게임 지식을 써서 자유롭게 살아간다 12","매지컬★익스플로러 : 에로게임의 친구 캐릭터로 전생했지만, 게임 지식을 써서 자유롭게 살아간다",12,,- 시프트코믹스,이리스,YNK MEDIA(만화),2026-08,6300,,910,766,2026-09-02T09:31:51+09:00,597,-169,930,-20,0,0
400730154,1초 24,1초,24,,,시니,영컴(YOUNG COM),2026-08,15120,,840,767,2026-09-02T09:31:51+09:00,743,-24,910,-70,0,0
334128695,사랑해 게임을 끝내고 싶어 4,사랑해 게임을 끝내고 싶어,4,,,도모토 유키,학산문화사(만화),2024-02,5400,,904,768,2026-09-02T09:31:51+09:00,937,169,859,45,0,0
399925554,최애의 성벽이 너무 위험하다고요! 1,최애의 성벽이 너무 위험하다고요!,1,,- BB코믹스,하루지ON,㈜소미미디어,2026-08,5850,,930,769,2026-09-02T09:31:51+09:00,745,-24,850,80,0,0
400594105,블랙 라군 : 청소부 소여 해체! 고어고어 무스메 4,블랙 라군 : 청소부 소여 해체! 고어고어 무스메,4,,,이다 타츠히코,서울미디어코믹스(서울문화사),2026-08,5850,10.0,760,770,2026-09-02T09:31:51+09:00,497,-273,800,-40,0,0
400662468,룸 투어즈 2,룸 투어즈,2,,,마츠모토 토모,서울미디어코믹스(서울문화사),2026-08,5400,10.0,690,771,2026-09-02T09:31:51+09:00,500,-271,760,-70,0,0
314179780,못 미더운 악녀입니다만 : ~추궁접서 교체전~ 2,못 미더운 악녀입니다만 : ~추궁접서 교체전~,2,,,EI Ohitsuji,서울미디어코믹스(서울문화사),2023-03,6300,10.0,735,772,2026-09-02T09:31:51+09:00,948,176,658,77,0,0
400585953,떨거지 인어 디아나 1,떨거지 인어 디아나,1,,- S코믹스,스아마,㈜소미미디어,2026-08,6300,,610,773,2026-09-02T09:31:51+09:00,750,-23,630,-20,0,0
401247959,내일은 어느 쪽! 12,내일은 어느 쪽!,12,,- 코믹 라르고 Comic Largo,야마모토 코테츠코,조은세상(북두),2026-09,5400,,430,774,2026-09-02T09:31:51+09:00,760,-14,610,-180,0,0
400708015,영국 낭만 희화 포레스트 아이비 1,영국 낭만 희화 포레스트 아이비,1,,,아마자케 시마,대원씨아이(만화),2026-08,6300,,510,775,2026-09-02T09:31:51+09:00,602,-173,580,-70,0,0
400652954,영세 소녀의 싸우는 법 7,영세 소녀의 싸우는 법,7,,- 시프트코믹스,쿠즈시로,YNK MEDIA(만화),2026-08,5400,,510,776,2026-09-02T09:31:51+09:00,604,-172,580,-70,0,0
392519845,디그 잇 2,디그 잇,2,,,Yoshidamaru,학산문화사(만화),2026-05,6300,6.0,380,777,2026-09-02T09:31:51+09:00,967,190,350,30,0,0
400930488,숲 변두리의 꼬마 마녀 1,숲 변두리의 꼬마 마녀,1,,- S코믹스,후지무라 아유미,㈜소미미디어,2026-09,6300,,380,778,2026-09-02T09:31:51+09:00,971,193,310,70,0,0
400880249,파도였던 날들,파도였던 날들,,,,AJ 덩고,미메시스,2026-09,25200,10.0,410,779,2026-09-02T09:31:51+09:00,,,,,1,0
376840323,체인소 맨 21,체인소 맨,21,,,후지모토 타츠키,학산문화사(만화),2025-11,5400,9.1,14169,780,2026-09-02T09:31:51+09:00,974,194,14109,60,0,0
280840739,주술회전 공식 팬북,주술회전 공식 팬북,,,,아쿠타미 게게,서울미디어코믹스(서울문화사),2021-10,9000,9.8,11436,781,2026-09-02T09:31:51+09:00,,,,,1,0
387708173,GACHIAKUTA 16,GACHIAKUTA,16,,,케이 우라나,학산문화사(만화),2026-03,5400,10.0,11078,782,2026-09-02T09:31:51+09:00,,,,,1,0
309270072,후지모토 타츠키 단편집 17-21,후지모토 타츠키 단편집,17-21,,,후지모토 타츠키,학산문화사(만화),2023-01,5400,8.6,9617,783,2026-09-02T09:31:51+09:00,765,-18,9773,-156,0,0
252254600,귀멸의 칼날 : 공식 팬북 귀살대 견문록,귀멸의 칼날 : 공식 팬북 귀살대 견문록,,,,고토게 코요하루,학산문화사(만화),2020-09,8550,9.6,9513,784,2026-09-02T09:31:51+09:00,767,-17,9496,17,0,0
391479763,"사랑하라, 거짓된 천사들이여 6","사랑하라, 거짓된 천사들이여",6,,- 초판 한정 특전 : 양면 일러스트 카드 2종(지류),Coco Uzuki,서울미디어코믹스(서울문화사),2026-04,5400,10.0,9614,785,2026-09-02T09:31:51+09:00,510,-275,9385,229,0,0
378096466,팬텀 버스터즈 5,팬텀 버스터즈,5,,- 일반판,네오쇼코,㈜소미미디어,2025-11,5850,10.0,9238,786,2026-09-02T09:31:51+09:00,612,-174,9380,-142,0,0
387232917,모모세 아키라의 첫사랑 파탄 중 4 (트리플 특전판),모모세 아키라의 첫사랑 파탄 중,4,트리플 특전판,- 스페셜 아크릴 일러스트 카드(1종) + 반전 매력의 양면 일러스트 카드(2종),하레카와 신타,서울미디어코믹스(서울문화사),2026-02,6750,10.0,8259,787,2026-09-02T09:31:51+09:00,771,-16,8433,-174,0,0
369001873,파이브 스타 스토리 The Five Star Stories 18,파이브 스타 스토리 The Five Star Stories,18,,,나가노 마모루,서울미디어코믹스(서울문화사),2025-07,10800,9.3,7963,788,2026-09-02T09:31:51+09:00,992,204,7936,27,0,0
393727271,전지적 독자 시점 19,전지적 독자 시점,19,,- 초판한정: 캐릭터 카드 1종 + 엽서 1종,슬리피-C,에이템포미디어,2026-05,14850,10.0,7880,789,2026-09-02T09:31:51+09:00,615,-174,7795,85,0,0
283806419,장송의 프리렌 2,장송의 프리렌,2,,,야마다 카네히토,학산문화사(만화),2021-11,5400,9.6,7675,790,2026-09-02T09:31:51+09:00,616,-174,7777,-102,0,0
277000811,명탐정 코난 : 경찰학교 편 - 하,명탐정 코난 : 경찰학교 편 - 하,,,,아라이 타카히로,서울미디어코믹스(서울문화사),2021-08,4950,9.3,7993,791,2026-09-02T09:31:51+09:00,,,,,1,0
382045769,모모세 아키라의 첫사랑 파탄 중 3 (트리플 특전판),모모세 아키라의 첫사랑 파탄 중,3,트리플 특전판,- 홀로그램 일러스트 카드(1종) + 반전 매력의 양면 일러스트 카드(2종),하레카와 신타,서울미디어코믹스(서울문화사),2025-12,6750,9.8,7478,792,2026-09-02T09:31:51+09:00,775,-17,7545,-67,0,0
303424817,주술회전 20,주술회전,20,,- 센다이 -연회 중반-,아쿠타미 게게,서울미디어코믹스(서울문화사),2022-10,5400,9.8,7343,793,2026-09-02T09:31:51+09:00,778,-15,7450,-107,0,0
399784385,별정직 공무원 5 (특별판),별정직 공무원,5,특별판,- 아크릴 누들 스토퍼 + 미니 포스터 5종 + 마우스패드 + 일러스트 포토 4종 + 특별판 박스 (상시 부록 '포토카드' 포함),서재원,학산문화사(만화),2026-08,38700,10.0,7520,794,2026-09-02T09:31:51+09:00,1000,206,7200,320,0,0
324949099,봄의 폭풍과 몬스터 1,봄의 폭풍과 몬스터,1,,,미츠바치 미유키,학산문화사(만화),2023-10,5400,9.7,7110,795,2026-09-02T09:31:51+09:00,619,-176,7110,0,0,0
365046389,쓰레기 기둥서방 하나 군은 죽고 싶어 해 1,쓰레기 기둥서방 하나 군은 죽고 싶어 해,1,,,아메코,대원씨아이(만화),2025-05,5850,10.0,6730,796,2026-09-02T09:31:51+09:00,519,-277,6819,-89,0,0
301706475,주술회전 2,주술회전,2,,,아쿠타미 게게,서울미디어코믹스(서울문화사),2019-03,5400,,6721,797,2026-09-02T09:31:51+09:00,998,201,6721,0,0,0
365660227,모 이야기 2,모 이야기,2,,,최연주,엣눈북스(atnoonbooks),2025-06,20700,9.1,6672,798,2026-09-02T09:31:51+09:00,784,-14,6670,2,0,0
287304526,아름다운 초저녁달 1,아름다운 초저녁달,1,,,야마모리 미카,학산문화사(만화),2022-01,5400,9.5,6598,799,2026-09-02T09:31:51+09:00,622,-177,6622,-24,0,0
364586421,봄의 폭풍과 몬스터 6,봄의 폭풍과 몬스터,6,,,미츠바치 미유키,학산문화사(만화),2025-05,5400,9.7,6571,800,2026-09-02T09:31:51+09:00,,,,,1,0
340343369,쿠이 료코 낙서집 데이드림 아워,쿠이 료코 낙서집 데이드림 아워,,,- S코믹스,쿠이 료코,㈜소미미디어,2024-06,18000,9.6,6478,801,2026-09-02T09:31:51+09:00,,,,,1,0
388745962,옆집 천사님 때문에 어느샌가 인간적으로 타락한 사연 11.5 (소책자 부속 특별판),옆집 천사님 때문에 어느샌가 인간적으로 타락한 사연 11.5,,소책자 부속 특별판,"- Novel Engine, ①특별판 전용 커버 사양 11.5권 본편 (11.5권 일반판과 동일한 일러스트 카드 포함 ※띠지 없음) ②별책 단편집 (※커버 없음) ③전용 슬리브 타입 케이스",사에키상,데이즈엔터(주),2026-04,14400,,6361,802,2026-09-02T09:31:51+09:00,,,,,1,0
132200228,재즈 잇 업! Jazz It Up!,재즈 잇 업! Jazz It Up!,,,"- 남무성의 만화로 보는 재즈의 역사, 출간 15주년 특별 개정증보판",남무성,서해문집,2018-02,24300,9.6,6423,803,2026-09-02T09:31:51+09:00,,,,,1,0
6475285,이토 준지의 고양이일기 욘&무,이토 준지의 고양이일기 욘&무,,,,이토 준지,대원씨아이(만화),2010-02,5400,8.6,5979,804,2026-09-02T09:31:51+09:00,791,-13,5982,-3,0,0
290968392,아름다운 초저녁달 2,아름다운 초저녁달,2,,,야마모리 미카,학산문화사(만화),2022-03,5400,10.0,5782,805,2026-09-02T09:31:51+09:00,796,-9,5811,-29,0,0
333717879,봄의 폭풍과 몬스터 3,봄의 폭풍과 몬스터,3,,,미츠바치 미유키,학산문화사(만화),2024-02,5400,9.9,5798,806,2026-09-02T09:31:51+09:00,624,-182,5798,0,0,0
379454044,학생회에도 구멍은 있다! 공식 풀컬러판 : 《생구멍 셀렉션!》,학생회에도 구멍은 있다! 공식 풀컬러판 : 《생구멍 셀렉션!》,,,- S코믹스,무치마로,㈜소미미디어,2025-12,10800,9.6,5480,807,2026-09-02T09:31:51+09:00,799,-8,5465,15,0,0
338987904,귀멸 학원! 5,귀멸 학원!,5,,,호카미 나츠키,학산문화사(만화),2024-05,5400,10.0,5506,808,2026-09-02T09:31:51+09:00,,,,,1,0
352893694,귀멸 학원! 6,귀멸 학원!,6,,- 완결,호카미 나츠키,학산문화사(만화),2024-11,5400,10.0,5416,809,2026-09-02T09:31:51+09:00,,,,,1,0
305390989,스킵과 로퍼 1,스킵과 로퍼,1,,- 시프트코믹스,타카마츠 미사키,YNK MEDIA(만화),2022-11,5400,9.8,5263,810,2026-09-02T09:31:51+09:00,629,-181,5367,-104,0,0
349422137,봄의 폭풍과 몬스터 5,봄의 폭풍과 몬스터,5,,,미츠바치 미유키,학산문화사(만화),2024-10,5400,9.8,5194,811,2026-09-02T09:31:51+09:00,530,-281,5279,-85,0,0
393112792,비실비실 선생님 13,비실비실 선생님,13,,,후쿠치 카미오,대원씨아이(만화),2026-05,5850,10.0,5200,812,2026-09-02T09:31:51+09:00,804,-8,5225,-25,0,0
388137308,믹스 MIX 24,믹스 MIX,24,,,아다치 미츠루,대원씨아이(만화),2026-03,5400,10.0,5244,813,2026-09-02T09:31:51+09:00,,,,,1,0
383611991,메달리스트 13,메달리스트,13,,,츠루마이카다,학산문화사(만화),2026-01,5400,9.6,5144,814,2026-09-02T09:31:51+09:00,805,-9,5183,-39,0,0
341211935,마루는 강쥐 4,마루는 강쥐,4,,,모죠,문페이스,2024-06,14400,,5174,815,2026-09-02T09:31:51+09:00,,,,,1,0
105525634,공각기동대 -THE GHOST IN THE SHELL-,공각기동대 -THE GHOST IN THE SHELL-,,,,시로 마사무네,대원씨아이(만화),2017-03,14400,9.2,5184,816,2026-09-02T09:31:51+09:00,,,,,1,0
362488315,참을 수 없는 건 사랑인 걸까 1,참을 수 없는 건 사랑인 걸까,1,,,소라하나 미아,대원씨아이(만화),2025-04,5850,9.1,4996,817,2026-09-02T09:31:51+09:00,630,-187,5041,-45,0,0
379953360,슈퍼 러버즈 18,슈퍼 러버즈,18,,,아베 미유키,서울미디어코믹스(서울문화사),2025-12,5400,10.0,5045,818,2026-09-02T09:31:51+09:00,,,,,1,0
388015005,도나츠와 서커스 1~2 완결 스페셜 세트 - 전2권,도나츠와 서커스 1~2 완결 스페셜 세트 - 전2권,,,,오븐,네이버웹툰,2026-05,32400,,4882,819,2026-09-02T09:31:51+09:00,808,-11,4915,-33,0,0
338987945,GACHIAKUTA 3,GACHIAKUTA,3,,,케이 우라나,학산문화사(만화),2024-05,5400,10.0,4908,820,2026-09-02T09:31:51+09:00,,,,,1,0
311362968,헌터x헌터 HunterXHunter 신장판 6,헌터x헌터 HunterXHunter 신장판,6,,,토가시 요시히로,학산문화사(만화),2013-10,5400,10.0,4821,821,2026-09-02T09:31:51+09:00,809,-12,4821,0,0,0
304091956,지박소년 하나코 군 18,지박소년 하나코 군,18,,,아이다이로,서울미디어코믹스(서울문화사),2022-11,5400,9.6,5092,822,2026-09-02T09:31:51+09:00,,,,,1,0
374593353,블루 록 33,블루 록,33,,,노무라 유스케,학산문화사(만화),2025-10,5400,9.3,4752,823,2026-09-02T09:31:51+09:00,,,,,1,0
384102110,완전 쓰레기인 와타라세인데 1,완전 쓰레기인 와타라세인데,1,,,나카가와 파리,대원씨아이(만화),2026-01,5400,9.6,4703,824,2026-09-02T09:31:51+09:00,,,,,1,0
383612053,블루 록 34,블루 록,34,,,노무라 유스케,학산문화사(만화),2026-01,5400,9.5,4769,825,2026-09-02T09:31:51+09:00,,,,,1,0
292995505,지박소년 하나코 군 17,지박소년 하나코 군,17,,,아이다이로,서울미디어코믹스(서울문화사),2022-05,5400,9.7,4875,826,2026-09-02T09:31:51+09:00,,,,,1,0
355156419,아름다운 초저녁달 8,아름다운 초저녁달,8,,,야마모리 미카,학산문화사(만화),2025-01,5400,9.5,4602,827,2026-09-02T09:31:51+09:00,,,,,1,0
369308582,타워 던전 2,타워 던전,2,,,니헤이 츠토무,학산문화사(만화),2025-08,6300,9.9,4582,828,2026-09-02T09:31:51+09:00,537,-291,4582,0,0,0
344711414,명탐정 코난 105,명탐정 코난,105,,,아오야마 고쇼,서울미디어코믹스(서울문화사),2024-08,5400,9.8,4588,829,2026-09-02T09:31:51+09:00,635,-194,4582,6,0,0
367919526,마루는 강쥐 7,마루는 강쥐,7,,,모죠,문페이스,2025-07,14400,,4442,830,2026-09-02T09:31:51+09:00,814,-16,4534,-92,0,0
394711869,김전일 아빠의 사건부 3,김전일 아빠의 사건부,3,,,아마기 세이마루,서울미디어코믹스(서울문화사),2026-06,6300,9.7,4510,831,2026-09-02T09:31:51+09:00,,,,,1,0
7219927,소용돌이 합본판,소용돌이 합본판,,,,이토 준지,시공사(만화),2010-06,14400,9.3,4477,832,2026-09-02T09:31:51+09:00,,,,,1,0
291942810,나루토 Naruto 1,나루토 Naruto,1,,,키시모토 마사시,대원씨아이(만화),2000-09,4950,,4622,833,2026-09-02T09:31:51+09:00,,,,,1,0
105525838,공각기동대 -MANMACHINE INTERFACE-,공각기동대 -MANMACHINE INTERFACE-,,,,시로 마사무네,대원씨아이(만화),2017-03,14400,7.7,4387,834,2026-09-02T09:31:51+09:00,817,-17,4380,7,0,0
396377370,너를 사랑하는 살인귀 1,너를 사랑하는 살인귀,1,,- 시프트코믹스,아키야마 엔마,YNK MEDIA(만화),2026-06,5400,10.0,4145,835,2026-09-02T09:31:51+09:00,639,-196,4285,-140,0,0
382042317,디 그레이 맨 29,디 그레이 맨,29,,,호시노 카츠라,대원씨아이(만화),2025-12,5400,10.0,4179,836,2026-09-02T09:31:51+09:00,,,,,1,0
301708798,주술회전 13,주술회전,13,,,아쿠타미 게게,서울미디어코믹스(서울문화사),2021-03,5400,,4113,837,2026-09-02T09:31:51+09:00,644,-193,4113,0,0,0
341934453,동경일일 3,동경일일,3,,- 완결,마츠모토 타이요,문학동네,2024-06,9900,9.6,4102,838,2026-09-02T09:31:51+09:00,,,,,1,0
387904062,오달자의 봄,오달자의 봄,,,,김수정,둘리나라,2026-03,16200,9.9,3940,839,2026-09-02T09:31:51+09:00,650,-189,4020,-80,0,0
385522283,운명의 사람을 만나는 이야기 7,운명의 사람을 만나는 이야기,7,,,아나신,학산문화사(만화),2026-02,5400,9.9,4049,840,2026-09-02T09:31:51+09:00,828,-12,4010,39,0,0
344254532,GACHIAKUTA 6,GACHIAKUTA,6,,,케이 우라나,학산문화사(만화),2024-08,5400,10.0,3972,841,2026-09-02T09:31:51+09:00,827,-14,3901,71,0,0
382707103,소년X소녀 일러스트&스티커북,소년X소녀 일러스트&스티커북,,,,규잉,서울미디어코믹스(서울문화사),2025-12,18000,7.2,3896,842,2026-09-02T09:31:51+09:00,,,,,1,0
320877909,꿈빛 파티시엘 신장판 12,꿈빛 파티시엘 신장판,12,,- 완결,마츠모토 나츠미,대원씨아이(만화),2023-07,5400,,3935,843,2026-09-02T09:31:51+09:00,830,-13,3885,50,0,0
325301274,슈가슈가 룬 박스 세트 - 전8권,슈가슈가 룬 박스 세트 - 전8권,,,,모요코 안노,학산문화사(만화),2023-09,50400,10.0,3869,844,2026-09-02T09:31:51+09:00,,,,,1,0
362628387,사카모토 데이즈 18,사카모토 데이즈,18,,,스즈키 유우토,대원씨아이(만화),2024-11,5850,,3695,845,2026-09-02T09:31:51+09:00,834,-11,3785,-90,0,0
320877802,꿈빛 파티시엘 신장판 11,꿈빛 파티시엘 신장판,11,,,마츠모토 나츠미,대원씨아이(만화),2023-07,5400,10.0,3804,846,2026-09-02T09:31:51+09:00,833,-13,3749,55,0,0
369868455,야쿠자 때문에 목욕탕에서 일하고 있습니다 2,야쿠자 때문에 목욕탕에서 일하고 있습니다,2,,- 루나 코믹스,타카시,㈜소미미디어,2025-08,5850,9.8,3660,847,2026-09-02T09:31:51+09:00,836,-11,3718,-58,0,0
303284033,진격의 거인 18~34 박스 세트 Part 2 - 전17권,진격의 거인 18~34 박스 세트 Part 2 - 전17권,,,- PVC카드 17매 동봉,이사야마 하지메,학산문화사(만화),2022-10,91800,,3658,848,2026-09-02T09:31:51+09:00,653,-195,3710,-52,0,0
294617796,귀멸의 칼날 1,귀멸의 칼날,1,,,고토게 코요하루,학산문화사(만화),2017-09,5400,8.0,3747,849,2026-09-02T09:31:51+09:00,,,,,1,0
398843926,무대 담당과 악역 군 2,무대 담당과 악역 군,2,,- 완결 / 초판 한정 양면 일러스트 카드 2종,야마시나 티나,㈜소미미디어,2026-07,6300,,3690,850,2026-09-02T09:31:51+09:00,,,,,1,0
337393287,내 마음의 위험한 녀석 9,내 마음의 위험한 녀석,9,,- S코믹스,사쿠라이 노리오,㈜소미미디어,2024-04,6300,9.8,3515,851,2026-09-02T09:31:51+09:00,837,-14,3549,-34,0,0
327273874,원룸 조교님 1,원룸 조교님,1,,,지붕,유어마나(거북이북스),2023-10,15300,9.0,3563,852,2026-09-02T09:31:51+09:00,,,,,1,0
295224714,귀멸의 칼날 6,귀멸의 칼날,6,,,고토게 코요하루,학산문화사(만화),2018-10,5400,,3533,853,2026-09-02T09:31:51+09:00,843,-10,3519,14,0,0
397294900,비교하고 검토하는 교열부의 쿠쥬 씨 2,비교하고 검토하는 교열부의 쿠쥬 씨,2,,,고이시 유카,서교책방,2026-07,11520,10.0,3435,854,2026-09-02T09:31:51+09:00,840,-14,3495,-60,0,0
391001172,매니저의 나날 2,매니저의 나날,2,,,야마모토 소이치로,대원씨아이(만화),2026-04,6750,,3482,855,2026-09-02T09:31:51+09:00,,,,,1,0
388858246,야쿠자 때문에 목욕탕에서 일하고 있습니다 3,야쿠자 때문에 목욕탕에서 일하고 있습니다,3,,,타카시,㈜소미미디어,2026-04,5850,9.9,3412,856,2026-09-02T09:31:51+09:00,839,-17,3457,-45,0,0
295418499,지. : 지구의 운동에 대하여 2,지. : 지구의 운동에 대하여,2,,,우오토,문학동네,2022-05,7200,9.8,3464,857,2026-09-02T09:31:51+09:00,,,,,1,0
393756075,폭식 너무 좋아! 모치즈키 양 3,폭식 너무 좋아! 모치즈키 양,3,,,마루요노 카모메,대원씨아이(만화),2026-05,6300,9.8,3570,858,2026-09-02T09:31:51+09:00,,,,,1,0
298203594,나루토 Naruto 3,나루토 Naruto,3,,,키시모토 마사시,대원씨아이(만화),2000-11,4950,,3421,859,2026-09-02T09:31:51+09:00,838,-21,3393,28,0,0
353713801,봇치·더·록! 외전 히로이 키쿠리의 과음일기 1,봇치·더·록! 외전 히로이 키쿠리의 과음일기,1,,,쿠미쵸,대원씨아이(만화),2024-12,8100,9.8,3420,860,2026-09-02T09:31:51+09:00,,,,,1,0
295225182,귀멸의 칼날 14,귀멸의 칼날,14,,,고토게 코요하루,학산문화사(만화),2020-01,5400,,3355,861,2026-09-02T09:31:51+09:00,,,,,1,0
398009982,한구석의 기억 1,한구석의 기억,1,,,키요나가 타마고,빗금,2026-07,6750,10.0,3220,862,2026-09-02T09:31:51+09:00,451,-411,3330,-110,0,0
322441168,꿈빛 파티시엘 신장판 4,꿈빛 파티시엘 신장판,4,,,마츠모토 나츠미,대원씨아이(만화),2023-08,5400,,3361,863,2026-09-02T09:31:51+09:00,844,-19,3327,34,0,0
327274039,원룸 조교님 2,원룸 조교님,2,,,지붕,유어마나(거북이북스),2023-10,15300,,3322,864,2026-09-02T09:31:51+09:00,,,,,1,0
391350801,나나 NANA 완전판 8,나나 NANA 완전판,8,,"- 초판 한정: PP엽서 1종, 포토카드 1종",야자와 아이,학산문화사(만화),2026-04,10800,,3292,865,2026-09-02T09:31:51+09:00,850,-15,3278,14,0,0
322441190,꿈빛 파티시엘 신장판 5,꿈빛 파티시엘 신장판,5,,,마츠모토 나츠미,대원씨아이(만화),2023-08,5400,,3310,866,2026-09-02T09:31:51+09:00,847,-19,3272,38,0,0
379954205,팔견전 24,팔견전,24,,"- 동방팔견이문, S코믹스, 완결",아베 미유키,㈜소미미디어,2025-12,5400,8.5,3262,867,2026-09-02T09:31:51+09:00,853,-14,3262,0,0,0
385543603,악마에 입문했습니다! 이루마 군 : if Episode of 마피아 6,악마에 입문했습니다! 이루마 군 : if Episode of 마피아,6,,,니시 오사무,서울미디어코믹스(서울문화사),2026-02,5850,9.9,3315,868,2026-09-02T09:31:51+09:00,,,,,1,0
307010996,지. : 지구의 운동에 대하여 4,지. : 지구의 운동에 대하여,4,,,우오토,문학동네,2022-12,7200,9.8,3215,869,2026-09-02T09:31:51+09:00,,,,,1,0
394171104,이력서 2,이력서,2,,,유월,블루픽,2026-05,14220,10.0,3370,870,2026-09-02T09:31:51+09:00,,,,,1,0
353581099,내 마음의 위험한 녀석 10,내 마음의 위험한 녀석,10,,- S코믹스,사쿠라이 노리오,㈜소미미디어,2024-12,6300,9.2,3173,871,2026-09-02T09:31:51+09:00,852,-19,3173,0,0,0
332864221,악역 영애 안의 사람 1,악역 영애 안의 사람,1,,,시라우메 나즈나,데이즈엔터(주),2024-01,5400,10.0,3293,872,2026-09-02T09:31:51+09:00,,,,,1,0
295225057,귀멸의 칼날 11,귀멸의 칼날,11,,,고토게 코요하루,학산문화사(만화),2019-10,5400,,3219,873,2026-09-02T09:31:51+09:00,,,,,1,0
372013929,지박소년 하나코 군 24,지박소년 하나코 군,24,,,아이다이로,서울미디어코믹스(서울문화사),2025-09,5400,,3240,874,2026-09-02T09:31:51+09:00,,,,,1,0
326990757,지. : 지구의 운동에 대하여 5,지. : 지구의 운동에 대하여,5,,,우오토,문학동네,2023-10,7200,9.6,3095,875,2026-09-02T09:31:51+09:00,,,,,1,0
341682079,패배 히로인이 너무 많아! 5,패배 히로인이 너무 많아!,5,,- Novel Engine,아마모리 타키비,데이즈엔터(주),2024-07,6750,9.3,3223,876,2026-09-02T09:31:51+09:00,,,,,1,0
383428976,Veil 6,Veil,6,,"- S코믹스, JAPAN EXPO 최우수작화상, 최우수장정상 수상",코테리,㈜소미미디어,2026-01,11520,9.7,2892,877,2026-09-02T09:31:51+09:00,863,-14,2895,-3,0,0
369055987,사카모토 데이즈 21 : NAGUMO DIYS 특별판,사카모토 데이즈 21 : NAGUMO DIYS 특별판,,,- DIY 아크릴 디오라마 스탠드 1세트 + DIY 아크릴 참 3종 + DIY 아크릴 포토 프레임 1세트 + 컬러 포토 카드 4종 + 모노크롬 스티커팩 1종 + 스페셜 일러스트 보드 1종 + 네임택 스트랩 1종 + 캔배지 2종 + 구성품 안내지 + 박스,스즈키 유우토,대원씨아이(만화),2025-07,68850,10.0,2866,878,2026-09-02T09:31:51+09:00,862,-16,2871,-5,0,0
378808731,블루 피리어드 2,블루 피리어드,2,,- 시프트코믹스,야마구치 츠바사,YNK MEDIA(만화),2025-12,5400,,2810,879,2026-09-02T09:31:51+09:00,677,-202,2837,-27,0,0
372071162,참을 수 없는 건 사랑인 걸까 4,참을 수 없는 건 사랑인 걸까,4,,,소라하나 미아,대원씨아이(만화),2025-09,5850,10.0,2941,880,2026-09-02T09:31:51+09:00,,,,,1,0
388510775,블루 피리어드 3,블루 피리어드,3,,- 시프트코믹스,야마구치 츠바사,YNK MEDIA(만화),2026-03,5400,10.0,2783,881,2026-09-02T09:31:51+09:00,678,-203,2818,-35,0,0
23585900,애니메이터 서바이벌 키트,애니메이터 서바이벌 키트,,,- 증보판,리처드 윌리엄스,한울(한울아카데미),2020-11,52000,8.6,2773,882,2026-09-02T09:31:51+09:00,,,,,1,0
391284987,블루 피리어드 4,블루 피리어드,4,,- 시프트코믹스,야마구치 츠바사,YNK MEDIA(만화),2026-04,5400,,2829,883,2026-09-02T09:31:51+09:00,,,,,1,0
304629310,블루 록 3,블루 록,3,,,노무라 유스케,학산문화사(만화),2021-02,5400,10.0,2710,884,2026-09-02T09:31:51+09:00,,,,,1,0
389481532,묘쌤은 이렇게 말했다 10,묘쌤은 이렇게 말했다,10,,- S코믹스,무테키 소다,㈜소미미디어,2026-04,6300,9.5,2595,885,2026-09-02T09:31:51+09:00,682,-203,2637,-42,0,0
337103761,나 혼자만 레벨업 5,나 혼자만 레벨업,5,,- 만화,장성락(REDICE STUDIO),디앤씨웹툰비즈,2021-10,14400,9.3,2611,886,2026-09-02T09:31:51+09:00,870,-16,2574,37,0,0
334780507,얼굴만으론 좋아할 수 없어요 2,얼굴만으론 좋아할 수 없어요,2,,,안자이 카린,서울미디어코믹스(서울문화사),2022-04,5400,,2497,887,2026-09-02T09:31:51+09:00,467,-420,2562,-65,0,0
323288688,내 마음의 위험한 녀석 8,내 마음의 위험한 녀석,8,,- S코믹스,사쿠라이 노리오,㈜소미미디어,2023-09,6300,9.7,2530,888,2026-09-02T09:31:51+09:00,866,-22,2561,-31,0,0
324950007,운명의 사람을 만나는 이야기 3,운명의 사람을 만나는 이야기,3,,,아나신,학산문화사(만화),2023-09,5400,9.5,2753,889,2026-09-02T09:31:51+09:00,,,,,1,0
319093776,100미터 1,100미터,1,,,우오토,학산문화사(만화),2023-06,8100,10.0,2738,890,2026-09-02T09:31:51+09:00,,,,,1,0
336005906,나 혼자만 레벨업 1,나 혼자만 레벨업,1,,- 만화,장성락(REDICE STUDIO),디앤씨웹툰비즈,2019-09,14400,9.3,2436,891,2026-09-02T09:31:51+09:00,879,-12,2442,-6,0,0
393626220,구룡 제네릭 로맨스 11,구룡 제네릭 로맨스,11,,"- S코믹스/ 초판 한정 렌티큘러 카드, 일러스트 카드",마유즈키 준,㈜소미미디어,2026-05,6300,9.8,2440,892,2026-09-02T09:31:51+09:00,573,-319,2440,0,0,0
396137173,세레나 10,세레나,10,,"- 초판 한정 부록 : 일러스트 엽서 1종, 면지에 작가님 친필 사인(인쇄본)",정이나,네이버웹툰,2026-07,16020,,2385,893,2026-09-02T09:31:51+09:00,876,-17,2385,0,0,0
304629473,블루 록 6,블루 록,6,,,노무라 유스케,학산문화사(만화),2021-06,5400,,2301,894,2026-09-02T09:31:51+09:00,873,-21,2381,-80,0,0
382418825,드래곤볼 완전판 가이드북 FOREVER,드래곤볼 완전판 가이드북 FOREVER,,,,토리야마 아키라,서울미디어코믹스(서울문화사),2025-12,12600,,2429,895,2026-09-02T09:31:51+09:00,,,,,1,0
395745585,이런 게 좋아 12,이런 게 좋아,12,,,소류,학산문화사(만화),2026-06,7200,9.7,2375,896,2026-09-02T09:31:51+09:00,,,,,1,0
378051373,카구라바치 8,카구라바치,8,,,호카조노 타케루,대원씨아이(만화),2025-11,5850,,2345,897,2026-09-02T09:31:51+09:00,878,-19,2345,0,0,0
338119636,운명의 사람을 만나는 이야기 4,운명의 사람을 만나는 이야기,4,,,아나신,학산문화사(만화),2024-04,5400,9.9,2388,898,2026-09-02T09:31:51+09:00,,,,,1,0
386478518,이 땅에 ADHD로 태어나,이 땅에 ADHD로 태어나,,,,비스카차,유유히,2026-03,17100,10.0,2109,899,2026-09-02T09:31:51+09:00,885,-14,2273,-164,0,0
326203733,얼굴만으론 좋아할 수 없어요 8,얼굴만으론 좋아할 수 없어요,8,,,안자이 카린,서울미디어코믹스(서울문화사),2023-10,5400,,2216,900,2026-09-02T09:31:51+09:00,699,-201,2236,-20,0,0
376977094,오디세이,오디세이,,,"- 사로잡는 강렬한 그래픽, 교실에서 검증된 탁월한 해석력, 누구나 완독할 수 있는",가레스 하인즈,인간희극,2025-12,16200,9.0,2586,901,2026-09-02T09:31:51+09:00,,,,,1,0
321812915,오란고교 호스트부 3,오란고교 호스트부,3,,,하토리 비스코,학산문화사(만화),2004-05,5400,,2149,902,2026-09-02T09:31:51+09:00,698,-204,2215,-66,0,0
298972634,나루토 Naruto 8,나루토 Naruto,8,,,키시모토 마사시,대원씨아이(만화),2001-10,4950,,2376,903,2026-09-02T09:31:51+09:00,,,,,1,0
301570726,나루토 Naruto 43,나루토 Naruto,43,,,키시모토 마사시,대원씨아이(만화),2008-12,5400,10.0,2344,904,2026-09-02T09:31:51+09:00,,,,,1,0
368681375,귀엽다는 말 들은 적 없어!! 10,귀엽다는 말 들은 적 없어!!,10,,,하루후지 나카바,대원씨아이(만화),2025-07,4500,9.8,2238,905,2026-09-02T09:31:51+09:00,882,-23,2163,75,0,0
319093936,100미터 2,100미터,2,,,우오토,학산문화사(만화),2023-06,8100,10.0,2375,906,2026-09-02T09:31:51+09:00,,,,,1,0
311057046,명탐정 코난 : 경찰학교 셀렉션,명탐정 코난 : 경찰학교 셀렉션,,,- 특별 편집 코믹스,아오야마 고쇼,서울미디어코믹스(서울문화사),2023-02,10800,,2307,907,2026-09-02T09:31:51+09:00,,,,,1,0
395513879,시노와 렌 4,시노와 렌,4,,- SL Comic,치구사 미노리,디앤씨미디어(주)(D&C미디어),2026-06,10800,10.0,1930,908,2026-09-02T09:31:51+09:00,700,-208,2050,-120,0,0
294260782,팔견전 14,팔견전,14,,"- 동방팔견이문, S코믹스",아베 미유키,㈜소미미디어,2022-05,6300,8.7,1958,909,2026-09-02T09:31:51+09:00,886,-23,2030,-72,0,0
319094091,100미터 5,100미터,5,,,우오토,학산문화사(만화),2023-06,8100,10.0,2417,910,2026-09-02T09:31:51+09:00,,,,,1,0
310530480,만화로 보는 일리아스,만화로 보는 일리아스,,,- 트로이의 노래,동사원형,한빛비즈,2023-02,17550,9.9,1890,911,2026-09-02T09:31:51+09:00,706,-205,2017,-127,0,0
338379758,이거 그리고 죽어 1,이거 그리고 죽어,1,,,토요다 미노루,대원씨아이(만화),2024-04,5400,9.7,2017,912,2026-09-02T09:31:51+09:00,,,,,1,0
314184207,팔견전 16,팔견전,16,,"- 동방팔견이문, S코믹스",아베 미유키,㈜소미미디어,2023-04,6300,9.3,1893,913,2026-09-02T09:31:51+09:00,890,-23,1982,-89,0,0
319093999,100미터 3,100미터,3,,,우오토,학산문화사(만화),2023-06,8100,10.0,2371,914,2026-09-02T09:31:51+09:00,,,,,1,0
319094052,100미터 4,100미터,4,,,우오토,학산문화사(만화),2023-06,8100,10.0,2366,915,2026-09-02T09:31:51+09:00,,,,,1,0
385521705,벡 Beck 신장판 1,벡 Beck 신장판,1,,,해롤드 사쿠이시,학산문화사(만화),2026-02,10800,6.8,1983,916,2026-09-02T09:31:51+09:00,891,-25,1969,14,0,0
352662803,소라닌 신장판,소라닌 신장판,,,,아사노 이니오,서울미디어코믹스(서울문화사),2024-11,18000,8.0,1934,917,2026-09-02T09:31:51+09:00,,,,,1,0
326489876,네가 죽을 때까지 사랑하고 싶어 6,네가 죽을 때까지 사랑하고 싶어,6,,,나치 아오노,학산문화사(만화),2023-10,5400,10.0,1917,918,2026-09-02T09:31:51+09:00,894,-24,1947,-30,0,0
394841350,장송의 프리렌 6,장송의 프리렌,6,,,야마다 카네히토,학산문화사(만화),2022-03,6300,,1890,919,2026-09-02T09:31:51+09:00,892,-27,1925,-35,0,0
334207343,얼굴만으론 좋아할 수 없어요 5,얼굴만으론 좋아할 수 없어요,5,,,안자이 카린,서울미디어코믹스(서울문화사),2022-09,5400,,1868,920,2026-09-02T09:31:51+09:00,583,-337,1913,-45,0,0
355888808,팔견전 20,팔견전,20,,"- 동방팔견이문, S코믹스",아베 미유키,㈜소미미디어,2025-01,6300,10.0,1784,921,2026-09-02T09:31:51+09:00,708,-213,1886,-102,0,0
322947641,오란고교 호스트부 17,오란고교 호스트부,17,,,하토리 비스코,학산문화사(만화),2011-02,5400,,1954,922,2026-09-02T09:31:51+09:00,,,,,1,0
328061218,팔견전 17,팔견전,17,,"- 동방팔견이문, S코믹스",아베 미유키,㈜소미미디어,2023-11,6300,,1858,923,2026-09-02T09:31:51+09:00,895,-28,1858,0,0,0
344452803,팔견전 19,팔견전,19,,"- 동방팔견이문, S코믹스",아베 미유키,㈜소미미디어,2024-08,6300,10.0,1730,924,2026-09-02T09:31:51+09:00,711,-213,1829,-99,0,0
335330575,팔견전 18,팔견전,18,,"- 동방팔견이문, S코믹스",아베 미유키,㈜소미미디어,2024-03,6300,6.8,1768,925,2026-09-02T09:31:51+09:00,714,-211,1768,0,0,0
374951156,얼음 성벽 11,얼음 성벽,11,,,아가사와 코챠,학산문화사(만화),2025-10,9000,10.0,1894,926,2026-09-02T09:31:51+09:00,,,,,1,0
291487356,하이큐!! 31,하이큐!!,31,,- 히어로,후루다테 하루이치,대원씨아이(만화),2018-09,4950,,1798,927,2026-09-02T09:31:51+09:00,,,,,1,0
302960457,팔견전 15,팔견전,15,,"- 동방팔견이문, S코믹스",아베 미유키,㈜소미미디어,2022-10,6300,7.6,1737,928,2026-09-02T09:31:51+09:00,902,-26,1737,0,0,0
399381461,종말의 발키리 26,종말의 발키리,26,,,우메무라 신야,대원씨아이(만화),2026-07,4950,10.0,1660,929,2026-09-02T09:31:51+09:00,900,-29,1735,-75,0,0
394695697,마법기사 레이어스 원화집,마법기사 레이어스 원화집,,,,CLAMP,학산문화사(만화),2026-06,34200,,1885,930,2026-09-02T09:31:51+09:00,,,,,1,0
340411847,이거 그리고 죽어 2,이거 그리고 죽어,2,,,토요다 미노루,대원씨아이(만화),2024-05,5400,9.5,1731,931,2026-09-02T09:31:51+09:00,,,,,1,0
398811124,사장과 술과 별 3,사장과 술과 별,3,,,즈리 키시,대원씨아이(만화),2026-07,5850,,1680,932,2026-09-02T09:31:51+09:00,717,-215,1680,0,0,0
300851320,몬스터 완전판 7,몬스터 완전판,7,,,우라사와 나오키,서울미디어코믹스(서울문화사),2022-09,14400,,1737,933,2026-09-02T09:31:51+09:00,,,,,1,0
333361531,길가메쉬,길가메쉬,,,,옌스 하르더,마르코폴로,2024-02,18000,9.7,1569,934,2026-09-02T09:31:51+09:00,718,-216,1657,-88,0,0
391834809,버그 에고 1,버그 에고,1,,"- S코믹스 /초판 한정 일러스트 카드 2종, 렌티큘러 카드",시타라 키요토,㈜소미미디어,2026-05,6300,10.0,1641,935,2026-09-02T09:31:51+09:00,897,-38,1641,0,0,0
342061810,이거 그리고 죽어 3,이거 그리고 죽어,3,,,토요다 미노루,대원씨아이(만화),2024-06,5400,10.0,1591,936,2026-09-02T09:31:51+09:00,,,,,1,0
301188387,나루토 Naruto 44,나루토 Naruto,44,,,키시모토 마사시,대원씨아이(만화),2009-03,4950,,1714,937,2026-09-02T09:31:51+09:00,,,,,1,0
390588755,통제구역관리부 2,통제구역관리부,2,,,탄광,다산코믹스,2026-04,18900,,1663,938,2026-09-02T09:31:51+09:00,,,,,1,0
322947468,아인 13,아인,13,,,사쿠라이 가몬,학산문화사(만화),2019-03,5400,,1548,939,2026-09-02T09:31:51+09:00,908,-31,1503,45,0,0
387323690,패배 히로인이 너무 많아! @comic 2,패배 히로인이 너무 많아! @comic,2,,,이타치,재담,2026-02,6300,,1435,940,2026-09-02T09:31:51+09:00,917,-23,1435,0,0,0
300076543,나루토 Naruto 50,나루토 Naruto,50,,,키시모토 마사시,대원씨아이(만화),2010-06,4950,6.0,1619,941,2026-09-02T09:31:51+09:00,,,,,1,0
385238703,패배 히로인이 너무 많아! @comic 1,패배 히로인이 너무 많아! @comic,1,,,이타치,재담,2026-01,6300,8.4,1438,942,2026-09-02T09:31:51+09:00,,,,,1,0
351722750,단둘만의 로맨틱 2,단둘만의 로맨틱,2,,,카니사와 치히로,학산문화사(만화),2024-11,5400,10.0,1243,943,2026-09-02T09:31:51+09:00,934,-9,1373,-130,0,0
400543325,쿠로이와 메다카에게 내 귀여움이 통하지 않아 23,쿠로이와 메다카에게 내 귀여움이 통하지 않아,23,,,쿠제 란,대원씨아이(만화),2026-08,5400,10.0,1200,944,2026-09-02T09:31:51+09:00,919,-25,1330,-130,0,0
371390937,배가본드 2,배가본드,2,,,이노우에 타케히코,학산문화사(만화),1999-03,6300,,1527,945,2026-09-02T09:31:51+09:00,,,,,1,0
287237782,하이큐!! 컴플리트 일러스트레이션 북 끝과 시작,하이큐!! 컴플리트 일러스트레이션 북 끝과 시작,,,,후루다테 하루이치,대원씨아이(만화),2022-01,36000,9.5,1461,946,2026-09-02T09:31:51+09:00,,,,,1,0
355732920,단둘만의 로맨틱 3,단둘만의 로맨틱,3,,- 완결,카니사와 치히로,학산문화사(만화),2025-01,5400,10.0,1169,947,2026-09-02T09:31:51+09:00,938,-9,1299,-130,0,0
381584698,Re : 제로부터 시작하는 이세계 생활 28,Re : 제로부터 시작하는 이세계 생활,28,,- Novel Engine,나가츠키 탓페이,데이즈엔터(주),2025-12,7200,10.0,1285,948,2026-09-02T09:31:51+09:00,726,-222,1285,0,0,0
370934076,동인녀의 감정 1 : 동인판,동인녀의 감정 1 : 동인판,,,,사나다 츠즈루,길찾기,2025-09,7200,9.8,1222,949,2026-09-02T09:31:51+09:00,926,-23,1222,0,0,0
399872215,니시코 군과 히가시가와 군 1,니시코 군과 히가시가와 군,1,,- 라르고 맥스 Largo Max,사토 슈가,조은세상(북두),2026-08,5400,,1240,950,2026-09-02T09:31:51+09:00,,,,,1,0
396803899,"새벽, 구름, 강 6","새벽, 구름, 강",6,,- 완결,마증지,봄툰,2026-06,15300,,1170,951,2026-09-02T09:31:51+09:00,731,-220,1215,-45,0,0
338563463,블리치 리믹스 2,블리치 리믹스,2,,,쿠보 타이토,서울미디어코믹스(서울문화사),2024-04,10800,10.0,1389,952,2026-09-02T09:31:51+09:00,,,,,1,0
398836644,장하다! 원조 괴짜가족 13,장하다! 원조 괴짜가족,13,,,하마오카 켄지,서울미디어코믹스(서울문화사),2026-07,4500,,1185,953,2026-09-02T09:31:51+09:00,,,,,1,0
399452036,핑크 하트 잼 beat 2,핑크 하트 잼 beat,2,,- B愛+745,싯케,대원씨아이(만화),2026-07,5850,,1100,954,2026-09-02T09:31:51+09:00,927,-27,1150,-50,0,0
399973927,여주인공인데 잘생긴 아이돌♂이 되었습니다?! 3,여주인공인데 잘생긴 아이돌♂이 되었습니다?!,3,,,아이젠 마나,학산문화사(만화),2026-08,5400,10.0,1100,955,2026-09-02T09:31:51+09:00,490,-465,1140,-40,0,0
341991722,블리치 리믹스 4,블리치 리믹스,4,,,쿠보 타이토,서울미디어코믹스(서울문화사),2024-06,10800,10.0,1315,956,2026-09-02T09:31:51+09:00,,,,,1,0
396653696,산가지는 도깨비의 꿈을 꾼다 4,산가지는 도깨비의 꿈을 꾼다,4,,,LAPIS,다산코믹스,2026-06,18000,,1225,957,2026-09-02T09:31:51+09:00,,,,,1,0
399046795,도쿄대 세 자매 1,도쿄대 세 자매,1,,,이소야 유키,대원씨아이(만화),2026-07,5850,10.0,1025,958,2026-09-02T09:31:51+09:00,740,-218,1095,-70,0,0
393162271,데스 노트 Death Note 2,데스 노트 Death Note,2,,,오바 츠구미,대원씨아이(만화),2004-12,6300,,1025,959,2026-09-02T09:31:51+09:00,933,-26,1075,-50,0,0
391206653,데스 노트 Death Note 10,데스 노트 Death Note,10,,,오바 츠구미,대원씨아이(만화),2026-04,6300,,1040,960,2026-09-02T09:31:51+09:00,734,-226,1070,-30,0,0
398728056,마법소녀를 동경해서 4 (더블특전판),마법소녀를 동경해서,4,더블특전판,- 초판한정 : 일러스트 카드 1종 + SD 스티커 1종,오노나카 아키히로,대원씨아이(만화),2026-07,6750,,1325,961,2026-09-02T09:31:51+09:00,,,,,1,0
400585962,특별한 도라에몽 : 언제나 마음속에 친구 편 9,특별한 도라에몽 : 언제나 마음속에 친구 편,9,,,후지코 F. 후지오,대원씨아이(만화),2026-08,8100,,930,962,2026-09-02T09:31:51+09:00,746,-216,1030,-100,0,0
391206780,데스 노트 Death Note 11,데스 노트 Death Note,11,,,오바 츠구미,대원씨아이(만화),2006-10,6300,,985,963,2026-09-02T09:31:51+09:00,736,-227,1020,-35,0,0
369851616,사랑해 게임을 끝내고 싶어 6,사랑해 게임을 끝내고 싶어,6,,,도모토 유키,학산문화사(만화),2025-08,5400,10.0,1050,964,2026-09-02T09:31:51+09:00,,,,,1,0
400586342,펜과 수갑과 사실혼 4,펜과 수갑과 사실혼,4,,,사와라기 신이치,학산문화사(만화),2026-08,5400,,1000,965,2026-09-02T09:31:51+09:00,738,-227,960,40,0,0
200656574,아이들의 장난감 애장판 1~7 세트 - 전7권 (완결),아이들의 장난감 애장판 1~7 세트 - 전7권 (완결),,,,오바나 미호,학산문화사(만화),2019-07,40320,10.0,1096,966,2026-09-02T09:31:51+09:00,,,,,1,0
344690001,사랑해 게임을 끝내고 싶어 5,사랑해 게임을 끝내고 싶어,5,,,도모토 유키,학산문화사(만화),2024-08,5400,10.0,945,967,2026-09-02T09:31:51+09:00,,,,,1,0
324002854,사랑해 게임을 끝내고 싶어 2,사랑해 게임을 끝내고 싶어,2,,,도모토 유키,학산문화사(만화),2023-09,5400,10.0,949,968,2026-09-02T09:31:51+09:00,,,,,1,0
400585852,택배기사 형이랑 잘 될 수 있을까?,택배기사 형이랑 잘 될 수 있을까?,,,- B愛+750,노다 논다,대원씨아이(만화),2026-08,6300,,820,969,2026-09-02T09:31:51+09:00,747,-222,870,-50,0,0
395357125,호스트와 사축 1,호스트와 사축,1,,,가와지리 미쓰루,학산문화사(만화),2026-06,6300,,800,970,2026-09-02T09:31:51+09:00,943,-27,860,-60,0,0
400585960,특별한 도라에몽 : 쿵짜라♪ 울려퍼지는 음악 편 8,특별한 도라에몽 : 쿵짜라♪ 울려퍼지는 음악 편,8,,,후지코 F. 후지오,대원씨아이(만화),2026-08,8100,,840,971,2026-09-02T09:31:51+09:00,946,-25,840,0,0,0
322283203,명탐정 코난 20,명탐정 코난,20,,,아오야마 고쇼,서울미디어코믹스(서울문화사),2020-08,5400,,1109,972,2026-09-02T09:31:51+09:00,,,,,1,0
306782224,고수 7,고수,7,,,류기운,학산문화사(만화),2022-12,13500,6.0,882,973,2026-09-02T09:31:51+09:00,,,,,1,0
400654225,아질 Asyl 1,아질 Asyl,1,,- 시프트코믹스,하야토 유우,YNK MEDIA(만화),2026-08,5400,10.0,740,974,2026-09-02T09:31:51+09:00,595,-379,780,-40,0,0
400543262,일하지 않는 두사람 32,일하지 않는 두사람,32,,,요시다 사토루,대원씨아이(만화),2026-08,4950,,630,975,2026-09-02T09:31:51+09:00,600,-375,760,-130,0,0
400543235,악마이자 여경! 2,악마이자 여경!,2,,,안베 마사히로,대원씨아이(만화),2026-08,5850,,820,976,2026-09-02T09:31:51+09:00,,,,,1,0
398200687,톰 폭스의 옷을 입은 캐릭터 드로잉 : 옷과 주름 그리기 워크북,톰 폭스의 옷을 입은 캐릭터 드로잉 : 옷과 주름 그리기 워크북,,,,톰 폭스,한즈미디어(한스미디어),2026-07,19800,,630,977,2026-09-02T09:31:51+09:00,749,-228,675,-45,0,0
398344478,섀도 하우스 20,섀도 하우스,20,,,소마토,학산문화사(만화),2026-07,10800,10.0,655,978,2026-09-02T09:31:51+09:00,950,-28,655,0,0,0
305104777,못 미더운 악녀입니다만 : ~추궁접서 교체전~ 1,못 미더운 악녀입니다만 : ~추궁접서 교체전~,1,,,EI Ohitsuji,서울미디어코믹스(서울문화사),2022-11,6300,10.0,725,979,2026-09-02T09:31:51+09:00,,,,,1,0
379966455,배가본드 34,배가본드,34,,,이노우에 타케히코,학산문화사(만화),2013-01,6300,,620,980,2026-09-02T09:31:51+09:00,952,-28,622,-2,0,0
400662384,꿈사랑 ~꿈에서 우리는 사랑에 빠진다~ 4,꿈사랑 ~꿈에서 우리는 사랑에 빠진다~,4,,- 완결,키타다 료마,서울미디어코믹스(서울문화사),2026-08,7650,,750,981,2026-09-02T09:31:51+09:00,953,-28,590,160,0,0
383643805,배가본드 31,배가본드,31,,,이노우에 타케히코,학산문화사(만화),2010-06,6300,,580,982,2026-09-02T09:31:51+09:00,955,-27,582,-2,0,0
383616336,배가본드 32,배가본드,32,,,이노우에 타케히코,학산문화사(만화),2011-02,6300,,556,983,2026-09-02T09:31:51+09:00,956,-27,556,0,0,0
400662517,특급 알파가 사랑한 오메가,특급 알파가 사랑한 오메가,,,,Ayumi Kannami,서울미디어코믹스(서울문화사),2026-08,7650,,500,984,2026-09-02T09:31:51+09:00,753,-231,520,-20,0,0
395170494,133cm의 풍경 4,133cm의 풍경,4,,,히루노 츠키코,학산문화사(만화),2026-06,5400,9.8,495,985,2026-09-02T09:31:51+09:00,606,-379,495,0,0,0
400878277,오컬트 타임즈 1 (한정판),오컬트 타임즈,1,한정판,- 일반판 초판 부록 + 아코디언 일러스트 엽서 세트 + 시로&레이 아크릴 키링,Idonchi,서울미디어코믹스(서울문화사),2026-08,22500,,480,986,2026-09-02T09:31:51+09:00,501,-485,490,-10,0,0
388462249,배가본드 33,배가본드,33,,,이노우에 타케히코,학산문화사(만화),2011-04,6300,,483,987,2026-09-02T09:31:51+09:00,959,-28,483,0,0,0
400708005,신에게 맹세코 거짓입니다 2,신에게 맹세코 거짓입니다,2,,,마츠모토 스이세이,대원씨아이(만화),2026-08,6300,,410,988,2026-09-02T09:31:51+09:00,756,-232,430,-20,0,0
400876143,1to10 2,1to10,2,,"- 초판 1쇄 한정 부록: 띠지, 포토카드 1매. 판스티커 1매",NOD,레진코믹스(레진엔터테인먼트),2026-08,14400,,370,989,2026-09-02T09:31:51+09:00,960,-29,390,-20,0,0
401046164,안티 페이크 러브,안티 페이크 러브,,,,미스미 요코,레어블(Rareble),2026-08,5400,,330,990,2026-09-02T09:31:51+09:00,,,,,1,0
401045748,거짓 사랑을 꿰뚫다,거짓 사랑을 꿰뚫다,,,,닛코로,레어블(Rareble),2026-08,5400,,330,991,2026-09-02T09:31:51+09:00,,,,,1,0
400980601,퍼펙트 어딕션 3,퍼펙트 어딕션,3,,- B愛+753,미야마 카오루코,대원씨아이(만화),2026-08,5850,,260,992,2026-09-02T09:31:51+09:00,969,-23,260,0,0,0
400930279,에리스의 성배 6,에리스의 성배,6,,- S코믹스,모모야마 히나세,㈜소미미디어,2026-09,6300,,260,993,2026-09-02T09:31:51+09:00,968,-25,260,0,0,0
366331655,원피스 111,원피스,111,,- 엘바프 모험,오다 에이치로,대원씨아이(만화),2025-06,5400,10.0,25307,994,2026-09-02T09:31:51+09:00,608,-386,25307,0,0,0
393250501,도쿄 에일리언즈 12 (트리플 특장판),도쿄 에일리언즈,12,트리플 특장판,- 초판 한정 : 아크릴 일러스트 카드(초판 전체) + 스페셜 일러스트 카드(선착순 한정) + 인화사진 (선착순 한정),NAOE,서울미디어코믹스(서울문화사),2026-05,5400,10.0,16185,995,2026-09-02T09:31:51+09:00,972,-23,16225,-40,0,0
311984400,히카루가 죽은 여름 1,히카루가 죽은 여름,1,,- SL Comic,모쿠모쿠렌,디앤씨미디어(주)(D&C미디어),2023-03,5400,9.6,11674,996,2026-09-02T09:31:51+09:00,507,-489,11784,-110,0,0
350054747,원피스 109,원피스,109,,- 네 편,오다 에이치로,대원씨아이(만화),2024-10,5400,9.9,11037,997,2026-09-02T09:31:51+09:00,976,-21,11110,-73,0,0
283685224,원피스 100,원피스,100,,- 패왕색,오다 에이치로,대원씨아이(만화),2021-11,4950,9.2,10116,998,2026-09-02T09:31:51+09:00,978,-20,10197,-81,0,0
309270127,후지모토 타츠키 단편집 22-26,후지모토 타츠키 단편집,22-26,,,후지모토 타츠키,학산문화사(만화),2023-01,5400,9.4,9767,999,2026-09-02T09:31:51+09:00,979,-20,9863,-96,0,0
379004652,열혈강호 94,열혈강호,94,,,전극진,대원씨아이(만화),2025-11,4950,9.2,9551,1000,2026-09-02T09:31:51+09:00,766,-234,9515,36,0,0
400876098,1to10 1,1to10,1,,"- 초판 1쇄 한정 부록 : 띠지, 포토카드 1매. 판스티커 1매",NOD,레진코믹스(레진엔터테인먼트),2026-08,14400,,,,2026-09-02T09:31:51+09:00,961,,390,,0,1
400856352,FIRE BALL！ 파이어 볼! 2,FIRE BALL！ 파이어 볼!,2,,,타츠 유키노부,대원씨아이(만화),2026-08,5850,,,,2026-09-02T09:31:51+09:00,262,,640,,0,1
393803230,J⇔M 제이엠 6,J⇔M 제이엠,6,,,오타케 마사오,대원씨아이(만화),2026-05,6300,10.0,,,2026-09-02T09:31:51+09:00,168,,2230,,0,1
398872148,K-9 경시청 공안부 공안제9과 이능력 대책반 3,K-9 경시청 공안부 공안제9과 이능력 대책반,3,,,오쿠야마 테츠야,대원씨아이(만화),2026-07,6300,10.0,,,2026-09-02T09:31:51+09:00,859,,2975,,0,1
399056301,Re : 제로부터 시작하는 이세계 생활 제4장 11,Re : 제로부터 시작하는 이세계 생활 제4장,11,,"- 성역과 탐욕의 마녀, 노엔 코믹스",아토리 하루노,데이즈엔터(주),2026-08,5400,,,,2026-09-02T09:31:51+09:00,733,,1060,,0,1
399045968,SCP가 뭔가요? 2,SCP가 뭔가요?,2,,,하치훈,대원씨아이(만화),2026-07,5850,10.0,,,2026-09-02T09:31:51+09:00,922,,1155,,0,1
399303583,개를 낳았다 시즌 2 : 13,개를 낳았다 시즌 2 :,13,,- 이별부터 만남까지,이선,서울미디어코믹스(서울문화사),2026-07,14400,,,,2026-09-02T09:31:51+09:00,741,,1055,,0,1
304439735,격기 3반 4,격기 3반,4,,- 남일고등학교 격투기 특기반,이학,대원씨아이(만화),2018-09,4950,,,,2026-09-02T09:31:51+09:00,928,,1182,,0,1
398284900,공정 드래곤즈 21,공정 드래곤즈,21,,,쿠와바라 타쿠,대원씨아이(만화),2026-07,5400,10.0,,,2026-09-02T09:31:51+09:00,492,,900,,0,1
343614799,괴수 8호 side B 1,괴수 8호 side B,1,,,히다노 켄타로,서울미디어코믹스(서울문화사),2024-07,5400,9.7,,,2026-09-02T09:31:51+09:00,991,,8076,,0,1
304249889,귀멸의 칼날 1~23 박스 세트 - 전23권 (완결),귀멸의 칼날 1~23 박스 세트 - 전23권 (완결),,,,고토게 코요하루,학산문화사(만화),2022-11,124200,6.0,,,2026-09-02T09:31:51+09:00,783,,6764,,0,1
358899876,극락가 1,극락가,1,,,사노 유토,대원씨아이(만화),2023-11,5850,8.0,,,2026-09-02T09:31:51+09:00,641,,4246,,0,1
359520421,극락가 2,극락가,2,,,사노 유토,대원씨아이(만화),2024-02,5850,,,,2026-09-02T09:31:51+09:00,832,,3835,,0,1
394099586,금색의 갓슈 5 (2기),금색의 갓슈 5 (2기),,,,라이쿠 마코토,대원씨아이(만화),2026-05,9000,9.9,,,2026-09-02T09:31:51+09:00,861,,3000,,0,1
400593960,기계 인간 마리 플러스 2,기계 인간 마리 플러스,2,,- 완결,아키모토 아키,서울미디어코믹스(서울문화사),2026-08,5850,10.0,,,2026-09-02T09:31:51+09:00,945,,710,,0,1
364227299,나 혼자만 레벨업 14,나 혼자만 레벨업,14,,- 만화,장성락(REDICE STUDIO),디앤씨웹툰비즈,2025-06,14400,10.0,,,2026-09-02T09:31:51+09:00,983,,9005,,0,1
372549977,나 혼자만 레벨업 15,나 혼자만 레벨업,15,,- 만화,장성락(REDICE STUDIO),디앤씨웹툰비즈,2025-10,14400,10.0,,,2026-09-02T09:31:51+09:00,990,,7960,,0,1
396563326,"나태한 악욕귀족으로 환생한 나, 시나리오를 쳐부쉈더니~ 1","나태한 악욕귀족으로 환생한 나, 시나리오를 쳐부쉈더니~",1,,,오다 도우마,대원씨아이(만화),2026-06,5850,10.0,,,2026-09-02T09:31:51+09:00,965,,435,,0,1
399046651,"나태한 악욕귀족으로 환생한 나, 시나리오를 쳐부쉈더니~ 2","나태한 악욕귀족으로 환생한 나, 시나리오를 쳐부쉈더니~",2,,,오다 도우마,대원씨아이(만화),2026-07,5850,10.0,,,2026-09-02T09:31:51+09:00,958,,540,,0,1
397818353,너를 너무너무너무너무 좋아하는 100명의 그녀 24,너를 너무너무너무너무 좋아하는 100명의 그녀,24,,,나카무라 리키토,학산문화사(만화),2026-07,5400,,,,2026-09-02T09:31:51+09:00,865,,2675,,0,1
400649747,노노코 양의 여자친구 군♂ 1,노노코 양의 여자친구 군♂,1,,,하치와카마루,HUSH(허쉬),2026-08,5400,,,,2026-09-02T09:31:51+09:00,964,,490,,0,1
397093551,"노려보고, 사랑. 1","노려보고, 사랑.",1,,"- 초판 한정 일러스트 카드 3종, SD 칼선 스티커",나모,시플리,2026-07,6300,10.0,,,2026-09-02T09:31:51+09:00,692,,2475,,0,1
375449964,노아 선배는 친구 7,노아 선배는 친구,7,,,아키야마 엔마,서울미디어코믹스(서울문화사),2025-10,5850,9.6,,,2026-09-02T09:31:51+09:00,881,,2256,,0,1
380346507,더블크로스 The 3rd Edition 룰북 1,더블크로스 The 3rd Edition 룰북,1,,,F.E.A.R,데이즈엔터(주),2025-12,13500,,,,2026-09-02T09:31:51+09:00,447,,3496,,0,1
380346760,더블크로스 The 3rd Edition 룰북 2,더블크로스 The 3rd Edition 룰북,2,,,F.E.A.R,데이즈엔터(주),2025-12,13500,,,,2026-09-02T09:31:51+09:00,555,,3295,,0,1
380346759,더블크로스 The 3rd Edition 상급 룰북,더블크로스 The 3rd Edition 상급 룰북,,,,F.E.A.R,데이즈엔터(주),2025-12,31500,,,,2026-09-02T09:31:51+09:00,701,,2033,,0,1
78029198,던전밥 2,던전밥,2,,- S코믹스,쿠이 료코,㈜소미미디어,2016-02,6300,9.8,,,2026-09-02T09:31:51+09:00,995,,7088,,0,1
96404647,던전밥 3,던전밥,3,,- S코믹스,쿠이 료코,㈜소미미디어,2016-11,6300,8.4,,,2026-09-02T09:31:51+09:00,999,,6741,,0,1
149320447,던전밥 6,던전밥,6,,- S코믹스,쿠이 료코,㈜소미미디어,2018-06,6300,9.4,,,2026-09-02T09:31:51+09:00,788,,6246,,0,1
388432928,데스 노트 Death Note 12,데스 노트 Death Note,12,,,오바 츠구미,대원씨아이(만화),2006-12,6300,,,,2026-09-02T09:31:51+09:00,939,,835,,0,1
387294608,데스 노트 Death Note 13,데스 노트 Death Note,13,,,오바 츠구미,대원씨아이(만화),2006-12,9000,,,,2026-09-02T09:31:51+09:00,906,,1507,,0,1
398443139,데스 노트 Death Note 4,데스 노트 Death Note,4,,,오바 츠구미,대원씨아이(만화),2005-06,6300,,,,2026-09-02T09:31:51+09:00,752,,680,,0,1
398440930,데스 노트 Death Note 7,데스 노트 Death Note,7,,,오바 츠구미,대원씨아이(만화),2022-03,6300,,,,2026-09-02T09:31:51+09:00,957,,555,,0,1
393823551,데스 노트 Death Note 8,데스 노트 Death Note,8,,,오바 츠구미,대원씨아이(만화),2011-01,6300,,,,2026-09-02T09:31:51+09:00,942,,825,,0,1
392651381,데스 노트 Death Note 9,데스 노트 Death Note,9,,,오바 츠구미,대원씨아이(만화),2026-05,6300,,,,2026-09-02T09:31:51+09:00,739,,995,,0,1
399522660,렛츠고 괴기조 4,렛츠고 괴기조,4,,,View,㈜에스엠지크리에이티브(고은문화사),2026-07,5850,,,,2026-09-02T09:31:51+09:00,949,,655,,0,1
384918469,루리 드래곤 4,루리 드래곤,4,,,신도 마사오키,서울미디어코믹스(서울문화사),2026-01,5400,9.6,,,2026-09-02T09:31:51+09:00,770,,8689,,0,1
395962610,룸 투어즈 1,룸 투어즈,1,,,마츠모토 토모,서울미디어코믹스(서울문화사),2026-06,5400,9.5,,,2026-09-02T09:31:51+09:00,929,,1075,,0,1
393153006,마가이모노 1,마가이모노,1,,"- 위작, S코믹스",쿠로카와 유미,㈜소미미디어,2026-05,8100,9.6,,,2026-09-02T09:31:51+09:00,462,,2775,,0,1
374276000,마남 이치 2 (더블 특전판),마남 이치,2,더블 특전판,- 홀로그램 일러스트 카드 1종 + 일러스트 책갈피 3종,유사자키 시로,서울미디어코믹스(서울문화사),2025-10,6300,9.6,,,2026-09-02T09:31:51+09:00,774,,7797,,0,1
400543440,마녀대전 이능의 마녀 32인은 서로 죽인다 14,마녀대전 이능의 마녀 32인은 서로 죽인다,14,,,카와모토 호무라,대원씨아이(만화),2026-08,5400,,,,2026-09-02T09:31:51+09:00,732,,1180,,0,1
399782322,매리지 톡신 15,매리지 톡신,15,,,쥬 먀쿠,학산문화사(만화),2026-08,5400,10.0,,,2026-09-02T09:31:51+09:00,923,,1270,,0,1
400649593,"모험가 자격을 박탈당한 아저씨지만, 사랑하는 딸이 생겨서 느긋이 인생을 즐긴다 10","모험가 자격을 박탈당한 아저씨지만, 사랑하는 딸이 생겨서 느긋이 인생을 즐긴다",10,,- SL Comic,타다후라 후미,디앤씨미디어(주)(D&C미디어),2026-08,6300,,,,2026-09-02T09:31:51+09:00,963,,440,,0,1
388041238,무서운 책 1,무서운 책,1,,- 뱀,우메즈 카즈오,AK(에이케이)커뮤니케이션즈,2026-03,9000,10.0,,,2026-09-02T09:31:51+09:00,872,,2452,,0,1
395386354,무서운 책 4,무서운 책,4,,- 주박,우메즈 카즈오,AK(에이케이)커뮤니케이션즈,2026-06,9000,,,,2026-09-02T09:31:51+09:00,901,,1680,,0,1
393717336,문호 스트레이독스 27,문호 스트레이독스,27,,"- 노엔 코믹스 /초판한정 : 띠지, 일러스트 카드",아사기리 카프카,데이즈엔터(주),2026-06,5400,10.0,,,2026-09-02T09:31:51+09:00,785,,6290,,0,1
398811109,미열공간 6,미열공간,6,,,아오키 우메,대원씨아이(만화),2026-07,6750,,,,2026-09-02T09:31:51+09:00,936,,955,,0,1
366666131,반딧불이의 혼례 7,반딧불이의 혼례,7,,,타치바나 오레코,서울미디어코믹스(서울문화사),2025-06,7650,9.8,,,2026-09-02T09:31:51+09:00,993,,7753,,0,1
399781883,백설공주에게 입맞춤을 1,백설공주에게 입맞춤을,1,,- 시트러스 코믹스,요시오 아키라,㈜에이블웍스C&C,2026-07,5400,,,,2026-09-02T09:31:51+09:00,947,,720,,0,1
318149027,베르세르크 11,베르세르크,11,,,미우라 켄타로,대원씨아이(만화),2000-04,4950,,,,2026-09-02T09:31:51+09:00,912,,1378,,0,1
399405822,볼 앤 체인 2,볼 앤 체인,2,,,미나미 큐타,문학동네,2026-07,8100,,,,2026-09-02T09:31:51+09:00,940,,940,,0,1
329151499,봄의 폭풍과 몬스터 2,봄의 폭풍과 몬스터,2,,,미츠바치 미유키,학산문화사(만화),2023-11,5400,9.7,,,2026-09-02T09:31:51+09:00,790,,6045,,0,1
340823801,봄의 폭풍과 몬스터 4,봄의 폭풍과 몬스터,4,,,미츠바치 미유키,학산문화사(만화),2024-06,5400,10.0,,,2026-09-02T09:31:51+09:00,812,,4705,,0,1
387319205,불교와 친해지는 만화 사찰의 상징세계,불교와 친해지는 만화 사찰의 상징세계,,,- 8박사 자현 스님이 아낌없이 들려주는 매혹적인 사찰 이야기,일우 자현,불광출판사,2026-03,19800,9.7,,,2026-09-02T09:31:51+09:00,666,,3269,,0,1
306089896,블루 록 9,블루 록,9,,,노무라 유스케,학산문화사(만화),2022-01,5400,,,,2026-09-02T09:31:51+09:00,888,,1985,,0,1
271061787,비밀알바 : 도망금지 1,비밀알바 : 도망금지,1,,,다구치 쇼타로,문학동네,2021-05,8550,8.9,,,2026-09-02T09:31:51+09:00,916,,1179,,0,1
278587704,비밀알바 : 도망금지 2,비밀알바 : 도망금지,2,,,다구치 쇼타로,문학동네,2021-08,8550,9.0,,,2026-09-02T09:31:51+09:00,920,,1152,,0,1
269056986,"빠졌어, 너에게","빠졌어, 너에게",,,,와야마 야마,문학동네,2021-04,7650,9.6,,,2026-09-02T09:31:51+09:00,973,,15899,,0,1
400136893,뻐꾸기 커플 31,뻐꾸기 커플,31,,,요시카와 미키,학산문화사(만화),2026-08,5400,,,,2026-09-02T09:31:51+09:00,735,,1100,,0,1
397997937,사일런트 위치 10,사일런트 위치,10,,"- 침묵의 마녀의 비밀, ROSY",이소라 마츠리,데이즈엔터(주),2026-07,9900,10.0,,,2026-09-02T09:31:51+09:00,661,,3590,,0,1
357701937,사카모토 데이즈 10,사카모토 데이즈,10,,- 재회,스즈키 유우토,대원씨아이(만화),2023-05,5850,,,,2026-09-02T09:31:51+09:00,798,,5643,,0,1
354350771,사카모토 데이즈 11,사카모토 데이즈,11,,- 한 방,스즈키 유우토,대원씨아이(만화),2023-06,5850,,,,2026-09-02T09:31:51+09:00,792,,5933,,0,1
354788974,사카모토 데이즈 12,사카모토 데이즈,12,,- 크랭크 인,스즈키 유우토,대원씨아이(만화),2023-09,5850,,,,2026-09-02T09:31:51+09:00,801,,5324,,0,1
356890627,사카모토 데이즈 14,사카모토 데이즈,14,,- 기묘한 흔적,스즈키 유우토,대원씨아이(만화),2024-03,5850,,,,2026-09-02T09:31:51+09:00,632,,4832,,0,1
354350979,사카모토 데이즈 15,사카모토 데이즈,15,,- 세기의 킬러전,스즈키 유우토,대원씨아이(만화),2024-04,5850,,,,2026-09-02T09:31:51+09:00,536,,4836,,0,1
356890808,사카모토 데이즈 16,사카모토 데이즈,16,,- 해후,스즈키 유우토,대원씨아이(만화),2024-06,5850,,,,2026-09-02T09:31:51+09:00,634,,4746,,0,1
378353900,사카모토 홀리데이즈 2,사카모토 홀리데이즈,2,,- 타카무라의 휴일,오오카와 테츠,대원씨아이(만화),2025-11,5850,8.8,,,2026-09-02T09:31:51+09:00,997,,6948,,0,1
337506090,삼색 고양이 모부는 캔 부자가 되고 싶어,삼색 고양이 모부는 캔 부자가 되고 싶어,,,,쿠로야마 캐시 램,AK(에이케이)커뮤니케이션즈,2024-04,10620,9.6,,,2026-09-02T09:31:51+09:00,851,,3301,,0,1
337798928,새디스틱 뷰티 : 외전 A,새디스틱 뷰티 : 외전 A,,,,우연희,봄툰,2024-01,16200,10.0,,,2026-09-02T09:31:51+09:00,911,,1427,,0,1
400707762,스즈키 군의 정중한 생활 3,스즈키 군의 정중한 생활,3,,,후지모토 유키,대원씨아이(만화),2026-08,5850,,,,2026-09-02T09:31:51+09:00,970,,370,,0,1
280309364,신부이야기 13,신부이야기,13,,,모리 카오루,대원씨아이(만화),2021-09,7200,9.6,,,2026-09-02T09:31:51+09:00,826,,3994,,0,1
317503708,신부이야기 14,신부이야기,14,,,모리 카오루,대원씨아이(만화),2023-05,7200,9.9,,,2026-09-02T09:31:51+09:00,823,,4135,,0,1
372712759,쓰레기 기둥서방 하나 군은 죽고 싶어 해 2,쓰레기 기둥서방 하나 군은 죽고 싶어 해,2,,,아메코,대원씨아이(만화),2025-09,5850,9.3,,,2026-09-02T09:31:51+09:00,800,,5291,,0,1
386453675,아오노 군에게 닿고 싶으니까 죽고 싶어 13,아오노 군에게 닿고 싶으니까 죽고 싶어,13,,,시이나 우미,대원씨아이(만화),2026-02,4950,9.6,,,2026-09-02T09:31:51+09:00,896,,1689,,0,1
398896498,약사의 혼잣말 1,약사의 혼잣말,1,,- 카니발 플러스,휴우가 나츠,학산문화사(단행본),2026-07,9000,,,,2026-09-02T09:31:51+09:00,932,,1045,,0,1
396565979,어떤 과학의 초전자포 20,어떤 과학의 초전자포,20,,- 어떤 마술의 금서목록 외전,,대원씨아이(만화),2026-06,5400,10.0,,,2026-09-02T09:31:51+09:00,669,,3225,,0,1
400543277,어떤 마술의 금서목록 33,어떤 마술의 금서목록,33,,,카마치 카즈마,대원씨아이(만화),2026-08,4950,,,,2026-09-02T09:31:51+09:00,935,,950,,0,1
367953506,얼굴만으론 좋아할 수 없어요 14,얼굴만으론 좋아할 수 없어요,14,,,안자이 카린,서울미디어코믹스(서울문화사),2025-07,5400,,,,2026-09-02T09:31:51+09:00,824,,4125,,0,1
315743462,얼굴만으론 좋아할 수 없어요 3,얼굴만으론 좋아할 수 없어요,3,,,안자이 카린,서울미디어코믹스(서울문화사),2022-04,5400,,,,2026-09-02T09:31:51+09:00,874,,2369,,0,1
316354721,얼굴만으론 좋아할 수 없어요 4,얼굴만으론 좋아할 수 없어요,4,,,안자이 카린,서울미디어코믹스(서울문화사),2022-06,5400,,,,2026-09-02T09:31:51+09:00,703,,2056,,0,1
310815578,얼굴만으론 좋아할 수 없어요 6,얼굴만으론 좋아할 수 없어요,6,,,안자이 카린,서울미디어코믹스(서울문화사),2023-02,5400,9.6,,,2026-09-02T09:31:51+09:00,686,,2633,,0,1
318156190,얼굴만으론 좋아할 수 없어요 7,얼굴만으론 좋아할 수 없어요,7,,,안자이 카린,서울미디어코믹스(서울문화사),2023-06,5400,10.0,,,2026-09-02T09:31:51+09:00,860,,3018,,0,1
395477065,역사에 남을 악녀가 될 거야 5,역사에 남을 악녀가 될 거야,5,,- ~악역 영애가 될수록 왕자의 사랑이 가속하는 것 같습니다!~,호시 아카리,서울미디어코믹스(서울문화사),2026-06,5400,10.0,,,2026-09-02T09:31:51+09:00,757,,375,,0,1
366527586,열혈강호 93,열혈강호,93,,,전극진,대원씨아이(만화),2025-06,4950,9.6,,,2026-09-02T09:31:51+09:00,982,,9023,,0,1
291463925,원피스 101,원피스,101,,- 주연 등장,오다 에이치로,대원씨아이(만화),2022-03,4950,9.7,,,2026-09-02T09:31:51+09:00,989,,8189,,0,1
296798536,원피스 102,원피스,102,,- 천왕산,오다 에이치로,대원씨아이(만화),2022-06,4950,9.4,,,2026-09-02T09:31:51+09:00,987,,8364,,0,1
303523008,원피스 103,원피스,103,,- 해방의 전사,오다 에이치로,대원씨아이(만화),2022-10,4950,9.8,,,2026-09-02T09:31:51+09:00,980,,9034,,0,1
309335749,원피스 104,원피스,104,,- 와노쿠니 쇼군 코즈키 모모노스케,오다 에이치로,대원씨아이(만화),2023-02,4950,9.2,,,2026-09-02T09:31:51+09:00,988,,8482,,0,1
331003597,원피스 107,원피스,107,,- 전설의 영웅,오다 에이치로,대원씨아이(만화),2024-01,4950,9.7,,,2026-09-02T09:31:51+09:00,981,,8994,,0,1
399045597,이세계 사정은 사축하기 나름 7,이세계 사정은 사축하기 나름,7,,- B愛 340,이로도리 카즈키,대원씨아이(만화),2026-07,6300,,,,2026-09-02T09:31:51+09:00,941,,1000,,0,1
195325312,일러스트와 만화를 위한 구도 노하우,일러스트와 만화를 위한 구도 노하우,,,,마츠오카 신지,영진.com(영진닷컴),2019-06,15300,7.5,,,2026-09-02T09:31:51+09:00,856,,3329,,0,1
390243150,장송의 프리렌 12,장송의 프리렌,12,,,야마다 카네히토,학산문화사(만화),2024-07,6300,,,,2026-09-02T09:31:51+09:00,858,,3041,,0,1
397620794,장송의 프리렌 3,장송의 프리렌,3,,,야마다 카네히토,학산문화사(만화),2021-12,6300,,,,2026-09-02T09:31:51+09:00,924,,1205,,0,1
400866292,장송의 프리렌 8,장송의 프리렌,8,,,야마다 카네히토,학산문화사(만화),2022-09,6300,,,,2026-09-02T09:31:51+09:00,966,,350,,0,1
400624765,장송의 프리렌 9,장송의 프리렌,9,,,야마다 카네히토,학산문화사(만화),2022-12,6300,,,,2026-09-02T09:31:51+09:00,755,,530,,0,1
393685635,전주교실 9,전주교실,9,,,모즈쿠 소라,학산문화사(만화),2026-05,5400,10.0,,,2026-09-02T09:31:51+09:00,951,,785,,0,1
342128566,주말엔 숲으로,주말엔 숲으로,,,,마스다 미리,이봄,2024-06,11700,9.3,,,2026-09-02T09:31:51+09:00,905,,1554,,0,1
301708653,주술회전 11,주술회전,11,,,아쿠타미 게게,서울미디어코믹스(서울문화사),2021-01,5400,,,,2026-09-02T09:31:51+09:00,811,,4728,,0,1
399381129,지친 직장인은 악역 영애님을 모시고 싶어 5,지친 직장인은 악역 영애님을 모시고 싶어,5,,,네코타로,대원씨아이(만화),2026-07,5400,,,,2026-09-02T09:31:51+09:00,721,,1470,,0,1
331073570,진격의 거인 11,진격의 거인,11,,,이사야마 하지메,학산문화사(만화),2013-09,5400,,,,2026-09-02T09:31:51+09:00,918,,1329,,0,1
329904871,진격의 거인 12,진격의 거인,12,,,이사야마 하지메,학산문화사(만화),2014-01,5400,,,,2026-09-02T09:31:51+09:00,914,,1387,,0,1
313562788,진격의 거인 13,진격의 거인,13,,,이사야마 하지메,학산문화사(만화),2014-05,5400,,,,2026-09-02T09:31:51+09:00,909,,1587,,0,1
316396526,진격의 거인 14,진격의 거인,14,,,이사야마 하지메,학산문화사(만화),2014-09,5400,,,,2026-09-02T09:31:51+09:00,716,,1722,,0,1
316395931,진격의 거인 15,진격의 거인,15,,,이사야마 하지메,학산문화사(만화),2015-01,5400,,,,2026-09-02T09:31:51+09:00,910,,1552,,0,1
303283805,진격의 거인 1~17 박스 세트 Part 1 - 전17권,진격의 거인 1~17 박스 세트 Part 1 - 전17권,,,- PVC카드 17매 동봉,이사야마 하지메,학산문화사(만화),2022-10,91800,10.0,,,2026-09-02T09:31:51+09:00,822,,4028,,0,1
399470005,창작자를 위한 판타지 용어 사전,창작자를 위한 판타지 용어 사전,,,"- 마법부터 연금술까지, 상상력을 깨우는 환상의 지식서",A&F,므큐,2026-07,19800,,,,2026-09-02T09:31:51+09:00,944,,835,,0,1
296415507,체인소 맨 10,체인소 맨,10,,,후지모토 타츠키,학산문화사(만화),2022-01,5400,10.0,,,2026-09-02T09:31:51+09:00,977,,10152,,0,1
400567329,취사병 전설이 되다 17,취사병 전설이 되다,17,,,제이로빈,지식오름,2026-08,13500,,,,2026-09-02T09:31:51+09:00,954,,790,,0,1
345263957,카구라바치 1,카구라바치,1,,,호카조노 타케루,대원씨아이(만화),2024-08,5850,9.2,,,2026-09-02T09:31:51+09:00,789,,6167,,0,1
388349538,카구라바치 9 (특별판),카구라바치,9,특별판,"- 토비무네, 아크릴 스탠드 2종 + 자개풍 홀로그램 아크릴 코스터 1종 + 화투풍 능력카드 4종 + 갤러리 보드 1종 + 후가공 일러스트카드 1종 + 렌티큘러 카드 1종 + 초판한정 일러스트 시네마 티켓 1종 + 더블특전 요도 계약자 pp 북마크",호카조노 타케루,대원씨아이(만화),2026-03,35550,10.0,,,2026-09-02T09:31:51+09:00,794,,5681,,0,1
397818393,카모노하시 론의 금단추리 17,카모노하시 론의 금단추리,17,,,아마노 아키라,학산문화사(만화),2026-07,5400,,,,2026-09-02T09:31:51+09:00,904,,1705,,0,1
400197624,코믹 신들에게 주워진 남자 6,코믹 신들에게 주워진 남자,6,,- J Comic,란란,서울미디어코믹스(서울문화사),2026-08,4500,10.0,,,2026-09-02T09:31:51+09:00,962,,530,,0,1
397123611,파랑과 아지랑이 1,파랑과 아지랑이,1,,- BB허니밀크코믹스,돈돈,㈜소미미디어,2026-07,5850,,,,2026-09-02T09:31:51+09:00,915,,1225,,0,1
400224840,파랑과 아지랑이 2,파랑과 아지랑이,2,,- BB허니밀크코믹스,돈돈,㈜소미미디어,2026-08,5850,,,,2026-09-02T09:31:51+09:00,488,,1190,,0,1
350992427,팬텀 버스터즈 1,팬텀 버스터즈,1,,- S코믹스,네오쇼코,㈜소미미디어,2024-11,5850,9.4,,,2026-09-02T09:31:51+09:00,762,,13309,,0,1
370290371,팬텀 버스터즈 4,팬텀 버스터즈,4,,"- S코믹스, 초판 종료",네오쇼코,㈜소미미디어,2025-08,5850,9.5,,,2026-09-02T09:31:51+09:00,984,,8966,,0,1
387670769,팬텀 버스터즈 6,팬텀 버스터즈,6,,- S코믹스,네오쇼코,㈜소미미디어,2026-03,5850,9.8,,,2026-09-02T09:31:51+09:00,769,,8887,,0,1
391649024,페이백 6,페이백,6,,- 초판 한정 : 포토카드 + 판 스티커,푸죠킹,봄툰,2026-04,15300,,,,2026-09-02T09:31:51+09:00,925,,1224,,0,1
398010173,한구석의 기억 2,한구석의 기억,2,,,키요나가 타마고,빗금,2026-07,6750,10.0,,,2026-09-02T09:31:51+09:00,864,,2870,,0,1
387708182,한밤중 하트튠 10,한밤중 하트튠,10,,,이가라시 마사쿠니,학산문화사(만화),2026-03,5400,9.0,,,2026-09-02T09:31:51+09:00,867,,2596,,0,1
319537457,히카루가 죽은 여름 2,히카루가 죽은 여름,2,,- SL Comic,모쿠모쿠렌,디앤씨미디어(주)(D&C미디어),2023-07,5400,9.8,,,2026-09-02T09:31:51+09:00,986,,8446,,0,1
329014950,히카루가 죽은 여름 3,히카루가 죽은 여름,3,,- SL Comic,모쿠모쿠렌,디앤씨미디어(주)(D&C미디어),2023-12,5400,9.8,,,2026-09-02T09:31:51+09:00,781,,7204,,0,1
360199002,히카루가 죽은 여름 5,히카루가 죽은 여름,5,,- SL Comic,모쿠모쿠렌,디앤씨미디어(주)(D&C미디어),2025-03,5850,9.8,,,2026-09-02T09:31:51+09:00,975,,11378,,0,1
373273268,히카루가 죽은 여름 7,히카루가 죽은 여름,7,,- SL Comic,모쿠모쿠렌,디앤씨미디어(주)(D&C미디어),2025-10,5850,9.6,,,2026-09-02T09:31:51+09:00,772,,8523,,0,1
400315663,스파이 패밀리 17,스파이 패밀리,17,,,엔도 타츠야,학산문화사(만화),2026-08,5400,10.0,32890,1,2026-09-03T09:11:13+09:00,2,1,34050,-1160,0,0
400917256,마남 이치 6 (트리플 특전판),마남 이치,6,트리플 특전판,- 아크릴 일러스트 카드 2종 + 홀로그램 일러스트 카드,유사자키 시로,서울미디어코믹스(서울문화사),2026-08,6300,10.0,17080,2,2026-09-03T09:11:13+09:00,3,1,17900,-820,0,0
400652795,스킵과 로퍼 12,스킵과 로퍼,12,,- 시프트코믹스,타카마츠 미사키,YNK MEDIA(만화),2026-08,5400,10.0,30330,3,2026-09-03T09:11:13+09:00,4,1,30370,-40,0,0
400930743,아멜리아의 호기심 많은 로맨스 3,아멜리아의 호기심 많은 로맨스,3,,"- 루나 코믹스, 초판 한정 투명 pet 포토카드 1종, 양면 일러스트 카드 1종, PET 사원증 1종",코하쿠 요루,㈜소미미디어,2026-09,6300,,15070,4,2026-09-03T09:11:13+09:00,1,-3,16080,-1010,0,0
400365190,사카모토 데이즈 27 (더블 특전판),사카모토 데이즈,27,더블 특전판,"- 자긍심, 초판 한정 띠지 + 일러스트 포스트 카드 + 일러스트 레이어 카드",스즈키 유우토,대원씨아이(만화),2026-08,5850,10.0,32670,5,2026-09-03T09:11:13+09:00,5,0,33540,-870,0,0
400710266,야마다 군과 Lv999의 사랑을 하다 8,야마다 군과 Lv999의 사랑을 하다,8,,"- 초판 한정 특전 : 띠지, 일러스트 카드, 폴라로이드 카드",마시로,디앤씨미디어(주)(D&C미디어),2026-09,7200,10.0,19980,6,2026-09-03T09:11:13+09:00,6,0,19820,160,0,0
400736391,엄마가 도망갔다,엄마가 도망갔다,,,,소복이,나무의말,2026-09,17820,10.0,12090,7,2026-09-03T09:11:13+09:00,9,2,11350,740,0,0
400587114,봇치·더·록! 외전 히로이 키쿠리의 과음일기 6,봇치·더·록! 외전 히로이 키쿠리의 과음일기,6,,- 띠지 + 초판한정 일러스트 포토 카드 1종,쿠미쵸,대원씨아이(만화),2026-08,8100,,28110,8,2026-09-03T09:11:13+09:00,8,0,31600,-3490,0,0
399974125,타몬 군 지금 어느 쪽?! 13 (한정판),타몬 군 지금 어느 쪽?!,13,한정판,- 후쿠하라 타몬 2nd 사진집 + 후쿠하라 타몬 사인 포토카드 + 일러스트 카드,시와스 유키,학산문화사(만화),2026-08,12600,10.0,21750,9,2026-09-03T09:11:13+09:00,7,-2,22080,-330,0,0
401063905,블리치 리믹스 17,블리치 리믹스,17,,,쿠보 타이토,서울미디어코믹스(서울문화사),2026-08,10800,,10830,10,2026-09-03T09:11:13+09:00,14,4,11220,-390,0,0
399539936,명탐정 코난 108,명탐정 코난,108,,,아오야마 고쇼,서울미디어코믹스(서울문화사),2026-07,5400,9.8,22840,11,2026-09-03T09:11:13+09:00,13,2,23105,-265,0,0
400909479,킹덤 Kingdom 78,킹덤 Kingdom,78,,,하라 야스히사,대원씨아이(만화),2026-08,5400,,9030,12,2026-09-03T09:11:13+09:00,10,-2,8810,220,0,0
397412056,책이라면 팔 만큼 1,책이라면 팔 만큼,1,,,코지마 아오,미우(대원씨아이),2026-07,11700,9.6,26305,13,2026-09-03T09:11:13+09:00,12,-1,25135,1170,0,0
400710167,야마다 군과 Lv999의 사랑을 하다 8 (특별판),야마다 군과 Lv999의 사랑을 하다,8,특별판,"- 특별판 한정 특전 : 일반판 초판 특전, 틴케이스, 특별판 한정 엽서 4종 세트, 키캡 키링",마시로,디앤씨미디어(주)(D&C미디어),2026-09,23400,10.0,19120,14,2026-09-03T09:11:13+09:00,11,-3,19490,-370,0,0
400246381,황천의 츠가이 12 (더블특전판),황천의 츠가이,12,더블특전판,- 초판한정 : 일러스트 포스트카드 1종 + 일러스트 pp카드 1종,아라카와 히로무,대원씨아이(만화),2026-08,5850,10.0,14920,15,2026-09-03T09:11:13+09:00,15,0,15710,-790,0,0
401047773,야화첩 8,야화첩,8,,"- 초판 한정: 띠지, 포토카드 1종, PET 책갈피 1종",변덕,레진코믹스(레진엔터테인먼트),2026-08,14400,,5330,16,2026-09-03T09:11:13+09:00,22,6,4940,390,0,0
401049295,야화첩 9,야화첩,9,,"- 초판 한정: 띠지, 포토카드 2종",변덕,레진코믹스(레진엔터테인먼트),2026-08,14400,,5370,17,2026-09-03T09:11:13+09:00,26,9,4920,450,0,0
391764120,포켓몬 생태도감,포켓몬 생태도감,,,,주식회사 포켓몬,대원씨아이(단행본),2026-04,13500,10.0,71779,18,2026-09-03T09:11:13+09:00,21,3,72049,-270,0,0
401063751,요괴소년 호야 완전판 4,요괴소년 호야 완전판,4,,,후지타 카즈히로,서울미디어코믹스(서울문화사),2026-08,14400,,5240,19,2026-09-03T09:11:13+09:00,31,12,4760,480,0,0
400547759,모모세 아키라의 첫사랑 파탄 중 6 (트리플 특전판),모모세 아키라의 첫사랑 파탄 중,6,트리플 특전판,- 스페셜 아크릴 일러스트 카드 1종 + 양면 일러스트 카드 2종,하레카와 신타,서울미디어코믹스(서울문화사),2026-08,6750,10.0,13000,20,2026-09-03T09:11:13+09:00,18,-2,14130,-1130,0,0
400977703,나의 첫 섹파 2,나의 첫 섹파,2,,,유리카와,재담,2026-08,6300,,6180,21,2026-09-03T09:11:13+09:00,19,-2,5340,840,0,0
400315752,디그 잇 3 (더블특전판),디그 잇,3,더블특전판,- 수량 한정 더블 특전 : 비주얼 보드 + 스포츠 선수 카드,Yoshidamaru,학산문화사(만화),2026-08,6300,,17210,22,2026-09-03T09:11:13+09:00,17,-5,17950,-740,0,0
400713407,이세계 삼촌 14,이세계 삼촌,14,,"- 픽시하우스, 초판한정 특별부록 : 일러스트 카드 + 띠지",호톤도신데이루,데이즈엔터(주),2026-09,7200,,8050,23,2026-09-03T09:11:13+09:00,20,-3,8710,-660,0,0
400980916,꿈인지 생시인지 4,꿈인지 생시인지,4,,,사키사카 이오,대원씨아이(만화),2026-08,5850,,5490,24,2026-09-03T09:11:13+09:00,16,-8,5510,-20,0,0
400544318,마법소녀를 동경해서 7 (더블특전판),마법소녀를 동경해서,7,더블특전판,- 띠지 + 초판한정 일러스트 카드 1종 + 더블특전 SD 스티커,오노나카 아키히로,대원씨아이(만화),2026-08,6750,,11120,25,2026-09-03T09:11:13+09:00,29,4,11400,-280,0,0
399973794,봄의 폭풍과 몬스터 9,봄의 폭풍과 몬스터,9,,,미츠바치 미유키,학산문화사(만화),2026-08,6300,10.0,15600,26,2026-09-03T09:11:13+09:00,27,1,15790,-190,0,0
400714329,패배 히로인이 너무 많아! 8.5,패배 히로인이 너무 많아! 8.5,,,"- Novel Engine, 초판한정 특별부록 : 띠지 + 일러스트 카드",아마모리 타키비,데이즈엔터(주),2026-09,7200,,10850,27,2026-09-03T09:11:13+09:00,34,7,9800,1050,0,0
395946461,원피스 114,원피스,114,,- 초판한정 띠지 + 일러스트 카드 1종,오다 에이치로,대원씨아이(만화),2026-06,5850,10.0,42905,28,2026-09-03T09:11:13+09:00,30,2,42935,-30,0,0
400586243,단다단 21,단다단,21,,,타츠 유키노부,대원씨아이(만화),2026-08,5400,10.0,10300,29,2026-09-03T09:11:13+09:00,24,-5,11610,-1310,0,0
396103290,패밀리 레스토랑 가자. 下,패밀리 레스토랑 가자. 下,,,- 완결,와야마 야마,문학동네,2026-06,7650,9.8,61935,30,2026-09-03T09:11:13+09:00,33,3,62525,-590,0,0
401009364,소드 아트 온라인 29,소드 아트 온라인,29,,- J Novel,카와하라 레키,서울문화사,2026-08,7200,,6000,31,2026-09-03T09:11:13+09:00,28,-3,6140,-140,0,0
398738362,헬싱 한정판 1~5 세트 - 전5권,헬싱 한정판 1~5 세트 - 전5권,,,,히라노 코우타,AK(에이케이)커뮤니케이션즈,2026-08,67500,9.9,17595,32,2026-09-03T09:11:13+09:00,40,8,16955,640,0,0
395945176,나츠메 우인장 32,나츠메 우인장,32,,,미도리카와 유키,학산문화사(만화),2026-06,5400,8.4,12670,33,2026-09-03T09:11:13+09:00,39,6,12700,-30,0,0
400708725,3월의 벽력 2,3월의 벽력,2,,,이케 준코,대원씨아이(만화),2026-08,5400,,7800,34,2026-09-03T09:11:13+09:00,25,-9,8390,-590,0,0
400707875,언니의 미도리 군 9,언니의 미도리 군,9,,,메구로 아무,대원씨아이(만화),2026-08,4950,,6270,35,2026-09-03T09:11:13+09:00,23,-12,6500,-230,0,0
400930547,Myther 3,Myther,3,,- S코믹스,야츠다 테키,㈜소미미디어,2026-09,7200,,4150,36,2026-09-03T09:11:13+09:00,32,-4,4200,-50,0,0
400856630,나나 NANA 완전판 12,나나 NANA 완전판,12,,"- 초판 한정 PP엽서 1종, 포토카드 1종",야자와 아이,학산문화사(만화),2026-08,10800,,5340,37,2026-09-03T09:11:13+09:00,36,-1,4980,360,0,0
400980854,현시연 신장판 1,현시연 신장판,1,,,키오 시모쿠,대원씨아이(만화),2026-08,13500,10.0,3790,38,2026-09-03T09:11:13+09:00,37,-1,3600,190,0,0
401041190,참을 수 없는 건 사랑인 걸까 6,참을 수 없는 건 사랑인 걸까,6,,,소라하나 미아,대원씨아이(만화),2026-08,5850,,3420,39,2026-09-03T09:11:13+09:00,51,12,2830,590,0,0
395510885,슈퍼 뒤에서 담배 피우는 두 사람 8,슈퍼 뒤에서 담배 피우는 두 사람,8,,- SL Comic,지누시,디앤씨미디어(주)(D&C미디어),2026-06,6300,9.9,12820,40,2026-09-03T09:11:13+09:00,41,1,12985,-165,0,0
399973871,옆자리 녀석이 그런 눈으로 쳐다본다 4 (더블특전판),옆자리 녀석이 그런 눈으로 쳐다본다,4,더블특전판,- 수량 한정 더블 특전 : 폴라로이드 에구치 ANGEL Ver + 이케자와 DEVIL Ver,mmk,학산문화사(만화),2026-08,6300,,9720,41,2026-09-03T09:11:13+09:00,48,7,9320,400,0,0
400365247,이거 그리고 죽어 8,이거 그리고 죽어,8,,- 초판 한정 : 띠지 + 일러스트 엽서 1종,토요다 미노루,대원씨아이(만화),2026-08,5400,10.0,5410,42,2026-09-03T09:11:13+09:00,46,4,5380,30,0,0
400707954,블루 자이언트 모멘텀 7,블루 자이언트 모멘텀,7,,,이시즈카 신이치,대원씨아이(만화),2026-08,5850,,4850,43,2026-09-03T09:11:13+09:00,42,-1,4920,-70,0,0
399975177,GACHIAKUTA 18,GACHIAKUTA,18,,,케이 우라나,학산문화사(만화),2026-08,6300,,8930,44,2026-09-03T09:11:13+09:00,38,-6,8990,-60,0,0
400652816,블루 피리어드 7 (더블 특전판),블루 피리어드,7,더블 특전판,"- 초판 한정 일러스트 카드 1종 + 박티켓 책갈피 1종, 시프트코믹스",야마구치 츠바사,YNK MEDIA(만화),2026-08,5400,,5070,45,2026-09-03T09:11:13+09:00,52,7,4810,260,0,0
401041191,너를 잊을 사랑이 하고 싶어 7,너를 잊을 사랑이 하고 싶어,7,,,유우키 하루,대원씨아이(만화),2026-08,5850,,3020,46,2026-09-03T09:11:13+09:00,55,9,2760,260,0,0
400328644,요리 군과 다시 만날 수는 없어! 2,요리 군과 다시 만날 수는 없어!,2,,"- 초판 한정 특전 : 일러스트 카드, 접이식 아크릴 스탠드",Sumio Hataya,서울미디어코믹스(서울문화사),2026-08,5850,10.0,9670,47,2026-09-03T09:11:13+09:00,45,-2,9440,230,0,0
394695719,옆자리 녀석이 그런 눈으로 쳐다본다 3 (더블특전판),옆자리 녀석이 그런 눈으로 쳐다본다,3,더블특전판,- 수량 한정 더블 특전: 포토카드 + 증명사진,mmk,학산문화사(만화),2026-06,6300,9.4,7395,48,2026-09-03T09:11:13+09:00,62,14,6740,655,0,0
400909443,창천항로 애장판 4,창천항로 애장판,4,,,킹곤타,대원씨아이(만화),2026-08,16200,,4240,49,2026-09-03T09:11:13+09:00,35,-14,4400,-160,0,0
401247590,"달은 차고 이지러져, 짐승의 사랑 신장판 (특장판)","달은 차고 이지러져, 짐승의 사랑 신장판",,특장판,"- 작가님 사인 아크릴 카드 + 일러스트 카드 2종 + 이중 커버, 라르고 맥스 Largo Max",노지로 구리,조은세상(북두),2026-09,11700,10.0,4070,50,2026-09-03T09:11:13+09:00,94,44,2430,1640,0,0
399925336,팬텀 버스터즈 7,팬텀 버스터즈,7,,- S코믹스,네오쇼코,㈜소미미디어,2026-08,5850,10.0,17330,51,2026-09-03T09:11:13+09:00,47,-4,17150,180,0,0
398419129,황천의 츠가이 11 (더블특전판),황천의 츠가이,11,더블특전판,,아라카와 히로무,대원씨아이(만화),2026-07,5850,9.8,11300,52,2026-09-03T09:11:13+09:00,44,-8,11630,-330,0,0
400545480,전지적 독자 시점 20,전지적 독자 시점,20,,- 초판 한정 캐릭터 카드 1종 + 특전 엽서 1종,슬리피-C,에이템포미디어,2026-08,14850,,8210,53,2026-09-03T09:11:13+09:00,58,5,8070,140,0,0
396141385,사카모토 데이즈 26 (더블 특전판),사카모토 데이즈,26,더블 특전판,- 원정 / 띠지 + 일러스트 포스트 카드 + 사카모토 상점 양면 어나더커버,스즈키 유우토,대원씨아이(만화),2026-06,5850,9.2,22720,54,2026-09-03T09:11:13+09:00,53,-1,23130,-410,0,0
400544538,비실비실 선생님 16,비실비실 선생님,16,,- 띠지 + 초판한정 일러스트 폴라로이드 카드 1종,후쿠치 카미오,대원씨아이(만화),2026-08,5850,10.0,9780,55,2026-09-03T09:11:13+09:00,54,-1,10450,-670,0,0
399974955,GACHIAKUTA 18 (한정판),GACHIAKUTA,18,한정판,"- 아크릴 디오라마 + 빅스티커 SET(5매) + 스페셜 비주얼 보드, 포토카드SET(4매) + 일러스트 카드(일반판 부록과 동일) + 아웃박스",케이 우라나,학산문화사(만화),2026-08,39600,,9590,56,2026-09-03T09:11:13+09:00,43,-13,10000,-410,0,0
401131950,패배 히로인이 너무 많아! @comic 5,패배 히로인이 너무 많아! @comic,5,,,이타치,재담,2026-08,6300,,3100,57,2026-09-03T09:11:13+09:00,85,28,2330,770,0,0
398309482,요리 군과 다시 만날 수는 없어! 1,요리 군과 다시 만날 수는 없어!,1,,"- 초판 한정 특전 : 양면 일러스트 카드, 접이식 아크릴 스탠드",Sumio Hataya,서울미디어코믹스(서울문화사),2026-07,5850,10.0,10175,58,2026-09-03T09:11:13+09:00,67,9,10095,80,0,0
400594291,유치원WARS 17,유치원WARS,17,,"- 초판특전: 아크릴 일러스트 카드, 더그 일러스트 카드",You Chiba,서울미디어코믹스(서울문화사),2026-08,5400,10.0,6050,59,2026-09-03T09:11:13+09:00,56,-3,6150,-100,0,0
399974190,타몬 군 지금 어느 쪽?! 13,타몬 군 지금 어느 쪽?!,13,,- 수량 한정 특전 : 일러스트 카드,시와스 유키,학산문화사(만화),2026-08,6300,10.0,6310,60,2026-09-03T09:11:13+09:00,57,-3,6150,160,0,0
401009459,유감스러운 사랑의 주인공들 1,유감스러운 사랑의 주인공들,1,,,아와이 키사키,서울미디어코믹스(서울문화사),2026-08,5850,10.0,2910,61,2026-09-03T09:11:13+09:00,61,0,2340,570,0,0
399583956,명탐정 코난 108 (특장판),명탐정 코난,108,특장판,- 극장판 [하이웨이의 타천사] 티저 일러스트 아크릴 스탠드 + 어나더 커버 + 트레이딩 그래픽 컬렉션 카드 8종 중 랜덤 4종,아오야마 고쇼,서울미디어코믹스(서울문화사),2026-07,19800,10.0,17130,62,2026-09-03T09:11:13+09:00,65,3,16905,225,0,0
400594188,노아 선배는 친구 10,노아 선배는 친구,10,,,아키야마 엔마,서울미디어코믹스(서울문화사),2026-08,5850,,6570,63,2026-09-03T09:11:13+09:00,49,-14,7010,-440,0,0
400910174,이력서 3,이력서,3,,,유월,블루픽,2026-08,14220,10.0,4540,64,2026-09-03T09:11:13+09:00,70,6,3280,1260,0,0
400930515,뒤에 있는 카무이 씨 1,뒤에 있는 카무이 씨,1,,- S코믹스 Red,코노시로 신코,㈜소미미디어,2026-09,6300,,2630,65,2026-09-03T09:11:13+09:00,60,-5,2220,410,0,0
236826464,소년과 두더지와 여우와 말,소년과 두더지와 여우와 말,,,,찰리 맥커시,상상의힘,2020-04,19800,9.5,60825,66,2026-09-03T09:11:13+09:00,68,2,60936,-111,0,0
400653146,세금으로 산 책 3,세금으로 산 책,3,,- 시프트코믹스,케이야마 케이,YNK MEDIA(만화),2026-08,5850,,3770,67,2026-09-03T09:11:13+09:00,71,4,3470,300,0,0
400921125,사망 엔딩에서 벗어난 미연시의 히로인들이 내 【일기장】을 읽고 비밀을 알아챈 듯하다 1,사망 엔딩에서 벗어난 미연시의 히로인들이 내 【일기장】을 읽고 비밀을 알아챈 듯하다,1,,- S Novel,addict,㈜소미미디어,2026-09,7650,,3330,68,2026-09-03T09:11:13+09:00,80,12,2830,500,0,0
400922115,순정 갸루는 여친은 아니지만,순정 갸루는 여친은 아니지만,,,- S 블랙,미우라 미우,㈜소미미디어,2026-09,9000,,3610,69,2026-09-03T09:11:13+09:00,84,15,2690,920,0,0
389928857,옆자리 녀석이 그런 눈으로 쳐다본다 2,옆자리 녀석이 그런 눈으로 쳐다본다,2,,,mmk,학산문화사(만화),2026-04,6300,10.0,6406,70,2026-09-03T09:11:13+09:00,89,19,5888,518,0,0
400647677,아이돌라트리 1,아이돌라트리,1,,- 초판 한정 띠지 + 일러스트 pet 카드 1종,호마레,대원씨아이(만화),2026-08,6300,,4030,71,2026-09-03T09:11:13+09:00,63,-8,3660,370,0,0
388083662,슈퍼 뒤에서 담배 피우는 두 사람 7,슈퍼 뒤에서 담배 피우는 두 사람,7,,- SL Comic,지누시,디앤씨미디어(주)(D&C미디어),2026-03,5850,9.3,12173,72,2026-09-03T09:11:13+09:00,66,-6,12476,-303,0,0
400662227,첫사랑은 나의 오빠 2,첫사랑은 나의 오빠,2,,,카스미 유코,서울미디어코믹스(서울문화사),2026-08,5850,,4600,73,2026-09-03T09:11:13+09:00,50,-23,4970,-370,0,0
400707805,담배 고양이 6,담배 고양이,6,,,냥냥 팩토리,대원씨아이(만화),2026-08,5400,,4550,74,2026-09-03T09:11:13+09:00,69,-5,4000,550,0,0
400647778,이토준지 자선 걸작집 Dark Colors,이토준지 자선 걸작집 Dark Colors,,,,이토 준지,미우(대원씨아이),2026-08,17100,5.0,6000,75,2026-09-03T09:11:13+09:00,59,-16,5890,110,0,0
400653323,세금으로 산 책 4,세금으로 산 책,4,,- 시프트코믹스,케이야마 케이,YNK MEDIA(만화),2026-08,5850,,3460,76,2026-09-03T09:11:13+09:00,79,3,3150,310,0,0
396653507,마루는 강쥐 9,마루는 강쥐,9,,- 초판 한정 작가 친필 사인 인쇄본 + 초판 한정 표지 일러스트 엽서,모죠,문페이스,2026-08,14400,,6895,77,2026-09-03T09:11:13+09:00,78,1,6810,85,0,0
400707957,여우 우리군 1 (특장판),여우 우리군,1,특장판,"- B愛 341, 일러스트 카드 5종(초회 한정 일러스트 카드 1종 포함) + 클리어 스탠드 + 스티커 + 폴라로이드형 포토카드 + 어나더 커버 + 별도 박스 포장",네아,대원씨아이(만화),2026-08,16200,10.0,3290,78,2026-09-03T09:11:13+09:00,64,-14,3580,-290,0,0
400981192,엇갈리는 중앙감정선,엇갈리는 중앙감정선,,,- 시무라 타카코 단편집,시무라 타카코,문학동네,2026-08,9000,,2200,79,2026-09-03T09:11:13+09:00,76,-3,2130,70,0,0
396452830,원펀맨 One Punch Man 35,원펀맨 One Punch Man,35,,- 만나서는 안 될 녀석,ONE,대원씨아이(만화),2026-06,5400,9.5,16225,80,2026-09-03T09:11:13+09:00,74,-6,16225,0,0,0
395444608,장송의 프리렌 15,장송의 프리렌,15,,,야마다 카네히토,학산문화사(만화),2026-06,6300,9.7,15605,81,2026-09-03T09:11:13+09:00,77,-4,15795,-190,0,0
352187592,슈퍼 뒤에서 담배 피우는 두 사람 4,슈퍼 뒤에서 담배 피우는 두 사람,4,,- SL Comic,지누시,디앤씨미디어(주)(D&C미디어),2024-11,5400,9.8,10793,82,2026-09-03T09:11:13+09:00,87,5,10921,-128,0,0
369848536,슈퍼 뒤에서 담배 피우는 두 사람 6,슈퍼 뒤에서 담배 피우는 두 사람,6,,- SL Comic,지누시,디앤씨미디어(주)(D&C미디어),2025-08,5850,10.0,10881,83,2026-09-03T09:11:13+09:00,81,-2,10648,233,0,0
399782162,흑집사 35,흑집사,35,,,토보소 야나,학산문화사(만화),2026-08,5400,,9080,84,2026-09-03T09:11:13+09:00,73,-11,9060,20,0,0
360200073,슈퍼 뒤에서 담배 피우는 두 사람 5,슈퍼 뒤에서 담배 피우는 두 사람,5,,- SL Comic,지누시,디앤씨미디어(주)(D&C미디어),2025-03,5850,9.4,11848,85,2026-09-03T09:11:13+09:00,86,1,12060,-212,0,0
400878309,온통 여우 1,온통 여우,1,,- 초판 한정 특전 : 일러스트 카드 2종,Ayami Morinaga,서울미디어코믹스(서울문화사),2026-08,6750,10.0,2470,86,2026-09-03T09:11:13+09:00,72,-14,2520,-50,0,0
320428870,슈퍼 뒤에서 담배 피우는 두 사람 1,슈퍼 뒤에서 담배 피우는 두 사람,1,,- SL Comic,지누시,디앤씨미디어(주)(D&C미디어),2023-07,5400,9.3,10202,87,2026-09-03T09:11:13+09:00,88,1,10528,-326,0,0
399782210,운명의 사람을 만나는 이야기 8,운명의 사람을 만나는 이야기,8,,,아나신,학산문화사(만화),2026-08,5400,10.0,8380,88,2026-09-03T09:11:13+09:00,97,9,8230,150,0,0
290886787,룩 백,룩 백,,,,후지모토 타츠키,학산문화사(만화),2022-03,5400,9.5,35305,89,2026-09-03T09:11:13+09:00,91,2,35305,0,0,0
401042641,고랭순대 작품집 7,고랭순대 작품집,7,,,고랭순대,대원씨아이(만화),2026-08,13500,,1460,90,2026-09-03T09:11:13+09:00,106,16,1570,-110,0,0
401041186,너를 잊을 사랑이 하고 싶어 7 (특장판),너를 잊을 사랑이 하고 싶어,7,특장판,- 단행본 + 피크 키링 + 어나더 커버 + 일러스트 카드 2종 + 포토카드 2종 + 별도 박스 포장,유우키 하루,대원씨아이(만화),2026-08,19800,10.0,1550,91,2026-09-03T09:11:13+09:00,105,14,1500,50,0,0
398736065,너와 장밋빛 매일 3 (트리플 특전판),너와 장밋빛 매일,3,트리플 특전판,- 초판 한정 트리플 특전: 아크릴 일러스트 카드 + 일러스트 카드 + 폴라로이드 카드,히로 치히로,서울미디어코믹스(서울문화사),2026-07,5400,10.0,24225,92,2026-09-03T09:11:13+09:00,93,1,24330,-105,0,0
324439898,슈퍼 뒤에서 담배 피우는 두 사람 2,슈퍼 뒤에서 담배 피우는 두 사람,2,,- SL Comic,지누시,디앤씨미디어(주)(D&C미디어),2023-09,5400,9.4,9243,93,2026-09-03T09:11:13+09:00,96,3,9509,-266,0,0
400150223,남편을 내 편으로 만드는 방법 5 (한정판),남편을 내 편으로 만드는 방법,5,한정판,- 단행본 + 학생 AU 아크릴 스탠드 + 떡메모지 + 파노라마 미니 포스터 4종 + 트레이딩 카드 9종 + 이스케&루비 엽서 4종 + 초판 한정 부록 엽서,시루,캐롯툰,2026-10,35820,,8590,94,2026-09-03T09:11:13+09:00,101,7,8540,50,0,0
399580240,엄마를 만나러 가는 길 3,엄마를 만나러 가는 길,3,,- 초판 한정 부록: 포토카드 2장 + 작가님 친필사인 면지 인쇄본,고먕,네이버웹툰,2026-10,16020,,8540,95,2026-09-03T09:11:13+09:00,102,7,7695,845,0,0
399580402,엄마를 만나러 가는 길 4,엄마를 만나러 가는 길,4,,- 초판 한정 부록: 포토카드 2장 + 작가님 친필사인 면지 인쇄본,고먕,네이버웹툰,2026-10,16020,,8180,96,2026-09-03T09:11:13+09:00,112,16,7095,1085,0,0
399290739,메이드 인 어비스 14,메이드 인 어비스,14,,,츠쿠시 아키히토,미우(대원씨아이),2026-07,7200,,5890,97,2026-09-03T09:11:13+09:00,103,6,6055,-165,0,0
397904178,새벽의 연화 47,새벽의 연화,47,,,미즈호 쿠사나기,학산문화사(만화),2026-07,5400,,5935,98,2026-09-03T09:11:13+09:00,121,23,5590,345,0,0
400647796,이토준지 자선 걸작집 왜곡,이토준지 자선 걸작집 왜곡,,,,이토 준지,미우(대원씨아이),2026-08,14400,4.0,4480,99,2026-09-03T09:11:13+09:00,90,-9,4570,-90,0,0
400668931,커다란 네가 제일 귀여워 (한정판),커다란 네가 제일 귀여워,,한정판,"- 일러스트 메모패드, 작가님 사인 포토카드 2종, 빅 클리어 카드 2종, 일러스트 카드, 라르고 맥스 Largo Max",유키하루,조은세상(북두),2026-08,9900,10.0,3150,100,2026-09-03T09:11:13+09:00,75,-25,3160,-10,0,0
398962987,주술회전 모듈로 1,주술회전 모듈로,1,,- 특급 사안 /초판 한정 캐릭터 일러스트 카드 3종 + 선착순 한정 포토카드 1종,Yuji Iwasaki,서울미디어코믹스(서울문화사),2026-07,6300,9.0,25460,101,2026-09-03T09:11:13+09:00,92,-9,25590,-130,0,0
336001751,슈퍼 뒤에서 담배 피우는 두 사람 3,슈퍼 뒤에서 담배 피우는 두 사람,3,,- SL Comic,지누시,디앤씨미디어(주)(D&C미디어),2024-03,5400,9.8,9036,102,2026-09-03T09:11:13+09:00,100,-2,9036,0,0,0
400543400,그랑블루 26,그랑블루,26,,,요시오카 키미타게,대원씨아이(만화),2026-08,4950,,3020,103,2026-09-03T09:11:13+09:00,82,-21,3580,-560,0,0
401097577,"다른 학교 얼음공주를 구했더니, 친구부터 시작하게 되었습니다 2","다른 학교 얼음공주를 구했더니, 친구부터 시작하게 되었습니다",2,,,사츠키 히류,오팬스노벨,2026-08,7650,,2370,104,2026-09-03T09:11:13+09:00,113,9,2630,-260,0,0
400856525,애프터 갓 10,애프터 갓,10,,,에노 스미,대원씨아이(만화),2026-08,5400,10.0,2390,105,2026-09-03T09:11:13+09:00,83,-22,2630,-240,0,0
384420875,원피스 113,원피스,113,,- 로키탄생,오다 에이치로,대원씨아이(만화),2026-01,5850,9.9,24814,106,2026-09-03T09:11:13+09:00,114,8,24692,122,0,0
349202721,일러스트레이터를 위한 색과 빛 마스터 가이드북 : COLOR & LIGHT,일러스트레이터를 위한 색과 빛 마스터 가이드북 : COLOR & LIGHT,,,,3D토털 퍼블리싱,영진.com(영진닷컴),2024-10,28800,10.0,11671,107,2026-09-03T09:11:13+09:00,138,31,11250,421,0,0
400594114,못 미더운 악녀입니다만 : ~추궁접서 교체전~ 10,못 미더운 악녀입니다만 : ~추궁접서 교체전~,10,,,EI Ohitsuji,서울미디어코믹스(서울문화사),2026-08,6300,10.0,2550,108,2026-09-03T09:11:13+09:00,109,1,2700,-150,0,0
400707990,여우 우리군 1,여우 우리군,1,,- B愛 341,네아,대원씨아이(만화),2026-08,6300,,2280,109,2026-09-03T09:11:13+09:00,104,-5,2120,160,0,0
388016420,스파이 패밀리 16,스파이 패밀리,16,,,엔도 타츠야,학산문화사(만화),2026-03,5400,9.7,21007,110,2026-09-03T09:11:13+09:00,118,8,21007,0,0,0
390779612,야마다 군과 Lv999의 사랑을 하다 7,야마다 군과 Lv999의 사랑을 하다,7,,,마시로,디앤씨미디어(주)(D&C미디어),2026-04,7200,10.0,13769,111,2026-09-03T09:11:13+09:00,95,-16,14245,-476,0,0
395840340,마남 이치 5 (트리플 특전판),마남 이치,5,트리플 특전판,- 홀로그램 일러스트 카드 2종 + 캐릭터 일러스트 카드,유사자키 시로,서울미디어코믹스(서울문화사),2026-06,6300,9.5,12625,112,2026-09-03T09:11:13+09:00,108,-4,12695,-70,0,0
397284418,슈퍼 러버즈 19,슈퍼 러버즈,19,,,아베 미유키,서울미디어코믹스(서울문화사),2026-07,5400,10.0,8410,113,2026-09-03T09:11:13+09:00,137,24,8345,65,0,0
396819581,나의 첫 섹파 1,나의 첫 섹파,1,,- 초회 수량한정 특장판 구성 (수량 소진 시 종료),유리카와,재담,2026-06,6300,,4490,114,2026-09-03T09:11:13+09:00,116,2,4455,35,0,0
400585881,귀여운 건 나다 3,귀여운 건 나다,3,,,야스코,대원씨아이(만화),2026-08,6300,10.0,3000,115,2026-09-03T09:11:13+09:00,98,-17,3350,-350,0,0
400980564,킬러의 최애 4,킬러의 최애,4,,,오시마 린타로,대원씨아이(만화),2026-08,6300,,1910,116,2026-09-03T09:11:13+09:00,133,17,1380,530,0,0
366362146,엄마를 만나러 가는 길 1,엄마를 만나러 가는 길,1,,,고먕,네이버웹툰,2025-08,16020,10.0,15679,117,2026-09-03T09:11:13+09:00,157,40,15156,523,0,0
394124358,캐릭캐릭 체인지! Jewel Joker 주얼 조커 3,캐릭캐릭 체인지! Jewel Joker 주얼 조커,3,,- 초판 특전: 아르카나 학원 아크릴 일러스트 카드,PEACH-PIT,서울미디어코믹스(서울문화사),2026-05,5850,10.0,12990,118,2026-09-03T09:11:13+09:00,119,1,12760,230,0,0
396369059,향기로운 꽃은 늠름하게 핀다 21,향기로운 꽃은 늠름하게 핀다,21,,- 띠지 + 초판한정 일러스트 엽서 1종,미카미 사카,대원씨아이(만화),2026-06,6300,,12405,119,2026-09-03T09:11:13+09:00,107,-12,12775,-370,0,0
400245347,버서스 6,버서스,6,,,아즈마 쿄타로,학산문화사(만화),2026-08,5400,,4280,120,2026-09-03T09:11:13+09:00,122,2,4280,0,0,0
290092090,아이다이로 화집 지박소년 하나코 군,아이다이로 화집 지박소년 하나코 군,,,,아이다이로,서울미디어코믹스(서울문화사),2022-03,16200,10.0,4396,121,2026-09-03T09:11:13+09:00,174,53,4255,141,0,0
400229048,사토 씨의 친구,사토 씨의 친구,,,,마스다 미리,이봄,2026-08,13500,9.0,3900,122,2026-09-03T09:11:13+09:00,123,1,4090,-190,0,0
401041961,산가지는 도깨비의 꿈을 꾼다 5,산가지는 도깨비의 꿈을 꾼다,5,,,LAPIS,다산코믹스,2026-08,18000,,1790,123,2026-09-03T09:11:13+09:00,125,2,2030,-240,0,0
400340156,마끼아또의 일러스트 레벨업 테크닉,마끼아또의 일러스트 레벨업 테크닉,,,- 초보가 가장 많이 막히는 고민 해결집,마끼아또,AK(에이케이)커뮤니케이션즈,2026-08,19800,10.0,2240,124,2026-09-03T09:11:13+09:00,164,40,1930,310,0,0
400856659,눈이 나려 꽃 26,눈이 나려 꽃,26,,,임해연,학산문화사(만화),2026-08,7200,,1930,125,2026-09-03T09:11:13+09:00,110,-15,1890,40,0,0
401247989,독점 마이 히어로 15,독점 마이 히어로,15,,- 코믹 라르고 Comic Largo,아리이 메메코,조은세상(북두),2026-09,5400,,1530,126,2026-09-03T09:11:13+09:00,180,54,1310,220,0,0
401372500,아케비의 세일러복 16,아케비의 세일러복,16,,,히로,서울미디어코믹스(서울문화사),2026-09,7650,10.0,2210,127,2026-09-03T09:11:13+09:00,,,,,1,0
393769452,불가항력의 I LOVE YOU 8,불가항력의 I LOVE YOU,8,,- 초판특전 : 포토카드 3종 세트,호시노 미즈키,서울미디어코믹스(서울문화사),2026-05,5400,9.7,17975,128,2026-09-03T09:11:13+09:00,126,-2,18215,-240,0,0
398728364,마법소녀를 동경해서 6 (더블특전판),마법소녀를 동경해서,6,더블특전판,- 초판한정 : 일러스트 카드 1종 + SD 스티커 1종,오노나카 아키히로,대원씨아이(만화),2026-07,6750,,8070,129,2026-09-03T09:11:13+09:00,120,-9,8155,-85,0,0
400708280,발화 2,발화,2,,- 초판1쇄 한정 포토카드 2종,영재영,레진코믹스(레진엔터테인먼트),2026-08,15300,10.0,2820,130,2026-09-03T09:11:13+09:00,117,-13,3000,-180,0,0
400585742,아메와 우미 1,아메와 우미,1,,"- S코믹스, 초판 한정 양면 일러스트 카드 2종(도서 내 래핑)",야마카타 아츠카,㈜소미미디어,2026-08,6300,10.0,2800,131,2026-09-03T09:11:13+09:00,124,-7,2730,70,0,0
401097694,피가 이어지지 않은 우리가 가족이 되는 단 하나의 방법 1,피가 이어지지 않은 우리가 가족이 되는 단 하나의 방법,1,,,히바리유,오팬스노벨,2026-08,7650,,2100,132,2026-09-03T09:11:13+09:00,145,13,2250,-150,0,0
393688901,카구라바치 10 (트리플특전판),카구라바치,10,트리플특전판,- 초판한정 일러스트 시네마티켓 + 애니메이션 KV카드 + 검사들 일러스트카드,호카조노 타케루,대원씨아이(만화),2026-05,5850,9.8,19220,133,2026-09-03T09:11:13+09:00,135,2,19290,-70,0,0
392518962,체인소 맨 23,체인소 맨,23,,,후지모토 타츠키,학산문화사(만화),2026-05,5400,9.1,16190,134,2026-09-03T09:11:13+09:00,115,-19,16280,-90,0,0
399402787,얼굴만으론 좋아할 수 없어요 17,얼굴만으론 좋아할 수 없어요,17,,"- 한국 한정 오리지널 일러스트 양면 커버, 초판 한정 SNS풍 주인공 커플 일러스트 카드, 졸업식 일러스트 카드",안자이 카린,서울미디어코믹스(서울문화사),2026-07,5400,,9915,135,2026-09-03T09:11:13+09:00,128,-7,10200,-285,0,0
393809247,사피엔스 : 그래픽 히스토리 Vol.4,사피엔스 : 그래픽 히스토리 Vol.4,,,- 혁명의 시대,,김영사,2026-05,17820,,7725,136,2026-09-03T09:11:13+09:00,129,-7,7860,-135,0,0
400246321,황천의 츠가이 12 (특별판),황천의 츠가이,12,특별판,- 초판부록 2종 + 패키지 박스 + 운명의 쌍둥이 아크릴 스탠드 1종 + 가브리엘 아크릴 참 키링 1종+ 시그니처 포토카드 1종 + 빅 캔배지 1종 + 홀로그램 카드 2종,아라카와 히로무,대원씨아이(만화),2026-08,25650,,5060,137,2026-09-03T09:11:13+09:00,142,5,4980,80,0,0
309059685,판타지 배색 아이디어 사전,판타지 배색 아이디어 사전,,,- 세계관을 창조하는,사쿠라이 테루코,한즈미디어(한스미디어),2023-01,5630,10.0,4469,138,2026-09-03T09:11:13+09:00,160,22,4026,443,0,0
400958916,11번째 고양이는 네네 2,11번째 고양이는 네네,2,,,하리카모,오팬스코믹,2026-08,6300,,1560,139,2026-09-03T09:11:13+09:00,111,-28,1470,90,0,0
401009461,달의 아이 신장판 8,달의 아이 신장판,8,,- 완결,시미즈 레이코,서울미디어코믹스(서울문화사),2026-08,16200,,1410,140,2026-09-03T09:11:13+09:00,148,8,1110,300,0,0
398869483,홀로서기 마왕성 12,홀로서기 마왕성,12,,,모리시타 마코토,대원씨아이(만화),2026-07,5400,9.3,1000,141,2026-09-03T09:11:13+09:00,147,6,1035,-35,0,0
401372461,악마에 입문했습니다! 이루마 군 48,악마에 입문했습니다! 이루마 군,48,,,니시 오사무,서울미디어코믹스(서울문화사),2026-09,5850,,2010,142,2026-09-03T09:11:13+09:00,,,,,1,0
398867421,찍히지 않습니다 7,찍히지 않습니다,7,,"- S코믹스 /초판 한정 일러스트 카드, 폴라로이드 사진풍 카드 2종",코노시마 루카,㈜소미미디어,2026-08,6300,10.0,10155,143,2026-09-03T09:11:13+09:00,139,-4,10145,10,0,0
397818232,오가미 츠미키와 기일상 7,오가미 츠미키와 기일상,7,,,모리시타 미유,학산문화사(만화),2026-07,5400,9.5,5010,144,2026-09-03T09:11:13+09:00,131,-13,5065,-55,0,0
400247736,만화 인소의 법칙 9 (한정판),만화 인소의 법칙,9,한정판,- 구성: 단행본 + 은지호 PET 스탠드 + 우주인 학생증 + 신용카드 스티커 2종 + 엽서 4종 + 미니 표지 아크릴 키링,아현,디앤씨웹툰비즈,2026-08,25200,,3740,145,2026-09-03T09:11:13+09:00,143,-2,3850,-110,0,0
400594187,아마 그녀는 우리 형을 노리고 있을 거야 1,아마 그녀는 우리 형을 노리고 있을 거야,1,,"- 초판 특전 양면 일러스트카드, 양면 일러스트 코스터",이세 마루노,서울미디어코믹스(서울문화사),2026-08,6300,10.0,2220,146,2026-09-03T09:11:13+09:00,154,8,2220,0,0,0
400652779,스노우볼 어스 4,스노우볼 어스,4,,- 시프트코믹스,츠지츠구 유우히로,YNK MEDIA(만화),2026-08,5400,10.0,1800,147,2026-09-03T09:11:13+09:00,146,-1,1880,-80,0,0
400669134,반에서 두 번째로 귀여운 여자애와 친구가 되었다 6,반에서 두 번째로 귀여운 여자애와 친구가 되었다,6,,"- 왈츠 코믹스, 초판 한정 특전 : 일러스트 카드 1종, 포토카드 2종",오노 린,조은세상(북두),2026-08,5400,,2040,148,2026-09-03T09:11:13+09:00,167,19,1850,190,0,0
400909388,겁쟁이페달 95,겁쟁이페달,95,,,와타나베 와타루,대원씨아이(만화),2026-08,4950,,1470,149,2026-09-03T09:11:13+09:00,99,-50,1780,-310,0,0
337054427,패밀리 레스토랑 가자. 上,패밀리 레스토랑 가자. 上,,,,와야마 야마,문학동네,2024-04,7650,9.7,31404,150,2026-09-03T09:11:13+09:00,134,-16,31684,-280,0,0
366362586,엄마를 만나러 가는 길 2,엄마를 만나러 가는 길,2,,,고먕,네이버웹툰,2025-08,16020,10.0,14418,151,2026-09-03T09:11:13+09:00,219,68,14418,0,0,0
399781349,윈드 브레이커 15~16 세트 - 전2권,윈드 브레이커 15~16 세트 - 전2권,,,"- 초판한정부록 : 일러스트카드 1종, 아코디언카드 1종",니이 사토루,리디(RIDI),2026-08,10800,10.0,7740,152,2026-09-03T09:11:13+09:00,141,-11,7920,-180,0,0
400225135,"내가 연인이 될 수 있을 리 없잖아, 무리무리! (※무리가 아니었다?!) 8","내가 연인이 될 수 있을 리 없잖아, 무리무리! (※무리가 아니었다?!)",8,,"- S Novel+ , 초판 한정 책갈피, 쇼트스토리 소책자",미카미 테렌,㈜소미미디어,2026-08,9450,10.0,6330,153,2026-09-03T09:11:13+09:00,150,-3,6450,-120,0,0
399050948,세금으로 산 책 1,세금으로 산 책,1,,- 시프트코믹스,케이야마 케이,YNK MEDIA(만화),2026-07,5850,10.0,5705,154,2026-09-03T09:11:13+09:00,186,32,5380,325,0,0
400547001,작전명 순정 7~9 스페셜 세트 - 전3권,작전명 순정 7~9 스페셜 세트 - 전3권,,,"- 구성: 단행본 7~9권, 엽서집(양면엽서 16장), 프로필 세트(프로필 3종 + PET 포스터 2종 + 종이 홀더), 레이어 카드 2종, 아크릴 코롯토, 증명사진 팩, 도화 인터뷰집, 스페셜 패키지 박스, 초판한정 엽서",꼬까리,영진.com(영진닷컴),2026-08,79200,10.0,4840,155,2026-09-03T09:11:13+09:00,130,-25,5300,-460,0,0
398869909,나나 NANA 완전판 11,나나 NANA 완전판,11,,"- 초판 한정 PP엽서 1종, 포토카드 1종",야자와 아이,학산문화사(만화),2026-07,10800,,3820,156,2026-09-03T09:11:13+09:00,161,5,3710,110,0,0
298959168,아이다이로 화집 지박소년 하나코 군 2,아이다이로 화집 지박소년 하나코 군,2,,,아이다이로,서울미디어코믹스(서울문화사),2022-08,16200,,3528,157,2026-09-03T09:11:13+09:00,267,110,3267,261,0,0
400157314,2120,2120,,,,조지 와일솔,프시케의숲,2026-08,27000,10.0,3130,158,2026-09-03T09:11:13+09:00,152,-6,3090,40,0,0
375360802,44교시 생존수업 1~2 세트 - 전2권,44교시 생존수업 1~2 세트 - 전2권,,,,상C,네이버웹툰,2025-12,28800,10.0,2454,159,2026-09-03T09:11:13+09:00,132,-27,2454,0,0,0
399465061,신석기 시대부터 AI 시대까지 만화로 꿰뚫는 경제사,신석기 시대부터 AI 시대까지 만화로 꿰뚫는 경제사,,,- 물질적 풍요는 우리를 행복하게 만들었을까,,클,2026-08,19800,10.0,2105,160,2026-09-03T09:11:13+09:00,163,3,2205,-100,0,0
400707775,곰과 토끼는 친구로 지낼 수 없다 2,곰과 토끼는 친구로 지낼 수 없다,2,,,이누요시 아키라,대원씨아이(만화),2026-08,6300,,1720,161,2026-09-03T09:11:13+09:00,165,4,1620,100,0,0
292511593,가라오케 가자!,가라오케 가자!,,,,와야마 야마,문학동네,2022-04,7650,9.6,28732,162,2026-09-03T09:11:13+09:00,168,6,28852,-120,0,0
392518622,타몬 군 지금 어느 쪽?! 12,타몬 군 지금 어느 쪽?!,12,,,시와스 유키,학산문화사(만화),2026-05,5400,10.0,15220,163,2026-09-03T09:11:13+09:00,198,35,14855,365,0,0
322919098,향기로운 꽃은 늠름하게 핀다 1,향기로운 꽃은 늠름하게 핀다,1,,,미카미 사카,대원씨아이(만화),2023-08,5400,9.7,9882,164,2026-09-03T09:11:13+09:00,200,36,9592,290,0,0
394045519,아멜리아의 호기심 많은 로맨스 2,아멜리아의 호기심 많은 로맨스,2,,- 루나 코믹스,코하쿠 요루,㈜소미미디어,2026-06,6300,10.0,9275,165,2026-09-03T09:11:13+09:00,136,-29,9330,-55,0,0
388852450,담배 고양이 1,담배 고양이,1,,,냥냥 팩토리,대원씨아이(만화),2026-03,5400,10.0,5531,166,2026-09-03T09:11:13+09:00,172,6,5651,-120,0,0
397904410,나 혼자만 레벨업 : 라그나로크 3,나 혼자만 레벨업 : 라그나로크,3,,- 만화,,디앤씨웹툰비즈,2026-07,14400,10.0,5820,167,2026-09-03T09:11:13+09:00,173,6,5635,185,0,0
398285038,포켓몬스터 스페셜 63,포켓몬스터 스페셜,63,,,쿠사카 히데노리,대원씨아이(만화),2026-07,4950,,2945,168,2026-09-03T09:11:13+09:00,211,43,2625,320,0,0
400307585,재혼황후 11,재혼황후,11,,- 만화,히어리,영컴(YOUNG COM),2026-08,15120,,2110,169,2026-09-03T09:11:13+09:00,175,6,1980,130,0,0
400647477,만화를 잘 그리기 위한 노하우 도감,만화를 잘 그리기 위한 노하우 도감,,,,사이드랜치(Sideranch),영진.com(영진닷컴),2026-08,18000,,1430,170,2026-09-03T09:11:13+09:00,179,9,1560,-130,0,0
401009550,월광천녀 애장판 8,월광천녀 애장판,8,,,시미즈 레이코,서울미디어코믹스(서울문화사),2026-08,16200,,1090,171,2026-09-03T09:11:13+09:00,181,10,880,210,0,0
400980630,룸메이트 1,룸메이트,1,,,사토 아키히토,대원씨아이(만화),2026-08,6750,,1190,172,2026-09-03T09:11:13+09:00,214,42,800,390,0,0
374587018,원피스 112,원피스,112,,- 할리(신전),오다 에이치로,대원씨아이(만화),2025-10,5400,10.0,27242,173,2026-09-03T09:11:13+09:00,215,42,26969,273,0,0
393311014,히카루가 죽은 여름 8,히카루가 죽은 여름,8,,"- SL Comic, 초판 한정 특전 띠지, 일러스트 카드 & 클리어 일러스트 카드 세트 (2종 중 1종)",모쿠모쿠렌,디앤씨미디어(주)(D&C미디어),2026-05,6300,9.7,11740,174,2026-09-03T09:11:13+09:00,199,25,11740,0,0,0
392518608,봄의 폭풍과 몬스터 8,봄의 폭풍과 몬스터,8,,,미츠바치 미유키,학산문화사(만화),2026-05,5400,9.6,10865,175,2026-09-03T09:11:13+09:00,127,-48,11000,-135,0,0
399055597,Re : 제로부터 시작하는 이세계 생활 43,Re : 제로부터 시작하는 이세계 생활,43,,"- Novel Engine / 초판한정 특별부록 : 띠지, 일러스트 카드",나가츠키 탓페이,데이즈엔터(주),2026-08,7200,,6055,176,2026-09-03T09:11:13+09:00,203,27,5965,90,0,0
399381869,담배 고양이 5,담배 고양이,5,,,냥냥 팩토리,대원씨아이(만화),2026-07,5400,,4090,177,2026-09-03T09:11:13+09:00,159,-18,4235,-145,0,0
385522768,옆자리 녀석이 그런 눈으로 쳐다본다 1,옆자리 녀석이 그런 눈으로 쳐다본다,1,,,mmk,학산문화사(만화),2026-02,6300,,4029,178,2026-09-03T09:11:13+09:00,295,117,3583,446,0,0
324629346,그리고 마녀는 숲으로 갔다 1,그리고 마녀는 숲으로 갔다,1,,,산호,고블,2023-08,20700,9.2,3372,179,2026-09-03T09:11:13+09:00,300,121,3070,302,0,0
400154065,달님이 바라시는 대로 9,달님이 바라시는 대로,9,,,키우치 라무네,서울미디어코믹스(서울문화사),2026-08,5400,,2820,180,2026-09-03T09:11:13+09:00,162,-18,2890,-70,0,0
400543319,우자키 양은 놀고싶어! 14,우자키 양은 놀고싶어!,14,,,타케,대원씨아이(만화),2026-08,4950,,2450,181,2026-09-03T09:11:13+09:00,210,29,2400,50,0,0
400545629,파인더의 도피행,파인더의 도피행,,,- 뉴 루비코믹스 3165,야마네 아야노,현대지능개발사,2026-08,7830,,2070,182,2026-09-03T09:11:13+09:00,193,11,2000,70,0,0
395745763,아카네 이야기 15,아카네 이야기,15,,,유키 스에나가,학산문화사(만화),2026-06,5400,9.9,1555,183,2026-09-03T09:11:13+09:00,176,-7,1565,-10,0,0
400878569,오컬트 타임즈 1,오컬트 타임즈,1,,- 초판 한정 : 일러스트 카드 부록 2종,Idonchi,서울미디어코믹스(서울문화사),2026-08,6300,10.0,1230,184,2026-09-03T09:11:13+09:00,156,-28,1270,-40,0,0
400909336,라면 재유기 13,라면 재유기,13,,,쿠베 로쿠로,대원씨아이(만화),2026-08,5850,,1370,185,2026-09-03T09:11:13+09:00,195,10,1250,120,0,0
401049347,냄비로 총알을 막아내며 3,냄비로 총알을 막아내며,3,,,아오키 준타로,블루픽,2026-08,7200,,980,186,2026-09-03T09:11:13+09:00,196,10,1080,-100,0,0
401049303,냄비로 총알을 막아내며 2,냄비로 총알을 막아내며,2,,,아오키 준타로,블루픽,2026-08,7200,,980,187,2026-09-03T09:11:13+09:00,197,10,1080,-100,0,0
401052876,만화 이상적인 기둥서방 생활 11,만화 이상적인 기둥서방 생활,11,,,히노츠키 네코,길찾기,2026-08,6300,8.0,1560,188,2026-09-03T09:11:13+09:00,243,55,950,610,0,0
401345122,환생했는데 제7왕자라 내맘대로 마술을 연마합니다 22,환생했는데 제7왕자라 내맘대로 마술을 연마합니다,22,,,코쿠자와 요스케,학산문화사(만화),2026-09,5400,,1610,189,2026-09-03T09:11:13+09:00,,,,,1,0
373383665,언제나 기억해,언제나 기억해,,,"- 소년과 두더지와 여우와 말, 그리고 폭풍우",찰리 맥커시,상상의힘,2025-10,19800,10.0,17686,190,2026-09-03T09:11:13+09:00,182,-8,17762,-76,0,0
193382764,페르세폴리스,페르세폴리스,,,,마르얀 사트라피,휴머니스트,2019-06,28800,8.6,15148,191,2026-09-03T09:11:13+09:00,218,27,14931,217,0,0
390778469,원펀맨 One Punch Man 34,원펀맨 One Punch Man,34,,- 여명,ONE,대원씨아이(만화),2026-04,5400,9.2,13557,192,2026-09-03T09:11:13+09:00,221,29,13469,88,0,0
362375950,불가항력의 I LOVE YOU 4,불가항력의 I LOVE YOU,4,,,호시노 미즈키,서울미디어코믹스(서울문화사),2025-04,5400,9.7,10685,193,2026-09-03T09:11:13+09:00,245,52,10573,112,0,0
341684925,불가항력의 I LOVE YOU 1,불가항력의 I LOVE YOU,1,,,호시노 미즈키,서울미디어코믹스(서울문화사),2024-06,5400,9.6,9213,194,2026-09-03T09:11:13+09:00,248,54,9128,85,0,0
342785369,불가항력의 I LOVE YOU 2,불가항력의 I LOVE YOU,2,,,호시노 미즈키,서울미디어코믹스(서울문화사),2024-07,5400,9.4,8470,195,2026-09-03T09:11:13+09:00,250,55,8236,234,0,0
396695591,루리 드래곤 5,루리 드래곤,5,,"- 초판특전: 일러스트 카드, 일러스트 스탠딩 POP",신도 마사오키,서울미디어코믹스(서울문화사),2026-06,5400,8.7,8120,196,2026-09-03T09:11:13+09:00,149,-47,8450,-330,0,0
393238375,양 선배는 혼자서 살아갈 수 없어 2,양 선배는 혼자서 살아갈 수 없어,2,,- 초판부록 : 일러스트 카드 1종 + 띠지,soon챠,대원씨아이(만화),2026-05,5850,9.9,8375,197,2026-09-03T09:11:13+09:00,249,52,8235,140,0,0
397047219,쇼타 형아 7,쇼타 형아,7,,- BLovers Comics /초판 한정 더블 특전 : 양면 일러스트 카드 2종,나카야마 미유키,서울미디어코믹스(서울문화사),2026-06,5850,9.4,7230,198,2026-09-03T09:11:13+09:00,226,28,7230,0,0,0
398727110,봇치·더·록! 앤솔러지 코믹 6,봇치·더·록! 앤솔러지 코믹,6,,,치바 사도루,대원씨아이(만화),2026-07,8100,10.0,6025,199,2026-09-03T09:11:13+09:00,158,-41,6710,-685,0,0
393753728,수상한 경찰 1 (트리플 특전판),수상한 경찰,1,트리플 특전판,- 초판한정 일러스트 북마크 1종 + 일러스트 엽서 4종 + 캐릭터 프로필 카드 4종,무키시츠,대원씨아이(만화),2026-05,9000,9.6,5440,200,2026-09-03T09:11:13+09:00,187,-13,5515,-75,0,0
400136861,누나의 친구 4,누나의 친구,4,,,타카세 와카,학산문화사(만화),2026-08,5400,,3650,201,2026-09-03T09:11:13+09:00,190,-11,3750,-100,0,0
400006799,유녀전기 21,유녀전기,21,,- 노엔 코믹스,토죠 치카,데이즈엔터(주),2026-08,5400,10.0,2600,202,2026-09-03T09:11:13+09:00,191,-11,2620,-20,0,0
398203513,톰 폭스의 옷을 입은 캐릭터 드로잉 : 아티스트를 위한 옷과 주름 그리기 가이드,톰 폭스의 옷을 입은 캐릭터 드로잉 : 아티스트를 위한 옷과 주름 그리기 가이드,,,,톰 폭스,한즈미디어(한스미디어),2026-07,28800,10.0,2670,203,2026-09-03T09:11:13+09:00,192,-11,2480,190,0,0
400856516,아오아시 17,아오아시,17,,,코바야시 유고,대원씨아이(만화),2026-08,5850,,1600,204,2026-09-03T09:11:13+09:00,155,-49,1700,-100,0,0
400585911,녹풍당의 사계절 21,녹풍당의 사계절,21,,,시미즈 유우,대원씨아이(만화),2026-08,4500,,1640,205,2026-09-03T09:11:13+09:00,178,-27,1640,0,0,0
400669111,커다란 네가 제일 귀여워,커다란 네가 제일 귀여워,,,- 라르고 맥스 Largo Max,유키하루,조은세상(북두),2026-08,6300,,1370,206,2026-09-03T09:11:13+09:00,194,-12,1230,140,0,0
401041322,술에 취한 영애가 영웅을 몰라보고 구혼한 결과 1,술에 취한 영애가 영웅을 몰라보고 구혼한 결과,1,,,오오토리,대원씨아이(만화),2026-08,5850,,950,207,2026-09-03T09:11:13+09:00,278,71,710,240,0,0
401345344,스물과 성수 7,스물과 성수,7,,- 완결,소라가미 세이,학산문화사(만화),2026-09,5400,,1510,208,2026-09-03T09:11:13+09:00,,,,,1,0
401325991,도원암귀 26,도원암귀,26,,- S코믹스,우루시바라 유라,㈜소미미디어,2026-09,6300,,1510,209,2026-09-03T09:11:13+09:00,,,,,1,0
385946226,만화의 원리,만화의 원리,,,,이리에 아키,대원씨아이(만화),2026-02,21600,9.4,17593,210,2026-09-03T09:11:13+09:00,217,7,17859,-266,0,0
399924966,팬텀 버스터즈 7 (한정판),팬텀 버스터즈,7,한정판,"- CD 라벨풍 스티커 + CD 자켓풍 일러스트 카드 2종 + 아크릴 키링 4종, M형 티켓 + 양면 어나더 커버 + 초판 한정 일러스트 카드, S코믹스",네오쇼코,㈜소미미디어,2026-08,27000,,14010,211,2026-09-03T09:11:13+09:00,183,-28,13940,70,0,0
391943528,엄마를 만나러 가는 길,엄마를 만나러 가는 길,,,"- 모리의 스티커북 /초판 한정 부록: 투명 북마크,작가 친필 사인 면지에 인쇄",고먕,네이버웹툰,2026-06,15300,10.0,13341,212,2026-09-03T09:11:13+09:00,372,160,11636,1705,0,0
388349614,카구라바치 9 (더블특전판),카구라바치,9,더블특전판,"- 엔텐, 일러스트 시네마 티켓 + 요도 계약자 pp 북마크",호카조노 타케루,대원씨아이(만화),2026-03,5850,,11293,213,2026-09-03T09:11:13+09:00,184,-29,11164,129,0,0
397047378,반딧불이의 혼례 11,반딧불이의 혼례,11,,,타치바나 오레코,서울미디어코믹스(서울문화사),2026-06,7650,10.0,11040,214,2026-09-03T09:11:13+09:00,224,10,11085,-45,0,0
390776539,3월의 라이온 18,3월의 라이온,18,,,우미노 치카,시리얼(학산문화사),2026-04,7200,10.0,10732,215,2026-09-03T09:11:13+09:00,185,-30,10742,-10,0,0
393546382,봇치·더·록! 외전 히로이 키쿠리의 과음일기 5,봇치·더·록! 외전 히로이 키쿠리의 과음일기,5,,,쿠미쵸,대원씨아이(만화),2026-05,8100,10.0,9330,216,2026-09-03T09:11:13+09:00,140,-76,9330,0,0,0
315020417,헌터x헌터 HunterXHunter 신장판 37,헌터x헌터 HunterXHunter 신장판,37,,,토가시 요시히로,학산문화사(만화),2023-04,5400,10.0,9117,217,2026-09-03T09:11:13+09:00,201,-16,9096,21,0,0
388137331,3월의 벽력 1,3월의 벽력,1,,,이케 준코,대원씨아이(만화),2026-03,5400,9.5,8238,218,2026-09-03T09:11:13+09:00,169,-49,8448,-210,0,0
327563621,향기로운 꽃은 늠름하게 핀다 2,향기로운 꽃은 늠름하게 핀다,2,,,미카미 사카,대원씨아이(만화),2023-10,5400,9.8,8542,219,2026-09-03T09:11:13+09:00,323,104,8294,248,0,0
353421098,불가항력의 I LOVE YOU 3,불가항력의 I LOVE YOU,3,,,호시노 미즈키,서울미디어코믹스(서울문화사),2024-12,5400,9.3,7931,220,2026-09-03T09:11:13+09:00,251,31,7931,0,0,0
298605858,헌터x헌터 HunterXHunter 신장판 36,헌터x헌터 HunterXHunter 신장판,36,,,토가시 요시히로,학산문화사(만화),2020-03,5400,,7809,221,2026-09-03T09:11:13+09:00,227,6,7753,56,0,0
307634607,주술회전 21,주술회전,21,,- 도쿄 제2콜로니 -호운-,아쿠타미 게게,서울미디어코믹스(서울문화사),2022-12,5400,9.7,8072,222,2026-09-03T09:11:13+09:00,440,218,7743,329,0,0
350620490,향기로운 꽃은 늠름하게 핀다 11,향기로운 꽃은 늠름하게 핀다,11,,,미카미 사카,대원씨아이(만화),2024-10,5400,9.8,7231,223,2026-09-03T09:11:13+09:00,228,5,7272,-41,0,0
297448639,방과 후 소년 하나코 군,방과 후 소년 하나코 군,,,,아이다이로,서울미디어코믹스(서울문화사),2022-07,5400,10.0,6038,224,2026-09-03T09:11:13+09:00,256,32,6090,-52,0,0
384933730,아멜리아의 호기심 많은 로맨스 1,아멜리아의 호기심 많은 로맨스,1,,- 루나 코믹스,코하쿠 요루,㈜소미미디어,2026-02,6300,9.8,6122,225,2026-09-03T09:11:13+09:00,202,-23,6089,33,0,0
398289014,첫사랑은 나의 오빠 1,첫사랑은 나의 오빠,1,,,카스미 유코,서울미디어코믹스(서울문화사),2026-07,5850,9.3,5880,226,2026-09-03T09:11:13+09:00,332,106,5590,290,0,0
373999390,야마다 군과 Lv999의 사랑을 하다 3,야마다 군과 Lv999의 사랑을 하다,3,,,마시로,디앤씨미디어(주)(D&C미디어),2025-09,7200,9.8,5187,227,2026-09-03T09:11:13+09:00,188,-39,5420,-233,0,0
373999147,야마다 군과 Lv999의 사랑을 하다 2,야마다 군과 Lv999의 사랑을 하다,2,,,마시로,디앤씨미디어(주)(D&C미디어),2025-09,7200,9.8,5162,228,2026-09-03T09:11:13+09:00,189,-39,5395,-233,0,0
280599591,지박소년 하나코 군 0,지박소년 하나코 군,0,,,아이다이로,서울미디어코믹스(서울문화사),2021-10,5400,9.0,5335,229,2026-09-03T09:11:13+09:00,335,106,5122,213,0,0
394099635,담배 고양이 3,담배 고양이,3,,,냥냥 팩토리,대원씨아이(만화),2026-05,5400,10.0,4465,230,2026-09-03T09:11:13+09:00,232,2,4465,0,0,0
397904768,푸른 상자 24,푸른 상자,24,,,미우라 코우지,학산문화사(만화),2026-07,5400,10.0,4370,231,2026-09-03T09:11:13+09:00,260,29,4405,-35,0,0
399782154,어차피 울 거라면 사랑이 좋아 9,어차피 울 거라면 사랑이 좋아,9,,,쿠사카 아키,학산문화사(만화),2026-08,5400,10.0,4030,232,2026-09-03T09:11:13+09:00,207,-25,4020,10,0,0
284922100,장례식 케이크 전문점 연옥당 1,장례식 케이크 전문점 연옥당,1,,- 양장,산호,문학동네,2021-12,17100,10.0,3907,233,2026-09-03T09:11:13+09:00,263,30,3817,90,0,0
399540525,전희 서바이벌 사가 3,전희 서바이벌 사가,3,,,OTOSAMA,오팬스코믹,2026-07,6300,10.0,3705,234,2026-09-03T09:11:13+09:00,208,-26,3740,-35,0,0
397995094,수상한 경찰 2 (더블특전판),수상한 경찰,2,더블특전판,- 띠지 + 초판한정 일러스트 카드 1종 + 선착순 더블특전 포토카드 1종,무키시츠,대원씨아이(만화),2026-07,9000,9.5,3105,235,2026-09-03T09:11:13+09:00,209,-26,2965,140,0,0
399953433,추우면 변하는 헤비가미 군 2,추우면 변하는 헤비가미 군,2,,"- SL Comic /초판 한정 특전: 띠지, PET 스탠드, 일러스트 스티커",쿠리미야,디앤씨미디어(주)(D&C미디어),2026-08,6300,,2430,236,2026-09-03T09:11:13+09:00,153,-83,2760,-330,0,0
400712982,내 백합도 영업인 줄 알았어?,내 백합도 영업인 줄 알았어?,,,"- Novel Engine , 초판한정 특별부록 : 띠지 + 일러스트 카드",아사쿠라 네루,코믹레인,2026-09,7200,,1790,237,2026-09-03T09:11:13+09:00,213,-24,1810,-20,0,0
400921733,이세계 전생 던전 마스터 온천 던전을 만들다 1,이세계 전생 던전 마스터 온천 던전을 만들다,1,,"- S Novel+, 초판 한정 아마하라 신규 일러스트 양면커버, 일러스트카드",아마하라,㈜소미미디어,2026-09,9000,,1220,238,2026-09-03T09:11:13+09:00,242,4,1130,90,0,0
400930360,마로니에 왕국의 7인의 기사 7,마로니에 왕국의 7인의 기사,7,,,이와모토 나오,㈜소미미디어,2026-09,6300,,1000,239,2026-09-03T09:11:13+09:00,315,76,730,270,0,0
401247968,멜로에 빠진 직장인은 안일하다,멜로에 빠진 직장인은 안일하다,,,- 라르고 맥스 Largo Max,우지이,조은세상(북두),2026-09,5400,,1260,240,2026-09-03T09:11:13+09:00,,,,,1,0
396644572,포켓몬 생태도감 특별판,포켓몬 생태도감 특별판,,,,주식회사 포켓몬,대원씨아이(단행본),2026-06,44100,10.0,22945,241,2026-09-03T09:11:13+09:00,216,-25,23115,-170,0,0
399403043,얼굴만으론 좋아할 수 없어요 17 (한정판),얼굴만으론 좋아할 수 없어요,17,한정판,- 한국 오리지널 일러스트 양면 커버 + 아크릴 스탠드 + 소책자 + 스페셜 일러스트 카드 2종 + 미니 일러스트 보드 (일반판 초판특전은 포함되지 않음),안자이 카린,서울미디어코믹스(서울문화사),2026-07,22500,10.0,13430,242,2026-09-03T09:11:13+09:00,220,-22,13715,-285,0,0
393769371,가르쳐줘 집사 2,가르쳐줘 집사,2,,,마사키 미치,서울미디어코믹스(서울문화사),2026-05,6300,9.7,13470,243,2026-09-03T09:11:13+09:00,222,-21,13495,-25,0,0
353810399,헌터x헌터 HunterXHunter 신장판 38,헌터x헌터 HunterXHunter 신장판,38,,,토가시 요시히로,학산문화사(만화),2024-12,5400,9.8,10243,244,2026-09-03T09:11:13+09:00,246,2,10244,-1,0,0
335112422,주술회전 25,주술회전,25,,- 인외마경 신주쿠 결전,아쿠타미 게게,서울미디어코믹스(서울문화사),2024-02,5400,9.6,10096,245,2026-09-03T09:11:13+09:00,281,36,10096,0,0,0
368087158,불가항력의 I LOVE YOU 5,불가항력의 I LOVE YOU,5,,,호시노 미즈키,서울미디어코믹스(서울문화사),2025-07,5400,9.5,9150,246,2026-09-03T09:11:13+09:00,247,1,9140,10,0,0
330062627,주술회전 24,주술회전,24,,- 주택대천 - 재귀 -,아쿠타미 게게,서울미디어코믹스(서울문화사),2023-12,5400,9.5,7941,247,2026-09-03T09:11:13+09:00,287,40,7834,107,0,0
392518949,GACHIAKUTA 17,GACHIAKUTA,17,,,케이 우라나,학산문화사(만화),2026-05,5400,10.0,7945,248,2026-09-03T09:11:13+09:00,288,40,7780,165,0,0
329206984,향기로운 꽃은 늠름하게 핀다 3,향기로운 꽃은 늠름하게 핀다,3,,,미카미 사카,대원씨아이(만화),2023-11,5400,10.0,7937,249,2026-09-03T09:11:13+09:00,325,76,7779,158,0,0
294401191,헌터x헌터 HunterXHunter 신장판 35,헌터x헌터 HunterXHunter 신장판,35,,,토가시 요시히로,학산문화사(만화),2019-03,5400,2.0,7655,250,2026-09-03T09:11:13+09:00,252,2,7579,76,0,0
323339691,주술회전 23,주술회전,23,,- 별과 기름,아쿠타미 게게,서울미디어코믹스(서울문화사),2023-08,5400,9.9,7573,251,2026-09-03T09:11:13+09:00,326,75,7573,0,0,0
343487620,향기로운 꽃은 늠름하게 핀다 10,향기로운 꽃은 늠름하게 핀다,10,,,미카미 사카,대원씨아이(만화),2024-07,5400,9.9,7284,252,2026-09-03T09:11:13+09:00,254,2,7290,-6,0,0
394099665,킹덤 Kingdom 77,킹덤 Kingdom,77,,,하라 야스히사,대원씨아이(만화),2026-05,5400,10.0,6535,253,2026-09-03T09:11:13+09:00,290,37,6360,175,0,0
373998674,야마다 군과 Lv999의 사랑을 하다 1,야마다 군과 Lv999의 사랑을 하다,1,,,마시로,디앤씨미디어(주)(D&C미디어),2025-09,7200,9.8,5266,254,2026-09-03T09:11:13+09:00,205,-49,5499,-233,0,0
395173556,내 마음의 위험한 녀석 13,내 마음의 위험한 녀석,13,,- S코믹스,사쿠라이 노리오,㈜소미미디어,2026-06,6300,9.4,4880,255,2026-09-03T09:11:13+09:00,206,-49,5020,-140,0,0
390998609,담배 고양이 2,담배 고양이,2,,,냥냥 팩토리,대원씨아이(만화),2026-04,5400,10.0,4563,256,2026-09-03T09:11:13+09:00,257,1,4563,0,0,0
396049036,담배 고양이 4,담배 고양이,4,,,냥냥 팩토리,대원씨아이(만화),2026-06,5400,10.0,4175,257,2026-09-03T09:11:13+09:00,233,-24,4175,0,0,0
396766600,유루캠 18,유루캠,18,,,아프로,대원씨아이(만화),2026-06,4950,9.6,4160,258,2026-09-03T09:11:13+09:00,234,-24,4115,45,0,0
399451773,숨막힐 정도의 사랑을 줄게 7,숨막힐 정도의 사랑을 줄게,7,,,이와시타 케이코,대원씨아이(만화),2026-07,5400,,4065,259,2026-09-03T09:11:13+09:00,235,-24,3935,130,0,0
225772243,달빛천사 애장판 2,달빛천사 애장판,2,,,타네무라 아리나,서울미디어코믹스(서울문화사),2020-01,8550,10.0,3691,260,2026-09-03T09:11:13+09:00,144,-116,3701,-10,0,0
305225003,헌터x헌터 HunterXHunter 신장판 22,헌터x헌터 HunterXHunter 신장판,22,,,토가시 요시히로,학산문화사(만화),2016-04,5400,,3698,261,2026-09-03T09:11:13+09:00,296,35,3672,26,0,0
305148069,장례식 케이크 전문점 연옥당 2,장례식 케이크 전문점 연옥당,2,,- 양장,산호,문학동네,2022-11,18900,10.0,3614,262,2026-09-03T09:11:13+09:00,265,3,3634,-20,0,0
400153916,명탐정 코난 : 범인 한자와 씨 10,명탐정 코난 : 범인 한자와 씨,10,,,칸바 마유코,서울미디어코믹스(서울문화사),2026-08,5400,10.0,3060,263,2026-09-03T09:11:13+09:00,298,35,2940,120,0,0
395945478,향기로운 꽃은 늠름하게 핀다 9,향기로운 꽃은 늠름하게 핀다,9,,,미카미 사카,대원씨아이(만화),2026-06,6300,,1940,264,2026-09-03T09:11:13+09:00,269,5,1950,-10,0,0
400585950,보루토 -TWO BLUE VORTEX- 5,보루토 -TWO BLUE VORTEX-,5,,,이케모토 미키오,대원씨아이(만화),2026-08,5850,,1740,265,2026-09-03T09:11:13+09:00,270,5,1770,-30,0,0
393544789,향기로운 꽃은 늠름하게 핀다 20,향기로운 꽃은 늠름하게 핀다,20,,,미카미 사카,대원씨아이(만화),2026-05,5400,,1690,266,2026-09-03T09:11:13+09:00,212,-54,1690,0,0,0
396581696,향기로운 꽃은 늠름하게 핀다 12,향기로운 꽃은 늠름하게 핀다,12,,,미카미 사카,대원씨아이(만화),2025-01,6300,,1665,267,2026-09-03T09:11:13+09:00,271,4,1665,0,0,0
400856505,아오아시 16,아오아시,16,,,코바야시 유고,대원씨아이(만화),2026-08,5850,,1400,268,2026-09-03T09:11:13+09:00,166,-102,1590,-190,0,0
401052841,만화 이상적인 기둥서방 생활 10,만화 이상적인 기둥서방 생활,10,,,히노츠키 네코,길찾기,2026-08,6300,,1390,269,2026-09-03T09:11:13+09:00,370,101,750,640,0,0
401345052,사랑이 없으면 아이돌은 할 수 없어 4,사랑이 없으면 아이돌은 할 수 없어,4,,,키타가와 유카,학산문화사(만화),2026-09,6300,,1310,270,2026-09-03T09:11:13+09:00,,,,,1,0
401344866,더 화이팅 신장재편판 56,더 화이팅 신장재편판,56,,"- 수량 한정 특전 : PP 카드, 띠지",모리카와 조지,학산문화사(만화),2026-09,10800,,1310,271,2026-09-03T09:11:13+09:00,,,,,1,0
389928831,새벽의 연화 46,새벽의 연화,46,,,미즈호 쿠사나기,학산문화사(만화),2026-04,5400,9.8,10485,272,2026-09-03T09:11:13+09:00,321,49,10378,107,0,0
294400847,헌터x헌터 HunterXHunter 신장판 33,헌터x헌터 HunterXHunter 신장판,33,,,토가시 요시히로,학산문화사(만화),2018-05,5400,,8341,273,2026-09-03T09:11:13+09:00,324,51,8170,171,0,0
335258160,향기로운 꽃은 늠름하게 핀다 6,향기로운 꽃은 늠름하게 핀다,6,,,미카미 사카,대원씨아이(만화),2024-02,5400,10.0,7619,274,2026-09-03T09:11:13+09:00,253,-21,7600,19,0,0
398836243,TV애니메이션 주술회전 회옥·옥절/시부야 사변 공식 가이드북,TV애니메이션 주술회전 회옥·옥절/시부야 사변 공식 가이드북,,,- 초판 한정 : 책갈피 2종,아쿠타미 게게,서울미디어코믹스(서울문화사),2026-07,24300,10.0,7850,275,2026-09-03T09:11:13+09:00,441,166,7530,320,0,0
391456890,순경씨와 나 1,순경씨와 나,1,,,나오키 유우,대원씨아이(만화),2026-04,6300,9.6,7225,276,2026-09-03T09:11:13+09:00,327,51,7113,112,0,0
294032766,헌터x헌터 HunterXHunter 신장판 1,헌터x헌터 HunterXHunter 신장판,1,,,토가시 요시히로,학산문화사(만화),2013-07,5400,10.0,6712,277,2026-09-03T09:11:13+09:00,329,52,6701,11,0,0
394695461,블루 록 36,블루 록,36,,,노무라 유스케,학산문화사(만화),2026-06,5400,,6195,278,2026-09-03T09:11:13+09:00,229,-49,6310,-115,0,0
396574570,Re : 제로부터 시작하는 이세계 생활 42,Re : 제로부터 시작하는 이세계 생활,42,,"- Novel Engine /초판한정 특별부록 : 띠지, 일러스트 카드",나가츠키 탓페이,데이즈엔터(주),2026-07,7200,10.0,5155,279,2026-09-03T09:11:13+09:00,231,-48,5070,85,0,0
397745987,Myther 2,Myther,2,,"- S코믹스 /초판 한정 양면 일러스트 카드, 초판 한정 PET 일러스트 카드",야츠다 테키,㈜소미미디어,2026-07,6300,,4235,280,2026-09-03T09:11:13+09:00,261,-19,4240,-5,0,0
298051256,헌터x헌터 HunterXHunter 신장판 17,헌터x헌터 HunterXHunter 신장판,17,,,토가시 요시히로,학산문화사(만화),2015-06,5400,,4342,281,2026-09-03T09:11:13+09:00,337,56,4188,154,0,0
399051208,세금으로 산 책 2,세금으로 산 책,2,,- 시프트코믹스,케이야마 케이,YNK MEDIA(만화),2026-07,5850,9.0,4195,282,2026-09-03T09:11:13+09:00,292,10,4030,165,0,0
300919411,헌터x헌터 HunterXHunter 신장판 18,헌터x헌터 HunterXHunter 신장판,18,,,토가시 요시히로,학산문화사(만화),2015-07,5400,,3976,283,2026-09-03T09:11:13+09:00,294,11,3807,169,0,0
395170753,도쿄 학생 애처가 4,도쿄 학생 애처가,4,,,카유카와 스즈,학산문화사(만화),2026-06,6300,9.8,3510,284,2026-09-03T09:11:13+09:00,151,-133,3580,-70,0,0
390907872,향기로운 꽃은 늠름하게 핀다 19,향기로운 꽃은 늠름하게 핀다,19,,,미카미 사카,대원씨아이(만화),2026-04,5400,,3420,285,2026-09-03T09:11:13+09:00,236,-49,3420,0,0,0
399973698,시노비고토 7,시노비고토,7,,,미타라시 산타,학산문화사(만화),2026-08,6300,,2920,286,2026-09-03T09:11:13+09:00,406,120,2720,200,0,0
399486670,서유요원전 서역편 : 화염산의 장 4,서유요원전 서역편 : 화염산의 장,4,,,모로호시 다이지로,문학동네,2026-07,9900,,2710,287,2026-09-03T09:11:13+09:00,347,60,2665,45,0,0
399486641,서유요원전 서역편 : 화염산의 장 3,서유요원전 서역편 : 화염산의 장,3,,,모로호시 다이지로,문학동네,2026-07,9900,,2700,288,2026-09-03T09:11:13+09:00,348,60,2660,40,0,0
399900769,소꿉친구 컴플렉스 4~5 스페셜 세트 - 전2권,소꿉친구 컴플렉스 4~5 스페셜 세트 - 전2권,,,"- 초판 한정 부록 : 책갈피 2종(4, 5권 책갈피 각각 1종) + 렌티큘러 엽서 2종 + 증명사진 패키지 + 폴라로이드 4종 + 작가님 사인 인쇄본",은하이,네이버웹툰,2026-10,39600,,2580,289,2026-09-03T09:11:13+09:00,302,13,2480,100,0,0
400150238,남편을 내 편으로 만드는 방법 5,남편을 내 편으로 만드는 방법,5,,,시루,캐롯툰,2026-10,14400,10.0,2360,290,2026-09-03T09:11:13+09:00,306,16,2280,80,0,0
400224750,선생님으로 ○○하면 안 됩니다! 3,선생님으로 ○○하면 안 됩니다!,3,,- S코믹스,무샤사부,㈜소미미디어,2026-08,6300,,2070,291,2026-09-03T09:11:13+09:00,305,14,2110,-40,0,0
400001277,할렐루야 베이비 5,할렐루야 베이비,5,,,코지마 라라,AK(에이케이)커뮤니케이션즈,2026-08,5850,,1920,292,2026-09-03T09:11:13+09:00,307,15,1970,-50,0,0
395950064,향기로운 꽃은 늠름하게 핀다 4,향기로운 꽃은 늠름하게 핀다,4,,,미카미 사카,대원씨아이(만화),2026-06,6300,,1870,293,2026-09-03T09:11:13+09:00,421,128,1705,165,0,0
400878045,온통 여우 1 (한정판),온통 여우,1,한정판,- 구성: 단행본(초판 특전 포함) + 커스텀 아크릴 키링 + 홀로그램 아크릴 일러스트 카드 + 판 스티커,Ayami Morinaga,서울미디어코믹스(서울문화사),2026-08,22500,10.0,1450,294,2026-09-03T09:11:13+09:00,177,-117,1510,-60,0,0
400585712,버그 에고 2,버그 에고,2,,- S코믹스,시타라 키요토,㈜소미미디어,2026-08,6300,,1250,295,2026-09-03T09:11:13+09:00,238,-57,1280,-30,0,0
400909457,우린 엇갈리고 있다 1,우린 엇갈리고 있다,1,,,미나모토 유,대원씨아이(만화),2026-08,5850,,1010,296,2026-09-03T09:11:13+09:00,239,-57,890,120,0,0
401345465,CAT'S EYE 캣츠 아이 완전판 12,CAT'S EYE 캣츠 아이 완전판,12,,,호조 츠카사,학산문화사(만화),2026-09,9000,,1210,297,2026-09-03T09:11:13+09:00,,,,,1,0
256860565,사피엔스 : 그래픽 히스토리 Vol.1,사피엔스 : 그래픽 히스토리 Vol.1,,,- 인류의 탄생,,김영사,2020-11,17820,9.4,26306,298,2026-09-03T09:11:13+09:00,316,18,26265,41,0,0
387708305,월간순정 노자키 군 17,월간순정 노자키 군,17,,,츠바키 이즈미,학산문화사(만화),2026-03,5400,9.8,11592,299,2026-09-03T09:11:13+09:00,317,18,11614,-22,0,0
391724964,가르쳐줘 집사 1,가르쳐줘 집사,1,,- 초판 한정 더블 특전 : 양면 코스터 & 포토카드 2종 세트,마사키 미치,서울미디어코믹스(서울문화사),2026-04,6300,9.7,10819,300,2026-09-03T09:11:13+09:00,318,18,10669,150,0,0
392509863,아름다운 초저녁달 10,아름다운 초저녁달,10,,,야마모리 미카,학산문화사(만화),2026-05,5400,9.5,10105,301,2026-09-03T09:11:13+09:00,282,-19,10105,0,0,0
392518701,블루 록 35,블루 록,35,,,노무라 유스케,학산문화사(만화),2026-05,5400,9.8,9795,302,2026-09-03T09:11:13+09:00,225,-77,9950,-155,0,0
369126143,주술회전 30,주술회전,30,,,아쿠타미 게게,서울미디어코믹스(서울문화사),2025-08,5400,10.0,9271,303,2026-09-03T09:11:13+09:00,322,19,9293,-22,0,0
341524569,주술회전 26,주술회전,26,,- 남쪽으로,아쿠타미 게게,서울미디어코믹스(서울문화사),2024-06,5400,,8670,304,2026-09-03T09:11:13+09:00,379,75,8817,-147,0,0
294401024,헌터x헌터 HunterXHunter 신장판 34,헌터x헌터 HunterXHunter 신장판,34,,,토가시 요시히로,학산문화사(만화),2018-05,5400,,8054,305,2026-09-03T09:11:13+09:00,382,77,7764,290,0,0
303424817,주술회전 20,주술회전,20,,- 센다이 -연회 중반-,아쿠타미 게게,서울미디어코믹스(서울문화사),2022-10,5400,9.8,7814,306,2026-09-03T09:11:13+09:00,793,487,7343,471,0,0
318850889,마루는 강쥐 1,마루는 강쥐,1,,,모죠,문페이스,2023-07,14400,10.0,7042,307,2026-09-03T09:11:13+09:00,255,-52,7252,-210,0,0
332987456,향기로운 꽃은 늠름하게 핀다 5,향기로운 꽃은 늠름하게 핀다,5,,,미카미 사카,대원씨아이(만화),2024-01,5400,10.0,7141,308,2026-09-03T09:11:13+09:00,328,20,7108,33,0,0
316015391,주술회전 22,주술회전,22,,- 사쿠라지마 콜로니 -환생-,아쿠타미 게게,서울미디어코믹스(서울문화사),2023-05,5400,10.0,7341,309,2026-09-03T09:11:13+09:00,442,133,7103,238,0,0
385131551,야마다 군과 Lv999의 사랑을 하다 5,야마다 군과 Lv999의 사랑을 하다,5,,,마시로,디앤씨미디어(주)(D&C미디어),2026-01,7200,9.8,6685,310,2026-09-03T09:11:13+09:00,170,-140,6906,-221,0,0
385131682,야마다 군과 Lv999의 사랑을 하다 6,야마다 군과 Lv999의 사랑을 하다,6,,,마시로,디앤씨미디어(주)(D&C미디어),2026-01,7200,9.8,6881,311,2026-09-03T09:11:13+09:00,171,-140,6881,0,0,0
399045982,유희왕 애장판 21,유희왕 애장판,21,,,다카하시 카즈키,대원씨아이(만화),2026-07,10800,,6685,312,2026-09-03T09:11:13+09:00,289,-23,6750,-65,0,0
298605722,헌터x헌터 HunterXHunter 신장판 32,헌터x헌터 HunterXHunter 신장판,32,,,토가시 요시히로,학산문화사(만화),2013-12,5400,,6368,313,2026-09-03T09:11:13+09:00,330,17,6203,165,0,0
385131522,야마다 군과 Lv999의 사랑을 하다 4,야마다 군과 Lv999의 사랑을 하다,4,,,마시로,디앤씨미디어(주)(D&C미디어),2026-01,7200,9.8,5543,314,2026-09-03T09:11:13+09:00,204,-110,5744,-201,0,0
352187570,주술회전 27,주술회전,27,,,아쿠타미 게게,서울미디어코믹스(서울문화사),2024-08,5400,,4817,315,2026-09-03T09:11:13+09:00,390,75,4680,137,0,0
311653748,헌터x헌터 HunterXHunter 신장판 11,헌터x헌터 HunterXHunter 신장판,11,,,토가시 요시히로,학산문화사(만화),2014-09,5400,,4525,316,2026-09-03T09:11:13+09:00,394,78,4428,97,0,0
298280739,헌터x헌터 HunterXHunter 신장판 16,헌터x헌터 HunterXHunter 신장판,16,,,토가시 요시히로,학산문화사(만화),2015-04,5400,,3665,317,2026-09-03T09:11:13+09:00,343,26,3691,-26,0,0
298280477,헌터x헌터 HunterXHunter 신장판 21,헌터x헌터 HunterXHunter 신장판,21,,,토가시 요시히로,학산문화사(만화),2016-06,5400,,3668,318,2026-09-03T09:11:13+09:00,402,84,3632,36,0,0
225770299,달빛천사 애장판 1,달빛천사 애장판,1,,,타네무라 아리나,서울미디어코믹스(서울문화사),2020-01,8550,9.5,3704,319,2026-09-03T09:11:13+09:00,264,-55,3619,85,0,0
301058589,헌터x헌터 HunterXHunter 신장판 19,헌터x헌터 HunterXHunter 신장판,19,,,토가시 요시히로,학산문화사(만화),2015-08,5400,,3585,320,2026-09-03T09:11:13+09:00,344,24,3414,171,0,0
372904974,인간실격 무삭제판 1~3 세트- 전3권,인간실격 무삭제판 1~3 세트- 전3권,,,,이토 준지,미우(대원씨아이),2020-08,34560,,3479,321,2026-09-03T09:11:13+09:00,297,-24,3479,0,0,0
356090755,그리고 마녀는 숲으로 갔다 2,그리고 마녀는 숲으로 갔다,2,,- 완결,산호,고블,2025-02,21600,9.9,3486,322,2026-09-03T09:11:13+09:00,563,241,3254,232,0,0
398869812,창천항로 애장판 3,창천항로 애장판,3,,,킹곤타,대원씨아이(만화),2026-07,16200,,2685,323,2026-09-03T09:11:13+09:00,410,87,2685,0,0,0
400197883,망각 배터리 23,망각 배터리,23,,,에코 미카와,서울미디어코믹스(서울문화사),2026-08,5400,,2570,324,2026-09-03T09:11:13+09:00,413,89,2500,70,0,0
399556315,이우일의 만화 그리스로마 신화 1~3 세트 - 전3권,이우일의 만화 그리스로마 신화 1~3 세트 - 전3권,,,,이우일,비채,2026-07,59850,,2255,325,2026-09-03T09:11:13+09:00,301,-24,2410,-155,0,0
400006981,유녀전기 대대야사 1,유녀전기 대대야사,1,,- 노엔 코믹스 / 초판한정 특별부록 : 일러스트 카드 + 띠지,토죠 치카,데이즈엔터(주),2026-08,5400,10.0,2410,326,2026-09-03T09:11:13+09:00,303,-23,2360,50,0,0
393803230,J⇔M 제이엠 6,J⇔M 제이엠,6,,,오타케 마사오,대원씨아이(만화),2026-05,6300,10.0,2200,327,2026-09-03T09:11:13+09:00,,,,,1,0
400136881,벡 Beck 신장판 8,벡 Beck 신장판,8,,,해롤드 사쿠이시,학산문화사(만화),2026-08,10800,10.0,2380,328,2026-09-03T09:11:13+09:00,414,86,2170,210,0,0
399926241,어쨌든 귀여워 25,어쨌든 귀여워,25,,- S코믹스,하타 켄지로,㈜소미미디어,2026-08,6300,,2300,329,2026-09-03T09:11:13+09:00,355,26,2170,130,0,0
400310759,호랑이형님 20,호랑이형님,20,,,이상규,영컴(YOUNG COM),2026-08,15120,,1520,330,2026-09-03T09:11:13+09:00,308,-22,1590,-70,0,0
400586316,커들 2,커들,2,,- 수인 오메가버스,하스미 하나,학산문화사(만화),2026-08,6300,,1480,331,2026-09-03T09:11:13+09:00,358,27,1520,-40,0,0
337394406,풀 나이트 1,풀 나이트,1,,- S코믹스,야스다 카스미,㈜소미미디어,2024-04,6300,10.0,1265,332,2026-09-03T09:11:13+09:00,423,91,1265,0,0,0
400860220,작전명 순정 7,작전명 순정,7,,,꼬까리,영진.com(영진닷컴),2026-08,14400,,970,333,2026-09-03T09:11:13+09:00,240,-93,960,10,0,0
400860566,작전명 순정 8,작전명 순정,8,,,꼬까리,영진.com(영진닷컴),2026-08,14400,,940,334,2026-09-03T09:11:13+09:00,241,-93,930,10,0,0
400856470,선생님! 저희들이 세계를 멸망시킵니다. 9,선생님! 저희들이 세계를 멸망시킵니다.,9,,,코바야시 키나,대원씨아이(만화),2026-08,5400,,1120,335,2026-09-03T09:11:13+09:00,507,172,870,250,0,0
401131327,월간 트릴레마 1,월간 트릴레마,1,,,타치바나 로쿠,재담,2026-08,7200,,760,336,2026-09-03T09:11:13+09:00,435,99,750,10,0,0
401008380,렛츠고 괴기조 5,렛츠고 괴기조,5,,,View,㈜에스엠지크리에이티브(고은문화사),2026-08,5850,,680,337,2026-09-03T09:11:13+09:00,314,-23,660,20,0,0
400980709,키스 다음부터는 애드리브로,키스 다음부터는 애드리브로,,,- B愛+752,키사라기 마나미,대원씨아이(만화),2026-08,5850,2.0,670,338,2026-09-03T09:11:13+09:00,277,-61,630,40,0,0
401047138,장송의 프리렌 10,장송의 프리렌,10,,,야마다 카네히토,학산문화사(만화),2026-08,6300,,660,339,2026-09-03T09:11:13+09:00,433,94,480,180,0,0
401326413,마가이모노 2,마가이모노,2,,"- 위작, S코믹스",쿠로카와 유미,㈜소미미디어,2026-09,8100,,1210,340,2026-09-03T09:11:13+09:00,,,,,1,0
401325794,일승천금 3,일승천금,3,,- S코믹스,MAAM,㈜소미미디어,2026-09,6300,,1210,341,2026-09-03T09:11:13+09:00,,,,,1,0
398221799,메달리스트 14,메달리스트,14,,,츠루마이카다,학산문화사(만화),2026-07,5400,10.0,16240,342,2026-09-03T09:11:13+09:00,244,-98,16105,135,0,0
186848330,쥐 The Complete Maus 합본,쥐 The Complete Maus 합본,,,,아트 슈피겔만,아름드리미디어,2014-06,18900,9.4,13808,343,2026-09-03T09:11:13+09:00,319,-24,13728,80,0,0
385786461,스킵과 로퍼 11 (더블 특전판),스킵과 로퍼,11,더블 특전판,"- 미츠미 아크릴 POP + 명장면 흑백 스티커 4종 (초판 특전), 시프트코믹스",타카마츠 미사키,YNK MEDIA(만화),2026-02,5400,8.4,11618,344,2026-09-03T09:11:13+09:00,223,-121,11587,31,0,0
384585231,불가항력의 I LOVE YOU 7,불가항력의 I LOVE YOU,7,,,호시노 미즈키,서울미디어코믹스(서울문화사),2026-01,5400,9.4,10886,345,2026-09-03T09:11:13+09:00,375,30,10938,-52,0,0
299392454,자연스러운 인체 드로잉,자연스러운 인체 드로잉,,,- 해부학부터 옷 주름까지 배우는,소은 박경선,동양북스(동양문고),2022-08,21150,10.0,9768,346,2026-09-03T09:11:13+09:00,283,-63,9905,-137,0,0
398221849,메달리스트 공식 팬북 더블특전판,메달리스트 공식 팬북 더블특전판,,,- 수량 한정 더블 특전 : 일러스트 카드 + 네컷사진,츠루마이카다,학산문화사(만화),2026-07,13500,10.0,9780,347,2026-09-03T09:11:13+09:00,284,-63,9630,150,0,0
369786330,마남 이치 1 (트리플 특전판),마남 이치,1,트리플 특전판,- 홀로그램 일러스트 카드 2종 + 아크릴 일러스트 카드 1종,유사자키 시로,서울미디어코믹스(서울문화사),2025-08,6300,9.6,9463,348,2026-09-03T09:11:13+09:00,378,30,9316,147,0,0
374965771,불가항력의 I LOVE YOU 6,불가항력의 I LOVE YOU,6,,,호시노 미즈키,서울미디어코믹스(서울문화사),2025-10,5400,9.7,8891,349,2026-09-03T09:11:13+09:00,285,-64,8976,-85,0,0
216773326,그 비스크 돌은 사랑을 한다 1,그 비스크 돌은 사랑을 한다,1,,- S코믹스,후쿠다 신이치,㈜소미미디어,2019-11,6300,9.4,6309,350,2026-09-03T09:11:13+09:00,388,38,6349,-40,0,0
389597923,황천의 츠가이 10,황천의 츠가이,10,,,아라카와 히로무,대원씨아이(만화),2026-04,5850,10.0,5773,351,2026-09-03T09:11:13+09:00,230,-121,5549,224,0,0
386003919,향기로운 꽃은 늠름하게 핀다 18,향기로운 꽃은 늠름하게 핀다,18,,,미카미 사카,대원씨아이(만화),2026-02,5400,10.0,5645,352,2026-09-03T09:11:13+09:00,331,-21,5645,0,0,0
297902307,헌터x헌터 HunterXHunter 신장판 3,헌터x헌터 HunterXHunter 신장판,3,,,토가시 요시히로,학산문화사(만화),2013-08,5400,,5614,353,2026-09-03T09:11:13+09:00,452,99,5535,79,0,0
354729574,주술회전 28,주술회전,28,,- 인외마경 신주쿠 결전 : 9점 점바둑,아쿠타미 게게,서울미디어코믹스(서울문화사),2024-12,5400,10.0,5097,354,2026-09-03T09:11:13+09:00,456,102,5069,28,0,0
282899765,지박소년 하나코 군 8,지박소년 하나코 군,8,,,아이다이로,서울미디어코믹스(서울문화사),2021-11,5400,10.0,4836,355,2026-09-03T09:11:13+09:00,463,108,4868,-32,0,0
395357976,Veil 7,Veil,7,,"- S코믹스, JAPAN EXPO 최우수작화상, 최우수장정상 수상",코테리,㈜소미미디어,2026-06,11520,,4540,356,2026-09-03T09:11:13+09:00,258,-98,4710,-170,0,0
374337173,장례식 케이크 전문점 연옥당 3,장례식 케이크 전문점 연옥당,3,,"- 양장, 완결",산호,문학동네,2025-10,19800,9.7,4335,357,2026-09-03T09:11:13+09:00,464,107,4235,100,0,0
294154150,헌터x헌터 HunterXHunter 신장판 12,헌터x헌터 HunterXHunter 신장판,12,,,토가시 요시히로,학산문화사(만화),2014-09,5400,,4300,358,2026-09-03T09:11:13+09:00,397,39,4208,92,0,0
399782190,한밤중 하트튠 11,한밤중 하트튠,11,,,이가라시 마사쿠니,학산문화사(만화),2026-08,5400,,4125,359,2026-09-03T09:11:13+09:00,293,-66,4165,-40,0,0
394711835,악마에 입문했습니다! 이루마 군 : if Episode of 마피아 7,악마에 입문했습니다! 이루마 군 : if Episode of 마피아,7,,,니시 오사무,서울미디어코믹스(서울문화사),2026-06,5850,,4185,360,2026-09-03T09:11:13+09:00,338,-22,4145,40,0,0
300919038,헌터x헌터 HunterXHunter 신장판 13,헌터x헌터 HunterXHunter 신장판,13,,,토가시 요시히로,학산문화사(만화),2014-12,5400,,3950,361,2026-09-03T09:11:13+09:00,399,38,3953,-3,0,0
397997937,사일런트 위치 10,사일런트 위치,10,,"- 침묵의 마녀의 비밀, ROSY",이소라 마츠리,데이즈엔터(주),2026-07,9900,10.0,3465,362,2026-09-03T09:11:13+09:00,,,,,1,0
314918637,헌터x헌터 HunterXHunter 신장판 20,헌터x헌터 HunterXHunter 신장판,20,,,토가시 요시히로,학산문화사(만화),2015-12,5400,,3457,363,2026-09-03T09:11:13+09:00,403,40,3301,156,0,0
298280697,헌터x헌터 HunterXHunter 신장판 23,헌터x헌터 HunterXHunter 신장판,23,,,토가시 요시히로,학산문화사(만화),2016-05,5400,,3643,364,2026-09-03T09:11:13+09:00,556,192,3390,253,0,0
399953550,데스마치에서 시작되는 이세계 광상곡 34,데스마치에서 시작되는 이세계 광상곡,34,,"- L Novel /초판 한정 특전 : 띠지, 책갈피",아이나나 히로,디앤씨미디어(주)(D&C미디어),2026-08,9900,,2890,365,2026-09-03T09:11:13+09:00,299,-66,2960,-70,0,0
398728336,마법소녀를 동경해서 5 (더블특전판),마법소녀를 동경해서,5,더블특전판,- 초판한정 : 일러스트 카드 1종 + SD 스티커 1종,오노나카 아키히로,대원씨아이(만화),2026-07,6750,,2850,366,2026-09-03T09:11:13+09:00,346,-20,2850,0,0,0
400197602,타로의 얼렁뚱땅 2,타로의 얼렁뚱땅,2,,,야츠미 츠무,서울미디어코믹스(서울문화사),2026-08,5850,10.0,2580,367,2026-09-03T09:11:13+09:00,266,-101,2770,-190,0,0
339953506,방과 후 소년 하나코 군 2,방과 후 소년 하나코 군,2,,,아이다이로,서울미디어코믹스(서울문화사),2024-05,5400,,2713,368,2026-09-03T09:11:13+09:00,587,219,2603,110,0,0
313274245,네가 죽을 때까지 사랑하고 싶어 1,네가 죽을 때까지 사랑하고 싶어,1,,,나치 아오노,학산문화사(만화),2020-12,5400,,2348,369,2026-09-03T09:11:13+09:00,304,-65,2238,110,0,0
388016407,정반대의 너와 나 8,정반대의 너와 나,8,,- 완결,아가사와 코챠,학산문화사(만화),2026-03,5400,10.0,1884,370,2026-09-03T09:11:13+09:00,359,-11,1924,-40,0,0
396089286,향기로운 꽃은 늠름하게 핀다 13,향기로운 꽃은 늠름하게 핀다,13,,,미카미 사카,대원씨아이(만화),2026-06,6300,,1720,371,2026-09-03T09:11:13+09:00,419,48,1720,0,0,0
388861705,얼굴만으론 좋아할 수 없어요 16,얼굴만으론 좋아할 수 없어요,16,,,안자이 카린,서울미디어코믹스(서울문화사),2026-03,5400,,1505,372,2026-09-03T09:11:13+09:00,310,-62,1600,-95,0,0
400247880,만화 인소의 법칙 9,만화 인소의 법칙,9,,,아현,디앤씨웹툰비즈,2026-08,14400,,1350,373,2026-09-03T09:11:13+09:00,311,-62,1510,-160,0,0
400707962,추방 당한 전생 중기사는 게임 지식으로 무쌍한다 12,추방 당한 전생 중기사는 게임 지식으로 무쌍한다,12,,,브로콜리,대원씨아이(만화),2026-08,5850,,1560,374,2026-09-03T09:11:13+09:00,309,-65,1380,180,0,0
400669097,서뱀프 Servamp 23~24 세트 - 전2권,서뱀프 Servamp 23~24 세트 - 전2권,,,"- 판도라 코믹스, 완결 ,초판 한정 일러스트 카드 2종, 16P 소책자, big 엽서 1종",타나카 스트라이크,조은세상(북두),2026-08,13500,,1350,375,2026-09-03T09:11:13+09:00,364,-11,1330,20,0,0
386058010,사카모토 데이즈 25,사카모토 데이즈,25,,- 친구이상 킬러미만,스즈키 유우토,대원씨아이(만화),2026-02,5850,,1445,376,2026-09-03T09:11:13+09:00,361,-15,1310,135,0,0
400856452,치하야 리스타트! 2,치하야 리스타트!,2,,,타케우치 홀로,대원씨아이(만화),2026-08,5850,6.0,840,377,2026-09-03T09:11:13+09:00,274,-103,970,-130,0,0
400921444,페이스리스 드롭아웃 1,페이스리스 드롭아웃,1,,- S Novel+,류토,㈜소미미디어,2026-09,10800,,890,378,2026-09-03T09:11:13+09:00,434,56,910,-20,0,0
400860690,작전명 순정 9,작전명 순정,9,,,꼬까리,영진.com(영진닷컴),2026-08,14400,,920,379,2026-09-03T09:11:13+09:00,275,-104,910,10,0,0
382043008,지박소년 하나코 군 25,지박소년 하나코 군,25,,,아이다이로,서울미디어코믹스(서울문화사),2026-01,5400,,1030,380,2026-09-03T09:11:13+09:00,512,132,890,140,0,0
400930488,숲 변두리의 꼬마 마녀 1,숲 변두리의 꼬마 마녀,1,,- S코믹스,후지무라 아유미,㈜소미미디어,2026-09,6300,,1030,381,2026-09-03T09:11:13+09:00,778,397,380,650,0,0
280555213,포인트 캐릭터 드로잉 - 전2권,포인트 캐릭터 드로잉 - 전2권,,,,타코,레진코믹스(레진엔터테인먼트),2021-09,25200,10.0,16159,382,2026-09-03T09:11:13+09:00,436,54,16190,-31,0,0
393250501,도쿄 에일리언즈 12 (트리플 특장판),도쿄 에일리언즈,12,트리플 특장판,- 초판 한정 : 아크릴 일러스트 카드(초판 전체) + 스페셜 일러스트 카드(선착순 한정) + 인화사진 (선착순 한정),NAOE,서울미디어코믹스(서울문화사),2026-05,5400,10.0,16565,383,2026-09-03T09:11:13+09:00,995,612,16185,380,0,0
366123624,스파이 패밀리 15,스파이 패밀리,15,,,엔도 타츠야,학산문화사(만화),2025-06,5400,9.9,16167,384,2026-09-03T09:11:13+09:00,515,131,15989,178,0,0
323272361,"안녕, 에리","안녕, 에리",,,,후지모토 타츠키,학산문화사(만화),2023-08,5400,9.4,15439,385,2026-09-03T09:11:13+09:00,371,-14,15385,54,0,0
368125805,장송의 프리렌 14,장송의 프리렌,14,,,야마다 카네히토,학산문화사(만화),2025-07,5400,9.8,10974,386,2026-09-03T09:11:13+09:00,374,-12,10995,-21,0,0
389546868,반딧불이의 혼례 10,반딧불이의 혼례,10,,,타치바나 오레코,서울미디어코믹스(서울문화사),2026-04,7650,9.6,11002,387,2026-09-03T09:11:13+09:00,376,-11,10928,74,0,0
368857673,명탐정 코난 107,명탐정 코난,107,,,아오야마 고쇼,서울미디어코믹스(서울문화사),2025-07,5400,9.9,10297,388,2026-09-03T09:11:13+09:00,320,-68,10368,-71,0,0
312942363,타코피의 원죄 - 상,타코피의 원죄 - 상,,,,타이잔5,대원씨아이(만화),2023-03,5400,9.9,10305,389,2026-09-03T09:11:13+09:00,520,131,10305,0,0,0
397744206,학생회에도 구멍은 있다! 12,학생회에도 구멍은 있다!,12,,- S코믹스,무치마로,㈜소미미디어,2026-07,6300,9.0,10250,390,2026-09-03T09:11:13+09:00,280,-110,10195,55,0,0
387062834,백귀야행 31,백귀야행,31,,,이마 이치코,시공사(만화),2026-02,7200,9.8,8454,391,2026-09-03T09:11:13+09:00,438,47,8313,141,0,0
388821136,중년에 지친 밤에는,중년에 지친 밤에는,,,,마스다 미리,북포레스트,2026-03,16200,9.4,8146,392,2026-09-03T09:11:13+09:00,381,-11,8230,-84,0,0
396563591,히나타의 블루 6,히나타의 블루,6,,"- 완결, 루나 코믹스 / 초판 한정 양면 어나더 커버, 렌티큘러 카드, 일러스트 카드",메구로 아무,㈜소미미디어,2026-07,6300,10.0,7540,393,2026-09-03T09:11:13+09:00,286,-107,7730,-190,0,0
336635744,향기로운 꽃은 늠름하게 핀다 7,향기로운 꽃은 늠름하게 핀다,7,,,미카미 사카,대원씨아이(만화),2024-03,5400,10.0,7398,394,2026-09-03T09:11:13+09:00,384,-10,7340,58,0,0
379515213,야마다 군과 Lv999의 사랑을 하다 4~6 특별판 세트 - 전3권,야마다 군과 Lv999의 사랑을 하다 4~6 특별판 세트 - 전3권,,,- 띠지 + 특별판 아크릴 북스탠드 + 특별판 아크릴 블록 + 특별판 양면 책갈피 + 일반판 일러스트 카드 3종 + 일반판 폴라로이드 카드 3종,마시로,디앤씨미디어(주)(D&C미디어),2025-12,49500,10.0,7089,395,2026-09-03T09:11:13+09:00,386,-9,7089,0,0,0
392472930,던전에서 만남을 추구하면 안 되는 걸까 21 (소책자 특장판),던전에서 만남을 추구하면 안 되는 걸까,21,소책자 특장판,- S Novel,오모리 후지노,㈜소미미디어,2026-05,18000,9.3,6360,396,2026-09-03T09:11:13+09:00,,,,,1,0
389890662,약사의 혼잣말 16,약사의 혼잣말,16,,,네코쿠라게,학산문화사(만화),2026-04,5400,9.8,6388,397,2026-09-03T09:11:13+09:00,445,48,6356,32,0,0
398903862,보이시한 여자친구가 너무 귀여워 5 (특장판),보이시한 여자친구가 너무 귀여워,5,특장판,- 특장판 구성: 단행본 + 48P 소책자 + 초판특전 폴라로이드 사진 + 초판 특전 카메라 렌즈 속 투샷 사진,규뉴무기고항,서울미디어코믹스(서울문화사),2026-07,10800,,6185,398,2026-09-03T09:11:13+09:00,643,245,5955,230,0,0
292320734,헌터x헌터 HunterXHunter 신장판 2,헌터x헌터 HunterXHunter 신장판,2,,,토가시 요시히로,학산문화사(만화),2012-07,5400,10.0,5941,399,2026-09-03T09:11:13+09:00,449,50,5890,51,0,0
394695720,바닷바람과 용의 보금자리 2,바닷바람과 용의 보금자리,2,,,시마 아사토,학산문화사(만화),2026-06,6300,10.0,5745,400,2026-09-03T09:11:13+09:00,389,-11,5885,-140,0,0
358910246,명탐정 코난 106 (특장판),명탐정 코난,106,특장판,- 아크릴 스탠드(PET 재질) + 아코디언 카드 + 그림 콘티 카드 세트,아오야마 고쇼,서울미디어코믹스(서울문화사),2025-02,10800,7.0,5548,401,2026-09-03T09:11:13+09:00,450,49,5548,0,0,0
280599653,지박소년 하나코 군 1,지박소년 하나코 군,1,,,아이다이로,서울미디어코믹스(서울문화사),2021-10,5400,10.0,5497,402,2026-09-03T09:11:13+09:00,656,254,5374,123,0,0
314077334,헌터x헌터 HunterXHunter 신장판 4,헌터x헌터 HunterXHunter 신장판,4,,,토가시 요시히로,학산문화사(만화),2013-08,5400,,5247,403,2026-09-03T09:11:13+09:00,535,132,5018,229,0,0
297863750,헌터x헌터 HunterXHunter 신장판 5,헌터x헌터 HunterXHunter 신장판,5,,,토가시 요시히로,학산문화사(만화),2013-10,5400,,5281,404,2026-09-03T09:11:13+09:00,655,251,5075,206,0,0
399051127,"너무 건방져, 치가야 군 1","너무 건방져, 치가야 군",1,,,안도 마이,에이템포미디어,2026-07,5850,,4915,405,2026-09-03T09:11:13+09:00,333,-72,4920,-5,0,0
394588669,천국대마경 12,천국대마경,12,,- S코믹스,이시구로 마사카즈,㈜소미미디어,2026-06,6300,9.0,4545,406,2026-09-03T09:11:13+09:00,259,-147,4635,-90,0,0
399453196,묘쌤은 이렇게 말했다 11,묘쌤은 이렇게 말했다,11,,- S코믹스,무테키 소다,㈜소미미디어,2026-08,6300,10.0,4245,407,2026-09-03T09:11:13+09:00,334,-73,4420,-175,0,0
281358410,원피스 1,원피스,1,,- 동터오는 모험시대,오다 에이치로,대원씨아이(만화),2008-03,4950,10.0,4455,408,2026-09-03T09:11:13+09:00,543,135,4349,106,0,0
295417935,지. : 지구의 운동에 대하여 1,지. : 지구의 운동에 대하여,1,,,우오토,문학동네,2022-05,7200,9.7,4600,409,2026-09-03T09:11:13+09:00,665,256,4310,290,0,0
395849750,놀이의 관계 1,놀이의 관계,1,,- S Novel,아오이 세키나,㈜소미미디어,2026-06,7650,10.0,3915,410,2026-09-03T09:11:13+09:00,395,-15,4190,-275,0,0
330441742,기븐 9,기븐,9,,- 뉴 루비코믹스 2970,키즈 나츠키,현대지능개발사,2023-12,5400,9.7,3942,411,2026-09-03T09:11:13+09:00,262,-149,3837,105,0,0
390940611,이로하의 글이 이끄는 -눈 녹는 길-,이로하의 글이 이끄는 -눈 녹는 길-,,,,하나모리,시플리,2026-04,6300,9.1,4018,412,2026-09-03T09:11:13+09:00,546,134,3868,150,0,0
397898246,역대급 영지 설계사 9,역대급 영지 설계사,9,,- 초판 한정 작가진 친필 사인 인쇄본 + 표지 일러스트 엽서 + 캐릭터 카드 3종,이현민,문페이스,2026-07,14400,,3600,413,2026-09-03T09:11:13+09:00,401,-12,3765,-165,0,0
362211849,주술회전 29,주술회전,29,,- 인외마경 신주쿠 결전 -사활-,아쿠타미 게게,서울미디어코믹스(서울문화사),2025-04,5400,10.0,3800,414,2026-09-03T09:11:13+09:00,470,56,3765,35,0,0
298348779,서랍 속 테라리움 : 신장판,서랍 속 테라리움 : 신장판,,,- S코믹스,쿠이 료코,㈜소미미디어,2022-08,8100,9.5,3700,415,2026-09-03T09:11:13+09:00,473,58,3740,-40,0,0
298280625,헌터x헌터 HunterXHunter 신장판 15,헌터x헌터 HunterXHunter 신장판,15,,,토가시 요시히로,학산문화사(만화),2015-04,5400,,3625,416,2026-09-03T09:11:13+09:00,474,58,3661,-36,0,0
400006989,이세계 유유자적 농가 16,이세계 유유자적 농가,16,,"- Novel Engine /초판한정 특별부록: 띠지, 양면 커버",나이토 키노스케,데이즈엔터(주),2026-08,9000,10.0,3390,417,2026-09-03T09:11:13+09:00,341,-76,3590,-200,0,0
399404721,오디세이아를 한 번도 안 읽어 볼 수는 없잖아,오디세이아를 한 번도 안 읽어 볼 수는 없잖아,,,,Team. StoryG,oldstairs(올드스테어즈),2026-07,21600,9.3,4160,418,2026-09-03T09:11:13+09:00,684,266,3515,645,0,0
301058679,헌터x헌터 HunterXHunter 신장판 25,헌터x헌터 HunterXHunter 신장판,25,,,토가시 요시히로,학산문화사(만화),2016-08,5400,,3573,419,2026-09-03T09:11:13+09:00,475,56,3515,58,0,0
298280366,헌터x헌터 HunterXHunter 신장판 24,헌터x헌터 HunterXHunter 신장판,24,,,토가시 요시히로,학산문화사(만화),2016-06,5400,,3558,420,2026-09-03T09:11:13+09:00,554,134,3490,68,0,0
298280514,헌터x헌터 HunterXHunter 신장판 27,헌터x헌터 HunterXHunter 신장판,27,,,토가시 요시히로,학산문화사(만화),2016-10,5400,,3517,421,2026-09-03T09:11:13+09:00,476,55,3484,33,0,0
396563437,나나 NANA 완전판 10,나나 NANA 완전판,10,,"- 초판한정: PP엽서 1종, 포토카드 1종",야자와 아이,학산문화사(만화),2026-06,10800,,3355,422,2026-09-03T09:11:13+09:00,342,-80,3460,-105,0,0
344711200,명탐정 코난 105 (특장판),명탐정 코난,105,특장판,- 초기 설정집 노트 + 아크릴 스탠드(PET) + 스티커 2종,아오야마 고쇼,서울미디어코믹스(서울문화사),2024-08,9000,10.0,3080,423,2026-09-03T09:11:13+09:00,571,148,2930,150,0,0
400225649,인생 역전 3,인생 역전,3,,- S Novel,D,㈜소미미디어,2026-08,7650,,2940,424,2026-09-03T09:11:13+09:00,568,144,2890,50,0,0
388562286,양 선배는 혼자서 살아갈 수 없어 1,양 선배는 혼자서 살아갈 수 없어,1,,,soon챠,대원씨아이(만화),2026-03,5850,,3015,425,2026-09-03T09:11:13+09:00,706,281,2871,144,0,0
353581707,정반대의 너와 나 6,정반대의 너와 나,6,,,아가사와 코챠,학산문화사(만화),2024-12,5400,9.9,2809,426,2026-09-03T09:11:13+09:00,351,-75,2809,0,0,0
396583445,약사의 혼잣말 21,약사의 혼잣말,21,,- 마오마오의 후궁 수수께끼 풀이수첩,쿠라타 미노지,서울미디어코믹스(서울문화사),2026-06,5400,9.9,2665,427,2026-09-03T09:11:13+09:00,345,-82,2775,-110,0,0
349941684,정반대의 너와 나 5,정반대의 너와 나,5,,,아가사와 코챠,학산문화사(만화),2024-10,5400,9.9,2738,428,2026-09-03T09:11:13+09:00,350,-78,2738,0,0,0
232336577,달빛천사 애장판 3,달빛천사 애장판,3,,,타네무라 아리나,서울미디어코믹스(서울문화사),2020-02,8550,10.0,2627,429,2026-09-03T09:11:13+09:00,349,-80,2627,0,0,0
399056156,보이는 여고생 12,보이는 여고생,12,,- 픽시하우스,이즈미 토모키,데이즈엔터(주),2026-08,7200,,2720,430,2026-09-03T09:11:13+09:00,708,278,2500,220,0,0
333689768,건방진 그 녀석 1,건방진 그 녀석,1,,,미츠바치 미유키,학산문화사(만화),2016-03,5400,10.0,2577,431,2026-09-03T09:11:13+09:00,581,150,2347,230,0,0
333640869,먼작귀 5 (레터북 포함 특별판),먼작귀,5,레터북 포함 특별판,- 먼가 작고 귀여운 녀석,나가노,미우(대원씨아이),2024-02,23400,10.0,2402,432,2026-09-03T09:11:13+09:00,415,-17,2402,0,0,0
399594642,동거하는 검성 여스승이 너무 귀여워서 매일 행복합니다 1,동거하는 검성 여스승이 너무 귀여워서 매일 행복합니다,1,,,R_링고,길찾기,2026-06,7200,10.0,2555,433,2026-09-03T09:11:13+09:00,489,56,2370,185,0,0
400245338,공주님 고문의 시간입니다 19,공주님 고문의 시간입니다,19,,- 완결,하루하라 로빈슨,학산문화사(만화),2026-08,5400,10.0,2270,434,2026-09-03T09:11:13+09:00,352,-82,2360,-90,0,0
398326987,소드 오라토리아 16,소드 오라토리아,16,,"- 던전에서 만남을 추구하면 안 되는 걸까 외전, S Novel",오모리 후지노,㈜소미미디어,2026-07,10800,,2540,435,2026-09-03T09:11:13+09:00,583,148,2290,250,0,0
344689794,네가 죽을 때까지 사랑하고 싶어 7,네가 죽을 때까지 사랑하고 싶어,7,,,나치 아오노,학산문화사(만화),2024-08,5400,10.0,2506,436,2026-09-03T09:11:13+09:00,491,55,2290,216,0,0
366271674,정반대의 너와 나 7,정반대의 너와 나,7,,,아가사와 코챠,학산문화사(만화),2025-06,5400,9.9,2080,437,2026-09-03T09:11:13+09:00,354,-83,2230,-150,0,0
331618813,먼작귀 1 (그림책 포함 특별판),먼작귀,1,그림책 포함 특별판,- 먼가 작고 귀여운 녀석,나가노,미우(대원씨아이),2022-06,17820,,2136,438,2026-09-03T09:11:13+09:00,268,-170,2131,5,0,0
397810577,쪽팔려게임 1~2 세트 - 전2권,쪽팔려게임 1~2 세트 - 전2권,,,"- 초판 한정 부록 : 1권,2권 엽서 2종 + 학생증 2종 + 면지에 작가님 친필 사인(인쇄본)",봉수,네이버웹툰,2026-09,28800,,2045,439,2026-09-03T09:11:13+09:00,353,-86,2080,-35,0,0
337058152,블리치 리믹스 1,블리치 리믹스,1,,,쿠보 타이토,서울미디어코믹스(서울문화사),2024-03,10800,8.0,2052,440,2026-09-03T09:11:13+09:00,356,-84,2002,50,0,0
400001284,와카코와 술 25,와카코와 술,25,,,신큐 치에,AK(에이케이)커뮤니케이션즈,2026-08,7200,,1770,441,2026-09-03T09:11:13+09:00,357,-84,1870,-100,0,0
400587655,킬블루 13,킬블루,13,,,후지마키 타다토시,대원씨아이(만화),2026-08,5400,,1570,442,2026-09-03T09:11:13+09:00,237,-205,1840,-270,0,0
396090083,향기로운 꽃은 늠름하게 핀다 8,향기로운 꽃은 늠름하게 핀다,8,,,미카미 사카,대원씨아이(만화),2026-06,6300,,1625,443,2026-09-03T09:11:13+09:00,420,-23,1565,60,0,0
399973834,라라의 결혼 8,라라의 결혼,8,,,타메코우,블랑코믹스(BLANC COMICS),2026-08,6300,,1620,444,2026-09-03T09:11:13+09:00,501,57,1520,100,0,0
400311047,호랑이형님 21,호랑이형님,21,,,이상규,영컴(YOUNG COM),2026-08,15120,,1310,445,2026-09-03T09:11:13+09:00,360,-85,1460,-150,0,0
400585727,전격데이지 애장판 1,전격데이지 애장판,1,,- 루나 코믹스,모토미 쿄스케,㈜소미미디어,2026-08,12600,10.0,1200,446,2026-09-03T09:11:13+09:00,272,-174,1450,-250,0,0
400707795,뉴노멀 8,뉴노멀,8,,,아이하라 아키토,대원씨아이(만화),2026-08,5400,,1060,447,2026-09-03T09:11:13+09:00,424,-23,1060,0,0,0
400856423,처형당한 현자는 리치로 전생하여 침략전쟁을 시작한다 15,처형당한 현자는 리치로 전생하여 침략전쟁을 시작한다,15,,,쿠니토모 쇼타로,대원씨아이(만화),2026-08,4950,10.0,900,448,2026-09-03T09:11:13+09:00,273,-175,1010,-110,0,0
400001026,사자나미 군이 가장 싫어하는 남자,사자나미 군이 가장 싫어하는 남자,,,,오기,인디고,2026-08,5850,,940,449,2026-09-03T09:11:13+09:00,510,61,970,-30,0,0
396563354,도망을 잘 치는 도련님 22,도망을 잘 치는 도련님,22,,- 코노 모로후유 1351,마츠이 유세이,대원씨아이(만화),2026-06,5400,10.0,790,450,2026-09-03T09:11:13+09:00,432,-18,855,-65,0,0
400917239,전생 악녀의 흑역사 18,전생 악녀의 흑역사,18,,,토우카 아키하루,서울미디어코믹스(서울문화사),2026-08,4500,,790,451,2026-09-03T09:11:13+09:00,276,-175,850,-60,0,0
400909405,시오타 선생님과 아마이양 7,시오타 선생님과 아마이양,7,,,나카토카 쿠미코,대원씨아이(만화),2026-08,5850,,900,452,2026-09-03T09:11:13+09:00,366,-86,830,70,0,0
400707945,우리들은 미쳤다 연모 4,우리들은 미쳤다 연모,4,,,안도 나츠미,대원씨아이(만화),2026-08,5400,,790,453,2026-09-03T09:11:13+09:00,313,-140,830,-40,0,0
400856407,탱크체어 TANK CHAIR 4,탱크체어 TANK CHAIR,4,,,야시로 마나부,대원씨아이(만화),2026-08,6300,,780,454,2026-09-03T09:11:13+09:00,427,-27,740,40,0,0
400856443,응원 걸! 1,응원 걸!,1,,,다나카 유치아,대원씨아이(만화),2026-08,5400,10.0,930,455,2026-09-03T09:11:13+09:00,511,56,730,200,0,0
400856418,미와 씨 행세를 합니다 14,미와 씨 행세를 합니다,14,,,아오키 유헤이,대원씨아이(만화),2026-08,5850,,660,456,2026-09-03T09:11:13+09:00,514,58,620,40,0,0
400880249,파도였던 날들,파도였던 날들,,,,AJ 덩고,미메시스,2026-09,25200,10.0,650,457,2026-09-03T09:11:13+09:00,779,322,410,240,0,0
401345069,"여친, 빌리겠습니다 45","여친, 빌리겠습니다",45,,,미야지마 레이지,학산문화사(만화),2026-09,5400,,910,458,2026-09-03T09:11:13+09:00,,,,,1,0
401325950,타이카의 이성 3,타이카의 이성,3,,- S코믹스,이타가키 파루,㈜소미미디어,2026-09,6300,,910,459,2026-09-03T09:11:13+09:00,,,,,1,0
361704320,여학교의 별 4,여학교의 별,4,,,와야마 야마,문학동네,2025-03,7650,9.8,28704,460,2026-09-03T09:11:13+09:00,619,159,28591,113,0,0
399067587,매거진 조이 Vol.3 : 가비지타임,매거진 조이 Vol.3 : 가비지타임,,,- 초판 한정 : 히든카드/ 상시 특별 부록: 접지 포스터 + 북마크 4종,2사장,다산코믹스,2026-07,22500,10.0,14360,461,2026-09-03T09:11:13+09:00,620,159,14275,85,0,0
385521459,체인소 맨 22,체인소 맨,22,,,후지모토 타츠키,학산문화사(만화),2026-02,5400,10.0,12993,462,2026-09-03T09:11:13+09:00,516,54,12993,0,0,0
391828072,열혈강호 95,열혈강호,95,,,전극진,대원씨아이(만화),2026-04,4950,9.6,12348,463,2026-09-03T09:11:13+09:00,279,-184,12640,-292,0,0
389009894,오무라이스 잼잼 16,오무라이스 잼잼,16,,,조경규,송송책방,2026-04,18900,10.0,10619,464,2026-09-03T09:11:13+09:00,377,-87,10717,-98,0,0
366700348,신부이야기 15,신부이야기,15,,,모리 카오루,대원씨아이(만화),2025-06,7200,9.4,10652,465,2026-09-03T09:11:13+09:00,622,157,10502,150,0,0
394027323,야마다의 학급일지 4,야마다의 학급일지,4,,"- 완결, 초판 한정 : 야마다 & 무라타 일러스트 카드 3종",아오미 루이,서울미디어코믹스(서울문화사),2026-05,5850,9.8,9925,466,2026-09-03T09:11:13+09:00,437,-29,10025,-100,0,0
312942437,타코피의 원죄 - 하,타코피의 원죄 - 하,,,,타이잔5,대원씨아이(만화),2023-03,5400,8.8,9943,467,2026-09-03T09:11:13+09:00,624,157,9943,0,0,0
303306489,망그러진 만화 1,망그러진 만화,1,,- 망그러진 곰과 햄터의 귀염뽀짝 일상다반사!,유랑,좋은생각,2022-11,15120,9.9,7405,468,2026-09-03T09:11:13+09:00,526,58,7271,134,0,0
301706355,주술회전 1,주술회전,1,,,아쿠타미 게게,서울미디어코믹스(서울문화사),2019-03,5400,4.0,7507,469,2026-09-03T09:11:13+09:00,635,166,7355,152,0,0
375360162,향기로운 꽃은 늠름하게 핀다 17,향기로운 꽃은 늠름하게 핀다,17,,,미카미 사카,대원씨아이(만화),2025-10,5400,,7147,470,2026-09-03T09:11:13+09:00,385,-85,7159,-12,0,0
372708826,향기로운 꽃은 늠름하게 핀다 16,향기로운 꽃은 늠름하게 핀다,16,,,미카미 사카,대원씨아이(만화),2025-09,5400,9.8,7071,471,2026-09-03T09:11:13+09:00,443,-28,7071,0,0,0
301706807,주술회전 4,주술회전,4,,,아쿠타미 게게,서울미디어코믹스(서울문화사),2019-05,5400,,6909,472,2026-09-03T09:11:13+09:00,638,166,6773,136,0,0
329703592,지박소년 하나코 군 20,지박소년 하나코 군,20,,,아이다이로,서울미디어코믹스(서울문화사),2023-12,5400,8.9,6864,473,2026-09-03T09:11:13+09:00,,,,,1,0
388496310,단다단 20,단다단,20,,,타츠 유키노부,대원씨아이(만화),2026-03,5400,9.5,6094,474,2026-09-03T09:11:13+09:00,387,-87,6134,-40,0,0
365659712,타워 던전 1,타워 던전,1,,,니헤이 츠토무,학산문화사(만화),2025-06,6300,9.6,5791,475,2026-09-03T09:11:13+09:00,532,57,5693,98,0,0
394169724,쓰레기 기둥서방 하나 군은 죽고 싶어 해 3,쓰레기 기둥서방 하나 군은 죽고 싶어 해,3,,,아메코,대원씨아이(만화),2026-05,5850,9.7,5250,476,2026-09-03T09:11:13+09:00,291,-185,5250,0,0,0
397021753,완전 쓰레기인 와타라세인데 3,완전 쓰레기인 와타라세인데,3,,,나카가와 파리,대원씨아이(만화),2026-06,5400,9.7,5010,477,2026-09-03T09:11:13+09:00,453,-24,5210,-200,0,0
304091956,지박소년 하나코 군 18,지박소년 하나코 군,18,,,아이다이로,서울미디어코믹스(서울문화사),2022-11,5400,9.6,5292,478,2026-09-03T09:11:13+09:00,822,344,5092,200,0,0
389890523,타워 던전 5,타워 던전,5,,,니헤이 츠토무,학산문화사(만화),2026-04,6300,9.9,4912,479,2026-09-03T09:11:13+09:00,457,-22,4871,41,0,0
294153055,헌터x헌터 HunterXHunter 신장판 7,헌터x헌터 HunterXHunter 신장판,7,,,토가시 요시히로,학산문화사(만화),2014-01,5400,,4948,480,2026-09-03T09:11:13+09:00,657,177,4834,114,0,0
398418968,황천의 츠가이 11 (특별판),황천의 츠가이,11,특별판,- 초판부록 2종 + 패키지 박스 + 운명의 쌍둥이 아크릴 스탠드 2종 + 팬던트 아크릴 참 키링 1종+ 시그니처 포토카드 1종 + 빅 캔배지 1종 + 홀로그램 카드 2종,아라카와 히로무,대원씨아이(만화),2026-07,25650,10.0,4710,481,2026-09-03T09:11:13+09:00,537,56,4745,-35,0,0
349748255,마루는 강쥐 5,마루는 강쥐,5,,,모죠,문페이스,2024-10,14400,,4624,482,2026-09-03T09:11:13+09:00,459,-23,4743,-119,0,0
398199313,이번 생은 가주가 되겠습니다 2부 6 (특장판),이번 생은 가주가 되겠습니다 2부,6,특장판,- 만화 / 특장판 구성: 단행본 + 아크릴 스탠드 1종 + 책갈피 2종 + 엽서 5종 + 패키지 박스,앤트스튜디오,디앤씨웹툰비즈,2026-07,24300,,4610,483,2026-09-03T09:11:13+09:00,658,175,4610,0,0,0
297902517,헌터x헌터 HunterXHunter 신장판 10,헌터x헌터 HunterXHunter 신장판,10,,,토가시 요시히로,학산문화사(만화),2014-04,5400,,4662,484,2026-09-03T09:11:13+09:00,662,178,4597,65,0,0
373271203,마루는 강쥐 8,마루는 강쥐,8,,,모죠,문페이스,2025-10,14400,,4552,485,2026-09-03T09:11:13+09:00,536,51,4529,23,0,0
395357833,전생했더니 슬라임이었던 건에 대하여 23,전생했더니 슬라임이었던 건에 대하여,23,,"- S Novel+, 완결 / 초판 한정 책갈피, 양면커버",후세,㈜소미미디어,2026-06,12600,,4450,486,2026-09-03T09:11:13+09:00,540,54,4485,-35,0,0
295866022,하이큐!! 45,하이큐!!,45,,"- 완결, 도전자들",후루다테 하루이치,대원씨아이(만화),2020-12,4950,10.0,4456,487,2026-09-03T09:11:13+09:00,393,-94,4456,0,0,0
389641207,황천의 츠가이 2,황천의 츠가이,2,,,아라카와 히로무,대원씨아이(만화),2022-12,5850,,4412,488,2026-09-03T09:11:13+09:00,392,-96,4428,-16,0,0
396368739,어서 와 수평선 1 (트리플 특전판),어서 와 수평선,1,트리플 특전판,- 띠지 + 입욕권 북마크 1종 + pp 스탠드 1종 + 티셔츠 판 스티커 1종,와타베 타이요,대원씨아이(만화),2026-06,6300,10.0,4345,489,2026-09-03T09:11:13+09:00,391,-98,4345,0,0,0
390011039,황천의 츠가이 3,황천의 츠가이,3,,,아라카와 히로무,대원씨아이(만화),2023-05,5850,,4343,490,2026-09-03T09:11:13+09:00,336,-154,4343,0,0,0
395809429,비실비실 선생님 14,비실비실 선생님,14,,,후쿠치 카미오,대원씨아이(만화),2026-06,5850,,4375,491,2026-09-03T09:11:13+09:00,538,47,4340,35,0,0
384180355,단다단 18,단다단,18,,,타츠 유키노부,대원씨아이(만화),2026-01,5400,9.6,4467,492,2026-09-03T09:11:13+09:00,539,47,4323,144,0,0
337105332,Veil 1,Veil,1,,"- S코믹스, JAPAN EXPO 최우수작화상, 최우수장정상 수상",코테리,㈜소미미디어,2024-04,11520,9.2,4228,493,2026-09-03T09:11:13+09:00,542,49,4263,-35,0,0
393803131,"밟고, 차고, 사랑하고 6","밟고, 차고, 사랑하고",6,,,이치야 스미,대원씨아이(만화),2026-05,4950,9.7,4100,494,2026-09-03T09:11:13+09:00,469,-25,4155,-55,0,0
310412096,기븐 8,기븐,8,,- 뉴 루비코믹스 2865,키즈 나츠키,현대지능개발사,2023-02,5400,9.6,4074,495,2026-09-03T09:11:13+09:00,340,-155,4074,0,0,0
397294534,비교하고 검토하는 교열부의 쿠쥬 씨 1,비교하고 검토하는 교열부의 쿠쥬 씨,1,,,고이시 유카,서교책방,2026-07,11520,9.7,4120,496,2026-09-03T09:11:13+09:00,467,-29,4025,95,0,0
298280458,헌터x헌터 HunterXHunter 신장판 30,헌터x헌터 HunterXHunter 신장판,30,,,토가시 요시히로,학산문화사(만화),2017-03,5400,,3945,497,2026-09-03T09:11:13+09:00,472,-25,3931,14,0,0
295865866,하이큐!! 43,하이큐!!,43,,- 최종보스,후루다테 하루이치,대원씨아이(만화),2020-09,4950,,3852,498,2026-09-03T09:11:13+09:00,398,-100,3852,0,0,0
390941683,황천의 츠가이 1,황천의 츠가이,1,,,아라카와 히로무,대원씨아이(만화),2022-08,5850,,3755,499,2026-09-03T09:11:13+09:00,400,-99,3756,-1,0,0
300919153,헌터x헌터 HunterXHunter 신장판 14,헌터x헌터 HunterXHunter 신장판,14,,,토가시 요시히로,학산문화사(만화),2014-12,5400,,3699,500,2026-09-03T09:11:13+09:00,551,51,3608,91,0,0
301058824,헌터x헌터 HunterXHunter 신장판 29,헌터x헌터 HunterXHunter 신장판,29,,,토가시 요시히로,학산문화사(만화),2017-01,5400,,3516,501,2026-09-03T09:11:13+09:00,557,56,3460,56,0,0
399291548,새내기 4,새내기,4,,,혁대,블루픽,2026-07,14220,10.0,3115,502,2026-09-03T09:11:13+09:00,573,71,3115,0,0,0
397022214,창천항로 애장판 2,창천항로 애장판,2,,,킹곤타,대원씨아이(만화),2026-06,16200,10.0,2855,503,2026-09-03T09:11:13+09:00,479,-24,2870,-15,0,0
396049332,블루 자이언트 모멘텀 6,블루 자이언트 모멘텀,6,,,이시즈카 신이치,대원씨아이(만화),2026-06,5850,10.0,2940,504,2026-09-03T09:11:13+09:00,484,-20,2855,85,0,0
398833327,이 결혼은 어차피 망하게 되어 있다 8,이 결혼은 어차피 망하게 되어 있다,8,,,,영컴(YOUNG COM),2026-07,15120,,2885,505,2026-09-03T09:11:13+09:00,480,-25,2840,45,0,0
333640352,정반대의 너와 나 3,정반대의 너와 나,3,,,아가사와 코챠,학산문화사(만화),2024-02,5400,9.8,2777,506,2026-09-03T09:11:13+09:00,408,-98,2777,0,0,0
345587184,정반대의 너와 나 4,정반대의 너와 나,4,,,아가사와 코챠,학산문화사(만화),2024-08,5400,9.7,2771,507,2026-09-03T09:11:13+09:00,409,-98,2771,0,0,0
321124579,먼작귀 1,먼작귀,1,,- 먼가 작고 귀여운 녀석,나가노,미우(대원씨아이),2022-06,10800,,2634,508,2026-09-03T09:11:13+09:00,485,-23,2737,-103,0,0
393696313,창천항로 애장판 1,창천항로 애장판,1,,,킹곤타,대원씨아이(만화),2026-05,16200,6.4,2710,509,2026-09-03T09:11:13+09:00,572,63,2675,35,0,0
394833578,장송의 프리렌 1,장송의 프리렌,1,,,야마다 카네히토,학산문화사(만화),2021-11,6300,,2625,510,2026-09-03T09:11:13+09:00,488,-22,2625,0,0,0
232338320,달빛천사 애장판 4,달빛천사 애장판,4,,- 완결,타네무라 아리나,서울미디어코믹스(서울문화사),2020-02,8550,10.0,2647,511,2026-09-03T09:11:13+09:00,411,-100,2582,65,0,0
393153006,마가이모노 1,마가이모노,1,,"- 위작, S코믹스",쿠로카와 유미,㈜소미미디어,2026-05,8100,9.6,3110,512,2026-09-03T09:11:13+09:00,,,,,1,0
323998705,먼작귀 4,먼작귀,4,,- 먼가 작고 귀여운 녀석,나가노,미우(대원씨아이),2023-09,10800,9.8,2233,513,2026-09-03T09:11:13+09:00,582,69,2233,0,0,0
399055863,다크 개더링 1,다크 개더링,1,,- 픽시하우스 /초판 한정: 띠지 + 일러스트 카드,콘도 켄이치,코믹레인,2026-08,6300,10.0,2090,514,2026-09-03T09:11:13+09:00,417,-97,2165,-75,0,0
400138794,이번 생은 가주가 되겠습니다 2부 6,이번 생은 가주가 되겠습니다 2부,6,,- 만화,앤트스튜디오,디앤씨웹툰비즈,2026-08,14400,,2200,515,2026-09-03T09:11:13+09:00,416,-99,2160,40,0,0
310882441,먼작귀 3 (카드놀이 포함 특별판),먼작귀,3,카드놀이 포함 특별판,"- 카드놀이 세트: 카드 96장(문장 카드 46장, 그림 카드 46장) + 설명서 1장",나가노,미우(대원씨아이),2023-02,24300,4.0,2033,516,2026-09-03T09:11:13+09:00,418,-98,1953,80,0,0
394027566,블리치 리믹스 16,블리치 리믹스,16,,,쿠보 타이토,서울미디어코믹스(서울문화사),2026-05,10800,9.6,1810,517,2026-09-03T09:11:13+09:00,496,-21,1895,-85,0,0
397222553,데포르메 세계 그리는 법,데포르메 세계 그리는 법,,,,시마리스 유키치,잉크잼(잼스푼),2026-07,19800,,1910,518,2026-09-03T09:11:13+09:00,593,75,1890,20,0,0
399050317,블루 피리어드 6 (더블 특전판),블루 피리어드,6,더블 특전판,"- 시프트코믹스 /초판 더블 특전 : 일러스트 카드 1종, 박티켓 책갈피 1종",야마구치 츠바사,YNK MEDIA(만화),2026-07,5400,,1855,519,2026-09-03T09:11:13+09:00,493,-26,1880,-25,0,0
399056425,다크 개더링 3,다크 개더링,3,,- 픽시하우스 / 초판 한정 : 띠지+일러스트 카드,콘도 켄이치,코믹레인,2026-08,6300,,1740,520,2026-09-03T09:11:13+09:00,497,-23,1785,-45,0,0
296275956,네가 죽을 때까지 사랑하고 싶어 2,네가 죽을 때까지 사랑하고 싶어,2,,,나치 아오노,학산문화사(만화),2021-02,5400,,1953,521,2026-09-03T09:11:13+09:00,494,-27,1748,205,0,0
400245307,나쁜 X에게 행복 있으라 6,나쁜 X에게 행복 있으라,6,,,키시카와 미즈키,학산문화사(만화),2026-08,5400,,1590,522,2026-09-03T09:11:13+09:00,495,-27,1670,-80,0,0
400364294,이기적 연애론 3,이기적 연애론,3,,,교교박,다산코믹스,2026-08,16020,,1690,523,2026-09-03T09:11:13+09:00,595,72,1570,120,0,0
375536744,풀 나이트 3,풀 나이트,3,,- S코믹스,야스다 카스미,㈜소미미디어,2025-11,5400,10.0,1465,524,2026-09-03T09:11:13+09:00,599,75,1428,37,0,0
400585836,아자미 야코를 좋아하게 된다 2,아자미 야코를 좋아하게 된다,2,,,유니티 콩,대원씨아이(만화),2026-08,5850,10.0,1350,525,2026-09-03T09:11:13+09:00,502,-23,1420,-70,0,0
357930933,풀 나이트 2,풀 나이트,2,,- S코믹스,야스다 카스미,㈜소미미디어,2025-02,6300,10.0,1267,526,2026-09-03T09:11:13+09:00,504,-22,1333,-66,0,0
400586056,SCP가 뭔가요? 3,SCP가 뭔가요?,3,,,하치훈,대원씨아이(만화),2026-08,5850,,1130,527,2026-09-03T09:11:13+09:00,422,-105,1270,-140,0,0
398284864,책벌레의 하극상 제4부 : 귀족원의 도서관을 구하고 싶어! 10,책벌레의 하극상 제4부 : 귀족원의 도서관을 구하고 싶어!,10,,- 사서가 되기 위해서라면 뭐든지 할 수 있어,카츠키 히카루,대원씨아이(만화),2026-07,5400,10.0,1255,528,2026-09-03T09:11:13+09:00,505,-23,1290,-35,0,0
399973937,코믹 무직전생 21,코믹 무직전생,21,,- 이세계에 갔으면 최선을 다한다,후지카와 유카,학산문화사(만화),2026-08,5400,,1150,529,2026-09-03T09:11:13+09:00,503,-26,1160,-10,0,0
340310033,블리치 리믹스 3,블리치 리믹스,3,,,쿠보 타이토,서울미디어코믹스(서울문화사),2024-05,10800,10.0,1153,530,2026-09-03T09:11:13+09:00,509,-21,998,155,0,0
400585956,통제구역관리부 4,통제구역관리부,4,,,탄광,다산코믹스,2026-08,18900,2.0,1150,531,2026-09-03T09:11:13+09:00,365,-166,1150,0,0,0
400733376,건강하고 문화적인 최저한도의 생활 11,건강하고 문화적인 최저한도의 생활,11,,,가시와기 하루코,문학동네,2026-08,8820,,1040,532,2026-09-03T09:11:13+09:00,363,-169,1120,-80,0,0
400715990,가짜 연금술사 4,가짜 연금술사,4,,"- 픽시하우스, 초판한정 특별부록 : 일러스트 카드 + 띠지",우메마루,미스터블루,2026-09,7200,,980,533,2026-09-03T09:11:13+09:00,426,-107,1000,-20,0,0
400586342,펜과 수갑과 사실혼 4,펜과 수갑과 사실혼,4,,,사와라기 신이치,학산문화사(만화),2026-08,5400,,1200,534,2026-09-03T09:11:13+09:00,965,431,1000,200,0,0
400556285,꿈자리가 이상한데요?! 외전 (한정판),꿈자리가 이상한데요?! 외전,,한정판,"- 구성: 도서, SD 판 스티커, 작가 선화 및 사인 인쇄, 아크릴 누들 스토퍼, 네컷사진, 증명사진 세트, 포토카드 2종, 폴라로이드 2종",흰귀,북극여우,2026-10,39600,,940,535,2026-09-03T09:11:13+09:00,605,70,950,-10,0,0
400586291,도쿄대 세 자매 2,도쿄대 세 자매,2,,,이소야 유키,대원씨아이(만화),2026-08,5850,,880,536,2026-09-03T09:11:13+09:00,367,-169,880,0,0,0
400653955,마왕과 용사의 사랑의 도피 바캉스 (더블 특전판),마왕과 용사의 사랑의 도피 바캉스,,더블 특전판,"- 솔트 코믹스, 초판 더블 특전 : 만화 1P 페이퍼, 일러스트 카드 1종",바세우,YNK MEDIA(만화),2026-08,5850,,870,537,2026-09-03T09:11:13+09:00,609,72,800,70,0,0
400585822,W 줄리엣 2부 16,W 줄리엣 2부,16,,,에무라,대원씨아이(만화),2026-08,3780,,750,538,2026-09-03T09:11:13+09:00,428,-110,790,-40,0,0
400649530,친구 여동생이 나한테만 짜증나게 군다 9,친구 여동생이 나한테만 짜증나게 군다,9,,- SL Comic,히라오카 히라,디앤씨미디어(주)(D&C미디어),2026-08,6300,,640,539,2026-09-03T09:11:13+09:00,615,76,560,80,0,0
401247959,내일은 어느 쪽! 12,내일은 어느 쪽!,12,,- 코믹 라르고 Comic Largo,야마모토 코테츠코,조은세상(북두),2026-09,5400,,560,540,2026-09-03T09:11:13+09:00,774,234,430,130,0,0
401046164,안티 페이크 러브,안티 페이크 러브,,,,미스미 요코,레어블(Rareble),2026-08,5400,,580,541,2026-09-03T09:11:13+09:00,990,449,330,250,0,0
400930279,에리스의 성배 6,에리스의 성배,6,,- S코믹스,모모야마 히나세,㈜소미미디어,2026-09,6300,,940,542,2026-09-03T09:11:13+09:00,993,451,260,680,0,0
401248068,"달은 차고 이지러져, 짐승의 사랑 신장판","달은 차고 이지러져, 짐승의 사랑 신장판",,,- 라르고 맥스 Largo Max,노지로 구리,조은세상(북두),2026-09,5850,,730,543,2026-09-03T09:11:13+09:00,,,,,1,0
401326372,풀 나이트 5,풀 나이트,5,,- S코믹스,야스다 카스미,㈜소미미디어,2026-09,6300,,910,544,2026-09-03T09:11:13+09:00,,,,,1,0
387708173,GACHIAKUTA 16,GACHIAKUTA,16,,,케이 우라나,학산문화사(만화),2026-03,5400,10.0,11241,545,2026-09-03T09:11:13+09:00,782,237,11078,163,0,0
379795065,괴수 8호 16 (더블 특전판),괴수 8호,16,더블 특전판,"- 완결, '카프카' 캐릭터 카드 + 스페셜 일러스트 카드 2종",마츠모토 나오야,서울미디어코믹스(서울문화사),2025-12,5400,10.0,11107,546,2026-09-03T09:11:13+09:00,373,-173,11122,-15,0,0
393239337,모모세 아키라의 첫사랑 파탄 중 5 (트리플 특전판),모모세 아키라의 첫사랑 파탄 중,5,트리플 특전판,- 스페셜 아크릴 일러스트 카드(1종) + 다양한 매력의 양면 일러스트 카드(2종),하레카와 신타,서울미디어코믹스(서울문화사),2026-05,6750,9.8,11050,547,2026-09-03T09:11:13+09:00,517,-30,11010,40,0,0
382046167,캐릭캐릭 체인지! Jewel Joker 주얼 조커 2,캐릭캐릭 체인지! Jewel Joker 주얼 조커,2,,,PEACH-PIT,서울미디어코믹스(서울문화사),2025-12,5850,9.8,9459,548,2026-09-03T09:11:13+09:00,625,77,9488,-29,0,0
2308089,만화의 이해,만화의 이해,,,,스콧 맥클라우드,비즈앤비즈,2008-07,17100,9.8,9091,549,2026-09-03T09:11:13+09:00,627,78,9113,-22,0,0
363873557,찍히지 않습니다 1,찍히지 않습니다,1,,- S코믹스,코노시마 루카,㈜소미미디어,2025-05,5850,9.8,9023,550,2026-09-03T09:11:13+09:00,629,79,8926,97,0,0
294677380,귀멸의 칼날 23,귀멸의 칼날,23,,- 완결,고토게 코요하루,학산문화사(만화),2021-04,5400,9.3,8521,551,2026-09-03T09:11:13+09:00,523,-28,8339,182,0,0
387160732,반딧불이의 혼례 9,반딧불이의 혼례,9,,,타치바나 오레코,서울미디어코믹스(서울문화사),2026-02,7650,9.7,8264,552,2026-09-03T09:11:13+09:00,524,-28,8346,-82,0,0
397904785,보석함에 사랑을 채우자 1,보석함에 사랑을 채우자,1,,,미키모토 린,학산문화사(만화),2026-07,6300,9.5,8185,553,2026-09-03T09:11:13+09:00,380,-173,8240,-55,0,0
395358108,찍히지 않습니다 6,찍히지 않습니다,6,,"- S코믹스 /초판 한정 일러스트 카드, 폴라로이드 사진풍 카드 2종",코노시마 루카,㈜소미미디어,2026-06,6300,10.0,7975,554,2026-09-03T09:11:13+09:00,632,78,8030,-55,0,0
393727271,전지적 독자 시점 19,전지적 독자 시점,19,,- 초판한정: 캐릭터 카드 1종 + 엽서 1종,슬리피-C,에이템포미디어,2026-05,14850,10.0,7965,555,2026-09-03T09:11:13+09:00,789,234,7880,85,0,0
383612098,타몬 군 지금 어느 쪽?! 11,타몬 군 지금 어느 쪽?!,11,,,시와스 유키,학산문화사(만화),2026-01,5400,10.0,7648,556,2026-09-03T09:11:13+09:00,525,-31,7657,-9,0,0
397592223,애태울 정도의 사랑을 알아라 3,애태울 정도의 사랑을 알아라,3,,- 완결,쿄노 마코,학산문화사(만화),2026-07,6300,10.0,7320,557,2026-09-03T09:11:13+09:00,383,-174,7435,-115,0,0
301706475,주술회전 2,주술회전,2,,,아쿠타미 게게,서울미디어코믹스(서울문화사),2019-03,5400,,6906,558,2026-09-03T09:11:13+09:00,797,239,6721,185,0,0
327556882,마루는 강쥐 2,마루는 강쥐,2,,,모죠,문페이스,2023-11,14400,10.0,6294,559,2026-09-03T09:11:13+09:00,444,-115,6433,-139,0,0
360411647,마루는 강쥐 6,마루는 강쥐,6,,,모죠,문페이스,2025-03,14400,,6089,560,2026-09-03T09:11:13+09:00,529,-31,6089,0,0,0
386563480,단다단 19,단다단,19,,,타츠 유키노부,대원씨아이(만화),2026-02,5400,10.0,5796,561,2026-09-03T09:11:13+09:00,448,-113,5843,-47,0,0
395999849,이다의 날마다 자연관찰,이다의 날마다 자연관찰,,,- 어린이를 위한 자연관찰 그림일기,이다,보리,2026-06,16650,10.0,5570,562,2026-09-03T09:11:13+09:00,646,84,5660,-90,0,0
335717444,GACHIAKUTA 1,GACHIAKUTA,1,,,케이 우라나,학산문화사(만화),2024-03,5400,10.0,5642,563,2026-09-03T09:11:13+09:00,648,85,5638,4,0,0
226966203,그 비스크 돌은 사랑을 한다 2,그 비스크 돌은 사랑을 한다,2,,- S코믹스,후쿠다 신이치,㈜소미미디어,2020-01,6300,9.0,5626,564,2026-09-03T09:11:13+09:00,649,85,5413,213,0,0
333218155,마루는 강쥐 3,마루는 강쥐,3,,,모죠,문페이스,2024-02,14400,,5291,565,2026-09-03T09:11:13+09:00,454,-111,5485,-194,0,0
397362768,가끔씩 툭하고 러시아어로 부끄러워하는 옆자리의 아랴 양 11,가끔씩 툭하고 러시아어로 부끄러워하는 옆자리의 아랴 양,11,,"- L Novel /초판 한정 특전 : 띠지, 책갈피, 양면 표지, 폴라로이드 카드 1종",SUN SUN SUN,디앤씨미디어(주)(D&C미디어),2026-07,7650,,5500,566,2026-09-03T09:11:13+09:00,650,84,5475,25,0,0
382041006,사카모토 데이즈 24,사카모토 데이즈,24,,- 감전 주의,스즈키 유우토,대원씨아이(만화),2025-12,5850,,5490,567,2026-09-03T09:11:13+09:00,451,-116,5450,40,0,0
387582084,타워 던전 4,타워 던전,4,,,니헤이 츠토무,학산문화사(만화),2026-03,6300,10.0,5159,568,2026-09-03T09:11:13+09:00,652,84,5234,-75,0,0
393112792,비실비실 선생님 13,비실비실 선생님,13,,,후쿠치 카미오,대원씨아이(만화),2026-05,5850,10.0,5390,569,2026-09-03T09:11:13+09:00,812,243,5200,190,0,0
349201937,일러스트레이터를 위한 구도와 서사 마스터 가이드북 : COMPOSITION & NARRATIVE,일러스트레이터를 위한 구도와 서사 마스터 가이드북 : COMPOSITION & NARRATIVE,,,,3D토털 퍼블리싱,영진.com(영진닷컴),2024-10,28800,10.0,5148,570,2026-09-03T09:11:13+09:00,651,81,5148,0,0,0
311362968,헌터x헌터 HunterXHunter 신장판 6,헌터x헌터 HunterXHunter 신장판,6,,,토가시 요시히로,학산문화사(만화),2013-10,5400,10.0,5028,571,2026-09-03T09:11:13+09:00,821,250,4821,207,0,0
317849520,지박소년 하나코 군 19,지박소년 하나코 군,19,,,아이다이로,서울미디어코믹스(서울문화사),2023-06,5400,9.8,5055,572,2026-09-03T09:11:13+09:00,,,,,1,0
301714509,주술회전 16,주술회전,16,,- 시부야 사변 -폐문-,아쿠타미 게게,서울미디어코믹스(서울문화사),2021-08,5400,,4763,573,2026-09-03T09:11:13+09:00,659,86,4768,-5,0,0
399052013,THE ART OF SOLO LEVELING : 웹툰 「나 혼자만 레벨업」 공식 아트북,THE ART OF SOLO LEVELING : 웹툰 「나 혼자만 레벨업」 공식 아트북,,,,장성락(REDICE STUDIO),디앤씨미디어(주)(D&C미디어),2026-08,43200,,4710,574,2026-09-03T09:11:13+09:00,458,-116,4760,-50,0,0
394711869,김전일 아빠의 사건부 3,김전일 아빠의 사건부,3,,,아마기 세이마루,서울미디어코믹스(서울문화사),2026-06,6300,9.7,4815,575,2026-09-03T09:11:13+09:00,831,256,4510,305,0,0
246152488,여름 안에서,여름 안에서,,,,성률,문학동네,2020-07,17550,8.1,4781,576,2026-09-03T09:11:13+09:00,460,-116,4581,200,0,0
315823527,헌터x헌터 HunterXHunter 신장판 9,헌터x헌터 HunterXHunter 신장판,9,,,토가시 요시히로,학산문화사(만화),2014-04,5400,,4494,577,2026-09-03T09:11:13+09:00,666,89,4306,188,0,0
314077483,헌터x헌터 HunterXHunter 신장판 8,헌터x헌터 HunterXHunter 신장판,8,,,토가시 요시히로,학산문화사(만화),2014-01,5400,,4435,578,2026-09-03T09:11:13+09:00,668,90,4465,-30,0,0
392518926,오가미 츠미키와 기일상 6,오가미 츠미키와 기일상,6,,,모리시타 미유,학산문화사(만화),2026-05,5400,9.3,4250,579,2026-09-03T09:11:13+09:00,462,-117,4250,0,0,0
382042317,디 그레이 맨 29,디 그레이 맨,29,,,호시노 카츠라,대원씨아이(만화),2025-12,5400,10.0,4179,580,2026-09-03T09:11:13+09:00,836,256,4179,0,0,0
338430853,명탐정 코난 104 (특장판),명탐정 코난,104,특장판,- 아크릴 스탠드 + 극장판 '명탐정코난: 흑철의 어영' 그림 콘티북 + 어나더 커버,아오야마 고쇼,서울미디어코믹스(서울문화사),2024-04,9000,8.7,4100,581,2026-09-03T09:11:13+09:00,675,94,4055,45,0,0
282899789,지박소년 하나코 군 9,지박소년 하나코 군,9,,,아이다이로,서울미디어코믹스(서울문화사),2021-11,5400,10.0,4141,582,2026-09-03T09:11:13+09:00,,,,,1,0
390241459,황천의 츠가이 4,황천의 츠가이,4,,,아라카와 히로무,대원씨아이(만화),2023-10,5850,,3779,583,2026-09-03T09:11:13+09:00,339,-244,3921,-142,0,0
301073130,하이큐!! 44,하이큐!!,44,,- 최강의 적,후루다테 하루이치,대원씨아이(만화),2020-11,4950,,3795,584,2026-09-03T09:11:13+09:00,471,-113,3811,-16,0,0
290233284,하이큐!! 42,하이큐!!,42,,- 무엇,후루다테 하루이치,대원씨아이(만화),2020-07,4950,,3712,585,2026-09-03T09:11:13+09:00,549,-36,3791,-79,0,0
398843926,무대 담당과 악역 군 2,무대 담당과 악역 군,2,,- 완결 / 초판 한정 양면 일러스트 카드 2종,야마시나 티나,㈜소미미디어,2026-07,6300,,3905,586,2026-09-03T09:11:13+09:00,850,264,3690,215,0,0
384923404,이세계 삼촌 13,이세계 삼촌,13,,- 픽시하우스,호톤도신데이루,데이즈엔터(주),2026-02,7200,,3425,587,2026-09-03T09:11:13+09:00,555,-32,3473,-48,0,0
394015605,나나 NANA 완전판 9,나나 NANA 완전판,9,,"- 초판 한정: PP엽서 1종, 포토카드 1종",야자와 아이,학산문화사(만화),2026-05,10800,,3420,588,2026-09-03T09:11:13+09:00,553,-35,3445,-25,0,0
314918984,헌터x헌터 HunterXHunter 신장판 28,헌터x헌터 HunterXHunter 신장판,28,,,토가시 요시히로,학산문화사(만화),2016-12,5400,,3407,589,2026-09-03T09:11:13+09:00,558,-31,3407,0,0,0
298051313,헌터x헌터 HunterXHunter 신장판 26,헌터x헌터 HunterXHunter 신장판,26,,,토가시 요시히로,학산문화사(만화),2016-08,5400,,3341,590,2026-09-03T09:11:13+09:00,561,-29,3341,0,0,0
365413873,팔견전 21,팔견전,21,,"- 동방팔견이문, S코믹스",아베 미유키,㈜소미미디어,2025-06,5400,10.0,3341,591,2026-09-03T09:11:13+09:00,559,-32,3321,20,0,0
374998765,GACHIAKUTA 15,GACHIAKUTA,15,,- 일반판,케이 우라나,학산문화사(만화),2025-10,5400,,3445,592,2026-09-03T09:11:13+09:00,,,,,1,0
398867274,찍히지 않습니다 7 (한정판),찍히지 않습니다,7,한정판,"- 아크릴 키링 + 카드 스티커 2종 + PET 4컷 사진 책갈피 + 초판 한정 일러스트 카드 + 폴라로이드 사진풍 카드 2종, S코믹스",코노시마 루카,㈜소미미디어,2026-08,22500,,3600,593,2026-09-03T09:11:13+09:00,,,,,1,0
375535559,나의 히어로 아카데미아 공식 일러스트집 Ultra Artworks,나의 히어로 아카데미아 공식 일러스트집 Ultra Artworks,,,,호리코시 코헤이,서울미디어코믹스(서울문화사),2025-10,39600,,3023,594,2026-09-03T09:11:13+09:00,405,-189,3218,-195,0,0
301917562,오란고교 호스트부 1,오란고교 호스트부,1,,,하토리 비스코,학산문화사(만화),2004-02,5400,8.0,3100,595,2026-09-03T09:11:13+09:00,567,-28,3143,-43,0,0
393514967,아름다운 인체 그리기 레슨,아름다운 인체 그리기 레슨,,,,후지타쿠,한즈미디어(한스미디어),2026-05,16200,9.7,3030,596,2026-09-03T09:11:13+09:00,570,-26,3095,-65,0,0
397015748,어떤 여름방학,어떤 여름방학,,,,궁리(박조은),휴머니스트,2026-06,19800,,3240,597,2026-09-03T09:11:13+09:00,694,97,3090,150,0,0
320637311,정반대의 너와 나 1,정반대의 너와 나,1,,,아가사와 코챠,학산문화사(만화),2023-07,5400,9.8,2911,598,2026-09-03T09:11:13+09:00,482,-116,2961,-50,0,0
397592282,아오이 군의 음담패설은 참을 수 없어!! 2,아오이 군의 음담패설은 참을 수 없어!!,2,,,mmk,학산문화사(만화),2026-07,6300,,2955,599,2026-09-03T09:11:13+09:00,569,-30,2955,0,0,0
398906133,벨 푸페의 슈퍼달링 약혼 2,벨 푸페의 슈퍼달링 약혼,2,,- 코믹,셀렌,학산문화사(만화),2026-07,6300,,2950,600,2026-09-03T09:11:13+09:00,566,-34,2930,20,0,0
309292959,무로이 야스오의 캐릭터 얼굴 & 바스트업 작화 기술,무로이 야스오의 캐릭터 얼굴 & 바스트업 작화 기술,,,,무로이 야스오,영진.com(영진닷컴),2023-02,18000,9.4,2910,601,2026-09-03T09:11:13+09:00,481,-120,2934,-24,0,0
322804966,정반대의 너와 나 2,정반대의 너와 나,2,,,아가사와 코챠,학산문화사(만화),2023-08,5400,9.8,2816,602,2026-09-03T09:11:13+09:00,487,-115,2899,-83,0,0
397905187,THE POOL,THE POOL,,,,사쿠라이 가몬,학산문화사(만화),2026-07,13500,10.0,2855,603,2026-09-03T09:11:13+09:00,483,-120,2860,-5,0,0
345982331,흑무경담 1,흑무경담,1,,- S코믹스,토가와 요난,㈜소미미디어,2024-09,5400,8.6,2891,604,2026-09-03T09:11:13+09:00,700,96,2838,53,0,0
355242244,흑무경담 2,흑무경담,2,,- S코믹스,토가와 요난,㈜소미미디어,2025-01,5400,9.7,2859,605,2026-09-03T09:11:13+09:00,701,96,2818,41,0,0
399290916,우리 반리가 신세 좀 지겠습니다 4,우리 반리가 신세 좀 지겠습니다,4,,,카이도 치토세,대원씨아이(만화),2026-07,5400,,2680,606,2026-09-03T09:11:13+09:00,486,-120,2780,-100,0,0
393313791,추우면 변하는 헤비가미 군 1,추우면 변하는 헤비가미 군,1,,"- 초판 한정 특전: 띠지, 스티커, PET 스탠드, 투명 책갈피, SL Comic",쿠리미야,디앤씨미디어(주)(D&C미디어),2026-05,6300,8.5,2600,607,2026-09-03T09:11:13+09:00,412,-195,2755,-155,0,0
399050467,블루 피리어드 6 (한정판),블루 피리어드,6,한정판,"- 시프트코믹스 /한정판 구성품 : 도서(초판 부록 포함), 1~6권 수납 박스, 컬러링북 소책자, 박티켓 책갈피 3종",야마구치 츠바사,YNK MEDIA(만화),2026-07,13500,,2635,608,2026-09-03T09:11:13+09:00,407,-201,2675,-40,0,0
399973609,켄투리아 6,켄투리아,6,,,쿠라모리 토오루,학산문화사(만화),2026-08,5400,10.0,2680,609,2026-09-03T09:11:13+09:00,576,-33,2660,20,0,0
400000607,빠져든 침대에서 천사의 자는 얼굴을 보고 싶을 뿐,빠져든 침대에서 천사의 자는 얼굴을 보고 싶을 뿐,,,- #둘이서 저지른 비밀의 교칙 위반,우에스 테츠토,AK(에이케이)커뮤니케이션즈,2026-08,10800,,2620,610,2026-09-03T09:11:13+09:00,715,105,2640,-20,0,0
320691848,먼작귀 3,먼작귀,3,,- 먼가 작고 귀여운 녀석,나가노,미우(대원씨아이),2023-02,10800,,2665,611,2026-09-03T09:11:13+09:00,709,98,2622,43,0,0
393007477,사토리×콤플렉스,사토리×콤플렉스,,,"- 초판 특전 : 양면 일러스트 카드, PET 북마크 스탠드",유히,리크,2026-05,6300,9.6,2580,612,2026-09-03T09:11:13+09:00,710,98,2580,0,0,0
391724707,명탐정 코난 로맨틱 러버스 셀렉션,명탐정 코난 로맨틱 러버스 셀렉션,,,,아오야마 고쇼,서울미디어코믹스(서울문화사),2026-04,10800,10.0,2396,613,2026-09-03T09:11:13+09:00,492,-121,2560,-164,0,0
384344658,네가 죽을 때까지 사랑하고 싶어 8,네가 죽을 때까지 사랑하고 싶어,8,,,나치 아오노,학산문화사(만화),2026-01,5400,9.9,2508,614,2026-09-03T09:11:13+09:00,578,-36,2560,-52,0,0
323998644,먼작귀 4 (콩알도감 포함 특별판),먼작귀,4,콩알도감 포함 특별판,- 먼가 작고 귀여운 녀석,나가노,미우(대원씨아이),2023-09,21600,6.7,2537,615,2026-09-03T09:11:13+09:00,725,110,2192,345,0,0
395531072,장송의 프리렌 13,장송의 프리렌,13,,,야마다 카네히토,학산문화사(만화),2024-12,6300,,2175,616,2026-09-03T09:11:13+09:00,729,113,2200,-25,0,0
400225603,고교 시절에 거만했던 여왕님과의 동거 생활은 의외로 나쁘지 않다 1,고교 시절에 거만했던 여왕님과의 동거 생활은 의외로 나쁘지 않다,1,,- S Novel,미소네타 도자에몽,㈜소미미디어,2026-08,7650,,2160,617,2026-09-03T09:11:13+09:00,584,-33,2190,-30,0,0
400547758,코믹 어둠의 실력자가 되고 싶어서! 15,코믹 어둠의 실력자가 되고 싶어서!,15,,- J Comic,사카노 안리,서울미디어코믹스(서울문화사),2026-08,4500,10.0,1970,618,2026-09-03T09:11:13+09:00,580,-38,2170,-200,0,0
400001881,무서운 책 6,무서운 책,6,,- 괴물,우메즈 카즈오,AK(에이케이)커뮤니케이션즈,2026-08,9000,,1970,619,2026-09-03T09:11:13+09:00,585,-34,2160,-190,0,0
399056149,제도성배기담 Fate/type Redline 6,제도성배기담 Fate/type Redline,6,,- 노엔 코믹스 / 초판한정 특별부록 : 일러스트 카드 + 띠지,히라노 료지,데이즈엔터(주),2026-08,7200,10.0,2110,620,2026-09-03T09:11:13+09:00,734,114,2110,0,0,0
399381805,격기 3반 18,격기 3반,18,,- 남일고등학교 격투기 특기반,이학,대원씨아이(만화),2026-07,4950,10.0,1995,621,2026-09-03T09:11:13+09:00,588,-33,2095,-100,0,0
398906340,벨 푸페의 슈퍼달링 약혼 2 (한정판),벨 푸페의 슈퍼달링 약혼,2,한정판,- 아크릴 스탠드 + PET 프레임 클리어 카드 3종,셀렌,학산문화사(만화),2026-07,19800,,2290,622,2026-09-03T09:11:13+09:00,,,,,1,0
400225413,쪼그맣고 커다랗고 귀여운 나나세를 착각 전남친한테서 빼앗아 행복하게 한다 3,쪼그맣고 커다랗고 귀여운 나나세를 착각 전남친한테서 빼앗아 행복하게 한다,3,,- S Novel,카라스마 에이,㈜소미미디어,2026-08,7650,,1810,623,2026-09-03T09:11:13+09:00,586,-37,1850,-40,0,0
318446151,네가 죽을 때까지 사랑하고 싶어 3,네가 죽을 때까지 사랑하고 싶어,3,,,나치 아오노,학산문화사(만화),2021-05,5400,,2067,624,2026-09-03T09:11:13+09:00,590,-34,1847,220,0,0
385522632,절대 BL이 되는 세계 & 절대 BL이 되지 않는 고교 생활 1,절대 BL이 되는 세계 & 절대 BL이 되지 않는 고교 생활,1,,,콘키치,학산문화사(만화),2026-02,7200,9.1,1845,625,2026-09-03T09:11:13+09:00,591,-34,1845,0,0,0
396657276,비밀법인 데스메이커 1,비밀법인 데스메이커,1,,,우나다 마아치,대원씨아이(만화),2026-06,6300,10.0,1835,626,2026-09-03T09:11:13+09:00,739,113,1810,25,0,0
399953662,히마텐! 4,히마텐!,4,,- SL Comic,오노 겐키,디앤씨미디어(주)(D&C미디어),2026-08,6300,,1840,627,2026-09-03T09:11:13+09:00,737,110,1800,40,0,0
399056069,다크 개더링 2,다크 개더링,2,,- 픽시하우스 /초판 한정: 띠지 + 일러스트 카드,콘도 켄이치,코믹레인,2026-08,6300,,1710,628,2026-09-03T09:11:13+09:00,498,-130,1765,-55,0,0
396097455,장송의 프리렌 5,장송의 프리렌,5,,,야마다 카네히토,학산문화사(만화),2026-06,6300,,1715,629,2026-09-03T09:11:13+09:00,744,115,1715,0,0,0
394588521,풀 나이트 4,풀 나이트,4,,- S코믹스,야스다 카스미,㈜소미미디어,2026-06,6300,10.0,1575,630,2026-09-03T09:11:13+09:00,596,-34,1635,-60,0,0
399312403,극한견주 6,극한견주,6,,- 출간 기념 선착순 특전: 잘라쓰는 북마크,마일로,북극여우,2026-07,14850,,1430,631,2026-09-03T09:11:13+09:00,763,132,1515,-85,0,0
398811243,힛 미 하드 1 (특별판),힛 미 하드,1,특별판,- 패키지 박스 + 엽서 1종 + 렌티큘러 엽서 1종 + 포토카드 3종 + 아크릴 스탠드 1종 + 멀티 클리너 1종,,다산코믹스,2026-07,34200,10.0,1420,632,2026-09-03T09:11:13+09:00,597,-35,1490,-70,0,0
385894622,먼작귀 2 (그림책 포함 특별판),먼작귀,2,그림책 포함 특별판,- 먼가 작고 귀여운 녀석,나가노,미우(대원씨아이),2022-08,17820,,1451,633,2026-09-03T09:11:13+09:00,362,-271,1451,0,0,0
396563330,노이지 룸메이트 6,노이지 룸메이트,6,,,오자키 카호,대원씨아이(만화),2026-06,5400,10.0,1425,634,2026-09-03T09:11:13+09:00,753,119,1440,-15,0,0
338563463,블리치 리믹스 2,블리치 리믹스,2,,,쿠보 타이토,서울미디어코믹스(서울문화사),2024-04,10800,10.0,1606,635,2026-09-03T09:11:13+09:00,952,317,1389,217,0,0
400006895,내가 죽을 뿐인 100가지 괴담 2,내가 죽을 뿐인 100가지 괴담,2,,"- 노엔 코믹스 / 초판한정 특별부록 : 일러스트 카드, 띠지",마토노 안지,데이즈엔터(주),2026-08,7200,10.0,1310,636,2026-09-03T09:11:13+09:00,762,126,1300,10,0,0
399543570,이우일의 만화 그리스로마 신화 3,이우일의 만화 그리스로마 신화,3,,- 오뒷세우스,이우일,비채,2026-07,20250,,1210,637,2026-09-03T09:11:13+09:00,759,122,1215,-5,0,0
399872446,로스타임에 작별 인사를 Home and Away,로스타임에 작별 인사를 Home and Away,,,- 라르고 맥스 Largo Max,코코미,조은세상(북두),2026-08,5400,10.0,1250,638,2026-09-03T09:11:13+09:00,760,122,1160,90,0,0
400543500,"아리스, 우주까지도 4","아리스, 우주까지도",4,,,우리노 키코,대원씨아이(만화),2026-08,6300,,1130,639,2026-09-03T09:11:13+09:00,602,-37,1130,0,0,0
400585731,퀸즈 퀄리티 1,퀸즈 퀄리티,1,,- 루나 코믹스,모토미 쿄스케,㈜소미미디어,2026-08,6300,,790,640,2026-09-03T09:11:13+09:00,312,-328,1040,-250,0,0
389482128,애태울 정도의 사랑을 알아라 1,애태울 정도의 사랑을 알아라,1,,,쿄노 마코,학산문화사(만화),2026-04,6300,,940,641,2026-09-03T09:11:13+09:00,425,-216,940,0,0,0
399925554,최애의 성벽이 너무 위험하다고요! 1,최애의 성벽이 너무 위험하다고요!,1,,- BB코믹스,하루지ON,㈜소미미디어,2026-08,5850,,1050,642,2026-09-03T09:11:13+09:00,769,127,930,120,0,0
334128695,사랑해 게임을 끝내고 싶어 4,사랑해 게임을 끝내고 싶어,4,,,도모토 유키,학산문화사(만화),2024-02,5400,,904,643,2026-09-03T09:11:13+09:00,768,125,904,0,0,0
400662089,바키도 11,바키도,11,,,이타가키 케이스케,서울미디어코믹스(서울문화사),2026-08,5400,10.0,870,644,2026-09-03T09:11:13+09:00,610,-34,900,-30,0,0
400662198,오늘부터 시작하는 소꿉친구 9,오늘부터 시작하는 소꿉친구,9,,,Midori Obiya,서울미디어코믹스(서울문화사),2026-08,5400,,850,645,2026-09-03T09:11:13+09:00,606,-39,870,-20,0,0
400652846,트릴리온 게임 10,트릴리온 게임,10,,- 시프트코믹스,이케가미 료이치,YNK MEDIA(만화),2026-08,5400,10.0,800,646,2026-09-03T09:11:13+09:00,608,-38,850,-50,0,0
400585960,특별한 도라에몽 : 쿵짜라♪ 울려퍼지는 음악 편 8,특별한 도라에몽 : 쿵짜라♪ 울려퍼지는 음악 편,8,,,후지코 F. 후지오,대원씨아이(만화),2026-08,8100,,1030,647,2026-09-03T09:11:13+09:00,971,324,840,190,0,0
400662384,꿈사랑 ~꿈에서 우리는 사랑에 빠진다~ 4,꿈사랑 ~꿈에서 우리는 사랑에 빠진다~,4,,- 완결,키타다 료마,서울미디어코믹스(서울문화사),2026-08,7650,,890,648,2026-09-03T09:11:13+09:00,981,333,750,140,0,0
400224787,전생했더니 검이었습니다 Another Wish 5,전생했더니 검이었습니다 Another Wish,5,,- S코믹스,이노우에 히나코,㈜소미미디어,2026-08,6300,,750,649,2026-09-03T09:11:13+09:00,617,-32,490,260,0,0
400654225,아질 Asyl 1,아질 Asyl,1,,- 시프트코믹스,하야토 유우,YNK MEDIA(만화),2026-08,5400,10.0,1020,650,2026-09-03T09:11:13+09:00,974,324,740,280,0,0
400856416,벼랑 끝의 영애는 흑기사님을 반하게 하고 싶어 1,벼랑 끝의 영애는 흑기사님을 반하게 하고 싶어,1,,,스오우,대원씨아이(만화),2026-08,5850,,500,651,2026-09-03T09:11:13+09:00,614,-37,460,40,0,0
401345421,카모노하시 론의 금단추리 18,카모노하시 론의 금단추리,18,,,아마노 아키라,학산문화사(만화),2026-09,5400,,710,652,2026-09-03T09:11:13+09:00,,,,,1,0
376840323,체인소 맨 21,체인소 맨,21,,,후지모토 타츠키,학산문화사(만화),2025-11,5400,9.1,14273,653,2026-09-03T09:11:13+09:00,780,127,14169,104,0,0
355678823,원피스 110,원피스,110,,- 시대의 일렁임,오다 에이치로,대원씨아이(만화),2025-01,5400,9.9,14036,654,2026-09-03T09:11:13+09:00,621,-33,14169,-133,0,0
370794176,캐릭캐릭 체인지! Jewel Joker 주얼 조커 1,캐릭캐릭 체인지! Jewel Joker 주얼 조커,1,,,PEACH-PIT,서울미디어코믹스(서울문화사),2025-08,5850,10.0,10688,655,2026-09-03T09:11:13+09:00,623,-32,10744,-56,0,0
309862975,모 이야기,모 이야기,,,"- 숲속 모험, 2024 볼로냐 라가치상 오페라 프리마 스페셜 멘션, 2025 프랑스 소시에르상 수상작",최연주,엣눈북스(atnoonbooks),2023-02,19800,9.6,10407,656,2026-09-03T09:11:13+09:00,518,-138,10507,-100,0,0
284699967,귀멸의 칼날 외전,귀멸의 칼날 외전,,,,히라노 료지,학산문화사(만화),2021-12,5400,9.8,10252,657,2026-09-03T09:11:13+09:00,519,-138,10372,-120,0,0
353133344,컬러 앤 라이트,컬러 앤 라이트,,,"- 사실적인 표현을 위한 빛과 색 그리는 법, 개정판",제임스 거니,잉크잼(잼스푼),2024-12,31500,10.0,9679,658,2026-09-03T09:11:13+09:00,521,-137,9788,-109,0,0
283355505,사피엔스 : 그래픽 히스토리 Vol.2,사피엔스 : 그래픽 히스토리 Vol.2,,,- 문명의 기둥,,김영사,2021-11,17820,9.7,9598,659,2026-09-03T09:11:13+09:00,522,-137,9713,-115,0,0
391479763,"사랑하라, 거짓된 천사들이여 6","사랑하라, 거짓된 천사들이여",6,,- 초판 한정 특전 : 양면 일러스트 카드 2종(지류),Coco Uzuki,서울미디어코믹스(서울문화사),2026-04,5400,10.0,9526,660,2026-09-03T09:11:13+09:00,785,125,9614,-88,0,0
358910532,명탐정 코난 106,명탐정 코난,106,,,아오야마 고쇼,서울미디어코믹스(서울문화사),2025-02,5400,10.0,8596,661,2026-09-03T09:11:13+09:00,628,-33,8857,-261,0,0
352603529,지박소년 하나코 군 22,지박소년 하나코 군,22,,,아이다이로,서울미디어코믹스(서울문화사),2024-11,5400,9.9,8952,662,2026-09-03T09:11:13+09:00,,,,,1,0
376257892,그 비스크 돌은 사랑을 한다 15,그 비스크 돌은 사랑을 한다,15,,- S코믹스,후쿠다 신이치,㈜소미미디어,2025-11,5400,9.4,8743,663,2026-09-03T09:11:13+09:00,630,-33,8710,33,0,0
338040640,사피엔스 : 그래픽 히스토리 Vol.3,사피엔스 : 그래픽 히스토리 Vol.3,,,- 역사의 배후,,김영사,2024-04,17820,9.5,8154,664,2026-09-03T09:11:13+09:00,439,-225,8317,-163,0,0
387232917,모모세 아키라의 첫사랑 파탄 중 4 (트리플 특전판),모모세 아키라의 첫사랑 파탄 중,4,트리플 특전판,- 스페셜 아크릴 일러스트 카드(1종) + 반전 매력의 양면 일러스트 카드(2종),하레카와 신타,서울미디어코믹스(서울문화사),2026-02,6750,10.0,8329,665,2026-09-03T09:11:13+09:00,787,122,8259,70,0,0
374276000,마남 이치 2 (더블 특전판),마남 이치,2,더블 특전판,- 홀로그램 일러스트 카드 1종 + 일러스트 책갈피 3종,유사자키 시로,서울미디어코믹스(서울문화사),2025-10,6300,9.6,7896,666,2026-09-03T09:11:13+09:00,,,,,1,0
367932030,찍히지 않습니다 2,찍히지 않습니다,2,,- S코믹스,코노시마 루카,㈜소미미디어,2025-07,5850,9.8,7818,667,2026-09-03T09:11:13+09:00,,,,,1,0
295225480,귀멸의 칼날 22,귀멸의 칼날,22,,,고토게 코요하루,학산문화사(만화),2021-01,5400,,7736,668,2026-09-03T09:11:13+09:00,633,-35,7716,20,0,0
296518224,주술회전 19,주술회전,19,,- 도쿄 제1콜로니 -화내는 남자-,아쿠타미 게게,서울미디어코믹스(서울문화사),2022-06,5400,10.0,7848,669,2026-09-03T09:11:13+09:00,,,,,1,0
395268985,괴수 8호 RELAX 4,괴수 8호 RELAX,4,,"- 초판 한정: 홀로그램 일러스트 카드, 방위대 4컷 포토카드",,서울미디어코믹스(서울문화사),2026-06,5400,8.0,7285,670,2026-09-03T09:11:13+09:00,636,-34,7470,-185,0,0
286833118,장송의 프리렌 4,장송의 프리렌,4,,,야마다 카네히토,학산문화사(만화),2022-01,5400,9.3,7401,671,2026-09-03T09:11:13+09:00,634,-37,7434,-33,0,0
365660227,모 이야기 2,모 이야기,2,,,최연주,엣눈북스(atnoonbooks),2025-06,20700,9.1,6680,672,2026-09-03T09:11:13+09:00,798,126,6672,8,0,0
338121617,너와 장밋빛 매일 1,너와 장밋빛 매일,1,,,히로 치히로,서울미디어코믹스(서울문화사),2024-04,5400,9.9,6692,673,2026-09-03T09:11:13+09:00,640,-33,6671,21,0,0
301182588,주술회전 3,주술회전,3,,,아쿠타미 게게,서울미디어코믹스(서울문화사),2019-04,5400,,6465,674,2026-09-03T09:11:13+09:00,,,,,1,0
370615925,향기로운 꽃은 늠름하게 핀다 15,향기로운 꽃은 늠름하게 핀다,15,,,미카미 사카,대원씨아이(만화),2025-08,5400,,6403,675,2026-09-03T09:11:13+09:00,642,-33,6455,-52,0,0
132200228,재즈 잇 업! Jazz It Up!,재즈 잇 업! Jazz It Up!,,,"- 남무성의 만화로 보는 재즈의 역사, 출간 15주년 특별 개정증보판",남무성,서해문집,2018-02,24300,9.6,6439,676,2026-09-03T09:11:13+09:00,803,127,6423,16,0,0
380080135,봇치·더·록! 외전 히로이 키쿠리의 과음일기 4,봇치·더·록! 외전 히로이 키쿠리의 과음일기,4,,,쿠미쵸,대원씨아이(만화),2025-12,8100,10.0,6371,677,2026-09-03T09:11:13+09:00,527,-150,6371,0,0,0
388745962,옆집 천사님 때문에 어느샌가 인간적으로 타락한 사연 11.5 (소책자 부속 특별판),옆집 천사님 때문에 어느샌가 인간적으로 타락한 사연 11.5,,소책자 부속 특별판,"- Novel Engine, ①특별판 전용 커버 사양 11.5권 본편 (11.5권 일반판과 동일한 일러스트 카드 포함 ※띠지 없음) ②별책 단편집 (※커버 없음) ③전용 슬리브 타입 케이스",사에키상,데이즈엔터(주),2026-04,14400,,6323,678,2026-09-03T09:11:13+09:00,802,124,6361,-38,0,0
315295029,귀멸 학원! 3,귀멸 학원!,3,,,호카미 나츠키,학산문화사(만화),2023-04,5400,9.6,6200,679,2026-09-03T09:11:13+09:00,447,-232,6219,-19,0,0
384927762,약사의 혼잣말 16,약사의 혼잣말,16,,- 카니발 플러스,휴우가 나츠,학산문화사(단행본),2026-01,8100,9.2,6230,680,2026-09-03T09:11:13+09:00,528,-152,6096,134,0,0
392509889,애태울 정도의 사랑을 알아라 2,애태울 정도의 사랑을 알아라,2,,,쿄노 마코,학산문화사(만화),2026-05,6300,9.9,6090,681,2026-09-03T09:11:13+09:00,446,-235,6185,-95,0,0
304252422,귀멸 학원! 2,귀멸 학원!,2,,,호카미 나츠키,학산문화사(만화),2022-11,5400,8.0,6159,682,2026-09-03T09:11:13+09:00,530,-152,6159,0,0,0
301714623,주술회전 17,주술회전,17,,- 갈대를 입에 물다,아쿠타미 게게,서울미디어코믹스(서울문화사),2021-11,5400,,6015,683,2026-09-03T09:11:13+09:00,,,,,1,0
398197212,비실비실 선생님 15 (특별판),비실비실 선생님,15,특별판,- 패키지 박스 + 초판한정 일러스트 폴라로이드 카드 1종 + 캐릭터 아크릴 스탠드 1종 + 아크릴 키링 2종 + 포토카드 4종 + 미니포스터 1종,후쿠치 카미오,대원씨아이(만화),2026-07,27000,,5830,684,2026-09-03T09:11:13+09:00,644,-40,5865,-35,0,0
375158873,봄의 폭풍과 몬스터 7,봄의 폭풍과 몬스터,7,,,미츠바치 미유키,학산문화사(만화),2025-10,5400,9.6,5743,685,2026-09-03T09:11:13+09:00,647,-38,5743,0,0,0
67153695,기븐 1,기븐,1,,- 뉴 루비코믹스 1740,키즈 나츠키,현대지능개발사,2015-09,4950,9.2,5597,686,2026-09-03T09:11:13+09:00,531,-155,5711,-114,0,0
301707635,주술회전 5,주술회전,5,,,아쿠타미 게게,서울미디어코믹스(서울문화사),2019-07,5400,,5835,687,2026-09-03T09:11:13+09:00,,,,,1,0
301708557,주술회전 10,주술회전,10,,,아쿠타미 게게,서울미디어코믹스(서울문화사),2020-12,5400,,5624,688,2026-09-03T09:11:13+09:00,,,,,1,0
388137308,믹스 MIX 24,믹스 MIX,24,,,아다치 미츠루,대원씨아이(만화),2026-03,5400,10.0,5244,689,2026-09-03T09:11:13+09:00,813,124,5244,0,0,0
82662361,기븐 2,기븐,2,,- 뉴 루비코믹스 1835,키즈 나츠키,현대지능개발사,2016-04,4950,9.1,5030,690,2026-09-03T09:11:13+09:00,455,-235,5154,-124,0,0
398728413,마법소녀를 동경해서 1~5 합본판,마법소녀를 동경해서 1~5 합본판,,,- 각권 초회 한정 일러스트 카드 각 1종씩 (총5종) + 각 권 선착순 더블 특전 SD스티커 각 1종씩(총5종) + PET스탠드 + 컵코스터 + 일러스트 카드 + 별도 박스 포장,오노나카 아키히로,대원씨아이(만화),2026-07,33750,,4975,691,2026-09-03T09:11:13+09:00,534,-157,5095,-120,0,0
301708374,주술회전 9,주술회전,9,,,아쿠타미 게게,서울미디어코믹스(서울문화사),2020-11,5400,,5059,692,2026-09-03T09:11:13+09:00,,,,,1,0
301708237,주술회전 8,주술회전,8,,,아쿠타미 게게,서울미디어코믹스(서울문화사),2020-10,5400,10.0,5214,693,2026-09-03T09:11:13+09:00,,,,,1,0
379953360,슈퍼 러버즈 18,슈퍼 러버즈,18,,,아베 미유키,서울미디어코믹스(서울문화사),2025-12,5400,10.0,5045,694,2026-09-03T09:11:13+09:00,818,124,5045,0,0,0
338987945,GACHIAKUTA 3,GACHIAKUTA,3,,,케이 우라나,학산문화사(만화),2024-05,5400,10.0,4954,695,2026-09-03T09:11:13+09:00,820,125,4908,46,0,0
380811247,스킵 비트! 50,스킵 비트!,50,,,나카무라 요시키,시공사(만화),2025-12,5850,9.7,4893,696,2026-09-03T09:11:13+09:00,654,-42,4906,-13,0,0
292995505,지박소년 하나코 군 17,지박소년 하나코 군,17,,,아이다이로,서울미디어코믹스(서울문화사),2022-05,5400,9.7,4868,697,2026-09-03T09:11:13+09:00,826,129,4875,-7,0,0
397021676,완전 쓰레기인 와타라세인데 3 (특장판),완전 쓰레기인 와타라세인데,3,특장판,- 어나더 커버 + 아크릴 스탠드 + 스티커 3종 + 포토카드 6종 + 일러스트 카드 3종 + 별도 박스 포장,나카가와 파리,대원씨아이(만화),2026-06,28800,10.0,4560,698,2026-09-03T09:11:13+09:00,653,-45,4810,-250,0,0
356890808,사카모토 데이즈 16,사카모토 데이즈,16,,- 해후,스즈키 유우토,대원씨아이(만화),2024-06,5850,,4609,699,2026-09-03T09:11:13+09:00,,,,,1,0
344711414,명탐정 코난 105,명탐정 코난,105,,,아오야마 고쇼,서울미디어코믹스(서울문화사),2024-08,5400,9.8,4637,700,2026-09-03T09:11:13+09:00,829,129,4588,49,0,0
389641178,황천의 츠가이 5,황천의 츠가이,5,,,아라카와 히로무,대원씨아이(만화),2024-03,5850,,4308,701,2026-09-03T09:11:13+09:00,396,-305,4308,0,0,0
390010927,황천의 츠가이 7,황천의 츠가이,7,,,아라카와 히로무,대원씨아이(만화),2026-04,5850,,4182,702,2026-09-03T09:11:13+09:00,465,-237,4299,-117,0,0
280599755,지박소년 하나코 군 3,지박소년 하나코 군,3,,,아이다이로,서울미디어코믹스(서울문화사),2021-10,5400,10.0,4373,703,2026-09-03T09:11:13+09:00,,,,,1,0
379009893,내 마음의 위험한 녀석 12,내 마음의 위험한 녀석,12,,- S코믹스,사쿠라이 노리오,㈜소미미디어,2025-12,5400,9.0,4252,704,2026-09-03T09:11:13+09:00,667,-37,4298,-46,0,0
396455881,시온 군이 말하는 대로 1,시온 군이 말하는 대로,1,,,Neko Inukai,서울미디어코믹스(서울문화사),2026-06,5850,,4115,705,2026-09-03T09:11:13+09:00,541,-164,4260,-145,0,0
396377370,너를 사랑하는 살인귀 1,너를 사랑하는 살인귀,1,,- 시프트코믹스,아키야마 엔마,YNK MEDIA(만화),2026-06,5400,10.0,4135,706,2026-09-03T09:11:13+09:00,835,129,4145,-10,0,0
341934453,동경일일 3,동경일일,3,,- 완결,마츠모토 타이요,문학동네,2024-06,9900,9.6,4228,707,2026-09-03T09:11:13+09:00,838,131,4102,126,0,0
301714473,주술회전 15,주술회전,15,,- 시부야 사변 -변신-,아쿠타미 게게,서울미디어코믹스(서울문화사),2021-05,5400,,4089,708,2026-09-03T09:11:13+09:00,676,-32,4048,41,0,0
282899607,지박소년 하나코 군 7,지박소년 하나코 군,7,,,아이다이로,서울미디어코믹스(서울문화사),2021-11,5400,10.0,4098,709,2026-09-03T09:11:13+09:00,,,,,1,0
284923922,지박소년 하나코 군 13,지박소년 하나코 군,13,,,아이다이로,서울미디어코믹스(서울문화사),2021-12,5400,10.0,3977,710,2026-09-03T09:11:13+09:00,679,-31,4010,-33,0,0
86997362,용의 학교는 산 위에,용의 학교는 산 위에,,,"- 쿠이 료코 작품집, S코믹스",쿠이 료코,㈜소미미디어,2016-07,8550,9.4,3885,711,2026-09-03T09:11:13+09:00,544,-167,3925,-40,0,0
322441129,꿈빛 파티시엘 신장판 2,꿈빛 파티시엘 신장판,2,,,마츠모토 나츠미,대원씨아이(만화),2023-08,5400,,3894,712,2026-09-03T09:11:13+09:00,468,-244,3997,-103,0,0
344254532,GACHIAKUTA 6,GACHIAKUTA,6,,,케이 우라나,학산문화사(만화),2024-08,5400,10.0,4040,713,2026-09-03T09:11:13+09:00,841,128,3972,68,0,0
365816384,야쿠자 때문에 목욕탕에서 일하고 있습니다 1,야쿠자 때문에 목욕탕에서 일하고 있습니다,1,,- 루나 코믹스,타카시,㈜소미미디어,2025-06,5850,9.8,3951,714,2026-09-03T09:11:13+09:00,678,-36,3970,-19,0,0
311936078,헌터x헌터 HunterXHunter 신장판 31,헌터x헌터 HunterXHunter 신장판,31,,,토가시 요시히로,학산문화사(만화),2013-10,5400,,3939,715,2026-09-03T09:11:13+09:00,680,-35,3939,0,0,0
7633452,오란고교 호스트부 Fanbook,오란고교 호스트부 Fanbook,,,- 콩닥♥두근☆공략 대작전,하토리 비스코,학산문화사(만화),2010-08,6300,9.8,3815,716,2026-09-03T09:11:13+09:00,548,-168,3845,-30,0,0
384923701,패배 히로인이 너무 많아! 8,패배 히로인이 너무 많아!,8,,- Novel Engine,아마모리 타키비,데이즈엔터(주),2026-02,7200,10.0,4126,717,2026-09-03T09:11:13+09:00,,,,,1,0
366119898,나의 열두 살에게,나의 열두 살에게,,,,소복이,나무의말,2025-06,17820,9.5,3780,718,2026-09-03T09:11:13+09:00,683,-35,3720,60,0,0
366528002,메이드 인 어비스 13,메이드 인 어비스,13,,,츠쿠시 아키히토,미우(대원씨아이),2025-06,7200,9.2,3769,719,2026-09-03T09:11:13+09:00,550,-169,3769,0,0,0
393715017,노아 선배는 친구 9,노아 선배는 친구,9,,- 초판특전 : 포토카드 2종 세트,아키야마 엔마,서울미디어코믹스(서울문화사),2026-05,5850,9.5,3670,720,2026-09-03T09:11:13+09:00,547,-173,3670,0,0,0
369868455,야쿠자 때문에 목욕탕에서 일하고 있습니다 2,야쿠자 때문에 목욕탕에서 일하고 있습니다,2,,- 루나 코믹스,타카시,㈜소미미디어,2025-08,5850,9.8,3660,721,2026-09-03T09:11:13+09:00,847,126,3660,0,0,0
322441152,꿈빛 파티시엘 신장판 3,꿈빛 파티시엘 신장판,3,,,마츠모토 나츠미,대원씨아이(만화),2023-08,5400,,3529,722,2026-09-03T09:11:13+09:00,552,-170,3612,-83,0,0
393756075,폭식 너무 좋아! 모치즈키 양 3,폭식 너무 좋아! 모치즈키 양,3,,,마루요노 카모메,대원씨아이(만화),2026-05,6300,9.8,3590,723,2026-09-03T09:11:13+09:00,858,135,3570,20,0,0
380346507,더블크로스 The 3rd Edition 룰북 1,더블크로스 The 3rd Edition 룰북,1,,,F.E.A.R,데이즈엔터(주),2025-12,13500,,3609,724,2026-09-03T09:11:13+09:00,,,,,1,0
397294900,비교하고 검토하는 교열부의 쿠쥬 씨 2,비교하고 검토하는 교열부의 쿠쥬 씨,2,,,고이시 유카,서교책방,2026-07,11520,10.0,3435,725,2026-09-03T09:11:13+09:00,854,129,3435,0,0,0
298203594,나루토 Naruto 3,나루토 Naruto,3,,,키시모토 마사시,대원씨아이(만화),2000-11,4950,,3482,726,2026-09-03T09:11:13+09:00,859,133,3421,61,0,0
388858246,야쿠자 때문에 목욕탕에서 일하고 있습니다 3,야쿠자 때문에 목욕탕에서 일하고 있습니다,3,,,타카시,㈜소미미디어,2026-04,5850,9.9,3412,727,2026-09-03T09:11:13+09:00,856,129,3412,0,0,0
307010808,지. : 지구의 운동에 대하여 3,지. : 지구의 운동에 대하여,3,,,우오토,문학동네,2022-12,7200,9.5,3501,728,2026-09-03T09:11:13+09:00,690,-38,3407,94,0,0
241030899,소녀종말여행 1~6 박스 세트 - 전6권 (엽서 세트 포함),소녀종말여행 1~6 박스 세트 - 전6권 (엽서 세트 포함),,,- 완결,츠쿠미즈,학산문화사(만화),2020-06,36000,9.6,3302,729,2026-09-03T09:11:13+09:00,692,-37,3362,-60,0,0
391205558,황천의 츠가이 9,황천의 츠가이,9,,,아라카와 히로무,대원씨아이(만화),2025-11,5850,,3220,730,2026-09-03T09:11:13+09:00,404,-326,3320,-100,0,0
370424575,사카모토 데이즈 22,사카모토 데이즈,22,,- 텐큐vs신,스즈키 유우토,대원씨아이(만화),2025-08,5850,,3313,731,2026-09-03T09:11:13+09:00,560,-171,3313,0,0,0
294498008,블루 록 1,블루 록,1,,,노무라 유스케,학산문화사(만화),2020-11,5400,10.0,3276,732,2026-09-03T09:11:13+09:00,693,-39,3276,0,0,0
394239585,사피엔스: 그래픽 히스토리 시리즈 세트 - 전4권,사피엔스: 그래픽 히스토리 시리즈 세트 - 전4권,,,,,김영사,2026-05,71280,9.3,3165,733,2026-09-03T09:11:13+09:00,477,-256,3260,-95,0,0
372013929,지박소년 하나코 군 24,지박소년 하나코 군,24,,,아이다이로,서울미디어코믹스(서울문화사),2025-09,5400,,3326,734,2026-09-03T09:11:13+09:00,874,140,3240,86,0,0
392518824,테라피 게임 리스타트 6,테라피 게임 리스타트,6,,,히노하라 메구루,블랑코믹스(BLANC COMICS),2026-05,6300,10.0,3365,735,2026-09-03T09:11:13+09:00,,,,,1,0
341682079,패배 히로인이 너무 많아! 5,패배 히로인이 너무 많아!,5,,- Novel Engine,아마모리 타키비,데이즈엔터(주),2024-07,6750,9.3,3255,736,2026-09-03T09:11:13+09:00,876,140,3223,32,0,0
392471811,전생했더니 슬라임이었던 건에 대하여 30,전생했더니 슬라임이었던 건에 대하여,30,,- S코믹스,카와카미 타이키,㈜소미미디어,2026-05,6300,10.0,3135,737,2026-09-03T09:11:13+09:00,562,-175,3160,-25,0,0
379954205,팔견전 24,팔견전,24,,"- 동방팔견이문, S코믹스, 완결",아베 미유키,㈜소미미디어,2025-12,5400,8.5,3338,738,2026-09-03T09:11:13+09:00,867,129,3262,76,0,0
391205551,황천의 츠가이 8,황천의 츠가이,8,,,아라카와 히로무,대원씨아이(만화),2025-06,5850,,3005,739,2026-09-03T09:11:13+09:00,478,-261,3095,-90,0,0
374961203,팔견전 23,팔견전,23,,"- 동방팔견이문, S코믹스",아베 미유키,㈜소미미디어,2025-10,5400,10.0,3115,740,2026-09-03T09:11:13+09:00,695,-45,3139,-24,0,0
299654606,하이큐!! 41,하이큐!!,41,,- 작은 거인 VS,후루다테 하루이치,대원씨아이(만화),2020-04,4950,,2976,741,2026-09-03T09:11:13+09:00,564,-177,3056,-80,0,0
398870503,더 죠죠랜즈 3 : 돈벌이할 시간,더 죠죠랜즈 3 : 돈벌이할 시간,,,- 죠죠의 기묘한 모험 Part 9,아라키 히로히코,문학동네,2026-07,7200,10.0,3070,742,2026-09-03T09:11:13+09:00,697,-45,3050,20,0,0
337798227,물가의 밤 1,물가의 밤,1,,,으자,봄툰,2024-01,15300,10.0,3166,743,2026-09-03T09:11:13+09:00,,,,,1,0
369868343,팔견전 22,팔견전,22,,"- 동방팔견이문, S코믹스",아베 미유키,㈜소미미디어,2025-08,5400,10.0,3085,744,2026-09-03T09:11:13+09:00,696,-48,3030,55,0,0
331057127,약사의 혼잣말 3,약사의 혼잣말,3,,,네코쿠라게,학산문화사(만화),2019-12,5400,,3047,745,2026-09-03T09:11:13+09:00,,,,,1,0
372071162,참을 수 없는 건 사랑인 걸까 4,참을 수 없는 건 사랑인 걸까,4,,,소라하나 미아,대원씨아이(만화),2025-09,5850,10.0,2941,746,2026-09-03T09:11:13+09:00,880,134,2941,0,0,0
397162930,만화 데뷔 못 하면 죽는 병 걸림 4,만화 데뷔 못 하면 죽는 병 걸림,4,,,소흔,파인툰,2026-10,15750,,2725,747,2026-09-03T09:11:13+09:00,699,-48,2730,-5,0,0
238301861,마스터 키튼 완전판 1~12 세트 - 전12권 (완결),마스터 키튼 완전판 1~12 세트 - 전12권 (완결),,,,,대원씨아이(만화),2012-05,84680,10.0,2706,748,2026-09-03T09:11:13+09:00,717,-31,2706,0,0,0
301917787,오란고교 호스트부 2,오란고교 호스트부,2,,,하토리 비스코,학산문화사(만화),2004-05,5400,,2610,749,2026-09-03T09:11:13+09:00,574,-175,2678,-68,0,0
369563161,타몬 군 지금 어느 쪽?! 10,타몬 군 지금 어느 쪽?!,10,,,시와스 유키,학산문화사(만화),2025-08,5400,,2699,750,2026-09-03T09:11:13+09:00,712,-38,2668,31,0,0
387039298,이거 그리고 죽어 7,이거 그리고 죽어,7,,,토요다 미노루,대원씨아이(만화),2026-02,5400,9.4,2647,751,2026-09-03T09:11:13+09:00,575,-176,2623,24,0,0
378966916,드래곤볼 완전판 가이드북 LANDMARK,드래곤볼 완전판 가이드북 LANDMARK,,,,토리야마 아키라,서울미디어코믹스(서울문화사),2025-11,12600,10.0,2585,752,2026-09-03T09:11:13+09:00,577,-175,2638,-53,0,0
367691634,GACHIAKUTA 13,GACHIAKUTA,13,,,케이 우라나,학산문화사(만화),2025-07,5400,,2755,753,2026-09-03T09:11:13+09:00,,,,,1,0
369307957,GACHIAKUTA 14,GACHIAKUTA,14,,,케이 우라나,학산문화사(만화),2025-08,5400,,2719,754,2026-09-03T09:11:13+09:00,,,,,1,0
336556121,박시백의 고려사 1~5 세트 - 전5권,박시백의 고려사 1~5 세트 - 전5권,,,,박시백,휴머니스트,2024-03,66150,8.0,2555,755,2026-09-03T09:11:13+09:00,711,-44,2555,0,0,0
396696431,요괴소년 호야 완전판 3,요괴소년 호야 완전판,3,,,후지타 카즈히로,서울미디어코믹스(서울문화사),2026-06,14400,10.0,2620,756,2026-09-03T09:11:13+09:00,,,,,1,0
396136941,세레나 9,세레나,9,,"- 초판 한정 부록 : 일러스트 엽서 1종, 면지에 작가님 친필 사인(인쇄본)",정이나,네이버웹툰,2026-07,14400,,2480,757,2026-09-03T09:11:13+09:00,716,-41,2490,-10,0,0
396593327,일본삼국 7,일본삼국,7,,,마쓰키 잇카,재담,2026-06,7200,10.0,2395,758,2026-09-03T09:11:13+09:00,579,-179,2395,0,0,0
319093936,100미터 2,100미터,2,,,우오토,학산문화사(만화),2023-06,8100,10.0,2365,759,2026-09-03T09:11:13+09:00,906,147,2375,-10,0,0
378051373,카구라바치 8,카구라바치,8,,,호카조노 타케루,대원씨아이(만화),2025-11,5850,,2335,760,2026-09-03T09:11:13+09:00,897,137,2345,-10,0,0
395945174,너와 우주를 걷기 위하여 5,너와 우주를 걷기 위하여,5,,,도로노다 이누히코,학산문화사(만화),2026-06,5400,9.7,2220,761,2026-09-03T09:11:13+09:00,722,-39,2265,-45,0,0
399541020,클레바테스 10,클레바테스,10,,,이와하라 유지,오팬스코믹,2026-07,6300,,2215,762,2026-09-03T09:11:13+09:00,723,-39,2165,50,0,0
301396135,오란고교 호스트부 8,오란고교 호스트부,8,,,하토리 비스코,학산문화사(만화),2011-01,5400,,2074,763,2026-09-03T09:11:13+09:00,732,-31,2074,0,0,0
368527098,사랑의 유령,사랑의 유령,,,- 솔트 코믹스,호토나카,YNK MEDIA(만화),2025-07,5400,6.0,2223,764,2026-09-03T09:11:13+09:00,,,,,1,0
338379758,이거 그리고 죽어 1,이거 그리고 죽어,1,,,토요다 미노루,대원씨아이(만화),2024-04,5400,9.7,2017,765,2026-09-03T09:11:13+09:00,912,147,2017,0,0,0
325418441,먼작귀 2,먼작귀,2,,- 먼가 작고 귀여운 녀석,나가노,미우(대원씨아이),2022-08,10800,,1922,766,2026-09-03T09:11:13+09:00,736,-30,1977,-55,0,0
294260782,팔견전 14,팔견전,14,,"- 동방팔견이문, S코믹스",아베 미유키,㈜소미미디어,2022-05,6300,8.7,2110,767,2026-09-03T09:11:13+09:00,909,142,1958,152,0,0
399390376,"가까이 와줘, 스피카 1 (특장판)","가까이 와줘, 스피카",1,특장판,- 단행본 + 아크릴 스탠드 + 인화사진 2종 + 일러스트 카드 + 별도 박스 포장,fuyu,대원씨아이(만화),2026-07,18000,10.0,1960,768,2026-09-03T09:11:13+09:00,731,-37,1955,5,0,0
308287261,네가 죽을 때까지 사랑하고 싶어 5,네가 죽을 때까지 사랑하고 싶어,5,,,나치 아오노,학산문화사(만화),2023-01,5400,10.0,2075,769,2026-09-03T09:11:13+09:00,733,-36,1935,140,0,0
326489876,네가 죽을 때까지 사랑하고 싶어 6,네가 죽을 때까지 사랑하고 싶어,6,,,나치 아오노,학산문화사(만화),2023-10,5400,10.0,1917,770,2026-09-03T09:11:13+09:00,918,148,1917,0,0,0
400001064,피토스포룸 두 번째 잎,피토스포룸 두 번째 잎,,,,미카미 시노,인디고,2026-08,6300,10.0,1850,771,2026-09-03T09:11:13+09:00,592,-179,1910,-60,0,0
333690666,건방진 그 녀석 2,건방진 그 녀석,2,,,미츠바치 미유키,학산문화사(만화),2016-05,5400,10.0,2159,772,2026-09-03T09:11:13+09:00,,,,,1,0
314184207,팔견전 16,팔견전,16,,"- 동방팔견이문, S코믹스",아베 미유키,㈜소미미디어,2023-04,6300,9.3,2047,773,2026-09-03T09:11:13+09:00,913,140,1893,154,0,0
382235722,긴키 지방의 어느 장소에 대하여 2,긴키 지방의 어느 장소에 대하여,2,,,우스이 츠카사,오팬스코믹,2025-12,7650,9.4,1750,774,2026-09-03T09:11:13+09:00,748,-26,1611,139,0,0
335854597,얼굴만으론 좋아할 수 없어요 9,얼굴만으론 좋아할 수 없어요,9,,,안자이 카린,서울미디어코믹스(서울문화사),2024-03,5400,10.0,1792,775,2026-09-03T09:11:13+09:00,589,-186,1854,-62,0,0
290968765,네가 죽을 때까지 사랑하고 싶어 4,네가 죽을 때까지 사랑하고 싶어,4,,,나치 아오노,학산문화사(만화),2022-03,5400,10.0,1981,776,2026-09-03T09:11:13+09:00,741,-35,1846,135,0,0
340411847,이거 그리고 죽어 2,이거 그리고 죽어,2,,,토요다 미노루,대원씨아이(만화),2024-05,5400,9.5,1773,777,2026-09-03T09:11:13+09:00,931,154,1731,42,0,0
399451834,"신 울어라, 펜 11","신 울어라, 펜",11,,,시마모토 카즈히코,미우(대원씨아이),2026-07,9000,10.0,1605,778,2026-09-03T09:11:13+09:00,749,-29,1705,-100,0,0
398811035,방과 후 제방 일지 14,방과 후 제방 일지,14,,,코사카 야스유키,대원씨아이(만화),2026-07,4950,,1750,779,2026-09-03T09:11:13+09:00,743,-36,1815,-65,0,0
398360386,뷰티풀 군바리 12,뷰티풀 군바리,12,,- 초판 한정 포토카드 2종,설이,길찾기,2026-07,17820,,1795,780,2026-09-03T09:11:13+09:00,,,,,1,0
398727927,마법소녀를 동경해서 1 (더블특전판),마법소녀를 동경해서,1,더블특전판,- 초판한정 : 일러스트 카드 1종 + SD 스티커 1종,오노나카 아키히로,대원씨아이(만화),2026-07,6750,7.3,1505,781,2026-09-03T09:11:13+09:00,752,-29,1635,-130,0,0
395958550,핑키 나이트메어,핑키 나이트메어,,,- 라르고 맥스 Largo Max,NAREHATECHAN,조은세상(북두),2026-06,6300,9.5,1705,782,2026-09-03T09:11:13+09:00,499,-283,1625,80,0,0
333361531,길가메쉬,길가메쉬,,,,옌스 하르더,마르코폴로,2024-02,18000,9.7,1642,783,2026-09-03T09:11:13+09:00,934,151,1569,73,0,0
387254198,블리치 리믹스 15,블리치 리믹스,15,,,쿠보 타이토,서울미디어코믹스(서울문화사),2026-02,10800,9.5,1523,784,2026-09-03T09:11:13+09:00,750,-34,1564,-41,0,0
396091175,향기로운 꽃은 늠름하게 핀다 14,향기로운 꽃은 늠름하게 핀다,14,,,미카미 사카,대원씨아이(만화),2026-06,6300,,1505,785,2026-09-03T09:11:13+09:00,598,-187,1545,-40,0,0
287237782,하이큐!! 컴플리트 일러스트레이션 북 끝과 시작,하이큐!! 컴플리트 일러스트레이션 북 끝과 시작,,,,후루다테 하루이치,대원씨아이(만화),2022-01,36000,9.5,1476,786,2026-09-03T09:11:13+09:00,946,160,1461,15,0,0
376973639,삼국지를 한번도 안 읽어 볼 수는 없잖아,삼국지를 한번도 안 읽어 볼 수는 없잖아,,,- 열 번은 읽은 듯한 빠삭함!,Team. StoryG,oldstairs(올드스테어즈),2025-11,18000,10.0,1635,787,2026-09-03T09:11:13+09:00,,,,,1,0
400258397,세월이 흘러 다리로 간다 12,세월이 흘러 다리로 간다,12,,,히다카 쇼코,서울미디어코믹스(서울문화사),2026-08,6300,10.0,1260,788,2026-09-03T09:11:13+09:00,600,-188,1300,-40,0,0
400007223,버림받은 공작 부인은 평온한 생활을 희망합니다 1,버림받은 공작 부인은 평온한 생활을 희망합니다,1,,- ROSY,카레야타미에,미스터블루,2026-08,9900,,1240,789,2026-09-03T09:11:13+09:00,757,-32,1300,-60,0,0
391302897,못 미더운 악녀입니다만 : ~추궁접서 교체전~ 9,못 미더운 악녀입니다만 : ~추궁접서 교체전~,9,,,EI Ohitsuji,서울미디어코믹스(서울문화사),2026-04,6300,10.0,1280,790,2026-09-03T09:11:13+09:00,506,-284,1280,0,0,0
387582151,커들 1,커들,1,,- 수인 오메가버스,하스미 하나,학산문화사(만화),2026-03,6300,,1248,791,2026-09-03T09:11:13+09:00,755,-36,1258,-10,0,0
349229181,단둘만의 로맨틱 1,단둘만의 로맨틱,1,,,카니사와 치히로,학산문화사(만화),2024-10,5400,10.0,1147,792,2026-09-03T09:11:13+09:00,754,-38,1231,-84,0,0
398836644,장하다! 원조 괴짜가족 13,장하다! 원조 괴짜가족,13,,,하마오카 켄지,서울미디어코믹스(서울문화사),2026-07,4500,,1185,793,2026-09-03T09:11:13+09:00,953,160,1185,0,0,0
400311351,뇌를 바꾸려는 사람들,뇌를 바꾸려는 사람들,,,"- 프랑켄슈타인에서 현대 신경기술까지, 뇌과학으로 만나는 신경윤리의 질문들",류영준,어크로스,2026-08,19800,9.7,1050,794,2026-09-03T09:11:13+09:00,603,-191,1180,-130,0,0
355732920,단둘만의 로맨틱 3,단둘만의 로맨틱,3,,- 완결,카니사와 치히로,학산문화사(만화),2025-01,5400,10.0,1189,795,2026-09-03T09:11:13+09:00,947,152,1169,20,0,0
388433908,사랑해 게임을 끝내고 싶어 7,사랑해 게임을 끝내고 싶어,7,,,도모토 유키,학산문화사(만화),2026-03,5400,10.0,1074,796,2026-09-03T09:11:13+09:00,764,-32,1144,-70,0,0
396049323,곰과 토끼는 친구로 지낼 수 없다 1,곰과 토끼는 친구로 지낼 수 없다,1,,,이누요시 아키라,대원씨아이(만화),2026-06,6300,,1140,797,2026-09-03T09:11:13+09:00,,,,,1,0
399046041,꿀과 극약 1,꿀과 극약,1,,,사쿠라노코우지 카노코,대원씨아이(만화),2026-07,5400,10.0,990,798,2026-09-03T09:11:13+09:00,604,-194,1050,-60,0,0
393162271,데스 노트 Death Note 2,데스 노트 Death Note,2,,,오바 츠구미,대원씨아이(만화),2004-12,6300,,1100,799,2026-09-03T09:11:13+09:00,959,160,1025,75,0,0
400307391,꿀과 극약 2,꿀과 극약,2,,,사쿠라노코우지 카노코,대원씨아이(만화),2026-08,5400,,800,800,2026-09-03T09:11:13+09:00,508,-292,950,-150,0,0
400313885,타베모노로그,타베모노로그,,,,JIU,재담,2026-08,14400,,880,801,2026-09-03T09:11:13+09:00,613,-188,940,-60,0,0
400585962,특별한 도라에몽 : 언제나 마음속에 친구 편 9,특별한 도라에몽 : 언제나 마음속에 친구 편,9,,,후지코 F. 후지오,대원씨아이(만화),2026-08,8100,,1010,802,2026-09-03T09:11:13+09:00,962,160,930,80,0,0
352375450,못 미더운 악녀입니다만 : ~추궁접서 교체전~ 7,못 미더운 악녀입니다만 : ~추궁접서 교체전~,7,,,EI Ohitsuji,서울미디어코믹스(서울문화사),2024-11,6300,9.7,723,803,2026-09-03T09:11:13+09:00,369,-434,853,-130,0,0
400585852,택배기사 형이랑 잘 될 수 있을까?,택배기사 형이랑 잘 될 수 있을까?,,,- B愛+750,노다 논다,대원씨아이(만화),2026-08,6300,,930,804,2026-09-03T09:11:13+09:00,969,165,820,110,0,0
400543235,악마이자 여경! 2,악마이자 여경!,2,,,안베 마사히로,대원씨아이(만화),2026-08,5850,,840,805,2026-09-03T09:11:13+09:00,976,171,820,20,0,0
400734025,건강하고 문화적인 최저한도의 생활 12,건강하고 문화적인 최저한도의 생활,12,,,가시와기 하루코,문학동네,2026-08,8820,,760,806,2026-09-03T09:11:13+09:00,607,-199,800,-40,0,0
375361063,44교시 생존수업 1,44교시 생존수업,1,,,상C,네이버웹툰,2025-12,14400,,1106,807,2026-09-03T09:11:13+09:00,,,,,1,0
400594105,블랙 라군 : 청소부 소여 해체! 고어고어 무스메 4,블랙 라군 : 청소부 소여 해체! 고어고어 무스메,4,,,이다 타츠히코,서울미디어코믹스(서울문화사),2026-08,5850,10.0,870,808,2026-09-03T09:11:13+09:00,770,-38,760,110,0,0
347732633,인터넷 러브!,인터넷 러브!,,,,우리노 키코,빗금,2024-09,7650,9.5,763,809,2026-09-03T09:11:13+09:00,,,,,1,0
400307469,당신은 세상의 중심이에요 2,당신은 세상의 중심이에요,2,,,킨다이치 렌쥬로,대원씨아이(만화),2026-08,5400,,810,810,2026-09-03T09:11:13+09:00,,,,,1,0
400585953,떨거지 인어 디아나 1,떨거지 인어 디아나,1,,- S코믹스,스아마,㈜소미미디어,2026-08,6300,,630,811,2026-09-03T09:11:13+09:00,773,-38,610,20,0,0
400557793,공각기동대 -HUMAN ERROR PROCESSER-,공각기동대 -HUMAN ERROR PROCESSER-,,,,시로 마사무네,대원씨아이(만화),2026-08,12600,,500,812,2026-09-03T09:11:13+09:00,616,-196,580,-80,0,0
400708015,영국 낭만 희화 포레스트 아이비 1,영국 낭만 희화 포레스트 아이비,1,,,아마자케 시마,대원씨아이(만화),2026-08,6300,,490,813,2026-09-03T09:11:13+09:00,775,-38,510,-20,0,0
400652954,영세 소녀의 싸우는 법 7,영세 소녀의 싸우는 법,7,,- 시프트코믹스,쿠즈시로,YNK MEDIA(만화),2026-08,5400,,490,814,2026-09-03T09:11:13+09:00,776,-38,510,-20,0,0
400662517,특급 알파가 사랑한 오메가,특급 알파가 사랑한 오메가,,,,Ayumi Kannami,서울미디어코믹스(서울문화사),2026-08,7650,,680,815,2026-09-03T09:11:13+09:00,984,169,500,180,0,0
400878277,오컬트 타임즈 1 (한정판),오컬트 타임즈,1,한정판,- 일반판 초판 부록 + 아코디언 일러스트 엽서 세트 + 시로&레이 아크릴 키링,Idonchi,서울미디어코믹스(서울문화사),2026-08,22500,,610,816,2026-09-03T09:11:13+09:00,986,170,480,130,0,0
400707987,순애 러브하울링,순애 러브하울링,,,- B愛+751,시에로,대원씨아이(만화),2026-08,5850,,420,817,2026-09-03T09:11:13+09:00,618,-199,470,-50,0,0
400909486,회각의 용사 2,회각의 용사,2,,,사토 타카아키,미우(대원씨아이),2026-08,5850,,370,818,2026-09-03T09:11:13+09:00,513,-305,430,-60,0,0
375157925,사랑스런 쿠니타마 1,사랑스런 쿠니타마,1,,,앗치 아이,대원씨아이(만화),2025-10,5850,8.0,663,819,2026-09-03T09:11:13+09:00,,,,,1,0
401291184,1995 청춘 레포트 2,1995 청춘 레포트,2,,- 초판 한정 부록 : 껌 만화 + 인화사진 + 띠지,맹수,봄툰,2026-08,14400,,580,820,2026-09-03T09:11:13+09:00,,,,,1,0
401369571,바라메 강림하여 주소서 2,바라메 강림하여 주소서,2,,"- 초판 부록: 포토카드 1매, 책갈피 1매, 띠지",백상언,레진코믹스(레진엔터테인먼트),2026-09,15300,,610,821,2026-09-03T09:11:13+09:00,,,,,1,0
401325707,쌀쌀맞은 사토 양이 나에게만 상냥하다 4,쌀쌀맞은 사토 양이 나에게만 상냥하다,4,,- S코믹스,사와타리 카자미,㈜소미미디어,2026-09,6300,,710,822,2026-09-03T09:11:13+09:00,,,,,1,0
293054296,여학교의 별 2,여학교의 별,2,,,와야마 야마,문학동네,2022-05,7650,9.8,16649,823,2026-09-03T09:11:13+09:00,,,,,1,0
371535926,체인소 맨 20,체인소 맨,20,,,후지모토 타츠키,학산문화사(만화),2025-09,5400,9.2,16197,824,2026-09-03T09:11:13+09:00,,,,,1,0
280840739,주술회전 공식 팬북,주술회전 공식 팬북,,,,아쿠타미 게게,서울미디어코믹스(서울문화사),2021-10,9000,9.8,11411,825,2026-09-03T09:11:13+09:00,781,-44,11436,-25,0,0
309270072,후지모토 타츠키 단편집 17-21,후지모토 타츠키 단편집,17-21,,,후지모토 타츠키,학산문화사(만화),2023-01,5400,8.6,9501,826,2026-09-03T09:11:13+09:00,783,-43,9617,-116,0,0
252254600,귀멸의 칼날 : 공식 팬북 귀살대 견문록,귀멸의 칼날 : 공식 팬북 귀살대 견문록,,,,고토게 코요하루,학산문화사(만화),2020-09,8550,9.6,9530,827,2026-09-03T09:11:13+09:00,784,-43,9513,17,0,0
215083221,스파이 패밀리 1,스파이 패밀리,1,,,엔도 타츠야,학산문화사(만화),2019-11,5400,9.7,9476,828,2026-09-03T09:11:13+09:00,626,-202,9479,-3,0,0
378096466,팬텀 버스터즈 5,팬텀 버스터즈,5,,- 일반판,네오쇼코,㈜소미미디어,2025-11,5850,10.0,9176,829,2026-09-03T09:11:13+09:00,786,-43,9238,-62,0,0
384918469,루리 드래곤 4,루리 드래곤,4,,,신도 마사오키,서울미디어코믹스(서울문화사),2026-01,5400,9.6,8807,830,2026-09-03T09:11:13+09:00,,,,,1,0
353809342,스파이 패밀리 14,스파이 패밀리,14,,,엔도 타츠야,학산문화사(만화),2024-12,5400,9.8,8732,831,2026-09-03T09:11:13+09:00,,,,,1,0
291463925,원피스 101,원피스,101,,- 주연 등장,오다 에이치로,대원씨아이(만화),2022-03,4950,9.7,8119,832,2026-09-03T09:11:13+09:00,,,,,1,0
277000811,명탐정 코난 : 경찰학교 편 - 하,명탐정 코난 : 경찰학교 편 - 하,,,,아라이 타카히로,서울미디어코믹스(서울문화사),2021-08,4950,9.3,7993,833,2026-09-03T09:11:13+09:00,791,-42,7993,0,0,0
378768331,모모세 아키라의 첫사랑 파탄 중 2 (트리플 특전판),모모세 아키라의 첫사랑 파탄 중,2,트리플 특전판,- 홀로그램 일러스트 카드(1종) + 반전 매력의 양면 일러스트 카드(2종),하레카와 신타,서울미디어코믹스(서울문화사),2025-11,6750,10.0,7916,834,2026-09-03T09:11:13+09:00,631,-203,8061,-145,0,0
369001873,파이브 스타 스토리 The Five Star Stories 18,파이브 스타 스토리 The Five Star Stories,18,,,나가노 마모루,서울미디어코믹스(서울문화사),2025-07,10800,9.3,7887,835,2026-09-03T09:11:13+09:00,788,-47,7963,-76,0,0
365662113,나츠메 우인장 31,나츠메 우인장,31,,,미도리카와 유키,학산문화사(만화),2025-06,5400,9.4,7759,836,2026-09-03T09:11:13+09:00,,,,,1,0
283806419,장송의 프리렌 2,장송의 프리렌,2,,,야마다 카네히토,학산문화사(만화),2021-11,5400,9.6,7529,837,2026-09-03T09:11:13+09:00,790,-47,7675,-146,0,0
379027062,나의 히어로 아카데미아 캐릭터 팬북 컴플리트 에디션,나의 히어로 아카데미아 캐릭터 팬북 컴플리트 에디션,,,,호리코시 코헤이,서울미디어코믹스(서울문화사),2025-11,28620,9.2,7552,838,2026-09-03T09:11:13+09:00,,,,,1,0
382045769,모모세 아키라의 첫사랑 파탄 중 3 (트리플 특전판),모모세 아키라의 첫사랑 파탄 중,3,트리플 특전판,- 홀로그램 일러스트 카드(1종) + 반전 매력의 양면 일러스트 카드(2종),하레카와 신타,서울미디어코믹스(서울문화사),2025-12,6750,9.8,7494,839,2026-09-03T09:11:13+09:00,792,-47,7478,16,0,0
362120342,그 비스크 돌은 사랑을 한다 14,그 비스크 돌은 사랑을 한다,14,,- S코믹스,후쿠다 신이치,㈜소미미디어,2025-04,5400,9.2,7447,840,2026-09-03T09:11:13+09:00,,,,,1,0
390689243,찍히지 않습니다 5,찍히지 않습니다,5,,"- S코믹스 /초판 한정 일러스트 카드, 폴라로이드 사진풍 카드 2종, PET 책갈피",코노시마 루카,㈜소미미디어,2026-04,5850,9.8,7241,841,2026-09-03T09:11:13+09:00,637,-204,7241,0,0,0
374814986,찍히지 않습니다 3,찍히지 않습니다,3,,"- S코믹스, 초판종료",코노시마 루카,㈜소미미디어,2025-10,5850,8.3,7144,842,2026-09-03T09:11:13+09:00,,,,,1,0
294402029,귀멸의 칼날 20,귀멸의 칼날,20,,,고토게 코요하루,학산문화사(만화),2020-09,5400,,7178,843,2026-09-03T09:11:13+09:00,,,,,1,0
384668324,어린이 탐구 생활,어린이 탐구 생활,,,,이다,창비,2026-01,15120,9.9,6801,844,2026-09-03T09:11:13+09:00,639,-205,6801,0,0,0
392519237,길고양이와 늑대 6,길고양이와 늑대,6,,,미츠바치 미유키,학산문화사(만화),2026-05,5400,9.9,6570,845,2026-09-03T09:11:13+09:00,641,-204,6645,-75,0,0
300409416,귀멸의 칼날 : 공식 팬북 귀살대 견문록 2,귀멸의 칼날 : 공식 팬북 귀살대 견문록,2,,,고토게 코요하루,학산문화사(만화),2022-08,8550,9.8,6552,846,2026-09-03T09:11:13+09:00,,,,,1,0
340343369,쿠이 료코 낙서집 데이드림 아워,쿠이 료코 낙서집 데이드림 아워,,,- S코믹스,쿠이 료코,㈜소미미디어,2024-06,18000,9.6,6424,847,2026-09-03T09:11:13+09:00,801,-46,6478,-54,0,0
360719281,지박소년 하나코 군 23,지박소년 하나코 군,23,,,아이다이로,서울미디어코믹스(서울문화사),2025-03,5400,9.8,6569,848,2026-09-03T09:11:13+09:00,,,,,1,0
345263957,카구라바치 1,카구라바치,1,,,호카조노 타케루,대원씨아이(만화),2024-08,5850,9.2,6290,849,2026-09-03T09:11:13+09:00,,,,,1,0
301714703,주술회전 18,주술회전,18,,- 열기,아쿠타미 게게,서울미디어코믹스(서울문화사),2022-02,5400,,5798,850,2026-09-03T09:11:13+09:00,,,,,1,0
290968392,아름다운 초저녁달 2,아름다운 초저녁달,2,,,야마모리 미카,학산문화사(만화),2022-03,5400,10.0,5705,851,2026-09-03T09:11:13+09:00,805,-46,5782,-77,0,0
328897066,귀멸 학원! 4,귀멸 학원!,4,,,호카미 나츠키,학산문화사(만화),2023-11,5400,10.0,5673,852,2026-09-03T09:11:13+09:00,645,-207,5760,-87,0,0
357701937,사카모토 데이즈 10,사카모토 데이즈,10,,- 재회,스즈키 유우토,대원씨아이(만화),2023-05,5850,,5614,853,2026-09-03T09:11:13+09:00,,,,,1,0
379454044,학생회에도 구멍은 있다! 공식 풀컬러판 : 《생구멍 셀렉션!》,학생회에도 구멍은 있다! 공식 풀컬러판 : 《생구멍 셀렉션!》,,,- S코믹스,무치마로,㈜소미미디어,2025-12,10800,9.6,5407,854,2026-09-03T09:11:13+09:00,807,-47,5480,-73,0,0
305390989,스킵과 로퍼 1,스킵과 로퍼,1,,- 시프트코믹스,타카마츠 미사키,YNK MEDIA(만화),2022-11,5400,9.8,5303,855,2026-09-03T09:11:13+09:00,810,-45,5263,40,0,0
351000171,반딧불이의 혼례 4,반딧불이의 혼례,4,,,타치바나 오레코,서울미디어코믹스(서울문화사),2024-10,7650,9.8,5166,856,2026-09-03T09:11:13+09:00,533,-323,5258,-92,0,0
361341172,단다단 16,단다단,16,,,타츠 유키노부,대원씨아이(만화),2025-03,5400,9.4,5210,857,2026-09-03T09:11:13+09:00,,,,,1,0
382042979,지박소년 하나코 군 25 (어드벤트 캘린더 특장판),지박소년 하나코 군,25,어드벤트 캘린더 특장판,- 어드벤트 캘린더 (아크릴 참 7종 & 미니 클리어 카드 17종) + 25권 초판 사은품 (홀로그램 양면 책갈피 + 아크릴 스탠딩 POP),아이다이로,서울미디어코믹스(서울문화사),2026-01,48600,7.0,5180,858,2026-09-03T09:11:13+09:00,,,,,1,0
349422137,봄의 폭풍과 몬스터 5,봄의 폭풍과 몬스터,5,,,미츠바치 미유키,학산문화사(만화),2024-10,5400,9.8,5147,859,2026-09-03T09:11:13+09:00,811,-48,5194,-47,0,0
105525634,공각기동대 -THE GHOST IN THE SHELL-,공각기동대 -THE GHOST IN THE SHELL-,,,,시로 마사무네,대원씨아이(만화),2017-03,14400,9.2,5109,860,2026-09-03T09:11:13+09:00,816,-44,5184,-75,0,0
341211935,마루는 강쥐 4,마루는 강쥐,4,,,모죠,문페이스,2024-06,14400,,5070,861,2026-09-03T09:11:13+09:00,815,-46,5174,-104,0,0
301708111,주술회전 7,주술회전,7,,,아쿠타미 게게,서울미디어코믹스(서울문화사),2019-12,5400,8.0,5172,862,2026-09-03T09:11:13+09:00,,,,,1,0
295077194,아름다운 초저녁달 3,아름다운 초저녁달,3,,,야마모리 미카,학산문화사(만화),2022-05,5400,9.8,5140,863,2026-09-03T09:11:13+09:00,,,,,1,0
301707952,주술회전 6,주술회전,6,,,아쿠타미 게게,서울미디어코믹스(서울문화사),2019-09,5400,10.0,5329,864,2026-09-03T09:11:13+09:00,,,,,1,0
352754315,원펀맨 One Punch Man 31,원펀맨 One Punch Man,31,,- 연옥무쌍폭열파동포,ONE,대원씨아이(만화),2024-11,5400,9.6,5193,865,2026-09-03T09:11:13+09:00,,,,,1,0
335717481,GACHIAKUTA 2,GACHIAKUTA,2,,,케이 우라나,학산문화사(만화),2024-03,5400,10.0,5069,866,2026-09-03T09:11:13+09:00,,,,,1,0
386937690,킹덤 Kingdom 76,킹덤 Kingdom,76,,,하라 야스히사,대원씨아이(만화),2026-02,5400,10.0,5136,867,2026-09-03T09:11:13+09:00,,,,,1,0
255143164,그 비스크 돌은 사랑을 한다 5,그 비스크 돌은 사랑을 한다,5,,- S코믹스,후쿠다 신이치,㈜소미미디어,2020-11,6300,9.7,4988,868,2026-09-03T09:11:13+09:00,,,,,1,0
303094586,아름다운 초저녁달 4,아름다운 초저녁달,4,,,야마모리 미카,학산문화사(만화),2022-10,5400,9.9,4823,869,2026-09-03T09:11:13+09:00,,,,,1,0
349387430,그 비스크 돌은 사랑을 한다 13,그 비스크 돌은 사랑을 한다,13,,- S코믹스,후쿠다 신이치,㈜소미미디어,2024-10,6300,10.0,4939,870,2026-09-03T09:11:13+09:00,,,,,1,0
390583412,비실비실 선생님 12,비실비실 선생님,12,,,후쿠치 카미오,대원씨아이(만화),2026-04,5850,10.0,4905,871,2026-09-03T09:11:13+09:00,,,,,1,0
384102110,완전 쓰레기인 와타라세인데 1,완전 쓰레기인 와타라세인데,1,,,나카가와 파리,대원씨아이(만화),2026-01,5400,9.6,4632,872,2026-09-03T09:11:13+09:00,824,-48,4703,-71,0,0
355156479,GACHIAKUTA 11,GACHIAKUTA,11,,,케이 우라나,학산문화사(만화),2025-01,5400,10.0,4703,873,2026-09-03T09:11:13+09:00,,,,,1,0
357286627,GACHIAKUTA 12,GACHIAKUTA,12,,,케이 우라나,학산문화사(만화),2025-02,5400,10.0,4686,874,2026-09-03T09:11:13+09:00,,,,,1,0
291942810,나루토 Naruto 1,나루토 Naruto,1,,,키시모토 마사시,대원씨아이(만화),2000-09,4950,,4617,875,2026-09-03T09:11:13+09:00,833,-42,4622,-5,0,0
352346084,힘내라! 나카무라 군!! 1,힘내라! 나카무라 군!!,1,,,슌데이,조은세상(북두),2024-12,5850,9.5,4758,876,2026-09-03T09:11:13+09:00,,,,,1,0
397904315,보석함에 사랑을 채우자 1 (한정판),보석함에 사랑을 채우자,1,한정판,"- 한정판 구성: 아웃박스, 단행본(일반판 부록 없이 도서만), 아크릴 키링, 캔배지 2종, 포토카드 1매",미키모토 린,학산문화사(만화),2026-07,22500,5.0,4650,877,2026-09-03T09:11:13+09:00,461,-416,4590,60,0,0
377704735,봇치·더·록! 8,봇치·더·록!,8,,,하마지 아키,대원씨아이(만화),2025-11,8100,10.0,4583,878,2026-09-03T09:11:13+09:00,660,-218,4583,0,0,0
355156419,아름다운 초저녁달 8,아름다운 초저녁달,8,,,야마모리 미카,학산문화사(만화),2025-01,5400,9.5,4452,879,2026-09-03T09:11:13+09:00,827,-52,4602,-150,0,0
318700246,괴수 8호 1,괴수 8호,1,,,마츠모토 나오야,서울미디어코믹스(서울문화사),2021-01,5400,8.0,4580,880,2026-09-03T09:11:13+09:00,,,,,1,0
367919526,마루는 강쥐 7,마루는 강쥐,7,,,모죠,문페이스,2025-07,14400,,4442,881,2026-09-03T09:11:13+09:00,830,-51,4442,0,0,0
364287371,단다단 17,단다단,17,,,타츠 유키노부,대원씨아이(만화),2025-05,5400,8.9,4594,882,2026-09-03T09:11:13+09:00,,,,,1,0
280599696,지박소년 하나코 군 2,지박소년 하나코 군,2,,,아이다이로,서울미디어코믹스(서울문화사),2021-10,5400,10.0,4488,883,2026-09-03T09:11:13+09:00,,,,,1,0
105525838,공각기동대 -MANMACHINE INTERFACE-,공각기동대 -MANMACHINE INTERFACE-,,,,시로 마사무네,대원씨아이(만화),2017-03,14400,7.7,4387,884,2026-09-03T09:11:13+09:00,834,-50,4387,0,0,0
301714398,주술회전 14,주술회전,14,,- 시부야 사변 -이비-,아쿠타미 게게,서울미디어코믹스(서울문화사),2021-04,5400,,4319,885,2026-09-03T09:11:13+09:00,661,-224,4319,0,0,0
282899555,지박소년 하나코 군 6,지박소년 하나코 군,6,,,아이다이로,서울미디어코믹스(서울문화사),2021-11,5400,10.0,4261,886,2026-09-03T09:11:13+09:00,,,,,1,0
257021910,기븐 6,기븐,6,,- 뉴 루비코믹스 2555,키즈 나츠키,현대지능개발사,2020-11,4950,9.6,4148,887,2026-09-03T09:11:13+09:00,466,-421,4293,-145,0,0
386059133,나 혼자만 레벨업 : 라그나로크 2,나 혼자만 레벨업 : 라그나로크,2,,- 만화,,디앤씨웹툰비즈,2026-02,14400,7.0,4126,888,2026-09-03T09:11:13+09:00,664,-224,4216,-90,0,0
387708220,블루 록 : Episode 나기 8,블루 록 : Episode 나기,8,,- 완결,산노미야 코타,학산문화사(만화),2026-03,5400,10.0,4158,889,2026-09-03T09:11:13+09:00,674,-215,4213,-55,0,0
342481006,GACHIAKUTA 5,GACHIAKUTA,5,,,케이 우라나,학산문화사(만화),2024-07,5400,10.0,4262,890,2026-09-03T09:11:13+09:00,,,,,1,0
322441091,꿈빛 파티시엘 신장판 1,꿈빛 파티시엘 신장판,1,,,마츠모토 나츠미,대원씨아이(만화),2023-08,5400,10.0,4184,891,2026-09-03T09:11:13+09:00,671,-220,4184,0,0,0
328754603,아름다운 초저녁달 6,아름다운 초저녁달,6,,,야마모리 미카,학산문화사(만화),2023-11,5400,9.9,4157,892,2026-09-03T09:11:13+09:00,670,-222,4157,0,0,0
337045326,괴수 8호 2,괴수 8호,2,,,마츠모토 나오야,서울미디어코믹스(서울문화사),2021-04,5400,8.0,4280,893,2026-09-03T09:11:13+09:00,,,,,1,0
334819572,긴채널! : 은혼 공식 캐릭터북,긴채널! : 은혼 공식 캐릭터북,,,,소라치 히데아키,학산문화사(만화),2010-10,9000,,4146,894,2026-09-03T09:11:13+09:00,677,-217,4146,0,0,0
325860971,괴수 8호 3,괴수 8호,3,,,마츠모토 나오야,서울미디어코믹스(서울문화사),2021-07,5400,,4261,895,2026-09-03T09:11:13+09:00,,,,,1,0
309125683,너에게 닿기를 번외편 ∼운명의 사람∼ 3 (일반판),너에게 닿기를 번외편 ∼운명의 사람∼,3,일반판,- 완결,시이나 카루호,대원씨아이(만화),2023-01,4500,9.6,4103,896,2026-09-03T09:11:13+09:00,,,,,1,0
81953629,용의 귀여운 일곱 아이 : 쿠이 료코 작품집,용의 귀여운 일곱 아이 : 쿠이 료코 작품집,,,- S코믹스,쿠이 료코,㈜소미미디어,2016-04,6300,8.7,3998,897,2026-09-03T09:11:13+09:00,672,-225,4092,-94,0,0
341802003,베르세르크 42,베르세르크,42,,,미우라 켄타로,대원씨아이(만화),2024-06,5400,9.7,4111,898,2026-09-03T09:11:13+09:00,,,,,1,0
389010799,오무라이스 잼잼 16 (스페셜 리커버 양장본),오무라이스 잼잼 16 (스페셜 리커버 양장본),,,,조경규,송송책방,2026-04,20700,10.0,4159,899,2026-09-03T09:11:13+09:00,,,,,1,0
294497749,오늘부터 신령님 1,오늘부터 신령님,1,,,스즈키 줄리에타,학산문화사(만화),2010-05,5400,10.0,3897,900,2026-09-03T09:11:13+09:00,682,-218,4009,-112,0,0
325301274,슈가슈가 룬 박스 세트 - 전8권,슈가슈가 룬 박스 세트 - 전8권,,,,모요코 안노,학산문화사(만화),2023-09,50400,10.0,3889,901,2026-09-03T09:11:13+09:00,844,-57,3869,20,0,0
327568377,그 비스크 돌은 사랑을 한다 11,그 비스크 돌은 사랑을 한다,11,,- S코믹스,후쿠다 신이치,㈜소미미디어,2023-11,6300,9.6,4122,902,2026-09-03T09:11:13+09:00,,,,,1,0
355295880,약사의 혼잣말 14,약사의 혼잣말,14,,,네코쿠라게,학산문화사(만화),2025-01,5400,9.6,3938,903,2026-09-03T09:11:13+09:00,,,,,1,0
353581542,GACHIAKUTA 10,GACHIAKUTA,10,,,케이 우라나,학산문화사(만화),2024-12,5400,10.0,3888,904,2026-09-03T09:11:13+09:00,,,,,1,0
294617796,귀멸의 칼날 1,귀멸의 칼날,1,,,고토게 코요하루,학산문화사(만화),2017-09,5400,8.0,3650,905,2026-09-03T09:11:13+09:00,849,-56,3747,-97,0,0
362015779,사카모토 데이즈 비기너즈 팩 Vol.2 : 4~6 합본 세트,사카모토 데이즈 비기너즈 팩 Vol.2 : 4~6 합본 세트,,,- 나구모 홀로그램 카드 1종 + 일러스트 포스트카드 3종,스즈키 유우토,대원씨아이(만화),2025-04,17550,10.0,3649,906,2026-09-03T09:11:13+09:00,685,-221,3719,-70,0,0
362628387,사카모토 데이즈 18,사카모토 데이즈,18,,,스즈키 유우토,대원씨아이(만화),2024-11,5850,,3748,907,2026-09-03T09:11:13+09:00,845,-62,3695,53,0,0
385976540,김전일 아빠의 사건부 2,김전일 아빠의 사건부,2,,,아마기 세이마루,서울미디어코믹스(서울문화사),2026-02,6300,8.7,3816,908,2026-09-03T09:11:13+09:00,,,,,1,0
385946274,비실비실 선생님 11,비실비실 선생님,11,,,후쿠치 카미오,대원씨아이(만화),2026-02,5400,,3666,909,2026-09-03T09:11:13+09:00,,,,,1,0
316124839,운명의 사람을 만나는 이야기 1,운명의 사람을 만나는 이야기,1,,,아나신,학산문화사(만화),2023-06,5400,9.3,3530,910,2026-09-03T09:11:13+09:00,686,-224,3576,-46,0,0
327273874,원룸 조교님 1,원룸 조교님,1,,,지붕,유어마나(거북이북스),2023-10,15300,9.0,3550,911,2026-09-03T09:11:13+09:00,852,-59,3563,-13,0,0
384035388,김전일 아빠의 사건부 1,김전일 아빠의 사건부,1,,,아마기 세이마루,서울미디어코믹스(서울문화사),2026-01,6300,8.8,3539,912,2026-09-03T09:11:13+09:00,,,,,1,0
395444518,러브 불릿 1,러브 불릿,1,,- 초판 한정 부록: SD 캐릭터 스티커 1매 + 저자 사인 메시지 (면지 인쇄),inee,빗금,2026-06,8100,10.0,3545,913,2026-09-03T09:11:13+09:00,687,-226,3530,15,0,0
394124156,캐릭캐릭 체인지! Jewel Joker 주얼 조커 3 (특장판),캐릭캐릭 체인지! Jewel Joker 주얼 조커,3,특장판,- 슬리브 케이스 + 일러스트 엽서 5종 + 이쿠토&타다세 아크릴 블록 세트(일반판 초판 특전 미포함),PEACH-PIT,서울미디어코믹스(서울문화사),2026-05,36000,,3475,914,2026-09-03T09:11:13+09:00,688,-226,3555,-80,0,0
295418499,지. : 지구의 운동에 대하여 2,지. : 지구의 운동에 대하여,2,,,우오토,문학동네,2022-05,7200,9.8,3458,915,2026-09-03T09:11:13+09:00,857,-58,3464,-6,0,0
372442252,천막의 자두가르 5,천막의 자두가르,5,,,토마토수프,서울미디어코믹스(서울문화사),2025-09,6750,9.4,3485,916,2026-09-03T09:11:13+09:00,,,,,1,0
394171104,이력서 2,이력서,2,,,유월,블루픽,2026-05,14220,10.0,3340,917,2026-09-03T09:11:13+09:00,870,-47,3370,-30,0,0
295225182,귀멸의 칼날 14,귀멸의 칼날,14,,,고토게 코요하루,학산문화사(만화),2020-01,5400,,3355,918,2026-09-03T09:11:13+09:00,861,-57,3355,0,0,0
327274039,원룸 조교님 2,원룸 조교님,2,,,지붕,유어마나(거북이북스),2023-10,15300,,3319,919,2026-09-03T09:11:13+09:00,864,-55,3322,-3,0,0
332864221,악역 영애 안의 사람 1,악역 영애 안의 사람,1,,,시라우메 나즈나,데이즈엔터(주),2024-01,5400,10.0,3293,920,2026-09-03T09:11:13+09:00,872,-48,3293,0,0,0
329600458,약사의 혼잣말 1,약사의 혼잣말,1,,,네코쿠라게,학산문화사(만화),2019-12,5400,8.0,3280,921,2026-09-03T09:11:13+09:00,,,,,1,0
398009982,한구석의 기억 1,한구석의 기억,1,,,키요나가 타마고,빗금,2026-07,6750,10.0,3170,922,2026-09-03T09:11:13+09:00,862,-60,3220,-50,0,0
295225057,귀멸의 칼날 11,귀멸의 칼날,11,,,고토게 코요하루,학산문화사(만화),2019-10,5400,,3079,923,2026-09-03T09:11:13+09:00,873,-50,3219,-140,0,0
307010996,지. : 지구의 운동에 대하여 4,지. : 지구의 운동에 대하여,4,,,우오토,문학동네,2022-12,7200,9.8,3234,924,2026-09-03T09:11:13+09:00,869,-55,3215,19,0,0
396565979,어떤 과학의 초전자포 20,어떤 과학의 초전자포,20,,- 어떤 마술의 금서목록 외전,,대원씨아이(만화),2026-06,5400,10.0,3140,925,2026-09-03T09:11:13+09:00,,,,,1,0
326990757,지. : 지구의 운동에 대하여 5,지. : 지구의 운동에 대하여,5,,,우오토,문학동네,2023-10,7200,9.6,3131,926,2026-09-03T09:11:13+09:00,875,-51,3095,36,0,0
387250318,Myther 1,Myther,1,,- S코믹스,야츠다 테키,㈜소미미디어,2026-03,6300,9.4,3093,927,2026-09-03T09:11:13+09:00,,,,,1,0
395477416,타로의 얼렁뚱땅 1,타로의 얼렁뚱땅,1,,,야츠미 츠무,서울미디어코믹스(서울문화사),2026-06,5850,10.0,2780,928,2026-09-03T09:11:13+09:00,713,-215,2950,-170,0,0
384444527,너와 장밋빛 매일 2,너와 장밋빛 매일,2,,,히로 치히로,서울미디어코믹스(서울문화사),2026-01,5400,9.7,3017,929,2026-09-03T09:11:13+09:00,,,,,1,0
390243150,장송의 프리렌 12,장송의 프리렌,12,,,야마다 카네히토,학산문화사(만화),2024-07,6300,,2930,930,2026-09-03T09:11:13+09:00,,,,,1,0
288831826,하이큐!! 1,하이큐!!,1,,,후루다테 하루이치,대원씨아이(만화),2013-05,4950,10.0,2907,931,2026-09-03T09:11:13+09:00,,,,,1,0
155396771,미스터 초밥왕 애장판 1~14 박스 세트 (완결),미스터 초밥왕 애장판 1~14 박스 세트 (완결),,,,다이스케 테라사와,학산문화사(만화),2010-01,88200,8.7,2986,932,2026-09-03T09:11:13+09:00,,,,,1,0
385950289,마도정병의 슬레이브 19,마도정병의 슬레이브,19,,,타케무라 요헤이,대원씨아이(만화),2026-02,5400,10.0,2870,933,2026-09-03T09:11:13+09:00,702,-231,2870,0,0,0
386058254,타몬 군 지금 어느 쪽?! 9,타몬 군 지금 어느 쪽?!,9,,,시와스 유키,학산문화사(만화),2025-04,5400,,3067,934,2026-09-03T09:11:13+09:00,,,,,1,0
322386168,운명의 사람을 만나는 이야기 2,운명의 사람을 만나는 이야기,2,,,아나신,학산문화사(만화),2023-08,5400,9.8,2849,935,2026-09-03T09:11:13+09:00,,,,,1,0
329600924,약사의 혼잣말 2,약사의 혼잣말,2,,,네코쿠라게,학산문화사(만화),2019-12,5400,,2955,936,2026-09-03T09:11:13+09:00,,,,,1,0
299392362,하이큐!! 38,하이큐!!,38,,- 태스크 포커스,후루다테 하루이치,대원씨아이(만화),2019-09,4950,,2951,937,2026-09-03T09:11:13+09:00,,,,,1,0
291943313,하이큐!! 40,하이큐!!,40,,- 긍정,후루다테 하루이치,대원씨아이(만화),2020-02,4950,,2795,938,2026-09-03T09:11:13+09:00,,,,,1,0
393313418,고블린 슬레이어 17,고블린 슬레이어,17,,- SL Comic,쿠로세 코스케,디앤씨미디어(주)(D&C미디어),2026-05,6300,10.0,2850,939,2026-09-03T09:11:13+09:00,,,,,1,0
23585900,애니메이터 서바이벌 키트,애니메이터 서바이벌 키트,,,- 증보판,리처드 윌리엄스,한울(한울아카데미),2020-11,52000,8.6,2773,940,2026-09-03T09:11:13+09:00,882,-58,2773,0,0,0
324950007,운명의 사람을 만나는 이야기 3,운명의 사람을 만나는 이야기,3,,,아나신,학산문화사(만화),2023-09,5400,9.5,2679,941,2026-09-03T09:11:13+09:00,889,-52,2753,-74,0,0
399523141,정령환상기 28,정령환상기,28,,"- S Novel / 초판 한정 책갈피, 양면커버, 쇼트스토리 리플릿",키타야마 유리,㈜소미미디어,2026-08,8100,,2630,942,2026-09-03T09:11:13+09:00,703,-239,2745,-115,0,0
319093776,100미터 1,100미터,1,,,우오토,학산문화사(만화),2023-06,8100,10.0,2618,943,2026-09-03T09:11:13+09:00,890,-53,2738,-120,0,0
304629310,블루 록 3,블루 록,3,,,노무라 유스케,학산문화사(만화),2021-02,5400,10.0,2649,944,2026-09-03T09:11:13+09:00,884,-60,2710,-61,0,0
372904289,슬램덩크 오리지널 1~31 세트 - 전31권,슬램덩크 오리지널 1~31 세트 - 전31권,,,- 완결,이노우에 타케히코,대원씨아이(만화),2025-09,111600,,2735,945,2026-09-03T09:11:13+09:00,707,-238,2707,28,0,0
396168079,젖짜기 헌터의 이세계 착유기 1,젖짜기 헌터의 이세계 착유기,1,,,소라요미 다이치,길찾기,2026-05,7200,8.0,2565,946,2026-09-03T09:11:13+09:00,,,,,1,0
389928631,얼음 성벽 14,얼음 성벽,14,,- 완결,아가사와 코챠,학산문화사(만화),2026-04,9000,10.0,2667,947,2026-09-03T09:11:13+09:00,,,,,1,0
333640950,먼작귀 5,먼작귀,5,,- 먼가 작고 귀여운 녀석,나가노,미우(대원씨아이),2024-02,10800,10.0,2574,948,2026-09-03T09:11:13+09:00,704,-244,2616,-42,0,0
370798859,할렐루야 베이비 1,할렐루야 베이비,1,,,코지마 라라,AK(에이케이)커뮤니케이션즈,2025-08,5850,10.0,2533,949,2026-09-03T09:11:13+09:00,714,-235,2615,-82,0,0
337103761,나 혼자만 레벨업 5,나 혼자만 레벨업,5,,- 만화,장성락(REDICE STUDIO),디앤씨웹툰비즈,2021-10,14400,9.3,2611,950,2026-09-03T09:11:13+09:00,886,-64,2611,0,0,0
389481532,묘쌤은 이렇게 말했다 10,묘쌤은 이렇게 말했다,10,,- S코믹스,무테키 소다,㈜소미미디어,2026-04,6300,9.5,2595,951,2026-09-03T09:11:13+09:00,885,-66,2595,0,0,0
391304403,앨리스와 셰에라자드 : 트릭아트 저택,앨리스와 셰에라자드 : 트릭아트 저택,,,,모로호시 다이지로,문학동네,2026-04,9900,10.0,2651,952,2026-09-03T09:11:13+09:00,,,,,1,0
369056766,사카모토 데이즈 21,사카모토 데이즈,21,,- 오늘의 운세,스즈키 유우토,대원씨아이(만화),2025-07,5850,,2655,953,2026-09-03T09:11:13+09:00,718,-235,2547,108,0,0
384956302,꿈인지 생시인지 3,꿈인지 생시인지,3,,,사키사카 이오,대원씨아이(만화),2026-01,5850,9.7,2540,954,2026-09-03T09:11:13+09:00,,,,,1,0
396091726,나의 행복한 결혼 6,나의 행복한 결혼,6,,,코사카 리토,서울미디어코믹스(서울문화사),2026-06,4950,9.7,2465,955,2026-09-03T09:11:13+09:00,490,-465,2530,-65,0,0
332456996,천막의 자두가르 3,천막의 자두가르,3,,,토마토수프,서울미디어코믹스(서울문화사),2024-01,6750,9.7,2659,956,2026-09-03T09:11:13+09:00,,,,,1,0
398903961,보이시한 여자친구가 너무 귀여워 5,보이시한 여자친구가 너무 귀여워,5,,- 초판 한정 : 폴라로이드 사진 + 네컷 사진,규뉴무기고항,서울미디어코믹스(서울문화사),2026-07,6300,,2500,957,2026-09-03T09:11:13+09:00,,,,,1,0
101106033,스파이더맨 / 데드풀 VOL. 1 : 브로맨틱하지 않나요?,스파이더맨 / 데드풀 VOL. 1 : 브로맨틱하지 않나요?,,,,조 켈리,시공사(만화),2017-01,10800,6.0,2490,958,2026-09-03T09:11:13+09:00,721,-237,2490,0,0,0
388561978,블루 자이언트 모멘텀 4,블루 자이언트 모멘텀,4,,,이시즈카 신이치,대원씨아이(만화),2026-03,5850,,2480,959,2026-09-03T09:11:13+09:00,,,,,1,0
302941691,블루 록 5,블루 록,5,,,노무라 유스케,학산문화사(만화),2021-04,5400,10.0,2496,960,2026-09-03T09:11:13+09:00,,,,,1,0
383277748,장르를 바꿔보도록 하겠습니다 9 (특별판),장르를 바꿔보도록 하겠습니다,9,특별판,- 라스트 레터 1종 + 인생 필름 3종 + 렌티큘러 카드 3종,가린,연담,2026-03,21150,,2402,961,2026-09-03T09:11:13+09:00,719,-242,2422,-20,0,0
319094091,100미터 5,100미터,5,,,우오토,학산문화사(만화),2023-06,8100,10.0,2297,962,2026-09-03T09:11:13+09:00,910,-52,2417,-120,0,0
338119636,운명의 사람을 만나는 이야기 4,운명의 사람을 만나는 이야기,4,,,아나신,학산문화사(만화),2024-04,5400,9.9,2342,963,2026-09-03T09:11:13+09:00,898,-65,2388,-46,0,0
86893672,이토준지 자선 걸작집,이토준지 자선 걸작집,,,,이토 준지,미우(대원씨아이),2016-07,12600,8.6,2379,964,2026-09-03T09:11:13+09:00,720,-244,2379,0,0,0
298972634,나루토 Naruto 8,나루토 Naruto,8,,,키시모토 마사시,대원씨아이(만화),2001-10,4950,,2296,965,2026-09-03T09:11:13+09:00,903,-62,2376,-80,0,0
319093999,100미터 3,100미터,3,,,우오토,학산문화사(만화),2023-06,8100,10.0,2371,966,2026-09-03T09:11:13+09:00,914,-52,2371,0,0,0
319094052,100미터 4,100미터,4,,,우오토,학산문화사(만화),2023-06,8100,10.0,2246,967,2026-09-03T09:11:13+09:00,915,-52,2366,-120,0,0
393626220,구룡 제네릭 로맨스 11,구룡 제네릭 로맨스,11,,"- S코믹스/ 초판 한정 렌티큘러 카드, 일러스트 카드",마유즈키 준,㈜소미미디어,2026-05,6300,9.8,2360,968,2026-09-03T09:11:13+09:00,892,-76,2440,-80,0,0
396137173,세레나 10,세레나,10,,"- 초판 한정 부록 : 일러스트 엽서 1종, 면지에 작가님 친필 사인(인쇄본)",정이나,네이버웹툰,2026-07,16020,,2425,969,2026-09-03T09:11:13+09:00,893,-76,2385,40,0,0
295242876,베르세르크 1,베르세르크,1,,,미우라 켄타로,대원씨아이(만화),1999-08,4950,10.0,2374,970,2026-09-03T09:11:13+09:00,,,,,1,0
386060545,에미야 가의 오늘의 밥상 11,에미야 가의 오늘의 밥상,11,,- 노엔 코믹스,,데이즈엔터(주),2026-03,7200,10.0,2465,971,2026-09-03T09:11:13+09:00,,,,,1,0
304629473,블루 록 6,블루 록,6,,,노무라 유스케,학산문화사(만화),2021-06,5400,,2266,972,2026-09-03T09:11:13+09:00,894,-78,2301,-35,0,0
349368452,악마에 입문했습니다! 이루마 군 : if Episode of 마피아 2,악마에 입문했습니다! 이루마 군 : if Episode of 마피아,2,,,니시 오사무,서울미디어코믹스(서울문화사),2024-10,5850,9.6,2169,973,2026-09-03T09:11:13+09:00,726,-247,2256,-87,0,0
397021977,리:블루 6,리:블루,6,,,카세 마츠리,대원씨아이(만화),2026-06,5850,9.9,2175,974,2026-09-03T09:11:13+09:00,727,-247,2195,-20,0,0
374878126,사카모토 데이즈 23,사카모토 데이즈,23,,- 신생살연,스즈키 유우토,대원씨아이(만화),2025-10,5850,,2229,975,2026-09-03T09:11:13+09:00,724,-251,2172,57,0,0
321812915,오란고교 호스트부 3,오란고교 호스트부,3,,,하토리 비스코,학산문화사(만화),2004-05,5400,,2138,976,2026-09-03T09:11:13+09:00,902,-74,2149,-11,0,0
386478518,이 땅에 ADHD로 태어나,이 땅에 ADHD로 태어나,,,,비스카차,유유히,2026-03,17100,10.0,2044,977,2026-09-03T09:11:13+09:00,899,-78,2109,-65,0,0
397222848,반장으로서의 책임과 의무 7,반장으로서의 책임과 의무,7,,- 그래도 우리는,수신지,귤프레스,2026-06,13500,10.0,1915,978,2026-09-03T09:11:13+09:00,728,-250,2030,-115,0,0
389001364,디그 잇 1,디그 잇,1,,,Yoshidamaru,학산문화사(만화),2026-04,6300,8.0,1940,979,2026-09-03T09:11:13+09:00,730,-249,2000,-60,0,0
322947641,오란고교 호스트부 17,오란고교 호스트부,17,,,하토리 비스코,학산문화사(만화),2011-02,5400,,1914,980,2026-09-03T09:11:13+09:00,922,-58,1954,-40,0,0
298203661,나루토 Naruto 13,나루토 Naruto,13,,,키시모토 마사시,대원씨아이(만화),2002-10,4950,,2009,981,2026-09-03T09:11:13+09:00,,,,,1,0
352662803,소라닌 신장판,소라닌 신장판,,,,아사노 이니오,서울미디어코믹스(서울문화사),2024-11,18000,8.0,1934,982,2026-09-03T09:11:13+09:00,917,-65,1934,0,0,0
395513879,시노와 렌 4,시노와 렌,4,,- SL Comic,치구사 미노리,디앤씨미디어(주)(D&C미디어),2026-06,10800,10.0,1900,983,2026-09-03T09:11:13+09:00,908,-75,1930,-30,0,0
374951156,얼음 성벽 11,얼음 성벽,11,,,아가사와 코챠,학산문화사(만화),2025-10,9000,10.0,1800,984,2026-09-03T09:11:13+09:00,926,-58,1894,-94,0,0
399050537,리코리스 리코일 4 (더블 특전판),리코리스 리코일,4,더블 특전판,- 초판 특전 : 포토카드 2종,비젠 야스노리,YNK MEDIA(만화),2026-07,5400,10.0,1890,985,2026-09-03T09:11:13+09:00,,,,,1,0
394841350,장송의 프리렌 6,장송의 프리렌,6,,,야마다 카네히토,학산문화사(만화),2022-03,6300,,1815,986,2026-09-03T09:11:13+09:00,919,-67,1890,-75,0,0
310530480,만화로 보는 일리아스,만화로 보는 일리아스,,,- 트로이의 노래,동사원형,한빛비즈,2023-02,17550,9.9,1830,987,2026-09-03T09:11:13+09:00,911,-76,1890,-60,0,0
394695697,마법기사 레이어스 원화집,마법기사 레이어스 원화집,,,,CLAMP,학산문화사(만화),2026-06,34200,,1815,988,2026-09-03T09:11:13+09:00,930,-58,1885,-70,0,0
302325654,건방진 그 녀석 3,건방진 그 녀석,3,,,미츠바치 미유키,학산문화사(만화),2016-08,5400,,1884,989,2026-09-03T09:11:13+09:00,,,,,1,0
293448930,포켓몬스터 스페셜 2,포켓몬스터 스페셜,2,,,쿠사카 히데노리,대원씨아이(만화),1999-08,4950,10.0,2007,990,2026-09-03T09:11:13+09:00,,,,,1,0
378826604,얼굴만으론 좋아할 수 없어요 15,얼굴만으론 좋아할 수 없어요,15,,,안자이 카린,서울미디어코믹스(서울문화사),2025-11,5400,10.0,1823,991,2026-09-03T09:11:13+09:00,738,-253,1931,-108,0,0
334207343,얼굴만으론 좋아할 수 없어요 5,얼굴만으론 좋아할 수 없어요,5,,,안자이 카린,서울미디어코믹스(서울문화사),2022-09,5400,,1836,992,2026-09-03T09:11:13+09:00,920,-72,1868,-32,0,0
396782109,"생각을 길러요, 공룡 박사님의 왜왜왜 상담소","생각을 길러요, 공룡 박사님의 왜왜왜 상담소",,,,스와프나 해도우,FIKAJUNIOR(피카주니어),2026-07,15300,10.0,1955,993,2026-09-03T09:11:13+09:00,,,,,1,0
400001034,피토스포룸 첫 번째 잎,피토스포룸 첫 번째 잎,,,,미카미 시노,인디고,2026-08,6300,10.0,1750,994,2026-09-03T09:11:13+09:00,740,-254,1790,-40,0,0
355888808,팔견전 20,팔견전,20,,"- 동방팔견이문, S코믹스",아베 미유키,㈜소미미디어,2025-01,6300,10.0,1836,995,2026-09-03T09:11:13+09:00,921,-74,1784,52,0,0
390658499,외톨이에는 익숙하니까요. 약혼자 방치 중! 3,외톨이에는 익숙하니까요. 약혼자 방치 중!,3,,,하레타 준,대원씨아이(만화),2026-04,6750,9.9,1775,996,2026-09-03T09:11:13+09:00,747,-249,1775,0,0,0
328061218,팔견전 17,팔견전,17,,"- 동방팔견이문, S코믹스",아베 미유키,㈜소미미디어,2023-11,6300,,1829,997,2026-09-03T09:11:13+09:00,923,-74,1858,-29,0,0
342916553,얼굴만으론 좋아할 수 없어요 10,얼굴만으론 좋아할 수 없어요,10,,,안자이 카린,서울미디어코믹스(서울문화사),2024-07,5400,,1709,998,2026-09-03T09:11:13+09:00,742,-256,1771,-62,0,0
372547860,카구라바치 7,카구라바치,7,,,호카조노 타케루,대원씨아이(만화),2025-09,5850,,1870,999,2026-09-03T09:11:13+09:00,,,,,1,0
300851320,몬스터 완전판 7,몬스터 완전판,7,,,우라사와 나오키,서울미디어코믹스(서울문화사),2022-09,14400,,1677,1000,2026-09-03T09:11:13+09:00,933,-67,1737,-60,0,0
394214000,11번째 고양이는 네네 1,11번째 고양이는 네네,1,,"- 초판 한정 PET 스탠드, 판 스티커 2종, 일러스트 카드",하리카모,오팬스코믹,2026-05,6300,9.9,,,2026-09-03T09:11:13+09:00,500,,1540,,0,1
395170494,133cm의 풍경 4,133cm의 풍경,4,,,히루노 츠키코,학산문화사(만화),2026-06,5400,9.8,,,2026-09-03T09:11:13+09:00,985,,495,,0,1
400876143,1to10 2,1to10,2,,"- 초판 1쇄 한정 부록: 띠지, 포토카드 1매. 판스티커 1매",NOD,레진코믹스(레진엔터테인먼트),2026-08,14400,,,,2026-09-03T09:11:13+09:00,989,,370,,0,1
400730154,1초 24,1초,24,,,시니,영컴(YOUNG COM),2026-08,15120,,,,2026-09-03T09:11:13+09:00,767,,840,,0,1
393717139,86 에이티식스 14,86 에이티식스,14,,"- Paint it Black, Novel Engine",아사토 아사토,데이즈엔터(주),2026-06,7200,10.0,,,2026-09-03T09:11:13+09:00,673,,4080,,0,1
381584698,Re : 제로부터 시작하는 이세계 생활 28,Re : 제로부터 시작하는 이세계 생활,28,,- Novel Engine,나가츠키 탓페이,데이즈엔터(주),2025-12,7200,10.0,,,2026-09-03T09:11:13+09:00,948,,1285,,0,1
396048990,SCP가 뭔가요? 1,SCP가 뭔가요?,1,,,하치훈,대원씨아이(만화),2026-06,5850,10.0,,,2026-09-03T09:11:13+09:00,745,,1730,,0,1
383428976,Veil 6,Veil,6,,"- S코믹스, JAPAN EXPO 최우수작화상, 최우수장정상 수상",코테리,㈜소미미디어,2026-01,11520,9.7,,,2026-09-03T09:11:13+09:00,877,,2892,,0,1
401045748,거짓 사랑을 꿰뚫다,거짓 사랑을 꿰뚫다,,,,닛코로,레어블(Rareble),2026-08,5400,,,,2026-09-03T09:11:13+09:00,991,,330,,0,1
306782224,고수 7,고수,7,,,류기운,학산문화사(만화),2022-12,13500,6.0,,,2026-09-03T09:11:13+09:00,973,,882,,0,1
338987904,귀멸 학원! 5,귀멸 학원!,5,,,호카미 나츠키,학산문화사(만화),2024-05,5400,10.0,,,2026-09-03T09:11:13+09:00,808,,5506,,0,1
352893694,귀멸 학원! 6,귀멸 학원!,6,,- 완결,호카미 나츠키,학산문화사(만화),2024-11,5400,10.0,,,2026-09-03T09:11:13+09:00,809,,5416,,0,1
295224714,귀멸의 칼날 6,귀멸의 칼날,6,,,고토게 코요하루,학산문화사(만화),2018-10,5400,,,,2026-09-03T09:11:13+09:00,853,,3533,,0,1
368681375,귀엽다는 말 들은 적 없어!! 10,귀엽다는 말 들은 적 없어!!,10,,,하루후지 나카바,대원씨아이(만화),2025-07,4500,9.8,,,2026-09-03T09:11:13+09:00,905,,2238,,0,1
135438370,기븐 4,기븐,4,,- 뉴 루비코믹스 2133,키즈 나츠키,현대지능개발사,2018-02,4950,8.7,,,2026-09-03T09:11:13+09:00,663,,4402,,0,1
199996910,기븐 5,기븐,5,,- 뉴 루비코믹스 2350,키즈 나츠키,현대지능개발사,2019-07,5400,9.6,,,2026-09-03T09:11:13+09:00,669,,4244,,0,1
293068139,기븐 7,기븐,7,,- 뉴 루비코믹스 2755,키즈 나츠키,현대지능개발사,2022-04,5400,9.8,,,2026-09-03T09:11:13+09:00,545,,3947,,0,1
320877802,꿈빛 파티시엘 신장판 11,꿈빛 파티시엘 신장판,11,,,마츠모토 나츠미,대원씨아이(만화),2023-07,5400,10.0,,,2026-09-03T09:11:13+09:00,846,,3804,,0,1
320877909,꿈빛 파티시엘 신장판 12,꿈빛 파티시엘 신장판,12,,- 완결,마츠모토 나츠미,대원씨아이(만화),2023-07,5400,,,,2026-09-03T09:11:13+09:00,843,,3935,,0,1
322441168,꿈빛 파티시엘 신장판 4,꿈빛 파티시엘 신장판,4,,,마츠모토 나츠미,대원씨아이(만화),2023-08,5400,,,,2026-09-03T09:11:13+09:00,863,,3361,,0,1
322441190,꿈빛 파티시엘 신장판 5,꿈빛 파티시엘 신장판,5,,,마츠모토 나츠미,대원씨아이(만화),2023-08,5400,,,,2026-09-03T09:11:13+09:00,866,,3310,,0,1
336005906,나 혼자만 레벨업 1,나 혼자만 레벨업,1,,- 만화,장성락(REDICE STUDIO),디앤씨웹툰비즈,2019-09,14400,9.3,,,2026-09-03T09:11:13+09:00,891,,2436,,0,1
391350801,나나 NANA 완전판 8,나나 NANA 완전판,8,,"- 초판 한정: PP엽서 1종, 포토카드 1종",야자와 아이,학산문화사(만화),2026-04,10800,,,,2026-09-03T09:11:13+09:00,865,,3292,,0,1
301570726,나루토 Naruto 43,나루토 Naruto,43,,,키시모토 마사시,대원씨아이(만화),2008-12,5400,10.0,,,2026-09-03T09:11:13+09:00,904,,2344,,0,1
301188387,나루토 Naruto 44,나루토 Naruto,44,,,키시모토 마사시,대원씨아이(만화),2009-03,4950,,,,2026-09-03T09:11:13+09:00,937,,1714,,0,1
300076543,나루토 Naruto 50,나루토 Naruto,50,,,키시모토 마사시,대원씨아이(만화),2010-06,4950,6.0,,,2026-09-03T09:11:13+09:00,941,,1619,,0,1
353581099,내 마음의 위험한 녀석 10,내 마음의 위험한 녀석,10,,- S코믹스,사쿠라이 노리오,㈜소미미디어,2024-12,6300,9.2,,,2026-09-03T09:11:13+09:00,871,,3173,,0,1
323288688,내 마음의 위험한 녀석 8,내 마음의 위험한 녀석,8,,- S코믹스,사쿠라이 노리오,㈜소미미디어,2023-09,6300,9.7,,,2026-09-03T09:11:13+09:00,888,,2530,,0,1
337393287,내 마음의 위험한 녀석 9,내 마음의 위험한 녀석,9,,- S코믹스,사쿠라이 노리오,㈜소미미디어,2024-04,6300,9.8,,,2026-09-03T09:11:13+09:00,851,,3515,,0,1
387232919,노아 선배는 친구 8,노아 선배는 친구,8,,,아키야마 엔마,서울미디어코믹스(서울문화사),2026-02,5850,9.7,,,2026-09-03T09:11:13+09:00,689,,3376,,0,1
400006756,녹는 눈과 아가판서스 1,녹는 눈과 아가판서스,1,,- 코믹 레인 / 초판한정 특별부록 : 띠지+일러스트 카드,나우치,미스터블루,2026-08,7200,,,,2026-09-03T09:11:13+09:00,601,,1150,,0,1
399872215,니시코 군과 히가시가와 군 1,니시코 군과 히가시가와 군,1,,- 라르고 맥스 Largo Max,사토 슈가,조은세상(북두),2026-08,5400,,,,2026-09-03T09:11:13+09:00,950,,1240,,0,1
351722750,단둘만의 로맨틱 2,단둘만의 로맨틱,2,,,카니사와 치히로,학산문화사(만화),2024-11,5400,10.0,,,2026-09-03T09:11:13+09:00,943,,1243,,0,1
391206653,데스 노트 Death Note 10,데스 노트 Death Note,10,,,오바 츠구미,대원씨아이(만화),2026-04,6300,,,,2026-09-03T09:11:13+09:00,960,,1040,,0,1
391206780,데스 노트 Death Note 11,데스 노트 Death Note,11,,,오바 츠구미,대원씨아이(만화),2006-10,6300,,,,2026-09-03T09:11:13+09:00,963,,985,,0,1
388015005,도나츠와 서커스 1~2 완결 스페셜 세트 - 전2권,도나츠와 서커스 1~2 완결 스페셜 세트 - 전2권,,,,오븐,네이버웹툰,2026-05,32400,,,,2026-09-03T09:11:13+09:00,819,,4882,,0,1
399046795,도쿄대 세 자매 1,도쿄대 세 자매,1,,,이소야 유키,대원씨아이(만화),2026-07,5850,10.0,,,2026-09-03T09:11:13+09:00,958,,1025,,0,1
370934076,동인녀의 감정 1 : 동인판,동인녀의 감정 1 : 동인판,,,,사나다 츠즈루,길찾기,2025-09,7200,9.8,,,2026-09-03T09:11:13+09:00,949,,1222,,0,1
382418825,드래곤볼 완전판 가이드북 FOREVER,드래곤볼 완전판 가이드북 FOREVER,,,,토리야마 아키라,서울미디어코믹스(서울문화사),2025-12,12600,,,,2026-09-03T09:11:13+09:00,895,,2429,,0,1
392519845,디그 잇 2,디그 잇,2,,,Yoshidamaru,학산문화사(만화),2026-05,6300,6.0,,,2026-09-03T09:11:13+09:00,777,,380,,0,1
400662468,룸 투어즈 2,룸 투어즈,2,,,마츠모토 토모,서울미디어코믹스(서울문화사),2026-08,5400,10.0,,,2026-09-03T09:11:13+09:00,771,,690,,0,1
398728056,마법소녀를 동경해서 4 (더블특전판),마법소녀를 동경해서,4,더블특전판,- 초판한정 : 일러스트 카드 1종 + SD 스티커 1종,오노나카 아키히로,대원씨아이(만화),2026-07,6750,,,,2026-09-03T09:11:13+09:00,961,,1325,,0,1
391001172,매니저의 나날 2,매니저의 나날,2,,,야마모토 소이치로,대원씨아이(만화),2026-04,6750,,,,2026-09-03T09:11:13+09:00,855,,3482,,0,1
400653356,"매지컬★익스플로러 : 에로게임의 친구 캐릭터로 전생했지만, 게임 지식을 써서 자유롭게 살아간다 12","매지컬★익스플로러 : 에로게임의 친구 캐릭터로 전생했지만, 게임 지식을 써서 자유롭게 살아간다",12,,- 시프트코믹스,이리스,YNK MEDIA(만화),2026-08,6300,,,,2026-09-03T09:11:13+09:00,766,,910,,0,1
383611991,메달리스트 13,메달리스트,13,,,츠루마이카다,학산문화사(만화),2026-01,5400,9.6,,,2026-09-03T09:11:13+09:00,814,,5144,,0,1
322283203,명탐정 코난 20,명탐정 코난,20,,,아오야마 고쇼,서울미디어코믹스(서울문화사),2020-08,5400,,,,2026-09-03T09:11:13+09:00,972,,1109,,0,1
311057046,명탐정 코난 : 경찰학교 셀렉션,명탐정 코난 : 경찰학교 셀렉션,,,- 특별 편집 코믹스,아오야마 고쇼,서울미디어코믹스(서울문화사),2023-02,10800,,,,2026-09-03T09:11:13+09:00,907,,2307,,0,1
399953613,모스크바 2160 4,모스크바 2160,4,,- SL Comic,세키네 코타로,디앤씨미디어(주)(D&C미디어),2026-08,6300,,,,2026-09-03T09:11:13+09:00,758,,1430,,0,1
305104777,못 미더운 악녀입니다만 : ~추궁접서 교체전~ 1,못 미더운 악녀입니다만 : ~추궁접서 교체전~,1,,,EI Ohitsuji,서울미디어코믹스(서울문화사),2022-11,6300,10.0,,,2026-09-03T09:11:13+09:00,979,,725,,0,1
314179780,못 미더운 악녀입니다만 : ~추궁접서 교체전~ 2,못 미더운 악녀입니다만 : ~추궁접서 교체전~,2,,,EI Ohitsuji,서울미디어코믹스(서울문화사),2023-03,6300,10.0,,,2026-09-03T09:11:13+09:00,772,,735,,0,1
317300306,못 미더운 악녀입니다만 : ~추궁접서 교체전~ 3,못 미더운 악녀입니다만 : ~추궁접서 교체전~,3,,,EI Ohitsuji,서울미디어코믹스(서울문화사),2023-05,6300,10.0,,,2026-09-03T09:11:13+09:00,611,,790,,0,1
319312677,못 미더운 악녀입니다만 : ~추궁접서 교체전~ 4,못 미더운 악녀입니다만 : ~추궁접서 교체전~,4,,,EI Ohitsuji,서울미디어코믹스(서울문화사),2023-06,6300,10.0,,,2026-09-03T09:11:13+09:00,430,,820,,0,1
329581311,못 미더운 악녀입니다만 : ~추궁접서 교체전~ 5,못 미더운 악녀입니다만 : ~추궁접서 교체전~,5,,,EI Ohitsuji,서울미디어코믹스(서울문화사),2023-11,6300,10.0,,,2026-09-03T09:11:13+09:00,431,,779,,0,1
339953785,못 미더운 악녀입니다만 : ~추궁접서 교체전~ 6,못 미더운 악녀입니다만 : ~추궁접서 교체전~,6,,,EI Ohitsuji,서울미디어코믹스(서울문화사),2024-05,6300,9.3,,,2026-09-03T09:11:13+09:00,368,,860,,0,1
379189364,발화 1,발화,1,,,영재영,레진코믹스(레진엔터테인먼트),2025-12,14400,10.0,,,2026-09-03T09:11:13+09:00,705,,2630,,0,1
371390937,배가본드 2,배가본드,2,,,이노우에 타케히코,학산문화사(만화),1999-03,6300,,,,2026-09-03T09:11:13+09:00,945,,1527,,0,1
383643805,배가본드 31,배가본드,31,,,이노우에 타케히코,학산문화사(만화),2010-06,6300,,,,2026-09-03T09:11:13+09:00,982,,580,,0,1
383616336,배가본드 32,배가본드,32,,,이노우에 타케히코,학산문화사(만화),2011-02,6300,,,,2026-09-03T09:11:13+09:00,983,,556,,0,1
388462249,배가본드 33,배가본드,33,,,이노우에 타케히코,학산문화사(만화),2011-04,6300,,,,2026-09-03T09:11:13+09:00,987,,483,,0,1
379966455,배가본드 34,배가본드,34,,,이노우에 타케히코,학산문화사(만화),2013-01,6300,,,,2026-09-03T09:11:13+09:00,980,,620,,0,1
397363079,백조 무덤 1,백조 무덤,1,,- 만화,앤트스튜디오,디앤씨미디어(주)(D&C미디어),2026-08,14400,,,,2026-09-03T09:11:13+09:00,751,,1485,,0,1
391834809,버그 에고 1,버그 에고,1,,"- S코믹스 /초판 한정 일러스트 카드 2종, 렌티큘러 카드",시타라 키요토,㈜소미미디어,2026-05,6300,10.0,,,2026-09-03T09:11:13+09:00,935,,1641,,0,1
385521705,벡 Beck 신장판 1,벡 Beck 신장판,1,,,해롤드 사쿠이시,학산문화사(만화),2026-02,10800,6.8,,,2026-09-03T09:11:13+09:00,916,,1983,,0,1
399784385,별정직 공무원 5 (특별판),별정직 공무원,5,특별판,- 아크릴 누들 스토퍼 + 미니 포스터 5종 + 마우스패드 + 일러스트 포토 4종 + 특별판 박스 (상시 부록 '포토카드' 포함),서재원,학산문화사(만화),2026-08,38700,10.0,,,2026-09-03T09:11:13+09:00,794,,7520,,0,1
324949099,봄의 폭풍과 몬스터 1,봄의 폭풍과 몬스터,1,,,미츠바치 미유키,학산문화사(만화),2023-10,5400,9.7,,,2026-09-03T09:11:13+09:00,795,,7110,,0,1
333717879,봄의 폭풍과 몬스터 3,봄의 폭풍과 몬스터,3,,,미츠바치 미유키,학산문화사(만화),2024-02,5400,9.9,,,2026-09-03T09:11:13+09:00,806,,5798,,0,1
364586421,봄의 폭풍과 몬스터 6,봄의 폭풍과 몬스터,6,,,미츠바치 미유키,학산문화사(만화),2025-05,5400,9.7,,,2026-09-03T09:11:13+09:00,800,,6571,,0,1
353713801,봇치·더·록! 외전 히로이 키쿠리의 과음일기 1,봇치·더·록! 외전 히로이 키쿠리의 과음일기,1,,,쿠미쵸,대원씨아이(만화),2024-12,8100,9.8,,,2026-09-03T09:11:13+09:00,860,,3420,,0,1
374593353,블루 록 33,블루 록,33,,,노무라 유스케,학산문화사(만화),2025-10,5400,9.3,,,2026-09-03T09:11:13+09:00,823,,4752,,0,1
383612053,블루 록 34,블루 록,34,,,노무라 유스케,학산문화사(만화),2026-01,5400,9.5,,,2026-09-03T09:11:13+09:00,825,,4769,,0,1
378808440,블루 피리어드 1,블루 피리어드,1,,- 시프트코믹스,야마구치 츠바사,YNK MEDIA(만화),2025-11,5400,9.0,,,2026-09-03T09:11:13+09:00,691,,3363,,0,1
378808731,블루 피리어드 2,블루 피리어드,2,,- 시프트코믹스,야마구치 츠바사,YNK MEDIA(만화),2025-12,5400,,,,2026-09-03T09:11:13+09:00,879,,2810,,0,1
388510775,블루 피리어드 3,블루 피리어드,3,,- 시프트코믹스,야마구치 츠바사,YNK MEDIA(만화),2026-03,5400,10.0,,,2026-09-03T09:11:13+09:00,881,,2783,,0,1
391284987,블루 피리어드 4,블루 피리어드,4,,- 시프트코믹스,야마구치 츠바사,YNK MEDIA(만화),2026-04,5400,,,,2026-09-03T09:11:13+09:00,883,,2829,,0,1
396377705,블루 피리어드 5,블루 피리어드,5,,- 시프트코믹스,야마구치 츠바사,YNK MEDIA(만화),2026-06,5400,,,,2026-09-03T09:11:13+09:00,565,,3110,,0,1
375650121,블리치 리믹스 13,블리치 리믹스,13,,,쿠보 타이토,서울미디어코믹스(서울문화사),2025-10,10800,10.0,,,2026-09-03T09:11:13+09:00,756,,1273,,0,1
341991722,블리치 리믹스 4,블리치 리믹스,4,,,쿠보 타이토,서울미디어코믹스(서울문화사),2024-06,10800,10.0,,,2026-09-03T09:11:13+09:00,956,,1315,,0,1
400707974,사랑할 자격 3,사랑할 자격,3,,,난바 아츠코,대원씨아이(만화),2026-08,5400,,,,2026-09-03T09:11:13+09:00,429,,690,,0,1
324002854,사랑해 게임을 끝내고 싶어 2,사랑해 게임을 끝내고 싶어,2,,,도모토 유키,학산문화사(만화),2023-09,5400,10.0,,,2026-09-03T09:11:13+09:00,968,,949,,0,1
344690001,사랑해 게임을 끝내고 싶어 5,사랑해 게임을 끝내고 싶어,5,,,도모토 유키,학산문화사(만화),2024-08,5400,10.0,,,2026-09-03T09:11:13+09:00,967,,945,,0,1
369851616,사랑해 게임을 끝내고 싶어 6,사랑해 게임을 끝내고 싶어,6,,,도모토 유키,학산문화사(만화),2025-08,5400,10.0,,,2026-09-03T09:11:13+09:00,964,,1050,,0,1
398811124,사장과 술과 별 3,사장과 술과 별,3,,,즈리 키시,대원씨아이(만화),2026-07,5850,,,,2026-09-03T09:11:13+09:00,932,,1680,,0,1
369055987,사카모토 데이즈 21 : NAGUMO DIYS 특별판,사카모토 데이즈 21 : NAGUMO DIYS 특별판,,,- DIY 아크릴 디오라마 스탠드 1세트 + DIY 아크릴 참 3종 + DIY 아크릴 포토 프레임 1세트 + 컬러 포토 카드 4종 + 모노크롬 스티커팩 1종 + 스페셜 일러스트 보드 1종 + 네임택 스트랩 1종 + 캔배지 2종 + 구성품 안내지 + 박스,스즈키 유우토,대원씨아이(만화),2025-07,68850,10.0,,,2026-09-03T09:11:13+09:00,878,,2866,,0,1
396653696,산가지는 도깨비의 꿈을 꾼다 4,산가지는 도깨비의 꿈을 꾼다,4,,,LAPIS,다산코믹스,2026-06,18000,,,,2026-09-03T09:11:13+09:00,957,,1225,,0,1
396803899,"새벽, 구름, 강 6","새벽, 구름, 강",6,,- 완결,마증지,봄툰,2026-06,15300,,,,2026-09-03T09:11:13+09:00,951,,1170,,0,1
398344478,섀도 하우스 20,섀도 하우스,20,,,소마토,학산문화사(만화),2026-07,10800,10.0,,,2026-09-03T09:11:13+09:00,978,,655,,0,1
382707103,소년X소녀 일러스트&스티커북,소년X소녀 일러스트&스티커북,,,,규잉,서울미디어코믹스(서울문화사),2025-12,18000,7.2,,,2026-09-03T09:11:13+09:00,842,,3896,,0,1
7219927,소용돌이 합본판,소용돌이 합본판,,,,이토 준지,시공사(만화),2010-06,14400,9.3,,,2026-09-03T09:11:13+09:00,832,,4477,,0,1
400708005,신에게 맹세코 거짓입니다 2,신에게 맹세코 거짓입니다,2,,,마츠모토 스이세이,대원씨아이(만화),2026-08,6300,,,,2026-09-03T09:11:13+09:00,988,,410,,0,1
365046389,쓰레기 기둥서방 하나 군은 죽고 싶어 해 1,쓰레기 기둥서방 하나 군은 죽고 싶어 해,1,,,아메코,대원씨아이(만화),2025-05,5850,10.0,,,2026-09-03T09:11:13+09:00,796,,6730,,0,1
287304526,아름다운 초저녁달 1,아름다운 초저녁달,1,,,야마모리 미카,학산문화사(만화),2022-01,5400,9.5,,,2026-09-03T09:11:13+09:00,799,,6598,,0,1
200656574,아이들의 장난감 애장판 1~7 세트 - 전7권 (완결),아이들의 장난감 애장판 1~7 세트 - 전7권 (완결),,,,오바나 미호,학산문화사(만화),2019-07,40320,10.0,,,2026-09-03T09:11:13+09:00,966,,1096,,0,1
322947468,아인 13,아인,13,,,사쿠라이 가몬,학산문화사(만화),2019-03,5400,,,,2026-09-03T09:11:13+09:00,939,,1548,,0,1
385543603,악마에 입문했습니다! 이루마 군 : if Episode of 마피아 6,악마에 입문했습니다! 이루마 군 : if Episode of 마피아,6,,,니시 오사무,서울미디어코믹스(서울문화사),2026-02,5850,9.9,,,2026-09-03T09:11:13+09:00,868,,3315,,0,1
323116716,얼굴만으론 좋아할 수 없어요 1,얼굴만으론 좋아할 수 없어요,1,,,안자이 카린,서울미디어코믹스(서울문화사),2022-01,5400,7.0,,,2026-09-03T09:11:13+09:00,698,,2835,,0,1
334780507,얼굴만으론 좋아할 수 없어요 2,얼굴만으론 좋아할 수 없어요,2,,,안자이 카린,서울미디어코믹스(서울문화사),2022-04,5400,,,,2026-09-03T09:11:13+09:00,887,,2497,,0,1
326203733,얼굴만으론 좋아할 수 없어요 8,얼굴만으론 좋아할 수 없어요,8,,,안자이 카린,서울미디어코믹스(서울문화사),2023-10,5400,,,,2026-09-03T09:11:13+09:00,900,,2216,,0,1
399973927,여주인공인데 잘생긴 아이돌♂이 되었습니다?! 3,여주인공인데 잘생긴 아이돌♂이 되었습니다?!,3,,,아이젠 마나,학산문화사(만화),2026-08,5400,10.0,,,2026-09-03T09:11:13+09:00,955,,1100,,0,1
379004652,열혈강호 94,열혈강호,94,,,전극진,대원씨아이(만화),2025-11,4950,9.2,,,2026-09-03T09:11:13+09:00,1000,,9551,,0,1
387904062,오달자의 봄,오달자의 봄,,,,김수정,둘리나라,2026-03,16200,9.9,,,2026-09-03T09:11:13+09:00,839,,3940,,0,1
376977094,오디세이,오디세이,,,"- 사로잡는 강렬한 그래픽, 교실에서 검증된 탁월한 해석력, 누구나 완독할 수 있는",가레스 하인즈,인간희극,2025-12,16200,9.0,,,2026-09-03T09:11:13+09:00,901,,2586,,0,1
385522283,운명의 사람을 만나는 이야기 7,운명의 사람을 만나는 이야기,7,,,아나신,학산문화사(만화),2026-02,5400,9.9,,,2026-09-03T09:11:13+09:00,840,,4049,,0,1
283685224,원피스 100,원피스,100,,- 패왕색,오다 에이치로,대원씨아이(만화),2021-11,4950,9.2,,,2026-09-03T09:11:13+09:00,998,,10116,,0,1
350054747,원피스 109,원피스,109,,- 네 편,오다 에이치로,대원씨아이(만화),2024-10,5400,9.9,,,2026-09-03T09:11:13+09:00,997,,11037,,0,1
366331655,원피스 111,원피스,111,,- 엘바프 모험,오다 에이치로,대원씨아이(만화),2025-06,5400,10.0,,,2026-09-03T09:11:13+09:00,994,,25307,,0,1
400136964,은하영웅전설 31,은하영웅전설,31,,,후지사키 류,학산문화사(만화),2026-08,5400,,,,2026-09-03T09:11:13+09:00,761,,1060,,0,1
342061810,이거 그리고 죽어 3,이거 그리고 죽어,3,,,토요다 미노루,대원씨아이(만화),2024-06,5400,10.0,,,2026-09-03T09:11:13+09:00,936,,1591,,0,1
395745585,이런 게 좋아 12,이런 게 좋아,12,,,소류,학산문화사(만화),2026-06,7200,9.7,,,2026-09-03T09:11:13+09:00,896,,2375,,0,1
398951543,이상한 집 6,이상한 집,6,,,아야노 교,리드비,2026-07,7650,,,,2026-09-03T09:11:13+09:00,735,,2005,,0,1
6475285,이토 준지의 고양이일기 욘&무,이토 준지의 고양이일기 욘&무,,,,이토 준지,대원씨아이(만화),2010-02,5400,8.6,,,2026-09-03T09:11:13+09:00,804,,5979,,0,1
400543262,일하지 않는 두사람 32,일하지 않는 두사람,32,,,요시다 사토루,대원씨아이(만화),2026-08,4950,,,,2026-09-03T09:11:13+09:00,975,,630,,0,1
391289012,재혼황후 10,재혼황후,10,,- 만화,히어리,영컴(YOUNG COM),2026-03,14400,,,,2026-09-03T09:11:13+09:00,594,,1545,,0,1
399381461,종말의 발키리 26,종말의 발키리,26,,,우메무라 신야,대원씨아이(만화),2026-07,4950,10.0,,,2026-09-03T09:11:13+09:00,929,,1660,,0,1
301708798,주술회전 13,주술회전,13,,,아쿠타미 게게,서울미디어코믹스(서울문화사),2021-03,5400,,,,2026-09-03T09:11:13+09:00,837,,4113,,0,1
400649438,주인공은 될 수 없지만,주인공은 될 수 없지만,,,,모모코 스이카,레어블(Rareble),2026-08,6930,,,,2026-09-03T09:11:13+09:00,612,,660,,0,1
303284033,진격의 거인 18~34 박스 세트 Part 2 - 전17권,진격의 거인 18~34 박스 세트 Part 2 - 전17권,,,- PVC카드 17매 동봉,이사야마 하지메,학산문화사(만화),2022-10,91800,,,,2026-09-03T09:11:13+09:00,848,,3658,,0,1
362488315,참을 수 없는 건 사랑인 걸까 1,참을 수 없는 건 사랑인 걸까,1,,,소라하나 미아,대원씨아이(만화),2025-04,5850,9.1,,,2026-09-03T09:11:13+09:00,817,,4996,,0,1
393236862,책벌레의 하극상 제2부 : 책을 위해서라면 무녀가 되겠어 13,책벌레의 하극상 제2부 : 책을 위해서라면 무녀가 되겠어,13,,,스즈카,대원씨아이(만화),2026-05,5400,10.0,,,2026-09-03T09:11:13+09:00,765,,990,,0,1
400543325,쿠로이와 메다카에게 내 귀여움이 통하지 않아 23,쿠로이와 메다카에게 내 귀여움이 통하지 않아,23,,,쿠제 란,대원씨아이(만화),2026-08,5400,10.0,,,2026-09-03T09:11:13+09:00,944,,1200,,0,1
369308582,타워 던전 2,타워 던전,2,,,니헤이 츠토무,학산문화사(만화),2025-08,6300,9.9,,,2026-09-03T09:11:13+09:00,828,,4582,,0,1
398200687,톰 폭스의 옷을 입은 캐릭터 드로잉 : 옷과 주름 그리기 워크북,톰 폭스의 옷을 입은 캐릭터 드로잉 : 옷과 주름 그리기 워크북,,,,톰 폭스,한즈미디어(한스미디어),2026-07,19800,,,,2026-09-03T09:11:13+09:00,977,,630,,0,1
390588755,통제구역관리부 2,통제구역관리부,2,,,탄광,다산코믹스,2026-04,18900,,,,2026-09-03T09:11:13+09:00,938,,1663,,0,1
302960457,팔견전 15,팔견전,15,,"- 동방팔견이문, S코믹스",아베 미유키,㈜소미미디어,2022-10,6300,7.6,,,2026-09-03T09:11:13+09:00,928,,1737,,0,1
335330575,팔견전 18,팔견전,18,,"- 동방팔견이문, S코믹스",아베 미유키,㈜소미미디어,2024-03,6300,6.8,,,2026-09-03T09:11:13+09:00,925,,1768,,0,1
344452803,팔견전 19,팔견전,19,,"- 동방팔견이문, S코믹스",아베 미유키,㈜소미미디어,2024-08,6300,10.0,,,2026-09-03T09:11:13+09:00,924,,1730,,0,1
385238703,패배 히로인이 너무 많아! @comic 1,패배 히로인이 너무 많아! @comic,1,,,이타치,재담,2026-01,6300,8.4,,,2026-09-03T09:11:13+09:00,942,,1438,,0,1
387323690,패배 히로인이 너무 많아! @comic 2,패배 히로인이 너무 많아! @comic,2,,,이타치,재담,2026-02,6300,,,,2026-09-03T09:11:13+09:00,940,,1435,,0,1
400980601,퍼펙트 어딕션 3,퍼펙트 어딕션,3,,- B愛+753,미야마 카오루코,대원씨아이(만화),2026-08,5850,,,,2026-09-03T09:11:13+09:00,992,,260,,0,1
399782211,평화로운 나라의 시마자키에게 11,평화로운 나라의 시마자키에게,11,,,세시모 타케시,학산문화사(만화),2026-08,5400,10.0,,,2026-09-03T09:11:13+09:00,746,,1760,,0,1
399452036,핑크 하트 잼 beat 2,핑크 하트 잼 beat,2,,- B愛+745,싯케,대원씨아이(만화),2026-07,5850,,,,2026-09-03T09:11:13+09:00,954,,1100,,0,1
291487356,하이큐!! 31,하이큐!!,31,,- 히어로,후루다테 하루이치,대원씨아이(만화),2018-09,4950,,,,2026-09-03T09:11:13+09:00,927,,1798,,0,1
395357125,호스트와 사축 1,호스트와 사축,1,,,가와지리 미쓰루,학산문화사(만화),2026-06,6300,,,,2026-09-03T09:11:13+09:00,970,,800,,0,1
389641283,황천의 츠가이 6,황천의 츠가이,6,,,아라카와 히로무,대원씨아이(만화),2024-08,5850,,,,2026-09-03T09:11:13+09:00,681,,3787,,0,1
309270127,후지모토 타츠키 단편집 22-26,후지모토 타츠키 단편집,22-26,,,후지모토 타츠키,학산문화사(만화),2023-01,5400,9.4,,,2026-09-03T09:11:13+09:00,999,,9767,,0,1
311984400,히카루가 죽은 여름 1,히카루가 죽은 여름,1,,- SL Comic,모쿠모쿠렌,디앤씨미디어(주)(D&C미디어),2023-03,5400,9.6,,,2026-09-03T09:11:13+09:00,996,,11674,,0,1
400315663,스파이 패밀리 17,스파이 패밀리,17,,,엔도 타츠야,학산문화사(만화),2026-08,5400,10.0,31950,1,2026-09-04T10:34:33+09:00,1,0,32890,-940,0,0
400736391,엄마가 도망갔다,엄마가 도망갔다,,,,소복이,나무의말,2026-09,17820,10.0,12020,2,2026-09-04T10:34:33+09:00,7,5,12090,-70,0,0
400365190,사카모토 데이즈 27 (더블 특전판),사카모토 데이즈,27,더블 특전판,"- 자긍심, 초판 한정 띠지 + 일러스트 포스트 카드 + 일러스트 레이어 카드",스즈키 유우토,대원씨아이(만화),2026-08,5850,10.0,31570,3,2026-09-04T10:34:33+09:00,5,2,32670,-1100,0,0
400652795,스킵과 로퍼 12,스킵과 로퍼,12,,- 시프트코믹스,타카마츠 미사키,YNK MEDIA(만화),2026-08,5400,10.0,26850,4,2026-09-04T10:34:33+09:00,3,-1,30330,-3480,0,0
400710266,야마다 군과 Lv999의 사랑을 하다 8,야마다 군과 Lv999의 사랑을 하다,8,,"- 초판 한정 특전 : 띠지, 일러스트 카드, 폴라로이드 카드",마시로,디앤씨미디어(주)(D&C미디어),2026-09,7200,10.0,19240,5,2026-09-04T10:34:33+09:00,6,1,19980,-740,0,0
400917256,마남 이치 6 (트리플 특전판),마남 이치,6,트리플 특전판,- 아크릴 일러스트 카드 2종 + 홀로그램 일러스트 카드,유사자키 시로,서울미디어코믹스(서울문화사),2026-08,6300,10.0,14930,6,2026-09-04T10:34:33+09:00,2,-4,17080,-2150,0,0
400930743,아멜리아의 호기심 많은 로맨스 3,아멜리아의 호기심 많은 로맨스,3,,"- 루나 코믹스, 초판 한정 투명 pet 포토카드 1종, 양면 일러스트 카드 1종, PET 사원증 1종",코하쿠 요루,㈜소미미디어,2026-09,6300,10.0,14090,7,2026-09-04T10:34:33+09:00,4,-3,15070,-980,0,0
400587114,봇치·더·록! 외전 히로이 키쿠리의 과음일기 6,봇치·더·록! 외전 히로이 키쿠리의 과음일기,6,,- 띠지 + 초판한정 일러스트 포토 카드 1종,쿠미쵸,대원씨아이(만화),2026-08,8100,,26980,8,2026-09-04T10:34:33+09:00,8,0,28110,-1130,0,0
399974125,타몬 군 지금 어느 쪽?! 13 (한정판),타몬 군 지금 어느 쪽?!,13,한정판,- 후쿠하라 타몬 2nd 사진집 + 후쿠하라 타몬 사인 포토카드 + 일러스트 카드,시와스 유키,학산문화사(만화),2026-08,12600,10.0,20680,9,2026-09-04T10:34:33+09:00,9,0,21750,-1070,0,0
397412056,책이라면 팔 만큼 1,책이라면 팔 만큼,1,,,코지마 아오,미우(대원씨아이),2026-07,11700,9.6,25410,10,2026-09-04T10:34:33+09:00,13,3,26305,-895,0,0
399539936,명탐정 코난 108,명탐정 코난,108,,,아오야마 고쇼,서울미디어코믹스(서울문화사),2026-07,5400,9.8,23510,11,2026-09-04T10:34:33+09:00,11,0,22840,670,0,0
400710167,야마다 군과 Lv999의 사랑을 하다 8 (특별판),야마다 군과 Lv999의 사랑을 하다,8,특별판,"- 특별판 한정 특전 : 일반판 초판 특전, 틴케이스, 특별판 한정 엽서 4종 세트, 키캡 키링",마시로,디앤씨미디어(주)(D&C미디어),2026-09,23400,10.0,19690,12,2026-09-04T10:34:33+09:00,14,2,19120,570,0,0
401406764,어제 뭐 먹었어? 25,어제 뭐 먹었어?,25,,,요시나가 후미,삼양출판사(만화),2026-08,5400,,9210,13,2026-09-04T10:34:33+09:00,,,,,1,0
400909479,킹덤 Kingdom 78,킹덤 Kingdom,78,,,하라 야스히사,대원씨아이(만화),2026-08,5400,,8210,14,2026-09-04T10:34:33+09:00,12,-2,9030,-820,0,0
401063905,블리치 리믹스 17,블리치 리믹스,17,,,쿠보 타이토,서울미디어코믹스(서울문화사),2026-08,10800,,10100,15,2026-09-04T10:34:33+09:00,10,-5,10830,-730,0,0
400246381,황천의 츠가이 12 (더블특전판),황천의 츠가이,12,더블특전판,- 초판한정 : 일러스트 포스트카드 1종 + 일러스트 pp카드 1종,아라카와 히로무,대원씨아이(만화),2026-08,5850,10.0,14720,16,2026-09-04T10:34:33+09:00,15,-1,14920,-200,0,0
391764120,포켓몬 생태도감,포켓몬 생태도감,,,,주식회사 포켓몬,대원씨아이(단행본),2026-04,13500,10.0,71159,17,2026-09-04T10:34:33+09:00,18,1,71779,-620,0,0
400544318,마법소녀를 동경해서 7 (더블특전판),마법소녀를 동경해서,7,더블특전판,- 띠지 + 초판한정 일러스트 카드 1종 + 더블특전 SD 스티커,오노나카 아키히로,대원씨아이(만화),2026-08,6750,,11330,18,2026-09-04T10:34:33+09:00,25,7,11120,210,0,0
401063751,요괴소년 호야 완전판 4,요괴소년 호야 완전판,4,,,후지타 카즈히로,서울미디어코믹스(서울문화사),2026-08,14400,,4980,19,2026-09-04T10:34:33+09:00,19,0,5240,-260,0,0
400714329,패배 히로인이 너무 많아! 8.5,패배 히로인이 너무 많아! 8.5,,,"- Novel Engine, 초판한정 특별부록 : 띠지 + 일러스트 카드",아마모리 타키비,데이즈엔터(주),2026-09,7200,,10870,20,2026-09-04T10:34:33+09:00,27,7,10850,20,0,0
400713407,이세계 삼촌 14,이세계 삼촌,14,,"- 픽시하우스, 초판한정 특별부록 : 일러스트 카드 + 띠지",호톤도신데이루,데이즈엔터(주),2026-09,7200,,7210,21,2026-09-04T10:34:33+09:00,23,2,8050,-840,0,0
395946461,원피스 114,원피스,114,,- 초판한정 띠지 + 일러스트 카드 1종,오다 에이치로,대원씨아이(만화),2026-06,5850,10.0,42585,22,2026-09-04T10:34:33+09:00,28,6,42905,-320,0,0
400315752,디그 잇 3 (더블특전판),디그 잇,3,더블특전판,- 수량 한정 더블 특전 : 비주얼 보드 + 스포츠 선수 카드,Yoshidamaru,학산문화사(만화),2026-08,6300,,16460,23,2026-09-04T10:34:33+09:00,22,-1,17210,-750,0,0
401049295,야화첩 9,야화첩,9,,"- 초판 한정: 띠지, 포토카드 2종",변덕,레진코믹스(레진엔터테인먼트),2026-08,14400,,4690,24,2026-09-04T10:34:33+09:00,17,-7,5370,-680,0,0
396103290,패밀리 레스토랑 가자. 下,패밀리 레스토랑 가자. 下,,,- 완결,와야마 야마,문학동네,2026-06,7650,9.8,61490,25,2026-09-04T10:34:33+09:00,30,5,61935,-445,0,0
401047773,야화첩 8,야화첩,8,,"- 초판 한정: 띠지, 포토카드 1종, PET 책갈피 1종",변덕,레진코믹스(레진엔터테인먼트),2026-08,14400,,4600,26,2026-09-04T10:34:33+09:00,16,-10,5330,-730,0,0
400547759,모모세 아키라의 첫사랑 파탄 중 6 (트리플 특전판),모모세 아키라의 첫사랑 파탄 중,6,트리플 특전판,- 스페셜 아크릴 일러스트 카드 1종 + 양면 일러스트 카드 2종,하레카와 신타,서울미디어코믹스(서울문화사),2026-08,6750,10.0,12070,27,2026-09-04T10:34:33+09:00,20,-7,13000,-930,0,0
395945176,나츠메 우인장 32,나츠메 우인장,32,,,미도리카와 유키,학산문화사(만화),2026-06,5400,8.4,12480,28,2026-09-04T10:34:33+09:00,33,5,12670,-190,0,0
399973794,봄의 폭풍과 몬스터 9,봄의 폭풍과 몬스터,9,,,미츠바치 미유키,학산문화사(만화),2026-08,6300,10.0,15050,29,2026-09-04T10:34:33+09:00,26,-3,15600,-550,0,0
400980916,꿈인지 생시인지 4,꿈인지 생시인지,4,,,사키사카 이오,대원씨아이(만화),2026-08,5850,,5170,30,2026-09-04T10:34:33+09:00,24,-6,5490,-320,0,0
400977703,나의 첫 섹파 2,나의 첫 섹파,2,,,유리카와,재담,2026-08,6300,,5490,31,2026-09-04T10:34:33+09:00,21,-10,6180,-690,0,0
398738362,헬싱 한정판 1~5 세트 - 전5권,헬싱 한정판 1~5 세트 - 전5권,,,,히라노 코우타,AK(에이케이)커뮤니케이션즈,2026-08,67500,9.9,16815,32,2026-09-04T10:34:33+09:00,32,0,17595,-780,0,0
399973871,옆자리 녀석이 그런 눈으로 쳐다본다 4 (더블특전판),옆자리 녀석이 그런 눈으로 쳐다본다,4,더블특전판,- 수량 한정 더블 특전 : 폴라로이드 에구치 ANGEL Ver + 이케자와 DEVIL Ver,mmk,학산문화사(만화),2026-08,6300,,10100,33,2026-09-04T10:34:33+09:00,41,8,9720,380,0,0
400586243,단다단 21,단다단,21,,,타츠 유키노부,대원씨아이(만화),2026-08,5400,10.0,9330,34,2026-09-04T10:34:33+09:00,29,-5,10300,-970,0,0
394695719,옆자리 녀석이 그런 눈으로 쳐다본다 3 (더블특전판),옆자리 녀석이 그런 눈으로 쳐다본다,3,더블특전판,- 수량 한정 더블 특전: 포토카드 + 증명사진,mmk,학산문화사(만화),2026-06,6300,9.5,7670,35,2026-09-04T10:34:33+09:00,48,13,7395,275,0,0
401247590,"달은 차고 이지러져, 짐승의 사랑 신장판 (특장판)","달은 차고 이지러져, 짐승의 사랑 신장판",,특장판,"- 작가님 사인 아크릴 카드 + 일러스트 카드 2종 + 이중 커버, 라르고 맥스 Largo Max",노지로 구리,조은세상(북두),2026-09,11700,10.0,3550,36,2026-09-04T10:34:33+09:00,50,14,4070,-520,0,0
399925336,팬텀 버스터즈 7,팬텀 버스터즈,7,,- S코믹스,네오쇼코,㈜소미미디어,2026-08,5850,10.0,17440,37,2026-09-04T10:34:33+09:00,51,14,17330,110,0,0
395510885,슈퍼 뒤에서 담배 피우는 두 사람 8,슈퍼 뒤에서 담배 피우는 두 사람,8,,- SL Comic,지누시,디앤씨미디어(주)(D&C미디어),2026-06,6300,9.9,12455,38,2026-09-04T10:34:33+09:00,40,2,12820,-365,0,0
400708725,3월의 벽력 2,3월의 벽력,2,,,이케 준코,대원씨아이(만화),2026-08,5400,,7190,39,2026-09-04T10:34:33+09:00,34,-5,7800,-610,0,0
401009364,소드 아트 온라인 29,소드 아트 온라인,29,,- J Novel,카와하라 레키,서울문화사,2026-08,7200,,5200,40,2026-09-04T10:34:33+09:00,31,-9,6000,-800,0,0
401041190,참을 수 없는 건 사랑인 걸까 6,참을 수 없는 건 사랑인 걸까,6,,,소라하나 미아,대원씨아이(만화),2026-08,5850,,3100,41,2026-09-04T10:34:33+09:00,39,-2,3420,-320,0,0
401131950,패배 히로인이 너무 많아! @comic 5,패배 히로인이 너무 많아! @comic,5,,,이타치,재담,2026-08,6300,,2930,42,2026-09-04T10:34:33+09:00,57,15,3100,-170,0,0
400707875,언니의 미도리 군 9,언니의 미도리 군,9,,,메구로 아무,대원씨아이(만화),2026-08,4950,,6130,43,2026-09-04T10:34:33+09:00,35,-8,6270,-140,0,0
401372461,악마에 입문했습니다! 이루마 군 48,악마에 입문했습니다! 이루마 군,48,,,니시 오사무,서울미디어코믹스(서울문화사),2026-09,5850,,4210,44,2026-09-04T10:34:33+09:00,142,98,2010,2200,0,0
400930547,Myther 3,Myther,3,,- S코믹스,야츠다 테키,㈜소미미디어,2026-09,7200,,3790,45,2026-09-04T10:34:33+09:00,36,-9,4150,-360,0,0
396141385,사카모토 데이즈 26 (더블 특전판),사카모토 데이즈,26,더블 특전판,- 원정 / 띠지 + 일러스트 포스트 카드 + 사카모토 상점 양면 어나더커버,스즈키 유우토,대원씨아이(만화),2026-06,5850,9.2,23005,46,2026-09-04T10:34:33+09:00,54,8,22720,285,0,0
399975177,GACHIAKUTA 18,GACHIAKUTA,18,,,케이 우라나,학산문화사(만화),2026-08,6300,,8570,47,2026-09-04T10:34:33+09:00,44,-3,8930,-360,0,0
400980854,현시연 신장판 1,현시연 신장판,1,,,키오 시모쿠,대원씨아이(만화),2026-08,13500,10.0,3400,48,2026-09-04T10:34:33+09:00,38,-10,3790,-390,0,0
401372500,아케비의 세일러복 16,아케비의 세일러복,16,,,히로,서울미디어코믹스(서울문화사),2026-09,7650,10.0,3550,49,2026-09-04T10:34:33+09:00,127,78,2210,1340,0,0
400328644,요리 군과 다시 만날 수는 없어! 2,요리 군과 다시 만날 수는 없어!,2,,"- 초판 한정 특전 : 일러스트 카드, 접이식 아크릴 스탠드",Sumio Hataya,서울미디어코믹스(서울문화사),2026-08,5850,10.0,9310,50,2026-09-04T10:34:33+09:00,47,-3,9670,-360,0,0
400652816,블루 피리어드 7 (더블 특전판),블루 피리어드,7,더블 특전판,"- 초판 한정 일러스트 카드 1종 + 박티켓 책갈피 1종, 시프트코믹스",야마구치 츠바사,YNK MEDIA(만화),2026-08,5400,,4390,51,2026-09-04T10:34:33+09:00,45,-6,5070,-680,0,0
400707954,블루 자이언트 모멘텀 7,블루 자이언트 모멘텀,7,,,이시즈카 신이치,대원씨아이(만화),2026-08,5850,,4560,52,2026-09-04T10:34:33+09:00,43,-9,4850,-290,0,0
398419129,황천의 츠가이 11 (더블특전판),황천의 츠가이,11,더블특전판,,아라카와 히로무,대원씨아이(만화),2026-07,5850,9.8,11305,53,2026-09-04T10:34:33+09:00,52,-1,11300,5,0,0
400594188,노아 선배는 친구 10,노아 선배는 친구,10,,,아키야마 엔마,서울미디어코믹스(서울문화사),2026-08,5850,,6550,54,2026-09-04T10:34:33+09:00,63,9,6570,-20,0,0
400365247,이거 그리고 죽어 8,이거 그리고 죽어,8,,- 초판 한정 : 띠지 + 일러스트 엽서 1종,토요다 미노루,대원씨아이(만화),2026-08,5400,10.0,5040,55,2026-09-04T10:34:33+09:00,42,-13,5410,-370,0,0
401041191,너를 잊을 사랑이 하고 싶어 7,너를 잊을 사랑이 하고 싶어,7,,,유우키 하루,대원씨아이(만화),2026-08,5850,,3040,56,2026-09-04T10:34:33+09:00,46,-10,3020,20,0,0
236826464,소년과 두더지와 여우와 말,소년과 두더지와 여우와 말,,,,찰리 맥커시,상상의힘,2020-04,19800,9.5,60776,57,2026-09-04T10:34:33+09:00,66,9,60825,-49,0,0
399974190,타몬 군 지금 어느 쪽?! 13,타몬 군 지금 어느 쪽?!,13,,- 수량 한정 특전 : 일러스트 카드,시와스 유키,학산문화사(만화),2026-08,6300,10.0,6140,58,2026-09-04T10:34:33+09:00,60,2,6310,-170,0,0
398309482,요리 군과 다시 만날 수는 없어! 1,요리 군과 다시 만날 수는 없어!,1,,"- 초판 한정 특전 : 양면 일러스트 카드, 접이식 아크릴 스탠드",Sumio Hataya,서울미디어코믹스(서울문화사),2026-07,5850,10.0,10040,59,2026-09-04T10:34:33+09:00,58,-1,10175,-135,0,0
389928857,옆자리 녀석이 그런 눈으로 쳐다본다 2,옆자리 녀석이 그런 눈으로 쳐다본다,2,,,mmk,학산문화사(만화),2026-04,6300,10.0,6486,60,2026-09-04T10:34:33+09:00,70,10,6406,80,0,0
400545480,전지적 독자 시점 20,전지적 독자 시점,20,,- 초판 한정 캐릭터 카드 1종 + 특전 엽서 1종,슬리피-C,에이템포미디어,2026-08,14850,,7520,61,2026-09-04T10:34:33+09:00,53,-8,8210,-690,0,0
400856630,나나 NANA 완전판 12,나나 NANA 완전판,12,,"- 초판 한정 PP엽서 1종, 포토카드 1종",야자와 아이,학산문화사(만화),2026-08,10800,,4560,62,2026-09-04T10:34:33+09:00,37,-25,5340,-780,0,0
396452830,원펀맨 One Punch Man 35,원펀맨 One Punch Man,35,,- 만나서는 안 될 녀석,ONE,대원씨아이(만화),2026-06,5400,9.5,16115,63,2026-09-04T10:34:33+09:00,80,17,16225,-110,0,0
400594291,유치원WARS 17,유치원WARS,17,,"- 초판특전: 아크릴 일러스트 카드, 더그 일러스트 카드",You Chiba,서울미디어코믹스(서울문화사),2026-08,5400,10.0,5600,64,2026-09-04T10:34:33+09:00,59,-5,6050,-450,0,0
400707805,담배 고양이 6,담배 고양이,6,,,냥냥 팩토리,대원씨아이(만화),2026-08,5400,,4720,65,2026-09-04T10:34:33+09:00,74,9,4550,170,0,0
400930515,뒤에 있는 카무이 씨 1,뒤에 있는 카무이 씨,1,,- S코믹스 Red,코노시로 신코,㈜소미미디어,2026-09,6300,,2650,66,2026-09-04T10:34:33+09:00,65,-1,2630,20,0,0
395444608,장송의 프리렌 15,장송의 프리렌,15,,,야마다 카네히토,학산문화사(만화),2026-06,6300,9.7,15295,67,2026-09-04T10:34:33+09:00,81,14,15605,-310,0,0
399974955,GACHIAKUTA 18 (한정판),GACHIAKUTA,18,한정판,"- 아크릴 디오라마 + 빅스티커 SET(5매) + 스페셜 비주얼 보드, 포토카드SET(4매) + 일러스트 카드(일반판 부록과 동일) + 아웃박스",케이 우라나,학산문화사(만화),2026-08,39600,,9810,68,2026-09-04T10:34:33+09:00,56,-12,9590,220,0,0
400922115,순정 갸루는 여친은 아니지만,순정 갸루는 여친은 아니지만,,,- S 블랙,미우라 미우,㈜소미미디어,2026-09,9000,,4030,69,2026-09-04T10:34:33+09:00,69,0,3610,420,0,0
400544538,비실비실 선생님 16,비실비실 선생님,16,,- 띠지 + 초판한정 일러스트 폴라로이드 카드 1종,후쿠치 카미오,대원씨아이(만화),2026-08,5850,10.0,9360,70,2026-09-04T10:34:33+09:00,55,-15,9780,-420,0,0
400921125,사망 엔딩에서 벗어난 미연시의 히로인들이 내 【일기장】을 읽고 비밀을 알아챈 듯하다 1,사망 엔딩에서 벗어난 미연시의 히로인들이 내 【일기장】을 읽고 비밀을 알아챈 듯하다,1,,- S Novel,addict,㈜소미미디어,2026-09,7650,,3870,71,2026-09-04T10:34:33+09:00,68,-3,3330,540,0,0
388083662,슈퍼 뒤에서 담배 피우는 두 사람 7,슈퍼 뒤에서 담배 피우는 두 사람,7,,- SL Comic,지누시,디앤씨미디어(주)(D&C미디어),2026-03,5850,9.3,11921,72,2026-09-04T10:34:33+09:00,72,0,12173,-252,0,0
352187592,슈퍼 뒤에서 담배 피우는 두 사람 4,슈퍼 뒤에서 담배 피우는 두 사람,4,,- SL Comic,지누시,디앤씨미디어(주)(D&C미디어),2024-11,5400,9.8,10452,73,2026-09-04T10:34:33+09:00,82,9,10793,-341,0,0
399782162,흑집사 35,흑집사,35,,,토보소 야나,학산문화사(만화),2026-08,5400,,9100,74,2026-09-04T10:34:33+09:00,84,10,9080,20,0,0
400647778,이토준지 자선 걸작집 Dark Colors,이토준지 자선 걸작집 Dark Colors,,,,이토 준지,미우(대원씨아이),2026-08,17100,5.0,5340,75,2026-09-04T10:34:33+09:00,75,0,6000,-660,0,0
400910174,이력서 3,이력서,3,,,유월,블루픽,2026-08,14220,10.0,4070,76,2026-09-04T10:34:33+09:00,64,-12,4540,-470,0,0
400653146,세금으로 산 책 3,세금으로 산 책,3,,- 시프트코믹스,케이야마 케이,YNK MEDIA(만화),2026-08,5850,,3240,77,2026-09-04T10:34:33+09:00,67,-10,3770,-530,0,0
399583956,명탐정 코난 108 (특장판),명탐정 코난,108,특장판,- 극장판 [하이웨이의 타천사] 티저 일러스트 아크릴 스탠드 + 어나더 커버 + 트레이딩 그래픽 컬렉션 카드 8종 중 랜덤 4종,아오야마 고쇼,서울미디어코믹스(서울문화사),2026-07,19800,10.0,16455,78,2026-09-04T10:34:33+09:00,62,-16,17130,-675,0,0
369848536,슈퍼 뒤에서 담배 피우는 두 사람 6,슈퍼 뒤에서 담배 피우는 두 사람,6,,- SL Comic,지누시,디앤씨미디어(주)(D&C미디어),2025-08,5850,10.0,10616,79,2026-09-04T10:34:33+09:00,83,4,10881,-265,0,0
400662227,첫사랑은 나의 오빠 2,첫사랑은 나의 오빠,2,,,카스미 유코,서울미디어코믹스(서울문화사),2026-08,5850,,4320,80,2026-09-04T10:34:33+09:00,73,-7,4600,-280,0,0
290886787,룩 백,룩 백,,,,후지모토 타츠키,학산문화사(만화),2022-03,5400,9.5,35610,81,2026-09-04T10:34:33+09:00,89,8,35305,305,0,0
393769452,불가항력의 I LOVE YOU 8,불가항력의 I LOVE YOU,8,,- 초판특전 : 포토카드 3종 세트,호시노 미즈키,서울미디어코믹스(서울문화사),2026-05,5400,9.7,18325,82,2026-09-04T10:34:33+09:00,128,46,17975,350,0,0
290092090,아이다이로 화집 지박소년 하나코 군,아이다이로 화집 지박소년 하나코 군,,,,아이다이로,서울미디어코믹스(서울문화사),2022-03,16200,10.0,4608,83,2026-09-04T10:34:33+09:00,121,38,4396,212,0,0
400647677,아이돌라트리 1,아이돌라트리,1,,- 초판 한정 띠지 + 일러스트 pet 카드 1종,호마레,대원씨아이(만화),2026-08,6300,,3660,84,2026-09-04T10:34:33+09:00,71,-13,4030,-370,0,0
400653323,세금으로 산 책 4,세금으로 산 책,4,,- 시프트코믹스,케이야마 케이,YNK MEDIA(만화),2026-08,5850,,3070,85,2026-09-04T10:34:33+09:00,76,-9,3460,-390,0,0
400707957,여우 우리군 1 (특장판),여우 우리군,1,특장판,"- B愛 341, 일러스트 카드 5종(초회 한정 일러스트 카드 1종 포함) + 클리어 스탠드 + 스티커 + 폴라로이드형 포토카드 + 어나더 커버 + 별도 박스 포장",네아,대원씨아이(만화),2026-08,16200,10.0,3470,86,2026-09-04T10:34:33+09:00,78,-8,3290,180,0,0
400909443,창천항로 애장판 4,창천항로 애장판,4,,,킹곤타,대원씨아이(만화),2026-08,16200,,3710,87,2026-09-04T10:34:33+09:00,49,-38,4240,-530,0,0
401009459,유감스러운 사랑의 주인공들 1,유감스러운 사랑의 주인공들,1,,,아와이 키사키,서울미디어코믹스(서울문화사),2026-08,5850,10.0,2390,88,2026-09-04T10:34:33+09:00,61,-27,2910,-520,0,0
401097577,"다른 학교 얼음공주를 구했더니, 친구부터 시작하게 되었습니다 2","다른 학교 얼음공주를 구했더니, 친구부터 시작하게 되었습니다",2,,,사츠키 히류,오팬스노벨,2026-08,7650,,2550,89,2026-09-04T10:34:33+09:00,104,15,2370,180,0,0
360200073,슈퍼 뒤에서 담배 피우는 두 사람 5,슈퍼 뒤에서 담배 피우는 두 사람,5,,- SL Comic,지누시,디앤씨미디어(주)(D&C미디어),2025-03,5850,9.4,11565,90,2026-09-04T10:34:33+09:00,85,-5,11848,-283,0,0
384420875,원피스 113,원피스,113,,- 로키탄생,오다 에이치로,대원씨아이(만화),2026-01,5850,9.9,24648,91,2026-09-04T10:34:33+09:00,106,15,24814,-166,0,0
320428870,슈퍼 뒤에서 담배 피우는 두 사람 1,슈퍼 뒤에서 담배 피우는 두 사람,1,,- SL Comic,지누시,디앤씨미디어(주)(D&C미디어),2023-07,5400,9.3,9927,92,2026-09-04T10:34:33+09:00,87,-5,10202,-275,0,0
400647796,이토준지 자선 걸작집 왜곡,이토준지 자선 걸작집 왜곡,,,,이토 준지,미우(대원씨아이),2026-08,14400,4.7,3990,93,2026-09-04T10:34:33+09:00,99,6,4480,-490,0,0
309059685,판타지 배색 아이디어 사전,판타지 배색 아이디어 사전,,,- 세계관을 창조하는,사쿠라이 테루코,한즈미디어(한스미디어),2023-01,5630,10.0,4974,94,2026-09-04T10:34:33+09:00,138,44,4469,505,0,0
400878309,온통 여우 1,온통 여우,1,,- 초판 한정 특전 : 일러스트 카드 2종,Ayami Morinaga,서울미디어코믹스(서울문화사),2026-08,6750,10.0,2460,95,2026-09-04T10:34:33+09:00,86,-9,2470,-10,0,0
401247989,독점 마이 히어로 15,독점 마이 히어로,15,,- 코믹 라르고 Comic Largo,아리이 메메코,조은세상(북두),2026-09,5400,,1630,96,2026-09-04T10:34:33+09:00,126,30,1530,100,0,0
399580240,엄마를 만나러 가는 길 3,엄마를 만나러 가는 길,3,,- 초판 한정 부록: 포토카드 2장 + 작가님 친필사인 면지 인쇄본,고먕,네이버웹툰,2026-10,16020,,8105,97,2026-09-04T10:34:33+09:00,95,-2,8540,-435,0,0
400543400,그랑블루 26,그랑블루,26,,,요시오카 키미타게,대원씨아이(만화),2026-08,4950,,3100,98,2026-09-04T10:34:33+09:00,103,5,3020,80,0,0
401345122,환생했는데 제7왕자라 내맘대로 마술을 연마합니다 22,환생했는데 제7왕자라 내맘대로 마술을 연마합니다,22,,,코쿠자와 요스케,학산문화사(만화),2026-09,5400,,1930,99,2026-09-04T10:34:33+09:00,189,90,1610,320,0,0
390779612,야마다 군과 Lv999의 사랑을 하다 7,야마다 군과 Lv999의 사랑을 하다,7,,,마시로,디앤씨미디어(주)(D&C미디어),2026-04,7200,10.0,13576,100,2026-09-04T10:34:33+09:00,111,11,13769,-193,0,0
395840340,마남 이치 5 (트리플 특전판),마남 이치,5,트리플 특전판,- 홀로그램 일러스트 카드 2종 + 캐릭터 일러스트 카드,유사자키 시로,서울미디어코믹스(서울문화사),2026-06,6300,9.5,12515,101,2026-09-04T10:34:33+09:00,112,11,12625,-110,0,0
397904178,새벽의 연화 47,새벽의 연화,47,,,미즈호 쿠사나기,학산문화사(만화),2026-07,5400,,5875,102,2026-09-04T10:34:33+09:00,98,-4,5935,-60,0,0
399290739,메이드 인 어비스 14,메이드 인 어비스,14,,,츠쿠시 아키히토,미우(대원씨아이),2026-07,7200,,5810,103,2026-09-04T10:34:33+09:00,97,-6,5890,-80,0,0
396819581,나의 첫 섹파 1,나의 첫 섹파,1,,- 초회 수량한정 특장판 구성 (수량 소진 시 종료),유리카와,재담,2026-06,6300,,4495,104,2026-09-04T10:34:33+09:00,114,10,4490,5,0,0
298959168,아이다이로 화집 지박소년 하나코 군 2,아이다이로 화집 지박소년 하나코 군,2,,,아이다이로,서울미디어코믹스(서울문화사),2022-08,16200,,3721,105,2026-09-04T10:34:33+09:00,157,52,3528,193,0,0
400340156,마끼아또의 일러스트 레벨업 테크닉,마끼아또의 일러스트 레벨업 테크닉,,,- 초보가 가장 많이 막히는 고민 해결집,마끼아또,AK(에이케이)커뮤니케이션즈,2026-08,19800,10.0,2130,106,2026-09-04T10:34:33+09:00,124,18,2240,-110,0,0
400981192,엇갈리는 중앙감정선,엇갈리는 중앙감정선,,,- 시무라 타카코 단편집,시무라 타카코,문학동네,2026-08,9000,,1800,107,2026-09-04T10:34:33+09:00,79,-28,2200,-400,0,0
401097694,피가 이어지지 않은 우리가 가족이 되는 단 하나의 방법 1,피가 이어지지 않은 우리가 가족이 되는 단 하나의 방법,1,,,히바리유,오팬스노벨,2026-08,7650,,2170,108,2026-09-04T10:34:33+09:00,132,24,2100,70,0,0
398736065,너와 장밋빛 매일 3 (트리플 특전판),너와 장밋빛 매일,3,트리플 특전판,- 초판 한정 트리플 특전: 아크릴 일러스트 카드 + 일러스트 카드 + 폴라로이드 카드,히로 치히로,서울미디어코믹스(서울문화사),2026-07,5400,10.0,24235,109,2026-09-04T10:34:33+09:00,92,-17,24225,10,0,0
366362146,엄마를 만나러 가는 길 1,엄마를 만나러 가는 길,1,,,고먕,네이버웹툰,2025-08,16020,10.0,15658,110,2026-09-04T10:34:33+09:00,117,7,15679,-21,0,0
394124358,캐릭캐릭 체인지! Jewel Joker 주얼 조커 3,캐릭캐릭 체인지! Jewel Joker 주얼 조커,3,,- 초판 특전: 아르카나 학원 아크릴 일러스트 카드,PEACH-PIT,서울미디어코믹스(서울문화사),2026-05,5850,10.0,12920,111,2026-09-04T10:34:33+09:00,118,7,12990,-70,0,0
396369059,향기로운 꽃은 늠름하게 핀다 21,향기로운 꽃은 늠름하게 핀다,21,,- 띠지 + 초판한정 일러스트 엽서 1종,미카미 사카,대원씨아이(만화),2026-06,6300,,12575,112,2026-09-04T10:34:33+09:00,119,7,12405,170,0,0
324439898,슈퍼 뒤에서 담배 피우는 두 사람 2,슈퍼 뒤에서 담배 피우는 두 사람,2,,- SL Comic,지누시,디앤씨미디어(주)(D&C미디어),2023-09,5400,9.4,8994,113,2026-09-04T10:34:33+09:00,93,-20,9243,-249,0,0
336001751,슈퍼 뒤에서 담배 피우는 두 사람 3,슈퍼 뒤에서 담배 피우는 두 사람,3,,- SL Comic,지누시,디앤씨미디어(주)(D&C미디어),2024-03,5400,9.8,8608,114,2026-09-04T10:34:33+09:00,102,-12,9036,-428,0,0
401325991,도원암귀 26,도원암귀,26,,- S코믹스,우루시바라 유라,㈜소미미디어,2026-09,6300,,1860,115,2026-09-04T10:34:33+09:00,209,94,1510,350,0,0
388016420,스파이 패밀리 16,스파이 패밀리,16,,,엔도 타츠야,학산문화사(만화),2026-03,5400,9.7,21161,116,2026-09-04T10:34:33+09:00,110,-6,21007,154,0,0
397284418,슈퍼 러버즈 19,슈퍼 러버즈,19,,,아베 미유키,서울미디어코믹스(서울문화사),2026-07,5400,10.0,8350,117,2026-09-04T10:34:33+09:00,113,-4,8410,-60,0,0
399580402,엄마를 만나러 가는 길 4,엄마를 만나러 가는 길,4,,- 초판 한정 부록: 포토카드 2장 + 작가님 친필사인 면지 인쇄본,고먕,네이버웹툰,2026-10,16020,,7570,118,2026-09-04T10:34:33+09:00,96,-22,8180,-610,0,0
398728364,마법소녀를 동경해서 6 (더블특전판),마법소녀를 동경해서,6,더블특전판,- 초판한정 : 일러스트 카드 1종 + SD 스티커 1종,오노나카 아키히로,대원씨아이(만화),2026-07,6750,,8120,119,2026-09-04T10:34:33+09:00,129,10,8070,50,0,0
393809247,사피엔스 : 그래픽 히스토리 Vol.4,사피엔스 : 그래픽 히스토리 Vol.4,,,- 혁명의 시대,,김영사,2026-05,17820,,7755,120,2026-09-04T10:34:33+09:00,136,16,7725,30,0,0
396653507,마루는 강쥐 9,마루는 강쥐,9,,- 초판 한정 작가 친필 사인 인쇄본 + 초판 한정 표지 일러스트 엽서,모죠,문페이스,2026-08,14400,,6335,121,2026-09-04T10:34:33+09:00,77,-44,6895,-560,0,0
400668931,커다란 네가 제일 귀여워 (한정판),커다란 네가 제일 귀여워,,한정판,"- 일러스트 메모패드, 작가님 사인 포토카드 2종, 빅 클리어 카드 2종, 일러스트 카드, 라르고 맥스 Largo Max",유키하루,조은세상(북두),2026-08,9900,10.0,2880,122,2026-09-04T10:34:33+09:00,100,-22,3150,-270,0,0
401345344,스물과 성수 7,스물과 성수,7,,- 완결,소라가미 세이,학산문화사(만화),2026-09,5400,10.0,1760,123,2026-09-04T10:34:33+09:00,208,85,1510,250,0,0
398869483,홀로서기 마왕성 12,홀로서기 마왕성,12,,,모리시타 마코토,대원씨아이(만화),2026-07,5400,9.3,995,124,2026-09-04T10:34:33+09:00,141,17,1000,-5,0,0
398962987,주술회전 모듈로 1,주술회전 모듈로,1,,- 특급 사안 /초판 한정 캐릭터 일러스트 카드 3종 + 선착순 한정 포토카드 1종,Yuji Iwasaki,서울미디어코믹스(서울문화사),2026-07,6300,9.0,25260,125,2026-09-04T10:34:33+09:00,101,-24,25460,-200,0,0
393688901,카구라바치 10 (트리플특전판),카구라바치,10,트리플특전판,- 초판한정 일러스트 시네마티켓 + 애니메이션 KV카드 + 검사들 일러스트카드,호카조노 타케루,대원씨아이(만화),2026-05,5850,9.8,19145,126,2026-09-04T10:34:33+09:00,133,7,19220,-75,0,0
349202721,일러스트레이터를 위한 색과 빛 마스터 가이드북 : COLOR & LIGHT,일러스트레이터를 위한 색과 빛 마스터 가이드북 : COLOR & LIGHT,,,,3D토털 퍼블리싱,영진.com(영진닷컴),2024-10,28800,10.0,11312,127,2026-09-04T10:34:33+09:00,107,-20,11671,-359,0,0
400150223,남편을 내 편으로 만드는 방법 5 (한정판),남편을 내 편으로 만드는 방법,5,한정판,- 단행본 + 학생 AU 아크릴 스탠드 + 떡메모지 + 파노라마 미니 포스터 4종 + 트레이딩 카드 9종 + 이스케&루비 엽서 4종 + 초판 한정 부록 엽서,시루,캐롯툰,2026-10,35820,,8010,128,2026-09-04T10:34:33+09:00,94,-34,8590,-580,0,0
400245347,버서스 6,버서스,6,,,아즈마 쿄타로,학산문화사(만화),2026-08,5400,,4130,129,2026-09-04T10:34:33+09:00,120,-9,4280,-150,0,0
400229048,사토 씨의 친구,사토 씨의 친구,,,,마스다 미리,이봄,2026-08,13500,9.0,3870,130,2026-09-04T10:34:33+09:00,122,-8,3900,-30,0,0
401042641,고랭순대 작품집 7,고랭순대 작품집,7,,,고랭순대,대원씨아이(만화),2026-08,13500,,1320,131,2026-09-04T10:34:33+09:00,90,-41,1460,-140,0,0
337054427,패밀리 레스토랑 가자. 上,패밀리 레스토랑 가자. 上,,,,와야마 야마,문학동네,2024-04,7650,9.7,31346,132,2026-09-04T10:34:33+09:00,150,18,31404,-58,0,0
392518962,체인소 맨 23,체인소 맨,23,,,후지모토 타츠키,학산문화사(만화),2026-05,5400,9.1,16280,133,2026-09-04T10:34:33+09:00,134,1,16190,90,0,0
397047378,반딧불이의 혼례 11,반딧불이의 혼례,11,,,타치바나 오레코,서울미디어코믹스(서울문화사),2026-06,7650,10.0,10860,134,2026-09-04T10:34:33+09:00,214,80,11040,-180,0,0
392518608,봄의 폭풍과 몬스터 8,봄의 폭풍과 몬스터,8,,,미츠바치 미유키,학산문화사(만화),2026-05,5400,9.6,10910,135,2026-09-04T10:34:33+09:00,175,40,10865,45,0,0
398867421,찍히지 않습니다 7,찍히지 않습니다,7,,"- S코믹스 /초판 한정 일러스트 카드, 폴라로이드 사진풍 카드 2종",코노시마 루카,㈜소미미디어,2026-08,6300,10.0,9920,136,2026-09-04T10:34:33+09:00,143,7,10155,-235,0,0
399782210,운명의 사람을 만나는 이야기 8,운명의 사람을 만나는 이야기,8,,,아나신,학산문화사(만화),2026-08,5400,10.0,7835,137,2026-09-04T10:34:33+09:00,88,-49,8380,-545,0,0
400246321,황천의 츠가이 12 (특별판),황천의 츠가이,12,특별판,- 초판부록 2종 + 패키지 박스 + 운명의 쌍둥이 아크릴 스탠드 1종 + 가브리엘 아크릴 참 키링 1종+ 시그니처 포토카드 1종 + 빅 캔배지 1종 + 홀로그램 카드 2종,아라카와 히로무,대원씨아이(만화),2026-08,25650,,4850,138,2026-09-04T10:34:33+09:00,137,-1,5060,-210,0,0
400708280,발화 2,발화,2,,- 초판1쇄 한정 포토카드 2종,영재영,레진코믹스(레진엔터테인먼트),2026-08,15300,10.0,2730,139,2026-09-04T10:34:33+09:00,130,-9,2820,-90,0,0
400707990,여우 우리군 1,여우 우리군,1,,- B愛 341,네아,대원씨아이(만화),2026-08,6300,,2180,140,2026-09-04T10:34:33+09:00,109,-31,2280,-100,0,0
366362586,엄마를 만나러 가는 길 2,엄마를 만나러 가는 길,2,,,고먕,네이버웹툰,2025-08,16020,10.0,14933,141,2026-09-04T10:34:33+09:00,151,10,14418,515,0,0
390778469,원펀맨 One Punch Man 34,원펀맨 One Punch Man,34,,- 여명,ONE,대원씨아이(만화),2026-04,5400,9.2,13633,142,2026-09-04T10:34:33+09:00,192,50,13557,76,0,0
390776539,3월의 라이온 18,3월의 라이온,18,,,우미노 치카,시리얼(학산문화사),2026-04,7200,10.0,10894,143,2026-09-04T10:34:33+09:00,215,72,10732,162,0,0
322919098,향기로운 꽃은 늠름하게 핀다 1,향기로운 꽃은 늠름하게 핀다,1,,,미카미 사카,대원씨아이(만화),2023-08,5400,9.7,9777,144,2026-09-04T10:34:33+09:00,164,20,9882,-105,0,0
400157314,2120,2120,,,,조지 와일솔,프시케의숲,2026-08,27000,10.0,3140,145,2026-09-04T10:34:33+09:00,158,13,3130,10,0,0
398285038,포켓몬스터 스페셜 63,포켓몬스터 스페셜,63,,,쿠사카 히데노리,대원씨아이(만화),2026-07,4950,,2815,146,2026-09-04T10:34:33+09:00,168,22,2945,-130,0,0
399465061,신석기 시대부터 AI 시대까지 만화로 꿰뚫는 경제사,신석기 시대부터 AI 시대까지 만화로 꿰뚫는 경제사,,,- 물질적 풍요는 우리를 행복하게 만들었을까,,클,2026-08,19800,10.0,2075,147,2026-09-04T10:34:33+09:00,160,13,2105,-30,0,0
401041186,너를 잊을 사랑이 하고 싶어 7 (특장판),너를 잊을 사랑이 하고 싶어,7,특장판,- 단행본 + 피크 키링 + 어나더 커버 + 일러스트 카드 2종 + 포토카드 2종 + 별도 박스 포장,유우키 하루,대원씨아이(만화),2026-08,19800,10.0,1300,148,2026-09-04T10:34:33+09:00,91,-57,1550,-250,0,0
401345052,사랑이 없으면 아이돌은 할 수 없어 4,사랑이 없으면 아이돌은 할 수 없어,4,,,키타가와 유카,학산문화사(만화),2026-09,6300,,1550,149,2026-09-04T10:34:33+09:00,270,121,1310,240,0,0
401344866,더 화이팅 신장재편판 56,더 화이팅 신장재편판,56,,"- 수량 한정 특전 : PP 카드, 띠지",모리카와 조지,학산문화사(만화),2026-09,10800,,1420,150,2026-09-04T10:34:33+09:00,271,121,1310,110,0,0
401345465,CAT'S EYE 캣츠 아이 완전판 12,CAT'S EYE 캣츠 아이 완전판,12,,,호조 츠카사,학산문화사(만화),2026-09,9000,,1450,151,2026-09-04T10:34:33+09:00,297,146,1210,240,0,0
373383665,언제나 기억해,언제나 기억해,,,"- 소년과 두더지와 여우와 말, 그리고 폭풍우",찰리 맥커시,상상의힘,2025-10,19800,10.0,17803,152,2026-09-04T10:34:33+09:00,190,38,17686,117,0,0
342785369,불가항력의 I LOVE YOU 2,불가항력의 I LOVE YOU,2,,,호시노 미즈키,서울미디어코믹스(서울문화사),2024-07,5400,9.4,8596,153,2026-09-04T10:34:33+09:00,195,42,8470,126,0,0
397818232,오가미 츠미키와 기일상 7,오가미 츠미키와 기일상,7,,,모리시타 미유,학산문화사(만화),2026-07,5400,9.5,5115,154,2026-09-04T10:34:33+09:00,144,-10,5010,105,0,0
400247736,만화 인소의 법칙 9 (한정판),만화 인소의 법칙,9,한정판,- 구성: 단행본 + 은지호 PET 스탠드 + 우주인 학생증 + 신용카드 스티커 2종 + 엽서 4종 + 미니 표지 아크릴 키링,아현,디앤씨웹툰비즈,2026-08,25200,,3910,155,2026-09-04T10:34:33+09:00,145,-10,3740,170,0,0
400585881,귀여운 건 나다 3,귀여운 건 나다,3,,,야스코,대원씨아이(만화),2026-08,6300,10.0,2820,156,2026-09-04T10:34:33+09:00,115,-41,3000,-180,0,0
400585742,아메와 우미 1,아메와 우미,1,,"- S코믹스, 초판 한정 양면 일러스트 카드 2종(도서 내 래핑)",야마카타 아츠카,㈜소미미디어,2026-08,6300,10.0,2620,157,2026-09-04T10:34:33+09:00,131,-26,2800,-180,0,0
400856659,눈이 나려 꽃 26,눈이 나려 꽃,26,,,임해연,학산문화사(만화),2026-08,7200,,1780,158,2026-09-04T10:34:33+09:00,125,-33,1930,-150,0,0
400958916,11번째 고양이는 네네 2,11번째 고양이는 네네,2,,,하리카모,오팬스코믹,2026-08,6300,,1520,159,2026-09-04T10:34:33+09:00,139,-20,1560,-40,0,0
401009461,달의 아이 신장판 8,달의 아이 신장판,8,,- 완결,시미즈 레이코,서울미디어코믹스(서울문화사),2026-08,16200,,1490,160,2026-09-04T10:34:33+09:00,140,-20,1410,80,0,0
292511593,가라오케 가자!,가라오케 가자!,,,,와야마 야마,문학동네,2022-04,7650,9.6,28646,161,2026-09-04T10:34:33+09:00,162,1,28732,-86,0,0
374587018,원피스 112,원피스,112,,- 할리(신전),오다 에이치로,대원씨아이(만화),2025-10,5400,10.0,27197,162,2026-09-04T10:34:33+09:00,173,11,27242,-45,0,0
392518622,타몬 군 지금 어느 쪽?! 12,타몬 군 지금 어느 쪽?!,12,,,시와스 유키,학산문화사(만화),2026-05,5400,10.0,14980,163,2026-09-04T10:34:33+09:00,163,0,15220,-240,0,0
399403043,얼굴만으론 좋아할 수 없어요 17 (한정판),얼굴만으론 좋아할 수 없어요,17,한정판,- 한국 오리지널 일러스트 양면 커버 + 아크릴 스탠드 + 소책자 + 스페셜 일러스트 카드 2종 + 미니 일러스트 보드 (일반판 초판특전은 포함되지 않음),안자이 카린,서울미디어코믹스(서울문화사),2026-07,22500,10.0,13675,164,2026-09-04T10:34:33+09:00,242,78,13430,245,0,0
362375950,불가항력의 I LOVE YOU 4,불가항력의 I LOVE YOU,4,,,호시노 미즈키,서울미디어코믹스(서울문화사),2025-04,5400,9.7,10768,165,2026-09-04T10:34:33+09:00,193,28,10685,83,0,0
394045519,아멜리아의 호기심 많은 로맨스 2,아멜리아의 호기심 많은 로맨스,2,,- 루나 코믹스,코하쿠 요루,㈜소미미디어,2026-06,6300,10.0,9180,166,2026-09-04T10:34:33+09:00,165,-1,9275,-95,0,0
315020417,헌터x헌터 HunterXHunter 신장판 37,헌터x헌터 HunterXHunter 신장판,37,,,토가시 요시히로,학산문화사(만화),2023-04,5400,10.0,9391,167,2026-09-04T10:34:33+09:00,217,50,9117,274,0,0
297448639,방과 후 소년 하나코 군,방과 후 소년 하나코 군,,,,아이다이로,서울미디어코믹스(서울문화사),2022-07,5400,10.0,5941,168,2026-09-04T10:34:33+09:00,224,56,6038,-97,0,0
385522768,옆자리 녀석이 그런 눈으로 쳐다본다 1,옆자리 녀석이 그런 눈으로 쳐다본다,1,,,mmk,학산문화사(만화),2026-02,6300,,3935,169,2026-09-04T10:34:33+09:00,178,9,4029,-94,0,0
324629346,그리고 마녀는 숲으로 갔다 1,그리고 마녀는 숲으로 갔다,1,,,산호,고블,2023-08,20700,9.2,3174,170,2026-09-04T10:34:33+09:00,179,9,3372,-198,0,0
400980564,킬러의 최애 4,킬러의 최애,4,,,오시마 린타로,대원씨아이(만화),2026-08,6300,,1590,171,2026-09-04T10:34:33+09:00,116,-55,1910,-320,0,0
400909388,겁쟁이페달 95,겁쟁이페달,95,,,와타나베 와타루,대원씨아이(만화),2026-08,4950,,1540,172,2026-09-04T10:34:33+09:00,149,-23,1470,70,0,0
401326372,풀 나이트 5,풀 나이트,5,,- S코믹스,야스다 카스미,㈜소미미디어,2026-09,6300,,1440,173,2026-09-04T10:34:33+09:00,544,371,910,530,0,0
401345421,카모노하시 론의 금단추리 18,카모노하시 론의 금단추리,18,,,아마노 아키라,학산문화사(만화),2026-09,5400,10.0,1400,174,2026-09-04T10:34:33+09:00,652,478,710,690,0,0
388349614,카구라바치 9 (더블특전판),카구라바치,9,더블특전판,"- 엔텐, 일러스트 시네마 티켓 + 요도 계약자 pp 북마크",호카조노 타케루,대원씨아이(만화),2026-03,5850,,11319,175,2026-09-04T10:34:33+09:00,213,38,11293,26,0,0
384585231,불가항력의 I LOVE YOU 7,불가항력의 I LOVE YOU,7,,,호시노 미즈키,서울미디어코믹스(서울문화사),2026-01,5400,9.4,11275,176,2026-09-04T10:34:33+09:00,345,169,10886,389,0,0
353810399,헌터x헌터 HunterXHunter 신장판 38,헌터x헌터 HunterXHunter 신장판,38,,,토가시 요시히로,학산문화사(만화),2024-12,5400,9.8,10576,177,2026-09-04T10:34:33+09:00,244,67,10243,333,0,0
341684925,불가항력의 I LOVE YOU 1,불가항력의 I LOVE YOU,1,,,호시노 미즈키,서울미디어코믹스(서울문화사),2024-06,5400,9.6,9221,178,2026-09-04T10:34:33+09:00,194,16,9213,8,0,0
368087158,불가항력의 I LOVE YOU 5,불가항력의 I LOVE YOU,5,,,호시노 미즈키,서울미디어코믹스(서울문화사),2025-07,5400,9.5,9298,179,2026-09-04T10:34:33+09:00,246,67,9150,148,0,0
374965771,불가항력의 I LOVE YOU 6,불가항력의 I LOVE YOU,6,,,호시노 미즈키,서울미디어코믹스(서울문화사),2025-10,5400,9.7,9184,180,2026-09-04T10:34:33+09:00,349,169,8891,293,0,0
327563621,향기로운 꽃은 늠름하게 핀다 2,향기로운 꽃은 늠름하게 핀다,2,,,미카미 사카,대원씨아이(만화),2023-10,5400,9.8,8471,181,2026-09-04T10:34:33+09:00,219,38,8542,-71,0,0
399781349,윈드 브레이커 15~16 세트 - 전2권,윈드 브레이커 15~16 세트 - 전2권,,,"- 초판한정부록 : 일러스트카드 1종, 아코디언카드 1종",니이 사토루,리디(RIDI),2026-08,10800,10.0,7285,182,2026-09-04T10:34:33+09:00,152,-30,7740,-455,0,0
350620490,향기로운 꽃은 늠름하게 핀다 11,향기로운 꽃은 늠름하게 핀다,11,,,미카미 사카,대원씨아이(만화),2024-10,5400,9.8,7152,183,2026-09-04T10:34:33+09:00,223,40,7231,-79,0,0
394099665,킹덤 Kingdom 77,킹덤 Kingdom,77,,,하라 야스히사,대원씨아이(만화),2026-05,5400,10.0,6655,184,2026-09-04T10:34:33+09:00,253,69,6535,120,0,0
397904410,나 혼자만 레벨업 : 라그나로크 3,나 혼자만 레벨업 : 라그나로크,3,,- 만화,,디앤씨웹툰비즈,2026-07,14400,10.0,5755,185,2026-09-04T10:34:33+09:00,167,-18,5820,-65,0,0
399050948,세금으로 산 책 1,세금으로 산 책,1,,- 시프트코믹스,케이야마 케이,YNK MEDIA(만화),2026-07,5850,10.0,5320,186,2026-09-04T10:34:33+09:00,154,-32,5705,-385,0,0
400547001,작전명 순정 7~9 스페셜 세트 - 전3권,작전명 순정 7~9 스페셜 세트 - 전3권,,,"- 구성: 단행본 7~9권, 엽서집(양면엽서 16장), 프로필 세트(프로필 3종 + PET 포스터 2종 + 종이 홀더), 레이어 카드 2종, 아크릴 코롯토, 증명사진 팩, 도화 인터뷰집, 스페셜 패키지 박스, 초판한정 엽서",꼬까리,영진.com(영진닷컴),2026-08,79200,10.0,4550,187,2026-09-04T10:34:33+09:00,155,-32,4840,-290,0,0
400856525,애프터 갓 10,애프터 갓,10,,,에노 스미,대원씨아이(만화),2026-08,5400,10.0,2050,188,2026-09-04T10:34:33+09:00,105,-83,2390,-340,0,0
393544789,향기로운 꽃은 늠름하게 핀다 20,향기로운 꽃은 늠름하게 핀다,20,,,미카미 사카,대원씨아이(만화),2026-05,5400,,1750,189,2026-09-04T10:34:33+09:00,266,77,1690,60,0,0
400647477,만화를 잘 그리기 위한 노하우 도감,만화를 잘 그리기 위한 노하우 도감,,,,사이드랜치(Sideranch),영진.com(영진닷컴),2026-08,18000,,1220,190,2026-09-04T10:34:33+09:00,170,-20,1430,-210,0,0
400909336,라면 재유기 13,라면 재유기,13,,,쿠베 로쿠로,대원씨아이(만화),2026-08,5850,,1190,191,2026-09-04T10:34:33+09:00,185,-6,1370,-180,0,0
193382764,페르세폴리스,페르세폴리스,,,,마르얀 사트라피,휴머니스트,2019-06,28800,8.6,15055,192,2026-09-04T10:34:33+09:00,191,-1,15148,-93,0,0
399924966,팬텀 버스터즈 7 (한정판),팬텀 버스터즈,7,한정판,"- CD 라벨풍 스티커 + CD 자켓풍 일러스트 카드 2종 + 아크릴 키링 4종, M형 티켓 + 양면 어나더 커버 + 초판 한정 일러스트 카드, S코믹스",네오쇼코,㈜소미미디어,2026-08,27000,,13900,193,2026-09-04T10:34:33+09:00,211,18,14010,-110,0,0
391943528,엄마를 만나러 가는 길,엄마를 만나러 가는 길,,,"- 모리의 스티커북 /초판 한정 부록: 투명 북마크,작가 친필 사인 면지에 인쇄",고먕,네이버웹툰,2026-06,15300,10.0,12666,194,2026-09-04T10:34:33+09:00,212,18,13341,-675,0,0
393311014,히카루가 죽은 여름 8,히카루가 죽은 여름,8,,"- SL Comic, 초판 한정 특전 띠지, 일러스트 카드 & 클리어 일러스트 카드 세트 (2종 중 1종)",모쿠모쿠렌,디앤씨미디어(주)(D&C미디어),2026-05,6300,9.7,11900,195,2026-09-04T10:34:33+09:00,174,-21,11740,160,0,0
399402787,얼굴만으론 좋아할 수 없어요 17,얼굴만으론 좋아할 수 없어요,17,,"- 한국 한정 오리지널 일러스트 양면 커버, 초판 한정 SNS풍 주인공 커플 일러스트 카드, 졸업식 일러스트 카드",안자이 카린,서울미디어코믹스(서울문화사),2026-07,5400,,9750,196,2026-09-04T10:34:33+09:00,135,-61,9915,-165,0,0
393238375,양 선배는 혼자서 살아갈 수 없어 2,양 선배는 혼자서 살아갈 수 없어,2,,- 초판부록 : 일러스트 카드 1종 + 띠지,soon챠,대원씨아이(만화),2026-05,5850,9.9,8175,197,2026-09-04T10:34:33+09:00,197,0,8375,-200,0,0
353421098,불가항력의 I LOVE YOU 3,불가항력의 I LOVE YOU,3,,,호시노 미즈키,서울미디어코믹스(서울문화사),2024-12,5400,9.3,7970,198,2026-09-04T10:34:33+09:00,220,22,7931,39,0,0
397047219,쇼타 형아 7,쇼타 형아,7,,- BLovers Comics /초판 한정 더블 특전 : 양면 일러스트 카드 2종,나카야마 미유키,서울미디어코믹스(서울문화사),2026-06,5850,9.4,7205,199,2026-09-04T10:34:33+09:00,198,-1,7230,-25,0,0
391456890,순경씨와 나 1,순경씨와 나,1,,,나오키 유우,대원씨아이(만화),2026-04,6300,9.6,7354,200,2026-09-04T10:34:33+09:00,276,76,7225,129,0,0
343487620,향기로운 꽃은 늠름하게 핀다 10,향기로운 꽃은 늠름하게 핀다,10,,,미카미 사카,대원씨아이(만화),2024-07,5400,9.9,7232,201,2026-09-04T10:34:33+09:00,252,51,7284,-52,0,0
332987456,향기로운 꽃은 늠름하게 핀다 5,향기로운 꽃은 늠름하게 핀다,5,,,미카미 사카,대원씨아이(만화),2024-01,5400,10.0,7199,202,2026-09-04T10:34:33+09:00,308,106,7141,58,0,0
400225135,"내가 연인이 될 수 있을 리 없잖아, 무리무리! (※무리가 아니었다?!) 8","내가 연인이 될 수 있을 리 없잖아, 무리무리! (※무리가 아니었다?!)",8,,"- S Novel+ , 초판 한정 책갈피, 쇼트스토리 소책자",미카미 테렌,㈜소미미디어,2026-08,9450,10.0,6360,203,2026-09-04T10:34:33+09:00,153,-50,6330,30,0,0
399055597,Re : 제로부터 시작하는 이세계 생활 43,Re : 제로부터 시작하는 이세계 생활,43,,"- Novel Engine / 초판한정 특별부록 : 띠지, 일러스트 카드",나가츠키 탓페이,데이즈엔터(주),2026-08,7200,,5780,204,2026-09-04T10:34:33+09:00,176,-28,6055,-275,0,0
373999390,야마다 군과 Lv999의 사랑을 하다 3,야마다 군과 Lv999의 사랑을 하다,3,,,마시로,디앤씨미디어(주)(D&C미디어),2025-09,7200,9.8,5092,205,2026-09-04T10:34:33+09:00,227,22,5187,-95,0,0
398869909,나나 NANA 완전판 11,나나 NANA 완전판,11,,"- 초판 한정 PP엽서 1종, 포토카드 1종",야자와 아이,학산문화사(만화),2026-07,10800,,3550,206,2026-09-04T10:34:33+09:00,156,-50,3820,-270,0,0
305225003,헌터x헌터 HunterXHunter 신장판 22,헌터x헌터 HunterXHunter 신장판,22,,,토가시 요시히로,학산문화사(만화),2016-04,5400,,3713,207,2026-09-04T10:34:33+09:00,261,54,3698,15,0,0
305148069,장례식 케이크 전문점 연옥당 2,장례식 케이크 전문점 연옥당,2,,- 양장,산호,문학동네,2022-11,18900,10.0,3959,208,2026-09-04T10:34:33+09:00,262,54,3614,345,0,0
390907872,향기로운 꽃은 늠름하게 핀다 19,향기로운 꽃은 늠름하게 핀다,19,,,미카미 사카,대원씨아이(만화),2026-04,5400,,3475,209,2026-09-04T10:34:33+09:00,285,76,3420,55,0,0
400006799,유녀전기 21,유녀전기,21,,- 노엔 코믹스,토죠 치카,데이즈엔터(주),2026-08,5400,10.0,2620,210,2026-09-04T10:34:33+09:00,202,-8,2600,20,0,0
400594114,못 미더운 악녀입니다만 : ~추궁접서 교체전~ 10,못 미더운 악녀입니다만 : ~추궁접서 교체전~,10,,,EI Ohitsuji,서울미디어코믹스(서울문화사),2026-08,6300,10.0,2500,211,2026-09-04T10:34:33+09:00,108,-103,2550,-50,0,0
400543319,우자키 양은 놀고싶어! 14,우자키 양은 놀고싶어!,14,,,타케,대원씨아이(만화),2026-08,4950,,2200,212,2026-09-04T10:34:33+09:00,181,-31,2450,-250,0,0
400594187,아마 그녀는 우리 형을 노리고 있을 거야 1,아마 그녀는 우리 형을 노리고 있을 거야,1,,"- 초판 특전 양면 일러스트카드, 양면 일러스트 코스터",이세 마루노,서울미디어코믹스(서울문화사),2026-08,6300,10.0,1990,213,2026-09-04T10:34:33+09:00,146,-67,2220,-230,0,0
400669134,반에서 두 번째로 귀여운 여자애와 친구가 되었다 6,반에서 두 번째로 귀여운 여자애와 친구가 되었다,6,,"- 왈츠 코믹스, 초판 한정 특전 : 일러스트 카드 1종, 포토카드 2종",오노 린,조은세상(북두),2026-08,5400,,1690,214,2026-09-04T10:34:33+09:00,148,-66,2040,-350,0,0
395945478,향기로운 꽃은 늠름하게 핀다 9,향기로운 꽃은 늠름하게 핀다,9,,,미카미 사카,대원씨아이(만화),2026-06,6300,,1895,215,2026-09-04T10:34:33+09:00,264,49,1940,-45,0,0
400652779,스노우볼 어스 4,스노우볼 어스,4,,- 시프트코믹스,츠지츠구 유우히로,YNK MEDIA(만화),2026-08,5400,10.0,1670,216,2026-09-04T10:34:33+09:00,147,-69,1800,-130,0,0
401041961,산가지는 도깨비의 꿈을 꾼다 5,산가지는 도깨비의 꿈을 꾼다,5,,,LAPIS,다산코믹스,2026-08,18000,,1650,217,2026-09-04T10:34:33+09:00,123,-94,1790,-140,0,0
396581696,향기로운 꽃은 늠름하게 핀다 12,향기로운 꽃은 늠름하게 핀다,12,,,미카미 사카,대원씨아이(만화),2025-01,6300,,1680,218,2026-09-04T10:34:33+09:00,267,49,1665,15,0,0
400878045,온통 여우 1 (한정판),온통 여우,1,한정판,- 구성: 단행본(초판 특전 포함) + 커스텀 아크릴 키링 + 홀로그램 아크릴 일러스트 카드 + 판 스티커,Ayami Morinaga,서울미디어코믹스(서울문화사),2026-08,22500,10.0,1660,219,2026-09-04T10:34:33+09:00,294,75,1450,210,0,0
401325794,일승천금 3,일승천금,3,,- S코믹스,MAAM,㈜소미미디어,2026-09,6300,,1250,220,2026-09-04T10:34:33+09:00,341,121,1210,40,0,0
401131327,월간 트릴레마 1,월간 트릴레마,1,,,타치바나 로쿠,재담,2026-08,7200,,900,221,2026-09-04T10:34:33+09:00,336,115,760,140,0,0
256860565,사피엔스 : 그래픽 히스토리 Vol.1,사피엔스 : 그래픽 히스토리 Vol.1,,,- 인류의 탄생,,김영사,2020-11,17820,9.4,26251,222,2026-09-04T10:34:33+09:00,298,76,26306,-55,0,0
385946226,만화의 원리,만화의 원리,,,,이리에 아키,대원씨아이(만화),2026-02,21600,9.4,17339,223,2026-09-04T10:34:33+09:00,210,-13,17593,-254,0,0
392509863,아름다운 초저녁달 10,아름다운 초저녁달,10,,,야마모리 미카,학산문화사(만화),2026-05,5400,9.5,9970,224,2026-09-04T10:34:33+09:00,301,77,10105,-135,0,0
329206984,향기로운 꽃은 늠름하게 핀다 3,향기로운 꽃은 늠름하게 핀다,3,,,미카미 사카,대원씨아이(만화),2023-11,5400,10.0,7866,225,2026-09-04T10:34:33+09:00,249,24,7937,-71,0,0
298605858,헌터x헌터 HunterXHunter 신장판 36,헌터x헌터 HunterXHunter 신장판,36,,,토가시 요시히로,학산문화사(만화),2020-03,5400,,7964,226,2026-09-04T10:34:33+09:00,221,-5,7809,155,0,0
335258160,향기로운 꽃은 늠름하게 핀다 6,향기로운 꽃은 늠름하게 핀다,6,,,미카미 사카,대원씨아이(만화),2024-02,5400,10.0,7590,227,2026-09-04T10:34:33+09:00,274,47,7619,-29,0,0
385131551,야마다 군과 Lv999의 사랑을 하다 5,야마다 군과 Lv999의 사랑을 하다,5,,,마시로,디앤씨미디어(주)(D&C미디어),2026-01,7200,9.8,6578,228,2026-09-04T10:34:33+09:00,310,82,6685,-107,0,0
385131682,야마다 군과 Lv999의 사랑을 하다 6,야마다 군과 Lv999의 사랑을 하다,6,,,마시로,디앤씨미디어(주)(D&C미디어),2026-01,7200,9.8,6557,229,2026-09-04T10:34:33+09:00,311,82,6881,-324,0,0
392472930,던전에서 만남을 추구하면 안 되는 걸까 21 (소책자 특장판),던전에서 만남을 추구하면 안 되는 걸까,21,소책자 특장판,- S Novel,오모리 후지노,㈜소미미디어,2026-05,18000,9.3,6575,230,2026-09-04T10:34:33+09:00,396,166,6360,215,0,0
384933730,아멜리아의 호기심 많은 로맨스 1,아멜리아의 호기심 많은 로맨스,1,,- 루나 코믹스,코하쿠 요루,㈜소미미디어,2026-02,6300,9.8,6229,231,2026-09-04T10:34:33+09:00,225,-6,6122,107,0,0
398727110,봇치·더·록! 앤솔러지 코믹 6,봇치·더·록! 앤솔러지 코믹,6,,,치바 사도루,대원씨아이(만화),2026-07,8100,10.0,5945,232,2026-09-04T10:34:33+09:00,199,-33,6025,-80,0,0
280599591,지박소년 하나코 군 0,지박소년 하나코 군,0,,,아이다이로,서울미디어코믹스(서울문화사),2021-10,5400,9.0,5238,233,2026-09-04T10:34:33+09:00,229,-4,5335,-97,0,0
373999147,야마다 군과 Lv999의 사랑을 하다 2,야마다 군과 Lv999의 사랑을 하다,2,,,마시로,디앤씨미디어(주)(D&C미디어),2025-09,7200,9.8,5047,234,2026-09-04T10:34:33+09:00,228,-6,5162,-115,0,0
397745987,Myther 2,Myther,2,,"- S코믹스 /초판 한정 양면 일러스트 카드, 초판 한정 PET 일러스트 카드",야츠다 테키,㈜소미미디어,2026-07,6300,,4255,235,2026-09-04T10:34:33+09:00,280,45,4235,20,0,0
399404721,오디세이아를 한 번도 안 읽어 볼 수는 없잖아,오디세이아를 한 번도 안 읽어 볼 수는 없잖아,,,,Team. StoryG,oldstairs(올드스테어즈),2026-07,21600,9.3,4330,236,2026-09-04T10:34:33+09:00,418,182,4160,170,0,0
399381869,담배 고양이 5,담배 고양이,5,,,냥냥 팩토리,대원씨아이(만화),2026-07,5400,,3970,237,2026-09-04T10:34:33+09:00,177,-60,4090,-120,0,0
284922100,장례식 케이크 전문점 연옥당 1,장례식 케이크 전문점 연옥당,1,,- 양장,산호,문학동네,2021-12,17100,10.0,4124,238,2026-09-04T10:34:33+09:00,233,-5,3907,217,0,0
400136861,누나의 친구 4,누나의 친구,4,,,타카세 와카,학산문화사(만화),2026-08,5400,,3680,239,2026-09-04T10:34:33+09:00,201,-38,3650,30,0,0
356090755,그리고 마녀는 숲으로 갔다 2,그리고 마녀는 숲으로 갔다,2,,- 완결,산호,고블,2025-02,21600,9.9,3539,240,2026-09-04T10:34:33+09:00,322,82,3486,53,0,0
400136881,벡 Beck 신장판 8,벡 Beck 신장판,8,,,해롤드 사쿠이시,학산문화사(만화),2026-08,10800,10.0,2610,241,2026-09-04T10:34:33+09:00,328,87,2380,230,0,0
400150238,남편을 내 편으로 만드는 방법 5,남편을 내 편으로 만드는 방법,5,,,시루,캐롯툰,2026-10,14400,10.0,2250,242,2026-09-04T10:34:33+09:00,290,48,2360,-110,0,0
400545629,파인더의 도피행,파인더의 도피행,,,- 뉴 루비코믹스 3165,야마네 아야노,현대지능개발사,2026-08,7830,,2160,243,2026-09-04T10:34:33+09:00,182,-61,2070,90,0,0
395950064,향기로운 꽃은 늠름하게 핀다 4,향기로운 꽃은 늠름하게 핀다,4,,,미카미 사카,대원씨아이(만화),2026-06,6300,,1810,244,2026-09-04T10:34:33+09:00,293,49,1870,-60,0,0
400707775,곰과 토끼는 친구로 지낼 수 없다 2,곰과 토끼는 친구로 지낼 수 없다,2,,,이누요시 아키라,대원씨아이(만화),2026-08,6300,,1850,245,2026-09-04T10:34:33+09:00,161,-84,1720,130,0,0
401247968,멜로에 빠진 직장인은 안일하다,멜로에 빠진 직장인은 안일하다,,,- 라르고 맥스 Largo Max,우지이,조은세상(북두),2026-09,5400,,860,246,2026-09-04T10:34:33+09:00,240,-6,1260,-400,0,0
401009550,월광천녀 애장판 8,월광천녀 애장판,8,,,시미즈 레이코,서울미디어코믹스(서울문화사),2026-08,16200,,1140,247,2026-09-04T10:34:33+09:00,171,-76,1090,50,0,0
382043008,지박소년 하나코 군 25,지박소년 하나코 군,25,,,아이다이로,서울미디어코믹스(서울문화사),2026-01,5400,,1240,248,2026-09-04T10:34:33+09:00,380,132,1030,210,0,0
401345069,"여친, 빌리겠습니다 45","여친, 빌리겠습니다",45,,,미야지마 레이지,학산문화사(만화),2026-09,5400,,1140,249,2026-09-04T10:34:33+09:00,458,209,910,230,0,0
398221799,메달리스트 14,메달리스트,14,,,츠루마이카다,학산문화사(만화),2026-07,5400,10.0,16400,250,2026-09-04T10:34:33+09:00,342,92,16240,160,0,0
391828072,열혈강호 95,열혈강호,95,,,전극진,대원씨아이(만화),2026-04,4950,9.6,12708,251,2026-09-04T10:34:33+09:00,463,212,12348,360,0,0
385786461,스킵과 로퍼 11 (더블 특전판),스킵과 로퍼,11,더블 특전판,"- 미츠미 아크릴 POP + 명장면 흑백 스티커 4종 (초판 특전), 시프트코믹스",타카마츠 미사키,YNK MEDIA(만화),2026-02,5400,8.4,11614,252,2026-09-04T10:34:33+09:00,344,92,11618,-4,0,0
393546382,봇치·더·록! 외전 히로이 키쿠리의 과음일기 5,봇치·더·록! 외전 히로이 키쿠리의 과음일기,5,,,쿠미쵸,대원씨아이(만화),2026-05,8100,10.0,8355,253,2026-09-04T10:34:33+09:00,216,-37,9330,-975,0,0
294400847,헌터x헌터 HunterXHunter 신장판 33,헌터x헌터 HunterXHunter 신장판,33,,,토가시 요시히로,학산문화사(만화),2018-05,5400,,8454,254,2026-09-04T10:34:33+09:00,273,19,8341,113,0,0
307634607,주술회전 21,주술회전,21,,- 도쿄 제2콜로니 -호운-,아쿠타미 게게,서울미디어코믹스(서울문화사),2022-12,5400,9.7,7973,255,2026-09-04T10:34:33+09:00,222,-33,8072,-99,0,0
330062627,주술회전 24,주술회전,24,,- 주택대천 - 재귀 -,아쿠타미 게게,서울미디어코믹스(서울문화사),2023-12,5400,9.5,7896,256,2026-09-04T10:34:33+09:00,247,-9,7941,-45,0,0
323339691,주술회전 23,주술회전,23,,- 별과 기름,아쿠타미 게게,서울미디어코믹스(서울문화사),2023-08,5400,9.9,7708,257,2026-09-04T10:34:33+09:00,251,-6,7573,135,0,0
398289014,첫사랑은 나의 오빠 1,첫사랑은 나의 오빠,1,,,카스미 유코,서울미디어코믹스(서울문화사),2026-07,5850,9.3,5740,258,2026-09-04T10:34:33+09:00,226,-32,5880,-140,0,0
386003919,향기로운 꽃은 늠름하게 핀다 18,향기로운 꽃은 늠름하게 핀다,18,,,미카미 사카,대원씨아이(만화),2026-02,5400,10.0,5641,259,2026-09-04T10:34:33+09:00,352,93,5645,-4,0,0
385131522,야마다 군과 Lv999의 사랑을 하다 4,야마다 군과 Lv999의 사랑을 하다,4,,,마시로,디앤씨미디어(주)(D&C미디어),2026-01,7200,9.8,5316,260,2026-09-04T10:34:33+09:00,314,54,5543,-227,0,0
393753728,수상한 경찰 1 (트리플 특전판),수상한 경찰,1,트리플 특전판,- 초판한정 일러스트 북마크 1종 + 일러스트 엽서 4종 + 캐릭터 프로필 카드 4종,무키시츠,대원씨아이(만화),2026-05,9000,9.6,5325,261,2026-09-04T10:34:33+09:00,200,-61,5440,-115,0,0
395357976,Veil 7,Veil,7,,"- S코믹스, JAPAN EXPO 최우수작화상, 최우수장정상 수상",코테리,㈜소미미디어,2026-06,11520,,4535,262,2026-09-04T10:34:33+09:00,356,94,4540,-5,0,0
397904768,푸른 상자 24,푸른 상자,24,,,미우라 코우지,학산문화사(만화),2026-07,5400,10.0,4295,263,2026-09-04T10:34:33+09:00,231,-32,4370,-75,0,0
374337173,장례식 케이크 전문점 연옥당 3,장례식 케이크 전문점 연옥당,3,,"- 양장, 완결",산호,문학동네,2025-10,19800,9.7,4690,264,2026-09-04T10:34:33+09:00,357,93,4335,355,0,0
399782190,한밤중 하트튠 11,한밤중 하트튠,11,,,이가라시 마사쿠니,학산문화사(만화),2026-08,5400,,4125,265,2026-09-04T10:34:33+09:00,359,94,4125,0,0,0
397294534,비교하고 검토하는 교열부의 쿠쥬 씨 1,비교하고 검토하는 교열부의 쿠쥬 씨,1,,,고이시 유카,서교책방,2026-07,11520,9.7,4480,266,2026-09-04T10:34:33+09:00,496,230,4120,360,0,0
399451773,숨막힐 정도의 사랑을 줄게 7,숨막힐 정도의 사랑을 줄게,7,,,이와시타 케이코,대원씨아이(만화),2026-07,5400,,3895,267,2026-09-04T10:34:33+09:00,259,-8,4065,-170,0,0
399782154,어차피 울 거라면 사랑이 좋아 9,어차피 울 거라면 사랑이 좋아,9,,,쿠사카 아키,학산문화사(만화),2026-08,5400,10.0,3880,268,2026-09-04T10:34:33+09:00,232,-36,4030,-150,0,0
298280697,헌터x헌터 HunterXHunter 신장판 23,헌터x헌터 HunterXHunter 신장판,23,,,토가시 요시히로,학산문화사(만화),2016-05,5400,,3773,269,2026-09-04T10:34:33+09:00,364,95,3643,130,0,0
397995094,수상한 경찰 2 (더블특전판),수상한 경찰,2,더블특전판,- 띠지 + 초판한정 일러스트 카드 1종 + 선착순 더블특전 포토카드 1종,무키시츠,대원씨아이(만화),2026-07,9000,9.5,2950,270,2026-09-04T10:34:33+09:00,235,-35,3105,-155,0,0
400154065,달님이 바라시는 대로 9,달님이 바라시는 대로,9,,,키우치 라무네,서울미디어코믹스(서울문화사),2026-08,5400,,2610,271,2026-09-04T10:34:33+09:00,180,-91,2820,-210,0,0
397818353,너를 너무너무너무너무 좋아하는 100명의 그녀 24,너를 너무너무너무너무 좋아하는 100명의 그녀,24,,,나카무라 리키토,학산문화사(만화),2026-07,5400,,2670,272,2026-09-04T10:34:33+09:00,,,,,1,0
401052876,만화 이상적인 기둥서방 생활 11,만화 이상적인 기둥서방 생활,11,,,히노츠키 네코,길찾기,2026-08,6300,8.0,1220,273,2026-09-04T10:34:33+09:00,188,-85,1560,-340,0,0
400585911,녹풍당의 사계절 21,녹풍당의 사계절,21,,,시미즈 유우,대원씨아이(만화),2026-08,4500,,1440,274,2026-09-04T10:34:33+09:00,205,-69,1640,-200,0,0
400669097,서뱀프 Servamp 23~24 세트 - 전2권,서뱀프 Servamp 23~24 세트 - 전2권,,,"- 판도라 코믹스, 완결 ,초판 한정 일러스트 카드 2종, 16P 소책자, big 엽서 1종",타나카 스트라이크,조은세상(북두),2026-08,13500,,1480,275,2026-09-04T10:34:33+09:00,375,100,1350,130,0,0
401326413,마가이모노 2,마가이모노,2,,"- 위작, S코믹스",쿠로카와 유미,㈜소미미디어,2026-09,8100,,950,276,2026-09-04T10:34:33+09:00,340,64,1210,-260,0,0
400980630,룸메이트 1,룸메이트,1,,,사토 아키히토,대원씨아이(만화),2026-08,6750,10.0,920,277,2026-09-04T10:34:33+09:00,172,-105,1190,-270,0,0
400930488,숲 변두리의 꼬마 마녀 1,숲 변두리의 꼬마 마녀,1,,- S코믹스,후지무라 아유미,㈜소미미디어,2026-09,6300,,1080,278,2026-09-04T10:34:33+09:00,381,103,1030,50,0,0
401049347,냄비로 총알을 막아내며 3,냄비로 총알을 막아내며,3,,,아오키 준타로,블루픽,2026-08,7200,,830,279,2026-09-04T10:34:33+09:00,186,-93,980,-150,0,0
401049303,냄비로 총알을 막아내며 2,냄비로 총알을 막아내며,2,,,아오키 준타로,블루픽,2026-08,7200,,830,280,2026-09-04T10:34:33+09:00,187,-93,980,-150,0,0
393769371,가르쳐줘 집사 2,가르쳐줘 집사,2,,,마사키 미치,서울미디어코믹스(서울문화사),2026-05,6300,9.7,13225,281,2026-09-04T10:34:33+09:00,243,-38,13470,-245,0,0
369786330,마남 이치 1 (트리플 특전판),마남 이치,1,트리플 특전판,- 홀로그램 일러스트 카드 2종 + 아크릴 일러스트 카드 1종,유사자키 시로,서울미디어코믹스(서울문화사),2025-08,6300,9.6,9532,282,2026-09-04T10:34:33+09:00,348,66,9463,69,0,0
388137331,3월의 벽력 1,3월의 벽력,1,,,이케 준코,대원씨아이(만화),2026-03,5400,9.5,8113,283,2026-09-04T10:34:33+09:00,218,-65,8238,-125,0,0
396695591,루리 드래곤 5,루리 드래곤,5,,"- 초판특전: 일러스트 카드, 일러스트 스탠딩 POP",신도 마사오키,서울미디어코믹스(서울문화사),2026-06,5400,8.7,7815,284,2026-09-04T10:34:33+09:00,196,-88,8120,-305,0,0
294401024,헌터x헌터 HunterXHunter 신장판 34,헌터x헌터 HunterXHunter 신장판,34,,,토가시 요시히로,학산문화사(만화),2018-05,5400,,8186,285,2026-09-04T10:34:33+09:00,305,20,8054,132,0,0
392518949,GACHIAKUTA 17,GACHIAKUTA,17,,,케이 우라나,학산문화사(만화),2026-05,5400,10.0,7830,286,2026-09-04T10:34:33+09:00,248,-38,7945,-115,0,0
294401191,헌터x헌터 HunterXHunter 신장판 35,헌터x헌터 HunterXHunter 신장판,35,,,토가시 요시히로,학산문화사(만화),2019-03,5400,2.0,7800,287,2026-09-04T10:34:33+09:00,250,-37,7655,145,0,0
316015391,주술회전 22,주술회전,22,,- 사쿠라지마 콜로니 -환생-,아쿠타미 게게,서울미디어코믹스(서울문화사),2023-05,5400,10.0,7280,288,2026-09-04T10:34:33+09:00,309,21,7341,-61,0,0
298605722,헌터x헌터 HunterXHunter 신장판 32,헌터x헌터 HunterXHunter 신장판,32,,,토가시 요시히로,학산문화사(만화),2013-12,5400,,6432,289,2026-09-04T10:34:33+09:00,313,24,6368,64,0,0
388852450,담배 고양이 1,담배 고양이,1,,,냥냥 팩토리,대원씨아이(만화),2026-03,5400,10.0,5241,290,2026-09-04T10:34:33+09:00,166,-124,5531,-290,0,0
352187570,주술회전 27,주술회전,27,,,아쿠타미 게게,서울미디어코믹스(서울문화사),2024-08,5400,,4811,291,2026-09-04T10:34:33+09:00,315,24,4817,-6,0,0
311653748,헌터x헌터 HunterXHunter 신장판 11,헌터x헌터 HunterXHunter 신장판,11,,,토가시 요시히로,학산문화사(만화),2014-09,5400,,4650,292,2026-09-04T10:34:33+09:00,316,24,4525,125,0,0
298051256,헌터x헌터 HunterXHunter 신장판 17,헌터x헌터 HunterXHunter 신장판,17,,,토가시 요시히로,학산문화사(만화),2015-06,5400,,4347,293,2026-09-04T10:34:33+09:00,281,-12,4342,5,0,0
399051208,세금으로 산 책 2,세금으로 산 책,2,,- 시프트코믹스,케이야마 케이,YNK MEDIA(만화),2026-07,5850,9.0,4005,294,2026-09-04T10:34:33+09:00,282,-12,4195,-190,0,0
300919411,헌터x헌터 HunterXHunter 신장판 18,헌터x헌터 HunterXHunter 신장판,18,,,토가시 요시히로,학산문화사(만화),2015-07,5400,,3981,295,2026-09-04T10:34:33+09:00,283,-12,3976,5,0,0
298280477,헌터x헌터 HunterXHunter 신장판 21,헌터x헌터 HunterXHunter 신장판,21,,,토가시 요시히로,학산문화사(만화),2016-06,5400,,3663,296,2026-09-04T10:34:33+09:00,318,22,3668,-5,0,0
301058679,헌터x헌터 HunterXHunter 신장판 25,헌터x헌터 HunterXHunter 신장판,25,,,토가시 요시히로,학산문화사(만화),2016-08,5400,,3733,297,2026-09-04T10:34:33+09:00,419,122,3573,160,0,0
298280366,헌터x헌터 HunterXHunter 신장판 24,헌터x헌터 HunterXHunter 신장판,24,,,토가시 요시히로,학산문화사(만화),2016-06,5400,,3718,298,2026-09-04T10:34:33+09:00,420,122,3558,160,0,0
395170753,도쿄 학생 애처가 4,도쿄 학생 애처가,4,,,카유카와 스즈,학산문화사(만화),2026-06,6300,9.8,3450,299,2026-09-04T10:34:33+09:00,284,-15,3510,-60,0,0
339953506,방과 후 소년 하나코 군 2,방과 후 소년 하나코 군,2,,,아이다이로,서울미디어코믹스(서울문화사),2024-05,5400,,2592,300,2026-09-04T10:34:33+09:00,368,68,2713,-121,0,0
333689768,건방진 그 녀석 1,건방진 그 녀석,1,,,미츠바치 미유키,학산문화사(만화),2016-03,5400,10.0,2672,301,2026-09-04T10:34:33+09:00,431,130,2577,95,0,0
399953433,추우면 변하는 헤비가미 군 2,추우면 변하는 헤비가미 군,2,,"- SL Comic /초판 한정 특전: 띠지, PET 스탠드, 일러스트 스티커",쿠리미야,디앤씨미디어(주)(D&C미디어),2026-08,6300,,2230,302,2026-09-04T10:34:33+09:00,236,-66,2430,-200,0,0
400006981,유녀전기 대대야사 1,유녀전기 대대야사,1,,- 노엔 코믹스 / 초판한정 특별부록 : 일러스트 카드 + 띠지,토죠 치카,데이즈엔터(주),2026-08,5400,10.0,2480,303,2026-09-04T10:34:33+09:00,326,23,2410,70,0,0
400307585,재혼황후 11,재혼황후,11,,- 만화,히어리,영컴(YOUNG COM),2026-08,15120,,2090,304,2026-09-04T10:34:33+09:00,169,-135,2110,-20,0,0
388016407,정반대의 너와 나 8,정반대의 너와 나,8,,- 완결,아가사와 코챠,학산문화사(만화),2026-03,5400,10.0,1829,305,2026-09-04T10:34:33+09:00,370,65,1884,-55,0,0
400712982,내 백합도 영업인 줄 알았어?,내 백합도 영업인 줄 알았어?,,,"- Novel Engine , 초판한정 특별부록 : 띠지 + 일러스트 카드",아사쿠라 네루,코믹레인,2026-09,7200,,1610,306,2026-09-04T10:34:33+09:00,237,-69,1790,-180,0,0
396089286,향기로운 꽃은 늠름하게 핀다 13,향기로운 꽃은 늠름하게 핀다,13,,,미카미 사카,대원씨아이(만화),2026-06,6300,,1770,307,2026-09-04T10:34:33+09:00,371,64,1720,50,0,0
400585950,보루토 -TWO BLUE VORTEX- 5,보루토 -TWO BLUE VORTEX-,5,,,이케모토 미키오,대원씨아이(만화),2026-08,5850,,1570,308,2026-09-04T10:34:33+09:00,265,-43,1740,-170,0,0
400310759,호랑이형님 20,호랑이형님,20,,,이상규,영컴(YOUNG COM),2026-08,15120,,1590,309,2026-09-04T10:34:33+09:00,330,21,1520,70,0,0
401052841,만화 이상적인 기둥서방 생활 10,만화 이상적인 기둥서방 생활,10,,,히노츠키 네코,길찾기,2026-08,6300,,1110,310,2026-09-04T10:34:33+09:00,269,-41,1390,-280,0,0
400878569,오컬트 타임즈 1,오컬트 타임즈,1,,- 초판 한정 : 일러스트 카드 부록 2종,Idonchi,서울미디어코믹스(서울문화사),2026-08,6300,10.0,1140,311,2026-09-04T10:34:33+09:00,184,-127,1230,-90,0,0
400930360,마로니에 왕국의 7인의 기사 7,마로니에 왕국의 7인의 기사,7,,,이와모토 나오,㈜소미미디어,2026-09,6300,,920,312,2026-09-04T10:34:33+09:00,239,-73,1000,-80,0,0
401041322,술에 취한 영애가 영웅을 몰라보고 구혼한 결과 1,술에 취한 영애가 영웅을 몰라보고 구혼한 결과,1,,,오오토리,대원씨아이(만화),2026-08,5850,,740,313,2026-09-04T10:34:33+09:00,207,-106,950,-210,0,0
401325950,타이카의 이성 3,타이카의 이성,3,,- S코믹스,이타가키 파루,㈜소미미디어,2026-09,6300,,840,314,2026-09-04T10:34:33+09:00,459,145,910,-70,0,0
374014339,명탐정 코난 : 1일 1쪽 뇌 자극 수학 추리 초급편 151문,명탐정 코난 : 1일 1쪽 뇌 자극 수학 추리 초급편 151문,,,,아오야마 고쇼,서울미디어코믹스(서울문화사),2025-10,13500,10.0,1608,315,2026-09-04T10:34:33+09:00,,,,,1,0
401407531,소녀왕국 표류기 43,소녀왕국 표류기,43,,,후지시로 타케시,삼양출판사(만화),2026-08,4320,,1110,316,2026-09-04T10:34:33+09:00,,,,,1,0
396644572,포켓몬 생태도감 특별판,포켓몬 생태도감 특별판,,,,주식회사 포켓몬,대원씨아이(단행본),2026-06,44100,10.0,22855,317,2026-09-04T10:34:33+09:00,241,-76,22945,-90,0,0
366123624,스파이 패밀리 15,스파이 패밀리,15,,,엔도 타츠야,학산문화사(만화),2025-06,5400,9.9,16215,318,2026-09-04T10:34:33+09:00,384,66,16167,48,0,0
323272361,"안녕, 에리","안녕, 에리",,,,후지모토 타츠키,학산문화사(만화),2023-08,5400,9.4,15437,319,2026-09-04T10:34:33+09:00,385,66,15439,-2,0,0
385521459,체인소 맨 22,체인소 맨,22,,,후지모토 타츠키,학산문화사(만화),2026-02,5400,10.0,13142,320,2026-09-04T10:34:33+09:00,462,142,12993,149,0,0
387708305,월간순정 노자키 군 17,월간순정 노자키 군,17,,,츠바키 이즈미,학산문화사(만화),2026-03,5400,9.8,11564,321,2026-09-04T10:34:33+09:00,299,-22,11592,-28,0,0
389928831,새벽의 연화 46,새벽의 연화,46,,,미즈호 쿠사나기,학산문화사(만화),2026-04,5400,9.8,10364,322,2026-09-04T10:34:33+09:00,272,-50,10485,-121,0,0
335112422,주술회전 25,주술회전,25,,- 인외마경 신주쿠 결전,아쿠타미 게게,서울미디어코믹스(서울문화사),2024-02,5400,9.6,10143,323,2026-09-04T10:34:33+09:00,245,-78,10096,47,0,0
341524569,주술회전 26,주술회전,26,,- 남쪽으로,아쿠타미 게게,서울미디어코믹스(서울문화사),2024-06,5400,,8769,324,2026-09-04T10:34:33+09:00,304,-20,8670,99,0,0
398836243,TV애니메이션 주술회전 회옥·옥절/시부야 사변 공식 가이드북,TV애니메이션 주술회전 회옥·옥절/시부야 사변 공식 가이드북,,,- 초판 한정 : 책갈피 2종,아쿠타미 게게,서울미디어코믹스(서울문화사),2026-07,24300,10.0,7585,325,2026-09-04T10:34:33+09:00,275,-50,7850,-265,0,0
396563591,히나타의 블루 6,히나타의 블루,6,,"- 완결, 루나 코믹스 / 초판 한정 양면 어나더 커버, 렌티큘러 카드, 일러스트 카드",메구로 아무,㈜소미미디어,2026-07,6300,10.0,7525,326,2026-09-04T10:34:33+09:00,393,67,7540,-15,0,0
336635744,향기로운 꽃은 늠름하게 핀다 7,향기로운 꽃은 늠름하게 핀다,7,,,미카미 사카,대원씨아이(만화),2024-03,5400,10.0,7382,327,2026-09-04T10:34:33+09:00,394,67,7398,-16,0,0
294032766,헌터x헌터 HunterXHunter 신장판 1,헌터x헌터 HunterXHunter 신장판,1,,,토가시 요시히로,학산문화사(만화),2013-07,5400,10.0,6559,328,2026-09-04T10:34:33+09:00,277,-51,6712,-153,0,0
394695461,블루 록 36,블루 록,36,,,노무라 유스케,학산문화사(만화),2026-06,5400,,5940,329,2026-09-04T10:34:33+09:00,278,-51,6195,-255,0,0
292320734,헌터x헌터 HunterXHunter 신장판 2,헌터x헌터 HunterXHunter 신장판,2,,,토가시 요시히로,학산문화사(만화),2012-07,5400,10.0,6131,330,2026-09-04T10:34:33+09:00,399,69,5941,190,0,0
280599653,지박소년 하나코 군 1,지박소년 하나코 군,1,,,아이다이로,서울미디어코믹스(서울문화사),2021-10,5400,10.0,5556,331,2026-09-04T10:34:33+09:00,402,71,5497,59,0,0
373998674,야마다 군과 Lv999의 사랑을 하다 1,야마다 군과 Lv999의 사랑을 하다,1,,,마시로,디앤씨미디어(주)(D&C미디어),2025-09,7200,9.8,5171,332,2026-09-04T10:34:33+09:00,254,-78,5266,-95,0,0
396574570,Re : 제로부터 시작하는 이세계 생활 42,Re : 제로부터 시작하는 이세계 생활,42,,"- Novel Engine /초판한정 특별부록 : 띠지, 일러스트 카드",나가츠키 탓페이,데이즈엔터(주),2026-07,7200,10.0,4940,333,2026-09-04T10:34:33+09:00,279,-54,5155,-215,0,0
354729574,주술회전 28,주술회전,28,,- 인외마경 신주쿠 결전 : 9점 점바둑,아쿠타미 게게,서울미디어코믹스(서울문화사),2024-12,5400,10.0,5103,334,2026-09-04T10:34:33+09:00,354,20,5097,6,0,0
395173556,내 마음의 위험한 녀석 13,내 마음의 위험한 녀석,13,,- S코믹스,사쿠라이 노리오,㈜소미미디어,2026-06,6300,9.4,4855,335,2026-09-04T10:34:33+09:00,255,-80,4880,-25,0,0
282899765,지박소년 하나코 군 8,지박소년 하나코 군,8,,,아이다이로,서울미디어코믹스(서울문화사),2021-11,5400,10.0,4713,336,2026-09-04T10:34:33+09:00,355,19,4836,-123,0,0
396766600,유루캠 18,유루캠,18,,,아프로,대원씨아이(만화),2026-06,4950,9.6,3885,337,2026-09-04T10:34:33+09:00,258,-79,4160,-275,0,0
298280458,헌터x헌터 HunterXHunter 신장판 30,헌터x헌터 HunterXHunter 신장판,30,,,토가시 요시히로,학산문화사(만화),2017-03,5400,,4087,338,2026-09-04T10:34:33+09:00,497,159,3945,142,0,0
298280739,헌터x헌터 HunterXHunter 신장판 16,헌터x헌터 HunterXHunter 신장판,16,,,토가시 요시히로,학산문화사(만화),2015-04,5400,,3710,339,2026-09-04T10:34:33+09:00,317,-22,3665,45,0,0
301058589,헌터x헌터 HunterXHunter 신장판 19,헌터x헌터 HunterXHunter 신장판,19,,,토가시 요시히로,학산문화사(만화),2015-08,5400,,3614,340,2026-09-04T10:34:33+09:00,320,-20,3585,29,0,0
298280514,헌터x헌터 HunterXHunter 신장판 27,헌터x헌터 HunterXHunter 신장판,27,,,토가시 요시히로,학산문화사(만화),2016-10,5400,,3555,341,2026-09-04T10:34:33+09:00,421,80,3517,38,0,0
301058824,헌터x헌터 HunterXHunter 신장판 29,헌터x헌터 HunterXHunter 신장판,29,,,토가시 요시히로,학산문화사(만화),2017-01,5400,,3674,342,2026-09-04T10:34:33+09:00,501,159,3516,158,0,0
397997937,사일런트 위치 10,사일런트 위치,10,,"- 침묵의 마녀의 비밀, ROSY",이소라 마츠리,데이즈엔터(주),2026-07,9900,10.0,3370,343,2026-09-04T10:34:33+09:00,362,19,3465,-95,0,0
399973698,시노비고토 7,시노비고토,7,,,미타라시 산타,학산문화사(만화),2026-08,6300,,2640,344,2026-09-04T10:34:33+09:00,286,-58,2920,-280,0,0
398728336,마법소녀를 동경해서 5 (더블특전판),마법소녀를 동경해서,5,더블특전판,- 초판한정 : 일러스트 카드 1종 + SD 스티커 1종,오노나카 아키히로,대원씨아이(만화),2026-07,6750,,2820,345,2026-09-04T10:34:33+09:00,366,21,2850,-30,0,0
333640352,정반대의 너와 나 3,정반대의 너와 나,3,,,아가사와 코챠,학산문화사(만화),2024-02,5400,9.8,2803,346,2026-09-04T10:34:33+09:00,506,160,2777,26,0,0
345587184,정반대의 너와 나 4,정반대의 너와 나,4,,,아가사와 코챠,학산문화사(만화),2024-08,5400,9.7,2786,347,2026-09-04T10:34:33+09:00,507,160,2771,15,0,0
398203513,톰 폭스의 옷을 입은 캐릭터 드로잉 : 아티스트를 위한 옷과 주름 그리기 가이드,톰 폭스의 옷을 입은 캐릭터 드로잉 : 아티스트를 위한 옷과 주름 그리기 가이드,,,,톰 폭스,한즈미디어(한스미디어),2026-07,28800,10.0,2505,348,2026-09-04T10:34:33+09:00,203,-145,2670,-165,0,0
400197602,타로의 얼렁뚱땅 2,타로의 얼렁뚱땅,2,,,야츠미 츠무,서울미디어코믹스(서울문화사),2026-08,5850,10.0,2470,349,2026-09-04T10:34:33+09:00,367,18,2580,-110,0,0
400197883,망각 배터리 23,망각 배터리,23,,,에코 미카와,서울미디어코믹스(서울문화사),2026-08,5400,,2580,350,2026-09-04T10:34:33+09:00,324,-26,2570,10,0,0
375360802,44교시 생존수업 1~2 세트 - 전2권,44교시 생존수업 1~2 세트 - 전2권,,,,상C,네이버웹툰,2025-12,28800,10.0,2214,351,2026-09-04T10:34:33+09:00,159,-192,2454,-240,0,0
313274245,네가 죽을 때까지 사랑하고 싶어 1,네가 죽을 때까지 사랑하고 싶어,1,,,나치 아오노,학산문화사(만화),2020-12,5400,,2333,352,2026-09-04T10:34:33+09:00,369,17,2348,-15,0,0
366271674,정반대의 너와 나 7,정반대의 너와 나,7,,,아가사와 코챠,학산문화사(만화),2025-06,5400,9.9,2063,353,2026-09-04T10:34:33+09:00,437,84,2080,-17,0,0
397810577,쪽팔려게임 1~2 세트 - 전2권,쪽팔려게임 1~2 세트 - 전2권,,,"- 초판 한정 부록 : 1권,2권 엽서 2종 + 학생증 2종 + 면지에 작가님 친필 사인(인쇄본)",봉수,네이버웹툰,2026-09,28800,,2160,354,2026-09-04T10:34:33+09:00,439,85,2045,115,0,0
396090083,향기로운 꽃은 늠름하게 핀다 8,향기로운 꽃은 늠름하게 핀다,8,,,미카미 사카,대원씨아이(만화),2026-06,6300,,1620,355,2026-09-04T10:34:33+09:00,443,88,1625,-5,0,0
400856516,아오아시 17,아오아시,17,,,코바야시 유고,대원씨아이(만화),2026-08,5850,,1390,356,2026-09-04T10:34:33+09:00,204,-152,1600,-210,0,0
400669111,커다란 네가 제일 귀여워,커다란 네가 제일 귀여워,,,- 라르고 맥스 Largo Max,유키하루,조은세상(북두),2026-08,6300,,1190,357,2026-09-04T10:34:33+09:00,206,-151,1370,-180,0,0
400921733,이세계 전생 던전 마스터 온천 던전을 만들다 1,이세계 전생 던전 마스터 온천 던전을 만들다,1,,"- S Novel+, 초판 한정 아마하라 신규 일러스트 양면커버, 일러스트카드",아마하라,㈜소미미디어,2026-09,9000,,1720,358,2026-09-04T10:34:33+09:00,238,-120,1220,500,0,0
398284900,공정 드래곤즈 21,공정 드래곤즈,21,,,쿠와바라 타쿠,대원씨아이(만화),2026-07,5400,9.3,970,359,2026-09-04T10:34:33+09:00,,,,,1,0
401008380,렛츠고 괴기조 5,렛츠고 괴기조,5,,,View,㈜에스엠지크리에이티브(고은문화사),2026-08,5850,,590,360,2026-09-04T10:34:33+09:00,337,-23,680,-90,0,0
400880249,파도였던 날들,파도였던 날들,,,,AJ 덩고,미메시스,2026-09,25200,10.0,620,361,2026-09-04T10:34:33+09:00,457,96,650,-30,0,0
391724964,가르쳐줘 집사 1,가르쳐줘 집사,1,,- 초판 한정 더블 특전 : 양면 코스터 & 포토카드 2종 세트,마사키 미치,서울미디어코믹스(서울문화사),2026-04,6300,9.7,10577,362,2026-09-04T10:34:33+09:00,300,-62,10819,-242,0,0
312942363,타코피의 원죄 - 상,타코피의 원죄 - 상,,,,타이잔5,대원씨아이(만화),2023-03,5400,9.9,10315,363,2026-09-04T10:34:33+09:00,389,26,10305,10,0,0
368857673,명탐정 코난 107,명탐정 코난,107,,,아오야마 고쇼,서울미디어코믹스(서울문화사),2025-07,5400,9.9,10292,364,2026-09-04T10:34:33+09:00,388,24,10297,-5,0,0
312942437,타코피의 원죄 - 하,타코피의 원죄 - 하,,,,타이잔5,대원씨아이(만화),2023-03,5400,8.8,10095,365,2026-09-04T10:34:33+09:00,467,102,9943,152,0,0
369126143,주술회전 30,주술회전,30,,,아쿠타미 게게,서울미디어코믹스(서울문화사),2025-08,5400,10.0,9180,366,2026-09-04T10:34:33+09:00,303,-63,9271,-91,0,0
388821136,중년에 지친 밤에는,중년에 지친 밤에는,,,,마스다 미리,북포레스트,2026-03,16200,9.4,7993,367,2026-09-04T10:34:33+09:00,392,25,8146,-153,0,0
395358108,찍히지 않습니다 6,찍히지 않습니다,6,,"- S코믹스 /초판 한정 일러스트 카드, 폴라로이드 사진풍 카드 2종",코노시마 루카,㈜소미미디어,2026-06,6300,10.0,8040,368,2026-09-04T10:34:33+09:00,554,186,7975,65,0,0
303424817,주술회전 20,주술회전,20,,- 센다이 -연회 중반-,아쿠타미 게게,서울미디어코믹스(서울문화사),2022-10,5400,9.8,7718,369,2026-09-04T10:34:33+09:00,306,-63,7814,-96,0,0
303306489,망그러진 만화 1,망그러진 만화,1,,- 망그러진 곰과 햄터의 귀염뽀짝 일상다반사!,유랑,좋은생각,2022-11,15120,9.9,7603,370,2026-09-04T10:34:33+09:00,468,98,7405,198,0,0
375360162,향기로운 꽃은 늠름하게 핀다 17,향기로운 꽃은 늠름하게 핀다,17,,,미카미 사카,대원씨아이(만화),2025-10,5400,,7130,371,2026-09-04T10:34:33+09:00,470,99,7147,-17,0,0
372708826,향기로운 꽃은 늠름하게 핀다 16,향기로운 꽃은 늠름하게 핀다,16,,,미카미 사카,대원씨아이(만화),2025-09,5400,9.8,7094,372,2026-09-04T10:34:33+09:00,471,99,7071,23,0,0
379515213,야마다 군과 Lv999의 사랑을 하다 4~6 특별판 세트 - 전3권,야마다 군과 Lv999의 사랑을 하다 4~6 특별판 세트 - 전3권,,,- 띠지 + 특별판 아크릴 북스탠드 + 특별판 아크릴 블록 + 특별판 양면 책갈피 + 일반판 일러스트 카드 3종 + 일반판 폴라로이드 카드 3종,마시로,디앤씨미디어(주)(D&C미디어),2025-12,49500,10.0,6968,373,2026-09-04T10:34:33+09:00,395,22,7089,-121,0,0
329703592,지박소년 하나코 군 20,지박소년 하나코 군,20,,,아이다이로,서울미디어코믹스(서울문화사),2023-12,5400,8.9,6812,374,2026-09-04T10:34:33+09:00,473,99,6864,-52,0,0
399045982,유희왕 애장판 21,유희왕 애장판,21,,,다카하시 카즈키,대원씨아이(만화),2026-07,10800,,6520,375,2026-09-04T10:34:33+09:00,312,-63,6685,-165,0,0
297902307,헌터x헌터 HunterXHunter 신장판 3,헌터x헌터 HunterXHunter 신장판,3,,,토가시 요시히로,학산문화사(만화),2013-08,5400,,5604,376,2026-09-04T10:34:33+09:00,353,-23,5614,-10,0,0
304091956,지박소년 하나코 군 18,지박소년 하나코 군,18,,,아이다이로,서울미디어코믹스(서울문화사),2022-11,5400,9.6,5229,377,2026-09-04T10:34:33+09:00,478,101,5292,-63,0,0
297863750,헌터x헌터 HunterXHunter 신장판 5,헌터x헌터 HunterXHunter 신장판,5,,,토가시 요시히로,학산문화사(만화),2013-10,5400,,5296,378,2026-09-04T10:34:33+09:00,404,26,5281,15,0,0
399051127,"너무 건방져, 치가야 군 1","너무 건방져, 치가야 군",1,,,안도 마이,에이템포미디어,2026-07,5850,,4750,379,2026-09-04T10:34:33+09:00,405,26,4915,-165,0,0
292995505,지박소년 하나코 군 17,지박소년 하나코 군,17,,,아이다이로,서울미디어코믹스(서울문화사),2022-05,5400,9.7,5066,380,2026-09-04T10:34:33+09:00,697,317,4868,198,0,0
246152488,여름 안에서,여름 안에서,,,,성률,문학동네,2020-07,17550,8.1,4881,381,2026-09-04T10:34:33+09:00,576,195,4781,100,0,0
297902517,헌터x헌터 HunterXHunter 신장판 10,헌터x헌터 HunterXHunter 신장판,10,,,토가시 요시히로,학산문화사(만화),2014-04,5400,,4713,382,2026-09-04T10:34:33+09:00,484,102,4662,51,0,0
281358410,원피스 1,원피스,1,,- 동터오는 모험시대,오다 에이치로,대원씨아이(만화),2008-03,4950,10.0,4325,383,2026-09-04T10:34:33+09:00,408,25,4455,-130,0,0
394099635,담배 고양이 3,담배 고양이,3,,,냥냥 팩토리,대원씨아이(만화),2026-05,5400,10.0,4225,384,2026-09-04T10:34:33+09:00,230,-154,4465,-240,0,0
294154150,헌터x헌터 HunterXHunter 신장판 12,헌터x헌터 HunterXHunter 신장판,12,,,토가시 요시히로,학산문화사(만화),2014-09,5400,,4328,385,2026-09-04T10:34:33+09:00,358,-27,4300,28,0,0
399453196,묘쌤은 이렇게 말했다 11,묘쌤은 이렇게 말했다,11,,- S코믹스,무테키 소다,㈜소미미디어,2026-08,6300,10.0,4345,386,2026-09-04T10:34:33+09:00,407,21,4245,100,0,0
337105332,Veil 1,Veil,1,,"- S코믹스, JAPAN EXPO 최우수작화상, 최우수장정상 수상",코테리,㈜소미미디어,2024-04,11520,9.2,4379,387,2026-09-04T10:34:33+09:00,493,106,4228,151,0,0
395849750,놀이의 관계 1,놀이의 관계,1,,- S Novel,아오이 세키나,㈜소미미디어,2026-06,7650,10.0,3980,388,2026-09-04T10:34:33+09:00,410,22,3915,65,0,0
330441742,기븐 9,기븐,9,,- 뉴 루비코믹스 2970,키즈 나츠키,현대지능개발사,2023-12,5400,9.7,3941,389,2026-09-04T10:34:33+09:00,411,22,3942,-1,0,0
399540525,전희 서바이벌 사가 3,전희 서바이벌 사가,3,,,OTOSAMA,오팬스코믹,2026-07,6300,10.0,3480,390,2026-09-04T10:34:33+09:00,234,-156,3705,-225,0,0
397294900,비교하고 검토하는 교열부의 쿠쥬 씨 2,비교하고 검토하는 교열부의 쿠쥬 씨,2,,,고이시 유카,서교책방,2026-07,11520,10.0,3795,391,2026-09-04T10:34:33+09:00,725,334,3435,360,0,0
314918637,헌터x헌터 HunterXHunter 신장판 20,헌터x헌터 HunterXHunter 신장판,20,,,토가시 요시히로,학산문화사(만화),2015-12,5400,,3492,392,2026-09-04T10:34:33+09:00,363,-29,3457,35,0,0
394239585,사피엔스: 그래픽 히스토리 시리즈 세트 - 전4권,사피엔스: 그래픽 히스토리 시리즈 세트 - 전4권,,,,,김영사,2026-05,71280,9.3,3425,393,2026-09-04T10:34:33+09:00,733,340,3165,260,0,0
393153006,마가이모노 1,마가이모노,1,,"- 위작, S코믹스",쿠로카와 유미,㈜소미미디어,2026-05,8100,9.6,3105,394,2026-09-04T10:34:33+09:00,512,118,3110,-5,0,0
388562286,양 선배는 혼자서 살아갈 수 없어 1,양 선배는 혼자서 살아갈 수 없어,1,,,soon챠,대원씨아이(만화),2026-03,5850,,2843,395,2026-09-04T10:34:33+09:00,425,30,3015,-172,0,0
398869812,창천항로 애장판 3,창천항로 애장판,3,,,킹곤타,대원씨아이(만화),2026-07,16200,,2820,396,2026-09-04T10:34:33+09:00,323,-73,2685,135,0,0
320637311,정반대의 너와 나 1,정반대의 너와 나,1,,,아가사와 코챠,학산문화사(만화),2023-07,5400,9.8,3021,397,2026-09-04T10:34:33+09:00,598,201,2911,110,0,0
345982331,흑무경담 1,흑무경담,1,,- S코믹스,토가와 요난,㈜소미미디어,2024-09,5400,8.6,2941,398,2026-09-04T10:34:33+09:00,604,206,2891,50,0,0
322804966,정반대의 너와 나 2,정반대의 너와 나,2,,,아가사와 코챠,학산문화사(만화),2023-08,5400,9.8,2901,399,2026-09-04T10:34:33+09:00,602,203,2816,85,0,0
399486670,서유요원전 서역편 : 화염산의 장 4,서유요원전 서역편 : 화염산의 장,4,,,모로호시 다이지로,문학동네,2026-07,9900,,2590,400,2026-09-04T10:34:33+09:00,287,-113,2710,-120,0,0
399486641,서유요원전 서역편 : 화염산의 장 3,서유요원전 서역편 : 화염산의 장,3,,,모로호시 다이지로,문학동네,2026-07,9900,,2580,401,2026-09-04T10:34:33+09:00,288,-113,2700,-120,0,0
399973609,켄투리아 6,켄투리아,6,,,쿠라모리 토오루,학산문화사(만화),2026-08,5400,10.0,2950,402,2026-09-04T10:34:33+09:00,609,207,2680,270,0,0
353581707,정반대의 너와 나 6,정반대의 너와 나,6,,,아가사와 코챠,학산문화사(만화),2024-12,5400,9.9,2515,403,2026-09-04T10:34:33+09:00,426,23,2809,-294,0,0
349941684,정반대의 너와 나 5,정반대의 너와 나,5,,,아가사와 코챠,학산문화사(만화),2024-10,5400,9.9,2614,404,2026-09-04T10:34:33+09:00,428,24,2738,-124,0,0
344689794,네가 죽을 때까지 사랑하고 싶어 7,네가 죽을 때까지 사랑하고 싶어,7,,,나치 아오노,학산문화사(만화),2024-08,5400,10.0,2534,405,2026-09-04T10:34:33+09:00,436,31,2506,28,0,0
399926241,어쨌든 귀여워 25,어쨌든 귀여워,25,,- S코믹스,하타 켄지로,㈜소미미디어,2026-08,6300,,2080,406,2026-09-04T10:34:33+09:00,329,-77,2300,-220,0,0
393803230,J⇔M 제이엠 6,J⇔M 제이엠,6,,,오타케 마사오,대원씨아이(만화),2026-05,6300,10.0,2260,407,2026-09-04T10:34:33+09:00,327,-80,2200,60,0,0
399556315,이우일의 만화 그리스로마 신화 1~3 세트 - 전3권,이우일의 만화 그리스로마 신화 1~3 세트 - 전3권,,,,이우일,비채,2026-07,59850,,2160,408,2026-09-04T10:34:33+09:00,325,-83,2255,-95,0,0
331618813,먼작귀 1 (그림책 포함 특별판),먼작귀,1,그림책 포함 특별판,- 먼가 작고 귀여운 녀석,나가노,미우(대원씨아이),2022-06,17820,,2101,409,2026-09-04T10:34:33+09:00,438,29,2136,-35,0,0
400001284,와카코와 술 25,와카코와 술,25,,,신큐 치에,AK(에이케이)커뮤니케이션즈,2026-08,7200,,1870,410,2026-09-04T10:34:33+09:00,441,31,1770,100,0,0
386058010,사카모토 데이즈 25,사카모토 데이즈,25,,- 친구이상 킬러미만,스즈키 유우토,대원씨아이(만화),2026-02,5850,,1515,411,2026-09-04T10:34:33+09:00,376,-35,1445,70,0,0
337394406,풀 나이트 1,풀 나이트,1,,- S코믹스,야스다 카스미,㈜소미미디어,2024-04,6300,10.0,1321,412,2026-09-04T10:34:33+09:00,332,-80,1265,56,0,0
400311047,호랑이형님 21,호랑이형님,21,,,이상규,영컴(YOUNG COM),2026-08,15120,,1410,413,2026-09-04T10:34:33+09:00,445,32,1310,100,0,0
340310033,블리치 리믹스 3,블리치 리믹스,3,,,쿠보 타이토,서울미디어코믹스(서울문화사),2024-05,10800,10.0,1328,414,2026-09-04T10:34:33+09:00,530,116,1153,175,0,0
375361063,44교시 생존수업 1,44교시 생존수업,1,,,상C,네이버웹툰,2025-12,14400,,1246,415,2026-09-04T10:34:33+09:00,807,392,1106,140,0,0
400930279,에리스의 성배 6,에리스의 성배,6,,- S코믹스,모모야마 히나세,㈜소미미디어,2026-09,6300,,910,416,2026-09-04T10:34:33+09:00,542,126,940,-30,0,0
400556285,꿈자리가 이상한데요?! 외전 (한정판),꿈자리가 이상한데요?! 외전,,한정판,"- 구성: 도서, SD 판 스티커, 작가 선화 및 사인 인쇄, 아크릴 누들 스토퍼, 네컷사진, 증명사진 세트, 포토카드 2종, 폴라로이드 2종",흰귀,북극여우,2026-10,39600,,940,417,2026-09-04T10:34:33+09:00,535,118,940,0,0,0
400921444,페이스리스 드롭아웃 1,페이스리스 드롭아웃,1,,- S Novel+,류토,㈜소미미디어,2026-09,10800,,1580,418,2026-09-04T10:34:33+09:00,378,-40,890,690,0,0
400856452,치하야 리스타트! 2,치하야 리스타트!,2,,,타케우치 홀로,대원씨아이(만화),2026-08,5850,6.0,830,419,2026-09-04T10:34:33+09:00,377,-42,840,-10,0,0
401248068,"달은 차고 이지러져, 짐승의 사랑 신장판","달은 차고 이지러져, 짐승의 사랑 신장판",,,- 라르고 맥스 Largo Max,노지로 구리,조은세상(북두),2026-09,5850,,630,420,2026-09-04T10:34:33+09:00,543,123,730,-100,0,0
401247959,내일은 어느 쪽! 12,내일은 어느 쪽!,12,,- 코믹 라르고 Comic Largo,야마모토 코테츠코,조은세상(북두),2026-09,5400,,620,421,2026-09-04T10:34:33+09:00,540,119,560,60,0,0
401345304,사령 마술의 용의자 3,사령 마술의 용의자,3,,,오니오,학산문화사(만화),2026-09,6300,,1060,422,2026-09-04T10:34:33+09:00,,,,,1,0
361704320,여학교의 별 4,여학교의 별,4,,,와야마 야마,문학동네,2025-03,7650,9.8,28635,423,2026-09-04T10:34:33+09:00,460,37,28704,-69,0,0
393250501,도쿄 에일리언즈 12 (트리플 특장판),도쿄 에일리언즈,12,트리플 특장판,- 초판 한정 : 아크릴 일러스트 카드(초판 전체) + 스페셜 일러스트 카드(선착순 한정) + 인화사진 (선착순 한정),NAOE,서울미디어코믹스(서울문화사),2026-05,5400,10.0,16300,424,2026-09-04T10:34:33+09:00,383,-41,16565,-265,0,0
280555213,포인트 캐릭터 드로잉 - 전2권,포인트 캐릭터 드로잉 - 전2권,,,,타코,레진코믹스(레진엔터테인먼트),2021-09,25200,10.0,16088,425,2026-09-04T10:34:33+09:00,382,-43,16159,-71,0,0
399067587,매거진 조이 Vol.3 : 가비지타임,매거진 조이 Vol.3 : 가비지타임,,,- 초판 한정 : 히든카드/ 상시 특별 부록: 접지 포스터 + 북마크 4종,2사장,다산코믹스,2026-07,22500,10.0,14165,426,2026-09-04T10:34:33+09:00,461,35,14360,-195,0,0
186848330,쥐 The Complete Maus 합본,쥐 The Complete Maus 합본,,,,아트 슈피겔만,아름드리미디어,2014-06,18900,9.4,13795,427,2026-09-04T10:34:33+09:00,343,-84,13808,-13,0,0
368125805,장송의 프리렌 14,장송의 프리렌,14,,,야마다 카네히토,학산문화사(만화),2025-07,5400,9.8,10860,428,2026-09-04T10:34:33+09:00,386,-42,10974,-114,0,0
366700348,신부이야기 15,신부이야기,15,,,모리 카오루,대원씨아이(만화),2025-06,7200,9.4,10567,429,2026-09-04T10:34:33+09:00,465,36,10652,-85,0,0
397744206,학생회에도 구멍은 있다! 12,학생회에도 구멍은 있다!,12,,- S코믹스,무치마로,㈜소미미디어,2026-07,6300,9.0,10280,430,2026-09-04T10:34:33+09:00,390,-40,10250,30,0,0
398221849,메달리스트 공식 팬북 더블특전판,메달리스트 공식 팬북 더블특전판,,,- 수량 한정 더블 특전 : 일러스트 카드 + 네컷사진,츠루마이카다,학산문화사(만화),2026-07,13500,10.0,9780,431,2026-09-04T10:34:33+09:00,347,-84,9780,0,0,0
299392454,자연스러운 인체 드로잉,자연스러운 인체 드로잉,,,- 해부학부터 옷 주름까지 배우는,소은 박경선,동양북스(동양문고),2022-08,21150,10.0,9622,432,2026-09-04T10:34:33+09:00,346,-86,9768,-146,0,0
382046167,캐릭캐릭 체인지! Jewel Joker 주얼 조커 2,캐릭캐릭 체인지! Jewel Joker 주얼 조커,2,,,PEACH-PIT,서울미디어코믹스(서울문화사),2025-12,5850,9.8,9457,433,2026-09-04T10:34:33+09:00,548,115,9459,-2,0,0
2308089,만화의 이해,만화의 이해,,,,스콧 맥클라우드,비즈앤비즈,2008-07,17100,9.8,9161,434,2026-09-04T10:34:33+09:00,549,115,9091,70,0,0
363873557,찍히지 않습니다 1,찍히지 않습니다,1,,- S코믹스,코노시마 루카,㈜소미미디어,2025-05,6300,9.8,9123,435,2026-09-04T10:34:33+09:00,550,115,9023,100,0,0
352603529,지박소년 하나코 군 22,지박소년 하나코 군,22,,,아이다이로,서울미디어코믹스(서울문화사),2024-11,5400,9.9,9089,436,2026-09-04T10:34:33+09:00,662,226,8952,137,0,0
360719281,지박소년 하나코 군 23,지박소년 하나코 군,23,,,아이다이로,서울미디어코믹스(서울문화사),2025-03,5400,9.8,6744,437,2026-09-04T10:34:33+09:00,848,411,6569,175,0,0
216773326,그 비스크 돌은 사랑을 한다 1,그 비스크 돌은 사랑을 한다,1,,- S코믹스,후쿠다 신이치,㈜소미미디어,2019-11,6300,9.4,6166,438,2026-09-04T10:34:33+09:00,350,-88,6309,-143,0,0
365659712,타워 던전 1,타워 던전,1,,,니헤이 츠토무,학산문화사(만화),2025-06,6300,9.6,5661,439,2026-09-04T10:34:33+09:00,475,36,5791,-130,0,0
314077334,헌터x헌터 HunterXHunter 신장판 4,헌터x헌터 HunterXHunter 신장판,4,,,토가시 요시히로,학산문화사(만화),2013-08,5400,,5272,440,2026-09-04T10:34:33+09:00,403,-37,5247,25,0,0
394169724,쓰레기 기둥서방 하나 군은 죽고 싶어 해 3,쓰레기 기둥서방 하나 군은 죽고 싶어 해,3,,,아메코,대원씨아이(만화),2026-05,5850,9.7,5005,441,2026-09-04T10:34:33+09:00,476,35,5250,-245,0,0
317849520,지박소년 하나코 군 19,지박소년 하나코 군,19,,,아이다이로,서울미디어코믹스(서울문화사),2023-06,5400,9.8,5013,442,2026-09-04T10:34:33+09:00,572,130,5055,-42,0,0
294153055,헌터x헌터 HunterXHunter 신장판 7,헌터x헌터 HunterXHunter 신장판,7,,,토가시 요시히로,학산문화사(만화),2014-01,5400,,4997,443,2026-09-04T10:34:33+09:00,480,37,4948,49,0,0
389890523,타워 던전 5,타워 던전,5,,,니헤이 츠토무,학산문화사(만화),2026-04,6300,9.9,4791,444,2026-09-04T10:34:33+09:00,479,35,4912,-121,0,0
398418968,황천의 츠가이 11 (특별판),황천의 츠가이,11,특별판,- 초판부록 2종 + 패키지 박스 + 운명의 쌍둥이 아크릴 스탠드 2종 + 팬던트 아크릴 참 키링 1종+ 시그니처 포토카드 1종 + 빅 캔배지 1종 + 홀로그램 카드 2종,아라카와 히로무,대원씨아이(만화),2026-07,25650,10.0,4665,445,2026-09-04T10:34:33+09:00,481,36,4710,-45,0,0
390998609,담배 고양이 2,담배 고양이,2,,,냥냥 팩토리,대원씨아이(만화),2026-04,5400,10.0,4336,446,2026-09-04T10:34:33+09:00,256,-190,4563,-227,0,0
315823527,헌터x헌터 HunterXHunter 신장판 9,헌터x헌터 HunterXHunter 신장판,9,,,토가시 요시히로,학산문화사(만화),2014-04,5400,,4575,447,2026-09-04T10:34:33+09:00,577,130,4494,81,0,0
395357833,전생했더니 슬라임이었던 건에 대하여 23,전생했더니 슬라임이었던 건에 대하여,23,,"- S Novel+, 완결 / 초판 한정 책갈피, 양면커버",후세,㈜소미미디어,2026-06,12600,,4575,448,2026-09-04T10:34:33+09:00,486,38,4450,125,0,0
314077483,헌터x헌터 HunterXHunter 신장판 8,헌터x헌터 HunterXHunter 신장판,8,,,토가시 요시히로,학산문화사(만화),2014-01,5400,,4518,449,2026-09-04T10:34:33+09:00,578,129,4435,83,0,0
280599755,지박소년 하나코 군 3,지박소년 하나코 군,3,,,아이다이로,서울미디어코믹스(서울문화사),2021-10,5400,10.0,4431,450,2026-09-04T10:34:33+09:00,703,253,4373,58,0,0
382042317,디 그레이 맨 29,디 그레이 맨,29,,,호시노 카츠라,대원씨아이(만화),2025-12,5400,10.0,4251,451,2026-09-04T10:34:33+09:00,580,129,4179,72,0,0
394711835,악마에 입문했습니다! 이루마 군 : if Episode of 마피아 7,악마에 입문했습니다! 이루마 군 : if Episode of 마피아,7,,,니시 오사무,서울미디어코믹스(서울문화사),2026-06,5850,,4075,452,2026-09-04T10:34:33+09:00,360,-92,4185,-110,0,0
396049036,담배 고양이 4,담배 고양이,4,,,냥냥 팩토리,대원씨아이(만화),2026-06,5400,10.0,3960,453,2026-09-04T10:34:33+09:00,257,-196,4175,-215,0,0
282899789,지박소년 하나코 군 9,지박소년 하나코 군,9,,,아이다이로,서울미디어코믹스(서울문화사),2021-11,5400,10.0,4052,454,2026-09-04T10:34:33+09:00,582,128,4141,-89,0,0
396377370,너를 사랑하는 살인귀 1,너를 사랑하는 살인귀,1,,- 시프트코믹스,아키야마 엔마,YNK MEDIA(만화),2026-06,5400,10.0,4255,455,2026-09-04T10:34:33+09:00,706,251,4135,120,0,0
390940611,이로하의 글이 이끄는 -눈 녹는 길-,이로하의 글이 이끄는 -눈 녹는 길-,,,,하나모리,시플리,2026-04,6300,9.1,3928,456,2026-09-04T10:34:33+09:00,412,-44,4018,-90,0,0
310412096,기븐 8,기븐,8,,- 뉴 루비코믹스 2865,키즈 나츠키,현대지능개발사,2023-02,5400,9.6,4015,457,2026-09-04T10:34:33+09:00,495,38,4074,-59,0,0
284923922,지박소년 하나코 군 13,지박소년 하나코 군,13,,,아이다이로,서울미디어코믹스(서울문화사),2021-12,5400,10.0,4085,458,2026-09-04T10:34:33+09:00,710,252,3977,108,0,0
300919038,헌터x헌터 HunterXHunter 신장판 13,헌터x헌터 HunterXHunter 신장판,13,,,토가시 요시히로,학산문화사(만화),2014-12,5400,,3990,459,2026-09-04T10:34:33+09:00,361,-98,3950,40,0,0
311936078,헌터x헌터 HunterXHunter 신장판 31,헌터x헌터 HunterXHunter 신장판,31,,,토가시 요시히로,학산문화사(만화),2013-10,5400,,4110,460,2026-09-04T10:34:33+09:00,715,255,3939,171,0,0
362211849,주술회전 29,주술회전,29,,- 인외마경 신주쿠 결전 -사활-,아쿠타미 게게,서울미디어코믹스(서울문화사),2025-04,5400,10.0,3725,461,2026-09-04T10:34:33+09:00,414,-47,3800,-75,0,0
225770299,달빛천사 애장판 1,달빛천사 애장판,1,,,타네무라 아리나,서울미디어코믹스(서울문화사),2020-01,8550,9.5,3560,462,2026-09-04T10:34:33+09:00,319,-143,3704,-144,0,0
298348779,서랍 속 테라리움 : 신장판,서랍 속 테라리움 : 신장판,,,- S코믹스,쿠이 료코,㈜소미미디어,2022-08,8100,9.5,3574,463,2026-09-04T10:34:33+09:00,415,-48,3700,-126,0,0
298280625,헌터x헌터 HunterXHunter 신장판 15,헌터x헌터 HunterXHunter 신장판,15,,,토가시 요시히로,학산문화사(만화),2015-04,5400,,3660,464,2026-09-04T10:34:33+09:00,416,-48,3625,35,0,0
398867274,찍히지 않습니다 7 (한정판),찍히지 않습니다,7,한정판,"- 아크릴 키링 + 카드 스티커 2종 + PET 4컷 사진 책갈피 + 초판 한정 일러스트 카드 + 폴라로이드 사진풍 카드 2종, S코믹스",코노시마 루카,㈜소미미디어,2026-08,22500,,3545,465,2026-09-04T10:34:33+09:00,593,128,3600,-55,0,0
314918984,헌터x헌터 HunterXHunter 신장판 28,헌터x헌터 HunterXHunter 신장판,28,,,토가시 요시히로,학산문화사(만화),2016-12,5400,,3517,466,2026-09-04T10:34:33+09:00,589,123,3407,110,0,0
372904974,인간실격 무삭제판 1~3 세트- 전3권,인간실격 무삭제판 1~3 세트- 전3권,,,,이토 준지,미우(대원씨아이),2020-08,34560,,3312,467,2026-09-04T10:34:33+09:00,321,-146,3479,-167,0,0
372013929,지박소년 하나코 군 24,지박소년 하나코 군,24,,,아이다이로,서울미디어코믹스(서울문화사),2025-09,5400,,3391,468,2026-09-04T10:34:33+09:00,734,266,3326,65,0,0
298051313,헌터x헌터 HunterXHunter 신장판 26,헌터x헌터 HunterXHunter 신장판,26,,,토가시 요시히로,학산문화사(만화),2016-08,5400,,3389,469,2026-09-04T10:34:33+09:00,590,121,3341,48,0,0
397015748,어떤 여름방학,어떤 여름방학,,,,궁리(박조은),휴머니스트,2026-06,19800,,3155,470,2026-09-04T10:34:33+09:00,597,127,3240,-85,0,0
337798227,물가의 밤 1,물가의 밤,1,,,으자,봄툰,2024-01,15300,10.0,3259,471,2026-09-04T10:34:33+09:00,743,272,3166,93,0,0
273182393,아라키 히로히코의 만화술,아라키 히로히코의 만화술,,,,아라키 히로히코,문학동네,2021-06,11700,10.0,3501,472,2026-09-04T10:34:33+09:00,,,,,1,0
344711200,명탐정 코난 105 (특장판),명탐정 코난,105,특장판,- 초기 설정집 노트 + 아크릴 스탠드(PET) + 스티커 2종,아오야마 고쇼,서울미디어코믹스(서울문화사),2024-08,9000,10.0,2950,473,2026-09-04T10:34:33+09:00,423,-50,3080,-130,0,0
399291548,새내기 4,새내기,4,,,혁대,블루픽,2026-07,14220,10.0,2740,474,2026-09-04T10:34:33+09:00,502,28,3115,-375,0,0
355242244,흑무경담 2,흑무경담,2,,- S코믹스,토가와 요난,㈜소미미디어,2025-01,5400,9.7,2796,475,2026-09-04T10:34:33+09:00,605,130,2859,-63,0,0
238301861,마스터 키튼 완전판 1~12 세트 - 전12권 (완결),마스터 키튼 완전판 1~12 세트 - 전12권 (완결),,,,,대원씨아이(만화),2012-05,84680,10.0,2843,476,2026-09-04T10:34:33+09:00,748,272,2706,137,0,0
399056156,보이는 여고생 12,보이는 여고생,12,,- 픽시하우스,이즈미 토모키,데이즈엔터(주),2026-08,7200,,2635,477,2026-09-04T10:34:33+09:00,430,-47,2720,-85,0,0
393696313,창천항로 애장판 1,창천항로 애장판,1,,,킹곤타,대원씨아이(만화),2026-05,16200,6.4,2725,478,2026-09-04T10:34:33+09:00,509,31,2710,15,0,0
396583445,약사의 혼잣말 21,약사의 혼잣말,21,,- 마오마오의 후궁 수수께끼 풀이수첩,쿠라타 미노지,서울미디어코믹스(서울문화사),2026-06,5400,9.9,2675,479,2026-09-04T10:34:33+09:00,427,-52,2665,10,0,0
399050467,블루 피리어드 6 (한정판),블루 피리어드,6,한정판,"- 시프트코믹스 /한정판 구성품 : 도서(초판 부록 포함), 1~6권 수납 박스, 컬러링북 소책자, 박티켓 책갈피 3종",야마구치 츠바사,YNK MEDIA(만화),2026-07,13500,,2680,480,2026-09-04T10:34:33+09:00,608,128,2635,45,0,0
396696431,요괴소년 호야 완전판 3,요괴소년 호야 완전판,3,,,후지타 카즈히로,서울미디어코믹스(서울문화사),2026-06,14400,10.0,2805,481,2026-09-04T10:34:33+09:00,756,275,2620,185,0,0
393313791,추우면 변하는 헤비가미 군 1,추우면 변하는 헤비가미 군,1,,"- 초판 한정 특전: 띠지, 스티커, PET 스탠드, 투명 책갈피, SL Comic",쿠리미야,디앤씨미디어(주)(D&C미디어),2026-05,6300,8.5,2630,482,2026-09-04T10:34:33+09:00,607,125,2600,30,0,0
399594642,동거하는 검성 여스승이 너무 귀여워서 매일 행복합니다 1,동거하는 검성 여스승이 너무 귀여워서 매일 행복합니다,1,,,R_링고,길찾기,2026-06,7200,10.0,2415,483,2026-09-04T10:34:33+09:00,433,-50,2555,-140,0,0
384344658,네가 죽을 때까지 사랑하고 싶어 8,네가 죽을 때까지 사랑하고 싶어,8,,,나치 아오노,학산문화사(만화),2026-01,5400,9.9,2672,484,2026-09-04T10:34:33+09:00,614,130,2508,164,0,0
333640869,먼작귀 5 (레터북 포함 특별판),먼작귀,5,레터북 포함 특별판,- 먼가 작고 귀여운 녀석,나가노,미우(대원씨아이),2024-02,23400,10.0,2447,485,2026-09-04T10:34:33+09:00,432,-53,2402,45,0,0
391724707,명탐정 코난 로맨틱 러버스 셀렉션,명탐정 코난 로맨틱 러버스 셀렉션,,,,아오야마 고쇼,서울미디어코믹스(서울문화사),2026-04,10800,10.0,2405,486,2026-09-04T10:34:33+09:00,613,127,2396,9,0,0
399055863,다크 개더링 1,다크 개더링,1,,- 픽시하우스 /초판 한정: 띠지 + 일러스트 카드,콘도 켄이치,코믹레인,2026-08,6300,10.0,1970,487,2026-09-04T10:34:33+09:00,514,27,2090,-120,0,0
308287261,네가 죽을 때까지 사랑하고 싶어 5,네가 죽을 때까지 사랑하고 싶어,5,,,나치 아오노,학산문화사(만화),2023-01,5400,10.0,2267,488,2026-09-04T10:34:33+09:00,769,281,2075,192,0,0
337058152,블리치 리믹스 1,블리치 리믹스,1,,,쿠보 타이토,서울미디어코믹스(서울문화사),2024-03,10800,8.0,2057,489,2026-09-04T10:34:33+09:00,440,-49,2052,5,0,0
310882441,먼작귀 3 (카드놀이 포함 특별판),먼작귀,3,카드놀이 포함 특별판,"- 카드놀이 세트: 카드 96장(문장 카드 46장, 그림 카드 46장) + 설명서 1장",나가노,미우(대원씨아이),2023-02,24300,4.0,2008,490,2026-09-04T10:34:33+09:00,516,26,2033,-25,0,0
290968765,네가 죽을 때까지 사랑하고 싶어 4,네가 죽을 때까지 사랑하고 싶어,4,,,나치 아오노,학산문화사(만화),2022-03,5400,10.0,2170,491,2026-09-04T10:34:33+09:00,776,285,1981,189,0,0
400001881,무서운 책 6,무서운 책,6,,- 괴물,우메즈 카즈오,AK(에이케이)커뮤니케이션즈,2026-08,9000,,2100,492,2026-09-04T10:34:33+09:00,619,127,1970,130,0,0
396782109,"생각을 길러요, 공룡 박사님의 왜왜왜 상담소","생각을 길러요, 공룡 박사님의 왜왜왜 상담소",,,,스와프나 해도우,FIKAJUNIOR(피카주니어),2026-07,15300,10.0,2165,493,2026-09-04T10:34:33+09:00,993,500,1955,210,0,0
296275956,네가 죽을 때까지 사랑하고 싶어 2,네가 죽을 때까지 사랑하고 싶어,2,,,나치 아오노,학산문화사(만화),2021-02,5400,,1928,494,2026-09-04T10:34:33+09:00,521,27,1953,-25,0,0
400001277,할렐루야 베이비 5,할렐루야 베이비,5,,,코지마 라라,AK(에이케이)커뮤니케이션즈,2026-08,5850,,1730,495,2026-09-04T10:34:33+09:00,292,-203,1920,-190,0,0
338563463,블리치 리믹스 2,블리치 리믹스,2,,,쿠보 타이토,서울미디어코믹스(서울문화사),2024-04,10800,10.0,1636,496,2026-09-04T10:34:33+09:00,635,139,1606,30,0,0
398727927,마법소녀를 동경해서 1 (더블특전판),마법소녀를 동경해서,1,더블특전판,- 초판한정 : 일러스트 카드 1종 + SD 스티커 1종,오노나카 아키히로,대원씨아이(만화),2026-07,6750,7.3,1585,497,2026-09-04T10:34:33+09:00,781,284,1505,80,0,0
396049323,곰과 토끼는 친구로 지낼 수 없다 1,곰과 토끼는 친구로 지낼 수 없다,1,,,이누요시 아키라,대원씨아이(만화),2026-06,6300,,1530,498,2026-09-04T10:34:33+09:00,797,299,1140,390,0,0
400856505,아오아시 16,아오아시,16,,,코바야시 유고,대원씨아이(만화),2026-08,5850,,1240,499,2026-09-04T10:34:33+09:00,268,-231,1400,-160,0,0
400585836,아자미 야코를 좋아하게 된다 2,아자미 야코를 좋아하게 된다,2,,,유니티 콩,대원씨아이(만화),2026-08,5850,10.0,1250,500,2026-09-04T10:34:33+09:00,525,25,1350,-100,0,0
400585712,버그 에고 2,버그 에고,2,,- S코믹스,시타라 키요토,㈜소미미디어,2026-08,6300,,1230,501,2026-09-04T10:34:33+09:00,295,-206,1250,-20,0,0
400856470,선생님! 저희들이 세계를 멸망시킵니다. 9,선생님! 저희들이 세계를 멸망시킵니다.,9,,,코바야시 키나,대원씨아이(만화),2026-08,5400,,1110,502,2026-09-04T10:34:33+09:00,335,-167,1120,-10,0,0
400585956,통제구역관리부 4,통제구역관리부,4,,,탄광,다산코믹스,2026-08,18900,2.0,960,503,2026-09-04T10:34:33+09:00,531,28,1150,-190,0,0
400860566,작전명 순정 8,작전명 순정,8,,,꼬까리,영진.com(영진닷컴),2026-08,14400,,790,504,2026-09-04T10:34:33+09:00,334,-170,940,-150,0,0
400001026,사자나미 군이 가장 싫어하는 남자,사자나미 군이 가장 싫어하는 남자,,,,오기,인디고,2026-08,5850,,830,505,2026-09-04T10:34:33+09:00,449,-56,940,-110,0,0
400313885,타베모노로그,타베모노로그,,,,JIU,재담,2026-08,14400,,950,506,2026-09-04T10:34:33+09:00,801,295,880,70,0,0
400917239,전생 악녀의 흑역사 18,전생 악녀의 흑역사,18,,,토우카 아키하루,서울미디어코믹스(서울문화사),2026-08,4500,,940,507,2026-09-04T10:34:33+09:00,451,-56,790,150,0,0
400586291,도쿄대 세 자매 2,도쿄대 세 자매,2,,,이소야 유키,대원씨아이(만화),2026-08,5850,,890,508,2026-09-04T10:34:33+09:00,536,28,880,10,0,0
401325707,쌀쌀맞은 사토 양이 나에게만 상냥하다 4,쌀쌀맞은 사토 양이 나에게만 상냥하다,4,,- S코믹스,사와타리 카자미,㈜소미미디어,2026-09,6300,,700,509,2026-09-04T10:34:33+09:00,822,313,710,-10,0,0
401047138,장송의 프리렌 10,장송의 프리렌,10,,,야마다 카네히토,학산문화사(만화),2026-08,6300,,540,510,2026-09-04T10:34:33+09:00,339,-171,660,-120,0,0
401046164,안티 페이크 러브,안티 페이크 러브,,,,미스미 요코,레어블(Rareble),2026-08,5400,,550,511,2026-09-04T10:34:33+09:00,541,30,580,-30,0,0
400567543,취사병 전설이 되다 18,취사병 전설이 되다,18,,,제이로빈,지식오름,2026-08,13500,,1000,512,2026-09-04T10:34:33+09:00,,,,,1,0
401405266,상남자 2,상남자,2,,,하늘소,재담,2026-09,14400,,810,513,2026-09-04T10:34:33+09:00,,,,,1,0
376840323,체인소 맨 21,체인소 맨,21,,,후지모토 타츠키,학산문화사(만화),2025-11,5400,9.1,14318,514,2026-09-04T10:34:33+09:00,653,139,14273,45,0,0
379795065,괴수 8호 16 (더블 특전판),괴수 8호,16,더블 특전판,"- 완결, '카프카' 캐릭터 카드 + 스페셜 일러스트 카드 2종",마츠모토 나오야,서울미디어코믹스(서울문화사),2025-12,5400,10.0,11017,515,2026-09-04T10:34:33+09:00,546,31,11107,-90,0,0
389546868,반딧불이의 혼례 10,반딧불이의 혼례,10,,,타치바나 오레코,서울미디어코믹스(서울문화사),2026-04,7650,9.6,10796,516,2026-09-04T10:34:33+09:00,387,-129,11002,-206,0,0
370794176,캐릭캐릭 체인지! Jewel Joker 주얼 조커 1,캐릭캐릭 체인지! Jewel Joker 주얼 조커,1,,,PEACH-PIT,서울미디어코믹스(서울문화사),2025-08,5850,10.0,10663,517,2026-09-04T10:34:33+09:00,655,138,10688,-25,0,0
389009894,오무라이스 잼잼 16,오무라이스 잼잼,16,,,조경규,송송책방,2026-04,18900,10.0,10542,518,2026-09-04T10:34:33+09:00,464,-54,10619,-77,0,0
309862975,모 이야기,모 이야기,,,"- 숲속 모험, 2024 볼로냐 라가치상 오페라 프리마 스페셜 멘션, 2025 프랑스 소시에르상 수상작",최연주,엣눈북스(atnoonbooks),2023-02,19800,9.6,10538,519,2026-09-04T10:34:33+09:00,656,137,10407,131,0,0
392518701,블루 록 35,블루 록,35,,,노무라 유스케,학산문화사(만화),2026-05,5400,9.8,9590,520,2026-09-04T10:34:33+09:00,302,-218,9795,-205,0,0
391479763,"사랑하라, 거짓된 천사들이여 6","사랑하라, 거짓된 천사들이여",6,,- 초판 한정 특전 : 양면 일러스트 카드 2종(지류),Coco Uzuki,서울미디어코믹스(서울문화사),2026-04,5400,10.0,9543,521,2026-09-04T10:34:33+09:00,660,139,9526,17,0,0
294677380,귀멸의 칼날 23,귀멸의 칼날,23,,- 완결,고토게 코요하루,학산문화사(만화),2021-04,5400,9.3,8381,522,2026-09-04T10:34:33+09:00,551,29,8521,-140,0,0
387062834,백귀야행 31,백귀야행,31,,,이마 이치코,시공사(만화),2026-02,7200,9.8,8255,523,2026-09-04T10:34:33+09:00,391,-132,8454,-199,0,0
367932030,찍히지 않습니다 2,찍히지 않습니다,2,,- S코믹스,코노시마 루카,㈜소미미디어,2025-07,6300,9.8,7798,524,2026-09-04T10:34:33+09:00,667,143,7818,-20,0,0
318850889,마루는 강쥐 1,마루는 강쥐,1,,,모죠,문페이스,2023-07,14400,10.0,6846,525,2026-09-04T10:34:33+09:00,307,-218,7042,-196,0,0
365660227,모 이야기 2,모 이야기,2,,,최연주,엣눈북스(atnoonbooks),2025-06,20700,9.1,6692,526,2026-09-04T10:34:33+09:00,672,146,6680,12,0,0
370615925,향기로운 꽃은 늠름하게 핀다 15,향기로운 꽃은 늠름하게 핀다,15,,,미카미 사카,대원씨아이(만화),2025-08,5400,,6416,527,2026-09-04T10:34:33+09:00,675,148,6403,13,0,0
389890662,약사의 혼잣말 16,약사의 혼잣말,16,,,네코쿠라게,학산문화사(만화),2026-04,5400,9.8,6273,528,2026-09-04T10:34:33+09:00,397,-131,6388,-115,0,0
345263957,카구라바치 1,카구라바치,1,,,호카조노 타케루,대원씨아이(만화),2024-08,5850,9.2,6347,529,2026-09-04T10:34:33+09:00,849,320,6290,57,0,0
384927762,약사의 혼잣말 16,약사의 혼잣말,16,,- 카니발 플러스,휴우가 나츠,학산문화사(단행본),2026-01,8100,9.2,6001,530,2026-09-04T10:34:33+09:00,680,150,6230,-229,0,0
375158873,봄의 폭풍과 몬스터 7,봄의 폭풍과 몬스터,7,,,미츠바치 미유키,학산문화사(만화),2025-10,5400,9.6,5792,531,2026-09-04T10:34:33+09:00,685,154,5743,49,0,0
394695720,바닷바람과 용의 보금자리 2,바닷바람과 용의 보금자리,2,,,시마 아사토,학산문화사(만화),2026-06,6300,10.0,5735,532,2026-09-04T10:34:33+09:00,400,-132,5745,-10,0,0
67153695,기븐 1,기븐,1,,- 뉴 루비코믹스 1740,키즈 나츠키,현대지능개발사,2015-09,4950,9.2,5715,533,2026-09-04T10:34:33+09:00,686,153,5597,118,0,0
389597923,황천의 츠가이 10,황천의 츠가이,10,,,아라카와 히로무,대원씨아이(만화),2026-04,5850,10.0,5480,534,2026-09-04T10:34:33+09:00,351,-183,5773,-293,0,0
358910246,명탐정 코난 106 (특장판),명탐정 코난,106,특장판,- 아크릴 스탠드(PET 재질) + 아코디언 카드 + 그림 콘티 카드 세트,아오야마 고쇼,서울미디어코믹스(서울문화사),2025-02,10800,7.0,5275,535,2026-09-04T10:34:33+09:00,401,-134,5548,-273,0,0
387582084,타워 던전 4,타워 던전,4,,,니헤이 츠토무,학산문화사(만화),2026-03,6300,10.0,5042,536,2026-09-04T10:34:33+09:00,568,32,5159,-117,0,0
349422137,봄의 폭풍과 몬스터 5,봄의 폭풍과 몬스터,5,,,미츠바치 미유키,학산문화사(만화),2024-10,5400,9.8,5331,537,2026-09-04T10:34:33+09:00,859,322,5147,184,0,0
386937690,킹덤 Kingdom 76,킹덤 Kingdom,76,,,하라 야스히사,대원씨아이(만화),2026-02,5400,10.0,5334,538,2026-09-04T10:34:33+09:00,867,329,5136,198,0,0
82662361,기븐 2,기븐,2,,- 뉴 루비코믹스 1835,키즈 나츠키,현대지능개발사,2016-04,4950,9.1,5170,539,2026-09-04T10:34:33+09:00,690,151,5030,140,0,0
311362968,헌터x헌터 HunterXHunter 신장판 6,헌터x헌터 HunterXHunter 신장판,6,,,토가시 요시히로,학산문화사(만화),2013-10,5400,10.0,5077,540,2026-09-04T10:34:33+09:00,571,31,5028,49,0,0
397021753,완전 쓰레기인 와타라세인데 3,완전 쓰레기인 와타라세인데,3,,,나카가와 파리,대원씨아이(만화),2026-06,5400,9.7,4875,541,2026-09-04T10:34:33+09:00,477,-64,5010,-135,0,0
398199313,이번 생은 가주가 되겠습니다 2부 6 (특장판),이번 생은 가주가 되겠습니다 2부,6,특장판,- 만화 / 특장판 구성: 단행본 + 아크릴 스탠드 1종 + 책갈피 2종 + 엽서 5종 + 패키지 박스,앤트스튜디오,디앤씨웹툰비즈,2026-07,24300,,4830,542,2026-09-04T10:34:33+09:00,483,-59,4610,220,0,0
291942810,나루토 Naruto 1,나루토 Naruto,1,,,키시모토 마사시,대원씨아이(만화),2000-09,4950,,4729,543,2026-09-04T10:34:33+09:00,875,332,4617,112,0,0
295417935,지. : 지구의 운동에 대하여 1,지. : 지구의 운동에 대하여,1,,,우오토,문학동네,2022-05,7200,9.7,4399,544,2026-09-04T10:34:33+09:00,409,-135,4600,-201,0,0
373271203,마루는 강쥐 8,마루는 강쥐,8,,,모죠,문페이스,2025-10,14400,,4474,545,2026-09-04T10:34:33+09:00,485,-60,4552,-78,0,0
394588669,천국대마경 12,천국대마경,12,,- S코믹스,이시구로 마사카즈,㈜소미미디어,2026-06,6300,9.0,4485,546,2026-09-04T10:34:33+09:00,406,-140,4545,-60,0,0
295866022,하이큐!! 45,하이큐!!,45,,"- 완결, 도전자들",후루다테 하루이치,대원씨아이(만화),2020-12,4950,10.0,4246,547,2026-09-04T10:34:33+09:00,487,-60,4456,-210,0,0
392518926,오가미 츠미키와 기일상 6,오가미 츠미키와 기일상,6,,,모리시타 미유,학산문화사(만화),2026-05,5400,9.3,4225,548,2026-09-04T10:34:33+09:00,579,31,4250,-25,0,0
278906067,지박소년 하나코 군 14,지박소년 하나코 군,14,,,아이다이로,서울미디어코믹스(서울문화사),2021-09,5400,10.0,4483,549,2026-09-04T10:34:33+09:00,,,,,1,0
278906155,지박소년 하나코 군 15,지박소년 하나코 군,15,,,아이다이로,서울미디어코믹스(서울문화사),2021-09,5400,9.4,4445,550,2026-09-04T10:34:33+09:00,,,,,1,0
384923701,패배 히로인이 너무 많아! 8,패배 히로인이 너무 많아!,8,,- Novel Engine,아마모리 타키비,데이즈엔터(주),2026-02,7200,10.0,4165,551,2026-09-04T10:34:33+09:00,717,166,4126,39,0,0
393803131,"밟고, 차고, 사랑하고 6","밟고, 차고, 사랑하고",6,,,이치야 스미,대원씨아이(만화),2026-05,4950,9.7,4045,552,2026-09-04T10:34:33+09:00,494,-58,4100,-55,0,0
282899607,지박소년 하나코 군 7,지박소년 하나코 군,7,,,아이다이로,서울미디어코믹스(서울문화사),2021-11,5400,10.0,4067,553,2026-09-04T10:34:33+09:00,709,156,4098,-31,0,0
390941683,황천의 츠가이 1,황천의 츠가이,1,,,아라카와 히로무,대원씨아이(만화),2022-08,5850,,3725,554,2026-09-04T10:34:33+09:00,499,-55,3755,-30,0,0
300919153,헌터x헌터 HunterXHunter 신장판 14,헌터x헌터 HunterXHunter 신장판,14,,,토가시 요시히로,학산문화사(만화),2014-12,5400,,3759,555,2026-09-04T10:34:33+09:00,500,-55,3699,60,0,0
225772243,달빛천사 애장판 2,달빛천사 애장판,2,,,타네무라 아리나,서울미디어코믹스(서울문화사),2020-01,8550,10.0,3487,556,2026-09-04T10:34:33+09:00,260,-296,3691,-204,0,0
400006989,이세계 유유자적 농가 16,이세계 유유자적 농가,16,,"- Novel Engine /초판한정 특별부록: 띠지, 양면 커버",나이토 키노스케,데이즈엔터(주),2026-08,9000,10.0,3320,557,2026-09-04T10:34:33+09:00,417,-140,3390,-70,0,0
396563437,나나 NANA 완전판 10,나나 NANA 완전판,10,,"- 초판한정: PP엽서 1종, 포토카드 1종",야자와 아이,학산문화사(만화),2026-06,10800,,3235,558,2026-09-04T10:34:33+09:00,422,-136,3355,-120,0,0
379954205,팔견전 24,팔견전,24,,"- 동방팔견이문, S코믹스, 완결",아베 미유키,㈜소미미디어,2025-12,5400,8.5,3453,559,2026-09-04T10:34:33+09:00,738,179,3338,115,0,0
341682079,패배 히로인이 너무 많아! 5,패배 히로인이 너무 많아!,5,,- Novel Engine,아마모리 타키비,데이즈엔터(주),2024-07,6750,9.3,3222,560,2026-09-04T10:34:33+09:00,736,176,3255,-33,0,0
400153916,명탐정 코난 : 범인 한자와 씨 10,명탐정 코난 : 범인 한자와 씨,10,,,칸바 마유코,서울미디어코믹스(서울문화사),2026-08,5400,10.0,2780,561,2026-09-04T10:34:33+09:00,263,-298,3060,-280,0,0
400225649,인생 역전 3,인생 역전,3,,- S Novel,D,㈜소미미디어,2026-08,7650,,2880,562,2026-09-04T10:34:33+09:00,424,-138,2940,-60,0,0
396049332,블루 자이언트 모멘텀 6,블루 자이언트 모멘텀,6,,,이시즈카 신이치,대원씨아이(만화),2026-06,5850,10.0,2905,563,2026-09-04T10:34:33+09:00,504,-59,2940,-35,0,0
399953550,데스마치에서 시작되는 이세계 광상곡 34,데스마치에서 시작되는 이세계 광상곡,34,,"- L Novel /초판 한정 특전 : 띠지, 책갈피",아이나나 히로,디앤씨미디어(주)(D&C미디어),2026-08,9900,,2790,564,2026-09-04T10:34:33+09:00,365,-199,2890,-100,0,0
398833327,이 결혼은 어차피 망하게 되어 있다 8,이 결혼은 어차피 망하게 되어 있다,8,,,,영컴(YOUNG COM),2026-07,15120,,2870,565,2026-09-04T10:34:33+09:00,505,-60,2885,-15,0,0
387039298,이거 그리고 죽어 7,이거 그리고 죽어,7,,,토요다 미노루,대원씨아이(만화),2026-02,5400,9.4,2711,566,2026-09-04T10:34:33+09:00,751,185,2647,64,0,0
400000607,빠져든 침대에서 천사의 자는 얼굴을 보고 싶을 뿐,빠져든 침대에서 천사의 자는 얼굴을 보고 싶을 뿐,,,- #둘이서 저지른 비밀의 교칙 위반,우에스 테츠토,AK(에이케이)커뮤니케이션즈,2026-08,10800,,2620,567,2026-09-04T10:34:33+09:00,610,43,2620,0,0,0
323998644,먼작귀 4 (콩알도감 포함 특별판),먼작귀,4,콩알도감 포함 특별판,- 먼가 작고 귀여운 녀석,나가노,미우(대원씨아이),2023-09,21600,6.7,2395,568,2026-09-04T10:34:33+09:00,615,47,2537,-142,0,0
378051373,카구라바치 8,카구라바치,8,,,호카조노 타케루,대원씨아이(만화),2025-11,5850,,2475,569,2026-09-04T10:34:33+09:00,760,191,2335,140,0,0
319093936,100미터 2,100미터,2,,,우오토,학산문화사(만화),2023-06,8100,10.0,2355,570,2026-09-04T10:34:33+09:00,759,189,2365,-10,0,0
323998705,먼작귀 4,먼작귀,4,,- 먼가 작고 귀여운 녀석,나가노,미우(대원씨아이),2023-09,10800,9.8,2319,571,2026-09-04T10:34:33+09:00,513,-58,2233,86,0,0
398906340,벨 푸페의 슈퍼달링 약혼 2 (한정판),벨 푸페의 슈퍼달링 약혼,2,한정판,- 아크릴 스탠드 + PET 프레임 클리어 카드 3종,셀렌,학산문화사(만화),2026-07,19800,,2205,572,2026-09-04T10:34:33+09:00,622,50,2290,-85,0,0
400245338,공주님 고문의 시간입니다 19,공주님 고문의 시간입니다,19,,- 완결,하루하라 로빈슨,학산문화사(만화),2026-08,5400,10.0,2130,573,2026-09-04T10:34:33+09:00,434,-139,2270,-140,0,0
399541020,클레바테스 10,클레바테스,10,,,이와하라 유지,오팬스코믹,2026-07,6300,,2300,574,2026-09-04T10:34:33+09:00,762,188,2215,85,0,0
333690666,건방진 그 녀석 2,건방진 그 녀석,2,,,미츠바치 미유키,학산문화사(만화),2016-05,5400,10.0,2164,575,2026-09-04T10:34:33+09:00,772,197,2159,5,0,0
399056149,제도성배기담 Fate/type Redline 6,제도성배기담 Fate/type Redline,6,,- 노엔 코믹스 / 초판한정 특별부록 : 일러스트 카드 + 띠지,히라노 료지,데이즈엔터(주),2026-08,7200,10.0,2095,576,2026-09-04T10:34:33+09:00,620,44,2110,-15,0,0
400224750,선생님으로 ○○하면 안 됩니다! 3,선생님으로 ○○하면 안 됩니다!,3,,- S코믹스,무샤사부,㈜소미미디어,2026-08,6300,,1970,577,2026-09-04T10:34:33+09:00,291,-286,2070,-100,0,0
326489876,네가 죽을 때까지 사랑하고 싶어 6,네가 죽을 때까지 사랑하고 싶어,6,,,나치 아오노,학산문화사(만화),2023-10,5400,10.0,2159,578,2026-09-04T10:34:33+09:00,770,192,1917,242,0,0
318446151,네가 죽을 때까지 사랑하고 싶어 3,네가 죽을 때까지 사랑하고 싶어,3,,,나치 아오노,학산문화사(만화),2021-05,5400,,2038,579,2026-09-04T10:34:33+09:00,624,45,2067,-29,0,0
338379758,이거 그리고 죽어 1,이거 그리고 죽어,1,,,토요다 미노루,대원씨아이(만화),2024-04,5400,9.7,2091,580,2026-09-04T10:34:33+09:00,765,185,2017,74,0,0
399381805,격기 3반 18,격기 3반,18,,- 남일고등학교 격투기 특기반,이학,대원씨아이(만화),2026-07,4950,10.0,2040,581,2026-09-04T10:34:33+09:00,621,40,1995,45,0,0
399056425,다크 개더링 3,다크 개더링,3,,- 픽시하우스 / 초판 한정 : 띠지+일러스트 카드,콘도 켄이치,코믹레인,2026-08,6300,,1620,582,2026-09-04T10:34:33+09:00,520,-62,1740,-120,0,0
399056069,다크 개더링 2,다크 개더링,2,,- 픽시하우스 /초판 한정: 띠지 + 일러스트 카드,콘도 켄이치,코믹레인,2026-08,6300,,1610,583,2026-09-04T10:34:33+09:00,628,45,1710,-100,0,0
394588521,풀 나이트 4,풀 나이트,4,,- S코믹스,야스다 카스미,㈜소미미디어,2026-06,6300,10.0,1690,584,2026-09-04T10:34:33+09:00,630,46,1575,115,0,0
400587655,킬블루 13,킬블루,13,,,후지마키 타다토시,대원씨아이(만화),2026-08,5400,,1440,585,2026-09-04T10:34:33+09:00,442,-143,1570,-130,0,0
400707962,추방 당한 전생 중기사는 게임 지식으로 무쌍한다 12,추방 당한 전생 중기사는 게임 지식으로 무쌍한다,12,,,브로콜리,대원씨아이(만화),2026-08,5850,,1410,586,2026-09-04T10:34:33+09:00,374,-212,1560,-150,0,0
396091175,향기로운 꽃은 늠름하게 핀다 14,향기로운 꽃은 늠름하게 핀다,14,,,미카미 사카,대원씨아이(만화),2026-06,6300,,1525,587,2026-09-04T10:34:33+09:00,785,198,1505,20,0,0
388861705,얼굴만으론 좋아할 수 없어요 16,얼굴만으론 좋아할 수 없어요,16,,,안자이 카린,서울미디어코믹스(서울문화사),2026-03,5400,,1495,588,2026-09-04T10:34:33+09:00,372,-216,1505,-10,0,0
375536744,풀 나이트 3,풀 나이트,3,,- S코믹스,야스다 카스미,㈜소미미디어,2025-11,5400,10.0,1555,589,2026-09-04T10:34:33+09:00,524,-65,1465,90,0,0
399312403,극한견주 6,극한견주,6,,- 출간 기념 선착순 특전: 잘라쓰는 북마크,마일로,북극여우,2026-07,14850,,1375,590,2026-09-04T10:34:33+09:00,631,41,1430,-55,0,0
396563330,노이지 룸메이트 6,노이지 룸메이트,6,,,오자키 카호,대원씨아이(만화),2026-06,5400,10.0,1355,591,2026-09-04T10:34:33+09:00,634,43,1425,-70,0,0
385894622,먼작귀 2 (그림책 포함 특별판),먼작귀,2,그림책 포함 특별판,- 먼가 작고 귀여운 녀석,나가노,미우(대원씨아이),2022-08,17820,,1401,592,2026-09-04T10:34:33+09:00,633,41,1451,-50,0,0
389359455,그리스 로마 신화를 한 번도 안 읽어볼 수는 없잖아,그리스 로마 신화를 한 번도 안 읽어볼 수는 없잖아,,,,Team. StoryG,oldstairs(올드스테어즈),2026-04,21600,,1520,593,2026-09-04T10:34:33+09:00,,,,,1,0
400586342,펜과 수갑과 사실혼 4,펜과 수갑과 사실혼,4,,,사와라기 신이치,학산문화사(만화),2026-08,5400,,1120,594,2026-09-04T10:34:33+09:00,534,-60,1200,-80,0,0
400585727,전격데이지 애장판 1,전격데이지 애장판,1,,- 루나 코믹스,모토미 쿄스케,㈜소미미디어,2026-08,12600,10.0,1060,595,2026-09-04T10:34:33+09:00,446,-149,1200,-140,0,0
391302897,못 미더운 악녀입니다만 : ~추궁접서 교체전~ 9,못 미더운 악녀입니다만 : ~추궁접서 교체전~,9,,,EI Ohitsuji,서울미디어코믹스(서울문화사),2026-04,6300,10.0,1404,596,2026-09-04T10:34:33+09:00,790,194,1280,124,0,0
400586056,SCP가 뭔가요? 3,SCP가 뭔가요?,3,,,하치훈,대원씨아이(만화),2026-08,5850,,1040,597,2026-09-04T10:34:33+09:00,527,-70,1130,-90,0,0
400733376,건강하고 문화적인 최저한도의 생활 11,건강하고 문화적인 최저한도의 생활,11,,,가시와기 하루코,문학동네,2026-08,8820,,1020,598,2026-09-04T10:34:33+09:00,532,-66,1040,-20,0,0
400860220,작전명 순정 7,작전명 순정,7,,,꼬까리,영진.com(영진닷컴),2026-08,14400,,800,599,2026-09-04T10:34:33+09:00,333,-266,970,-170,0,0
400856443,응원 걸! 1,응원 걸!,1,,,다나카 유치아,대원씨아이(만화),2026-08,5400,10.0,710,600,2026-09-04T10:34:33+09:00,455,-145,930,-220,0,0
400860690,작전명 순정 9,작전명 순정,9,,,꼬까리,영진.com(영진닷컴),2026-08,14400,,770,601,2026-09-04T10:34:33+09:00,379,-222,920,-150,0,0
347732633,인터넷 러브!,인터넷 러브!,,,,우리노 키코,빗금,2024-09,7650,9.5,688,602,2026-09-04T10:34:33+09:00,809,207,763,-75,0,0
400980709,키스 다음부터는 애드리브로,키스 다음부터는 애드리브로,,,- B愛+752,키사라기 마나미,대원씨아이(만화),2026-08,5850,2.0,640,603,2026-09-04T10:34:33+09:00,338,-265,670,-30,0,0
400585953,떨거지 인어 디아나 1,떨거지 인어 디아나,1,,- S코믹스,스아마,㈜소미미디어,2026-08,6300,,780,604,2026-09-04T10:34:33+09:00,811,207,630,150,0,0
401369571,바라메 강림하여 주소서 2,바라메 강림하여 주소서,2,,"- 초판 부록: 포토카드 1매, 책갈피 1매, 띠지",백상언,레진코믹스(레진엔터테인먼트),2026-09,15300,,530,605,2026-09-04T10:34:33+09:00,821,216,610,-80,0,0
400567329,취사병 전설이 되다 17,취사병 전설이 되다,17,,,제이로빈,지식오름,2026-08,13500,,890,606,2026-09-04T10:34:33+09:00,,,,,1,0
401291184,1995 청춘 레포트 2,1995 청춘 레포트,2,,- 초판 한정 부록 : 껌 만화 + 인화사진 + 띠지,맹수,봄툰,2026-08,14400,,510,607,2026-09-04T10:34:33+09:00,820,213,580,-70,0,0
374014906,명탐정 코난 : 1일 1쪽 뇌 자극 수학 추리 고급편 154문,명탐정 코난 : 1일 1쪽 뇌 자극 수학 추리 고급편 154문,,,,아오야마 고쇼,서울미디어코믹스(서울문화사),2025-10,13500,10.0,1005,608,2026-09-04T10:34:33+09:00,,,,,1,0
401345074,옷소매 붉은 끝동 11,옷소매 붉은 끝동,11,,- 만화,강미강,학산문화사(만화),2026-09,14400,,590,609,2026-09-04T10:34:33+09:00,,,,,1,0
400856416,벼랑 끝의 영애는 흑기사님을 반하게 하고 싶어 1,벼랑 끝의 영애는 흑기사님을 반하게 하고 싶어,1,,,스오우,대원씨아이(만화),2026-08,5850,,550,610,2026-09-04T10:34:33+09:00,651,41,500,50,0,0
401372286,라멘 아카네코 14,라멘 아카네코,14,,,Angyaman,서울미디어코믹스(서울문화사),2026-09,9000,,590,611,2026-09-04T10:34:33+09:00,,,,,1,0
401325888,"네가 울부짖기 위한 노래를, 3","네가 울부짖기 위한 노래를,",3,,- S코믹스,카시카제,㈜소미미디어,2026-09,6300,,590,612,2026-09-04T10:34:33+09:00,,,,,1,0
401345371,우리들은 모두 *어 있다 3,우리들은 모두 *어 있다,3,,,킨다이치 렌쥬로,학산문화사(만화),2026-09,5400,,620,613,2026-09-04T10:34:33+09:00,,,,,1,0
401406928,소녀왕국 표류기 42,소녀왕국 표류기,42,,,후지시로 타케시,삼양출판사(만화),2026-09,4320,,710,614,2026-09-04T10:34:33+09:00,,,,,1,0
360231181,체인소 맨 19,체인소 맨,19,,,후지모토 타츠키,학산문화사(만화),2025-03,5400,9.4,17307,615,2026-09-04T10:34:33+09:00,,,,,1,0
371535926,체인소 맨 20,체인소 맨,20,,,후지모토 타츠키,학산문화사(만화),2025-09,5400,9.2,16547,616,2026-09-04T10:34:33+09:00,824,208,16197,350,0,0
387708173,GACHIAKUTA 16,GACHIAKUTA,16,,,케이 우라나,학산문화사(만화),2026-03,5400,10.0,11258,617,2026-09-04T10:34:33+09:00,545,-72,11241,17,0,0
353810371,체인소 맨 18,체인소 맨,18,,,후지모토 타츠키,학산문화사(만화),2024-12,5400,8.8,11324,618,2026-09-04T10:34:33+09:00,,,,,1,0
393239337,모모세 아키라의 첫사랑 파탄 중 5 (트리플 특전판),모모세 아키라의 첫사랑 파탄 중,5,트리플 특전판,- 스페셜 아크릴 일러스트 카드(1종) + 다양한 매력의 양면 일러스트 카드(2종),하레카와 신타,서울미디어코믹스(서울문화사),2026-05,6750,9.8,10975,619,2026-09-04T10:34:33+09:00,547,-72,11050,-75,0,0
284699967,귀멸의 칼날 외전,귀멸의 칼날 외전,,,,히라노 료지,학산문화사(만화),2021-12,5400,9.8,10278,620,2026-09-04T10:34:33+09:00,657,37,10252,26,0,0
376257892,그 비스크 돌은 사랑을 한다 15,그 비스크 돌은 사랑을 한다,15,,- S코믹스,후쿠다 신이치,㈜소미미디어,2025-11,5400,9.4,8669,621,2026-09-04T10:34:33+09:00,663,42,8743,-74,0,0
353809342,스파이 패밀리 14,스파이 패밀리,14,,,엔도 타츠야,학산문화사(만화),2024-12,5400,9.8,8698,622,2026-09-04T10:34:33+09:00,831,209,8732,-34,0,0
374276000,마남 이치 2 (더블 특전판),마남 이치,2,더블 특전판,- 홀로그램 일러스트 카드 1종 + 일러스트 책갈피 3종,유사자키 시로,서울미디어코믹스(서울문화사),2025-10,6300,9.6,7860,623,2026-09-04T10:34:33+09:00,666,43,7896,-36,0,0
277000811,명탐정 코난 : 경찰학교 편 - 하,명탐정 코난 : 경찰학교 편 - 하,,,,아라이 타카히로,서울미디어코믹스(서울문화사),2021-08,4950,9.3,7876,624,2026-09-04T10:34:33+09:00,833,209,7993,-117,0,0
338271919,지박소년 하나코 군 21,지박소년 하나코 군,21,,,아이다이로,서울미디어코믹스(서울문화사),2024-04,5400,10.0,7908,625,2026-09-04T10:34:33+09:00,,,,,1,0
295225480,귀멸의 칼날 22,귀멸의 칼날,22,,,고토게 코요하루,학산문화사(만화),2021-01,5400,,7621,626,2026-09-04T10:34:33+09:00,668,42,7736,-115,0,0
383612098,타몬 군 지금 어느 쪽?! 11,타몬 군 지금 어느 쪽?!,11,,,시와스 유키,학산문화사(만화),2026-01,5400,10.0,7537,627,2026-09-04T10:34:33+09:00,556,-71,7648,-111,0,0
301706355,주술회전 1,주술회전,1,,,아쿠타미 게게,서울미디어코믹스(서울문화사),2019-03,5400,4.0,7472,628,2026-09-04T10:34:33+09:00,469,-159,7507,-35,0,0
286833118,장송의 프리렌 4,장송의 프리렌,4,,,야마다 카네히토,학산문화사(만화),2022-01,5400,9.3,7381,629,2026-09-04T10:34:33+09:00,671,42,7401,-20,0,0
294402029,귀멸의 칼날 20,귀멸의 칼날,20,,,고토게 코요하루,학산문화사(만화),2020-09,5400,,7145,630,2026-09-04T10:34:33+09:00,843,213,7178,-33,0,0
374814986,찍히지 않습니다 3,찍히지 않습니다,3,,"- S코믹스, 초판종료",코노시마 루카,㈜소미미디어,2025-10,5850,8.3,7161,631,2026-09-04T10:34:33+09:00,842,211,7144,17,0,0
390689243,찍히지 않습니다 5,찍히지 않습니다,5,,"- S코믹스 /초판 한정 일러스트 카드, 폴라로이드 사진풍 카드 2종, PET 책갈피",코노시마 루카,㈜소미미디어,2026-04,5850,9.8,7019,632,2026-09-04T10:34:33+09:00,841,209,7241,-222,0,0
301706475,주술회전 2,주술회전,2,,,아쿠타미 게게,서울미디어코믹스(서울문화사),2019-03,5400,,6874,633,2026-09-04T10:34:33+09:00,558,-75,6906,-32,0,0
66417675,슬램덩크 오리지널 박스판 1~5 세트 - 전5권,슬램덩크 오리지널 박스판 1~5 세트 - 전5권,,,,이노우에 타케히코,대원씨아이(만화),2015-09,27000,9.9,7091,634,2026-09-04T10:34:33+09:00,,,,,1,0
338121617,너와 장밋빛 매일 1,너와 장밋빛 매일,1,,,히로 치히로,서울미디어코믹스(서울문화사),2024-04,5400,9.9,6684,635,2026-09-04T10:34:33+09:00,673,38,6692,-8,0,0
315295029,귀멸 학원! 3,귀멸 학원!,3,,,호카미 나츠키,학산문화사(만화),2023-04,5400,9.6,6212,636,2026-09-04T10:34:33+09:00,679,43,6200,12,0,0
398903862,보이시한 여자친구가 너무 귀여워 5 (특장판),보이시한 여자친구가 너무 귀여워,5,특장판,- 특장판 구성: 단행본 + 48P 소책자 + 초판특전 폴라로이드 사진 + 초판 특전 카메라 렌즈 속 투샷 사진,규뉴무기고항,서울미디어코믹스(서울문화사),2026-07,10800,,5990,637,2026-09-04T10:34:33+09:00,398,-239,6185,-195,0,0
388496310,단다단 20,단다단,20,,,타츠 유키노부,대원씨아이(만화),2026-03,5400,9.5,5975,638,2026-09-04T10:34:33+09:00,474,-164,6094,-119,0,0
392509889,애태울 정도의 사랑을 알아라 2,애태울 정도의 사랑을 알아라,2,,,쿄노 마코,학산문화사(만화),2026-05,6300,9.9,6075,639,2026-09-04T10:34:33+09:00,681,42,6090,-15,0,0
398197212,비실비실 선생님 15 (특별판),비실비실 선생님,15,특별판,- 패키지 박스 + 초판한정 일러스트 폴라로이드 카드 1종 + 캐릭터 아크릴 스탠드 1종 + 아크릴 키링 2종 + 포토카드 4종 + 미니포스터 1종,후쿠치 카미오,대원씨아이(만화),2026-07,27000,,5920,640,2026-09-04T10:34:33+09:00,684,44,5830,90,0,0
333717879,봄의 폭풍과 몬스터 3,봄의 폭풍과 몬스터,3,,,미츠바치 미유키,학산문화사(만화),2024-02,5400,9.9,5889,641,2026-09-04T10:34:33+09:00,,,,,1,0
335717444,GACHIAKUTA 1,GACHIAKUTA,1,,,케이 우라나,학산문화사(만화),2024-03,5400,10.0,5639,642,2026-09-04T10:34:33+09:00,563,-79,5642,-3,0,0
395999849,이다의 날마다 자연관찰,이다의 날마다 자연관찰,,,- 어린이를 위한 자연관찰 그림일기,이다,보리,2026-06,16650,10.0,5350,643,2026-09-04T10:34:33+09:00,562,-81,5570,-220,0,0
393112792,비실비실 선생님 13,비실비실 선생님,13,,,후쿠치 카미오,대원씨아이(만화),2026-05,5850,10.0,5370,644,2026-09-04T10:34:33+09:00,569,-75,5390,-20,0,0
388137308,믹스 MIX 24,믹스 MIX,24,,,아다치 미츠루,대원씨아이(만화),2026-03,5400,10.0,5359,645,2026-09-04T10:34:33+09:00,689,44,5244,115,0,0
382042979,지박소년 하나코 군 25 (어드벤트 캘린더 특장판),지박소년 하나코 군,25,어드벤트 캘린더 특장판,- 어드벤트 캘린더 (아크릴 참 7종 & 미니 클리어 카드 17종) + 25권 초판 사은품 (홀로그램 양면 책갈피 + 아크릴 스탠딩 POP),아이다이로,서울미디어코믹스(서울문화사),2026-01,48600,7.0,5158,646,2026-09-04T10:34:33+09:00,858,212,5180,-22,0,0
349387430,그 비스크 돌은 사랑을 한다 13,그 비스크 돌은 사랑을 한다,13,,- S코믹스,후쿠다 신이치,㈜소미미디어,2024-10,6300,10.0,4942,647,2026-09-04T10:34:33+09:00,870,223,4939,3,0,0
356890808,사카모토 데이즈 16,사카모토 데이즈,16,,- 해후,스즈키 유우토,대원씨아이(만화),2024-06,5850,,4781,648,2026-09-04T10:34:33+09:00,699,51,4609,172,0,0
301714509,주술회전 16,주술회전,16,,- 시부야 사변 -폐문-,아쿠타미 게게,서울미디어코믹스(서울문화사),2021-08,5400,,4660,649,2026-09-04T10:34:33+09:00,573,-76,4763,-103,0,0
280599696,지박소년 하나코 군 2,지박소년 하나코 군,2,,,아이다이로,서울미디어코믹스(서울문화사),2021-10,5400,10.0,4552,650,2026-09-04T10:34:33+09:00,883,233,4488,64,0,0
384180355,단다단 18,단다단,18,,,타츠 유키노부,대원씨아이(만화),2026-01,5400,9.6,4334,651,2026-09-04T10:34:33+09:00,492,-159,4467,-133,0,0
389641207,황천의 츠가이 2,황천의 츠가이,2,,,아라카와 히로무,대원씨아이(만화),2022-12,5850,,4270,652,2026-09-04T10:34:33+09:00,488,-164,4412,-142,0,0
395809429,비실비실 선생님 14,비실비실 선생님,14,,,후쿠치 카미오,대원씨아이(만화),2026-06,5850,,4330,653,2026-09-04T10:34:33+09:00,491,-162,4375,-45,0,0
282899364,지박소년 하나코 군 5,지박소년 하나코 군,5,,,아이다이로,서울미디어코믹스(서울문화사),2021-11,5400,10.0,4443,654,2026-09-04T10:34:33+09:00,,,,,1,0
282899555,지박소년 하나코 군 6,지박소년 하나코 군,6,,,아이다이로,서울미디어코믹스(서울문화사),2021-11,5400,10.0,4229,655,2026-09-04T10:34:33+09:00,886,231,4261,-32,0,0
286341412,지박소년 하나코 군 16,지박소년 하나코 군,16,,,아이다이로,서울미디어코믹스(서울문화사),2022-01,5400,9.7,4494,656,2026-09-04T10:34:33+09:00,,,,,1,0
390011039,황천의 츠가이 3,황천의 츠가이,3,,,아라카와 히로무,대원씨아이(만화),2023-05,5850,,4130,657,2026-09-04T10:34:33+09:00,490,-167,4343,-213,0,0
257021910,기븐 6,기븐,6,,- 뉴 루비코믹스 2555,키즈 나츠키,현대지능개발사,2020-11,4950,9.6,4276,658,2026-09-04T10:34:33+09:00,887,229,4148,128,0,0
396455881,시온 군이 말하는 대로 1,시온 군이 말하는 대로,1,,,Neko Inukai,서울미디어코믹스(서울문화사),2026-06,5850,,4060,659,2026-09-04T10:34:33+09:00,705,46,4115,-55,0,0
338430853,명탐정 코난 104 (특장판),명탐정 코난,104,특장판,- 아크릴 스탠드 + 극장판 '명탐정코난: 흑철의 어영' 그림 콘티북 + 어나더 커버,아오야마 고쇼,서울미디어코믹스(서울문화사),2024-04,9000,8.7,4010,660,2026-09-04T10:34:33+09:00,581,-79,4100,-90,0,0
398843926,무대 담당과 악역 군 2,무대 담당과 악역 군,2,,- 완결 / 초판 한정 양면 일러스트 카드 2종,야마시나 티나,㈜소미미디어,2026-07,6300,,3810,661,2026-09-04T10:34:33+09:00,586,-75,3905,-95,0,0
7633452,오란고교 호스트부 Fanbook,오란고교 호스트부 Fanbook,,,- 콩닥♥두근☆공략 대작전,하토리 비스코,학산문화사(만화),2010-08,6300,9.8,3810,662,2026-09-04T10:34:33+09:00,716,54,3815,-5,0,0
295865866,하이큐!! 43,하이큐!!,43,,- 최종보스,후루다테 하루이치,대원씨아이(만화),2020-09,4950,,3723,663,2026-09-04T10:34:33+09:00,498,-165,3852,-129,0,0
301073130,하이큐!! 44,하이큐!!,44,,- 최강의 적,후루다테 하루이치,대원씨아이(만화),2020-11,4950,,3663,664,2026-09-04T10:34:33+09:00,584,-80,3795,-132,0,0
380346507,더블크로스 The 3rd Edition 룰북 1,더블크로스 The 3rd Edition 룰북,1,,,F.E.A.R,데이즈엔터(주),2025-12,13500,,3507,665,2026-09-04T10:34:33+09:00,724,59,3609,-102,0,0
393715017,노아 선배는 친구 9,노아 선배는 친구,9,,- 초판특전 : 포토카드 2종 세트,아키야마 엔마,서울미디어코믹스(서울문화사),2026-05,5850,9.5,3630,666,2026-09-04T10:34:33+09:00,720,54,3670,-40,0,0
298203594,나루토 Naruto 3,나루토 Naruto,3,,,키시모토 마사시,대원씨아이(만화),2000-11,4950,,3504,667,2026-09-04T10:34:33+09:00,726,59,3482,22,0,0
374998765,GACHIAKUTA 15,GACHIAKUTA,15,,- 일반판,케이 우라나,학산문화사(만화),2025-10,5400,,3284,668,2026-09-04T10:34:33+09:00,592,-76,3445,-161,0,0
394124156,캐릭캐릭 체인지! Jewel Joker 주얼 조커 3 (특장판),캐릭캐릭 체인지! Jewel Joker 주얼 조커,3,특장판,- 슬리브 케이스 + 일러스트 엽서 5종 + 이쿠토&타다세 아크릴 블록 세트(일반판 초판 특전 미포함),PEACH-PIT,서울미디어코믹스(서울문화사),2026-05,36000,,3500,669,2026-09-04T10:34:33+09:00,914,245,3475,25,0,0
398009982,한구석의 기억 1,한구석의 기억,1,,,키요나가 타마고,빗금,2026-07,6750,10.0,3215,670,2026-09-04T10:34:33+09:00,922,252,3170,45,0,0
398870503,더 죠죠랜즈 3 : 돈벌이할 시간,더 죠죠랜즈 3 : 돈벌이할 시간,,,- 죠죠의 기묘한 모험 Part 9,아라키 히로히코,문학동네,2026-07,7200,10.0,3070,671,2026-09-04T10:34:33+09:00,742,71,3070,0,0,0
331057127,약사의 혼잣말 3,약사의 혼잣말,3,,,네코쿠라게,학산문화사(만화),2019-12,5400,,2926,672,2026-09-04T10:34:33+09:00,745,73,3047,-121,0,0
393514967,아름다운 인체 그리기 레슨,아름다운 인체 그리기 레슨,,,,후지타쿠,한즈미디어(한스미디어),2026-05,16200,9.7,3055,673,2026-09-04T10:34:33+09:00,596,-77,3030,25,0,0
375535559,나의 히어로 아카데미아 공식 일러스트집 Ultra Artworks,나의 히어로 아카데미아 공식 일러스트집 Ultra Artworks,,,,호리코시 코헤이,서울미디어코믹스(서울문화사),2025-10,39600,,2952,674,2026-09-04T10:34:33+09:00,594,-80,3023,-71,0,0
384444527,너와 장밋빛 매일 2,너와 장밋빛 매일,2,,,히로 치히로,서울미디어코믹스(서울문화사),2026-01,5400,9.7,3057,675,2026-09-04T10:34:33+09:00,929,254,3017,40,0,0
372071162,참을 수 없는 건 사랑인 걸까 4,참을 수 없는 건 사랑인 걸까,4,,,소라하나 미아,대원씨아이(만화),2025-09,5850,10.0,2881,676,2026-09-04T10:34:33+09:00,746,70,2941,-60,0,0
299392362,하이큐!! 38,하이큐!!,38,,- 태스크 포커스,후루다테 하루이치,대원씨아이(만화),2019-09,4950,,2965,677,2026-09-04T10:34:33+09:00,937,260,2951,14,0,0
398906133,벨 푸페의 슈퍼달링 약혼 2,벨 푸페의 슈퍼달링 약혼,2,,- 코믹,셀렌,학산문화사(만화),2026-07,6300,,2865,678,2026-09-04T10:34:33+09:00,600,-78,2950,-85,0,0
397592282,아오이 군의 음담패설은 참을 수 없어!! 2,아오이 군의 음담패설은 참을 수 없어!!,2,,,mmk,학산문화사(만화),2026-07,6300,,2885,679,2026-09-04T10:34:33+09:00,599,-80,2955,-70,0,0
397022214,창천항로 애장판 2,창천항로 애장판,2,,,킹곤타,대원씨아이(만화),2026-06,16200,10.0,2800,680,2026-09-04T10:34:33+09:00,503,-177,2855,-55,0,0
393313418,고블린 슬레이어 17,고블린 슬레이어,17,,- SL Comic,쿠로세 코스케,디앤씨미디어(주)(D&C미디어),2026-05,6300,10.0,2895,681,2026-09-04T10:34:33+09:00,939,258,2850,45,0,0
309292959,무로이 야스오의 캐릭터 얼굴 & 바스트업 작화 기술,무로이 야스오의 캐릭터 얼굴 & 바스트업 작화 기술,,,,무로이 야스오,영진.com(영진닷컴),2023-02,18000,9.4,2780,682,2026-09-04T10:34:33+09:00,601,-81,2910,-130,0,0
232336577,달빛천사 애장판 3,달빛천사 애장판,3,,,타네무라 아리나,서울미디어코믹스(서울문화사),2020-02,8550,10.0,2548,683,2026-09-04T10:34:33+09:00,429,-254,2627,-79,0,0
320691848,먼작귀 3,먼작귀,3,,- 먼가 작고 귀여운 녀석,나가노,미우(대원씨아이),2023-02,10800,,2576,684,2026-09-04T10:34:33+09:00,611,-73,2665,-89,0,0
387254200,요괴소년 호야 완전판 1,요괴소년 호야 완전판,1,,,후지타 카즈히로,서울미디어코믹스(서울문화사),2026-02,14400,9.0,2769,685,2026-09-04T10:34:33+09:00,,,,,1,0
232338320,달빛천사 애장판 4,달빛천사 애장판,4,,- 완결,타네무라 아리나,서울미디어코믹스(서울문화사),2020-02,8550,10.0,2523,686,2026-09-04T10:34:33+09:00,511,-175,2647,-124,0,0
321124579,먼작귀 1,먼작귀,1,,- 먼가 작고 귀여운 녀석,나가노,미우(대원씨아이),2022-06,10800,,2547,687,2026-09-04T10:34:33+09:00,508,-179,2634,-87,0,0
319093776,100미터 1,100미터,1,,,우오토,학산문화사(만화),2023-06,8100,10.0,2638,688,2026-09-04T10:34:33+09:00,943,255,2618,20,0,0
101106033,스파이더맨 / 데드풀 VOL. 1 : 브로맨틱하지 않나요?,스파이더맨 / 데드풀 VOL. 1 : 브로맨틱하지 않나요?,,,,조 켈리,시공사(만화),2017-01,10800,6.0,2670,689,2026-09-04T10:34:33+09:00,958,269,2490,180,0,0
396168079,젖짜기 헌터의 이세계 착유기 1,젖짜기 헌터의 이세계 착유기,1,,,소라요미 다이치,길찾기,2026-05,7200,8.0,2765,690,2026-09-04T10:34:33+09:00,946,256,2565,200,0,0
391655250,요괴소년 호야 완전판 2,요괴소년 호야 완전판,2,,,후지타 카즈히로,서울미디어코믹스(서울문화사),2026-04,14400,10.0,2684,691,2026-09-04T10:34:33+09:00,,,,,1,0
398326987,소드 오라토리아 16,소드 오라토리아,16,,"- 던전에서 만남을 추구하면 안 되는 걸까 외전, S Novel",오모리 후지노,㈜소미미디어,2026-07,10800,,2420,692,2026-09-04T10:34:33+09:00,435,-257,2540,-120,0,0
394833578,장송의 프리렌 1,장송의 프리렌,1,,,야마다 카네히토,학산문화사(만화),2021-11,6300,,2410,693,2026-09-04T10:34:33+09:00,510,-183,2625,-215,0,0
319094091,100미터 5,100미터,5,,,우오토,학산문화사(만화),2023-06,8100,10.0,2297,694,2026-09-04T10:34:33+09:00,962,268,2297,0,0,0
319093999,100미터 3,100미터,3,,,우오토,학산문화사(만화),2023-06,8100,10.0,2251,695,2026-09-04T10:34:33+09:00,966,271,2371,-120,0,0
319094052,100미터 4,100미터,4,,,우오토,학산문화사(만화),2023-06,8100,10.0,2246,696,2026-09-04T10:34:33+09:00,967,271,2246,0,0,0
400138794,이번 생은 가주가 되겠습니다 2부 6,이번 생은 가주가 되겠습니다 2부,6,,- 만화,앤트스튜디오,디앤씨웹툰비즈,2026-08,14400,,2280,697,2026-09-04T10:34:33+09:00,515,-182,2200,80,0,0
395531072,장송의 프리렌 13,장송의 프리렌,13,,,야마다 카네히토,학산문화사(만화),2024-12,6300,,2050,698,2026-09-04T10:34:33+09:00,616,-82,2175,-125,0,0
301396135,오란고교 호스트부 8,오란고교 호스트부,8,,,하토리 비스코,학산문화사(만화),2011-01,5400,,1986,699,2026-09-04T10:34:33+09:00,763,64,2074,-88,0,0
396137541,여름엔 늘 좋은 일이 생긴다,여름엔 늘 좋은 일이 생긴다,,,- 이윤희 만화집,이윤희,고트(goat),2026-06,20900,8.0,2245,700,2026-09-04T10:34:33+09:00,,,,,1,0
333641995,건방진 그 녀석 4,건방진 그 녀석,4,,,미츠바치 미유키,학산문화사(만화),2016-10,5400,,1921,701,2026-09-04T10:34:33+09:00,,,,,1,0
397222553,데포르메 세계 그리는 법,데포르메 세계 그리는 법,,,,시마리스 유키치,잉크잼(잼스푼),2026-07,19800,,1805,702,2026-09-04T10:34:33+09:00,518,-184,1910,-105,0,0
372547860,카구라바치 7,카구라바치,7,,,호카조노 타케루,대원씨아이(만화),2025-09,5850,,1865,703,2026-09-04T10:34:33+09:00,999,296,1870,-5,0,0
399953662,히마텐! 4,히마텐!,4,,- SL Comic,오노 겐키,디앤씨미디어(주)(D&C미디어),2026-08,6300,,1730,704,2026-09-04T10:34:33+09:00,627,-77,1840,-110,0,0
396657276,비밀법인 데스메이커 1,비밀법인 데스메이커,1,,,우나다 마아치,대원씨아이(만화),2026-06,6300,10.0,1760,705,2026-09-04T10:34:33+09:00,626,-79,1835,-75,0,0
310530480,만화로 보는 일리아스,만화로 보는 일리아스,,,- 트로이의 노래,동사원형,한빛비즈,2023-02,17550,9.9,2000,706,2026-09-04T10:34:33+09:00,987,281,1830,170,0,0
394027566,블리치 리믹스 16,블리치 리믹스,16,,,쿠보 타이토,서울미디어코믹스(서울문화사),2026-05,10800,9.6,1710,707,2026-09-04T10:34:33+09:00,517,-190,1810,-100,0,0
398360386,뷰티풀 군바리 12,뷰티풀 군바리,12,,- 초판 한정 포토카드 2종,설이,길찾기,2026-07,17820,,1770,708,2026-09-04T10:34:33+09:00,780,72,1795,-25,0,0
340411847,이거 그리고 죽어 2,이거 그리고 죽어,2,,,토요다 미노루,대원씨아이(만화),2024-05,5400,9.5,1692,709,2026-09-04T10:34:33+09:00,777,68,1773,-81,0,0
382235722,긴키 지방의 어느 장소에 대하여 2,긴키 지방의 어느 장소에 대하여,2,,,우스이 츠카사,오팬스코믹,2025-12,7650,9.4,1690,710,2026-09-04T10:34:33+09:00,774,64,1750,-60,0,0
395958550,핑키 나이트메어,핑키 나이트메어,,,- 라르고 맥스 Largo Max,NAREHATECHAN,조은세상(북두),2026-06,6300,9.5,1740,711,2026-09-04T10:34:33+09:00,782,71,1705,35,0,0
333361531,길가메쉬,길가메쉬,,,,옌스 하르더,마르코폴로,2024-02,18000,9.7,1602,712,2026-09-04T10:34:33+09:00,783,71,1642,-40,0,0
376973639,삼국지를 한번도 안 읽어 볼 수는 없잖아,삼국지를 한번도 안 읽어 볼 수는 없잖아,,,- 열 번은 읽은 듯한 빠삭함!,Team. StoryG,oldstairs(올드스테어즈),2025-11,18000,10.0,1500,713,2026-09-04T10:34:33+09:00,787,74,1635,-135,0,0
301188387,나루토 Naruto 44,나루토 Naruto,44,,,키시모토 마사시,대원씨아이(만화),2009-03,4950,,1780,714,2026-09-04T10:34:33+09:00,,,,,1,0
400586316,커들 2,커들,2,,- 수인 오메가버스,하스미 하나,학산문화사(만화),2026-08,6300,,1340,715,2026-09-04T10:34:33+09:00,331,-384,1480,-140,0,0
398284864,책벌레의 하극상 제4부 : 귀족원의 도서관을 구하고 싶어! 10,책벌레의 하극상 제4부 : 귀족원의 도서관을 구하고 싶어!,10,,- 사서가 되기 위해서라면 뭐든지 할 수 있어,카츠키 히카루,대원씨아이(만화),2026-07,5400,10.0,1275,716,2026-09-04T10:34:33+09:00,528,-188,1255,20,0,0
315161275,캐릭터 채색 & 레이어 테크닉,캐릭터 채색 & 레이어 테크닉,,,"- 인물을 더욱 매력적으로 만드는, 전면개정판",kyachi,한즈미디어(한스미디어),2023-04,4050,10.0,1450,717,2026-09-04T10:34:33+09:00,,,,,1,0
341991722,블리치 리믹스 4,블리치 리믹스,4,,,쿠보 타이토,서울미디어코믹스(서울문화사),2024-06,10800,10.0,1473,718,2026-09-04T10:34:33+09:00,,,,,1,0
398728056,마법소녀를 동경해서 4 (더블특전판),마법소녀를 동경해서,4,더블특전판,- 초판한정 : 일러스트 카드 1종 + SD 스티커 1종,오노나카 아키히로,대원씨아이(만화),2026-07,6750,,1295,719,2026-09-04T10:34:33+09:00,,,,,1,0
398727942,마법소녀를 동경해서 2 (더블특전판),마법소녀를 동경해서,2,더블특전판,- 초판한정 : 일러스트 카드 1종 + SD 스티커 1종,오노나카 아키히로,대원씨아이(만화),2026-07,6750,,1305,720,2026-09-04T10:34:33+09:00,,,,,1,0
398836644,장하다! 원조 괴짜가족 13,장하다! 원조 괴짜가족,13,,,하마오카 켄지,서울미디어코믹스(서울문화사),2026-07,4500,,1225,721,2026-09-04T10:34:33+09:00,793,72,1185,40,0,0
398728051,마법소녀를 동경해서 3 (더블특전판),마법소녀를 동경해서,3,더블특전판,- 초판한정 : 일러스트 카드 1종 + SD 스티커 1종,오노나카 아키히로,대원씨아이(만화),2026-07,6750,,1280,722,2026-09-04T10:34:33+09:00,,,,,1,0
355732920,단둘만의 로맨틱 3,단둘만의 로맨틱,3,,- 완결,카니사와 치히로,학산문화사(만화),2025-01,5400,10.0,1142,723,2026-09-04T10:34:33+09:00,795,72,1189,-47,0,0
399973937,코믹 무직전생 21,코믹 무직전생,21,,- 이세계에 갔으면 최선을 다한다,후지카와 유카,학산문화사(만화),2026-08,5400,,1080,724,2026-09-04T10:34:33+09:00,529,-195,1150,-70,0,0
349229181,단둘만의 로맨틱 1,단둘만의 로맨틱,1,,,카니사와 치히로,학산문화사(만화),2024-10,5400,10.0,1134,725,2026-09-04T10:34:33+09:00,792,67,1147,-13,0,0
304439735,격기 3반 4,격기 3반,4,,- 남일고등학교 격투기 특기반,이학,대원씨아이(만화),2018-09,4950,,1303,726,2026-09-04T10:34:33+09:00,,,,,1,0
393162271,데스 노트 Death Note 2,데스 노트 Death Note,2,,,오바 츠구미,대원씨아이(만화),2004-12,6300,,1150,727,2026-09-04T10:34:33+09:00,799,72,1100,50,0,0
400006756,녹는 눈과 아가판서스 1,녹는 눈과 아가판서스,1,,- 코믹 레인 / 초판한정 특별부록 : 띠지+일러스트 카드,나우치,미스터블루,2026-08,7200,,1310,728,2026-09-04T10:34:33+09:00,,,,,1,0
400909457,우린 엇갈리고 있다 1,우린 엇갈리고 있다,1,,,미나모토 유,대원씨아이(만화),2026-08,5850,,770,729,2026-09-04T10:34:33+09:00,296,-433,1010,-240,0,0
400715990,가짜 연금술사 4,가짜 연금술사,4,,"- 픽시하우스, 초판한정 특별부록 : 일러스트 카드 + 띠지",우메마루,미스터블루,2026-09,7200,,870,730,2026-09-04T10:34:33+09:00,533,-197,980,-110,0,0
396089569,데스 노트 Death Note 3,데스 노트 Death Note,3,,,오바 츠구미,대원씨아이(만화),2012-02,6300,,1075,731,2026-09-04T10:34:33+09:00,,,,,1,0
400909405,시오타 선생님과 아마이양 7,시오타 선생님과 아마이양,7,,,나카토카 쿠미코,대원씨아이(만화),2026-08,5850,,760,732,2026-09-04T10:34:33+09:00,452,-280,900,-140,0,0
400662384,꿈사랑 ~꿈에서 우리는 사랑에 빠진다~ 4,꿈사랑 ~꿈에서 우리는 사랑에 빠진다~,4,,- 완결,키타다 료마,서울미디어코믹스(서울문화사),2026-08,7650,,740,733,2026-09-04T10:34:33+09:00,648,-85,890,-150,0,0
400653955,마왕과 용사의 사랑의 도피 바캉스 (더블 특전판),마왕과 용사의 사랑의 도피 바캉스,,더블 특전판,"- 솔트 코믹스, 초판 더블 특전 : 만화 1P 페이퍼, 일러스트 카드 1종",바세우,YNK MEDIA(만화),2026-08,5850,,740,734,2026-09-04T10:34:33+09:00,537,-197,870,-130,0,0
389482128,애태울 정도의 사랑을 알아라 1,애태울 정도의 사랑을 알아라,1,,,쿄노 마코,학산문화사(만화),2026-04,6300,,835,735,2026-09-04T10:34:33+09:00,641,-94,940,-105,0,0
396563354,도망을 잘 치는 도련님 22,도망을 잘 치는 도련님,22,,- 코노 모로후유 1351,마츠이 유세이,대원씨아이(만화),2026-06,5400,10.0,730,736,2026-09-04T10:34:33+09:00,450,-286,790,-60,0,0
400734025,건강하고 문화적인 최저한도의 생활 12,건강하고 문화적인 최저한도의 생활,12,,,가시와기 하루코,문학동네,2026-08,8820,,840,737,2026-09-04T10:34:33+09:00,806,69,760,80,0,0
352375450,못 미더운 악녀입니다만 : ~추궁접서 교체전~ 7,못 미더운 악녀입니다만 : ~추궁접서 교체전~,7,,,EI Ohitsuji,서울미디어코믹스(서울문화사),2024-11,6300,9.7,803,738,2026-09-04T10:34:33+09:00,803,65,723,80,0,0
400649747,노노코 양의 여자친구 군♂ 1,노노코 양의 여자친구 군♂,1,,,하치와카마루,HUSH(허쉬),2026-08,5400,,610,739,2026-09-04T10:34:33+09:00,,,,,1,0
400557793,공각기동대 -HUMAN ERROR PROCESSER-,공각기동대 -HUMAN ERROR PROCESSER-,,,,시로 마사무네,대원씨아이(만화),2026-08,12600,,470,740,2026-09-04T10:34:33+09:00,812,72,500,-30,0,0
400708015,영국 낭만 희화 포레스트 아이비 1,영국 낭만 희화 포레스트 아이비,1,,,아마자케 시마,대원씨아이(만화),2026-08,6300,,570,741,2026-09-04T10:34:33+09:00,813,72,490,80,0,0
401064601,궁극의 애니메이션 100,궁극의 애니메이션,100,,- 죽기 전에 꼭 봐야 할 아니메,조 오코넬,중앙books(중앙북스),2026-08,58500,,480,742,2026-09-04T10:34:33+09:00,,,,,1,0
401421070,여장 남자는 스커트를 벗고 싶어! 5,여장 남자는 스커트를 벗고 싶어!,5,,,Shinagire,서울미디어코믹스(서울문화사),2026-09,5850,,580,743,2026-09-04T10:34:33+09:00,,,,,1,0
366331655,원피스 111,원피스,111,,- 엘바프 모험,오다 에이치로,대원씨아이(만화),2025-06,5400,10.0,25186,744,2026-09-04T10:34:33+09:00,,,,,1,0
355678823,원피스 110,원피스,110,,- 시대의 일렁임,오다 에이치로,대원씨아이(만화),2025-01,5400,9.9,13793,745,2026-09-04T10:34:33+09:00,654,-91,14036,-243,0,0
373074300,원펀맨 One Punch Man 33,원펀맨 One Punch Man,33,,- 제곱,ONE,대원씨아이(만화),2025-09,5400,9.7,10320,746,2026-09-04T10:34:33+09:00,,,,,1,0
394027323,야마다의 학급일지 4,야마다의 학급일지,4,,"- 완결, 초판 한정 : 야마다 & 무라타 일러스트 카드 3종",아오미 루이,서울미디어코믹스(서울문화사),2026-05,5850,9.8,9785,747,2026-09-04T10:34:33+09:00,466,-281,9925,-140,0,0
252254600,귀멸의 칼날 : 공식 팬북 귀살대 견문록,귀멸의 칼날 : 공식 팬북 귀살대 견문록,,,,고토게 코요하루,학산문화사(만화),2020-09,8550,9.6,9556,748,2026-09-04T10:34:33+09:00,827,79,9530,26,0,0
379004652,열혈강호 94,열혈강호,94,,,전극진,대원씨아이(만화),2025-11,4950,9.2,9647,749,2026-09-04T10:34:33+09:00,,,,,1,0
309270072,후지모토 타츠키 단편집 17-21,후지모토 타츠키 단편집,17-21,,,후지모토 타츠키,학산문화사(만화),2023-01,5400,8.6,9444,750,2026-09-04T10:34:33+09:00,826,76,9501,-57,0,0
215083221,스파이 패밀리 1,스파이 패밀리,1,,,엔도 타츠야,학산문화사(만화),2019-11,5400,9.7,9499,751,2026-09-04T10:34:33+09:00,828,77,9476,23,0,0
295837060,체인소 맨 1,체인소 맨,1,,,후지모토 타츠키,학산문화사(만화),2020-09,5400,10.0,9147,752,2026-09-04T10:34:33+09:00,,,,,1,0
331003597,원피스 107,원피스,107,,- 전설의 영웅,오다 에이치로,대원씨아이(만화),2024-01,4950,9.7,8965,753,2026-09-04T10:34:33+09:00,,,,,1,0
384918469,루리 드래곤 4,루리 드래곤,4,,,신도 마사오키,서울미디어코믹스(서울문화사),2026-01,5400,9.6,8746,754,2026-09-04T10:34:33+09:00,830,76,8807,-61,0,0
358910532,명탐정 코난 106,명탐정 코난,106,,,아오야마 고쇼,서울미디어코믹스(서울문화사),2025-02,5400,10.0,8408,755,2026-09-04T10:34:33+09:00,661,-94,8596,-188,0,0
387232917,모모세 아키라의 첫사랑 파탄 중 4 (트리플 특전판),모모세 아키라의 첫사랑 파탄 중,4,트리플 특전판,- 스페셜 아크릴 일러스트 카드(1종) + 반전 매력의 양면 일러스트 카드(2종),하레카와 신타,서울미디어코믹스(서울문화사),2026-02,6750,10.0,8153,756,2026-09-04T10:34:33+09:00,665,-91,8329,-176,0,0
387160732,반딧불이의 혼례 9,반딧불이의 혼례,9,,,타치바나 오레코,서울미디어코믹스(서울문화사),2026-02,7650,9.7,8047,757,2026-09-04T10:34:33+09:00,552,-205,8264,-217,0,0
393727271,전지적 독자 시점 19,전지적 독자 시점,19,,- 초판한정: 캐릭터 카드 1종 + 엽서 1종,슬리피-C,에이템포미디어,2026-05,14850,10.0,7780,758,2026-09-04T10:34:33+09:00,555,-203,7965,-185,0,0
378768331,모모세 아키라의 첫사랑 파탄 중 2 (트리플 특전판),모모세 아키라의 첫사랑 파탄 중,2,트리플 특전판,- 홀로그램 일러스트 카드(1종) + 반전 매력의 양면 일러스트 카드(2종),하레카와 신타,서울미디어코믹스(서울문화사),2025-11,6750,10.0,7987,759,2026-09-04T10:34:33+09:00,834,75,7916,71,0,0
277000440,명탐정 코난 : 경찰학교 편 - 상,명탐정 코난 : 경찰학교 편 - 상,,,,아라이 타카히로,서울미디어코믹스(서울문화사),2021-08,4950,9.1,7878,760,2026-09-04T10:34:33+09:00,,,,,1,0
296518224,주술회전 19,주술회전,19,,- 도쿄 제1콜로니 -화내는 남자-,아쿠타미 게게,서울미디어코믹스(서울문화사),2022-06,5400,10.0,7825,761,2026-09-04T10:34:33+09:00,669,-92,7848,-23,0,0
283806419,장송의 프리렌 2,장송의 프리렌,2,,,야마다 카네히토,학산문화사(만화),2021-11,5400,9.6,7459,762,2026-09-04T10:34:33+09:00,837,75,7529,-70,0,0
382045769,모모세 아키라의 첫사랑 파탄 중 3 (트리플 특전판),모모세 아키라의 첫사랑 파탄 중,3,트리플 특전판,- 홀로그램 일러스트 카드(1종) + 반전 매력의 양면 일러스트 카드(2종),하레카와 신타,서울미디어코믹스(서울문화사),2025-12,6750,9.8,7529,763,2026-09-04T10:34:33+09:00,839,76,7494,35,0,0
362120342,그 비스크 돌은 사랑을 한다 14,그 비스크 돌은 사랑을 한다,14,,- S코믹스,후쿠다 신이치,㈜소미미디어,2025-04,5400,9.2,7411,764,2026-09-04T10:34:33+09:00,840,76,7447,-36,0,0
397592223,애태울 정도의 사랑을 알아라 3,애태울 정도의 사랑을 알아라,3,,- 완결,쿄노 마코,학산문화사(만화),2026-07,6300,10.0,7315,765,2026-09-04T10:34:33+09:00,557,-208,7320,-5,0,0
324949099,봄의 폭풍과 몬스터 1,봄의 폭풍과 몬스터,1,,,미츠바치 미유키,학산문화사(만화),2023-10,5400,9.7,7168,766,2026-09-04T10:34:33+09:00,,,,,1,0
301706807,주술회전 4,주술회전,4,,,아쿠타미 게게,서울미디어코믹스(서울문화사),2019-05,5400,,6757,767,2026-09-04T10:34:33+09:00,472,-295,6909,-152,0,0
332513041,던전밥 13,던전밥,13,,- S코믹스,쿠이 료코,㈜소미미디어,2024-02,6300,9.8,6685,768,2026-09-04T10:34:33+09:00,,,,,1,0
364518017,루리 드래곤 3,루리 드래곤,3,,,신도 마사오키,서울미디어코믹스(서울문화사),2025-05,5400,9.6,6611,769,2026-09-04T10:34:33+09:00,,,,,1,0
392519237,길고양이와 늑대 6,길고양이와 늑대,6,,,미츠바치 미유키,학산문화사(만화),2026-05,5400,9.9,6510,770,2026-09-04T10:34:33+09:00,845,75,6570,-60,0,0
364586421,봄의 폭풍과 몬스터 6,봄의 폭풍과 몬스터,6,,,미츠바치 미유키,학산문화사(만화),2025-05,5400,9.7,6635,771,2026-09-04T10:34:33+09:00,,,,,1,0
132200228,재즈 잇 업! Jazz It Up!,재즈 잇 업! Jazz It Up!,,,"- 남무성의 만화로 보는 재즈의 역사, 출간 15주년 특별 개정증보판",남무성,서해문집,2018-02,24300,9.6,6339,772,2026-09-04T10:34:33+09:00,676,-96,6439,-100,0,0
340343369,쿠이 료코 낙서집 데이드림 아워,쿠이 료코 낙서집 데이드림 아워,,,- S코믹스,쿠이 료코,㈜소미미디어,2024-06,18000,9.6,6361,773,2026-09-04T10:34:33+09:00,847,74,6424,-63,0,0
388745962,옆집 천사님 때문에 어느샌가 인간적으로 타락한 사연 11.5 (소책자 부속 특별판),옆집 천사님 때문에 어느샌가 인간적으로 타락한 사연 11.5,,소책자 부속 특별판,"- Novel Engine, ①특별판 전용 커버 사양 11.5권 본편 (11.5권 일반판과 동일한 일러스트 카드 포함 ※띠지 없음) ②별책 단편집 (※커버 없음) ③전용 슬리브 타입 케이스",사에키상,데이즈엔터(주),2026-04,14400,,6195,774,2026-09-04T10:34:33+09:00,678,-96,6323,-128,0,0
380080135,봇치·더·록! 외전 히로이 키쿠리의 과음일기 4,봇치·더·록! 외전 히로이 키쿠리의 과음일기,4,,,쿠미쵸,대원씨아이(만화),2025-12,8100,10.0,6124,775,2026-09-04T10:34:33+09:00,677,-98,6371,-247,0,0
304252422,귀멸 학원! 2,귀멸 학원!,2,,,호카미 나츠키,학산문화사(만화),2022-11,5400,8.0,6002,776,2026-09-04T10:34:33+09:00,682,-94,6159,-157,0,0
301714623,주술회전 17,주술회전,17,,- 갈대를 입에 물다,아쿠타미 게게,서울미디어코믹스(서울문화사),2021-11,5400,,5896,777,2026-09-04T10:34:33+09:00,683,-94,6015,-119,0,0
329151499,봄의 폭풍과 몬스터 2,봄의 폭풍과 몬스터,2,,,미츠바치 미유키,학산문화사(만화),2023-11,5400,9.7,6148,778,2026-09-04T10:34:33+09:00,,,,,1,0
386563480,단다단 19,단다단,19,,,타츠 유키노부,대원씨아이(만화),2026-02,5400,10.0,5630,779,2026-09-04T10:34:33+09:00,561,-218,5796,-166,0,0
290968392,아름다운 초저녁달 2,아름다운 초저녁달,2,,,야마모리 미카,학산문화사(만화),2022-03,5400,10.0,5670,780,2026-09-04T10:34:33+09:00,851,71,5705,-35,0,0
388349538,카구라바치 9 (특별판),카구라바치,9,특별판,"- 토비무네, 아크릴 스탠드 2종 + 자개풍 홀로그램 아크릴 코스터 1종 + 화투풍 능력카드 4종 + 갤러리 보드 1종 + 후가공 일러스트카드 1종 + 렌티큘러 카드 1종 + 초판한정 일러스트 시네마 티켓 1종 + 더블특전 요도 계약자 pp 북마크",호카조노 타케루,대원씨아이(만화),2026-03,35550,10.0,5827,781,2026-09-04T10:34:33+09:00,,,,,1,0
328897066,귀멸 학원! 4,귀멸 학원!,4,,,호카미 나츠키,학산문화사(만화),2023-11,5400,10.0,5705,782,2026-09-04T10:34:33+09:00,852,70,5673,32,0,0
226966203,그 비스크 돌은 사랑을 한다 2,그 비스크 돌은 사랑을 한다,2,,- S코믹스,후쿠다 신이치,㈜소미미디어,2020-01,6300,9.0,5489,783,2026-09-04T10:34:33+09:00,564,-219,5626,-137,0,0
301708557,주술회전 10,주술회전,10,,,아쿠타미 게게,서울미디어코믹스(서울문화사),2020-12,5400,,5504,784,2026-09-04T10:34:33+09:00,688,-96,5624,-120,0,0
397362768,가끔씩 툭하고 러시아어로 부끄러워하는 옆자리의 아랴 양 11,가끔씩 툭하고 러시아어로 부끄러워하는 옆자리의 아랴 양,11,,"- L Novel /초판 한정 특전 : 띠지, 책갈피, 양면 표지, 폴라로이드 카드 1종",SUN SUN SUN,디앤씨미디어(주)(D&C미디어),2026-07,7650,,5170,785,2026-09-04T10:34:33+09:00,566,-219,5500,-330,0,0
382041006,사카모토 데이즈 24,사카모토 데이즈,24,,- 감전 주의,스즈키 유우토,대원씨아이(만화),2025-12,5850,,5454,786,2026-09-04T10:34:33+09:00,567,-219,5490,-36,0,0
325351296,오래 보고 싶었다,오래 보고 싶었다,,,"- 내일 더 빛날 당신을 위한 위로, 나태주·다홍 만화시집",나태주,더블북,2023-10,15300,9.9,5559,787,2026-09-04T10:34:33+09:00,,,,,1,0
352893694,귀멸 학원! 6,귀멸 학원!,6,,- 완결,호카미 나츠키,학산문화사(만화),2024-11,5400,10.0,5524,788,2026-09-04T10:34:33+09:00,,,,,1,0
333218155,마루는 강쥐 3,마루는 강쥐,3,,,모죠,문페이스,2024-02,14400,,5136,789,2026-09-04T10:34:33+09:00,565,-224,5291,-155,0,0
352754315,원펀맨 One Punch Man 31,원펀맨 One Punch Man,31,,- 연옥무쌍폭열파동포,ONE,대원씨아이(만화),2024-11,5400,9.6,5109,790,2026-09-04T10:34:33+09:00,865,75,5193,-84,0,0
295077194,아름다운 초저녁달 3,아름다운 초저녁달,3,,,야마모리 미카,학산문화사(만화),2022-05,5400,9.8,5047,791,2026-09-04T10:34:33+09:00,863,72,5140,-93,0,0
105525634,공각기동대 -THE GHOST IN THE SHELL-,공각기동대 -THE GHOST IN THE SHELL-,,,,시로 마사무네,대원씨아이(만화),2017-03,14400,9.2,5031,792,2026-09-04T10:34:33+09:00,860,68,5109,-78,0,0
379953360,슈퍼 러버즈 18,슈퍼 러버즈,18,,,아베 미유키,서울미디어코믹스(서울문화사),2025-12,5400,10.0,5068,793,2026-09-04T10:34:33+09:00,694,-99,5045,23,0,0
255143164,그 비스크 돌은 사랑을 한다 5,그 비스크 돌은 사랑을 한다,5,,- S코믹스,후쿠다 신이치,㈜소미미디어,2020-11,6300,9.7,4984,794,2026-09-04T10:34:33+09:00,868,74,4988,-4,0,0
398728413,마법소녀를 동경해서 1~5 합본판,마법소녀를 동경해서 1~5 합본판,,,- 각권 초회 한정 일러스트 카드 각 1종씩 (총5종) + 각 권 선착순 더블 특전 SD스티커 각 1종씩(총5종) + PET스탠드 + 컵코스터 + 일러스트 카드 + 별도 박스 포장,오노나카 아키히로,대원씨아이(만화),2026-07,33750,,4905,795,2026-09-04T10:34:33+09:00,691,-104,4975,-70,0,0
390583412,비실비실 선생님 12,비실비실 선생님,12,,,후쿠치 카미오,대원씨아이(만화),2026-04,5850,10.0,4972,796,2026-09-04T10:34:33+09:00,871,75,4905,67,0,0
380811247,스킵 비트! 50,스킵 비트!,50,,,나카무라 요시키,시공사(만화),2025-12,5850,9.7,4912,797,2026-09-04T10:34:33+09:00,696,-101,4893,19,0,0
303094586,아름다운 초저녁달 4,아름다운 초저녁달,4,,,야마모리 미카,학산문화사(만화),2022-10,5400,9.9,4755,798,2026-09-04T10:34:33+09:00,869,71,4823,-68,0,0
394711869,김전일 아빠의 사건부 3,김전일 아빠의 사건부,3,,,아마기 세이마루,서울미디어코믹스(서울문화사),2026-06,6300,9.7,4615,799,2026-09-04T10:34:33+09:00,575,-224,4815,-200,0,0
364494673,언플러그드 보이 1,언플러그드 보이,1,,- 개정판,천계영,문학동네,2025-05,12600,10.0,4908,800,2026-09-04T10:34:33+09:00,,,,,1,0
399052013,THE ART OF SOLO LEVELING : 웹툰 「나 혼자만 레벨업」 공식 아트북,THE ART OF SOLO LEVELING : 웹툰 「나 혼자만 레벨업」 공식 아트북,,,,장성락(REDICE STUDIO),디앤씨미디어(주)(D&C미디어),2026-08,43200,,4565,801,2026-09-04T10:34:33+09:00,574,-227,4710,-145,0,0
292873028,타마의 포상 1,타마의 포상,1,,,호시야 카오리,대원씨아이(만화),2022-04,4500,9.2,4689,802,2026-09-04T10:34:33+09:00,,,,,1,0
340823801,봄의 폭풍과 몬스터 4,봄의 폭풍과 몬스터,4,,,미츠바치 미유키,학산문화사(만화),2024-06,5400,10.0,4825,803,2026-09-04T10:34:33+09:00,,,,,1,0
364494824,언플러그드 보이 2,언플러그드 보이,2,,"- 개정판, 완결",천계영,문학동네,2025-05,12600,10.0,4828,804,2026-09-04T10:34:33+09:00,,,,,1,0
318700246,괴수 8호 1,괴수 8호,1,,,마츠모토 나오야,서울미디어코믹스(서울문화사),2021-01,5400,8.0,4511,805,2026-09-04T10:34:33+09:00,880,75,4580,-69,0,0
382425596,소소한 미식 생활,소소한 미식 생활,,,,이다 치아키,이아소,2026-01,16200,9.7,4686,806,2026-09-04T10:34:33+09:00,,,,,1,0
355156419,아름다운 초저녁달 8,아름다운 초저녁달,8,,,야마모리 미카,학산문화사(만화),2025-01,5400,9.5,4386,807,2026-09-04T10:34:33+09:00,879,72,4452,-66,0,0
377704735,봇치·더·록! 8,봇치·더·록!,8,,,하마지 아키,대원씨아이(만화),2025-11,8100,10.0,4411,808,2026-09-04T10:34:33+09:00,878,70,4583,-172,0,0
367919526,마루는 강쥐 7,마루는 강쥐,7,,,모죠,문페이스,2025-07,14400,,4367,809,2026-09-04T10:34:33+09:00,881,72,4442,-75,0,0
105525838,공각기동대 -MANMACHINE INTERFACE-,공각기동대 -MANMACHINE INTERFACE-,,,,시로 마사무네,대원씨아이(만화),2017-03,14400,7.7,4288,810,2026-09-04T10:34:33+09:00,884,74,4387,-99,0,0
135438370,기븐 4,기븐,4,,- 뉴 루비코믹스 2133,키즈 나츠키,현대지능개발사,2018-02,4950,8.7,4542,811,2026-09-04T10:34:33+09:00,,,,,1,0
337045326,괴수 8호 2,괴수 8호,2,,,마츠모토 나오야,서울미디어코믹스(서울문화사),2021-04,5400,8.0,4186,812,2026-09-04T10:34:33+09:00,893,81,4280,-94,0,0
341934453,동경일일 3,동경일일,3,,- 완결,마츠모토 타이요,문학동네,2024-06,9900,9.6,4174,813,2026-09-04T10:34:33+09:00,707,-106,4228,-54,0,0
396368739,어서 와 수평선 1 (트리플 특전판),어서 와 수평선,1,트리플 특전판,- 띠지 + 입욕권 북마크 1종 + pp 스탠드 1종 + 티셔츠 판 스티커 1종,와타베 타이요,대원씨아이(만화),2026-06,6300,10.0,4075,814,2026-09-04T10:34:33+09:00,489,-325,4345,-270,0,0
389641178,황천의 츠가이 5,황천의 츠가이,5,,,아라카와 히로무,대원씨아이(만화),2024-03,5850,,4134,815,2026-09-04T10:34:33+09:00,701,-114,4308,-174,0,0
386059133,나 혼자만 레벨업 : 라그나로크 2,나 혼자만 레벨업 : 라그나로크,2,,- 만화,,디앤씨웹툰비즈,2026-02,14400,7.0,4256,816,2026-09-04T10:34:33+09:00,888,72,4126,130,0,0
327568377,그 비스크 돌은 사랑을 한다 11,그 비스크 돌은 사랑을 한다,11,,- S코믹스,후쿠다 신이치,㈜소미미디어,2023-11,6300,9.6,4037,817,2026-09-04T10:34:33+09:00,902,85,4122,-85,0,0
341802003,베르세르크 42,베르세르크,42,,,미우라 켄타로,대원씨아이(만화),2024-06,5400,9.7,3974,818,2026-09-04T10:34:33+09:00,898,80,4111,-137,0,0
355679069,카구라바치 3,카구라바치,3,,,호카조노 타케루,대원씨아이(만화),2025-01,5850,9.7,4230,819,2026-09-04T10:34:33+09:00,,,,,1,0
382707103,소년X소녀 일러스트&스티커북,소년X소녀 일러스트&스티커북,,,,규잉,서울미디어코믹스(서울문화사),2025-12,18000,7.2,4073,820,2026-09-04T10:34:33+09:00,,,,,1,0
344254532,GACHIAKUTA 6,GACHIAKUTA,6,,,케이 우라나,학산문화사(만화),2024-08,5400,10.0,3955,821,2026-09-04T10:34:33+09:00,713,-108,4040,-85,0,0
81953629,용의 귀여운 일곱 아이 : 쿠이 료코 작품집,용의 귀여운 일곱 아이 : 쿠이 료코 작품집,,,- S코믹스,쿠이 료코,㈜소미미디어,2016-04,6300,8.7,3950,822,2026-09-04T10:34:33+09:00,897,75,3998,-48,0,0
397175745,악마에 입문했습니다! 이루마 군 47,악마에 입문했습니다! 이루마 군,47,,,니시 오사무,서울미디어코믹스(서울문화사),2026-07,5850,,3950,823,2026-09-04T10:34:33+09:00,,,,,1,0
86997362,용의 학교는 산 위에,용의 학교는 산 위에,,,"- 쿠이 료코 작품집, S코믹스",쿠이 료코,㈜소미미디어,2016-07,8550,9.4,3789,824,2026-09-04T10:34:33+09:00,711,-113,3885,-96,0,0
293068139,기븐 7,기븐,7,,- 뉴 루비코믹스 2755,키즈 나츠키,현대지능개발사,2022-04,5400,9.8,3963,825,2026-09-04T10:34:33+09:00,,,,,1,0
390241459,황천의 츠가이 4,황천의 츠가이,4,,,아라카와 히로무,대원씨아이(만화),2023-10,5850,,3657,826,2026-09-04T10:34:33+09:00,583,-243,3779,-122,0,0
385946274,비실비실 선생님 11,비실비실 선생님,11,,,후쿠치 카미오,대원씨아이(만화),2026-02,5400,,3754,827,2026-09-04T10:34:33+09:00,909,82,3666,88,0,0
290233284,하이큐!! 42,하이큐!!,42,,- 무엇,후루다테 하루이치,대원씨아이(만화),2020-07,4950,,3685,828,2026-09-04T10:34:33+09:00,585,-243,3712,-27,0,0
366528002,메이드 인 어비스 13,메이드 인 어비스,13,,,츠쿠시 아키히토,미우(대원씨아이),2025-06,7200,9.2,3737,829,2026-09-04T10:34:33+09:00,719,-110,3769,-32,0,0
364156956,카구라바치 5,카구라바치,5,,,호카조노 타케루,대원씨아이(만화),2025-05,5850,9.4,3630,830,2026-09-04T10:34:33+09:00,,,,,1,0
397898246,역대급 영지 설계사 9,역대급 영지 설계사,9,,- 초판 한정 작가진 친필 사인 인쇄본 + 표지 일러스트 엽서 + 캐릭터 카드 3종,이현민,문페이스,2026-07,14400,,3370,831,2026-09-04T10:34:33+09:00,413,-418,3600,-230,0,0
393756075,폭식 너무 좋아! 모치즈키 양 3,폭식 너무 좋아! 모치즈키 양,3,,,마루요노 카모메,대원씨아이(만화),2026-05,6300,9.8,3475,832,2026-09-04T10:34:33+09:00,723,-109,3590,-115,0,0
395444518,러브 불릿 1,러브 불릿,1,,- 초판 한정 부록: SD 캐릭터 스티커 1매 + 저자 사인 메시지 (면지 인쇄),inee,빗금,2026-06,8100,10.0,3485,833,2026-09-04T10:34:33+09:00,913,80,3545,-60,0,0
322441152,꿈빛 파티시엘 신장판 3,꿈빛 파티시엘 신장판,3,,,마츠모토 나츠미,대원씨아이(만화),2023-08,5400,,3463,834,2026-09-04T10:34:33+09:00,722,-112,3529,-66,0,0
388858246,야쿠자 때문에 목욕탕에서 일하고 있습니다 3,야쿠자 때문에 목욕탕에서 일하고 있습니다,3,,,타카시,㈜소미미디어,2026-04,5850,9.9,3405,835,2026-09-04T10:34:33+09:00,727,-108,3412,-7,0,0
372442252,천막의 자두가르 5,천막의 자두가르,5,,,토마토수프,서울미디어코믹스(서울문화사),2025-09,6750,9.4,3388,836,2026-09-04T10:34:33+09:00,916,80,3485,-97,0,0
384923404,이세계 삼촌 13,이세계 삼촌,13,,- 픽시하우스,호톤도신데이루,데이즈엔터(주),2026-02,7200,,3335,837,2026-09-04T10:34:33+09:00,587,-250,3425,-90,0,0
394015605,나나 NANA 완전판 9,나나 NANA 완전판,9,,"- 초판 한정: PP엽서 1종, 포토카드 1종",야자와 아이,학산문화사(만화),2026-05,10800,,3295,838,2026-09-04T10:34:33+09:00,588,-250,3420,-125,0,0
365413873,팔견전 21,팔견전,21,,"- 동방팔견이문, S코믹스",아베 미유키,㈜소미미디어,2025-06,5400,10.0,3248,839,2026-09-04T10:34:33+09:00,591,-248,3341,-93,0,0
241030899,소녀종말여행 1~6 박스 세트 - 전6권 (엽서 세트 포함),소녀종말여행 1~6 박스 세트 - 전6권 (엽서 세트 포함),,,- 완결,츠쿠미즈,학산문화사(만화),2020-06,36000,9.6,3247,840,2026-09-04T10:34:33+09:00,729,-111,3302,-55,0,0
329600458,약사의 혼잣말 1,약사의 혼잣말,1,,,네코쿠라게,학산문화사(만화),2019-12,5400,8.0,3223,841,2026-09-04T10:34:33+09:00,921,80,3280,-57,0,0
295225182,귀멸의 칼날 14,귀멸의 칼날,14,,,고토게 코요하루,학산문화사(만화),2020-01,5400,,3208,842,2026-09-04T10:34:33+09:00,918,76,3355,-147,0,0
353713801,봇치·더·록! 외전 히로이 키쿠리의 과음일기 1,봇치·더·록! 외전 히로이 키쿠리의 과음일기,1,,,쿠미쵸,대원씨아이(만화),2024-12,8100,9.8,3242,843,2026-09-04T10:34:33+09:00,,,,,1,0
294498008,블루 록 1,블루 록,1,,,노무라 유스케,학산문화사(만화),2020-11,5400,10.0,3134,844,2026-09-04T10:34:33+09:00,732,-112,3276,-142,0,0
374961203,팔견전 23,팔견전,23,,"- 동방팔견이문, S코믹스",아베 미유키,㈜소미미디어,2025-10,5400,10.0,3142,845,2026-09-04T10:34:33+09:00,740,-105,3115,27,0,0
369868343,팔견전 22,팔견전,22,,"- 동방팔견이문, S코믹스",아베 미유키,㈜소미미디어,2025-08,5400,10.0,3112,846,2026-09-04T10:34:33+09:00,744,-102,3085,27,0,0
295225057,귀멸의 칼날 11,귀멸의 칼날,11,,,고토게 코요하루,학산문화사(만화),2019-10,5400,,3032,847,2026-09-04T10:34:33+09:00,923,76,3079,-47,0,0
386058254,타몬 군 지금 어느 쪽?! 9,타몬 군 지금 어느 쪽?!,9,,,시와스 유키,학산문화사(만화),2025-04,5400,,2949,848,2026-09-04T10:34:33+09:00,934,86,3067,-118,0,0
299654606,하이큐!! 41,하이큐!!,41,,- 작은 거인 VS,후루다테 하루이치,대원씨아이(만화),2020-04,4950,,3009,849,2026-09-04T10:34:33+09:00,741,-108,2976,33,0,0
329600924,약사의 혼잣말 2,약사의 혼잣말,2,,,네코쿠라게,학산문화사(만화),2019-12,5400,,2859,850,2026-09-04T10:34:33+09:00,936,86,2955,-96,0,0
391648960,숨막힐 정도의 사랑을 줄게 6,숨막힐 정도의 사랑을 줄게,6,,,이와시타 케이코,대원씨아이(만화),2026-04,5400,9.7,3005,851,2026-09-04T10:34:33+09:00,,,,,1,0
322386168,운명의 사람을 만나는 이야기 2,운명의 사람을 만나는 이야기,2,,,아나신,학산문화사(만화),2023-08,5400,9.8,2834,852,2026-09-04T10:34:33+09:00,935,83,2849,-15,0,0
397905187,THE POOL,THE POOL,,,,사쿠라이 가몬,학산문화사(만화),2026-07,13500,10.0,2730,853,2026-09-04T10:34:33+09:00,603,-250,2855,-125,0,0
398010173,한구석의 기억 2,한구석의 기억,2,,,키요나가 타마고,빗금,2026-07,6750,10.0,2875,854,2026-09-04T10:34:33+09:00,,,,,1,0
23585900,애니메이터 서바이벌 키트,애니메이터 서바이벌 키트,,,- 증보판,리처드 윌리엄스,한울(한울아카데미),2020-11,52000,8.6,2764,855,2026-09-04T10:34:33+09:00,940,85,2773,-9,0,0
383428976,Veil 6,Veil,6,,"- S코믹스, JAPAN EXPO 최우수작화상, 최우수장정상 수상",코테리,㈜소미미디어,2026-01,11520,9.7,2847,856,2026-09-04T10:34:33+09:00,,,,,1,0
324950007,운명의 사람을 만나는 이야기 3,운명의 사람을 만나는 이야기,3,,,아나신,학산문화사(만화),2023-09,5400,9.5,2617,857,2026-09-04T10:34:33+09:00,941,84,2679,-62,0,0
332456996,천막의 자두가르 3,천막의 자두가르,3,,,토마토수프,서울미디어코믹스(서울문화사),2024-01,6750,9.7,2559,858,2026-09-04T10:34:33+09:00,956,98,2659,-100,0,0
304629310,블루 록 3,블루 록,3,,,노무라 유스케,학산문화사(만화),2021-02,5400,10.0,2600,859,2026-09-04T10:34:33+09:00,944,85,2649,-49,0,0
389481532,묘쌤은 이렇게 말했다 10,묘쌤은 이렇게 말했다,10,,- S코믹스,무테키 소다,㈜소미미디어,2026-04,6300,9.5,2581,860,2026-09-04T10:34:33+09:00,951,91,2595,-14,0,0
378966916,드래곤볼 완전판 가이드북 LANDMARK,드래곤볼 완전판 가이드북 LANDMARK,,,,토리야마 아키라,서울미디어코믹스(서울문화사),2025-11,12600,10.0,2545,861,2026-09-04T10:34:33+09:00,752,-109,2585,-40,0,0
399900769,소꿉친구 컴플렉스 4~5 스페셜 세트 - 전2권,소꿉친구 컴플렉스 4~5 스페셜 세트 - 전2권,,,"- 초판 한정 부록 : 책갈피 2종(4, 5권 책갈피 각각 1종) + 렌티큘러 엽서 2종 + 증명사진 패키지 + 폴라로이드 4종 + 작가님 사인 인쇄본",은하이,네이버웹툰,2026-10,39600,,2290,862,2026-09-04T10:34:33+09:00,289,-573,2580,-290,0,0
333640950,먼작귀 5,먼작귀,5,,- 먼가 작고 귀여운 녀석,나가노,미우(대원씨아이),2024-02,10800,10.0,2567,863,2026-09-04T10:34:33+09:00,948,85,2574,-7,0,0
336556121,박시백의 고려사 1~5 세트 - 전5권,박시백의 고려사 1~5 세트 - 전5권,,,,박시백,휴머니스트,2024-03,66150,8.0,2477,864,2026-09-04T10:34:33+09:00,755,-109,2555,-78,0,0
302941691,블루 록 5,블루 록,5,,,노무라 유스케,학산문화사(만화),2021-04,5400,10.0,2438,865,2026-09-04T10:34:33+09:00,960,95,2496,-58,0,0
396091726,나의 행복한 결혼 6,나의 행복한 결혼,6,,,코사카 리토,서울미디어코믹스(서울문화사),2026-06,4950,9.7,2375,866,2026-09-04T10:34:33+09:00,955,89,2465,-90,0,0
393626220,구룡 제네릭 로맨스 11,구룡 제네릭 로맨스,11,,"- S코믹스/ 초판 한정 렌티큘러 카드, 일러스트 카드",마유즈키 준,㈜소미미디어,2026-05,6300,9.8,2365,867,2026-09-04T10:34:33+09:00,968,101,2360,5,0,0
396593327,일본삼국 7,일본삼국,7,,,마쓰키 잇카,재담,2026-06,7200,10.0,2275,868,2026-09-04T10:34:33+09:00,758,-110,2395,-120,0,0
395745585,이런 게 좋아 12,이런 게 좋아,12,,,소류,학산문화사(만화),2026-06,7200,9.7,2345,869,2026-09-04T10:34:33+09:00,,,,,1,0
322921540,원피스 99,원피스,99,,- 밀짚모자 루피,오다 에이치로,대원씨아이(만화),2021-08,4950,10.0,2448,870,2026-09-04T10:34:33+09:00,,,,,1,0
304629473,블루 록 6,블루 록,6,,,노무라 유스케,학산문화사(만화),2021-06,5400,,2246,871,2026-09-04T10:34:33+09:00,972,101,2266,-20,0,0
382629539,꿈인지 생시인지 2,꿈인지 생시인지,2,,,사키사카 이오,대원씨아이(만화),2025-12,5850,9.8,2411,872,2026-09-04T10:34:33+09:00,,,,,1,0
366700846,이거 그리고 죽어 6,이거 그리고 죽어,6,,,토요다 미노루,대원씨아이(만화),2025-06,5400,9.7,2308,873,2026-09-04T10:34:33+09:00,,,,,1,0
347631706,악마에 입문했습니다! 이루마 군 : if Episode of 마피아 1,악마에 입문했습니다! 이루마 군 : if Episode of 마피아,1,,,니시 오사무,서울미디어코믹스(서울문화사),2024-09,5850,9.8,2396,874,2026-09-04T10:34:33+09:00,,,,,1,0
301570726,나루토 Naruto 43,나루토 Naruto,43,,,키시모토 마사시,대원씨아이(만화),2008-12,5400,10.0,2290,875,2026-09-04T10:34:33+09:00,,,,,1,0
365269706,물가의 밤 2,물가의 밤,2,,,으자,봄툰,2025-04,15300,10.0,2426,876,2026-09-04T10:34:33+09:00,,,,,1,0
388121581,봄바람의 에트랑제 6,봄바람의 에트랑제,6,,- 뉴 루비코믹스 3149,키이 칸나,현대지능개발사,2026-03,5400,10.0,2432,877,2026-09-04T10:34:33+09:00,,,,,1,0
349368452,악마에 입문했습니다! 이루마 군 : if Episode of 마피아 2,악마에 입문했습니다! 이루마 군 : if Episode of 마피아,2,,,니시 오사무,서울미디어코믹스(서울문화사),2024-10,5850,9.6,2300,878,2026-09-04T10:34:33+09:00,973,95,2169,131,0,0
302325654,건방진 그 녀석 3,건방진 그 녀석,3,,,미츠바치 미유키,학산문화사(만화),2016-08,5400,,2054,879,2026-09-04T10:34:33+09:00,989,110,1884,170,0,0
294260782,팔견전 14,팔견전,14,,"- 동방팔견이문, S코믹스",아베 미유키,㈜소미미디어,2022-05,6300,8.7,2014,880,2026-09-04T10:34:33+09:00,767,-113,2110,-96,0,0
314184207,팔견전 16,팔견전,16,,"- 동방팔견이문, S코믹스",아베 미유키,㈜소미미디어,2023-04,6300,9.3,1951,881,2026-09-04T10:34:33+09:00,773,-108,2047,-96,0,0
392910795,너를 너무너무너무너무 좋아하는 100명의 그녀 23,너를 너무너무너무너무 좋아하는 100명의 그녀,23,,,나카무라 리키토,학산문화사(만화),2026-05,5400,9.2,2230,882,2026-09-04T10:34:33+09:00,,,,,1,0
394169803,버저 비터 신장판 2,버저 비터 신장판,2,,,이노우에 타케히코,대원씨아이(만화),2026-05,21600,9.3,2020,883,2026-09-04T10:34:33+09:00,,,,,1,0
293448930,포켓몬스터 스페셜 2,포켓몬스터 스페셜,2,,,쿠사카 히데노리,대원씨아이(만화),1999-08,4950,10.0,1913,884,2026-09-04T10:34:33+09:00,990,106,2007,-94,0,0
328898132,원피스 98,원피스,98,,- 충신 킨,오다 에이치로,대원씨아이(만화),2021-03,4950,8.0,2165,885,2026-09-04T10:34:33+09:00,,,,,1,0
318780089,원피스 97,원피스,97,,- 나의 바이블,오다 에이치로,대원씨아이(만화),2020-09,4950,,2167,886,2026-09-04T10:34:33+09:00,,,,,1,0
400547758,코믹 어둠의 실력자가 되고 싶어서! 15,코믹 어둠의 실력자가 되고 싶어서!,15,,- J Comic,사카노 안리,서울미디어코믹스(서울문화사),2026-08,4500,10.0,1850,887,2026-09-04T10:34:33+09:00,618,-269,1970,-120,0,0
378954390,카구라바치 6,카구라바치,6,,,호카조노 타케루,대원씨아이(만화),2025-08,5850,,1987,888,2026-09-04T10:34:33+09:00,,,,,1,0
399390376,"가까이 와줘, 스피카 1 (특장판)","가까이 와줘, 스피카",1,특장판,- 단행본 + 아크릴 스탠드 + 인화사진 2종 + 일러스트 카드 + 별도 박스 포장,fuyu,대원씨아이(만화),2026-07,18000,10.0,1870,889,2026-09-04T10:34:33+09:00,768,-121,1960,-90,0,0
385522632,절대 BL이 되는 세계 & 절대 BL이 되지 않는 고교 생활 1,절대 BL이 되는 세계 & 절대 BL이 되지 않는 고교 생활,1,,,콘키치,학산문화사(만화),2026-02,7200,9.1,1850,890,2026-09-04T10:34:33+09:00,625,-265,1845,5,0,0
322947641,오란고교 호스트부 17,오란고교 호스트부,17,,,하토리 비스코,학산문화사(만화),2011-02,5400,,1884,891,2026-09-04T10:34:33+09:00,980,89,1914,-30,0,0
300076131,나루토 Naruto 25,나루토 Naruto,25,,,키시모토 마사시,대원씨아이(만화),2008-07,4950,,2082,892,2026-09-04T10:34:33+09:00,,,,,1,0
395513879,시노와 렌 4,시노와 렌,4,,- SL Comic,치구사 미노리,디앤씨미디어(주)(D&C미디어),2026-06,10800,10.0,1985,893,2026-09-04T10:34:33+09:00,983,90,1900,85,0,0
398016295,무서운 책 5,무서운 책,5,,- 집념,우메즈 카즈오,AK(에이케이)커뮤니케이션즈,2026-07,9000,,2125,894,2026-09-04T10:34:33+09:00,,,,,1,0
399050317,블루 피리어드 6 (더블 특전판),블루 피리어드,6,더블 특전판,"- 시프트코믹스 /초판 더블 특전 : 일러스트 카드 1종, 박티켓 책갈피 1종",야마구치 츠바사,YNK MEDIA(만화),2026-07,5400,,1705,895,2026-09-04T10:34:33+09:00,519,-376,1855,-150,0,0
394841350,장송의 프리렌 6,장송의 프리렌,6,,,야마다 카네히토,학산문화사(만화),2022-03,6300,,1845,896,2026-09-04T10:34:33+09:00,986,90,1815,30,0,0
394695697,마법기사 레이어스 원화집,마법기사 레이어스 원화집,,,,CLAMP,학산문화사(만화),2026-06,34200,,1755,897,2026-09-04T10:34:33+09:00,988,91,1815,-60,0,0
374951156,얼음 성벽 11,얼음 성벽,11,,,아가사와 코챠,학산문화사(만화),2025-10,9000,10.0,1750,898,2026-09-04T10:34:33+09:00,984,86,1800,-50,0,0
296075787,건방진 그 녀석 6,건방진 그 녀석,6,,,미츠바치 미유키,학산문화사(만화),2017-05,5400,,1834,899,2026-09-04T10:34:33+09:00,,,,,1,0
398811035,방과 후 제방 일지 14,방과 후 제방 일지,14,,,코사카 야스유키,대원씨아이(만화),2026-07,4950,,1690,900,2026-09-04T10:34:33+09:00,779,-121,1750,-60,0,0
399291160,우리 남동생들이 죄송합니다 9,우리 남동생들이 죄송합니다,9,,,오자키 아키라,대원씨아이(만화),2026-07,4500,,1785,901,2026-09-04T10:34:33+09:00,,,,,1,0
396097455,장송의 프리렌 5,장송의 프리렌,5,,,야마다 카네히토,학산문화사(만화),2026-06,6300,,1620,902,2026-09-04T10:34:33+09:00,629,-273,1715,-95,0,0
361147847,시메지 시뮬레이션 2,시메지 시뮬레이션,2,,,츠쿠미즈,길찾기,2025-02,9000,10.0,1845,903,2026-09-04T10:34:33+09:00,,,,,1,0
388511029,고슴도치와 콘트라스트 1,고슴도치와 콘트라스트,1,,- 솔트 코믹스,호토나카,YNK MEDIA(만화),2026-03,5850,,1630,904,2026-09-04T10:34:33+09:00,,,,,1,0
366792718,외톨이에는 익숙하니까요. 약혼자 방치 중! 1,외톨이에는 익숙하니까요. 약혼자 방치 중!,1,,,하레타 준,대원씨아이(만화),2025-06,6750,9.9,1662,905,2026-09-04T10:34:33+09:00,,,,,1,0
400364294,이기적 연애론 3,이기적 연애론,3,,,교교박,다산코믹스,2026-08,16020,,1600,906,2026-09-04T10:34:33+09:00,523,-383,1690,-90,0,0
395170741,야노 군의 평범한 나날 12,야노 군의 평범한 나날,12,,,타무라 유이,학산문화사(만화),2026-06,5400,10.0,1625,907,2026-09-04T10:34:33+09:00,,,,,1,0
316395937,건방진 그 녀석 7,건방진 그 녀석,7,,,미츠바치 미유키,학산문화사(만화),2017-07,5400,,1672,908,2026-09-04T10:34:33+09:00,,,,,1,0
399449527,사망 유희로 밥을 먹는다. 5,사망 유희로 밥을 먹는다.,5,,- 만화,반자이 코토부키 다이엔카이,오팬스코믹,2026-07,6300,,1645,909,2026-09-04T10:34:33+09:00,,,,,1,0
399973834,라라의 결혼 8,라라의 결혼,8,,,타메코우,블랑코믹스(BLANC COMICS),2026-08,6300,,1540,910,2026-09-04T10:34:33+09:00,444,-466,1620,-80,0,0
399451834,"신 울어라, 펜 11","신 울어라, 펜",11,,,시마모토 카즈히코,미우(대원씨아이),2026-07,9000,10.0,1540,911,2026-09-04T10:34:33+09:00,778,-133,1605,-65,0,0
387294608,데스 노트 Death Note 13,데스 노트 Death Note,13,,,오바 츠구미,대원씨아이(만화),2006-12,9000,,1629,912,2026-09-04T10:34:33+09:00,,,,,1,0
342061810,이거 그리고 죽어 3,이거 그리고 죽어,3,,,토요다 미노루,대원씨아이(만화),2024-06,5400,10.0,1507,913,2026-09-04T10:34:33+09:00,,,,,1,0
371390937,배가본드 2,배가본드,2,,,이노우에 타케히코,학산문화사(만화),1999-03,6300,,1459,914,2026-09-04T10:34:33+09:00,,,,,1,0
311327430,마법소녀 마도카 마기카 신장판 : 상.하 박스 세트 - 전2권 (투명 pp카드 2매 + A5 L홀더 포함),마법소녀 마도카 마기카 신장판 : 상.하 박스 세트 - 전2권 (투명 pp카드 2매 + A5 L홀더 포함),,,,마기카 쿼테트,학산문화사(만화),2023-03,27000,10.0,1696,915,2026-09-04T10:34:33+09:00,,,,,1,0
318301161,너를 너무너무너무너무 좋아하는 100명의 그녀 12,너를 너무너무너무너무 좋아하는 100명의 그녀,12,,,나카무라 리키토,학산문화사(만화),2023-06,5400,8.7,1532,916,2026-09-04T10:34:33+09:00,,,,,1,0
375359579,너를 너무너무너무너무 좋아하는 100명의 그녀 20,너를 너무너무너무너무 좋아하는 100명의 그녀,20,,,나카무라 리키토,학산문화사(만화),2025-10,5400,9.2,1607,917,2026-09-04T10:34:33+09:00,,,,,1,0
398811243,힛 미 하드 1 (특별판),힛 미 하드,1,특별판,- 패키지 박스 + 엽서 1종 + 렌티큘러 엽서 1종 + 포토카드 3종 + 아크릴 스탠드 1종 + 멀티 클리너 1종,,다산코믹스,2026-07,34200,10.0,1500,918,2026-09-04T10:34:33+09:00,632,-286,1420,80,0,0
400247880,만화 인소의 법칙 9,만화 인소의 법칙,9,,,아현,디앤씨웹툰비즈,2026-08,14400,,1180,919,2026-09-04T10:34:33+09:00,373,-546,1350,-170,0,0
397592073,"여친, 빌리겠습니다 44","여친, 빌리겠습니다",44,,,미야지마 레이지,학산문화사(만화),2026-07,5400,,1240,920,2026-09-04T10:34:33+09:00,,,,,1,0
398288852,엑소시스트를 타락시킬 수 없어 14,엑소시스트를 타락시킬 수 없어,14,,,Masuku Fukayama,서울미디어코믹스(서울문화사),2026-07,5400,,1230,921,2026-09-04T10:34:33+09:00,,,,,1,0
400006895,내가 죽을 뿐인 100가지 괴담 2,내가 죽을 뿐인 100가지 괴담,2,,"- 노엔 코믹스 / 초판한정 특별부록 : 일러스트 카드, 띠지",마토노 안지,데이즈엔터(주),2026-08,7200,10.0,1170,922,2026-09-04T10:34:33+09:00,636,-286,1310,-140,0,0
357930933,풀 나이트 2,풀 나이트,2,,- S코믹스,야스다 카스미,㈜소미미디어,2025-02,6300,10.0,1263,923,2026-09-04T10:34:33+09:00,526,-397,1267,-4,0,0
399872446,로스타임에 작별 인사를 Home and Away,로스타임에 작별 인사를 Home and Away,,,- 라르고 맥스 Largo Max,코코미,조은세상(북두),2026-08,5400,10.0,1130,924,2026-09-04T10:34:33+09:00,638,-286,1250,-120,0,0
304439585,격기 3반 1,격기 3반,1,,- 남일고등학교 격투기 특기반,이학,대원씨아이(만화),2017-01,4950,,1404,925,2026-09-04T10:34:33+09:00,,,,,1,0
351722750,단둘만의 로맨틱 2,단둘만의 로맨틱,2,,,카니사와 치히로,학산문화사(만화),2024-11,5400,10.0,1150,926,2026-09-04T10:34:33+09:00,,,,,1,0
399782235,최애에게 러브 바이트 8,최애에게 러브 바이트,8,,,스즈키 줄리에타,학산문화사(만화),2026-08,5400,,1050,927,2026-09-04T10:34:33+09:00,,,,,1,0
399974353,영원한 계약 6 (한정판),영원한 계약,6,한정판,- 엽서 6종 세트(초판 한정) + 마그넷 박스 + 아크릴 북엔드,해진,학산문화사(만화),2026-08,28800,,1070,928,2026-09-04T10:34:33+09:00,,,,,1,0
397620794,장송의 프리렌 3,장송의 프리렌,3,,,야마다 카네히토,학산문화사(만화),2021-12,6300,,1195,929,2026-09-04T10:34:33+09:00,,,,,1,0
311998558,격기 3반 2,격기 3반,2,,- 남일고등학교 격투기 특기반,이학,대원씨아이(만화),2017-04,4950,,1293,930,2026-09-04T10:34:33+09:00,,,,,1,0
388433908,사랑해 게임을 끝내고 싶어 7,사랑해 게임을 끝내고 싶어,7,,,도모토 유키,학산문화사(만화),2026-03,5400,10.0,1009,931,2026-09-04T10:34:33+09:00,796,-135,1074,-65,0,0
400311351,뇌를 바꾸려는 사람들,뇌를 바꾸려는 사람들,,,"- 프랑켄슈타인에서 현대 신경기술까지, 뇌과학으로 만나는 신경윤리의 질문들",류영준,어크로스,2026-08,19800,9.7,980,932,2026-09-04T10:34:33+09:00,794,-138,1050,-70,0,0
399925554,최애의 성벽이 너무 위험하다고요! 1,최애의 성벽이 너무 위험하다고요!,1,,- BB코믹스,하루지ON,㈜소미미디어,2026-08,5850,,1010,933,2026-09-04T10:34:33+09:00,642,-291,1050,-40,0,0
311998827,격기 3반 3,격기 3반,3,,- 남일고등학교 격투기 특기반,이학,대원씨아이(만화),2017-12,4950,10.0,1230,934,2026-09-04T10:34:33+09:00,,,,,1,0
400585960,특별한 도라에몽 : 쿵짜라♪ 울려퍼지는 음악 편 8,특별한 도라에몽 : 쿵짜라♪ 울려퍼지는 음악 편,8,,,후지코 F. 후지오,대원씨아이(만화),2026-08,8100,,850,935,2026-09-04T10:34:33+09:00,647,-288,1030,-180,0,0
398016177,토리빵 16,토리빵,16,,,토리노 난코,AK(에이케이)커뮤니케이션즈,2026-07,8100,6.0,1170,936,2026-09-04T10:34:33+09:00,,,,,1,0
200656574,아이들의 장난감 애장판 1~7 세트 - 전7권 (완결),아이들의 장난감 애장판 1~7 세트 - 전7권 (완결),,,,오바나 미호,학산문화사(만화),2019-07,40320,10.0,946,937,2026-09-04T10:34:33+09:00,,,,,1,0
400543500,"아리스, 우주까지도 4","아리스, 우주까지도",4,,,우리노 키코,대원씨아이(만화),2026-08,6300,,810,938,2026-09-04T10:34:33+09:00,639,-299,1130,-320,0,0
334128695,사랑해 게임을 끝내고 싶어 4,사랑해 게임을 끝내고 싶어,4,,,도모토 유키,학산문화사(만화),2024-02,5400,,866,939,2026-09-04T10:34:33+09:00,643,-296,904,-38,0,0
400585852,택배기사 형이랑 잘 될 수 있을까?,택배기사 형이랑 잘 될 수 있을까?,,,- B愛+750,노다 논다,대원씨아이(만화),2026-08,6300,,900,940,2026-09-04T10:34:33+09:00,804,-136,930,-30,0,0
337130738,골든 카무이 1~31 세트 - 전31권,골든 카무이 1~31 세트 - 전31권,,,,노다 사토루,대원씨아이(만화),2024-03,113400,,888,941,2026-09-04T10:34:33+09:00,,,,,1,0
394122707,취사병 전설이 되다 15,취사병 전설이 되다,15,,,제이로빈,지식오름,2026-06,13500,,1075,942,2026-09-04T10:34:33+09:00,,,,,1,0
400730154,1초 24,1초,24,,,시니,영컴(YOUNG COM),2026-08,15120,,800,943,2026-09-04T10:34:33+09:00,,,,,1,0
400652846,트릴리온 게임 10,트릴리온 게임,10,,- 시프트코믹스,이케가미 료이치,YNK MEDIA(만화),2026-08,5400,10.0,800,944,2026-09-04T10:34:33+09:00,646,-298,800,0,0,0
400307391,꿀과 극약 2,꿀과 극약,2,,,사쿠라노코우지 카노코,대원씨아이(만화),2026-08,5400,,910,945,2026-09-04T10:34:33+09:00,800,-145,800,110,0,0
400585731,퀸즈 퀄리티 1,퀸즈 퀄리티,1,,- 루나 코믹스,모토미 쿄스케,㈜소미미디어,2026-08,6300,10.0,690,946,2026-09-04T10:34:33+09:00,640,-306,790,-100,0,0
400856407,탱크체어 TANK CHAIR 4,탱크체어 TANK CHAIR,4,,,야시로 마나부,대원씨아이(만화),2026-08,6300,,670,947,2026-09-04T10:34:33+09:00,454,-493,780,-110,0,0
400585822,W 줄리엣 2부 16,W 줄리엣 2부,16,,,에무라,대원씨아이(만화),2026-08,3780,,760,948,2026-09-04T10:34:33+09:00,538,-410,750,10,0,0
400662468,룸 투어즈 2,룸 투어즈,2,,,마츠모토 토모,서울미디어코믹스(서울문화사),2026-08,5400,10.0,820,949,2026-09-04T10:34:33+09:00,,,,,1,0
394122361,취사병 전설이 되다 14,취사병 전설이 되다,14,,,제이로빈,지식오름,2026-06,13500,,1015,950,2026-09-04T10:34:33+09:00,,,,,1,0
339953785,못 미더운 악녀입니다만 : ~추궁접서 교체전~ 6,못 미더운 악녀입니다만 : ~추궁접서 교체전~,6,,,EI Ohitsuji,서울미디어코믹스(서울문화사),2024-05,6300,9.3,695,951,2026-09-04T10:34:33+09:00,,,,,1,0
319312677,못 미더운 악녀입니다만 : ~추궁접서 교체전~ 4,못 미더운 악녀입니다만 : ~추궁접서 교체전~,4,,,EI Ohitsuji,서울미디어코믹스(서울문화사),2023-06,6300,10.0,683,952,2026-09-04T10:34:33+09:00,,,,,1,0
400930535,발키리 키코 4,발키리 키코,4,,- S코믹스,아베노 챠코,㈜소미미디어,2026-09,6300,,490,953,2026-09-04T10:34:33+09:00,,,,,1,0
329581311,못 미더운 악녀입니다만 : ~추궁접서 교체전~ 5,못 미더운 악녀입니다만 : ~추궁접서 교체전~,5,,,EI Ohitsuji,서울미디어코믹스(서울문화사),2023-11,6300,10.0,644,954,2026-09-04T10:34:33+09:00,,,,,1,0
375157925,사랑스런 쿠니타마 1,사랑스런 쿠니타마,1,,,앗치 아이,대원씨아이(만화),2025-10,5850,8.0,553,955,2026-09-04T10:34:33+09:00,819,-136,663,-110,0,0
400856418,미와 씨 행세를 합니다 14,미와 씨 행세를 합니다,14,,,아오키 유헤이,대원씨아이(만화),2026-08,5850,,510,956,2026-09-04T10:34:33+09:00,456,-500,660,-150,0,0
398810235,How to melt,How to melt,,,- 라르고맥스 Largo Max,스에히로 마치,조은세상(북두),2026-07,8100,10.0,820,957,2026-09-04T10:34:33+09:00,,,,,1,0
400707974,사랑할 자격 3,사랑할 자격,3,,,난바 아츠코,대원씨아이(만화),2026-08,5400,,690,958,2026-09-04T10:34:33+09:00,,,,,1,0
400649530,친구 여동생이 나한테만 짜증나게 군다 9,친구 여동생이 나한테만 짜증나게 군다,9,,- SL Comic,히라오카 히라,디앤씨미디어(주)(D&C미디어),2026-08,6300,,630,959,2026-09-04T10:34:33+09:00,539,-420,640,-10,0,0
400878277,오컬트 타임즈 1 (한정판),오컬트 타임즈,1,한정판,- 일반판 초판 부록 + 아코디언 일러스트 엽서 세트 + 시로&레이 아크릴 키링,Idonchi,서울미디어코믹스(서울문화사),2026-08,22500,,590,960,2026-09-04T10:34:33+09:00,816,-144,610,-20,0,0
398443139,데스 노트 Death Note 4,데스 노트 Death Note,4,,,오바 츠구미,대원씨아이(만화),2005-06,6300,,750,961,2026-09-04T10:34:33+09:00,,,,,1,0
400624765,장송의 프리렌 9,장송의 프리렌,9,,,야마다 카네히토,학산문화사(만화),2022-12,6300,,550,962,2026-09-04T10:34:33+09:00,,,,,1,0
400652954,영세 소녀의 싸우는 법 7,영세 소녀의 싸우는 법,7,,- 시프트코믹스,쿠즈시로,YNK MEDIA(만화),2026-08,5400,,440,963,2026-09-04T10:34:33+09:00,814,-149,490,-50,0,0
401131403,그리는 카마타 1,그리는 카마타,1,,,쿠사카베 유헤이,재담,2026-08,7200,,280,964,2026-09-04T10:34:33+09:00,,,,,1,0
401041304,언더독의 왕관 1,언더독의 왕관,1,,,시나치쿠,대원씨아이(만화),2026-08,6300,,280,965,2026-09-04T10:34:33+09:00,,,,,1,0
401420700,아마 그녀는 우리 형을 노리고 있을 거야 2,아마 그녀는 우리 형을 노리고 있을 거야,2,,,이세 마루노,서울미디어코믹스(서울문화사),2026-09,6300,,480,966,2026-09-04T10:34:33+09:00,,,,,1,0
401406768,눈물비와 세레나데 14,눈물비와 세레나데,14,,- 완결,카와치 하루카,삼양출판사(만화),2026-08,6300,,510,967,2026-09-04T10:34:33+09:00,,,,,1,0
286633169,여학교의 별 1,여학교의 별,1,,,와야마 야마,문학동네,2022-01,7650,9.4,17032,968,2026-09-04T10:34:33+09:00,,,,,1,0
293054296,여학교의 별 2,여학교의 별,2,,,와야마 야마,문학동네,2022-05,7650,9.8,16466,969,2026-09-04T10:34:33+09:00,823,-146,16649,-183,0,0
269056986,"빠졌어, 너에게","빠졌어, 너에게",,,,와야마 야마,문학동네,2021-04,7650,9.6,15935,970,2026-09-04T10:34:33+09:00,,,,,1,0
316732827,여학교의 별 3,여학교의 별,3,,,와야마 야마,문학동네,2023-05,7650,9.8,14776,971,2026-09-04T10:34:33+09:00,,,,,1,0
280840739,주술회전 공식 팬북,주술회전 공식 팬북,,,,아쿠타미 게게,서울미디어코믹스(서울문화사),2021-10,9000,9.8,11307,972,2026-09-04T10:34:33+09:00,825,-147,11411,-104,0,0
350054747,원피스 109,원피스,109,,- 네 편,오다 에이치로,대원씨아이(만화),2024-10,5400,9.9,10980,973,2026-09-04T10:34:33+09:00,,,,,1,0
361759377,팬텀 버스터즈 3,팬텀 버스터즈,3,,- S코믹스,네오쇼코,㈜소미미디어,2025-04,5400,9.6,10893,974,2026-09-04T10:34:33+09:00,,,,,1,0
363039652,원펀맨 One Punch Man 32,원펀맨 One Punch Man,32,,- 축복,ONE,대원씨아이(만화),2025-04,5400,10.0,10711,975,2026-09-04T10:34:33+09:00,,,,,1,0
344098053,체인소 맨 17,체인소 맨,17,,,후지모토 타츠키,학산문화사(만화),2024-08,5400,9.0,10618,976,2026-09-04T10:34:33+09:00,,,,,1,0
283685224,원피스 100,원피스,100,,- 패왕색,오다 에이치로,대원씨아이(만화),2021-11,4950,9.2,10127,977,2026-09-04T10:34:33+09:00,,,,,1,0
353133344,컬러 앤 라이트,컬러 앤 라이트,,,"- 사실적인 표현을 위한 빛과 색 그리는 법, 개정판",제임스 거니,잉크잼(잼스푼),2024-12,31500,10.0,9548,978,2026-09-04T10:34:33+09:00,658,-320,9679,-131,0,0
309270127,후지모토 타츠키 단편집 22-26,후지모토 타츠키 단편집,22-26,,,후지모토 타츠키,학산문화사(만화),2023-01,5400,9.4,9610,979,2026-09-04T10:34:33+09:00,,,,,1,0
242242096,까면서 보는 해부학 만화,까면서 보는 해부학 만화,,,,압듈라,한빛비즈,2020-06,16650,9.3,9215,980,2026-09-04T10:34:33+09:00,,,,,1,0
378096466,팬텀 버스터즈 5,팬텀 버스터즈,5,,- 일반판,네오쇼코,㈜소미미디어,2025-11,5850,10.0,9125,981,2026-09-04T10:34:33+09:00,829,-152,9176,-51,0,0
366527586,열혈강호 93,열혈강호,93,,,전극진,대원씨아이(만화),2025-06,4950,9.6,9113,982,2026-09-04T10:34:33+09:00,,,,,1,0
316987590,원피스 105,원피스,105,,- 루피의 꿈,오다 에이치로,대원씨아이(만화),2023-05,4950,8.9,8521,983,2026-09-04T10:34:33+09:00,,,,,1,0
397904785,보석함에 사랑을 채우자 1,보석함에 사랑을 채우자,1,,,미키모토 린,학산문화사(만화),2026-07,6300,9.5,8010,984,2026-09-04T10:34:33+09:00,553,-431,8185,-175,0,0
338040640,사피엔스 : 그래픽 히스토리 Vol.3,사피엔스 : 그래픽 히스토리 Vol.3,,,- 역사의 배후,,김영사,2024-04,17820,9.5,8116,985,2026-09-04T10:34:33+09:00,664,-321,8154,-38,0,0
291463925,원피스 101,원피스,101,,- 주연 등장,오다 에이치로,대원씨아이(만화),2022-03,4950,9.7,8070,986,2026-09-04T10:34:33+09:00,832,-154,8119,-49,0,0
372510203,반딧불이의 혼례 8,반딧불이의 혼례,8,,,타치바나 오레코,서울미디어코믹스(서울문화사),2025-09,7650,9.8,7975,987,2026-09-04T10:34:33+09:00,,,,,1,0
369001873,파이브 스타 스토리 The Five Star Stories 18,파이브 스타 스토리 The Five Star Stories,18,,,나가노 마모루,서울미디어코믹스(서울문화사),2025-07,10800,9.3,7816,988,2026-09-04T10:34:33+09:00,835,-153,7887,-71,0,0
244216165,마음을 사로잡는 만화 컷 분할 교실,마음을 사로잡는 만화 컷 분할 교실,,,,도쿄네임탱크,삼호미디어,2020-07,14400,9.4,7755,989,2026-09-04T10:34:33+09:00,,,,,1,0
365662113,나츠메 우인장 31,나츠메 우인장,31,,,미도리카와 유키,학산문화사(만화),2025-06,5400,9.4,7631,990,2026-09-04T10:34:33+09:00,836,-154,7759,-128,0,0
379027062,나의 히어로 아카데미아 캐릭터 팬북 컴플리트 에디션,나의 히어로 아카데미아 캐릭터 팬북 컴플리트 에디션,,,,호리코시 코헤이,서울미디어코믹스(서울문화사),2025-11,28620,9.2,7505,991,2026-09-04T10:34:33+09:00,838,-153,7552,-47,0,0
301706114,주술회전 0 : 외전,주술회전 0 : 외전,,,,아쿠타미 게게,서울미디어코믹스(서울문화사),2019-04,5400,8.7,7410,992,2026-09-04T10:34:33+09:00,,,,,1,0
338184397,던전밥 14,던전밥,14,,"- S코믹스, 완결",쿠이 료코,㈜소미미디어,2024-05,6300,9.8,7273,993,2026-09-04T10:34:33+09:00,,,,,1,0
395268985,괴수 8호 RELAX 4,괴수 8호 RELAX,4,,"- 초판 한정: 홀로그램 일러스트 카드, 방위대 4컷 포토카드",,서울미디어코믹스(서울문화사),2026-06,5400,8.0,7125,994,2026-09-04T10:34:33+09:00,670,-324,7285,-160,0,0
294409871,귀멸의 칼날 21,귀멸의 칼날,21,,,고토게 코요하루,학산문화사(만화),2020-11,5400,10.0,7164,995,2026-09-04T10:34:33+09:00,,,,,1,0
399784385,별정직 공무원 5 (특별판),별정직 공무원,5,특별판,- 아크릴 누들 스토퍼 + 미니 포스터 5종 + 마우스패드 + 일러스트 포토 4종 + 특별판 박스 (상시 부록 '포토카드' 포함),서재원,학산문화사(만화),2026-08,38700,10.0,7190,996,2026-09-04T10:34:33+09:00,,,,,1,0
295225410,귀멸의 칼날 19,귀멸의 칼날,19,,,고토게 코요하루,학산문화사(만화),2020-07,5400,,6734,997,2026-09-04T10:34:33+09:00,,,,,1,0
301182588,주술회전 3,주술회전,3,,,아쿠타미 게게,서울미디어코믹스(서울문화사),2019-04,5400,,6523,998,2026-09-04T10:34:33+09:00,674,-324,6465,58,0,0
300409416,귀멸의 칼날 : 공식 팬북 귀살대 견문록 2,귀멸의 칼날 : 공식 팬북 귀살대 견문록,2,,,고토게 코요하루,학산문화사(만화),2022-08,8550,9.8,6575,999,2026-09-04T10:34:33+09:00,846,-153,6552,23,0,0
287304526,아름다운 초저녁달 1,아름다운 초저녁달,1,,,야마모리 미카,학산문화사(만화),2022-01,5400,9.5,6481,1000,2026-09-04T10:34:33+09:00,,,,,1,0
353581542,GACHIAKUTA 10,GACHIAKUTA,10,,,케이 우라나,학산문화사(만화),2024-12,5400,10.0,,,2026-09-04T10:34:33+09:00,904,,3888,,0,1
355156479,GACHIAKUTA 11,GACHIAKUTA,11,,,케이 우라나,학산문화사(만화),2025-01,5400,10.0,,,2026-09-04T10:34:33+09:00,873,,4703,,0,1
357286627,GACHIAKUTA 12,GACHIAKUTA,12,,,케이 우라나,학산문화사(만화),2025-02,5400,10.0,,,2026-09-04T10:34:33+09:00,874,,4686,,0,1
367691634,GACHIAKUTA 13,GACHIAKUTA,13,,,케이 우라나,학산문화사(만화),2025-07,5400,,,,2026-09-04T10:34:33+09:00,753,,2755,,0,1
369307957,GACHIAKUTA 14,GACHIAKUTA,14,,,케이 우라나,학산문화사(만화),2025-08,5400,,,,2026-09-04T10:34:33+09:00,754,,2719,,0,1
335717481,GACHIAKUTA 2,GACHIAKUTA,2,,,케이 우라나,학산문화사(만화),2024-03,5400,10.0,,,2026-09-04T10:34:33+09:00,866,,5069,,0,1
338987945,GACHIAKUTA 3,GACHIAKUTA,3,,,케이 우라나,학산문화사(만화),2024-05,5400,10.0,,,2026-09-04T10:34:33+09:00,695,,4954,,0,1
342481006,GACHIAKUTA 5,GACHIAKUTA,5,,,케이 우라나,학산문화사(만화),2024-07,5400,10.0,,,2026-09-04T10:34:33+09:00,890,,4262,,0,1
387250318,Myther 1,Myther,1,,- S코믹스,야츠다 테키,㈜소미미디어,2026-03,6300,9.4,,,2026-09-04T10:34:33+09:00,927,,3093,,0,1
400225603,고교 시절에 거만했던 여왕님과의 동거 생활은 의외로 나쁘지 않다 1,고교 시절에 거만했던 여왕님과의 동거 생활은 의외로 나쁘지 않다,1,,- S Novel,미소네타 도자에몽,㈜소미미디어,2026-08,7650,,,,2026-09-04T10:34:33+09:00,617,,2160,,0,1
325860971,괴수 8호 3,괴수 8호,3,,,마츠모토 나오야,서울미디어코믹스(서울문화사),2021-07,5400,,,,2026-09-04T10:34:33+09:00,895,,4261,,0,1
294617796,귀멸의 칼날 1,귀멸의 칼날,1,,,고토게 코요하루,학산문화사(만화),2017-09,5400,8.0,,,2026-09-04T10:34:33+09:00,905,,3650,,0,1
334819572,긴채널! : 은혼 공식 캐릭터북,긴채널! : 은혼 공식 캐릭터북,,,,소라치 히데아키,학산문화사(만화),2010-10,9000,,,,2026-09-04T10:34:33+09:00,894,,4146,,0,1
384035388,김전일 아빠의 사건부 1,김전일 아빠의 사건부,1,,,아마기 세이마루,서울미디어코믹스(서울문화사),2026-01,6300,8.8,,,2026-09-04T10:34:33+09:00,912,,3539,,0,1
385976540,김전일 아빠의 사건부 2,김전일 아빠의 사건부,2,,,아마기 세이마루,서울미디어코믹스(서울문화사),2026-02,6300,8.7,,,2026-09-04T10:34:33+09:00,908,,3816,,0,1
399046041,꿀과 극약 1,꿀과 극약,1,,,사쿠라노코우지 카노코,대원씨아이(만화),2026-07,5400,10.0,,,2026-09-04T10:34:33+09:00,798,,990,,0,1
322441091,꿈빛 파티시엘 신장판 1,꿈빛 파티시엘 신장판,1,,,마츠모토 나츠미,대원씨아이(만화),2023-08,5400,10.0,,,2026-09-04T10:34:33+09:00,891,,4184,,0,1
322441129,꿈빛 파티시엘 신장판 2,꿈빛 파티시엘 신장판,2,,,마츠모토 나츠미,대원씨아이(만화),2023-08,5400,,,,2026-09-04T10:34:33+09:00,712,,3894,,0,1
384956302,꿈인지 생시인지 3,꿈인지 생시인지,3,,,사키사카 이오,대원씨아이(만화),2026-01,5850,9.7,,,2026-09-04T10:34:33+09:00,954,,2540,,0,1
337103761,나 혼자만 레벨업 5,나 혼자만 레벨업,5,,- 만화,장성락(REDICE STUDIO),디앤씨웹툰비즈,2021-10,14400,9.3,,,2026-09-04T10:34:33+09:00,950,,2611,,0,1
298203661,나루토 Naruto 13,나루토 Naruto,13,,,키시모토 마사시,대원씨아이(만화),2002-10,4950,,,,2026-09-04T10:34:33+09:00,981,,2009,,0,1
298972634,나루토 Naruto 8,나루토 Naruto,8,,,키시모토 마사시,대원씨아이(만화),2001-10,4950,,,,2026-09-04T10:34:33+09:00,965,,2296,,0,1
400245307,나쁜 X에게 행복 있으라 6,나쁜 X에게 행복 있으라,6,,,키시카와 미즈키,학산문화사(만화),2026-08,5400,,,,2026-09-04T10:34:33+09:00,522,,1590,,0,1
366119898,나의 열두 살에게,나의 열두 살에게,,,,소복이,나무의말,2025-06,17820,9.5,,,2026-09-04T10:34:33+09:00,718,,3780,,0,1
379009893,내 마음의 위험한 녀석 12,내 마음의 위험한 녀석,12,,- S코믹스,사쿠라이 노리오,㈜소미미디어,2025-12,5400,9.0,,,2026-09-04T10:34:33+09:00,704,,4252,,0,1
309125683,너에게 닿기를 번외편 ∼운명의 사람∼ 3 (일반판),너에게 닿기를 번외편 ∼운명의 사람∼,3,일반판,- 완결,시이나 카루호,대원씨아이(만화),2023-01,4500,9.6,,,2026-09-04T10:34:33+09:00,896,,4103,,0,1
395945174,너와 우주를 걷기 위하여 5,너와 우주를 걷기 위하여,5,,,도로노다 이누히코,학산문화사(만화),2026-06,5400,9.7,,,2026-09-04T10:34:33+09:00,761,,2220,,0,1
400707795,뉴노멀 8,뉴노멀,8,,,아이하라 아키토,대원씨아이(만화),2026-08,5400,,,,2026-09-04T10:34:33+09:00,447,,1060,,0,1
361341172,단다단 16,단다단,16,,,타츠 유키노부,대원씨아이(만화),2025-03,5400,9.4,,,2026-09-04T10:34:33+09:00,857,,5210,,0,1
364287371,단다단 17,단다단,17,,,타츠 유키노부,대원씨아이(만화),2025-05,5400,8.9,,,2026-09-04T10:34:33+09:00,882,,4594,,0,1
400307469,당신은 세상의 중심이에요 2,당신은 세상의 중심이에요,2,,,킨다이치 렌쥬로,대원씨아이(만화),2026-08,5400,,,,2026-09-04T10:34:33+09:00,810,,810,,0,1
389001364,디그 잇 1,디그 잇,1,,,Yoshidamaru,학산문화사(만화),2026-04,6300,8.0,,,2026-09-04T10:34:33+09:00,979,,1940,,0,1
397021977,리:블루 6,리:블루,6,,,카세 마츠리,대원씨아이(만화),2026-06,5850,9.9,,,2026-09-04T10:34:33+09:00,974,,2175,,0,1
399050537,리코리스 리코일 4 (더블 특전판),리코리스 리코일,4,더블 특전판,- 초판 특전 : 포토카드 2종,비젠 야스노리,YNK MEDIA(만화),2026-07,5400,10.0,,,2026-09-04T10:34:33+09:00,985,,1890,,0,1
385950289,마도정병의 슬레이브 19,마도정병의 슬레이브,19,,,타케무라 요헤이,대원씨아이(만화),2026-02,5400,10.0,,,2026-09-04T10:34:33+09:00,933,,2870,,0,1
327556882,마루는 강쥐 2,마루는 강쥐,2,,,모죠,문페이스,2023-11,14400,10.0,,,2026-09-04T10:34:33+09:00,559,,6294,,0,1
341211935,마루는 강쥐 4,마루는 강쥐,4,,,모죠,문페이스,2024-06,14400,,,,2026-09-04T10:34:33+09:00,861,,5070,,0,1
349748255,마루는 강쥐 5,마루는 강쥐,5,,,모죠,문페이스,2024-10,14400,,,,2026-09-04T10:34:33+09:00,482,,4624,,0,1
360411647,마루는 강쥐 6,마루는 강쥐,6,,,모죠,문페이스,2025-03,14400,,,,2026-09-04T10:34:33+09:00,560,,6089,,0,1
397162930,만화 데뷔 못 하면 죽는 병 걸림 4,만화 데뷔 못 하면 죽는 병 걸림,4,,,소흔,파인툰,2026-10,15750,,,,2026-09-04T10:34:33+09:00,747,,2725,,0,1
325418441,먼작귀 2,먼작귀,2,,- 먼가 작고 귀여운 녀석,나가노,미우(대원씨아이),2022-08,10800,,,,2026-09-04T10:34:33+09:00,766,,1922,,0,1
344711414,명탐정 코난 105,명탐정 코난,105,,,아오야마 고쇼,서울미디어코믹스(서울문화사),2024-08,5400,9.8,,,2026-09-04T10:34:33+09:00,700,,4637,,0,1
300851320,몬스터 완전판 7,몬스터 완전판,7,,,우라사와 나오키,서울미디어코믹스(서울문화사),2022-09,14400,,,,2026-09-04T10:34:33+09:00,1000,,1677,,0,1
155396771,미스터 초밥왕 애장판 1~14 박스 세트 (완결),미스터 초밥왕 애장판 1~14 박스 세트 (완결),,,,다이스케 테라사와,학산문화사(만화),2010-01,88200,8.7,,,2026-09-04T10:34:33+09:00,932,,2986,,0,1
400662089,바키도 11,바키도,11,,,이타가키 케이스케,서울미디어코믹스(서울문화사),2026-08,5400,10.0,,,2026-09-04T10:34:33+09:00,644,,870,,0,1
351000171,반딧불이의 혼례 4,반딧불이의 혼례,4,,,타치바나 오레코,서울미디어코믹스(서울문화사),2024-10,7650,9.8,,,2026-09-04T10:34:33+09:00,856,,5166,,0,1
397222848,반장으로서의 책임과 의무 7,반장으로서의 책임과 의무,7,,- 그래도 우리는,수신지,귤프레스,2026-06,13500,10.0,,,2026-09-04T10:34:33+09:00,978,,1915,,0,1
400007223,버림받은 공작 부인은 평온한 생활을 희망합니다 1,버림받은 공작 부인은 평온한 생활을 희망합니다,1,,- ROSY,카레야타미에,미스터블루,2026-08,9900,,,,2026-09-04T10:34:33+09:00,789,,1240,,0,1
295242876,베르세르크 1,베르세르크,1,,,미우라 켄타로,대원씨아이(만화),1999-08,4950,10.0,,,2026-09-04T10:34:33+09:00,970,,2374,,0,1
397904315,보석함에 사랑을 채우자 1 (한정판),보석함에 사랑을 채우자,1,한정판,"- 한정판 구성: 아웃박스, 단행본(일반판 부록 없이 도서만), 아크릴 키링, 캔배지 2종, 포토카드 1매",미키모토 린,학산문화사(만화),2026-07,22500,5.0,,,2026-09-04T10:34:33+09:00,877,,4650,,0,1
398903961,보이시한 여자친구가 너무 귀여워 5,보이시한 여자친구가 너무 귀여워,5,,- 초판 한정 : 폴라로이드 사진 + 네컷 사진,규뉴무기고항,서울미디어코믹스(서울문화사),2026-07,6300,,,,2026-09-04T10:34:33+09:00,957,,2500,,0,1
400594105,블랙 라군 : 청소부 소여 해체! 고어고어 무스메 4,블랙 라군 : 청소부 소여 해체! 고어고어 무스메,4,,,이다 타츠히코,서울미디어코믹스(서울문화사),2026-08,5850,10.0,,,2026-09-04T10:34:33+09:00,808,,870,,0,1
387708220,블루 록 : Episode 나기 8,블루 록 : Episode 나기,8,,- 완결,산노미야 코타,학산문화사(만화),2026-03,5400,10.0,,,2026-09-04T10:34:33+09:00,889,,4158,,0,1
388561978,블루 자이언트 모멘텀 4,블루 자이언트 모멘텀,4,,,이시즈카 신이치,대원씨아이(만화),2026-03,5850,,,,2026-09-04T10:34:33+09:00,959,,2480,,0,1
387254198,블리치 리믹스 15,블리치 리믹스,15,,,쿠보 타이토,서울미디어코믹스(서울문화사),2026-02,10800,9.5,,,2026-09-04T10:34:33+09:00,784,,1523,,0,1
368527098,사랑의 유령,사랑의 유령,,,- 솔트 코믹스,호토나카,YNK MEDIA(만화),2025-07,5400,6.0,,,2026-09-04T10:34:33+09:00,764,,2223,,0,1
357701937,사카모토 데이즈 10,사카모토 데이즈,10,,- 재회,스즈키 유우토,대원씨아이(만화),2023-05,5850,,,,2026-09-04T10:34:33+09:00,853,,5614,,0,1
362628387,사카모토 데이즈 18,사카모토 데이즈,18,,,스즈키 유우토,대원씨아이(만화),2024-11,5850,,,,2026-09-04T10:34:33+09:00,907,,3748,,0,1
369056766,사카모토 데이즈 21,사카모토 데이즈,21,,- 오늘의 운세,스즈키 유우토,대원씨아이(만화),2025-07,5850,,,,2026-09-04T10:34:33+09:00,953,,2655,,0,1
370424575,사카모토 데이즈 22,사카모토 데이즈,22,,- 텐큐vs신,스즈키 유우토,대원씨아이(만화),2025-08,5850,,,,2026-09-04T10:34:33+09:00,731,,3313,,0,1
374878126,사카모토 데이즈 23,사카모토 데이즈,23,,- 신생살연,스즈키 유우토,대원씨아이(만화),2025-10,5850,,,,2026-09-04T10:34:33+09:00,975,,2229,,0,1
362015779,사카모토 데이즈 비기너즈 팩 Vol.2 : 4~6 합본 세트,사카모토 데이즈 비기너즈 팩 Vol.2 : 4~6 합본 세트,,,- 나구모 홀로그램 카드 1종 + 일러스트 포스트카드 3종,스즈키 유우토,대원씨아이(만화),2025-04,17550,10.0,,,2026-09-04T10:34:33+09:00,906,,3649,,0,1
393007477,사토리×콤플렉스,사토리×콤플렉스,,,"- 초판 특전 : 양면 일러스트 카드, PET 북마크 스탠드",유히,리크,2026-05,6300,9.6,,,2026-09-04T10:34:33+09:00,612,,2580,,0,1
283355505,사피엔스 : 그래픽 히스토리 Vol.2,사피엔스 : 그래픽 히스토리 Vol.2,,,- 문명의 기둥,,김영사,2021-11,17820,9.7,,,2026-09-04T10:34:33+09:00,659,,9598,,0,1
396137173,세레나 10,세레나,10,,"- 초판 한정 부록 : 일러스트 엽서 1종, 면지에 작가님 친필 사인(인쇄본)",정이나,네이버웹툰,2026-07,16020,,,,2026-09-04T10:34:33+09:00,969,,2425,,0,1
396136941,세레나 9,세레나,9,,"- 초판 한정 부록 : 일러스트 엽서 1종, 면지에 작가님 친필 사인(인쇄본)",정이나,네이버웹툰,2026-07,14400,,,,2026-09-04T10:34:33+09:00,757,,2480,,0,1
400258397,세월이 흘러 다리로 간다 12,세월이 흘러 다리로 간다,12,,,히다카 쇼코,서울미디어코믹스(서울문화사),2026-08,6300,10.0,,,2026-09-04T10:34:33+09:00,788,,1260,,0,1
352662803,소라닌 신장판,소라닌 신장판,,,,아사노 이니오,서울미디어코믹스(서울문화사),2024-11,18000,8.0,,,2026-09-04T10:34:33+09:00,982,,1934,,0,1
400707987,순애 러브하울링,순애 러브하울링,,,- B愛+751,시에로,대원씨아이(만화),2026-08,5850,,,,2026-09-04T10:34:33+09:00,817,,420,,0,1
325301274,슈가슈가 룬 박스 세트 - 전8권,슈가슈가 룬 박스 세트 - 전8권,,,,모요코 안노,학산문화사(만화),2023-09,50400,10.0,,,2026-09-04T10:34:33+09:00,901,,3889,,0,1
305390989,스킵과 로퍼 1,스킵과 로퍼,1,,- 시프트코믹스,타카마츠 미사키,YNK MEDIA(만화),2022-11,5400,9.8,,,2026-09-04T10:34:33+09:00,855,,5303,,0,1
372904289,슬램덩크 오리지널 1~31 세트 - 전31권,슬램덩크 오리지널 1~31 세트 - 전31권,,,- 완결,이노우에 타케히코,대원씨아이(만화),2025-09,111600,,,,2026-09-04T10:34:33+09:00,945,,2735,,0,1
328754603,아름다운 초저녁달 6,아름다운 초저녁달,6,,,야마모리 미카,학산문화사(만화),2023-11,5400,9.9,,,2026-09-04T10:34:33+09:00,892,,4157,,0,1
400654225,아질 Asyl 1,아질 Asyl,1,,- 시프트코믹스,하야토 유우,YNK MEDIA(만화),2026-08,5400,10.0,,,2026-09-04T10:34:33+09:00,650,,1020,,0,1
395745763,아카네 이야기 15,아카네 이야기,15,,,유키 스에나가,학산문화사(만화),2026-06,5400,9.9,,,2026-09-04T10:34:33+09:00,183,,1555,,0,1
400543235,악마이자 여경! 2,악마이자 여경!,2,,,안베 마사히로,대원씨아이(만화),2026-08,5850,,,,2026-09-04T10:34:33+09:00,805,,840,,0,1
332864221,악역 영애 안의 사람 1,악역 영애 안의 사람,1,,,시라우메 나즈나,데이즈엔터(주),2024-01,5400,10.0,,,2026-09-04T10:34:33+09:00,920,,3293,,0,1
391304403,앨리스와 셰에라자드 : 트릭아트 저택,앨리스와 셰에라자드 : 트릭아트 저택,,,,모로호시 다이지로,문학동네,2026-04,9900,10.0,,,2026-09-04T10:34:33+09:00,952,,2651,,0,1
365816384,야쿠자 때문에 목욕탕에서 일하고 있습니다 1,야쿠자 때문에 목욕탕에서 일하고 있습니다,1,,- 루나 코믹스,타카시,㈜소미미디어,2025-06,5850,9.8,,,2026-09-04T10:34:33+09:00,714,,3951,,0,1
369868455,야쿠자 때문에 목욕탕에서 일하고 있습니다 2,야쿠자 때문에 목욕탕에서 일하고 있습니다,2,,- 루나 코믹스,타카시,㈜소미미디어,2025-08,5850,9.8,,,2026-09-04T10:34:33+09:00,721,,3660,,0,1
355295880,약사의 혼잣말 14,약사의 혼잣말,14,,,네코쿠라게,학산문화사(만화),2025-01,5400,9.6,,,2026-09-04T10:34:33+09:00,903,,3938,,0,1
396565979,어떤 과학의 초전자포 20,어떤 과학의 초전자포,20,,- 어떤 마술의 금서목록 외전,,대원씨아이(만화),2026-06,5400,10.0,,,2026-09-04T10:34:33+09:00,925,,3140,,0,1
384668324,어린이 탐구 생활,어린이 탐구 생활,,,,이다,창비,2026-01,15120,9.9,,,2026-09-04T10:34:33+09:00,844,,6801,,0,1
342916553,얼굴만으론 좋아할 수 없어요 10,얼굴만으론 좋아할 수 없어요,10,,,안자이 카린,서울미디어코믹스(서울문화사),2024-07,5400,,,,2026-09-04T10:34:33+09:00,998,,1709,,0,1
378826604,얼굴만으론 좋아할 수 없어요 15,얼굴만으론 좋아할 수 없어요,15,,,안자이 카린,서울미디어코믹스(서울문화사),2025-11,5400,10.0,,,2026-09-04T10:34:33+09:00,991,,1823,,0,1
334207343,얼굴만으론 좋아할 수 없어요 5,얼굴만으론 좋아할 수 없어요,5,,,안자이 카린,서울미디어코믹스(서울문화사),2022-09,5400,,,,2026-09-04T10:34:33+09:00,992,,1836,,0,1
335854597,얼굴만으론 좋아할 수 없어요 9,얼굴만으론 좋아할 수 없어요,9,,,안자이 카린,서울미디어코믹스(서울문화사),2024-03,5400,10.0,,,2026-09-04T10:34:33+09:00,775,,1792,,0,1
389928631,얼음 성벽 14,얼음 성벽,14,,- 완결,아가사와 코챠,학산문화사(만화),2026-04,9000,10.0,,,2026-09-04T10:34:33+09:00,947,,2667,,0,1
386060545,에미야 가의 오늘의 밥상 11,에미야 가의 오늘의 밥상,11,,- 노엔 코믹스,,데이즈엔터(주),2026-03,7200,10.0,,,2026-09-04T10:34:33+09:00,971,,2465,,0,1
400662198,오늘부터 시작하는 소꿉친구 9,오늘부터 시작하는 소꿉친구,9,,,Midori Obiya,서울미디어코믹스(서울문화사),2026-08,5400,,,,2026-09-04T10:34:33+09:00,645,,850,,0,1
294497749,오늘부터 신령님 1,오늘부터 신령님,1,,,스즈키 줄리에타,학산문화사(만화),2010-05,5400,10.0,,,2026-09-04T10:34:33+09:00,900,,3897,,0,1
301917562,오란고교 호스트부 1,오란고교 호스트부,1,,,하토리 비스코,학산문화사(만화),2004-02,5400,8.0,,,2026-09-04T10:34:33+09:00,595,,3100,,0,1
301917787,오란고교 호스트부 2,오란고교 호스트부,2,,,하토리 비스코,학산문화사(만화),2004-05,5400,,,,2026-09-04T10:34:33+09:00,749,,2610,,0,1
321812915,오란고교 호스트부 3,오란고교 호스트부,3,,,하토리 비스코,학산문화사(만화),2004-05,5400,,,,2026-09-04T10:34:33+09:00,976,,2138,,0,1
389010799,오무라이스 잼잼 16 (스페셜 리커버 양장본),오무라이스 잼잼 16 (스페셜 리커버 양장본),,,,조경규,송송책방,2026-04,20700,10.0,,,2026-09-04T10:34:33+09:00,899,,4159,,0,1
384102110,완전 쓰레기인 와타라세인데 1,완전 쓰레기인 와타라세인데,1,,,나카가와 파리,대원씨아이(만화),2026-01,5400,9.6,,,2026-09-04T10:34:33+09:00,872,,4632,,0,1
397021676,완전 쓰레기인 와타라세인데 3 (특장판),완전 쓰레기인 와타라세인데,3,특장판,- 어나더 커버 + 아크릴 스탠드 + 스티커 3종 + 포토카드 6종 + 일러스트 카드 3종 + 별도 박스 포장,나카가와 파리,대원씨아이(만화),2026-06,28800,10.0,,,2026-09-04T10:34:33+09:00,698,,4560,,0,1
390658499,외톨이에는 익숙하니까요. 약혼자 방치 중! 3,외톨이에는 익숙하니까요. 약혼자 방치 중!,3,,,하레타 준,대원씨아이(만화),2026-04,6750,9.9,,,2026-09-04T10:34:33+09:00,996,,1775,,0,1
399290916,우리 반리가 신세 좀 지겠습니다 4,우리 반리가 신세 좀 지겠습니다,4,,,카이도 치토세,대원씨아이(만화),2026-07,5400,,,,2026-09-04T10:34:33+09:00,606,,2680,,0,1
400707945,우리들은 미쳤다 연모 4,우리들은 미쳤다 연모,4,,,안도 나츠미,대원씨아이(만화),2026-08,5400,,,,2026-09-04T10:34:33+09:00,453,,790,,0,1
316124839,운명의 사람을 만나는 이야기 1,운명의 사람을 만나는 이야기,1,,,아나신,학산문화사(만화),2023-06,5400,9.3,,,2026-09-04T10:34:33+09:00,910,,3530,,0,1
338119636,운명의 사람을 만나는 이야기 4,운명의 사람을 만나는 이야기,4,,,아나신,학산문화사(만화),2024-04,5400,9.9,,,2026-09-04T10:34:33+09:00,963,,2342,,0,1
327273874,원룸 조교님 1,원룸 조교님,1,,,지붕,유어마나(거북이북스),2023-10,15300,9.0,,,2026-09-04T10:34:33+09:00,911,,3550,,0,1
327274039,원룸 조교님 2,원룸 조교님,2,,,지붕,유어마나(거북이북스),2023-10,15300,,,,2026-09-04T10:34:33+09:00,919,,3319,,0,1
386478518,이 땅에 ADHD로 태어나,이 땅에 ADHD로 태어나,,,,비스카차,유유히,2026-03,17100,10.0,,,2026-09-04T10:34:33+09:00,977,,2044,,0,1
394171104,이력서 2,이력서,2,,,유월,블루픽,2026-05,14220,10.0,,,2026-09-04T10:34:33+09:00,917,,3340,,0,1
399543570,이우일의 만화 그리스로마 신화 3,이우일의 만화 그리스로마 신화,3,,- 오뒷세우스,이우일,비채,2026-07,20250,,,,2026-09-04T10:34:33+09:00,637,,1210,,0,1
86893672,이토준지 자선 걸작집,이토준지 자선 걸작집,,,,이토 준지,미우(대원씨아이),2016-07,12600,8.6,,,2026-09-04T10:34:33+09:00,964,,2379,,0,1
349201937,일러스트레이터를 위한 구도와 서사 마스터 가이드북 : COMPOSITION & NARRATIVE,일러스트레이터를 위한 구도와 서사 마스터 가이드북 : COMPOSITION & NARRATIVE,,,,3D토털 퍼블리싱,영진.com(영진닷컴),2024-10,28800,10.0,,,2026-09-04T10:34:33+09:00,570,,5148,,0,1
383277748,장르를 바꿔보도록 하겠습니다 9 (특별판),장르를 바꿔보도록 하겠습니다,9,특별판,- 라스트 레터 1종 + 인생 필름 3종 + 렌티큘러 카드 3종,가린,연담,2026-03,21150,,,,2026-09-04T10:34:33+09:00,961,,2402,,0,1
390243150,장송의 프리렌 12,장송의 프리렌,12,,,야마다 카네히토,학산문화사(만화),2024-07,6300,,,,2026-09-04T10:34:33+09:00,930,,2930,,0,1
400224787,전생했더니 검이었습니다 Another Wish 5,전생했더니 검이었습니다 Another Wish,5,,- S코믹스,이노우에 히나코,㈜소미미디어,2026-08,6300,,,,2026-09-04T10:34:33+09:00,649,,750,,0,1
392471811,전생했더니 슬라임이었던 건에 대하여 30,전생했더니 슬라임이었던 건에 대하여,30,,- S코믹스,카와카미 타이키,㈜소미미디어,2026-05,6300,10.0,,,2026-09-04T10:34:33+09:00,737,,3135,,0,1
399523141,정령환상기 28,정령환상기,28,,"- S Novel / 초판 한정 책갈피, 양면커버, 쇼트스토리 리플릿",키타야마 유리,㈜소미미디어,2026-08,8100,,,,2026-09-04T10:34:33+09:00,942,,2630,,0,1
301714398,주술회전 14,주술회전,14,,- 시부야 사변 -이비-,아쿠타미 게게,서울미디어코믹스(서울문화사),2021-04,5400,,,,2026-09-04T10:34:33+09:00,885,,4319,,0,1
301714473,주술회전 15,주술회전,15,,- 시부야 사변 -변신-,아쿠타미 게게,서울미디어코믹스(서울문화사),2021-05,5400,,,,2026-09-04T10:34:33+09:00,708,,4089,,0,1
301714703,주술회전 18,주술회전,18,,- 열기,아쿠타미 게게,서울미디어코믹스(서울문화사),2022-02,5400,,,,2026-09-04T10:34:33+09:00,850,,5798,,0,1
301707635,주술회전 5,주술회전,5,,,아쿠타미 게게,서울미디어코믹스(서울문화사),2019-07,5400,,,,2026-09-04T10:34:33+09:00,687,,5835,,0,1
301707952,주술회전 6,주술회전,6,,,아쿠타미 게게,서울미디어코믹스(서울문화사),2019-09,5400,10.0,,,2026-09-04T10:34:33+09:00,864,,5329,,0,1
301708111,주술회전 7,주술회전,7,,,아쿠타미 게게,서울미디어코믹스(서울문화사),2019-12,5400,8.0,,,2026-09-04T10:34:33+09:00,862,,5172,,0,1
301708237,주술회전 8,주술회전,8,,,아쿠타미 게게,서울미디어코믹스(서울문화사),2020-10,5400,10.0,,,2026-09-04T10:34:33+09:00,693,,5214,,0,1
301708374,주술회전 9,주술회전,9,,,아쿠타미 게게,서울미디어코믹스(서울문화사),2020-11,5400,,,,2026-09-04T10:34:33+09:00,692,,5059,,0,1
295418499,지. : 지구의 운동에 대하여 2,지. : 지구의 운동에 대하여,2,,,우오토,문학동네,2022-05,7200,9.8,,,2026-09-04T10:34:33+09:00,915,,3458,,0,1
307010808,지. : 지구의 운동에 대하여 3,지. : 지구의 운동에 대하여,3,,,우오토,문학동네,2022-12,7200,9.5,,,2026-09-04T10:34:33+09:00,728,,3501,,0,1
307010996,지. : 지구의 운동에 대하여 4,지. : 지구의 운동에 대하여,4,,,우오토,문학동네,2022-12,7200,9.8,,,2026-09-04T10:34:33+09:00,924,,3234,,0,1
326990757,지. : 지구의 운동에 대하여 5,지. : 지구의 운동에 대하여,5,,,우오토,문학동네,2023-10,7200,9.6,,,2026-09-04T10:34:33+09:00,926,,3131,,0,1
400225413,쪼그맣고 커다랗고 귀여운 나나세를 착각 전남친한테서 빼앗아 행복하게 한다 3,쪼그맣고 커다랗고 귀여운 나나세를 착각 전남친한테서 빼앗아 행복하게 한다,3,,- S Novel,카라스마 에이,㈜소미미디어,2026-08,7650,,,,2026-09-04T10:34:33+09:00,623,,1810,,0,1
400856423,처형당한 현자는 리치로 전생하여 침략전쟁을 시작한다 15,처형당한 현자는 리치로 전생하여 침략전쟁을 시작한다,15,,,쿠니토모 쇼타로,대원씨아이(만화),2026-08,4950,10.0,,,2026-09-04T10:34:33+09:00,448,,900,,0,1
387582151,커들 1,커들,1,,- 수인 오메가버스,하스미 하나,학산문화사(만화),2026-03,6300,,,,2026-09-04T10:34:33+09:00,791,,1248,,0,1
395477416,타로의 얼렁뚱땅 1,타로의 얼렁뚱땅,1,,,야츠미 츠무,서울미디어코믹스(서울문화사),2026-06,5850,10.0,,,2026-09-04T10:34:33+09:00,928,,2780,,0,1
369563161,타몬 군 지금 어느 쪽?! 10,타몬 군 지금 어느 쪽?!,10,,,시와스 유키,학산문화사(만화),2025-08,5400,,,,2026-09-04T10:34:33+09:00,750,,2699,,0,1
392518824,테라피 게임 리스타트 6,테라피 게임 리스타트,6,,,히노하라 메구루,블랑코믹스(BLANC COMICS),2026-05,6300,10.0,,,2026-09-04T10:34:33+09:00,735,,3365,,0,1
400662517,특급 알파가 사랑한 오메가,특급 알파가 사랑한 오메가,,,,Ayumi Kannami,서울미디어코믹스(서울문화사),2026-08,7650,,,,2026-09-04T10:34:33+09:00,815,,680,,0,1
400585962,특별한 도라에몽 : 언제나 마음속에 친구 편 9,특별한 도라에몽 : 언제나 마음속에 친구 편,9,,,후지코 F. 후지오,대원씨아이(만화),2026-08,8100,,,,2026-09-04T10:34:33+09:00,802,,1010,,0,1
328061218,팔견전 17,팔견전,17,,"- 동방팔견이문, S코믹스",아베 미유키,㈜소미미디어,2023-11,6300,,,,2026-09-04T10:34:33+09:00,997,,1829,,0,1
355888808,팔견전 20,팔견전,20,,"- 동방팔견이문, S코믹스",아베 미유키,㈜소미미디어,2025-01,6300,10.0,,,2026-09-04T10:34:33+09:00,995,,1836,,0,1
400001064,피토스포룸 두 번째 잎,피토스포룸 두 번째 잎,,,,미카미 시노,인디고,2026-08,6300,10.0,,,2026-09-04T10:34:33+09:00,771,,1850,,0,1
400001034,피토스포룸 첫 번째 잎,피토스포룸 첫 번째 잎,,,,미카미 시노,인디고,2026-08,6300,10.0,,,2026-09-04T10:34:33+09:00,994,,1750,,0,1
288831826,하이큐!! 1,하이큐!!,1,,,후루다테 하루이치,대원씨아이(만화),2013-05,4950,10.0,,,2026-09-04T10:34:33+09:00,931,,2907,,0,1
291943313,하이큐!! 40,하이큐!!,40,,- 긍정,후루다테 하루이치,대원씨아이(만화),2020-02,4950,,,,2026-09-04T10:34:33+09:00,938,,2795,,0,1
287237782,하이큐!! 컴플리트 일러스트레이션 북 끝과 시작,하이큐!! 컴플리트 일러스트레이션 북 끝과 시작,,,,후루다테 하루이치,대원씨아이(만화),2022-01,36000,9.5,,,2026-09-04T10:34:33+09:00,786,,1476,,0,1
379454044,학생회에도 구멍은 있다! 공식 풀컬러판 : 《생구멍 셀렉션!》,학생회에도 구멍은 있다! 공식 풀컬러판 : 《생구멍 셀렉션!》,,,- S코믹스,무치마로,㈜소미미디어,2025-12,10800,9.6,,,2026-09-04T10:34:33+09:00,854,,5407,,0,1
370798859,할렐루야 베이비 1,할렐루야 베이비,1,,,코지마 라라,AK(에이케이)커뮤니케이션즈,2025-08,5850,10.0,,,2026-09-04T10:34:33+09:00,949,,2533,,0,1
390010927,황천의 츠가이 7,황천의 츠가이,7,,,아라카와 히로무,대원씨아이(만화),2026-04,5850,,,,2026-09-04T10:34:33+09:00,702,,4182,,0,1
391205551,황천의 츠가이 8,황천의 츠가이,8,,,아라카와 히로무,대원씨아이(만화),2025-06,5850,,,,2026-09-04T10:34:33+09:00,739,,3005,,0,1
391205558,황천의 츠가이 9,황천의 츠가이,9,,,아라카와 히로무,대원씨아이(만화),2025-11,5850,,,,2026-09-04T10:34:33+09:00,730,,3220,,0,1
400909486,회각의 용사 2,회각의 용사,2,,,사토 타카아키,미우(대원씨아이),2026-08,5850,,,,2026-09-04T10:34:33+09:00,818,,370,,0,1
352346084,힘내라! 나카무라 군!! 1,힘내라! 나카무라 군!!,1,,,슌데이,조은세상(북두),2024-12,5850,9.5,,,2026-09-04T10:34:33+09:00,876,,4758,,0,1
401460099,카구라바치 11 (더블특전판),카구라바치,11,더블특전판,"- 영웅, 초판한정 : 일러스트 시네마티켓, 선착순 더블특전 : 족자풍 책갈피 세트",호카조노 타케루,대원씨아이(만화),2026-09,5850,10.0,29910,1,2026-09-07T08:54:48+09:00,,,,,1,0
401510701,사죠 리히토의 아버지와 그의 부하 상.하 세트 - 전2권,사죠 리히토의 아버지와 그의 부하 상.하 세트 - 전2권,,,- 코믹 라르고 Comic Largo,나카무라 아스미코,조은세상(북두),2026-10,34200,,23630,2,2026-09-07T08:54:48+09:00,,,,,1,0
401348021,타몬 군 지금 어느 쪽?! 14,타몬 군 지금 어느 쪽?!,14,,,시와스 유키,학산문화사(만화),2026-09,6300,10.0,13180,3,2026-09-07T08:54:48+09:00,,,,,1,0
400315663,스파이 패밀리 17,스파이 패밀리,17,,,엔도 타츠야,학산문화사(만화),2026-08,5400,10.0,32040,4,2026-09-07T08:54:48+09:00,1,-3,31950,90,0,0
401406764,어제 뭐 먹었어? 25,어제 뭐 먹었어?,25,,,요시나가 후미,삼양출판사(만화),2026-08,5400,,10100,5,2026-09-07T08:54:48+09:00,13,8,9210,890,0,0
400710266,야마다 군과 Lv999의 사랑을 하다 8,야마다 군과 Lv999의 사랑을 하다,8,,"- 초판 한정 특전 : 띠지, 일러스트 카드, 폴라로이드 카드",마시로,디앤씨미디어(주)(D&C미디어),2026-09,7200,10.0,19200,6,2026-09-07T08:54:48+09:00,5,-1,19240,-40,0,0
400365190,사카모토 데이즈 27 (더블 특전판),사카모토 데이즈,27,더블 특전판,"- 자긍심, 초판 한정 띠지 + 일러스트 포스트 카드 + 일러스트 레이어 카드",스즈키 유우토,대원씨아이(만화),2026-08,5850,10.0,31860,7,2026-09-07T08:54:48+09:00,3,-4,31570,290,0,0
401462735,블루 아카이브 코믹 앤솔로지 VOL.6 & VOL.7 합본 세트 - 전2권,블루 아카이브 코믹 앤솔로지 VOL.6 & VOL.7 합본 세트 - 전2권,,,"- SL Comic, 초판 한정 특전 : 띠지, 폴라로이드 카드 2종, 마우스 패드",NEXON GAMES,디앤씨미디어(주)(D&C미디어),2026-09,19800,,8130,8,2026-09-07T08:54:48+09:00,,,,,1,0
400917256,마남 이치 6 (트리플 특전판),마남 이치,6,트리플 특전판,- 아크릴 일러스트 카드 2종 + 홀로그램 일러스트 카드,유사자키 시로,서울미디어코믹스(서울문화사),2026-08,6300,8.0,16570,9,2026-09-07T08:54:48+09:00,6,-3,14930,1640,0,0
400652795,스킵과 로퍼 12,스킵과 로퍼,12,,- 시프트코믹스,타카마츠 미사키,YNK MEDIA(만화),2026-08,5400,10.0,24880,10,2026-09-07T08:54:48+09:00,4,-6,26850,-1970,0,0
400930743,아멜리아의 호기심 많은 로맨스 3,아멜리아의 호기심 많은 로맨스,3,,"- 루나 코믹스, 초판 한정 투명 pet 포토카드 1종, 양면 일러스트 카드 1종, PET 사원증 1종",코하쿠 요루,㈜소미미디어,2026-09,6300,10.0,14870,11,2026-09-07T08:54:48+09:00,7,-4,14090,780,0,0
401348054,오가미 츠미키와 기일상 8,오가미 츠미키와 기일상,8,,- 수량 한정 특전: 키토의 학생증+판스티커,모리시타 미유,학산문화사(만화),2026-09,5400,10.0,8480,12,2026-09-07T08:54:48+09:00,,,,,1,0
400736391,엄마가 도망갔다,엄마가 도망갔다,,,,소복이,나무의말,2026-09,17820,10.0,11840,13,2026-09-07T08:54:48+09:00,2,-11,12020,-180,0,0
400710167,야마다 군과 Lv999의 사랑을 하다 8 (특별판),야마다 군과 Lv999의 사랑을 하다,8,특별판,"- 특별판 한정 특전 : 일반판 초판 특전, 틴케이스, 특별판 한정 엽서 4종 세트, 키캡 키링",마시로,디앤씨미디어(주)(D&C미디어),2026-09,23400,6.0,17760,14,2026-09-07T08:54:48+09:00,12,-2,19690,-1930,0,0
397412056,책이라면 팔 만큼 1,책이라면 팔 만큼,1,,,코지마 아오,미우(대원씨아이),2026-07,11700,9.6,24020,15,2026-09-07T08:54:48+09:00,10,-5,25410,-1390,0,0
401372461,악마에 입문했습니다! 이루마 군 48,악마에 입문했습니다! 이루마 군,48,,,니시 오사무,서울미디어코믹스(서울문화사),2026-09,5850,,5450,16,2026-09-07T08:54:48+09:00,44,28,4210,1240,0,0
400587114,봇치·더·록! 외전 히로이 키쿠리의 과음일기 6,봇치·더·록! 외전 히로이 키쿠리의 과음일기,6,,- 띠지 + 초판한정 일러스트 포토 카드 1종,쿠미쵸,대원씨아이(만화),2026-08,8100,10.0,24470,17,2026-09-07T08:54:48+09:00,8,-9,26980,-2510,0,0
399539936,명탐정 코난 108,명탐정 코난,108,,,아오야마 고쇼,서울미디어코믹스(서울문화사),2026-07,5400,9.8,21675,18,2026-09-07T08:54:48+09:00,11,-7,23510,-1835,0,0
391764120,포켓몬 생태도감,포켓몬 생태도감,,,,주식회사 포켓몬,대원씨아이(단행본),2026-04,13500,10.0,71487,19,2026-09-07T08:54:48+09:00,17,-2,71159,328,0,0
401372500,아케비의 세일러복 16,아케비의 세일러복,16,,,히로,서울미디어코믹스(서울문화사),2026-09,7650,10.0,4270,20,2026-09-07T08:54:48+09:00,49,29,3550,720,0,0
400909479,킹덤 Kingdom 78,킹덤 Kingdom,78,,,하라 야스히사,대원씨아이(만화),2026-08,5400,,8540,21,2026-09-07T08:54:48+09:00,14,-7,8210,330,0,0
400315752,디그 잇 3 (더블특전판),디그 잇,3,더블특전판,- 수량 한정 더블 특전 : 비주얼 보드 + 스포츠 선수 카드,Yoshidamaru,학산문화사(만화),2026-08,6300,,16810,22,2026-09-07T08:54:48+09:00,23,1,16460,350,0,0
400246381,황천의 츠가이 12 (더블특전판),황천의 츠가이,12,더블특전판,- 초판한정 : 일러스트 포스트카드 1종 + 일러스트 pp카드 1종,아라카와 히로무,대원씨아이(만화),2026-08,5850,10.0,15010,23,2026-09-07T08:54:48+09:00,16,-7,14720,290,0,0
401247590,"달은 차고 이지러져, 짐승의 사랑 신장판 (특장판)","달은 차고 이지러져, 짐승의 사랑 신장판",,특장판,"- 작가님 사인 아크릴 카드 + 일러스트 카드 2종 + 이중 커버, 라르고 맥스 Largo Max",노지로 구리,조은세상(북두),2026-09,11700,10.0,4070,24,2026-09-07T08:54:48+09:00,36,12,3550,520,0,0
396103290,패밀리 레스토랑 가자. 下,패밀리 레스토랑 가자. 下,,,- 완결,와야마 야마,문학동네,2026-06,7650,9.8,61090,25,2026-09-07T08:54:48+09:00,25,0,61490,-400,0,0
400544318,마법소녀를 동경해서 7 (더블특전판),마법소녀를 동경해서,7,더블특전판,- 띠지 + 초판한정 일러스트 카드 1종 + 더블특전 SD 스티커,오노나카 아키히로,대원씨아이(만화),2026-08,6750,,10400,26,2026-09-07T08:54:48+09:00,18,-8,11330,-930,0,0
401463180,지뢰인가요? 치하라 양 1,지뢰인가요? 치하라 양,1,,"- SL Comic, 초판 한정 특전 : 띠지, PET 스탠드, SD 스티커",룡,디앤씨미디어(주)(D&C미디어),2026-09,6300,,3900,27,2026-09-07T08:54:48+09:00,,,,,1,0
399974125,타몬 군 지금 어느 쪽?! 13 (한정판),타몬 군 지금 어느 쪽?!,13,한정판,- 후쿠하라 타몬 2nd 사진집 + 후쿠하라 타몬 사인 포토카드 + 일러스트 카드,시와스 유키,학산문화사(만화),2026-08,12600,10.0,18460,28,2026-09-07T08:54:48+09:00,9,-19,20680,-2220,0,0
400714329,패배 히로인이 너무 많아! 8.5,패배 히로인이 너무 많아! 8.5,,,"- Novel Engine, 초판한정 특별부록 : 띠지 + 일러스트 카드",아마모리 타키비,데이즈엔터(주),2026-09,7200,,9770,29,2026-09-07T08:54:48+09:00,20,-9,10870,-1100,0,0
400547759,모모세 아키라의 첫사랑 파탄 중 6 (트리플 특전판),모모세 아키라의 첫사랑 파탄 중,6,트리플 특전판,- 스페셜 아크릴 일러스트 카드 1종 + 양면 일러스트 카드 2종,하레카와 신타,서울미디어코믹스(서울문화사),2026-08,6750,10.0,12100,30,2026-09-07T08:54:48+09:00,27,-3,12070,30,0,0
399973871,옆자리 녀석이 그런 눈으로 쳐다본다 4 (더블특전판),옆자리 녀석이 그런 눈으로 쳐다본다,4,더블특전판,- 수량 한정 더블 특전 : 폴라로이드 에구치 ANGEL Ver + 이케자와 DEVIL Ver,mmk,학산문화사(만화),2026-08,6300,,10610,31,2026-09-07T08:54:48+09:00,33,2,10100,510,0,0
395946461,원피스 114,원피스,114,,- 초판한정 띠지 + 일러스트 카드 1종,오다 에이치로,대원씨아이(만화),2026-06,5850,10.0,41845,32,2026-09-07T08:54:48+09:00,22,-10,42585,-740,0,0
401063905,블리치 리믹스 17,블리치 리믹스,17,,,쿠보 타이토,서울미디어코믹스(서울문화사),2026-08,10800,,9100,33,2026-09-07T08:54:48+09:00,15,-18,10100,-1000,0,0
401463402,지뢰인가요? 치하라 양 2,지뢰인가요? 치하라 양,2,,"- SL Comic, 초판 한정 특전 : 띠지, 포토 카드, SD 스티커",룡,디앤씨미디어(주)(D&C미디어),2026-09,6300,,3760,34,2026-09-07T08:54:48+09:00,,,,,1,0
400586243,단다단 21,단다단,21,,,타츠 유키노부,대원씨아이(만화),2026-08,5400,10.0,9840,35,2026-09-07T08:54:48+09:00,34,-1,9330,510,0,0
401063751,요괴소년 호야 완전판 4,요괴소년 호야 완전판,4,,,후지타 카즈히로,서울미디어코믹스(서울문화사),2026-08,14400,,4530,36,2026-09-07T08:54:48+09:00,19,-17,4980,-450,0,0
396141385,사카모토 데이즈 26 (더블 특전판),사카모토 데이즈,26,더블 특전판,- 원정 / 띠지 + 일러스트 포스트 카드 + 사카모토 상점 양면 어나더커버,스즈키 유우토,대원씨아이(만화),2026-06,5850,9.2,22975,37,2026-09-07T08:54:48+09:00,46,9,23005,-30,0,0
399973794,봄의 폭풍과 몬스터 9,봄의 폭풍과 몬스터,9,,,미츠바치 미유키,학산문화사(만화),2026-08,6300,10.0,15030,38,2026-09-07T08:54:48+09:00,29,-9,15050,-20,0,0
400708725,3월의 벽력 2,3월의 벽력,2,,,이케 준코,대원씨아이(만화),2026-08,5400,,7180,39,2026-09-07T08:54:48+09:00,39,0,7190,-10,0,0
401049295,야화첩 9,야화첩,9,,"- 초판 한정: 띠지, 포토카드 2종",변덕,레진코믹스(레진엔터테인먼트),2026-08,14400,,4660,40,2026-09-07T08:54:48+09:00,24,-16,4690,-30,0,0
401047773,야화첩 8,야화첩,8,,"- 초판 한정: 띠지, 포토카드 1종, PET 책갈피 1종",변덕,레진코믹스(레진엔터테인먼트),2026-08,14400,,4720,41,2026-09-07T08:54:48+09:00,26,-15,4600,120,0,0
399925336,팬텀 버스터즈 7,팬텀 버스터즈,7,,- S코믹스,네오쇼코,㈜소미미디어,2026-08,5850,10.0,16495,42,2026-09-07T08:54:48+09:00,37,-5,17440,-945,0,0
400977703,나의 첫 섹파 2,나의 첫 섹파,2,,,유리카와,재담,2026-08,6300,,4920,43,2026-09-07T08:54:48+09:00,31,-12,5490,-570,0,0
401325991,도원암귀 26,도원암귀,26,,- S코믹스,우루시바라 유라,㈜소미미디어,2026-09,6300,10.0,2770,44,2026-09-07T08:54:48+09:00,115,71,1860,910,0,0
395510885,슈퍼 뒤에서 담배 피우는 두 사람 8,슈퍼 뒤에서 담배 피우는 두 사람,8,,- SL Comic,지누시,디앤씨미디어(주)(D&C미디어),2026-06,6300,9.9,12605,45,2026-09-07T08:54:48+09:00,38,-7,12455,150,0,0
400328644,요리 군과 다시 만날 수는 없어! 2,요리 군과 다시 만날 수는 없어!,2,,"- 초판 한정 특전 : 일러스트 카드, 접이식 아크릴 스탠드",Sumio Hataya,서울미디어코믹스(서울문화사),2026-08,5850,10.0,9560,46,2026-09-07T08:54:48+09:00,50,4,9310,250,0,0
400980916,꿈인지 생시인지 4,꿈인지 생시인지,4,,,사키사카 이오,대원씨아이(만화),2026-08,5850,,4870,47,2026-09-07T08:54:48+09:00,30,-17,5170,-300,0,0
400713407,이세계 삼촌 14,이세계 삼촌,14,,"- 픽시하우스, 초판한정 특별부록 : 일러스트 카드 + 띠지",호톤도신데이루,데이즈엔터(주),2026-09,7200,,5980,48,2026-09-07T08:54:48+09:00,21,-27,7210,-1230,0,0
400930547,Myther 3,Myther,3,,- S코믹스,야츠다 테키,㈜소미미디어,2026-09,7200,,4000,49,2026-09-07T08:54:48+09:00,45,-4,3790,210,0,0
401041190,참을 수 없는 건 사랑인 걸까 6,참을 수 없는 건 사랑인 걸까,6,,,소라하나 미아,대원씨아이(만화),2026-08,5850,,3280,50,2026-09-07T08:54:48+09:00,41,-9,3100,180,0,0
393688901,카구라바치 10 (트리플특전판),카구라바치,10,트리플특전판,- 초판한정 일러스트 시네마티켓 + 애니메이션 KV카드 + 검사들 일러스트카드,호카조노 타케루,대원씨아이(만화),2026-05,5850,9.8,20655,51,2026-09-07T08:54:48+09:00,126,75,19145,1510,0,0
290092090,아이다이로 화집 지박소년 하나코 군,아이다이로 화집 지박소년 하나코 군,,,,아이다이로,서울미디어코믹스(서울문화사),2022-03,16200,10.0,4905,52,2026-09-07T08:54:48+09:00,83,31,4608,297,0,0
398419129,황천의 츠가이 11 (더블특전판),황천의 츠가이,11,더블특전판,,아라카와 히로무,대원씨아이(만화),2026-07,5850,9.8,11445,53,2026-09-07T08:54:48+09:00,53,0,11305,140,0,0
398309482,요리 군과 다시 만날 수는 없어! 1,요리 군과 다시 만날 수는 없어!,1,,"- 초판 한정 특전 : 양면 일러스트 카드, 접이식 아크릴 스탠드",Sumio Hataya,서울미디어코믹스(서울문화사),2026-07,5850,10.0,10140,54,2026-09-07T08:54:48+09:00,59,5,10040,100,0,0
399975177,GACHIAKUTA 18,GACHIAKUTA,18,,,케이 우라나,학산문화사(만화),2026-08,6300,,8740,55,2026-09-07T08:54:48+09:00,47,-8,8570,170,0,0
394695719,옆자리 녀석이 그런 눈으로 쳐다본다 3 (더블특전판),옆자리 녀석이 그런 눈으로 쳐다본다,3,더블특전판,- 수량 한정 더블 특전: 포토카드 + 증명사진,mmk,학산문화사(만화),2026-06,6300,9.3,7545,56,2026-09-07T08:54:48+09:00,35,-21,7670,-125,0,0
399974190,타몬 군 지금 어느 쪽?! 13,타몬 군 지금 어느 쪽?!,13,,- 수량 한정 특전 : 일러스트 카드,시와스 유키,학산문화사(만화),2026-08,6300,10.0,6440,57,2026-09-07T08:54:48+09:00,58,1,6140,300,0,0
400544538,비실비실 선생님 16,비실비실 선생님,16,,- 띠지 + 초판한정 일러스트 폴라로이드 카드 1종,후쿠치 카미오,대원씨아이(만화),2026-08,5850,10.0,9520,58,2026-09-07T08:54:48+09:00,70,12,9360,160,0,0
401345122,환생했는데 제7왕자라 내맘대로 마술을 연마합니다 22,환생했는데 제7왕자라 내맘대로 마술을 연마합니다,22,,,코쿠자와 요스케,학산문화사(만화),2026-09,5400,,2000,59,2026-09-07T08:54:48+09:00,99,40,1930,70,0,0
395945176,나츠메 우인장 32,나츠메 우인장,32,,,미도리카와 유키,학산문화사(만화),2026-06,5400,8.4,11895,60,2026-09-07T08:54:48+09:00,28,-32,12480,-585,0,0
400594188,노아 선배는 친구 10,노아 선배는 친구,10,,,아키야마 엔마,서울미디어코믹스(서울문화사),2026-08,5850,,6190,61,2026-09-07T08:54:48+09:00,54,-7,6550,-360,0,0
401041191,너를 잊을 사랑이 하고 싶어 7,너를 잊을 사랑이 하고 싶어,7,,,유우키 하루,대원씨아이(만화),2026-08,5850,,3100,62,2026-09-07T08:54:48+09:00,56,-6,3040,60,0,0
401131950,패배 히로인이 너무 많아! @comic 5,패배 히로인이 너무 많아! @comic,5,,,이타치,재담,2026-08,6300,,2720,63,2026-09-07T08:54:48+09:00,42,-21,2930,-210,0,0
401345052,사랑이 없으면 아이돌은 할 수 없어 4,사랑이 없으면 아이돌은 할 수 없어,4,,,키타가와 유카,학산문화사(만화),2026-09,6300,10.0,2100,64,2026-09-07T08:54:48+09:00,149,85,1550,550,0,0
400545480,전지적 독자 시점 20,전지적 독자 시점,20,,- 초판 한정 캐릭터 카드 1종 + 특전 엽서 1종,슬리피-C,에이템포미디어,2026-08,14850,,7470,65,2026-09-07T08:54:48+09:00,61,-4,7520,-50,0,0
400707875,언니의 미도리 군 9,언니의 미도리 군,9,,,메구로 아무,대원씨아이(만화),2026-08,4950,,5790,66,2026-09-07T08:54:48+09:00,43,-23,6130,-340,0,0
401421070,여장 남자는 스커트를 벗고 싶어! 5,여장 남자는 스커트를 벗고 싶어!,5,,,Shinagire,서울미디어코믹스(서울문화사),2026-09,5850,,2400,67,2026-09-07T08:54:48+09:00,743,676,580,1820,0,0
401345344,스물과 성수 7,스물과 성수,7,,- 완결,소라가미 세이,학산문화사(만화),2026-09,5400,10.0,2020,68,2026-09-07T08:54:48+09:00,123,55,1760,260,0,0
290886787,룩 백,룩 백,,,,후지모토 타츠키,학산문화사(만화),2022-03,5400,9.5,35495,69,2026-09-07T08:54:48+09:00,81,12,35610,-115,0,0
396452830,원펀맨 One Punch Man 35,원펀맨 One Punch Man,35,,- 만나서는 안 될 녀석,ONE,대원씨아이(만화),2026-06,5400,9.5,15760,70,2026-09-07T08:54:48+09:00,63,-7,16115,-355,0,0
397047378,반딧불이의 혼례 11,반딧불이의 혼례,11,,,타치바나 오레코,서울미디어코믹스(서울문화사),2026-06,7650,9.8,10775,71,2026-09-07T08:54:48+09:00,134,63,10860,-85,0,0
400922115,순정 갸루는 여친은 아니지만,순정 갸루는 여친은 아니지만,,,- S 블랙,미우라 미우,㈜소미미디어,2026-09,9000,10.0,4080,72,2026-09-07T08:54:48+09:00,69,-3,4030,50,0,0
395444608,장송의 프리렌 15,장송의 프리렌,15,,,야마다 카네히토,학산문화사(만화),2026-06,6300,9.7,15110,73,2026-09-07T08:54:48+09:00,67,-6,15295,-185,0,0
309059685,판타지 배색 아이디어 사전,판타지 배색 아이디어 사전,,,- 세계관을 창조하는,사쿠라이 테루코,한즈미디어(한스미디어),2023-01,5630,10.0,5158,74,2026-09-07T08:54:48+09:00,94,20,4974,184,0,0
400365247,이거 그리고 죽어 8,이거 그리고 죽어,8,,- 초판 한정 : 띠지 + 일러스트 엽서 1종,토요다 미노루,대원씨아이(만화),2026-08,5400,10.0,5010,75,2026-09-07T08:54:48+09:00,55,-20,5040,-30,0,0
400340156,마끼아또의 일러스트 레벨업 테크닉,마끼아또의 일러스트 레벨업 테크닉,,,- 초보가 가장 많이 막히는 고민 해결집,마끼아또,AK(에이케이)커뮤니케이션즈,2026-08,19800,10.0,2910,76,2026-09-07T08:54:48+09:00,106,30,2130,780,0,0
400652816,블루 피리어드 7 (더블 특전판),블루 피리어드,7,더블 특전판,"- 초판 한정 일러스트 카드 1종 + 박티켓 책갈피 1종, 시프트코믹스",야마구치 츠바사,YNK MEDIA(만화),2026-08,5400,,4130,77,2026-09-07T08:54:48+09:00,51,-26,4390,-260,0,0
401009459,유감스러운 사랑의 주인공들 1,유감스러운 사랑의 주인공들,1,,,아와이 키사키,서울미디어코믹스(서울문화사),2026-08,5850,10.0,2840,78,2026-09-07T08:54:48+09:00,88,10,2390,450,0,0
236826464,소년과 두더지와 여우와 말,소년과 두더지와 여우와 말,,,,찰리 맥커시,상상의힘,2020-04,19800,9.5,59625,79,2026-09-07T08:54:48+09:00,57,-22,60776,-1151,0,0
399583956,명탐정 코난 108 (특장판),명탐정 코난,108,특장판,- 극장판 [하이웨이의 타천사] 티저 일러스트 아크릴 스탠드 + 어나더 커버 + 트레이딩 그래픽 컬렉션 카드 8종 중 랜덤 4종,아오야마 고쇼,서울미디어코믹스(서울문화사),2026-07,19800,10.0,16080,80,2026-09-07T08:54:48+09:00,78,-2,16455,-375,0,0
398738362,헬싱 한정판 1~5 세트 - 전5권,헬싱 한정판 1~5 세트 - 전5권,,,,히라노 코우타,AK(에이케이)커뮤니케이션즈,2026-08,67500,9.9,14760,81,2026-09-07T08:54:48+09:00,32,-49,16815,-2055,0,0
388083662,슈퍼 뒤에서 담배 피우는 두 사람 7,슈퍼 뒤에서 담배 피우는 두 사람,7,,- SL Comic,지누시,디앤씨미디어(주)(D&C미디어),2026-03,5850,9.3,11907,82,2026-09-07T08:54:48+09:00,72,-10,11921,-14,0,0
352187592,슈퍼 뒤에서 담배 피우는 두 사람 4,슈퍼 뒤에서 담배 피우는 두 사람,4,,- SL Comic,지누시,디앤씨미디어(주)(D&C미디어),2024-11,5400,9.8,10418,83,2026-09-07T08:54:48+09:00,73,-10,10452,-34,0,0
400707954,블루 자이언트 모멘텀 7,블루 자이언트 모멘텀,7,,,이시즈카 신이치,대원씨아이(만화),2026-08,5850,,4310,84,2026-09-07T08:54:48+09:00,52,-32,4560,-250,0,0
400647477,만화를 잘 그리기 위한 노하우 도감,만화를 잘 그리기 위한 노하우 도감,,,,사이드랜치(Sideranch),영진.com(영진닷컴),2026-08,18000,10.0,2840,85,2026-09-07T08:54:48+09:00,190,105,1220,1620,0,0
360200073,슈퍼 뒤에서 담배 피우는 두 사람 5,슈퍼 뒤에서 담배 피우는 두 사람,5,,- SL Comic,지누시,디앤씨미디어(주)(D&C미디어),2025-03,5850,9.4,11687,86,2026-09-07T08:54:48+09:00,90,4,11565,122,0,0
369848536,슈퍼 뒤에서 담배 피우는 두 사람 6,슈퍼 뒤에서 담배 피우는 두 사람,6,,- SL Comic,지누시,디앤씨미디어(주)(D&C미디어),2025-08,5850,10.0,10836,87,2026-09-07T08:54:48+09:00,79,-8,10616,220,0,0
320428870,슈퍼 뒤에서 담배 피우는 두 사람 1,슈퍼 뒤에서 담배 피우는 두 사람,1,,- SL Comic,지누시,디앤씨미디어(주)(D&C미디어),2023-07,5400,9.3,10371,88,2026-09-07T08:54:48+09:00,92,4,9927,444,0,0
400594291,유치원WARS 17,유치원WARS,17,,"- 초판특전: 아크릴 일러스트 카드, 더그 일러스트 카드",You Chiba,서울미디어코믹스(서울문화사),2026-08,5400,10.0,5280,89,2026-09-07T08:54:48+09:00,64,-25,5600,-320,0,0
401009364,소드 아트 온라인 29,소드 아트 온라인,29,,- J Novel,카와하라 레키,서울문화사,2026-08,7200,10.0,5170,90,2026-09-07T08:54:48+09:00,40,-50,5200,-30,0,0
400647677,아이돌라트리 1,아이돌라트리,1,,- 초판 한정 띠지 + 일러스트 pet 카드 1종,호마레,대원씨아이(만화),2026-08,6300,,3750,91,2026-09-07T08:54:48+09:00,84,-7,3660,90,0,0
400930515,뒤에 있는 카무이 씨 1,뒤에 있는 카무이 씨,1,,- S코믹스 Red,코노시로 신코,㈜소미미디어,2026-09,6300,,2470,92,2026-09-07T08:54:48+09:00,66,-26,2650,-180,0,0
401345069,"여친, 빌리겠습니다 45","여친, 빌리겠습니다",45,,,미야지마 레이지,학산문화사(만화),2026-09,5400,,1830,93,2026-09-07T08:54:48+09:00,249,156,1140,690,0,0
401462396,일주일에 한 번 클래스메이트를 사는 이야기 1,일주일에 한 번 클래스메이트를 사는 이야기,1,,"- SL Comic, 초판 한정 특전: 띠지, 일러스트 카드 3종",미기하라,디앤씨미디어(주)(D&C미디어),2026-09,6300,,1900,94,2026-09-07T08:54:48+09:00,,,,,1,0
401345465,CAT'S EYE 캣츠 아이 완전판 12,CAT'S EYE 캣츠 아이 완전판,12,,,호조 츠카사,학산문화사(만화),2026-09,9000,10.0,1630,95,2026-09-07T08:54:48+09:00,151,56,1450,180,0,0
401345421,카모노하시 론의 금단추리 18,카모노하시 론의 금단추리,18,,,아마노 아키라,학산문화사(만화),2026-09,5400,10.0,1740,96,2026-09-07T08:54:48+09:00,174,78,1400,340,0,0
398962987,주술회전 모듈로 1,주술회전 모듈로,1,,- 특급 사안 /초판 한정 캐릭터 일러스트 카드 3종 + 선착순 한정 포토카드 1종,Yuji Iwasaki,서울미디어코믹스(서울문화사),2026-07,6300,9.0,25630,97,2026-09-07T08:54:48+09:00,125,28,25260,370,0,0
397818232,오가미 츠미키와 기일상 7,오가미 츠미키와 기일상,7,,,모리시타 미유,학산문화사(만화),2026-07,5400,9.6,6125,98,2026-09-07T08:54:48+09:00,154,56,5115,1010,0,0
389928857,옆자리 녀석이 그런 눈으로 쳐다본다 2,옆자리 녀석이 그런 눈으로 쳐다본다,2,,,mmk,학산문화사(만화),2026-04,6300,9.8,6386,99,2026-09-07T08:54:48+09:00,60,-39,6486,-100,0,0
400856630,나나 NANA 완전판 12,나나 NANA 완전판,12,,"- 초판 한정 PP엽서 1종, 포토카드 1종",야자와 아이,학산문화사(만화),2026-08,10800,,4570,100,2026-09-07T08:54:48+09:00,62,-38,4560,10,0,0
393769452,불가항력의 I LOVE YOU 8,불가항력의 I LOVE YOU,8,,- 초판특전 : 포토카드 3종 세트,호시노 미즈키,서울미디어코믹스(서울문화사),2026-05,5400,9.7,18310,101,2026-09-07T08:54:48+09:00,82,-19,18325,-15,0,0
400707805,담배 고양이 6,담배 고양이,6,,,냥냥 팩토리,대원씨아이(만화),2026-08,5400,8.0,4140,102,2026-09-07T08:54:48+09:00,65,-37,4720,-580,0,0
400921125,사망 엔딩에서 벗어난 미연시의 히로인들이 내 【일기장】을 읽고 비밀을 알아챈 듯하다 1,사망 엔딩에서 벗어난 미연시의 히로인들이 내 【일기장】을 읽고 비밀을 알아챈 듯하다,1,,- S Novel,addict,㈜소미미디어,2026-09,7650,,3590,103,2026-09-07T08:54:48+09:00,71,-32,3870,-280,0,0
401420700,아마 그녀는 우리 형을 노리고 있을 거야 2,아마 그녀는 우리 형을 노리고 있을 거야,2,,,이세 마루노,서울미디어코믹스(서울문화사),2026-09,6300,,1610,104,2026-09-07T08:54:48+09:00,966,862,480,1130,0,0
401344866,더 화이팅 신장재편판 56,더 화이팅 신장재편판,56,,"- 수량 한정 특전 : PP 카드, 띠지",모리카와 조지,학산문화사(만화),2026-09,10800,,1540,105,2026-09-07T08:54:48+09:00,150,45,1420,120,0,0
401407531,소녀왕국 표류기 43,소녀왕국 표류기,43,,,후지시로 타케시,삼양출판사(만화),2026-08,4320,,1670,106,2026-09-07T08:54:48+09:00,316,210,1110,560,0,0
401247989,독점 마이 히어로 15,독점 마이 히어로,15,,- 코믹 라르고 Comic Largo,아리이 메메코,조은세상(북두),2026-09,5400,,1580,107,2026-09-07T08:54:48+09:00,96,-11,1630,-50,0,0
400647778,이토준지 자선 걸작집 Dark Colors,이토준지 자선 걸작집 Dark Colors,,,,이토 준지,미우(대원씨아이),2026-08,17100,5.0,4820,108,2026-09-07T08:54:48+09:00,75,-33,5340,-520,0,0
298959168,아이다이로 화집 지박소년 하나코 군 2,아이다이로 화집 지박소년 하나코 군,2,,,아이다이로,서울미디어코믹스(서울문화사),2022-08,16200,,3769,109,2026-09-07T08:54:48+09:00,105,-4,3721,48,0,0
390779612,야마다 군과 Lv999의 사랑을 하다 7,야마다 군과 Lv999의 사랑을 하다,7,,,마시로,디앤씨미디어(주)(D&C미디어),2026-04,7200,10.0,13777,110,2026-09-07T08:54:48+09:00,100,-10,13576,201,0,0
395840340,마남 이치 5 (트리플 특전판),마남 이치,5,트리플 특전판,- 홀로그램 일러스트 카드 2종 + 캐릭터 일러스트 카드,유사자키 시로,서울미디어코믹스(서울문화사),2026-06,6300,9.5,12615,111,2026-09-07T08:54:48+09:00,101,-10,12515,100,0,0
388349614,카구라바치 9 (더블특전판),카구라바치,9,더블특전판,"- 엔텐, 일러스트 시네마 티켓 + 요도 계약자 pp 북마크",호카조노 타케루,대원씨아이(만화),2026-03,5850,,11635,112,2026-09-07T08:54:48+09:00,175,63,11319,316,0,0
324439898,슈퍼 뒤에서 담배 피우는 두 사람 2,슈퍼 뒤에서 담배 피우는 두 사람,2,,- SL Comic,지누시,디앤씨미디어(주)(D&C미디어),2023-09,5400,9.4,9280,113,2026-09-07T08:54:48+09:00,113,0,8994,286,0,0
399782162,흑집사 35,흑집사,35,,,토보소 야나,학산문화사(만화),2026-08,5400,,8545,114,2026-09-07T08:54:48+09:00,74,-40,9100,-555,0,0
336001751,슈퍼 뒤에서 담배 피우는 두 사람 3,슈퍼 뒤에서 담배 피우는 두 사람,3,,- SL Comic,지누시,디앤씨미디어(주)(D&C미디어),2024-03,5400,9.8,8764,115,2026-09-07T08:54:48+09:00,114,-1,8608,156,0,0
400707957,여우 우리군 1 (특장판),여우 우리군,1,특장판,"- B愛 341, 일러스트 카드 5종(초회 한정 일러스트 카드 1종 포함) + 클리어 스탠드 + 스티커 + 폴라로이드형 포토카드 + 어나더 커버 + 별도 박스 포장",네아,대원씨아이(만화),2026-08,16200,10.0,3240,116,2026-09-07T08:54:48+09:00,86,-30,3470,-230,0,0
400662227,첫사랑은 나의 오빠 2,첫사랑은 나의 오빠,2,,,카스미 유코,서울미디어코믹스(서울문화사),2026-08,5850,,3760,117,2026-09-07T08:54:48+09:00,80,-37,4320,-560,0,0
400980854,현시연 신장판 1,현시연 신장판,1,,,키오 시모쿠,대원씨아이(만화),2026-08,13500,10.0,3070,118,2026-09-07T08:54:48+09:00,48,-70,3400,-330,0,0
400653146,세금으로 산 책 3,세금으로 산 책,3,,- 시프트코믹스,케이야마 케이,YNK MEDIA(만화),2026-08,5850,,3150,119,2026-09-07T08:54:48+09:00,77,-42,3240,-90,0,0
400653323,세금으로 산 책 4,세금으로 산 책,4,,- 시프트코믹스,케이야마 케이,YNK MEDIA(만화),2026-08,5850,,2990,120,2026-09-07T08:54:48+09:00,85,-35,3070,-80,0,0
375361063,44교시 생존수업 1,44교시 생존수업,1,,,상C,네이버웹툰,2025-12,14400,,2359,121,2026-09-07T08:54:48+09:00,415,294,1246,1113,0,0
388016420,스파이 패밀리 16,스파이 패밀리,16,,,엔도 타츠야,학산문화사(만화),2026-03,5400,9.7,20980,122,2026-09-07T08:54:48+09:00,116,-6,21161,-181,0,0
399781349,윈드 브레이커 15~16 세트 - 전2권,윈드 브레이커 15~16 세트 - 전2권,,,"- 초판한정부록 : 일러스트카드 1종, 아코디언카드 1종",니이 사토루,리디(RIDI),2026-08,10800,10.0,7545,123,2026-09-07T08:54:48+09:00,182,59,7285,260,0,0
397904178,새벽의 연화 47,새벽의 연화,47,,,미즈호 쿠사나기,학산문화사(만화),2026-07,5400,,5685,124,2026-09-07T08:54:48+09:00,102,-22,5875,-190,0,0
401406928,소녀왕국 표류기 42,소녀왕국 표류기,42,,,후지시로 타케시,삼양출판사(만화),2026-09,4320,,1400,125,2026-09-07T08:54:48+09:00,614,489,710,690,0,0
394124358,캐릭캐릭 체인지! Jewel Joker 주얼 조커 3,캐릭캐릭 체인지! Jewel Joker 주얼 조커,3,,- 초판 특전: 아르카나 학원 아크릴 일러스트 카드,PEACH-PIT,서울미디어코믹스(서울문화사),2026-05,5850,10.0,12810,126,2026-09-07T08:54:48+09:00,111,-15,12920,-110,0,0
398728364,마법소녀를 동경해서 6 (더블특전판),마법소녀를 동경해서,6,더블특전판,- 초판한정 : 일러스트 카드 1종 + SD 스티커 1종,오노나카 아키히로,대원씨아이(만화),2026-07,6750,,8020,127,2026-09-07T08:54:48+09:00,119,-8,8120,-100,0,0
396653507,마루는 강쥐 9,마루는 강쥐,9,,- 초판 한정 작가 친필 사인 인쇄본 + 초판 한정 표지 일러스트 엽서,모죠,문페이스,2026-08,14400,,6335,128,2026-09-07T08:54:48+09:00,121,-7,6335,0,0,0
399290739,메이드 인 어비스 14,메이드 인 어비스,14,,,츠쿠시 아키히토,미우(대원씨아이),2026-07,7200,,5765,129,2026-09-07T08:54:48+09:00,103,-26,5810,-45,0,0
400910174,이력서 3,이력서,3,,,유월,블루픽,2026-08,14220,10.0,3610,130,2026-09-07T08:54:48+09:00,76,-54,4070,-460,0,0
400594187,아마 그녀는 우리 형을 노리고 있을 거야 1,아마 그녀는 우리 형을 노리고 있을 거야,1,,"- 초판 특전 양면 일러스트카드, 양면 일러스트 코스터",이세 마루노,서울미디어코믹스(서울문화사),2026-08,6300,10.0,2420,131,2026-09-07T08:54:48+09:00,213,82,1990,430,0,0
401326372,풀 나이트 5,풀 나이트,5,,- S코믹스,야스다 카스미,㈜소미미디어,2026-09,6300,,1200,132,2026-09-07T08:54:48+09:00,173,41,1440,-240,0,0
397284418,슈퍼 러버즈 19,슈퍼 러버즈,19,,,아베 미유키,서울미디어코믹스(서울문화사),2026-07,5400,10.0,7980,133,2026-09-07T08:54:48+09:00,117,-16,8350,-370,0,0
400647796,이토준지 자선 걸작집 왜곡,이토준지 자선 걸작집 왜곡,,,,이토 준지,미우(대원씨아이),2026-08,14400,4.7,3710,134,2026-09-07T08:54:48+09:00,93,-41,3990,-280,0,0
400909443,창천항로 애장판 4,창천항로 애장판,4,,,킹곤타,대원씨아이(만화),2026-08,16200,,3560,135,2026-09-07T08:54:48+09:00,87,-48,3710,-150,0,0
400856525,애프터 갓 10,애프터 갓,10,,,에노 스미,대원씨아이(만화),2026-08,5400,10.0,2680,136,2026-09-07T08:54:48+09:00,188,52,2050,630,0,0
401462489,일주일에 한 번 클래스메이트를 사는 이야기 6,일주일에 한 번 클래스메이트를 사는 이야기,6,,- L Novel,하네다 우사,디앤씨미디어(주)(D&C미디어),2026-09,7650,,1860,137,2026-09-07T08:54:48+09:00,,,,,1,0
400981192,엇갈리는 중앙감정선,엇갈리는 중앙감정선,,,- 시무라 타카코 단편집,시무라 타카코,문학동네,2026-08,9000,,2030,138,2026-09-07T08:54:48+09:00,107,-31,1800,230,0,0
401325794,일승천금 3,일승천금,3,,- S코믹스,MAAM,㈜소미미디어,2026-09,6300,,1360,139,2026-09-07T08:54:48+09:00,220,81,1250,110,0,0
392518962,체인소 맨 23,체인소 맨,23,,,후지모토 타츠키,학산문화사(만화),2026-05,5400,9.1,16225,140,2026-09-07T08:54:48+09:00,133,-7,16280,-55,0,0
349202721,일러스트레이터를 위한 색과 빛 마스터 가이드북 : COLOR & LIGHT,일러스트레이터를 위한 색과 빛 마스터 가이드북 : COLOR & LIGHT,,,,3D토털 퍼블리싱,영진.com(영진닷컴),2024-10,28800,10.0,10979,141,2026-09-07T08:54:48+09:00,127,-14,11312,-333,0,0
399974955,GACHIAKUTA 18 (한정판),GACHIAKUTA,18,한정판,"- 아크릴 디오라마 + 빅스티커 SET(5매) + 스페셜 비주얼 보드, 포토카드SET(4매) + 일러스트 카드(일반판 부록과 동일) + 아웃박스",케이 우라나,학산문화사(만화),2026-08,39600,,9560,142,2026-09-07T08:54:48+09:00,68,-74,9810,-250,0,0
399580240,엄마를 만나러 가는 길 3,엄마를 만나러 가는 길,3,,- 초판 한정 부록: 포토카드 2장 + 작가님 친필사인 면지 인쇄본,고먕,네이버웹툰,2026-10,16020,,7715,143,2026-09-07T08:54:48+09:00,97,-46,8105,-390,0,0
396819581,나의 첫 섹파 1,나의 첫 섹파,1,,- 초회 수량한정 특장판 구성 (수량 소진 시 종료),유리카와,재담,2026-06,6300,,4305,144,2026-09-07T08:54:48+09:00,104,-40,4495,-190,0,0
400708280,발화 2,발화,2,,- 초판1쇄 한정 포토카드 2종,영재영,레진코믹스(레진엔터테인먼트),2026-08,15300,10.0,2840,145,2026-09-07T08:54:48+09:00,139,-6,2730,110,0,0
400980564,킬러의 최애 4,킬러의 최애,4,,,오시마 린타로,대원씨아이(만화),2026-08,6300,,1740,146,2026-09-07T08:54:48+09:00,171,25,1590,150,0,0
366362146,엄마를 만나러 가는 길 1,엄마를 만나러 가는 길,1,,,고먕,네이버웹툰,2025-08,16020,10.0,15032,147,2026-09-07T08:54:48+09:00,110,-37,15658,-626,0,0
366362586,엄마를 만나러 가는 길 2,엄마를 만나러 가는 길,2,,,고먕,네이버웹툰,2025-08,16020,10.0,14546,148,2026-09-07T08:54:48+09:00,141,-7,14933,-387,0,0
396369059,향기로운 꽃은 늠름하게 핀다 21,향기로운 꽃은 늠름하게 핀다,21,,- 띠지 + 초판한정 일러스트 엽서 1종,미카미 사카,대원씨아이(만화),2026-06,6300,,12470,149,2026-09-07T08:54:48+09:00,112,-37,12575,-105,0,0
398867421,찍히지 않습니다 7,찍히지 않습니다,7,,"- S코믹스 /초판 한정 일러스트 카드, 폴라로이드 사진풍 카드 2종",코노시마 루카,㈜소미미디어,2026-08,6300,10.0,9790,150,2026-09-07T08:54:48+09:00,136,-14,9920,-130,0,0
393809247,사피엔스 : 그래픽 히스토리 Vol.4,사피엔스 : 그래픽 히스토리 Vol.4,,,- 혁명의 시대,,김영사,2026-05,17820,,7560,151,2026-09-07T08:54:48+09:00,120,-31,7755,-195,0,0
391456890,순경씨와 나 1,순경씨와 나,1,,,나오키 유우,대원씨아이(만화),2026-04,6300,9.6,7431,152,2026-09-07T08:54:48+09:00,200,48,7354,77,0,0
399580402,엄마를 만나러 가는 길 4,엄마를 만나러 가는 길,4,,- 초판 한정 부록: 포토카드 2장 + 작가님 친필사인 면지 인쇄본,고먕,네이버웹툰,2026-10,16020,,7210,153,2026-09-07T08:54:48+09:00,118,-35,7570,-360,0,0
400668931,커다란 네가 제일 귀여워 (한정판),커다란 네가 제일 귀여워,,한정판,"- 일러스트 메모패드, 작가님 사인 포토카드 2종, 빅 클리어 카드 2종, 일러스트 카드, 라르고 맥스 Largo Max",유키하루,조은세상(북두),2026-08,9900,10.0,2870,154,2026-09-07T08:54:48+09:00,122,-32,2880,-10,0,0
400707990,여우 우리군 1,여우 우리군,1,,- B愛 341,네아,대원씨아이(만화),2026-08,6300,,2210,155,2026-09-07T08:54:48+09:00,140,-15,2180,30,0,0
401461896,픽미업 5 (한정판),픽미업,5,한정판,"- 구성:단행본, 캐릭터 카드 1종(제나/초판한정), 워터 글리터, 엽서 3종, 북마크 2종",헤르모드,에이템포미디어,2026-09,32850,,1360,156,2026-09-07T08:54:48+09:00,,,,,1,0
400909388,겁쟁이페달 95,겁쟁이페달,95,,,와타나베 와타루,대원씨아이(만화),2026-08,4950,,1810,157,2026-09-07T08:54:48+09:00,172,15,1540,270,0,0
337054427,패밀리 레스토랑 가자. 上,패밀리 레스토랑 가자. 上,,,,와야마 야마,문학동네,2024-04,7650,9.7,31117,158,2026-09-07T08:54:48+09:00,132,-26,31346,-229,0,0
292511593,가라오케 가자!,가라오케 가자!,,,,와야마 야마,문학동네,2022-04,7650,9.6,28570,159,2026-09-07T08:54:48+09:00,161,2,28646,-76,0,0
256860565,사피엔스 : 그래픽 히스토리 Vol.1,사피엔스 : 그래픽 히스토리 Vol.1,,,- 인류의 탄생,,김영사,2020-11,17820,9.4,25848,160,2026-09-07T08:54:48+09:00,222,62,26251,-403,0,0
390778469,원펀맨 One Punch Man 34,원펀맨 One Punch Man,34,,- 여명,ONE,대원씨아이(만화),2026-04,5400,9.2,13454,161,2026-09-07T08:54:48+09:00,142,-19,13633,-179,0,0
353810399,헌터x헌터 HunterXHunter 신장판 38,헌터x헌터 HunterXHunter 신장판,38,,,토가시 요시히로,학산문화사(만화),2024-12,5400,9.8,10500,162,2026-09-07T08:54:48+09:00,177,15,10576,-76,0,0
341684925,불가항력의 I LOVE YOU 1,불가항력의 I LOVE YOU,1,,,호시노 미즈키,서울미디어코믹스(서울문화사),2024-06,5400,9.6,9019,163,2026-09-07T08:54:48+09:00,178,15,9221,-202,0,0
394045519,아멜리아의 호기심 많은 로맨스 2,아멜리아의 호기심 많은 로맨스,2,,- 루나 코믹스,코하쿠 요루,㈜소미미디어,2026-06,6300,10.0,8990,164,2026-09-07T08:54:48+09:00,166,2,9180,-190,0,0
342785369,불가항력의 I LOVE YOU 2,불가항력의 I LOVE YOU,2,,,호시노 미즈키,서울미디어코믹스(서울문화사),2024-07,5400,9.4,8417,165,2026-09-07T08:54:48+09:00,153,-12,8596,-179,0,0
385131682,야마다 군과 Lv999의 사랑을 하다 6,야마다 군과 Lv999의 사랑을 하다,6,,,마시로,디앤씨미디어(주)(D&C미디어),2026-01,7200,9.8,6819,166,2026-09-07T08:54:48+09:00,229,63,6557,262,0,0
297448639,방과 후 소년 하나코 군,방과 후 소년 하나코 군,,,,아이다이로,서울미디어코믹스(서울문화사),2022-07,5400,10.0,5995,167,2026-09-07T08:54:48+09:00,168,1,5941,54,0,0
400157314,2120,2120,,,,조지 와일솔,프시케의숲,2026-08,27000,10.0,3320,168,2026-09-07T08:54:48+09:00,145,-23,3140,180,0,0
400878309,온통 여우 1,온통 여우,1,,- 초판 한정 특전 : 일러스트 카드 2종,Ayami Morinaga,서울미디어코믹스(서울문화사),2026-08,6750,10.0,2330,169,2026-09-07T08:54:48+09:00,95,-74,2460,-130,0,0
401326413,마가이모노 2,마가이모노,2,,"- 위작, S코믹스",쿠로카와 유미,㈜소미미디어,2026-09,8100,,1110,170,2026-09-07T08:54:48+09:00,276,106,950,160,0,0
391828072,열혈강호 95,열혈강호,95,,,전극진,대원씨아이(만화),2026-04,4950,9.6,12612,171,2026-09-07T08:54:48+09:00,251,80,12708,-96,0,0
393311014,히카루가 죽은 여름 8,히카루가 죽은 여름,8,,"- SL Comic, 초판 한정 특전 띠지, 일러스트 카드 & 클리어 일러스트 카드 세트 (2종 중 1종)",모쿠모쿠렌,디앤씨미디어(주)(D&C미디어),2026-05,6300,9.7,11785,172,2026-09-07T08:54:48+09:00,195,23,11900,-115,0,0
384585231,불가항력의 I LOVE YOU 7,불가항력의 I LOVE YOU,7,,,호시노 미즈키,서울미디어코믹스(서울문화사),2026-01,5400,9.4,10938,173,2026-09-07T08:54:48+09:00,176,3,11275,-337,0,0
390776539,3월의 라이온 18,3월의 라이온,18,,,우미노 치카,시리얼(학산문화사),2026-04,7200,10.0,10913,174,2026-09-07T08:54:48+09:00,143,-31,10894,19,0,0
362375950,불가항력의 I LOVE YOU 4,불가항력의 I LOVE YOU,4,,,호시노 미즈키,서울미디어코믹스(서울문화사),2025-04,5400,9.7,10573,175,2026-09-07T08:54:48+09:00,165,-10,10768,-195,0,0
374965771,불가항력의 I LOVE YOU 6,불가항력의 I LOVE YOU,6,,,호시노 미즈키,서울미디어코믹스(서울문화사),2025-10,5400,9.7,9080,176,2026-09-07T08:54:48+09:00,180,4,9184,-104,0,0
345263957,카구라바치 1,카구라바치,1,,,호카조노 타케루,대원씨아이(만화),2024-08,5850,9.2,6770,177,2026-09-07T08:54:48+09:00,529,352,6347,423,0,0
385131551,야마다 군과 Lv999의 사랑을 하다 5,야마다 군과 Lv999의 사랑을 하다,5,,,마시로,디앤씨미디어(주)(D&C미디어),2026-01,7200,9.8,6736,178,2026-09-07T08:54:48+09:00,228,50,6578,158,0,0
378051373,카구라바치 8,카구라바치,8,,,호카조노 타케루,대원씨아이(만화),2025-11,5850,,3025,179,2026-09-07T08:54:48+09:00,569,390,2475,550,0,0
400543400,그랑블루 26,그랑블루,26,,,요시오카 키미타게,대원씨아이(만화),2026-08,4950,,2820,180,2026-09-07T08:54:48+09:00,98,-82,3100,-280,0,0
401462424,왕의 프러포즈 8,왕의 프러포즈,8,,- L Novel,타치바나 코우시,디앤씨미디어(주)(D&C미디어),2026-09,7650,,1550,181,2026-09-07T08:54:48+09:00,,,,,1,0
401463566,블레이드 & 바스타드 7,블레이드 & 바스타드,7,,- SL Comic,후게츠 마코토,디앤씨미디어(주)(D&C미디어),2026-09,6300,,1170,182,2026-09-07T08:54:48+09:00,,,,,1,0
401510780,사죠 리히토의 아버지와 그의 부하 - 하,사죠 리히토의 아버지와 그의 부하 - 하,,,- 코믹 라르고 Comic Largo,나카무라 아스미코,조은세상(북두),2026-10,6300,,1250,183,2026-09-07T08:54:48+09:00,,,,,1,0
401510761,사죠 리히토의 아버지와 그의 부하 - 상,사죠 리히토의 아버지와 그의 부하 - 상,,,- 코믹 라르고 Comic Largo,나카무라 아스미코,조은세상(북두),2026-10,6300,,1250,184,2026-09-07T08:54:48+09:00,,,,,1,0
401131327,월간 트릴레마 1,월간 트릴레마,1,,,타치바나 로쿠,재담,2026-08,7200,4.0,940,185,2026-09-07T08:54:48+09:00,221,36,900,40,0,0
401325888,"네가 울부짖기 위한 노래를, 3","네가 울부짖기 위한 노래를,",3,,- S코믹스,카시카제,㈜소미미디어,2026-09,6300,,1030,186,2026-09-07T08:54:48+09:00,612,426,590,440,0,0
398736065,너와 장밋빛 매일 3 (트리플 특전판),너와 장밋빛 매일,3,트리플 특전판,- 초판 한정 트리플 특전: 아크릴 일러스트 카드 + 일러스트 카드 + 폴라로이드 카드,히로 치히로,서울미디어코믹스(서울문화사),2026-07,5400,10.0,23730,187,2026-09-07T08:54:48+09:00,109,-78,24235,-505,0,0
398221799,메달리스트 14,메달리스트,14,,,츠루마이카다,학산문화사(만화),2026-07,5400,10.0,16430,188,2026-09-07T08:54:48+09:00,250,62,16400,30,0,0
392518622,타몬 군 지금 어느 쪽?! 12,타몬 군 지금 어느 쪽?!,12,,,시와스 유키,학산문화사(만화),2026-05,5400,10.0,15080,189,2026-09-07T08:54:48+09:00,163,-26,14980,100,0,0
322919098,향기로운 꽃은 늠름하게 핀다 1,향기로운 꽃은 늠름하게 핀다,1,,,미카미 사카,대원씨아이(만화),2023-08,5400,9.7,9790,190,2026-09-07T08:54:48+09:00,144,-46,9777,13,0,0
399402787,얼굴만으론 좋아할 수 없어요 17,얼굴만으론 좋아할 수 없어요,17,,"- 한국 한정 오리지널 일러스트 양면 커버, 초판 한정 SNS풍 주인공 커플 일러스트 카드, 졸업식 일러스트 카드",안자이 카린,서울미디어코믹스(서울문화사),2026-07,5400,,9630,191,2026-09-07T08:54:48+09:00,196,5,9750,-120,0,0
315020417,헌터x헌터 HunterXHunter 신장판 37,헌터x헌터 HunterXHunter 신장판,37,,,토가시 요시히로,학산문화사(만화),2023-04,5400,10.0,9237,192,2026-09-07T08:54:48+09:00,167,-25,9391,-154,0,0
399050948,세금으로 산 책 1,세금으로 산 책,1,,- 시프트코믹스,케이야마 케이,YNK MEDIA(만화),2026-07,5850,10.0,5390,193,2026-09-07T08:54:48+09:00,186,-7,5320,70,0,0
280599591,지박소년 하나코 군 0,지박소년 하나코 군,0,,,아이다이로,서울미디어코믹스(서울문화사),2021-10,5400,9.0,5559,194,2026-09-07T08:54:48+09:00,233,39,5238,321,0,0
400247736,만화 인소의 법칙 9 (한정판),만화 인소의 법칙,9,한정판,- 구성: 단행본 + 은지호 PET 스탠드 + 우주인 학생증 + 신용카드 스티커 2종 + 엽서 4종 + 미니 표지 아크릴 키링,아현,디앤씨웹툰비즈,2026-08,25200,,3770,195,2026-09-07T08:54:48+09:00,155,-40,3910,-140,0,0
385522768,옆자리 녀석이 그런 눈으로 쳐다본다 1,옆자리 녀석이 그런 눈으로 쳐다본다,1,,,mmk,학산문화사(만화),2026-02,6300,,4193,196,2026-09-07T08:54:48+09:00,169,-27,3935,258,0,0
400307585,재혼황후 11,재혼황후,11,,- 만화,히어리,영컴(YOUNG COM),2026-08,15120,,2210,197,2026-09-07T08:54:48+09:00,304,107,2090,120,0,0
401097577,"다른 학교 얼음공주를 구했더니, 친구부터 시작하게 되었습니다 2","다른 학교 얼음공주를 구했더니, 친구부터 시작하게 되었습니다",2,,,사츠키 히류,오팬스노벨,2026-08,7650,,2060,198,2026-09-07T08:54:48+09:00,89,-109,2550,-490,0,0
399465061,신석기 시대부터 AI 시대까지 만화로 꿰뚫는 경제사,신석기 시대부터 AI 시대까지 만화로 꿰뚫는 경제사,,,- 물질적 풍요는 우리를 행복하게 만들었을까,,클,2026-08,19800,10.0,1955,199,2026-09-07T08:54:48+09:00,147,-52,2075,-120,0,0
401461917,픽미업 5,픽미업,5,,,헤르모드,에이템포미디어,2026-09,14850,,980,200,2026-09-07T08:54:48+09:00,,,,,1,0
400909336,라면 재유기 13,라면 재유기,13,,,쿠베 로쿠로,대원씨아이(만화),2026-08,5850,,1230,201,2026-09-07T08:54:48+09:00,191,-10,1190,40,0,0
401345371,우리들은 모두 *어 있다 3,우리들은 모두 *어 있다,3,,,킨다이치 렌쥬로,학산문화사(만화),2026-09,5400,,920,202,2026-09-07T08:54:48+09:00,613,411,620,300,0,0
375361274,44교시 생존수업 2,44교시 생존수업,2,,,상C,네이버웹툰,2025-12,14400,,1725,203,2026-09-07T08:54:48+09:00,,,,,1,0
401247968,멜로에 빠진 직장인은 안일하다,멜로에 빠진 직장인은 안일하다,,,- 라르고 맥스 Largo Max,우지이,조은세상(북두),2026-09,5400,,850,204,2026-09-07T08:54:48+09:00,246,42,860,-10,0,0
384420875,원피스 113,원피스,113,,- 로키탄생,오다 에이치로,대원씨아이(만화),2026-01,5850,9.9,24106,205,2026-09-07T08:54:48+09:00,91,-114,24648,-542,0,0
392509863,아름다운 초저녁달 10,아름다운 초저녁달,10,,,야마모리 미카,학산문화사(만화),2026-05,5400,9.5,10123,206,2026-09-07T08:54:48+09:00,224,18,9970,153,0,0
368087158,불가항력의 I LOVE YOU 5,불가항력의 I LOVE YOU,5,,,호시노 미즈키,서울미디어코믹스(서울문화사),2025-07,5400,9.5,9214,207,2026-09-07T08:54:48+09:00,179,-28,9298,-84,0,0
353421098,불가항력의 I LOVE YOU 3,불가항력의 I LOVE YOU,3,,,호시노 미즈키,서울미디어코믹스(서울문화사),2024-12,5400,9.3,7809,208,2026-09-07T08:54:48+09:00,198,-10,7970,-161,0,0
392472930,던전에서 만남을 추구하면 안 되는 걸까 21 (소책자 특장판),던전에서 만남을 추구하면 안 되는 걸까,21,소책자 특장판,- S Novel,오모리 후지노,㈜소미미디어,2026-05,18000,9.3,6410,209,2026-09-07T08:54:48+09:00,230,21,6575,-165,0,0
400225135,"내가 연인이 될 수 있을 리 없잖아, 무리무리! (※무리가 아니었다?!) 8","내가 연인이 될 수 있을 리 없잖아, 무리무리! (※무리가 아니었다?!)",8,,"- S Novel+ , 초판 한정 책갈피, 쇼트스토리 소책자",미카미 테렌,㈜소미미디어,2026-08,9450,10.0,6050,210,2026-09-07T08:54:48+09:00,203,-7,6360,-310,0,0
397294534,비교하고 검토하는 교열부의 쿠쥬 씨 1,비교하고 검토하는 교열부의 쿠쥬 씨,1,,,고이시 유카,서교책방,2026-07,11520,9.7,4065,211,2026-09-07T08:54:48+09:00,266,55,4480,-415,0,0
400245347,버서스 6,버서스,6,,,아즈마 쿄타로,학산문화사(만화),2026-08,5400,,3970,212,2026-09-07T08:54:48+09:00,129,-83,4130,-160,0,0
399451773,숨막힐 정도의 사랑을 줄게 7,숨막힐 정도의 사랑을 줄게,7,,,이와시타 케이코,대원씨아이(만화),2026-07,5400,,3820,213,2026-09-07T08:54:48+09:00,267,54,3895,-75,0,0
400229048,사토 씨의 친구,사토 씨의 친구,,,,마스다 미리,이봄,2026-08,13500,9.0,3430,214,2026-09-07T08:54:48+09:00,130,-84,3870,-440,0,0
399973698,시노비고토 7,시노비고토,7,,,미타라시 산타,학산문화사(만화),2026-08,6300,,2840,215,2026-09-07T08:54:48+09:00,344,129,2640,200,0,0
400585742,아메와 우미 1,아메와 우미,1,,"- S코믹스, 초판 한정 양면 일러스트 카드 2종(도서 내 래핑)",야마카타 아츠카,㈜소미미디어,2026-08,6300,10.0,2490,216,2026-09-07T08:54:48+09:00,157,-59,2620,-130,0,0
400594114,못 미더운 악녀입니다만 : ~추궁접서 교체전~ 10,못 미더운 악녀입니다만 : ~추궁접서 교체전~,10,,,EI Ohitsuji,서울미디어코믹스(서울문화사),2026-08,6300,10.0,2350,217,2026-09-07T08:54:48+09:00,211,-6,2500,-150,0,0
400545629,파인더의 도피행,파인더의 도피행,,,- 뉴 루비코믹스 3165,야마네 아야노,현대지능개발사,2026-08,7830,,2120,218,2026-09-07T08:54:48+09:00,243,25,2160,-40,0,0
401097694,피가 이어지지 않은 우리가 가족이 되는 단 하나의 방법 1,피가 이어지지 않은 우리가 가족이 되는 단 하나의 방법,1,,,히바리유,오팬스노벨,2026-08,7650,,1800,219,2026-09-07T08:54:48+09:00,108,-111,2170,-370,0,0
400958916,11번째 고양이는 네네 2,11번째 고양이는 네네,2,,,하리카모,오팬스코믹,2026-08,6300,,1430,220,2026-09-07T08:54:48+09:00,159,-61,1520,-90,0,0
401348066,사랑하는 립 틴트 4,사랑하는 립 틴트,4,,,쿠스노키 나나,학산문화사(만화),2026-09,6300,,970,221,2026-09-07T08:54:48+09:00,,,,,1,0
401405266,상남자 2,상남자,2,,,하늘소,재담,2026-09,14400,,920,222,2026-09-07T08:54:48+09:00,513,291,810,110,0,0
401248068,"달은 차고 이지러져, 짐승의 사랑 신장판","달은 차고 이지러져, 짐승의 사랑 신장판",,,- 라르고 맥스 Largo Max,노지로 구리,조은세상(북두),2026-09,5850,,900,223,2026-09-07T08:54:48+09:00,420,197,630,270,0,0
373383665,언제나 기억해,언제나 기억해,,,"- 소년과 두더지와 여우와 말, 그리고 폭풍우",찰리 맥커시,상상의힘,2025-10,19800,10.0,17576,224,2026-09-07T08:54:48+09:00,152,-72,17803,-227,0,0
385946226,만화의 원리,만화의 원리,,,,이리에 아키,대원씨아이(만화),2026-02,21600,9.4,16752,225,2026-09-07T08:54:48+09:00,223,-2,17339,-587,0,0
399924966,팬텀 버스터즈 7 (한정판),팬텀 버스터즈,7,한정판,"- CD 라벨풍 스티커 + CD 자켓풍 일러스트 카드 2종 + 아크릴 키링 4종, M형 티켓 + 양면 어나더 커버 + 초판 한정 일러스트 카드, S코믹스",네오쇼코,㈜소미미디어,2026-08,27000,,12405,226,2026-09-07T08:54:48+09:00,193,-33,13900,-1495,0,0
385786461,스킵과 로퍼 11 (더블 특전판),스킵과 로퍼,11,더블 특전판,"- 미츠미 아크릴 POP + 명장면 흑백 스티커 4종 (초판 특전), 시프트코믹스",타카마츠 미사키,YNK MEDIA(만화),2026-02,5400,8.4,11428,227,2026-09-07T08:54:48+09:00,252,25,11614,-186,0,0
327563621,향기로운 꽃은 늠름하게 핀다 2,향기로운 꽃은 늠름하게 핀다,2,,,미카미 사카,대원씨아이(만화),2023-10,5400,9.8,8484,228,2026-09-07T08:54:48+09:00,181,-47,8471,13,0,0
396563591,히나타의 블루 6,히나타의 블루,6,,"- 완결, 루나 코믹스 / 초판 한정 양면 어나더 커버, 렌티큘러 카드, 일러스트 카드",메구로 아무,㈜소미미디어,2026-07,6300,10.0,7435,229,2026-09-07T08:54:48+09:00,326,97,7525,-90,0,0
399782210,운명의 사람을 만나는 이야기 8,운명의 사람을 만나는 이야기,8,,,아나신,학산문화사(만화),2026-08,5400,10.0,7165,230,2026-09-07T08:54:48+09:00,137,-93,7835,-670,0,0
350054497,카구라바치 2,카구라바치,2,,- 엔텐 VS 쿠레구모,호카조노 타케루,대원씨아이(만화),2024-10,5850,9.3,5237,231,2026-09-07T08:54:48+09:00,,,,,1,0
385131522,야마다 군과 Lv999의 사랑을 하다 4,야마다 군과 Lv999의 사랑을 하다,4,,,마시로,디앤씨미디어(주)(D&C미디어),2026-01,7200,9.8,5326,232,2026-09-07T08:54:48+09:00,260,28,5316,10,0,0
388852450,담배 고양이 1,담배 고양이,1,,,냥냥 팩토리,대원씨아이(만화),2026-03,5400,10.0,5427,233,2026-09-07T08:54:48+09:00,290,57,5241,186,0,0
395357976,Veil 7,Veil,7,,"- S코믹스, JAPAN EXPO 최우수작화상, 최우수장정상 수상",코테리,㈜소미미디어,2026-06,11520,9.4,4290,234,2026-09-07T08:54:48+09:00,262,28,4535,-245,0,0
305148069,장례식 케이크 전문점 연옥당 2,장례식 케이크 전문점 연옥당,2,,- 양장,산호,문학동네,2022-11,18900,10.0,3569,235,2026-09-07T08:54:48+09:00,208,-27,3959,-390,0,0
397818353,너를 너무너무너무너무 좋아하는 100명의 그녀 24,너를 너무너무너무너무 좋아하는 100명의 그녀,24,,,나카무라 리키토,학산문화사(만화),2026-07,5400,10.0,2505,236,2026-09-07T08:54:48+09:00,272,36,2670,-165,0,0
400669134,반에서 두 번째로 귀여운 여자애와 친구가 되었다 6,반에서 두 번째로 귀여운 여자애와 친구가 되었다,6,,"- 왈츠 코믹스, 초판 한정 특전 : 일러스트 카드 1종, 포토카드 2종",오노 린,조은세상(북두),2026-08,5400,,1620,237,2026-09-07T08:54:48+09:00,214,-23,1690,-70,0,0
401041961,산가지는 도깨비의 꿈을 꾼다 5,산가지는 도깨비의 꿈을 꾼다,5,,,LAPIS,다산코믹스,2026-08,18000,,1750,238,2026-09-07T08:54:48+09:00,217,-21,1650,100,0,0
401042641,고랭순대 작품집 7,고랭순대 작품집,7,,,고랭순대,대원씨아이(만화),2026-08,13500,,1240,239,2026-09-07T08:54:48+09:00,131,-108,1320,-80,0,0
374014339,명탐정 코난 : 1일 1쪽 뇌 자극 수학 추리 초급편 151문,명탐정 코난 : 1일 1쪽 뇌 자극 수학 추리 초급편 151문,,,,아오야마 고쇼,서울미디어코믹스(서울문화사),2025-10,13500,10.0,1438,240,2026-09-07T08:54:48+09:00,315,75,1608,-170,0,0
401406768,눈물비와 세레나데 14,눈물비와 세레나데,14,,- 완결,카와치 하루카,삼양출판사(만화),2026-08,6300,,810,241,2026-09-07T08:54:48+09:00,967,726,510,300,0,0
401049303,냄비로 총알을 막아내며 2,냄비로 총알을 막아내며,2,,,아오키 준타로,블루픽,2026-08,7200,,1000,242,2026-09-07T08:54:48+09:00,280,38,830,170,0,0
400880249,파도였던 날들,파도였던 날들,,,,AJ 덩고,미메시스,2026-09,25200,10.0,1060,243,2026-09-07T08:54:48+09:00,361,118,620,440,0,0
193382764,페르세폴리스,페르세폴리스,,,,마르얀 사트라피,휴머니스트,2019-06,28800,8.6,14350,244,2026-09-07T08:54:48+09:00,192,-52,15055,-705,0,0
393769371,가르쳐줘 집사 2,가르쳐줘 집사,2,,,마사키 미치,서울미디어코믹스(서울문화사),2026-05,6300,9.7,13380,245,2026-09-07T08:54:48+09:00,281,36,13225,155,0,0
369786330,마남 이치 1 (트리플 특전판),마남 이치,1,트리플 특전판,- 홀로그램 일러스트 카드 2종 + 아크릴 일러스트 카드 1종,유사자키 시로,서울미디어코믹스(서울문화사),2025-08,6300,9.6,9688,246,2026-09-07T08:54:48+09:00,282,36,9532,156,0,0
388137331,3월의 벽력 1,3월의 벽력,1,,,이케 준코,대원씨아이(만화),2026-03,5400,9.5,8223,247,2026-09-07T08:54:48+09:00,283,36,8113,110,0,0
323339691,주술회전 23,주술회전,23,,- 별과 기름,아쿠타미 게게,서울미디어코믹스(서울문화사),2023-08,5400,9.9,7936,248,2026-09-07T08:54:48+09:00,257,9,7708,228,0,0
343487620,향기로운 꽃은 늠름하게 핀다 10,향기로운 꽃은 늠름하게 핀다,10,,,미카미 사카,대원씨아이(만화),2024-07,5400,9.9,7335,249,2026-09-07T08:54:48+09:00,201,-48,7232,103,0,0
350620490,향기로운 꽃은 늠름하게 핀다 11,향기로운 꽃은 늠름하게 핀다,11,,,미카미 사카,대원씨아이(만화),2024-10,5400,9.8,7203,250,2026-09-07T08:54:48+09:00,183,-67,7152,51,0,0
399055597,Re : 제로부터 시작하는 이세계 생활 43,Re : 제로부터 시작하는 이세계 생활,43,,"- Novel Engine / 초판한정 특별부록 : 띠지, 일러스트 카드",나가츠키 탓페이,데이즈엔터(주),2026-08,7200,,5800,251,2026-09-07T08:54:48+09:00,204,-47,5780,20,0,0
393753728,수상한 경찰 1 (트리플 특전판),수상한 경찰,1,트리플 특전판,- 초판한정 일러스트 북마크 1종 + 일러스트 엽서 4종 + 캐릭터 프로필 카드 4종,무키시츠,대원씨아이(만화),2026-05,9000,9.6,5455,252,2026-09-07T08:54:48+09:00,261,9,5325,130,0,0
280599653,지박소년 하나코 군 1,지박소년 하나코 군,1,,,아이다이로,서울미디어코믹스(서울문화사),2021-10,5400,10.0,5505,253,2026-09-07T08:54:48+09:00,331,78,5556,-51,0,0
373999390,야마다 군과 Lv999의 사랑을 하다 3,야마다 군과 Lv999의 사랑을 하다,3,,,마시로,디앤씨미디어(주)(D&C미디어),2025-09,7200,9.8,5071,254,2026-09-07T08:54:48+09:00,205,-49,5092,-21,0,0
373999147,야마다 군과 Lv999의 사랑을 하다 2,야마다 군과 Lv999의 사랑을 하다,2,,,마시로,디앤씨미디어(주)(D&C미디어),2025-09,7200,9.8,5057,255,2026-09-07T08:54:48+09:00,234,-21,5047,10,0,0
399404721,오디세이아를 한 번도 안 읽어 볼 수는 없잖아,오디세이아를 한 번도 안 읽어 볼 수는 없잖아,,,,Team. StoryG,oldstairs(올드스테어즈),2026-07,21600,9.3,3760,256,2026-09-07T08:54:48+09:00,236,-20,4330,-570,0,0
284922100,장례식 케이크 전문점 연옥당 1,장례식 케이크 전문점 연옥당,1,,- 양장,산호,문학동네,2021-12,17100,10.0,3751,257,2026-09-07T08:54:48+09:00,238,-19,4124,-373,0,0
339953506,방과 후 소년 하나코 군 2,방과 후 소년 하나코 군,2,,,아이다이로,서울미디어코믹스(서울문화사),2024-05,5400,,2651,258,2026-09-07T08:54:48+09:00,300,42,2592,59,0,0
400150238,남편을 내 편으로 만드는 방법 5,남편을 내 편으로 만드는 방법,5,,,시루,캐롯툰,2026-10,14400,10.0,2240,259,2026-09-07T08:54:48+09:00,242,-17,2250,-10,0,0
395945478,향기로운 꽃은 늠름하게 핀다 9,향기로운 꽃은 늠름하게 핀다,9,,,미카미 사카,대원씨아이(만화),2026-06,6300,,1995,260,2026-09-07T08:54:48+09:00,215,-45,1895,100,0,0
401462900,갸루에게 상냥한 오타쿠 군 6,갸루에게 상냥한 오타쿠 군,6,,- SL Comic,소츄,디앤씨미디어(주)(D&C미디어),2026-09,6300,,860,261,2026-09-07T08:54:48+09:00,,,,,1,0
401049347,냄비로 총알을 막아내며 3,냄비로 총알을 막아내며,3,,,아오키 준타로,블루픽,2026-08,7200,,950,262,2026-09-07T08:54:48+09:00,279,17,830,120,0,0
401345304,사령 마술의 용의자 3,사령 마술의 용의자,3,,,오니오,학산문화사(만화),2026-09,6300,,810,263,2026-09-07T08:54:48+09:00,422,159,1060,-250,0,0
400930360,마로니에 왕국의 7인의 기사 7,마로니에 왕국의 7인의 기사,7,,,이와모토 나오,㈜소미미디어,2026-09,6300,,890,264,2026-09-07T08:54:48+09:00,312,48,920,-30,0,0
401369571,바라메 강림하여 주소서 2,바라메 강림하여 주소서,2,,"- 초판 부록: 포토카드 1매, 책갈피 1매, 띠지",백상언,레진코믹스(레진엔터테인먼트),2026-09,15300,,720,265,2026-09-07T08:54:48+09:00,605,340,530,190,0,0
401325950,타이카의 이성 3,타이카의 이성,3,,- S코믹스,이타가키 파루,㈜소미미디어,2026-09,6300,,700,266,2026-09-07T08:54:48+09:00,314,48,840,-140,0,0
391479763,"사랑하라, 거짓된 천사들이여 6","사랑하라, 거짓된 천사들이여",6,,- 초판 한정 특전 : 양면 일러스트 카드 2종(지류),Coco Uzuki,서울미디어코믹스(서울문화사),2026-04,5400,10.0,9801,267,2026-09-07T08:54:48+09:00,521,254,9543,258,0,0
2308089,만화의 이해,만화의 이해,,,,스콧 맥클라우드,비즈앤비즈,2008-07,17100,9.8,9256,268,2026-09-07T08:54:48+09:00,434,166,9161,95,0,0
298605858,헌터x헌터 HunterXHunter 신장판 36,헌터x헌터 HunterXHunter 신장판,36,,,토가시 요시히로,학산문화사(만화),2020-03,5400,,7891,269,2026-09-07T08:54:48+09:00,226,-43,7964,-73,0,0
398836243,TV애니메이션 주술회전 회옥·옥절/시부야 사변 공식 가이드북,TV애니메이션 주술회전 회옥·옥절/시부야 사변 공식 가이드북,,,- 초판 한정 : 책갈피 2종,아쿠타미 게게,서울미디어코믹스(서울문화사),2026-07,24300,10.0,7655,270,2026-09-07T08:54:48+09:00,325,55,7585,70,0,0
400150223,남편을 내 편으로 만드는 방법 5 (한정판),남편을 내 편으로 만드는 방법,5,한정판,- 단행본 + 학생 AU 아크릴 스탠드 + 떡메모지 + 파노라마 미니 포스터 4종 + 트레이딩 카드 9종 + 이스케&루비 엽서 4종 + 초판 한정 부록 엽서,시루,캐롯툰,2026-10,35820,,7410,271,2026-09-07T08:54:48+09:00,128,-143,8010,-600,0,0
397047219,쇼타 형아 7,쇼타 형아,7,,- BLovers Comics /초판 한정 더블 특전 : 양면 일러스트 카드 2종,나카야마 미유키,서울미디어코믹스(서울문화사),2026-06,5850,9.4,7120,272,2026-09-07T08:54:48+09:00,199,-73,7205,-85,0,0
332987456,향기로운 꽃은 늠름하게 핀다 5,향기로운 꽃은 늠름하게 핀다,5,,,미카미 사카,대원씨아이(만화),2024-01,5400,10.0,7094,273,2026-09-07T08:54:48+09:00,202,-71,7199,-105,0,0
384933730,아멜리아의 호기심 많은 로맨스 1,아멜리아의 호기심 많은 로맨스,1,,- 루나 코믹스,코하쿠 요루,㈜소미미디어,2026-02,6300,9.8,6082,274,2026-09-07T08:54:48+09:00,231,-43,6229,-147,0,0
292320734,헌터x헌터 HunterXHunter 신장판 2,헌터x헌터 HunterXHunter 신장판,2,,,토가시 요시히로,학산문화사(만화),2012-07,5400,10.0,5971,275,2026-09-07T08:54:48+09:00,330,55,6131,-160,0,0
373998674,야마다 군과 Lv999의 사랑을 하다 1,야마다 군과 Lv999의 사랑을 하다,1,,,마시로,디앤씨미디어(주)(D&C미디어),2025-09,7200,9.8,5205,276,2026-09-07T08:54:48+09:00,332,56,5171,34,0,0
400246321,황천의 츠가이 12 (특별판),황천의 츠가이,12,특별판,- 초판부록 2종 + 패키지 박스 + 운명의 쌍둥이 아크릴 스탠드 1종 + 가브리엘 아크릴 참 키링 1종+ 시그니처 포토카드 1종 + 빅 캔배지 1종 + 홀로그램 카드 2종,아라카와 히로무,대원씨아이(만화),2026-08,25650,,4720,277,2026-09-07T08:54:48+09:00,138,-139,4850,-130,0,0
282899765,지박소년 하나코 군 8,지박소년 하나코 군,8,,,아이다이로,서울미디어코믹스(서울문화사),2021-11,5400,10.0,4795,278,2026-09-07T08:54:48+09:00,336,58,4713,82,0,0
395849750,놀이의 관계 1,놀이의 관계,1,,- S Novel,아오이 세키나,㈜소미미디어,2026-06,7650,10.0,4090,279,2026-09-07T08:54:48+09:00,388,109,3980,110,0,0
397745987,Myther 2,Myther,2,,"- S코믹스 /초판 한정 양면 일러스트 카드, 초판 한정 PET 일러스트 카드",야츠다 테키,㈜소미미디어,2026-07,6300,,4255,280,2026-09-07T08:54:48+09:00,235,-45,4255,0,0,0
374337173,장례식 케이크 전문점 연옥당 3,장례식 케이크 전문점 연옥당,3,,"- 양장, 완결",산호,문학동네,2025-10,19800,9.7,4265,281,2026-09-07T08:54:48+09:00,264,-17,4690,-425,0,0
298051256,헌터x헌터 HunterXHunter 신장판 17,헌터x헌터 HunterXHunter 신장판,17,,,토가시 요시히로,학산문화사(만화),2015-06,5400,,4291,282,2026-09-07T08:54:48+09:00,293,11,4347,-56,0,0
397294900,비교하고 검토하는 교열부의 쿠쥬 씨 2,비교하고 검토하는 교열부의 쿠쥬 씨,2,,,고이시 유카,서교책방,2026-07,11520,10.0,3540,283,2026-09-07T08:54:48+09:00,391,108,3795,-255,0,0
397995094,수상한 경찰 2 (더블특전판),수상한 경찰,2,더블특전판,- 띠지 + 초판한정 일러스트 카드 1종 + 선착순 더블특전 포토카드 1종,무키시츠,대원씨아이(만화),2026-07,9000,9.5,2975,284,2026-09-07T08:54:48+09:00,270,-14,2950,25,0,0
396696431,요괴소년 호야 완전판 3,요괴소년 호야 완전판,3,,,후지타 카즈히로,서울미디어코믹스(서울문화사),2026-06,14400,10.0,2960,285,2026-09-07T08:54:48+09:00,481,196,2805,155,0,0
400006799,유녀전기 21,유녀전기,21,,- 노엔 코믹스,토죠 치카,데이즈엔터(주),2026-08,5400,10.0,2460,286,2026-09-07T08:54:48+09:00,210,-76,2620,-160,0,0
400585881,귀여운 건 나다 3,귀여운 건 나다,3,,,야스코,대원씨아이(만화),2026-08,6300,10.0,2450,287,2026-09-07T08:54:48+09:00,156,-131,2820,-370,0,0
400197883,망각 배터리 23,망각 배터리,23,,,에코 미카와,서울미디어코믹스(서울문화사),2026-08,5400,,2640,288,2026-09-07T08:54:48+09:00,350,62,2580,60,0,0
400136881,벡 Beck 신장판 8,벡 Beck 신장판,8,,,해롤드 사쿠이시,학산문화사(만화),2026-08,10800,10.0,2450,289,2026-09-07T08:54:48+09:00,241,-48,2610,-160,0,0
399381805,격기 3반 18,격기 3반,18,,- 남일고등학교 격투기 특기반,이학,대원씨아이(만화),2026-07,4950,10.0,2185,290,2026-09-07T08:54:48+09:00,581,291,2040,145,0,0
400224750,선생님으로 ○○하면 안 됩니다! 3,선생님으로 ○○하면 안 됩니다!,3,,- S코믹스,무샤사부,㈜소미미디어,2026-08,6300,,2280,291,2026-09-07T08:54:48+09:00,577,286,1970,310,0,0
366271674,정반대의 너와 나 7,정반대의 너와 나,7,,,아가사와 코챠,학산문화사(만화),2025-06,5400,9.9,2228,292,2026-09-07T08:54:48+09:00,353,61,2063,165,0,0
388016407,정반대의 너와 나 8,정반대의 너와 나,8,,- 완결,아가사와 코챠,학산문화사(만화),2026-03,5400,10.0,1849,293,2026-09-07T08:54:48+09:00,305,12,1829,20,0,0
400707775,곰과 토끼는 친구로 지낼 수 없다 2,곰과 토끼는 친구로 지낼 수 없다,2,,,이누요시 아키라,대원씨아이(만화),2026-08,6300,,1700,294,2026-09-07T08:54:48+09:00,245,-49,1850,-150,0,0
400585950,보루토 -TWO BLUE VORTEX- 5,보루토 -TWO BLUE VORTEX-,5,,,이케모토 미키오,대원씨아이(만화),2026-08,5850,,1570,295,2026-09-07T08:54:48+09:00,308,13,1570,0,0,0
400856659,눈이 나려 꽃 26,눈이 나려 꽃,26,,,임해연,학산문화사(만화),2026-08,7200,,1710,296,2026-09-07T08:54:48+09:00,158,-138,1780,-70,0,0
401009461,달의 아이 신장판 8,달의 아이 신장판,8,,- 완결,시미즈 레이코,서울미디어코믹스(서울문화사),2026-08,16200,10.0,1290,297,2026-09-07T08:54:48+09:00,160,-137,1490,-200,0,0
355976947,신화와 전설 배색 아이디어 사전,신화와 전설 배색 아이디어 사전,,,,사쿠라이 테루코,한즈미디어(한스미디어),2025-01,5400,10.0,1129,298,2026-09-07T08:54:48+09:00,,,,,1,0
401463223,왕의 프러포즈 5,왕의 프러포즈,5,,- SL Comic,쿠리오 네모,디앤씨미디어(주)(D&C미디어),2026-09,6300,,910,299,2026-09-07T08:54:48+09:00,,,,,1,0
401009550,월광천녀 애장판 8,월광천녀 애장판,8,,,시미즈 레이코,서울미디어코믹스(서울문화사),2026-08,16200,,1110,300,2026-09-07T08:54:48+09:00,247,-53,1140,-30,0,0
401052841,만화 이상적인 기둥서방 생활 10,만화 이상적인 기둥서방 생활,10,,,히노츠키 네코,길찾기,2026-08,6300,,1020,301,2026-09-07T08:54:48+09:00,310,9,1110,-90,0,0
401462776,7대손에게 재앙을 내릴 거니 빨리 결혼하세요! 3,7대손에게 재앙을 내릴 거니 빨리 결혼하세요!,3,,- SL Comic,Tabiko,디앤씨미디어(주)(D&C미디어),2026-09,6300,,960,302,2026-09-07T08:54:48+09:00,,,,,1,0
382043008,지박소년 하나코 군 25,지박소년 하나코 군,25,,,아이다이로,서울미디어코믹스(서울문화사),2026-01,5400,,1020,303,2026-09-07T08:54:48+09:00,248,-55,1240,-220,0,0
398869483,홀로서기 마왕성 12,홀로서기 마왕성,12,,,모리시타 마코토,대원씨아이(만화),2026-07,5400,9.2,1135,304,2026-09-07T08:54:48+09:00,124,-180,995,140,0,0
323272361,"안녕, 에리","안녕, 에리",,,,후지모토 타츠키,학산문화사(만화),2023-08,5400,9.4,15608,305,2026-09-07T08:54:48+09:00,319,14,15437,171,0,0
399403043,얼굴만으론 좋아할 수 없어요 17 (한정판),얼굴만으론 좋아할 수 없어요,17,한정판,- 한국 오리지널 일러스트 양면 커버 + 아크릴 스탠드 + 소책자 + 스페셜 일러스트 카드 2종 + 미니 일러스트 보드 (일반판 초판특전은 포함되지 않음),안자이 카린,서울미디어코믹스(서울문화사),2026-07,22500,10.0,13540,306,2026-09-07T08:54:48+09:00,164,-142,13675,-135,0,0
387708305,월간순정 노자키 군 17,월간순정 노자키 군,17,,,츠바키 이즈미,학산문화사(만화),2026-03,5400,9.8,11321,307,2026-09-07T08:54:48+09:00,321,14,11564,-243,0,0
389546868,반딧불이의 혼례 10,반딧불이의 혼례,10,,,타치바나 오레코,서울미디어코믹스(서울문화사),2026-04,7650,9.6,10801,308,2026-09-07T08:54:48+09:00,516,208,10796,5,0,0
352603529,지박소년 하나코 군 22,지박소년 하나코 군,22,,,아이다이로,서울미디어코믹스(서울문화사),2024-11,5400,9.9,9030,309,2026-09-07T08:54:48+09:00,436,127,9089,-59,0,0
393546382,봇치·더·록! 외전 히로이 키쿠리의 과음일기 5,봇치·더·록! 외전 히로이 키쿠리의 과음일기,5,,,쿠미쵸,대원씨아이(만화),2026-05,8100,10.0,8280,310,2026-09-07T08:54:48+09:00,253,-57,8355,-75,0,0
294400847,헌터x헌터 HunterXHunter 신장판 33,헌터x헌터 HunterXHunter 신장판,33,,,토가시 요시히로,학산문화사(만화),2018-05,5400,,8099,311,2026-09-07T08:54:48+09:00,254,-57,8454,-355,0,0
330062627,주술회전 24,주술회전,24,,- 주택대천 - 재귀 -,아쿠타미 게게,서울미디어코믹스(서울문화사),2023-12,5400,9.5,7980,312,2026-09-07T08:54:48+09:00,256,-56,7896,84,0,0
294401024,헌터x헌터 HunterXHunter 신장판 34,헌터x헌터 HunterXHunter 신장판,34,,,토가시 요시히로,학산문화사(만화),2018-05,5400,,7901,313,2026-09-07T08:54:48+09:00,285,-28,8186,-285,0,0
307634607,주술회전 21,주술회전,21,,- 도쿄 제2콜로니 -호운-,아쿠타미 게게,서울미디어코믹스(서울문화사),2022-12,5400,9.7,7979,314,2026-09-07T08:54:48+09:00,255,-59,7973,6,0,0
329206984,향기로운 꽃은 늠름하게 핀다 3,향기로운 꽃은 늠름하게 핀다,3,,,미카미 사카,대원씨아이(만화),2023-11,5400,10.0,7741,315,2026-09-07T08:54:48+09:00,225,-90,7866,-125,0,0
294401191,헌터x헌터 HunterXHunter 신장판 35,헌터x헌터 HunterXHunter 신장판,35,,,토가시 요시히로,학산문화사(만화),2019-03,5400,2.0,7619,316,2026-09-07T08:54:48+09:00,287,-29,7800,-181,0,0
335258160,향기로운 꽃은 늠름하게 핀다 6,향기로운 꽃은 늠름하게 핀다,6,,,미카미 사카,대원씨아이(만화),2024-02,5400,10.0,7567,317,2026-09-07T08:54:48+09:00,227,-90,7590,-23,0,0
316015391,주술회전 22,주술회전,22,,- 사쿠라지마 콜로니 -환생-,아쿠타미 게게,서울미디어코믹스(서울문화사),2023-05,5400,10.0,7412,318,2026-09-07T08:54:48+09:00,288,-30,7280,132,0,0
329703592,지박소년 하나코 군 20,지박소년 하나코 군,20,,,아이다이로,서울미디어코믹스(서울문화사),2023-12,5400,8.9,6883,319,2026-09-07T08:54:48+09:00,374,55,6812,71,0,0
394099665,킹덤 Kingdom 77,킹덤 Kingdom,77,,,하라 야스히사,대원씨아이(만화),2026-05,5400,10.0,6610,320,2026-09-07T08:54:48+09:00,184,-136,6655,-45,0,0
399453196,묘쌤은 이렇게 말했다 11,묘쌤은 이렇게 말했다,11,,- S코믹스,무테키 소다,㈜소미미디어,2026-08,6300,10.0,4185,321,2026-09-07T08:54:48+09:00,386,65,4345,-160,0,0
398869909,나나 NANA 완전판 11,나나 NANA 완전판,11,,"- 초판 한정 PP엽서 1종, 포토카드 1종",야자와 아이,학산문화사(만화),2026-07,10800,,3625,322,2026-09-07T08:54:48+09:00,206,-116,3550,75,0,0
395170753,도쿄 학생 애처가 4,도쿄 학생 애처가,4,,,카유카와 스즈,학산문화사(만화),2026-06,6300,9.8,3620,323,2026-09-07T08:54:48+09:00,299,-24,3450,170,0,0
298280366,헌터x헌터 HunterXHunter 신장판 24,헌터x헌터 HunterXHunter 신장판,24,,,토가시 요시히로,학산문화사(만화),2016-06,5400,,3632,324,2026-09-07T08:54:48+09:00,298,-26,3718,-86,0,0
298280477,헌터x헌터 HunterXHunter 신장판 21,헌터x헌터 HunterXHunter 신장판,21,,,토가시 요시히로,학산문화사(만화),2016-06,5400,,3541,325,2026-09-07T08:54:48+09:00,296,-29,3663,-122,0,0
298280697,헌터x헌터 HunterXHunter 신장판 23,헌터x헌터 HunterXHunter 신장판,23,,,토가시 요시히로,학산문화사(만화),2016-05,5400,,3463,326,2026-09-07T08:54:48+09:00,269,-57,3773,-310,0,0
397997937,사일런트 위치 10,사일런트 위치,10,,"- 침묵의 마녀의 비밀, ROSY",이소라 마츠리,데이즈엔터(주),2026-07,9900,10.0,3270,327,2026-09-07T08:54:48+09:00,343,16,3370,-100,0,0
398728336,마법소녀를 동경해서 5 (더블특전판),마법소녀를 동경해서,5,더블특전판,- 초판한정 : 일러스트 카드 1종 + SD 스티커 1종,오노나카 아키히로,대원씨아이(만화),2026-07,6750,,2820,328,2026-09-07T08:54:48+09:00,345,17,2820,0,0,0
398285038,포켓몬스터 스페셜 63,포켓몬스터 스페셜,63,,,쿠사카 히데노리,대원씨아이(만화),2026-07,4950,,2625,329,2026-09-07T08:54:48+09:00,146,-183,2815,-190,0,0
400197602,타로의 얼렁뚱땅 2,타로의 얼렁뚱땅,2,,,야츠미 츠무,서울미디어코믹스(서울문화사),2026-08,5850,10.0,2510,330,2026-09-07T08:54:48+09:00,349,19,2470,40,0,0
399486670,서유요원전 서역편 : 화염산의 장 4,서유요원전 서역편 : 화염산의 장,4,,,모로호시 다이지로,문학동네,2026-07,9900,,2555,331,2026-09-07T08:54:48+09:00,400,69,2590,-35,0,0
399486641,서유요원전 서역편 : 화염산의 장 3,서유요원전 서역편 : 화염산의 장,3,,,모로호시 다이지로,문학동네,2026-07,9900,,2545,332,2026-09-07T08:54:48+09:00,401,69,2580,-35,0,0
399953433,추우면 변하는 헤비가미 군 2,추우면 변하는 헤비가미 군,2,,"- SL Comic /초판 한정 특전: 띠지, PET 스탠드, 일러스트 스티커",쿠리미야,디앤씨미디어(주)(D&C미디어),2026-08,6300,,2425,333,2026-09-07T08:54:48+09:00,302,-31,2230,195,0,0
372547860,카구라바치 7,카구라바치,7,,,호카조노 타케루,대원씨아이(만화),2025-09,5850,,2415,334,2026-09-07T08:54:48+09:00,703,369,1865,550,0,0
397810577,쪽팔려게임 1~2 세트 - 전2권,쪽팔려게임 1~2 세트 - 전2권,,,"- 초판 한정 부록 : 1권,2권 엽서 2종 + 학생증 2종 + 면지에 작가님 친필 사인(인쇄본)",봉수,네이버웹툰,2026-09,28800,,2475,335,2026-09-07T08:54:48+09:00,354,19,2160,315,0,0
400001881,무서운 책 6,무서운 책,6,,- 괴물,우메즈 카즈오,AK(에이케이)커뮤니케이션즈,2026-08,9000,,2280,336,2026-09-07T08:54:48+09:00,492,156,2100,180,0,0
396089286,향기로운 꽃은 늠름하게 핀다 13,향기로운 꽃은 늠름하게 핀다,13,,,미카미 사카,대원씨아이(만화),2026-06,6300,,1865,337,2026-09-07T08:54:48+09:00,307,-30,1770,95,0,0
395950064,향기로운 꽃은 늠름하게 핀다 4,향기로운 꽃은 늠름하게 핀다,4,,,미카미 사카,대원씨아이(만화),2026-06,6300,,1700,338,2026-09-07T08:54:48+09:00,244,-94,1810,-110,0,0
395170741,야노 군의 평범한 나날 12,야노 군의 평범한 나날,12,,,타무라 유이,학산문화사(만화),2026-06,5400,9.8,1695,339,2026-09-07T08:54:48+09:00,907,568,1625,70,0,0
400585911,녹풍당의 사계절 21,녹풍당의 사계절,21,,,시미즈 유우,대원씨아이(만화),2026-08,4500,,1480,340,2026-09-07T08:54:48+09:00,274,-66,1440,40,0,0
400310759,호랑이형님 20,호랑이형님,20,,,이상규,영컴(YOUNG COM),2026-08,15120,,1620,341,2026-09-07T08:54:48+09:00,309,-32,1590,30,0,0
400311047,호랑이형님 21,호랑이형님,21,,,이상규,영컴(YOUNG COM),2026-08,15120,,1550,342,2026-09-07T08:54:48+09:00,413,71,1410,140,0,0
393544789,향기로운 꽃은 늠름하게 핀다 20,향기로운 꽃은 늠름하게 핀다,20,,,미카미 사카,대원씨아이(만화),2026-05,5400,,1590,343,2026-09-07T08:54:48+09:00,189,-154,1750,-160,0,0
396581696,향기로운 꽃은 늠름하게 핀다 12,향기로운 꽃은 늠름하게 핀다,12,,,미카미 사카,대원씨아이(만화),2025-01,6300,,1745,344,2026-09-07T08:54:48+09:00,218,-126,1680,65,0,0
400878569,오컬트 타임즈 1,오컬트 타임즈,1,,- 초판 한정 : 일러스트 카드 부록 2종,Idonchi,서울미디어코믹스(서울문화사),2026-08,6300,10.0,1320,345,2026-09-07T08:54:48+09:00,311,-34,1140,180,0,0
401041186,너를 잊을 사랑이 하고 싶어 7 (특장판),너를 잊을 사랑이 하고 싶어,7,특장판,- 단행본 + 피크 키링 + 어나더 커버 + 일러스트 카드 2종 + 포토카드 2종 + 별도 박스 포장,유우키 하루,대원씨아이(만화),2026-08,19800,10.0,1350,346,2026-09-07T08:54:48+09:00,148,-198,1300,50,0,0
401052876,만화 이상적인 기둥서방 생활 11,만화 이상적인 기둥서방 생활,11,,,히노츠키 네코,길찾기,2026-08,6300,8.0,990,347,2026-09-07T08:54:48+09:00,273,-74,1220,-230,0,0
401463419,마법소녀 단델라이온 3,마법소녀 단델라이온,3,,"- SL Comic, 초판 한정 특전: 띠지, 일러스트 카드 2종",미즈호 카에루,디앤씨미디어(주)(D&C미디어),2026-09,6300,,790,348,2026-09-07T08:54:48+09:00,,,,,1,0
401325707,쌀쌀맞은 사토 양이 나에게만 상냥하다 4,쌀쌀맞은 사토 양이 나에게만 상냥하다,4,,- S코믹스,사와타리 카자미,㈜소미미디어,2026-09,6300,,720,349,2026-09-07T08:54:48+09:00,509,160,700,20,0,0
393250501,도쿄 에일리언즈 12 (트리플 특장판),도쿄 에일리언즈,12,트리플 특장판,- 초판 한정 : 아크릴 일러스트 카드(초판 전체) + 스페셜 일러스트 카드(선착순 한정) + 인화사진 (선착순 한정),NAOE,서울미디어코믹스(서울문화사),2026-05,5400,10.0,16250,350,2026-09-07T08:54:48+09:00,424,74,16300,-50,0,0
370794176,캐릭캐릭 체인지! Jewel Joker 주얼 조커 1,캐릭캐릭 체인지! Jewel Joker 주얼 조커,1,,,PEACH-PIT,서울미디어코믹스(서울문화사),2025-08,5850,10.0,10779,351,2026-09-07T08:54:48+09:00,517,166,10663,116,0,0
391724964,가르쳐줘 집사 1,가르쳐줘 집사,1,,- 초판 한정 더블 특전 : 양면 코스터 & 포토카드 2종 세트,마사키 미치,서울미디어코믹스(서울문화사),2026-04,6300,9.7,10597,352,2026-09-07T08:54:48+09:00,362,10,10577,20,0,0
335112422,주술회전 25,주술회전,25,,- 인외마경 신주쿠 결전,아쿠타미 게게,서울미디어코믹스(서울문화사),2024-02,5400,9.6,10237,353,2026-09-07T08:54:48+09:00,323,-30,10143,94,0,0
309270127,후지모토 타츠키 단편집 22-26,후지모토 타츠키 단편집,22-26,,,후지모토 타츠키,학산문화사(만화),2023-01,5400,9.4,9909,354,2026-09-07T08:54:48+09:00,979,625,9610,299,0,0
382046167,캐릭캐릭 체인지! Jewel Joker 주얼 조커 2,캐릭캐릭 체인지! Jewel Joker 주얼 조커,2,,,PEACH-PIT,서울미디어코믹스(서울문화사),2025-12,5850,9.8,9538,355,2026-09-07T08:54:48+09:00,433,78,9457,81,0,0
393238375,양 선배는 혼자서 살아갈 수 없어 2,양 선배는 혼자서 살아갈 수 없어,2,,- 초판부록 : 일러스트 카드 1종 + 띠지,soon챠,대원씨아이(만화),2026-05,5850,9.9,8040,356,2026-09-07T08:54:48+09:00,197,-159,8175,-135,0,0
388821136,중년에 지친 밤에는,중년에 지친 밤에는,,,,마스다 미리,북포레스트,2026-03,16200,9.4,8148,357,2026-09-07T08:54:48+09:00,367,10,7993,155,0,0
395358108,찍히지 않습니다 6,찍히지 않습니다,6,,"- S코믹스 /초판 한정 일러스트 카드, 폴라로이드 사진풍 카드 2종",코노시마 루카,㈜소미미디어,2026-06,6300,10.0,7870,358,2026-09-07T08:54:48+09:00,368,10,8040,-170,0,0
336635744,향기로운 꽃은 늠름하게 핀다 7,향기로운 꽃은 늠름하게 핀다,7,,,미카미 사카,대원씨아이(만화),2024-03,5400,10.0,7409,359,2026-09-07T08:54:48+09:00,327,-32,7382,27,0,0
301706475,주술회전 2,주술회전,2,,,아쿠타미 게게,서울미디어코믹스(서울문화사),2019-03,5400,,7116,360,2026-09-07T08:54:48+09:00,633,273,6874,242,0,0
294032766,헌터x헌터 HunterXHunter 신장판 1,헌터x헌터 HunterXHunter 신장판,1,,,토가시 요시히로,학산문화사(만화),2013-07,5400,10.0,6444,361,2026-09-07T08:54:48+09:00,328,-33,6559,-115,0,0
298605722,헌터x헌터 HunterXHunter 신장판 32,헌터x헌터 HunterXHunter 신장판,32,,,토가시 요시히로,학산문화사(만화),2013-12,5400,,6327,362,2026-09-07T08:54:48+09:00,289,-73,6432,-105,0,0
398903862,보이시한 여자친구가 너무 귀여워 5 (특장판),보이시한 여자친구가 너무 귀여워,5,특장판,- 특장판 구성: 단행본 + 48P 소책자 + 초판특전 폴라로이드 사진 + 초판 특전 카메라 렌즈 속 투샷 사진,규뉴무기고항,서울미디어코믹스(서울문화사),2026-07,10800,,6265,363,2026-09-07T08:54:48+09:00,637,274,5990,275,0,0
397904410,나 혼자만 레벨업 : 라그나로크 3,나 혼자만 레벨업 : 라그나로크,3,,- 만화,,디앤씨웹툰비즈,2026-07,14400,10.0,5545,364,2026-09-07T08:54:48+09:00,185,-179,5755,-210,0,0
389597923,황천의 츠가이 10,황천의 츠가이,10,,,아라카와 히로무,대원씨아이(만화),2026-04,5850,10.0,5710,365,2026-09-07T08:54:48+09:00,534,169,5480,230,0,0
297902307,헌터x헌터 HunterXHunter 신장판 3,헌터x헌터 HunterXHunter 신장판,3,,,토가시 요시히로,학산문화사(만화),2013-08,5400,,5643,366,2026-09-07T08:54:48+09:00,376,10,5604,39,0,0
398289014,첫사랑은 나의 오빠 1,첫사랑은 나의 오빠,1,,,카스미 유코,서울미디어코믹스(서울문화사),2026-07,5850,9.3,5600,367,2026-09-07T08:54:48+09:00,258,-109,5740,-140,0,0
304091956,지박소년 하나코 군 18,지박소년 하나코 군,18,,,아이다이로,서울미디어코믹스(서울문화사),2022-11,5400,9.6,5217,368,2026-09-07T08:54:48+09:00,377,9,5229,-12,0,0
292995505,지박소년 하나코 군 17,지박소년 하나코 군,17,,,아이다이로,서울미디어코믹스(서울문화사),2022-05,5400,9.7,5016,369,2026-09-07T08:54:48+09:00,380,11,5066,-50,0,0
387582084,타워 던전 4,타워 던전,4,,,니헤이 츠토무,학산문화사(만화),2026-03,6300,10.0,5001,370,2026-09-07T08:54:48+09:00,536,166,5042,-41,0,0
352187570,주술회전 27,주술회전,27,,,아쿠타미 게게,서울미디어코믹스(서울문화사),2024-08,5400,,4917,371,2026-09-07T08:54:48+09:00,291,-80,4811,106,0,0
396574570,Re : 제로부터 시작하는 이세계 생활 42,Re : 제로부터 시작하는 이세계 생활,42,,"- Novel Engine /초판한정 특별부록 : 띠지, 일러스트 카드",나가츠키 탓페이,데이즈엔터(주),2026-07,7200,10.0,4760,372,2026-09-07T08:54:48+09:00,333,-39,4940,-180,0,0
392518926,오가미 츠미키와 기일상 6,오가미 츠미키와 기일상,6,,,모리시타 미유,학산문화사(만화),2026-05,5400,9.3,4500,373,2026-09-07T08:54:48+09:00,548,175,4225,275,0,0
311653748,헌터x헌터 HunterXHunter 신장판 11,헌터x헌터 HunterXHunter 신장판,11,,,토가시 요시히로,학산문화사(만화),2014-09,5400,,4454,374,2026-09-07T08:54:48+09:00,292,-82,4650,-196,0,0
400547001,작전명 순정 7~9 스페셜 세트 - 전3권,작전명 순정 7~9 스페셜 세트 - 전3권,,,"- 구성: 단행본 7~9권, 엽서집(양면엽서 16장), 프로필 세트(프로필 3종 + PET 포스터 2종 + 종이 홀더), 레이어 카드 2종, 아크릴 코롯토, 증명사진 팩, 도화 인터뷰집, 스페셜 패키지 박스, 초판한정 엽서",꼬까리,영진.com(영진닷컴),2026-08,79200,10.0,4480,375,2026-09-07T08:54:48+09:00,187,-188,4550,-70,0,0
382042317,디 그레이 맨 29,디 그레이 맨,29,,,호시노 카츠라,대원씨아이(만화),2025-12,5400,10.0,4296,376,2026-09-07T08:54:48+09:00,451,75,4251,45,0,0
337105332,Veil 1,Veil,1,,"- S코믹스, JAPAN EXPO 최우수작화상, 최우수장정상 수상",코테리,㈜소미미디어,2024-04,11520,9.2,4208,377,2026-09-07T08:54:48+09:00,387,10,4379,-171,0,0
282899607,지박소년 하나코 군 7,지박소년 하나코 군,7,,,아이다이로,서울미디어코믹스(서울문화사),2021-11,5400,10.0,4188,378,2026-09-07T08:54:48+09:00,553,175,4067,121,0,0
300919038,헌터x헌터 HunterXHunter 신장판 13,헌터x헌터 HunterXHunter 신장판,13,,,토가시 요시히로,학산문화사(만화),2014-12,5400,,4009,379,2026-09-07T08:54:48+09:00,459,80,3990,19,0,0
284923922,지박소년 하나코 군 13,지박소년 하나코 군,13,,,아이다이로,서울미디어코믹스(서울문화사),2021-12,5400,10.0,4203,380,2026-09-07T08:54:48+09:00,458,78,4085,118,0,0
298280458,헌터x헌터 HunterXHunter 신장판 30,헌터x헌터 HunterXHunter 신장판,30,,,토가시 요시히로,학산문화사(만화),2017-03,5400,,3938,381,2026-09-07T08:54:48+09:00,338,-43,4087,-149,0,0
282899789,지박소년 하나코 군 9,지박소년 하나코 군,9,,,아이다이로,서울미디어코믹스(서울문화사),2021-11,5400,10.0,4048,382,2026-09-07T08:54:48+09:00,454,72,4052,-4,0,0
399782190,한밤중 하트튠 11,한밤중 하트튠,11,,,이가라시 마사쿠니,학산문화사(만화),2026-08,5400,,3980,383,2026-09-07T08:54:48+09:00,265,-118,4125,-145,0,0
396766600,유루캠 18,유루캠,18,,,아프로,대원씨아이(만화),2026-06,4950,9.6,3965,384,2026-09-07T08:54:48+09:00,337,-47,3885,80,0,0
330441742,기븐 9,기븐,9,,- 뉴 루비코믹스 2970,키즈 나츠키,현대지능개발사,2023-12,5400,9.7,4001,385,2026-09-07T08:54:48+09:00,389,4,3941,60,0,0
399782154,어차피 울 거라면 사랑이 좋아 9,어차피 울 거라면 사랑이 좋아,9,,,쿠사카 아키,학산문화사(만화),2026-08,5400,10.0,3520,386,2026-09-07T08:54:48+09:00,268,-118,3880,-360,0,0
397817987,월요일의 타와와 : 청판 14,월요일의 타와와 : 청판,14,,,히무라 키세키,학산문화사(만화),2026-07,8100,,3640,387,2026-09-07T08:54:48+09:00,,,,,1,0
322804966,정반대의 너와 나 2,정반대의 너와 나,2,,,아가사와 코챠,학산문화사(만화),2023-08,5400,9.8,2853,388,2026-09-07T08:54:48+09:00,399,11,2901,-48,0,0
321124579,먼작귀 1,먼작귀,1,,- 먼가 작고 귀여운 녀석,나가노,미우(대원씨아이),2022-06,10800,,2873,389,2026-09-07T08:54:48+09:00,687,298,2547,326,0,0
388562286,양 선배는 혼자서 살아갈 수 없어 1,양 선배는 혼자서 살아갈 수 없어,1,,,soon챠,대원씨아이(만화),2026-03,5850,,2810,390,2026-09-07T08:54:48+09:00,395,5,2843,-33,0,0
333640352,정반대의 너와 나 3,정반대의 너와 나,3,,,아가사와 코챠,학산문화사(만화),2024-02,5400,9.8,2730,391,2026-09-07T08:54:48+09:00,346,-45,2803,-73,0,0
323998644,먼작귀 4 (콩알도감 포함 특별판),먼작귀,4,콩알도감 포함 특별판,- 먼가 작고 귀여운 녀석,나가노,미우(대원씨아이),2023-09,21600,6.7,2542,392,2026-09-07T08:54:48+09:00,568,176,2395,147,0,0
398203513,톰 폭스의 옷을 입은 캐릭터 드로잉 : 아티스트를 위한 옷과 주름 그리기 가이드,톰 폭스의 옷을 입은 캐릭터 드로잉 : 아티스트를 위한 옷과 주름 그리기 가이드,,,,톰 폭스,한즈미디어(한스미디어),2026-07,28800,10.0,2450,393,2026-09-07T08:54:48+09:00,348,-45,2505,-55,0,0
310882441,먼작귀 3 (카드놀이 포함 특별판),먼작귀,3,카드놀이 포함 특별판,"- 카드놀이 세트: 카드 96장(문장 카드 46장, 그림 카드 46장) + 설명서 1장",나가노,미우(대원씨아이),2023-02,24300,4.0,2180,394,2026-09-07T08:54:48+09:00,490,96,2008,172,0,0
400543319,우자키 양은 놀고싶어! 14,우자키 양은 놀고싶어!,14,,,타케,대원씨아이(만화),2026-08,4950,,1940,395,2026-09-07T08:54:48+09:00,212,-183,2200,-260,0,0
397163133,아주 깊은 우주에서 사랑을 담아 1,아주 깊은 우주에서 사랑을 담아,1,,"- 초판한정 : B5 포스터, 양면 일러스트 카드",아시다카 오즈,조은세상(북두),2026-07,5400,9.6,1890,396,2026-09-07T08:54:48+09:00,,,,,1,0
398727927,마법소녀를 동경해서 1 (더블특전판),마법소녀를 동경해서,1,더블특전판,- 초판한정 : 일러스트 카드 1종 + SD 스티커 1종,오노나카 아키히로,대원씨아이(만화),2026-07,6750,7.3,1635,397,2026-09-07T08:54:48+09:00,497,100,1585,50,0,0
396090083,향기로운 꽃은 늠름하게 핀다 8,향기로운 꽃은 늠름하게 핀다,8,,,미카미 사카,대원씨아이(만화),2026-06,6300,,1695,398,2026-09-07T08:54:48+09:00,355,-43,1620,75,0,0
400585712,버그 에고 2,버그 에고,2,,- S코믹스,시타라 키요토,㈜소미미디어,2026-08,6300,,1310,399,2026-09-07T08:54:48+09:00,501,102,1230,80,0,0
400856452,치하야 리스타트! 2,치하야 리스타트!,2,,,타케우치 홀로,대원씨아이(만화),2026-08,5850,6.0,890,400,2026-09-07T08:54:48+09:00,419,19,830,60,0,0
400980630,룸메이트 1,룸메이트,1,,,사토 아키히토,대원씨아이(만화),2026-08,6750,10.0,840,401,2026-09-07T08:54:48+09:00,277,-124,920,-80,0,0
400930488,숲 변두리의 꼬마 마녀 1,숲 변두리의 꼬마 마녀,1,,- S코믹스,후지무라 아유미,㈜소미미디어,2026-09,6300,,800,402,2026-09-07T08:54:48+09:00,278,-124,1080,-280,0,0
401372144,드라마퀸 5,드라마퀸,5,,,이치카와 쿠라쿠,서울미디어코믹스(서울문화사),2026-09,5850,,530,403,2026-09-07T08:54:48+09:00,,,,,1,0
401345074,옷소매 붉은 끝동 11,옷소매 붉은 끝동,11,,- 만화,강미강,학산문화사(만화),2026-09,14400,,550,404,2026-09-07T08:54:48+09:00,609,205,590,-40,0,0
401247959,내일은 어느 쪽! 12,내일은 어느 쪽!,12,,- 코믹 라르고 Comic Largo,야마모토 코테츠코,조은세상(북두),2026-09,5400,,530,405,2026-09-07T08:54:48+09:00,421,16,620,-90,0,0
398195286,히든카드가 많은 빅토리아 5,히든카드가 많은 빅토리아,5,,,우시노 코모,학산문화사(만화),2026-07,5400,10.0,535,406,2026-09-07T08:54:48+09:00,,,,,1,0
366123624,스파이 패밀리 15,스파이 패밀리,15,,,엔도 타츠야,학산문화사(만화),2025-06,5400,9.9,15991,407,2026-09-07T08:54:48+09:00,318,-89,16215,-224,0,0
391943528,엄마를 만나러 가는 길,엄마를 만나러 가는 길,,,"- 모리의 스티커북 /초판 한정 부록: 투명 북마크,작가 친필 사인 면지에 인쇄",고먕,네이버웹툰,2026-06,15300,10.0,11697,408,2026-09-07T08:54:48+09:00,194,-214,12666,-969,0,0
280840739,주술회전 공식 팬북,주술회전 공식 팬북,,,,아쿠타미 게게,서울미디어코믹스(서울문화사),2021-10,9000,9.8,11591,409,2026-09-07T08:54:48+09:00,972,563,11307,284,0,0
368125805,장송의 프리렌 14,장송의 프리렌,14,,,야마다 카네히토,학산문화사(만화),2025-07,5400,9.8,10905,410,2026-09-07T08:54:48+09:00,428,18,10860,45,0,0
309270072,후지모토 타츠키 단편집 17-21,후지모토 타츠키 단편집,17-21,,,후지모토 타츠키,학산문화사(만화),2023-01,5400,8.6,9671,411,2026-09-07T08:54:48+09:00,750,339,9444,227,0,0
341524569,주술회전 26,주술회전,26,,- 남쪽으로,아쿠타미 게게,서울미디어코믹스(서울문화사),2024-06,5400,,8809,412,2026-09-07T08:54:48+09:00,324,-88,8769,40,0,0
294677380,귀멸의 칼날 23,귀멸의 칼날,23,,- 완결,고토게 코요하루,학산문화사(만화),2021-04,5400,9.3,8587,413,2026-09-07T08:54:48+09:00,522,109,8381,206,0,0
374276000,마남 이치 2 (더블 특전판),마남 이치,2,더블 특전판,- 홀로그램 일러스트 카드 1종 + 일러스트 책갈피 3종,유사자키 시로,서울미디어코믹스(서울문화사),2025-10,6300,9.6,8143,414,2026-09-07T08:54:48+09:00,623,209,7860,283,0,0
338271919,지박소년 하나코 군 21,지박소년 하나코 군,21,,,아이다이로,서울미디어코믹스(서울문화사),2024-04,5400,10.0,7954,415,2026-09-07T08:54:48+09:00,625,210,7908,46,0,0
303424817,주술회전 20,주술회전,20,,- 센다이 -연회 중반-,아쿠타미 게게,서울미디어코믹스(서울문화사),2022-10,5400,9.8,7542,416,2026-09-07T08:54:48+09:00,369,-47,7718,-176,0,0
395268985,괴수 8호 RELAX 4,괴수 8호 RELAX,4,,"- 초판 한정: 홀로그램 일러스트 카드, 방위대 4컷 포토카드",,서울미디어코믹스(서울문화사),2026-06,5400,8.0,7400,417,2026-09-07T08:54:48+09:00,994,577,7125,275,0,0
286833118,장송의 프리렌 4,장송의 프리렌,4,,,야마다 카네히토,학산문화사(만화),2022-01,5400,9.3,7403,418,2026-09-07T08:54:48+09:00,629,211,7381,22,0,0
379515213,야마다 군과 Lv999의 사랑을 하다 4~6 특별판 세트 - 전3권,야마다 군과 Lv999의 사랑을 하다 4~6 특별판 세트 - 전3권,,,- 띠지 + 특별판 아크릴 북스탠드 + 특별판 아크릴 블록 + 특별판 양면 책갈피 + 일반판 일러스트 카드 3종 + 일반판 폴라로이드 카드 3종,마시로,디앤씨미디어(주)(D&C미디어),2025-12,49500,10.0,7030,419,2026-09-07T08:54:48+09:00,373,-46,6968,62,0,0
360719281,지박소년 하나코 군 23,지박소년 하나코 군,23,,,아이다이로,서울미디어코믹스(서울문화사),2025-03,5400,9.8,6583,420,2026-09-07T08:54:48+09:00,437,17,6744,-161,0,0
388349538,카구라바치 9 (특별판),카구라바치,9,특별판,"- 토비무네, 아크릴 스탠드 2종 + 자개풍 홀로그램 아크릴 코스터 1종 + 화투풍 능력카드 4종 + 갤러리 보드 1종 + 후가공 일러스트카드 1종 + 렌티큘러 카드 1종 + 초판한정 일러스트 시네마 티켓 1종 + 더블특전 요도 계약자 pp 북마크",호카조노 타케루,대원씨아이(만화),2026-03,35550,10.0,6008,421,2026-09-07T08:54:48+09:00,781,360,5827,181,0,0
398727110,봇치·더·록! 앤솔러지 코믹 6,봇치·더·록! 앤솔러지 코믹,6,,,치바 사도루,대원씨아이(만화),2026-07,8100,10.0,5740,422,2026-09-07T08:54:48+09:00,232,-190,5945,-205,0,0
394695461,블루 록 36,블루 록,36,,,노무라 유스케,학산문화사(만화),2026-06,5400,,5775,423,2026-09-07T08:54:48+09:00,329,-94,5940,-165,0,0
314077334,헌터x헌터 HunterXHunter 신장판 4,헌터x헌터 HunterXHunter 신장판,4,,,토가시 요시히로,학산문화사(만화),2013-08,5400,,5132,424,2026-09-07T08:54:48+09:00,440,16,5272,-140,0,0
317849520,지박소년 하나코 군 19,지박소년 하나코 군,19,,,아이다이로,서울미디어코믹스(서울문화사),2023-06,5400,9.8,4973,425,2026-09-07T08:54:48+09:00,442,17,5013,-40,0,0
395173556,내 마음의 위험한 녀석 13,내 마음의 위험한 녀석,13,,- S코믹스,사쿠라이 노리오,㈜소미미디어,2026-06,6300,9.4,4860,426,2026-09-07T08:54:48+09:00,335,-91,4855,5,0,0
389890523,타워 던전 5,타워 던전,5,,,니헤이 츠토무,학산문화사(만화),2026-04,6300,9.9,4724,427,2026-09-07T08:54:48+09:00,444,17,4791,-67,0,0
286341412,지박소년 하나코 군 16,지박소년 하나코 군,16,,,아이다이로,서울미디어코믹스(서울문화사),2022-01,5400,9.7,4534,428,2026-09-07T08:54:48+09:00,656,228,4494,40,0,0
297902517,헌터x헌터 HunterXHunter 신장판 10,헌터x헌터 HunterXHunter 신장판,10,,,토가시 요시히로,학산문화사(만화),2014-04,5400,,4594,429,2026-09-07T08:54:48+09:00,382,-47,4713,-119,0,0
280599696,지박소년 하나코 군 2,지박소년 하나코 군,2,,,아이다이로,서울미디어코믹스(서울문화사),2021-10,5400,10.0,4464,430,2026-09-07T08:54:48+09:00,650,220,4552,-88,0,0
278906067,지박소년 하나코 군 14,지박소년 하나코 군,14,,,아이다이로,서울미디어코믹스(서울문화사),2021-09,5400,10.0,4544,431,2026-09-07T08:54:48+09:00,549,118,4483,61,0,0
389641178,황천의 츠가이 5,황천의 츠가이,5,,,아라카와 히로무,대원씨아이(만화),2024-03,5850,,4533,432,2026-09-07T08:54:48+09:00,815,383,4134,399,0,0
394711835,악마에 입문했습니다! 이루마 군 : if Episode of 마피아 7,악마에 입문했습니다! 이루마 군 : if Episode of 마피아,7,,,니시 오사무,서울미디어코믹스(서울문화사),2026-06,5850,,4030,433,2026-09-07T08:54:48+09:00,452,19,4075,-45,0,0
398843926,무대 담당과 악역 군 2,무대 담당과 악역 군,2,,- 완결 / 초판 한정 양면 일러스트 카드 2종,야마시나 티나,㈜소미미디어,2026-07,6300,,3920,434,2026-09-07T08:54:48+09:00,661,227,3810,110,0,0
310412096,기븐 8,기븐,8,,- 뉴 루비코믹스 2865,키즈 나츠키,현대지능개발사,2023-02,5400,9.6,3980,435,2026-09-07T08:54:48+09:00,457,22,4015,-35,0,0
298348779,서랍 속 테라리움 : 신장판,서랍 속 테라리움 : 신장판,,,- S코믹스,쿠이 료코,㈜소미미디어,2022-08,8100,9.5,3782,436,2026-09-07T08:54:48+09:00,463,27,3574,208,0,0
300919411,헌터x헌터 HunterXHunter 신장판 18,헌터x헌터 HunterXHunter 신장판,18,,,토가시 요시히로,학산문화사(만화),2015-07,5400,,3708,437,2026-09-07T08:54:48+09:00,295,-142,3981,-273,0,0
298280625,헌터x헌터 HunterXHunter 신장판 15,헌터x헌터 HunterXHunter 신장판,15,,,토가시 요시히로,학산문화사(만화),2015-04,5400,,3581,438,2026-09-07T08:54:48+09:00,464,26,3660,-79,0,0
400136861,누나의 친구 4,누나의 친구,4,,,타카세 와카,학산문화사(만화),2026-08,5400,,3470,439,2026-09-07T08:54:48+09:00,239,-200,3680,-210,0,0
398867274,찍히지 않습니다 7 (한정판),찍히지 않습니다,7,한정판,"- 아크릴 키링 + 카드 스티커 2종 + PET 4컷 사진 책갈피 + 초판 한정 일러스트 카드 + 폴라로이드 사진풍 카드 2종, S코믹스",코노시마 루카,㈜소미미디어,2026-08,22500,,3525,440,2026-09-07T08:54:48+09:00,465,25,3545,-20,0,0
301058824,헌터x헌터 HunterXHunter 신장판 29,헌터x헌터 HunterXHunter 신장판,29,,,토가시 요시히로,학산문화사(만화),2017-01,5400,,3493,441,2026-09-07T08:54:48+09:00,342,-99,3674,-181,0,0
298280514,헌터x헌터 HunterXHunter 신장판 27,헌터x헌터 HunterXHunter 신장판,27,,,토가시 요시히로,학산문화사(만화),2016-10,5400,,3386,442,2026-09-07T08:54:48+09:00,341,-101,3555,-169,0,0
305225003,헌터x헌터 HunterXHunter 신장판 22,헌터x헌터 HunterXHunter 신장판,22,,,토가시 요시히로,학산문화사(만화),2016-04,5400,,3423,443,2026-09-07T08:54:48+09:00,207,-236,3713,-290,0,0
390907872,향기로운 꽃은 늠름하게 핀다 19,향기로운 꽃은 늠름하게 핀다,19,,,미카미 사카,대원씨아이(만화),2026-04,5400,,3250,444,2026-09-07T08:54:48+09:00,209,-235,3475,-225,0,0
324629346,그리고 마녀는 숲으로 갔다 1,그리고 마녀는 숲으로 갔다,1,,,산호,고블,2023-08,20700,9.2,2933,445,2026-09-07T08:54:48+09:00,170,-275,3174,-241,0,0
320637311,정반대의 너와 나 1,정반대의 너와 나,1,,,아가사와 코챠,학산문화사(만화),2023-07,5400,9.8,3060,446,2026-09-07T08:54:48+09:00,397,-49,3021,39,0,0
400153916,명탐정 코난 : 범인 한자와 씨 10,명탐정 코난 : 범인 한자와 씨,10,,,칸바 마유코,서울미디어코믹스(서울문화사),2026-08,5400,10.0,2740,447,2026-09-07T08:54:48+09:00,561,114,2780,-40,0,0
393153006,마가이모노 1,마가이모노,1,,"- 위작, S코믹스",쿠로카와 유미,㈜소미미디어,2026-05,8100,9.6,2825,448,2026-09-07T08:54:48+09:00,394,-54,3105,-280,0,0
399973609,켄투리아 6,켄투리아,6,,,쿠라모리 토오루,학산문화사(만화),2026-08,5400,10.0,2830,449,2026-09-07T08:54:48+09:00,402,-47,2950,-120,0,0
400154065,달님이 바라시는 대로 9,달님이 바라시는 대로,9,,,키우치 라무네,서울미디어코믹스(서울문화사),2026-08,5400,,2550,450,2026-09-07T08:54:48+09:00,271,-179,2610,-60,0,0
345587184,정반대의 너와 나 4,정반대의 너와 나,4,,,아가사와 코챠,학산문화사(만화),2024-08,5400,9.7,2611,451,2026-09-07T08:54:48+09:00,347,-104,2786,-175,0,0
349941684,정반대의 너와 나 5,정반대의 너와 나,5,,,아가사와 코챠,학산문화사(만화),2024-10,5400,9.9,2525,452,2026-09-07T08:54:48+09:00,404,-48,2614,-89,0,0
353581707,정반대의 너와 나 6,정반대의 너와 나,6,,,아가사와 코챠,학산문화사(만화),2024-12,5400,9.9,2475,453,2026-09-07T08:54:48+09:00,403,-50,2515,-40,0,0
333640869,먼작귀 5 (레터북 포함 특별판),먼작귀,5,레터북 포함 특별판,- 먼가 작고 귀여운 녀석,나가노,미우(대원씨아이),2024-02,23400,10.0,2489,454,2026-09-07T08:54:48+09:00,485,31,2447,42,0,0
378954390,카구라바치 6,카구라바치,6,,,호카조노 타케루,대원씨아이(만화),2025-08,5850,,2362,455,2026-09-07T08:54:48+09:00,888,433,1987,375,0,0
399056149,제도성배기담 Fate/type Redline 6,제도성배기담 Fate/type Redline,6,,- 노엔 코믹스 / 초판한정 특별부록 : 일러스트 카드 + 띠지,히라노 료지,데이즈엔터(주),2026-08,7200,10.0,2135,456,2026-09-07T08:54:48+09:00,576,120,2095,40,0,0
399926241,어쨌든 귀여워 25,어쨌든 귀여워,25,,- S코믹스,하타 켄지로,㈜소미미디어,2026-08,6300,,2005,457,2026-09-07T08:54:48+09:00,406,-51,2080,-75,0,0
396782109,"생각을 길러요, 공룡 박사님의 왜왜왜 상담소","생각을 길러요, 공룡 박사님의 왜왜왜 상담소",,,,스와프나 해도우,FIKAJUNIOR(피카주니어),2026-07,15300,10.0,2055,458,2026-09-07T08:54:48+09:00,493,35,2165,-110,0,0
400712982,내 백합도 영업인 줄 알았어?,내 백합도 영업인 줄 알았어?,,,"- Novel Engine , 초판한정 특별부록 : 띠지 + 일러스트 카드",아사쿠라 네루,코믹레인,2026-09,7200,10.0,1500,459,2026-09-07T08:54:48+09:00,306,-153,1610,-110,0,0
400247880,만화 인소의 법칙 9,만화 인소의 법칙,9,,,아현,디앤씨웹툰비즈,2026-08,14400,,1480,460,2026-09-07T08:54:48+09:00,919,459,1180,300,0,0
398727942,마법소녀를 동경해서 2 (더블특전판),마법소녀를 동경해서,2,더블특전판,- 초판한정 : 일러스트 카드 1종 + SD 스티커 1종,오노나카 아키히로,대원씨아이(만화),2026-07,6750,,1435,461,2026-09-07T08:54:48+09:00,720,259,1305,130,0,0
400909405,시오타 선생님과 아마이양 7,시오타 선생님과 아마이양,7,,,나카토카 쿠미코,대원씨아이(만화),2026-08,5850,,1150,462,2026-09-07T08:54:48+09:00,732,270,760,390,0,0
400556285,꿈자리가 이상한데요?! 외전 (한정판),꿈자리가 이상한데요?! 외전,,한정판,"- 구성: 도서, SD 판 스티커, 작가 선화 및 사인 인쇄, 아크릴 누들 스토퍼, 네컷사진, 증명사진 세트, 포토카드 2종, 폴라로이드 2종",흰귀,북극여우,2026-10,39600,,930,463,2026-09-07T08:54:48+09:00,417,-46,940,-10,0,0
400856470,선생님! 저희들이 세계를 멸망시킵니다. 9,선생님! 저희들이 세계를 멸망시킵니다.,9,,,코바야시 키나,대원씨아이(만화),2026-08,5400,,1080,464,2026-09-07T08:54:48+09:00,502,38,1110,-30,0,0
400313885,타베모노로그,타베모노로그,,,,JIU,재담,2026-08,14400,,910,465,2026-09-07T08:54:48+09:00,506,41,950,-40,0,0
399451808,집에서 도망치고 싶은 내가 어쩌다가 동경하던 대마법사님을 사버렸더니 5,집에서 도망치고 싶은 내가 어쩌다가 동경하던 대마법사님을 사버렸더니,5,,,TCB,대원씨아이(만화),2026-07,6300,10.0,905,466,2026-09-07T08:54:48+09:00,,,,,1,0
400662468,룸 투어즈 2,룸 투어즈,2,,,마츠모토 토모,서울미디어코믹스(서울문화사),2026-08,5400,10.0,920,467,2026-09-07T08:54:48+09:00,949,482,820,100,0,0
400856443,응원 걸! 1,응원 걸!,1,,,다나카 유치아,대원씨아이(만화),2026-08,5400,10.0,750,468,2026-09-07T08:54:48+09:00,600,132,710,40,0,0
401421159,쿄가네 가문의 신부 5,쿄가네 가문의 신부,5,,,히노 안주,서울미디어코믹스(서울문화사),2026-09,5850,,500,469,2026-09-07T08:54:48+09:00,,,,,1,0
361704320,여학교의 별 4,여학교의 별,4,,,와야마 야마,문학동네,2025-03,7650,9.8,28721,470,2026-09-07T08:54:48+09:00,423,-47,28635,86,0,0
374587018,원피스 112,원피스,112,,- 할리(신전),오다 에이치로,대원씨아이(만화),2025-10,5400,10.0,26586,471,2026-09-07T08:54:48+09:00,162,-309,27197,-611,0,0
280555213,포인트 캐릭터 드로잉 - 전2권,포인트 캐릭터 드로잉 - 전2권,,,,타코,레진코믹스(레진엔터테인먼트),2021-09,25200,10.0,15914,472,2026-09-07T08:54:48+09:00,425,-47,16088,-174,0,0
385521459,체인소 맨 22,체인소 맨,22,,,후지모토 타츠키,학산문화사(만화),2026-02,5400,10.0,12722,473,2026-09-07T08:54:48+09:00,320,-153,13142,-420,0,0
389928831,새벽의 연화 46,새벽의 연화,46,,,미즈호 쿠사나기,학산문화사(만화),2026-04,5400,9.8,10356,474,2026-09-07T08:54:48+09:00,322,-152,10364,-8,0,0
284699967,귀멸의 칼날 외전,귀멸의 칼날 외전,,,,히라노 료지,학산문화사(만화),2021-12,5400,9.8,10366,475,2026-09-07T08:54:48+09:00,620,145,10278,88,0,0
353133344,컬러 앤 라이트,컬러 앤 라이트,,,"- 사실적인 표현을 위한 빛과 색 그리는 법, 개정판",제임스 거니,잉크잼(잼스푼),2024-12,31500,10.0,9681,476,2026-09-07T08:54:48+09:00,978,502,9548,133,0,0
392518701,블루 록 35,블루 록,35,,,노무라 유스케,학산문화사(만화),2026-05,5400,9.8,9635,477,2026-09-07T08:54:48+09:00,520,43,9590,45,0,0
369126143,주술회전 30,주술회전,30,,,아쿠타미 게게,서울미디어코믹스(서울문화사),2025-08,5400,10.0,9149,478,2026-09-07T08:54:48+09:00,366,-112,9180,-31,0,0
387062834,백귀야행 31,백귀야행,31,,,이마 이치코,시공사(만화),2026-02,7200,9.8,8184,479,2026-09-07T08:54:48+09:00,523,44,8255,-71,0,0
296518224,주술회전 19,주술회전,19,,- 도쿄 제1콜로니 -화내는 남자-,아쿠타미 게게,서울미디어코믹스(서울문화사),2022-06,5400,10.0,7816,480,2026-09-07T08:54:48+09:00,761,281,7825,-9,0,0
387160732,반딧불이의 혼례 9,반딧불이의 혼례,9,,,타치바나 오레코,서울미디어코믹스(서울문화사),2026-02,7650,9.7,8003,481,2026-09-07T08:54:48+09:00,757,276,8047,-44,0,0
396695591,루리 드래곤 5,루리 드래곤,5,,"- 초판특전: 일러스트 카드, 일러스트 스탠딩 POP",신도 마사오키,서울미디어코믹스(서울문화사),2026-06,5400,8.7,7620,482,2026-09-07T08:54:48+09:00,284,-198,7815,-195,0,0
392518949,GACHIAKUTA 17,GACHIAKUTA,17,,,케이 우라나,학산문화사(만화),2026-05,5400,10.0,7615,483,2026-09-07T08:54:48+09:00,286,-197,7830,-215,0,0
295225480,귀멸의 칼날 22,귀멸의 칼날,22,,,고토게 코요하루,학산문화사(만화),2021-01,5400,,7760,484,2026-09-07T08:54:48+09:00,626,142,7621,139,0,0
301706114,주술회전 0 : 외전,주술회전 0 : 외전,,,,아쿠타미 게게,서울미디어코믹스(서울문화사),2019-04,5400,8.7,7607,485,2026-09-07T08:54:48+09:00,992,507,7410,197,0,0
390689243,찍히지 않습니다 5,찍히지 않습니다,5,,"- S코믹스 /초판 한정 일러스트 카드, 폴라로이드 사진풍 카드 2종, PET 책갈피",코노시마 루카,㈜소미미디어,2026-04,5850,9.8,7138,486,2026-09-07T08:54:48+09:00,632,146,7019,119,0,0
372708826,향기로운 꽃은 늠름하게 핀다 16,향기로운 꽃은 늠름하게 핀다,16,,,미카미 사카,대원씨아이(만화),2025-09,5400,9.8,7066,487,2026-09-07T08:54:48+09:00,372,-115,7094,-28,0,0
399045982,유희왕 애장판 21,유희왕 애장판,21,,,다카하시 카즈키,대원씨아이(만화),2026-07,10800,,6400,488,2026-09-07T08:54:48+09:00,375,-113,6520,-120,0,0
389890662,약사의 혼잣말 16,약사의 혼잣말,16,,,네코쿠라게,학산문화사(만화),2026-04,5400,9.8,6398,489,2026-09-07T08:54:48+09:00,528,39,6273,125,0,0
388496310,단다단 20,단다단,20,,,타츠 유키노부,대원씨아이(만화),2026-03,5400,9.5,6298,490,2026-09-07T08:54:48+09:00,638,148,5975,323,0,0
386003919,향기로운 꽃은 늠름하게 핀다 18,향기로운 꽃은 늠름하게 핀다,18,,,미카미 사카,대원씨아이(만화),2026-02,5400,10.0,5413,491,2026-09-07T08:54:48+09:00,259,-232,5641,-228,0,0
295077194,아름다운 초저녁달 3,아름다운 초저녁달,3,,,야마모리 미카,학산문화사(만화),2022-05,5400,9.8,5195,492,2026-09-07T08:54:48+09:00,791,299,5047,148,0,0
297863750,헌터x헌터 HunterXHunter 신장판 5,헌터x헌터 HunterXHunter 신장판,5,,,토가시 요시히로,학산문화사(만화),2013-10,5400,,5143,493,2026-09-07T08:54:48+09:00,378,-115,5296,-153,0,0
354729574,주술회전 28,주술회전,28,,- 인외마경 신주쿠 결전 : 9점 점바둑,아쿠타미 게게,서울미디어코믹스(서울문화사),2024-12,5400,10.0,5176,494,2026-09-07T08:54:48+09:00,334,-160,5103,73,0,0
398728413,마법소녀를 동경해서 1~5 합본판,마법소녀를 동경해서 1~5 합본판,,,- 각권 초회 한정 일러스트 카드 각 1종씩 (총5종) + 각 권 선착순 더블 특전 SD스티커 각 1종씩(총5종) + PET스탠드 + 컵코스터 + 일러스트 카드 + 별도 박스 포장,오노나카 아키히로,대원씨아이(만화),2026-07,33750,,4925,495,2026-09-07T08:54:48+09:00,795,300,4905,20,0,0
294153055,헌터x헌터 HunterXHunter 신장판 7,헌터x헌터 HunterXHunter 신장판,7,,,토가시 요시히로,학산문화사(만화),2014-01,5400,,4898,496,2026-09-07T08:54:48+09:00,443,-53,4997,-99,0,0
397021753,완전 쓰레기인 와타라세인데 3,완전 쓰레기인 와타라세인데,3,,,나카가와 파리,대원씨아이(만화),2026-06,5400,9.7,4785,497,2026-09-07T08:54:48+09:00,541,44,4875,-90,0,0
355156419,아름다운 초저녁달 8,아름다운 초저녁달,8,,,야마모리 미카,학산문화사(만화),2025-01,5400,9.5,4678,498,2026-09-07T08:54:48+09:00,807,309,4386,292,0,0
315823527,헌터x헌터 HunterXHunter 신장판 9,헌터x헌터 HunterXHunter 신장판,9,,,토가시 요시히로,학산문화사(만화),2014-04,5400,,4428,499,2026-09-07T08:54:48+09:00,447,-52,4575,-147,0,0
314077483,헌터x헌터 HunterXHunter 신장판 8,헌터x헌터 HunterXHunter 신장판,8,,,토가시 요시히로,학산문화사(만화),2014-01,5400,,4460,500,2026-09-07T08:54:48+09:00,449,-51,4518,-58,0,0
278906155,지박소년 하나코 군 15,지박소년 하나코 군,15,,,아이다이로,서울미디어코믹스(서울문화사),2021-09,5400,9.4,4366,501,2026-09-07T08:54:48+09:00,550,49,4445,-79,0,0
390998609,담배 고양이 2,담배 고양이,2,,,냥냥 팩토리,대원씨아이(만화),2026-04,5400,9.0,4369,502,2026-09-07T08:54:48+09:00,446,-56,4336,33,0,0
394588669,천국대마경 12,천국대마경,12,,- S코믹스,이시구로 마사카즈,㈜소미미디어,2026-06,6300,9.0,4495,503,2026-09-07T08:54:48+09:00,546,43,4485,10,0,0
282899364,지박소년 하나코 군 5,지박소년 하나코 군,5,,,아이다이로,서울미디어코믹스(서울문화사),2021-11,5400,10.0,4359,504,2026-09-07T08:54:48+09:00,654,150,4443,-84,0,0
389641207,황천의 츠가이 2,황천의 츠가이,2,,,아라카와 히로무,대원씨아이(만화),2022-12,5850,,4580,505,2026-09-07T08:54:48+09:00,652,147,4270,310,0,0
281358410,원피스 1,원피스,1,,- 동터오는 모험시대,오다 에이치로,대원씨아이(만화),2008-03,4950,10.0,4343,506,2026-09-07T08:54:48+09:00,383,-123,4325,18,0,0
295417935,지. : 지구의 운동에 대하여 1,지. : 지구의 운동에 대하여,1,,,우오토,문학동네,2022-05,7200,9.7,4433,507,2026-09-07T08:54:48+09:00,544,37,4399,34,0,0
294154150,헌터x헌터 HunterXHunter 신장판 12,헌터x헌터 HunterXHunter 신장판,12,,,토가시 요시히로,학산문화사(만화),2014-09,5400,,4161,508,2026-09-07T08:54:48+09:00,385,-123,4328,-167,0,0
257021910,기븐 6,기븐,6,,- 뉴 루비코믹스 2555,키즈 나츠키,현대지능개발사,2020-11,4950,9.6,4385,509,2026-09-07T08:54:48+09:00,658,149,4276,109,0,0
280599755,지박소년 하나코 군 3,지박소년 하나코 군,3,,,아이다이로,서울미디어코믹스(서울문화사),2021-10,5400,10.0,4295,510,2026-09-07T08:54:48+09:00,450,-60,4431,-136,0,0
394099635,담배 고양이 3,담배 고양이,3,,,냥냥 팩토리,대원씨아이(만화),2026-05,5400,10.0,4285,511,2026-09-07T08:54:48+09:00,384,-127,4225,60,0,0
396377370,너를 사랑하는 살인귀 1,너를 사랑하는 살인귀,1,,- 시프트코믹스,아키야마 엔마,YNK MEDIA(만화),2026-06,5400,10.0,4110,512,2026-09-07T08:54:48+09:00,455,-57,4255,-145,0,0
311936078,헌터x헌터 HunterXHunter 신장판 31,헌터x헌터 HunterXHunter 신장판,31,,,토가시 요시히로,학산문화사(만화),2013-10,5400,,3915,513,2026-09-07T08:54:48+09:00,460,-53,4110,-195,0,0
399051208,세금으로 산 책 2,세금으로 산 책,2,,- 시프트코믹스,케이야마 케이,YNK MEDIA(만화),2026-07,5850,9.0,3845,514,2026-09-07T08:54:48+09:00,294,-220,4005,-160,0,0
380346507,더블크로스 The 3rd Edition 룰북 1,더블크로스 The 3rd Edition 룰북,1,,,F.E.A.R,데이즈엔터(주),2025-12,13500,,3897,515,2026-09-07T08:54:48+09:00,665,150,3507,390,0,0
300919153,헌터x헌터 HunterXHunter 신장판 14,헌터x헌터 HunterXHunter 신장판,14,,,토가시 요시히로,학산문화사(만화),2014-12,5400,,3673,516,2026-09-07T08:54:48+09:00,555,39,3759,-86,0,0
390941683,황천의 츠가이 1,황천의 츠가이,1,,,아라카와 히로무,대원씨아이(만화),2022-08,5850,,3955,517,2026-09-07T08:54:48+09:00,554,37,3725,230,0,0
399381869,담배 고양이 5,담배 고양이,5,,,냥냥 팩토리,대원씨아이(만화),2026-07,5400,,3730,518,2026-09-07T08:54:48+09:00,237,-281,3970,-240,0,0
298280739,헌터x헌터 HunterXHunter 신장판 16,헌터x헌터 HunterXHunter 신장판,16,,,토가시 요시히로,학산문화사(만화),2015-04,5400,,3525,519,2026-09-07T08:54:48+09:00,339,-180,3710,-185,0,0
301058679,헌터x헌터 HunterXHunter 신장판 25,헌터x헌터 HunterXHunter 신장판,25,,,토가시 요시히로,학산문화사(만화),2016-08,5400,,3406,520,2026-09-07T08:54:48+09:00,297,-223,3733,-327,0,0
301058589,헌터x헌터 HunterXHunter 신장판 19,헌터x헌터 HunterXHunter 신장판,19,,,토가시 요시히로,학산문화사(만화),2015-08,5400,,3365,521,2026-09-07T08:54:48+09:00,340,-181,3614,-249,0,0
356090755,그리고 마녀는 숲으로 갔다 2,그리고 마녀는 숲으로 갔다,2,,- 완결,산호,고블,2025-02,21600,9.9,3332,522,2026-09-07T08:54:48+09:00,240,-282,3539,-207,0,0
273182393,아라키 히로히코의 만화술,아라키 히로히코의 만화술,,,,아라키 히로히코,문학동네,2021-06,11700,10.0,3387,523,2026-09-07T08:54:48+09:00,472,-51,3501,-114,0,0
398009982,한구석의 기억 1,한구석의 기억,1,,,키요나가 타마고,빗금,2026-07,6750,10.0,3450,524,2026-09-07T08:54:48+09:00,670,146,3215,235,0,0
314918637,헌터x헌터 HunterXHunter 신장판 20,헌터x헌터 HunterXHunter 신장판,20,,,토가시 요시히로,학산문화사(만화),2015-12,5400,,3292,525,2026-09-07T08:54:48+09:00,392,-133,3492,-200,0,0
337798227,물가의 밤 1,물가의 밤,1,,,으자,봄툰,2024-01,15300,10.0,3235,526,2026-09-07T08:54:48+09:00,471,-55,3259,-24,0,0
394239585,사피엔스: 그래픽 히스토리 시리즈 세트 - 전4권,사피엔스: 그래픽 히스토리 시리즈 세트 - 전4권,,,,,김영사,2026-05,71280,9.3,3110,527,2026-09-07T08:54:48+09:00,393,-134,3425,-315,0,0
331057127,약사의 혼잣말 3,약사의 혼잣말,3,,,네코쿠라게,학산문화사(만화),2019-12,5400,,2955,528,2026-09-07T08:54:48+09:00,672,144,2926,29,0,0
396583445,약사의 혼잣말 21,약사의 혼잣말,21,,- 마오마오의 후궁 수수께끼 풀이수첩,쿠라타 미노지,서울미디어코믹스(서울문화사),2026-06,5400,9.9,2790,529,2026-09-07T08:54:48+09:00,479,-50,2675,115,0,0
394833578,장송의 프리렌 1,장송의 프리렌,1,,,야마다 카네히토,학산문화사(만화),2021-11,6300,,2525,530,2026-09-07T08:54:48+09:00,693,163,2410,115,0,0
238301861,마스터 키튼 완전판 1~12 세트 - 전12권 (완결),마스터 키튼 완전판 1~12 세트 - 전12권 (완결),,,,,대원씨아이(만화),2012-05,84680,10.0,2754,531,2026-09-07T08:54:48+09:00,476,-55,2843,-89,0,0
387039298,이거 그리고 죽어 7,이거 그리고 죽어,7,,,토요다 미노루,대원씨아이(만화),2026-02,5400,9.4,2666,532,2026-09-07T08:54:48+09:00,566,34,2711,-45,0,0
333689768,건방진 그 녀석 1,건방진 그 녀석,1,,,미츠바치 미유키,학산문화사(만화),2016-03,5400,10.0,2592,533,2026-09-07T08:54:48+09:00,301,-232,2672,-80,0,0
391655250,요괴소년 호야 완전판 2,요괴소년 호야 완전판,2,,,후지타 카즈히로,서울미디어코믹스(서울문화사),2026-04,14400,10.0,2687,534,2026-09-07T08:54:48+09:00,691,157,2684,3,0,0
319093936,100미터 2,100미터,2,,,우오토,학산문화사(만화),2023-06,8100,10.0,2442,535,2026-09-07T08:54:48+09:00,570,35,2355,87,0,0
399556315,이우일의 만화 그리스로마 신화 1~3 세트 - 전3권,이우일의 만화 그리스로마 신화 1~3 세트 - 전3권,,,,이우일,비채,2026-07,59850,,2335,536,2026-09-07T08:54:48+09:00,408,-128,2160,175,0,0
400245338,공주님 고문의 시간입니다 19,공주님 고문의 시간입니다,19,,- 완결,하루하라 로빈슨,학산문화사(만화),2026-08,5400,10.0,2200,537,2026-09-07T08:54:48+09:00,573,36,2130,70,0,0
398016295,무서운 책 5,무서운 책,5,,- 집념,우메즈 카즈오,AK(에이케이)커뮤니케이션즈,2026-07,9000,,2195,538,2026-09-07T08:54:48+09:00,894,356,2125,70,0,0
398906340,벨 푸페의 슈퍼달링 약혼 2 (한정판),벨 푸페의 슈퍼달링 약혼,2,한정판,- 아크릴 스탠드 + PET 프레임 클리어 카드 3종,셀렌,학산문화사(만화),2026-07,19800,,2070,539,2026-09-07T08:54:48+09:00,572,33,2205,-135,0,0
337058152,블리치 리믹스 1,블리치 리믹스,1,,,쿠보 타이토,서울미디어코믹스(서울문화사),2024-03,10800,8.0,1973,540,2026-09-07T08:54:48+09:00,489,-51,2057,-84,0,0
318446151,네가 죽을 때까지 사랑하고 싶어 3,네가 죽을 때까지 사랑하고 싶어,3,,,나치 아오노,학산문화사(만화),2021-05,5400,,1919,541,2026-09-07T08:54:48+09:00,579,38,2038,-119,0,0
333641995,건방진 그 녀석 4,건방진 그 녀석,4,,,미츠바치 미유키,학산문화사(만화),2016-10,5400,,2030,542,2026-09-07T08:54:48+09:00,701,159,1921,109,0,0
400587655,킬블루 13,킬블루,13,,,후지마키 타다토시,대원씨아이(만화),2026-08,5400,,1450,543,2026-09-07T08:54:48+09:00,585,42,1440,10,0,0
385894622,먼작귀 2 (그림책 포함 특별판),먼작귀,2,그림책 포함 특별판,- 먼가 작고 귀여운 녀석,나가노,미우(대원씨아이),2022-08,17820,,1511,544,2026-09-07T08:54:48+09:00,592,48,1401,110,0,0
396091175,향기로운 꽃은 늠름하게 핀다 14,향기로운 꽃은 늠름하게 핀다,14,,,미카미 사카,대원씨아이(만화),2026-06,6300,,1465,545,2026-09-07T08:54:48+09:00,587,42,1525,-60,0,0
400921733,이세계 전생 던전 마스터 온천 던전을 만들다 1,이세계 전생 던전 마스터 온천 던전을 만들다,1,,"- S Novel+, 초판 한정 아마하라 신규 일러스트 양면커버, 일러스트카드",아마하라,㈜소미미디어,2026-09,9000,,1330,546,2026-09-07T08:54:48+09:00,358,-188,1720,-390,0,0
400006756,녹는 눈과 아가판서스 1,녹는 눈과 아가판서스,1,,- 코믹 레인 / 초판한정 특별부록 : 띠지+일러스트 카드,나우치,미스터블루,2026-08,7200,,1360,547,2026-09-07T08:54:48+09:00,728,181,1310,50,0,0
351722750,단둘만의 로맨틱 2,단둘만의 로맨틱,2,,,카니사와 치히로,학산문화사(만화),2024-11,5400,10.0,1373,548,2026-09-07T08:54:48+09:00,926,378,1150,223,0,0
337394406,풀 나이트 1,풀 나이트,1,,- S코믹스,야스다 카스미,㈜소미미디어,2024-04,6300,10.0,1321,549,2026-09-07T08:54:48+09:00,412,-137,1321,0,0,0
400585836,아자미 야코를 좋아하게 된다 2,아자미 야코를 좋아하게 된다,2,,,유니티 콩,대원씨아이(만화),2026-08,5850,10.0,1230,550,2026-09-07T08:54:48+09:00,500,-50,1250,-20,0,0
400921444,페이스리스 드롭아웃 1,페이스리스 드롭아웃,1,,- S Novel+,류토,㈜소미미디어,2026-09,10800,,1160,551,2026-09-07T08:54:48+09:00,418,-133,1580,-420,0,0
400543500,"아리스, 우주까지도 4","아리스, 우주까지도",4,,,우리노 키코,대원씨아이(만화),2026-08,6300,,1040,552,2026-09-07T08:54:48+09:00,938,386,810,230,0,0
395745367,아자미 야코를 좋아하게 된다 1,아자미 야코를 좋아하게 된다,1,,,유니티 콩,대원씨아이(만화),2026-06,5850,10.0,1055,553,2026-09-07T08:54:48+09:00,,,,,1,0
400715990,가짜 연금술사 4,가짜 연금술사,4,,"- 픽시하우스, 초판한정 특별부록 : 일러스트 카드 + 띠지",우메마루,미스터블루,2026-09,7200,,1000,554,2026-09-07T08:54:48+09:00,730,176,870,130,0,0
400585956,통제구역관리부 4,통제구역관리부,4,,,탄광,다산코믹스,2026-08,18900,2.0,1050,555,2026-09-07T08:54:48+09:00,503,-52,960,90,0,0
400624765,장송의 프리렌 9,장송의 프리렌,9,,,야마다 카네히토,학산문화사(만화),2022-12,6300,,860,556,2026-09-07T08:54:48+09:00,962,406,550,310,0,0
360722086,그리고 싶은 나만의 도시와 거리,그리고 싶은 나만의 도시와 거리,,,,pasoputi,한즈미디어(한스미디어),2025-03,5400,10.0,851,557,2026-09-07T08:54:48+09:00,,,,,1,0
400917239,전생 악녀의 흑역사 18,전생 악녀의 흑역사,18,,,토우카 아키하루,서울미디어코믹스(서울문화사),2026-08,4500,,750,558,2026-09-07T08:54:48+09:00,507,-51,940,-190,0,0
347732633,인터넷 러브!,인터넷 러브!,,,,우리노 키코,빗금,2024-09,7650,9.5,668,559,2026-09-07T08:54:48+09:00,602,43,688,-20,0,0
401420914,"포근포근한 남자, 주웠습니다 1","포근포근한 남자, 주웠습니다",1,,,Namo Nanashima,서울미디어코믹스(서울문화사),2026-09,6300,,570,560,2026-09-07T08:54:48+09:00,,,,,1,0
401064601,궁극의 애니메이션 100,궁극의 애니메이션,100,,- 죽기 전에 꼭 봐야 할 아니메,조 오코넬,중앙books(중앙북스),2026-08,58500,,440,561,2026-09-07T08:54:48+09:00,742,181,480,-40,0,0
401046164,안티 페이크 러브,안티 페이크 러브,,,,미스미 요코,레어블(Rareble),2026-08,5400,,550,562,2026-09-07T08:54:48+09:00,511,-51,550,0,0,0
401326070,물고 싶지 않아,물고 싶지 않아,,,- BB코믹스,하루지ON,㈜소미미디어,2026-09,5850,,480,563,2026-09-07T08:54:48+09:00,,,,,1,0
401372286,라멘 아카네코 14,라멘 아카네코,14,,,Angyaman,서울미디어코믹스(서울문화사),2026-09,9000,,460,564,2026-09-07T08:54:48+09:00,611,47,590,-130,0,0
186848330,쥐 The Complete Maus 합본,쥐 The Complete Maus 합본,,,,아트 슈피겔만,아름드리미디어,2014-06,18900,9.4,13775,565,2026-09-07T08:54:48+09:00,427,-138,13795,-20,0,0
309862975,모 이야기,모 이야기,,,"- 숲속 모험, 2024 볼로냐 라가치상 오페라 프리마 스페셜 멘션, 2025 프랑스 소시에르상 수상작",최연주,엣눈북스(atnoonbooks),2023-02,19800,9.6,10407,566,2026-09-07T08:54:48+09:00,519,-47,10538,-131,0,0
312942363,타코피의 원죄 - 상,타코피의 원죄 - 상,,,,타이잔5,대원씨아이(만화),2023-03,5400,9.9,10168,567,2026-09-07T08:54:48+09:00,363,-204,10315,-147,0,0
397744206,학생회에도 구멍은 있다! 12,학생회에도 구멍은 있다!,12,,- S코믹스,무치마로,㈜소미미디어,2026-07,6300,9.0,10115,568,2026-09-07T08:54:48+09:00,430,-138,10280,-165,0,0
312942437,타코피의 원죄 - 하,타코피의 원죄 - 하,,,,타이잔5,대원씨아이(만화),2023-03,5400,8.8,9938,569,2026-09-07T08:54:48+09:00,365,-204,10095,-157,0,0
398221849,메달리스트 공식 팬북 더블특전판,메달리스트 공식 팬북 더블특전판,,,- 수량 한정 더블 특전 : 일러스트 카드 + 네컷사진,츠루마이카다,학산문화사(만화),2026-07,13500,10.0,9605,570,2026-09-07T08:54:48+09:00,431,-139,9780,-175,0,0
363873557,찍히지 않습니다 1,찍히지 않습니다,1,,- S코믹스,코노시마 루카,㈜소미미디어,2025-05,6300,9.8,8885,571,2026-09-07T08:54:48+09:00,435,-136,9123,-238,0,0
338040640,사피엔스 : 그래픽 히스토리 Vol.3,사피엔스 : 그래픽 히스토리 Vol.3,,,- 역사의 배후,,김영사,2024-04,17820,9.5,8209,572,2026-09-07T08:54:48+09:00,985,413,8116,93,0,0
358910532,명탐정 코난 106,명탐정 코난,106,,,아오야마 고쇼,서울미디어코믹스(서울문화사),2025-02,5400,10.0,8015,573,2026-09-07T08:54:48+09:00,755,182,8408,-393,0,0
301706355,주술회전 1,주술회전,1,,,아쿠타미 게게,서울미디어코믹스(서울문화사),2019-03,5400,4.0,7646,574,2026-09-07T08:54:48+09:00,628,54,7472,174,0,0
283806419,장송의 프리렌 2,장송의 프리렌,2,,,야마다 카네히토,학산문화사(만화),2021-11,5400,9.6,7629,575,2026-09-07T08:54:48+09:00,762,187,7459,170,0,0
397592223,애태울 정도의 사랑을 알아라 3,애태울 정도의 사랑을 알아라,3,,- 완결,쿄노 마코,학산문화사(만화),2026-07,6300,10.0,7160,576,2026-09-07T08:54:48+09:00,765,189,7315,-155,0,0
303306489,망그러진 만화 1,망그러진 만화,1,,- 망그러진 곰과 햄터의 귀염뽀짝 일상다반사!,유랑,좋은생각,2022-11,15120,9.9,7345,577,2026-09-07T08:54:48+09:00,370,-207,7603,-258,0,0
375360162,향기로운 꽃은 늠름하게 핀다 17,향기로운 꽃은 늠름하게 핀다,17,,,미카미 사카,대원씨아이(만화),2025-10,5400,,6914,578,2026-09-07T08:54:48+09:00,371,-207,7130,-216,0,0
301706807,주술회전 4,주술회전,4,,,아쿠타미 게게,서울미디어코믹스(서울문화사),2019-05,5400,,6874,579,2026-09-07T08:54:48+09:00,767,188,6757,117,0,0
309609895,타몬 군 지금 어느 쪽?! 1,타몬 군 지금 어느 쪽?!,1,,,시와스 유키,학산문화사(만화),2023-01,5400,9.5,6490,580,2026-09-07T08:54:48+09:00,,,,,1,0
364586421,봄의 폭풍과 몬스터 6,봄의 폭풍과 몬스터,6,,,미츠바치 미유키,학산문화사(만화),2025-05,5400,9.7,6664,581,2026-09-07T08:54:48+09:00,771,190,6635,29,0,0
392509889,애태울 정도의 사랑을 알아라 2,애태울 정도의 사랑을 알아라,2,,,쿄노 마코,학산문화사(만화),2026-05,6300,9.9,6260,582,2026-09-07T08:54:48+09:00,639,57,6075,185,0,0
370615925,향기로운 꽃은 늠름하게 핀다 15,향기로운 꽃은 늠름하게 핀다,15,,,미카미 사카,대원씨아이(만화),2025-08,5400,,6440,583,2026-09-07T08:54:48+09:00,527,-56,6416,24,0,0
216773326,그 비스크 돌은 사랑을 한다 1,그 비스크 돌은 사랑을 한다,1,,- S코믹스,후쿠다 신이치,㈜소미미디어,2019-11,6300,9.4,6109,584,2026-09-07T08:54:48+09:00,438,-146,6166,-57,0,0
304252422,귀멸 학원! 2,귀멸 학원!,2,,,호카미 나츠키,학산문화사(만화),2022-11,5400,8.0,6002,585,2026-09-07T08:54:48+09:00,776,191,6002,0,0,0
301714623,주술회전 17,주술회전,17,,- 갈대를 입에 물다,아쿠타미 게게,서울미디어코믹스(서울문화사),2021-11,5400,,5927,586,2026-09-07T08:54:48+09:00,777,191,5896,31,0,0
384927762,약사의 혼잣말 16,약사의 혼잣말,16,,- 카니발 플러스,휴우가 나츠,학산문화사(단행본),2026-01,8100,9.2,5932,587,2026-09-07T08:54:48+09:00,530,-57,6001,-69,0,0
398197212,비실비실 선생님 15 (특별판),비실비실 선생님,15,특별판,- 패키지 박스 + 초판한정 일러스트 폴라로이드 카드 1종 + 캐릭터 아크릴 스탠드 1종 + 아크릴 키링 2종 + 포토카드 4종 + 미니포스터 1종,후쿠치 카미오,대원씨아이(만화),2026-07,27000,,5845,588,2026-09-07T08:54:48+09:00,640,52,5920,-75,0,0
375158873,봄의 폭풍과 몬스터 7,봄의 폭풍과 몬스터,7,,,미츠바치 미유키,학산문화사(만화),2025-10,5400,9.6,5799,589,2026-09-07T08:54:48+09:00,531,-58,5792,7,0,0
301708557,주술회전 10,주술회전,10,,,아쿠타미 게게,서울미디어코믹스(서울문화사),2020-12,5400,,5583,590,2026-09-07T08:54:48+09:00,784,194,5504,79,0,0
365659712,타워 던전 1,타워 던전,1,,,니헤이 츠토무,학산문화사(만화),2025-06,6300,9.6,5607,591,2026-09-07T08:54:48+09:00,439,-152,5661,-54,0,0
67153695,기븐 1,기븐,1,,- 뉴 루비코믹스 1740,키즈 나츠키,현대지능개발사,2015-09,4950,9.2,5717,592,2026-09-07T08:54:48+09:00,533,-59,5715,2,0,0
388137308,믹스 MIX 24,믹스 MIX,24,,,아다치 미츠루,대원씨아이(만화),2026-03,5400,10.0,5264,593,2026-09-07T08:54:48+09:00,645,52,5359,-95,0,0
382042979,지박소년 하나코 군 25 (어드벤트 캘린더 특장판),지박소년 하나코 군,25,어드벤트 캘린더 특장판,- 어드벤트 캘린더 (아크릴 참 7종 & 미니 클리어 카드 17종) + 25권 초판 사은품 (홀로그램 양면 책갈피 + 아크릴 스탠딩 POP),아이다이로,서울미디어코믹스(서울문화사),2026-01,48600,7.0,5148,594,2026-09-07T08:54:48+09:00,646,52,5158,-10,0,0
303094586,아름다운 초저녁달 4,아름다운 초저녁달,4,,,야마모리 미카,학산문화사(만화),2022-10,5400,9.9,4878,595,2026-09-07T08:54:48+09:00,798,203,4755,123,0,0
246152488,여름 안에서,여름 안에서,,,,성률,문학동네,2020-07,17550,8.1,4672,596,2026-09-07T08:54:48+09:00,381,-215,4881,-209,0,0
399051127,"너무 건방져, 치가야 군 1","너무 건방져, 치가야 군",1,,,안도 마이,에이템포미디어,2026-07,5850,,4445,597,2026-09-07T08:54:48+09:00,379,-218,4750,-305,0,0
395357833,전생했더니 슬라임이었던 건에 대하여 23,전생했더니 슬라임이었던 건에 대하여,23,,"- S Novel+, 완결 / 초판 한정 책갈피, 양면커버",후세,㈜소미미디어,2026-06,12600,,4500,598,2026-09-07T08:54:48+09:00,448,-150,4575,-75,0,0
355679069,카구라바치 3,카구라바치,3,,,호카조노 타케루,대원씨아이(만화),2025-01,5850,9.7,4451,599,2026-09-07T08:54:48+09:00,819,220,4230,221,0,0
373365108,타워 던전 3,타워 던전,3,,,니헤이 츠토무,학산문화사(만화),2025-10,6300,10.0,4270,600,2026-09-07T08:54:48+09:00,,,,,1,0
390011039,황천의 츠가이 3,황천의 츠가이,3,,,아라카와 히로무,대원씨아이(만화),2023-05,5850,,4438,601,2026-09-07T08:54:48+09:00,657,56,4130,308,0,0
396368739,어서 와 수평선 1 (트리플 특전판),어서 와 수평선,1,트리플 특전판,- 띠지 + 입욕권 북마크 1종 + pp 스탠드 1종 + 티셔츠 판 스티커 1종,와타베 타이요,대원씨아이(만화),2026-06,6300,10.0,4240,602,2026-09-07T08:54:48+09:00,814,212,4075,165,0,0
328754603,아름다운 초저녁달 6,아름다운 초저녁달,6,,,야마모리 미카,학산문화사(만화),2023-11,5400,9.9,4122,603,2026-09-07T08:54:48+09:00,,,,,1,0
282899555,지박소년 하나코 군 6,지박소년 하나코 군,6,,,아이다이로,서울미디어코믹스(서울문화사),2021-11,5400,10.0,4157,604,2026-09-07T08:54:48+09:00,655,51,4229,-72,0,0
397904768,푸른 상자 24,푸른 상자,24,,,미우라 코우지,학산문화사(만화),2026-07,5400,10.0,4170,605,2026-09-07T08:54:48+09:00,263,-342,4295,-125,0,0
384923701,패배 히로인이 너무 많아! 8,패배 히로인이 너무 많아!,8,,- Novel Engine,아마모리 타키비,데이즈엔터(주),2026-02,7200,10.0,3992,606,2026-09-07T08:54:48+09:00,551,-55,4165,-173,0,0
86997362,용의 학교는 산 위에,용의 학교는 산 위에,,,"- 쿠이 료코 작품집, S코믹스",쿠이 료코,㈜소미미디어,2016-07,8550,9.4,3904,607,2026-09-07T08:54:48+09:00,824,217,3789,115,0,0
393803131,"밟고, 차고, 사랑하고 6","밟고, 차고, 사랑하고",6,,,이치야 스미,대원씨아이(만화),2026-05,4950,9.7,4010,608,2026-09-07T08:54:48+09:00,552,-56,4045,-35,0,0
364156956,카구라바치 5,카구라바치,5,,,호카조노 타케루,대원씨아이(만화),2025-05,5850,9.4,3934,609,2026-09-07T08:54:48+09:00,830,221,3630,304,0,0
390940611,이로하의 글이 이끄는 -눈 녹는 길-,이로하의 글이 이끄는 -눈 녹는 길-,,,,하나모리,시플리,2026-04,6300,9.1,3788,610,2026-09-07T08:54:48+09:00,456,-154,3928,-140,0,0
293068139,기븐 7,기븐,7,,- 뉴 루비코믹스 2755,키즈 나츠키,현대지능개발사,2022-04,5400,9.8,3886,611,2026-09-07T08:54:48+09:00,825,214,3963,-77,0,0
342596427,아름다운 초저녁달 7,아름다운 초저녁달,7,,,야마모리 미카,학산문화사(만화),2024-07,5400,9.9,3723,612,2026-09-07T08:54:48+09:00,,,,,1,0
390241459,황천의 츠가이 4,황천의 츠가이,4,,,아라카와 히로무,대원씨아이(만화),2023-10,5850,,3806,613,2026-09-07T08:54:48+09:00,826,213,3657,149,0,0
397175745,악마에 입문했습니다! 이루마 군 47,악마에 입문했습니다! 이루마 군,47,,,니시 오사무,서울미디어코믹스(서울문화사),2026-07,5850,,3815,614,2026-09-07T08:54:48+09:00,823,209,3950,-135,0,0
327273874,원룸 조교님 1,원룸 조교님,1,,,지붕,유어마나(거북이북스),2023-10,15300,9.0,3655,615,2026-09-07T08:54:48+09:00,,,,,1,0
399540525,전희 서바이벌 사가 3,전희 서바이벌 사가,3,,,OTOSAMA,오팬스코믹,2026-07,6300,10.0,3460,616,2026-09-07T08:54:48+09:00,390,-226,3480,-20,0,0
391827984,츠쿠모고미,츠쿠모고미,,,,판판야,대원씨아이(만화),2026-04,11700,,3444,617,2026-09-07T08:54:48+09:00,,,,,1,0
314918984,헌터x헌터 HunterXHunter 신장판 28,헌터x헌터 HunterXHunter 신장판,28,,,토가시 요시히로,학산문화사(만화),2016-12,5400,,3333,618,2026-09-07T08:54:48+09:00,466,-152,3517,-184,0,0
396563437,나나 NANA 완전판 10,나나 NANA 완전판,10,,"- 초판한정: PP엽서 1종, 포토카드 1종",야자와 아이,학산문화사(만화),2026-06,10800,,3390,619,2026-09-07T08:54:48+09:00,558,-61,3235,155,0,0
400006989,이세계 유유자적 농가 16,이세계 유유자적 농가,16,,"- Novel Engine /초판한정 특별부록: 띠지, 양면 커버",나이토 키노스케,데이즈엔터(주),2026-08,9000,10.0,3210,620,2026-09-07T08:54:48+09:00,557,-63,3320,-110,0,0
298051313,헌터x헌터 HunterXHunter 신장판 26,헌터x헌터 HunterXHunter 신장판,26,,,토가시 요시히로,학산문화사(만화),2016-08,5400,,3214,621,2026-09-07T08:54:48+09:00,469,-152,3389,-175,0,0
372013929,지박소년 하나코 군 24,지박소년 하나코 군,24,,,아이다이로,서울미디어코믹스(서울문화사),2025-09,5400,,3197,622,2026-09-07T08:54:48+09:00,468,-154,3391,-194,0,0
392470818,작두 2,작두,2,,,232(이삼이),영컴(YOUNG COM),2026-05,15120,,3147,623,2026-09-07T08:54:48+09:00,,,,,1,0
398010173,한구석의 기억 2,한구석의 기억,2,,,키요나가 타마고,빗금,2026-07,6750,10.0,3075,624,2026-09-07T08:54:48+09:00,854,230,2875,200,0,0
396049332,블루 자이언트 모멘텀 6,블루 자이언트 모멘텀,6,,,이시즈카 신이치,대원씨아이(만화),2026-06,5850,10.0,2890,625,2026-09-07T08:54:48+09:00,563,-62,2905,-15,0,0
397022214,창천항로 애장판 2,창천항로 애장판,2,,,킹곤타,대원씨아이(만화),2026-06,16200,10.0,2870,626,2026-09-07T08:54:48+09:00,680,54,2800,70,0,0
319093776,100미터 1,100미터,1,,,우오토,학산문화사(만화),2023-06,8100,10.0,2776,627,2026-09-07T08:54:48+09:00,688,61,2638,138,0,0
398869812,창천항로 애장판 3,창천항로 애장판,3,,,킹곤타,대원씨아이(만화),2026-07,16200,,2630,628,2026-09-07T08:54:48+09:00,396,-232,2820,-190,0,0
399050467,블루 피리어드 6 (한정판),블루 피리어드,6,한정판,"- 시프트코믹스 /한정판 구성품 : 도서(초판 부록 포함), 1~6권 수납 박스, 컬러링북 소책자, 박티켓 책갈피 3종",야마구치 츠바사,YNK MEDIA(만화),2026-07,13500,,2675,629,2026-09-07T08:54:48+09:00,480,-149,2680,-5,0,0
396168079,젖짜기 헌터의 이세계 착유기 1,젖짜기 헌터의 이세계 착유기,1,,,소라요미 다이치,길찾기,2026-05,7200,8.0,2585,630,2026-09-07T08:54:48+09:00,690,60,2765,-180,0,0
384344658,네가 죽을 때까지 사랑하고 싶어 8,네가 죽을 때까지 사랑하고 싶어,8,,,나치 아오노,학산문화사(만화),2026-01,5400,9.9,2444,631,2026-09-07T08:54:48+09:00,484,-147,2672,-228,0,0
399056156,보이는 여고생 12,보이는 여고생,12,,- 픽시하우스,이즈미 토모키,데이즈엔터(주),2026-08,7200,,2465,632,2026-09-07T08:54:48+09:00,477,-155,2635,-170,0,0
389928631,얼음 성벽 14,얼음 성벽,14,,- 완결,아가사와 코챠,학산문화사(만화),2026-04,9000,10.0,2517,633,2026-09-07T08:54:48+09:00,,,,,1,0
232336577,달빛천사 애장판 3,달빛천사 애장판,3,,,타네무라 아리나,서울미디어코믹스(서울문화사),2020-02,8550,10.0,2685,634,2026-09-07T08:54:48+09:00,683,49,2548,137,0,0
232338320,달빛천사 애장판 4,달빛천사 애장판,4,,- 완결,타네무라 아리나,서울미디어코믹스(서울문화사),2020-02,8550,10.0,2660,635,2026-09-07T08:54:48+09:00,686,51,2523,137,0,0
319094091,100미터 5,100미터,5,,,우오토,학산문화사(만화),2023-06,8100,10.0,2402,636,2026-09-07T08:54:48+09:00,694,58,2297,105,0,0
319093999,100미터 3,100미터,3,,,우오토,학산문화사(만화),2023-06,8100,10.0,2353,637,2026-09-07T08:54:48+09:00,695,58,2251,102,0,0
319094052,100미터 4,100미터,4,,,우오토,학산문화사(만화),2023-06,8100,10.0,2346,638,2026-09-07T08:54:48+09:00,696,58,2246,100,0,0
399541020,클레바테스 10,클레바테스,10,,,이와하라 유지,오팬스코믹,2026-07,6300,,2165,639,2026-09-07T08:54:48+09:00,574,-65,2300,-135,0,0
398198629,천방대각 2,천방대각,2,,"- SL Comic / 초판 한정 특전 띠지, 네컷 사진, 양면 일러스트 카드, 포토 카드",유바 후미지,디앤씨미디어(주)(D&C미디어),2026-07,6300,10.0,2170,640,2026-09-07T08:54:48+09:00,,,,,1,0
400006981,유녀전기 대대야사 1,유녀전기 대대야사,1,,- 노엔 코믹스 / 초판한정 특별부록 : 일러스트 카드 + 띠지,토죠 치카,데이즈엔터(주),2026-08,5400,10.0,2130,641,2026-09-07T08:54:48+09:00,303,-338,2480,-350,0,0
395531072,장송의 프리렌 13,장송의 프리렌,13,,,야마다 카네히토,학산문화사(만화),2024-12,6300,,2240,642,2026-09-07T08:54:48+09:00,698,56,2050,190,0,0
399900769,소꿉친구 컴플렉스 4~5 스페셜 세트 - 전2권,소꿉친구 컴플렉스 4~5 스페셜 세트 - 전2권,,,"- 초판 한정 부록 : 책갈피 2종(4, 5권 책갈피 각각 1종) + 렌티큘러 엽서 2종 + 증명사진 패키지 + 폴라로이드 4종 + 작가님 사인 인쇄본",은하이,네이버웹툰,2026-10,39600,,2805,643,2026-09-07T08:54:48+09:00,862,219,2290,515,0,0
399594642,동거하는 검성 여스승이 너무 귀여워서 매일 행복합니다 1,동거하는 검성 여스승이 너무 귀여워서 매일 행복합니다,1,,,R_링고,길찾기,2026-06,7200,10.0,2435,644,2026-09-07T08:54:48+09:00,483,-161,2415,20,0,0
313274245,네가 죽을 때까지 사랑하고 싶어 1,네가 죽을 때까지 사랑하고 싶어,1,,,나치 아오노,학산문화사(만화),2020-12,5400,,2133,645,2026-09-07T08:54:48+09:00,352,-293,2333,-200,0,0
302325654,건방진 그 녀석 3,건방진 그 녀석,3,,,미츠바치 미유키,학산문화사(만화),2016-08,5400,,2242,646,2026-09-07T08:54:48+09:00,879,233,2054,188,0,0
394841350,장송의 프리렌 6,장송의 프리렌,6,,,야마다 카네히토,학산문화사(만화),2022-03,6300,,2105,647,2026-09-07T08:54:48+09:00,896,249,1845,260,0,0
399055863,다크 개더링 1,다크 개더링,1,,- 픽시하우스 /초판 한정: 띠지 + 일러스트 카드,콘도 켄이치,코믹레인,2026-08,6300,10.0,1970,648,2026-09-07T08:54:48+09:00,487,-161,1970,0,0,0
399390376,"가까이 와줘, 스피카 1 (특장판)","가까이 와줘, 스피카",1,특장판,- 단행본 + 아크릴 스탠드 + 인화사진 2종 + 일러스트 카드 + 별도 박스 포장,fuyu,대원씨아이(만화),2026-07,18000,10.0,1980,649,2026-09-07T08:54:48+09:00,889,240,1870,110,0,0
308287261,네가 죽을 때까지 사랑하고 싶어 5,네가 죽을 때까지 사랑하고 싶어,5,,,나치 아오노,학산문화사(만화),2023-01,5400,10.0,1963,650,2026-09-07T08:54:48+09:00,488,-162,2267,-304,0,0
290968765,네가 죽을 때까지 사랑하고 싶어 4,네가 죽을 때까지 사랑하고 싶어,4,,,나치 아오노,학산문화사(만화),2022-03,5400,10.0,1886,651,2026-09-07T08:54:48+09:00,491,-160,2170,-284,0,0
399953662,히마텐! 4,히마텐!,4,,- SL Comic,오노 겐키,디앤씨미디어(주)(D&C미디어),2026-08,6300,,1865,652,2026-09-07T08:54:48+09:00,704,52,1730,135,0,0
312392672,아인 2,아인,2,,,사쿠라이 가몬,학산문화사(만화),2014-09,5400,,1833,653,2026-09-07T08:54:48+09:00,,,,,1,0
388511029,고슴도치와 콘트라스트 1,고슴도치와 콘트라스트,1,,- 솔트 코믹스,호토나카,YNK MEDIA(만화),2026-03,5850,,1801,654,2026-09-07T08:54:48+09:00,904,250,1630,171,0,0
387880927,아다치와 시마무라 2,아다치와 시마무라,2,,,유즈하라 모케,학산문화사(만화),2026-03,6300,10.0,1653,655,2026-09-07T08:54:48+09:00,,,,,1,0
399973834,라라의 결혼 8,라라의 결혼,8,,,타메코우,블랑코믹스(BLANC COMICS),2026-08,6300,,1530,656,2026-09-07T08:54:48+09:00,910,254,1540,-10,0,0
400652779,스노우볼 어스 4,스노우볼 어스,4,,- 시프트코믹스,츠지츠구 유우히로,YNK MEDIA(만화),2026-08,5400,10.0,1500,657,2026-09-07T08:54:48+09:00,216,-441,1670,-170,0,0
391302897,못 미더운 악녀입니다만 : ~추궁접서 교체전~ 9,못 미더운 악녀입니다만 : ~추궁접서 교체전~,9,,,EI Ohitsuji,서울미디어코믹스(서울문화사),2026-04,6300,10.0,1360,658,2026-09-07T08:54:48+09:00,596,-62,1404,-44,0,0
386058010,사카모토 데이즈 25,사카모토 데이즈,25,,- 친구이상 킬러미만,스즈키 유우토,대원씨아이(만화),2026-02,5850,,1350,659,2026-09-07T08:54:48+09:00,411,-248,1515,-165,0,0
315161275,캐릭터 채색 & 레이어 테크닉,캐릭터 채색 & 레이어 테크닉,,,"- 인물을 더욱 매력적으로 만드는, 전면개정판",kyachi,한즈미디어(한스미디어),2023-04,4050,10.0,1460,660,2026-09-07T08:54:48+09:00,717,57,1450,10,0,0
397620794,장송의 프리렌 3,장송의 프리렌,3,,,야마다 카네히토,학산문화사(만화),2021-12,6300,,1445,661,2026-09-07T08:54:48+09:00,929,268,1195,250,0,0
338563463,블리치 리믹스 2,블리치 리믹스,2,,,쿠보 타이토,서울미디어코믹스(서울문화사),2024-04,10800,10.0,1429,662,2026-09-07T08:54:48+09:00,496,-166,1636,-207,0,0
400878045,온통 여우 1 (한정판),온통 여우,1,한정판,- 구성: 단행본(초판 특전 포함) + 커스텀 아크릴 키링 + 홀로그램 아크릴 일러스트 카드 + 판 스티커,Ayami Morinaga,서울미디어코믹스(서울문화사),2026-08,22500,10.0,1380,663,2026-09-07T08:54:48+09:00,219,-444,1660,-280,0,0
399312403,극한견주 6,극한견주,6,,- 출간 기념 선착순 특전: 잘라쓰는 북마크,마일로,북극여우,2026-07,14850,,1260,664,2026-09-07T08:54:48+09:00,590,-74,1375,-115,0,0
400669097,서뱀프 Servamp 23~24 세트 - 전2권,서뱀프 Servamp 23~24 세트 - 전2권,,,"- 판도라 코믹스, 완결 ,초판 한정 일러스트 카드 2종, 16P 소책자, big 엽서 1종",타나카 스트라이크,조은세상(북두),2026-08,13500,,1140,665,2026-09-07T08:54:48+09:00,275,-390,1480,-340,0,0
398728056,마법소녀를 동경해서 4 (더블특전판),마법소녀를 동경해서,4,더블특전판,- 초판한정 : 일러스트 카드 1종 + SD 스티커 1종,오노나카 아키히로,대원씨아이(만화),2026-07,6750,,1290,666,2026-09-07T08:54:48+09:00,719,53,1295,-5,0,0
398728051,마법소녀를 동경해서 3 (더블특전판),마법소녀를 동경해서,3,더블특전판,- 초판한정 : 일러스트 카드 1종 + SD 스티커 1종,오노나카 아키히로,대원씨아이(만화),2026-07,6750,,1290,667,2026-09-07T08:54:48+09:00,722,55,1280,10,0,0
355732920,단둘만의 로맨틱 3,단둘만의 로맨틱,3,,- 완결,카니사와 치히로,학산문화사(만화),2025-01,5400,10.0,1245,668,2026-09-07T08:54:48+09:00,723,55,1142,103,0,0
393162271,데스 노트 Death Note 2,데스 노트 Death Note,2,,,오바 츠구미,대원씨아이(만화),2004-12,6300,,1105,669,2026-09-07T08:54:48+09:00,727,58,1150,-45,0,0
340310033,블리치 리믹스 3,블리치 리믹스,3,,,쿠보 타이토,서울미디어코믹스(서울문화사),2024-05,10800,10.0,1104,670,2026-09-07T08:54:48+09:00,414,-256,1328,-224,0,0
400669111,커다란 네가 제일 귀여워,커다란 네가 제일 귀여워,,,- 라르고 맥스 Largo Max,유키하루,조은세상(북두),2026-08,6300,,1100,671,2026-09-07T08:54:48+09:00,357,-314,1190,-90,0,0
400707795,뉴노멀 8,뉴노멀,8,,,아이하라 아키토,대원씨아이(만화),2026-08,5400,,1060,672,2026-09-07T08:54:48+09:00,,,,,1,0
396089569,데스 노트 Death Note 3,데스 노트 Death Note,3,,,오바 츠구미,대원씨아이(만화),2012-02,6300,,895,673,2026-09-07T08:54:48+09:00,731,58,1075,-180,0,0
400856407,탱크체어 TANK CHAIR 4,탱크체어 TANK CHAIR,4,,,야시로 마나부,대원씨아이(만화),2026-08,6300,,880,674,2026-09-07T08:54:48+09:00,947,273,670,210,0,0
400654225,아질 Asyl 1,아질 Asyl,1,,- 시프트코믹스,하야토 유우,YNK MEDIA(만화),2026-08,5400,10.0,970,675,2026-09-07T08:54:48+09:00,,,,,1,0
374014906,명탐정 코난 : 1일 1쪽 뇌 자극 수학 추리 고급편 154문,명탐정 코난 : 1일 1쪽 뇌 자극 수학 추리 고급편 154문,,,,아오야마 고쇼,서울미디어코믹스(서울문화사),2025-10,13500,10.0,765,676,2026-09-07T08:54:48+09:00,608,-68,1005,-240,0,0
401047138,장송의 프리렌 10,장송의 프리렌,10,,,야마다 카네히토,학산문화사(만화),2026-08,6300,,640,677,2026-09-07T08:54:48+09:00,510,-167,540,100,0,0
401008380,렛츠고 괴기조 5,렛츠고 괴기조,5,,,View,㈜에스엠지크리에이티브(고은문화사),2026-08,5850,,720,678,2026-09-07T08:54:48+09:00,360,-318,590,130,0,0
401041322,술에 취한 영애가 영웅을 몰라보고 구혼한 결과 1,술에 취한 영애가 영웅을 몰라보고 구혼한 결과,1,,,오오토리,대원씨아이(만화),2026-08,5850,,660,679,2026-09-07T08:54:48+09:00,313,-366,740,-80,0,0
400930279,에리스의 성배 6,에리스의 성배,6,,- S코믹스,모모야마 히나세,㈜소미미디어,2026-09,6300,,710,680,2026-09-07T08:54:48+09:00,416,-264,910,-200,0,0
401041304,언더독의 왕관 1,언더독의 왕관,1,,,시나치쿠,대원씨아이(만화),2026-08,6300,,440,681,2026-09-07T08:54:48+09:00,965,284,280,160,0,0
392519845,디그 잇 2,디그 잇,2,,,Yoshidamaru,학산문화사(만화),2026-05,6300,6.0,600,682,2026-09-07T08:54:48+09:00,,,,,1,0
401291184,1995 청춘 레포트 2,1995 청춘 레포트,2,,- 초판 한정 부록 : 껌 만화 + 인화사진 + 띠지,맹수,봄툰,2026-08,14400,,360,683,2026-09-07T08:54:48+09:00,607,-76,510,-150,0,0
401459213,봄의 폭풍과 몬스터 8,봄의 폭풍과 몬스터,8,,,미츠바치 미유키,학산문화사(만화),2026-09,6300,,530,684,2026-09-07T08:54:48+09:00,,,,,1,0
401348042,혀끝에서부터 사랑 3,혀끝에서부터 사랑,3,,- 완결,모모세 안,블랑코믹스(BLANC COMICS),2026-09,5400,,620,685,2026-09-07T08:54:48+09:00,,,,,1,0
396644572,포켓몬 생태도감 특별판,포켓몬 생태도감 특별판,,,,주식회사 포켓몬,대원씨아이(단행본),2026-06,44100,10.0,22345,686,2026-09-07T08:54:48+09:00,317,-369,22855,-510,0,0
286633169,여학교의 별 1,여학교의 별,1,,,와야마 야마,문학동네,2022-01,7650,9.4,17057,687,2026-09-07T08:54:48+09:00,968,281,17032,25,0,0
293054296,여학교의 별 2,여학교의 별,2,,,와야마 야마,문학동네,2022-05,7650,9.8,16477,688,2026-09-07T08:54:48+09:00,969,281,16466,11,0,0
371535926,체인소 맨 20,체인소 맨,20,,,후지모토 타츠키,학산문화사(만화),2025-09,5400,9.2,16486,689,2026-09-07T08:54:48+09:00,616,-73,16547,-61,0,0
316732827,여학교의 별 3,여학교의 별,3,,,와야마 야마,문학동네,2023-05,7650,9.8,14832,690,2026-09-07T08:54:48+09:00,971,281,14776,56,0,0
387708173,GACHIAKUTA 16,GACHIAKUTA,16,,,케이 우라나,학산문화사(만화),2026-03,5400,10.0,10219,691,2026-09-07T08:54:48+09:00,617,-74,11258,-1039,0,0
379795065,괴수 8호 16 (더블 특전판),괴수 8호,16,더블 특전판,"- 완결, '카프카' 캐릭터 카드 + 스페셜 일러스트 카드 2종",마츠모토 나오야,서울미디어코믹스(서울문화사),2025-12,5400,10.0,11068,692,2026-09-07T08:54:48+09:00,515,-177,11017,51,0,0
389009894,오무라이스 잼잼 16,오무라이스 잼잼,16,,,조경규,송송책방,2026-04,18900,10.0,10444,693,2026-09-07T08:54:48+09:00,518,-175,10542,-98,0,0
296415507,체인소 맨 10,체인소 맨,10,,,후지모토 타츠키,학산문화사(만화),2022-01,5400,10.0,10201,694,2026-09-07T08:54:48+09:00,,,,,1,0
368857673,명탐정 코난 107,명탐정 코난,107,,,아오야마 고쇼,서울미디어코믹스(서울문화사),2025-07,5400,9.9,10340,695,2026-09-07T08:54:48+09:00,364,-331,10292,48,0,0
379004652,열혈강호 94,열혈강호,94,,,전극진,대원씨아이(만화),2025-11,4950,9.2,9677,696,2026-09-07T08:54:48+09:00,749,53,9647,30,0,0
299392454,자연스러운 인체 드로잉,자연스러운 인체 드로잉,,,- 해부학부터 옷 주름까지 배우는,소은 박경선,동양북스(동양문고),2022-08,21150,10.0,9541,697,2026-09-07T08:54:48+09:00,432,-265,9622,-81,0,0
372510203,반딧불이의 혼례 8,반딧불이의 혼례,8,,,타치바나 오레코,서울미디어코믹스(서울문화사),2025-09,7650,9.8,8104,698,2026-09-07T08:54:48+09:00,987,289,7975,129,0,0
277000440,명탐정 코난 : 경찰학교 편 - 상,명탐정 코난 : 경찰학교 편 - 상,,,,아라이 타카히로,서울미디어코믹스(서울문화사),2021-08,4950,9.1,7929,699,2026-09-07T08:54:48+09:00,760,61,7878,51,0,0
277000811,명탐정 코난 : 경찰학교 편 - 하,명탐정 코난 : 경찰학교 편 - 하,,,,아라이 타카히로,서울미디어코믹스(서울문화사),2021-08,4950,9.3,7881,700,2026-09-07T08:54:48+09:00,624,-76,7876,5,0,0
367932030,찍히지 않습니다 2,찍히지 않습니다,2,,- S코믹스,코노시마 루카,㈜소미미디어,2025-07,6300,9.8,7624,701,2026-09-07T08:54:48+09:00,524,-177,7798,-174,0,0
324949099,봄의 폭풍과 몬스터 1,봄의 폭풍과 몬스터,1,,,미츠바치 미유키,학산문화사(만화),2023-10,5400,9.7,7159,702,2026-09-07T08:54:48+09:00,766,64,7168,-9,0,0
374814986,찍히지 않습니다 3,찍히지 않습니다,3,,"- S코믹스, 초판종료",코노시마 루카,㈜소미미디어,2025-10,5850,8.3,7024,703,2026-09-07T08:54:48+09:00,631,-72,7161,-137,0,0
66417675,슬램덩크 오리지널 박스판 1~5 세트 - 전5권,슬램덩크 오리지널 박스판 1~5 세트 - 전5권,,,,이노우에 타케히코,대원씨아이(만화),2015-09,27000,9.9,7001,704,2026-09-07T08:54:48+09:00,634,-70,7091,-90,0,0
318850889,마루는 강쥐 1,마루는 강쥐,1,,,모죠,문페이스,2023-07,14400,10.0,6817,705,2026-09-07T08:54:48+09:00,525,-180,6846,-29,0,0
301884449,귀멸 학원! 1,귀멸 학원!,1,,,호카미 나츠키,학산문화사(만화),2022-09,5400,9.6,6707,706,2026-09-07T08:54:48+09:00,,,,,1,0
365660227,모 이야기 2,모 이야기,2,,,최연주,엣눈북스(atnoonbooks),2025-06,20700,9.1,6626,707,2026-09-07T08:54:48+09:00,526,-181,6692,-66,0,0
301182588,주술회전 3,주술회전,3,,,아쿠타미 게게,서울미디어코믹스(서울문화사),2019-04,5400,,6675,708,2026-09-07T08:54:48+09:00,998,290,6523,152,0,0
132200228,재즈 잇 업! Jazz It Up!,재즈 잇 업! Jazz It Up!,,,"- 남무성의 만화로 보는 재즈의 역사, 출간 15주년 특별 개정증보판",남무성,서해문집,2018-02,24300,9.6,6417,709,2026-09-07T08:54:48+09:00,772,63,6339,78,0,0
315295029,귀멸 학원! 3,귀멸 학원!,3,,,호카미 나츠키,학산문화사(만화),2023-04,5400,9.6,6175,710,2026-09-07T08:54:48+09:00,636,-74,6212,-37,0,0
301714703,주술회전 18,주술회전,18,,- 열기,아쿠타미 게게,서울미디어코믹스(서울문화사),2022-02,5400,,5773,711,2026-09-07T08:54:48+09:00,,,,,1,0
290968392,아름다운 초저녁달 2,아름다운 초저녁달,2,,,야마모리 미카,학산문화사(만화),2022-03,5400,10.0,5791,712,2026-09-07T08:54:48+09:00,780,68,5670,121,0,0
394695720,바닷바람과 용의 보금자리 2,바닷바람과 용의 보금자리,2,,,시마 아사토,학산문화사(만화),2026-06,6300,10.0,5645,713,2026-09-07T08:54:48+09:00,532,-181,5735,-90,0,0
375079924,"사랑하라, 거짓된 천사들이여 5","사랑하라, 거짓된 천사들이여",5,,,Coco Uzuki,서울미디어코믹스(서울문화사),2025-10,5400,5.3,5625,714,2026-09-07T08:54:48+09:00,,,,,1,0
226966203,그 비스크 돌은 사랑을 한다 2,그 비스크 돌은 사랑을 한다,2,,- S코믹스,후쿠다 신이치,㈜소미미디어,2020-01,6300,9.0,5486,715,2026-09-07T08:54:48+09:00,783,68,5489,-3,0,0
352893694,귀멸 학원! 6,귀멸 학원!,6,,- 완결,호카미 나츠키,학산문화사(만화),2024-11,5400,10.0,5417,716,2026-09-07T08:54:48+09:00,788,72,5524,-107,0,0
301707952,주술회전 6,주술회전,6,,,아쿠타미 게게,서울미디어코믹스(서울문화사),2019-09,5400,10.0,5499,717,2026-09-07T08:54:48+09:00,,,,,1,0
301708374,주술회전 9,주술회전,9,,,아쿠타미 게게,서울미디어코믹스(서울문화사),2020-11,5400,,5221,718,2026-09-07T08:54:48+09:00,,,,,1,0
393112792,비실비실 선생님 13,비실비실 선생님,13,,,후쿠치 카미오,대원씨아이(만화),2026-05,5850,10.0,5365,719,2026-09-07T08:54:48+09:00,644,-75,5370,-5,0,0
301708237,주술회전 8,주술회전,8,,,아쿠타미 게게,서울미디어코믹스(서울문화사),2020-10,5400,10.0,5193,720,2026-09-07T08:54:48+09:00,,,,,1,0
333218155,마루는 강쥐 3,마루는 강쥐,3,,,모죠,문페이스,2024-02,14400,,5182,721,2026-09-07T08:54:48+09:00,789,68,5136,46,0,0
349422137,봄의 폭풍과 몬스터 5,봄의 폭풍과 몬스터,5,,,미츠바치 미유키,학산문화사(만화),2024-10,5400,9.8,5342,722,2026-09-07T08:54:48+09:00,537,-185,5331,11,0,0
386937690,킹덤 Kingdom 76,킹덤 Kingdom,76,,,하라 야스히사,대원씨아이(만화),2026-02,5400,10.0,5117,723,2026-09-07T08:54:48+09:00,538,-185,5334,-217,0,0
379953360,슈퍼 러버즈 18,슈퍼 러버즈,18,,,아베 미유키,서울미디어코믹스(서울문화사),2025-12,5400,10.0,5043,724,2026-09-07T08:54:48+09:00,793,69,5068,-25,0,0
82662361,기븐 2,기븐,2,,- 뉴 루비코믹스 1835,키즈 나츠키,현대지능개발사,2016-04,4950,9.1,5041,725,2026-09-07T08:54:48+09:00,539,-186,5170,-129,0,0
349387430,그 비스크 돌은 사랑을 한다 13,그 비스크 돌은 사랑을 한다,13,,- S코믹스,후쿠다 신이치,㈜소미미디어,2024-10,6300,10.0,4910,726,2026-09-07T08:54:48+09:00,647,-79,4942,-32,0,0
311362968,헌터x헌터 HunterXHunter 신장판 6,헌터x헌터 HunterXHunter 신장판,6,,,토가시 요시히로,학산문화사(만화),2013-10,5400,10.0,4802,727,2026-09-07T08:54:48+09:00,540,-187,5077,-275,0,0
390583412,비실비실 선생님 12,비실비실 선생님,12,,,후쿠치 카미오,대원씨아이(만화),2026-04,5850,10.0,4906,728,2026-09-07T08:54:48+09:00,796,68,4972,-66,0,0
301714509,주술회전 16,주술회전,16,,- 시부야 사변 -폐문-,아쿠타미 게게,서울미디어코믹스(서울문화사),2021-08,5400,,4680,729,2026-09-07T08:54:48+09:00,649,-80,4660,20,0,0
356890808,사카모토 데이즈 16,사카모토 데이즈,16,,- 해후,스즈키 유우토,대원씨아이(만화),2024-06,5850,,4630,730,2026-09-07T08:54:48+09:00,648,-82,4781,-151,0,0
383612053,블루 록 34,블루 록,34,,,노무라 유스케,학산문화사(만화),2026-01,5400,9.5,4668,731,2026-09-07T08:54:48+09:00,,,,,1,0
291942810,나루토 Naruto 1,나루토 Naruto,1,,,키시모토 마사시,대원씨아이(만화),2000-09,4950,,4556,732,2026-09-07T08:54:48+09:00,543,-189,4729,-173,0,0
352363380,타몬 군 지금 어느 쪽?! 8,타몬 군 지금 어느 쪽?!,8,,,시와스 유키,학산문화사(만화),2024-11,5400,9.0,4493,733,2026-09-07T08:54:48+09:00,,,,,1,0
339235541,괴수 8호 5,괴수 8호,5,,,마츠모토 나오야,서울미디어코믹스(서울문화사),2022-01,5400,,4761,734,2026-09-07T08:54:48+09:00,,,,,1,0
398418968,황천의 츠가이 11 (특별판),황천의 츠가이,11,특별판,- 초판부록 2종 + 패키지 박스 + 운명의 쌍둥이 아크릴 스탠드 2종 + 팬던트 아크릴 참 키링 1종+ 시그니처 포토카드 1종 + 빅 캔배지 1종 + 홀로그램 카드 2종,아라카와 히로무,대원씨아이(만화),2026-07,25650,10.0,4555,735,2026-09-07T08:54:48+09:00,445,-290,4665,-110,0,0
135438370,기븐 4,기븐,4,,- 뉴 루비코믹스 2133,키즈 나츠키,현대지능개발사,2018-02,4950,8.7,4353,736,2026-09-07T08:54:48+09:00,811,75,4542,-189,0,0
315661271,아름다운 초저녁달 5,아름다운 초저녁달,5,,,야마모리 미카,학산문화사(만화),2023-05,5400,9.9,4143,737,2026-09-07T08:54:48+09:00,,,,,1,0
301714473,주술회전 15,주술회전,15,,- 시부야 사변 -변신-,아쿠타미 게게,서울미디어코믹스(서울문화사),2021-05,5400,,4106,738,2026-09-07T08:54:48+09:00,,,,,1,0
81953629,용의 귀여운 일곱 아이 : 쿠이 료코 작품집,용의 귀여운 일곱 아이 : 쿠이 료코 작품집,,,- S코믹스,쿠이 료코,㈜소미미디어,2016-04,6300,8.7,4056,739,2026-09-07T08:54:48+09:00,822,83,3950,106,0,0
390010927,황천의 츠가이 7,황천의 츠가이,7,,,아라카와 히로무,대원씨아이(만화),2026-04,5850,,4278,740,2026-09-07T08:54:48+09:00,,,,,1,0
341934453,동경일일 3,동경일일,3,,- 완결,마츠모토 타이요,문학동네,2024-06,9900,9.6,4108,741,2026-09-07T08:54:48+09:00,813,72,4174,-66,0,0
396695286,루리 드래곤 5 (한정판),루리 드래곤,5,한정판,"- 일러스트 아크릴 누들 스토퍼 + 일러스트 스티커 + 스페셜 일러스트 카드 6종+ <루리 드래곤> 5권 초판 + 초판특전(일러스트 카드, 일러스트 스탠딩 POP)",신도 마사오키,서울미디어코믹스(서울문화사),2026-06,29700,,4090,742,2026-09-07T08:54:48+09:00,,,,,1,0
355295880,약사의 혼잣말 14,약사의 혼잣말,14,,,네코쿠라게,학산문화사(만화),2025-01,5400,9.6,3868,743,2026-09-07T08:54:48+09:00,,,,,1,0
396049036,담배 고양이 4,담배 고양이,4,,,냥냥 팩토리,대원씨아이(만화),2026-06,5400,10.0,3810,744,2026-09-07T08:54:48+09:00,453,-291,3960,-150,0,0
323272460,블루 록 18,블루 록,18,,,노무라 유스케,학산문화사(만화),2023-08,5400,9.6,3589,745,2026-09-07T08:54:48+09:00,,,,,1,0
225770299,달빛천사 애장판 1,달빛천사 애장판,1,,,타네무라 아리나,서울미디어코믹스(서울문화사),2020-01,8550,9.5,3626,746,2026-09-07T08:54:48+09:00,462,-284,3560,66,0,0
370424575,사카모토 데이즈 22,사카모토 데이즈,22,,- 텐큐vs신,스즈키 유우토,대원씨아이(만화),2025-08,5850,,3324,747,2026-09-07T08:54:48+09:00,,,,,1,0
225772243,달빛천사 애장판 2,달빛천사 애장판,2,,,타네무라 아리나,서울미디어코믹스(서울문화사),2020-01,8550,10.0,3577,748,2026-09-07T08:54:48+09:00,556,-192,3487,90,0,0
329600458,약사의 혼잣말 1,약사의 혼잣말,1,,,네코쿠라게,학산문화사(만화),2019-12,5400,8.0,3356,749,2026-09-07T08:54:48+09:00,841,92,3223,133,0,0
391205558,황천의 츠가이 9,황천의 츠가이,9,,,아라카와 히로무,대원씨아이(만화),2025-11,5850,,3435,750,2026-09-07T08:54:48+09:00,,,,,1,0
372904974,인간실격 무삭제판 1~3 세트- 전3권,인간실격 무삭제판 1~3 세트- 전3권,,,,이토 준지,미우(대원씨아이),2020-08,34560,,3222,751,2026-09-07T08:54:48+09:00,467,-284,3312,-90,0,0
175995181,20세기 소년 완전판 1,20세기 소년 완전판,1,,,우라사와 나오키,학산문화사(만화),2018-12,10800,9.2,3160,752,2026-09-07T08:54:48+09:00,,,,,1,0
374998765,GACHIAKUTA 15,GACHIAKUTA,15,,- 일반판,케이 우라나,학산문화사(만화),2025-10,5400,,3139,753,2026-09-07T08:54:48+09:00,668,-85,3284,-145,0,0
390937400,유치원WARS 16,유치원WARS,16,,"- 초판특전: 스탠딩 pop, 일러스트 카드",You Chiba,서울미디어코믹스(서울문화사),2026-04,5400,10.0,3163,754,2026-09-07T08:54:48+09:00,,,,,1,0
390243150,장송의 프리렌 12,장송의 프리렌,12,,,야마다 카네히토,학산문화사(만화),2024-07,6300,,3134,755,2026-09-07T08:54:48+09:00,,,,,1,0
391205551,황천의 츠가이 8,황천의 츠가이,8,,,아라카와 히로무,대원씨아이(만화),2025-06,5850,,3190,756,2026-09-07T08:54:48+09:00,,,,,1,0
295225057,귀멸의 칼날 11,귀멸의 칼날,11,,,고토게 코요하루,학산문화사(만화),2019-10,5400,,3036,757,2026-09-07T08:54:48+09:00,847,90,3032,4,0,0
393514967,아름다운 인체 그리기 레슨,아름다운 인체 그리기 레슨,,,,후지타쿠,한즈미디어(한스미디어),2026-05,16200,9.7,3060,758,2026-09-07T08:54:48+09:00,673,-85,3055,5,0,0
394214214,전희 서바이벌 사가 2,전희 서바이벌 사가,2,,,OTOSAMA,오팬스코믹,2026-05,6300,9.8,2885,759,2026-09-07T08:54:48+09:00,,,,,1,0
385950289,마도정병의 슬레이브 19,마도정병의 슬레이브,19,,,타케무라 요헤이,대원씨아이(만화),2026-02,5400,10.0,2853,760,2026-09-07T08:54:48+09:00,,,,,1,0
397015748,어떤 여름방학,어떤 여름방학,,,,궁리(박조은),휴머니스트,2026-06,19800,,2975,761,2026-09-07T08:54:48+09:00,470,-291,3155,-180,0,0
393313418,고블린 슬레이어 17,고블린 슬레이어,17,,- SL Comic,쿠로세 코스케,디앤씨미디어(주)(D&C미디어),2026-05,6300,10.0,2825,762,2026-09-07T08:54:48+09:00,681,-81,2895,-70,0,0
329600924,약사의 혼잣말 2,약사의 혼잣말,2,,,네코쿠라게,학산문화사(만화),2019-12,5400,,2880,763,2026-09-07T08:54:48+09:00,850,87,2859,21,0,0
399291548,새내기 4,새내기,4,,,혁대,블루픽,2026-07,14220,10.0,2720,764,2026-09-07T08:54:48+09:00,474,-290,2740,-20,0,0
399953550,데스마치에서 시작되는 이세계 광상곡 34,데스마치에서 시작되는 이세계 광상곡,34,,"- L Novel /초판 한정 특전 : 띠지, 책갈피",아이나나 히로,디앤씨미디어(주)(D&C미디어),2026-08,9900,,2650,765,2026-09-07T08:54:48+09:00,564,-201,2790,-140,0,0
320691848,먼작귀 3,먼작귀,3,,- 먼가 작고 귀여운 녀석,나가노,미우(대원씨아이),2023-02,10800,,2721,766,2026-09-07T08:54:48+09:00,684,-82,2576,145,0,0
331008605,약사의 혼잣말 4,약사의 혼잣말,4,,,네코쿠라게,학산문화사(만화),2019-12,5400,6.0,2661,767,2026-09-07T08:54:48+09:00,,,,,1,0
329259067,약사의 혼잣말 5,약사의 혼잣말,5,,,네코쿠라게,학산문화사(만화),2020-01,5400,,2638,768,2026-09-07T08:54:48+09:00,,,,,1,0
101106033,스파이더맨 / 데드풀 VOL. 1 : 브로맨틱하지 않나요?,스파이더맨 / 데드풀 VOL. 1 : 브로맨틱하지 않나요?,,,,조 켈리,시공사(만화),2017-01,10800,6.0,2560,769,2026-09-07T08:54:48+09:00,689,-80,2670,-110,0,0
387254200,요괴소년 호야 완전판 1,요괴소년 호야 완전판,1,,,후지타 카즈히로,서울미디어코믹스(서울문화사),2026-02,14400,9.0,2567,770,2026-09-07T08:54:48+09:00,685,-85,2769,-202,0,0
323998705,먼작귀 4,먼작귀,4,,- 먼가 작고 귀여운 녀석,나가노,미우(대원씨아이),2023-09,10800,9.8,2262,771,2026-09-07T08:54:48+09:00,571,-200,2319,-57,0,0
400138794,이번 생은 가주가 되겠습니다 2부 6,이번 생은 가주가 되겠습니다 2부,6,,- 만화,앤트스튜디오,디앤씨웹툰비즈,2026-08,14400,,2330,772,2026-09-07T08:54:48+09:00,697,-75,2280,50,0,0
388295960,얼음 성벽 13,얼음 성벽,13,,,아가사와 코챠,학산문화사(만화),2026-03,9000,10.0,2444,773,2026-09-07T08:54:48+09:00,,,,,1,0
301570726,나루토 Naruto 43,나루토 Naruto,43,,,키시모토 마사시,대원씨아이(만화),2008-12,5400,10.0,2280,774,2026-09-07T08:54:48+09:00,875,101,2290,-10,0,0
388121581,봄바람의 에트랑제 6,봄바람의 에트랑제,6,,- 뉴 루비코믹스 3149,키이 칸나,현대지능개발사,2026-03,5400,10.0,2368,775,2026-09-07T08:54:48+09:00,877,102,2432,-64,0,0
391649143,너를 잊을 사랑이 하고 싶어 6,너를 잊을 사랑이 하고 싶어,6,,,유우키 하루,대원씨아이(만화),2026-04,5850,9.8,2253,776,2026-09-07T08:54:48+09:00,,,,,1,0
393803230,J⇔M 제이엠 6,J⇔M 제이엠,6,,,오타케 마사오,대원씨아이(만화),2026-05,6300,10.0,2215,777,2026-09-07T08:54:48+09:00,407,-370,2260,-45,0,0
374484302,서유요원전 서역편 : 화염산의 장 1,서유요원전 서역편 : 화염산의 장,1,,,모로호시 다이지로,문학동네,2025-10,9900,9.8,2216,778,2026-09-07T08:54:48+09:00,,,,,1,0
344689794,네가 죽을 때까지 사랑하고 싶어 7,네가 죽을 때까지 사랑하고 싶어,7,,,나치 아오노,학산문화사(만화),2024-08,5400,10.0,2215,779,2026-09-07T08:54:48+09:00,405,-374,2534,-319,0,0
399782294,네즈미의 첫사랑 7,네즈미의 첫사랑,7,,,오오세토 리쿠,학산문화사(만화),2026-08,5400,,2040,780,2026-09-07T08:54:48+09:00,,,,,1,0
221329459,마도정병의 슬레이브 1,마도정병의 슬레이브,1,,,타케무라 요헤이,대원씨아이(만화),2019-12,4950,5.3,2167,781,2026-09-07T08:54:48+09:00,,,,,1,0
383535079,통제구역관리부 1,통제구역관리부,1,,,탄광,다산코믹스,2026-01,18900,10.0,2116,782,2026-09-07T08:54:48+09:00,,,,,1,0
333690666,건방진 그 녀석 2,건방진 그 녀석,2,,,미츠바치 미유키,학산문화사(만화),2016-05,5400,10.0,2152,783,2026-09-07T08:54:48+09:00,575,-208,2164,-12,0,0
393756001,둘이서 사랑을 하는 이유 12,둘이서 사랑을 하는 이유,12,,- 완결,히로 치히로,대원씨아이(만화),2026-05,4500,10.0,2235,784,2026-09-07T08:54:48+09:00,,,,,1,0
381493741,얼음 성벽 12,얼음 성벽,12,,,아가사와 코챠,학산문화사(만화),2025-12,9000,10.0,2084,785,2026-09-07T08:54:48+09:00,,,,,1,0
399050537,리코리스 리코일 4 (더블 특전판),리코리스 리코일,4,더블 특전판,- 초판 특전 : 포토카드 2종,비젠 야스노리,YNK MEDIA(만화),2026-07,5400,10.0,2030,786,2026-09-07T08:54:48+09:00,,,,,1,0
396137541,여름엔 늘 좋은 일이 생긴다,여름엔 늘 좋은 일이 생긴다,,,- 이윤희 만화집,이윤희,고트(goat),2026-06,20900,8.0,1985,787,2026-09-07T08:54:48+09:00,700,-87,2245,-260,0,0
396097455,장송의 프리렌 5,장송의 프리렌,5,,,야마다 카네히토,학산문화사(만화),2026-06,6300,,1675,788,2026-09-07T08:54:48+09:00,902,114,1620,55,0,0
352662803,소라닌 신장판,소라닌 신장판,,,,아사노 이니오,서울미디어코믹스(서울문화사),2024-11,18000,8.0,1843,789,2026-09-07T08:54:48+09:00,,,,,1,0
399291160,우리 남동생들이 죄송합니다 9,우리 남동생들이 죄송합니다,9,,,오자키 아키라,대원씨아이(만화),2026-07,4500,10.0,1695,790,2026-09-07T08:54:48+09:00,901,111,1785,-90,0,0
396564373,사장과 술과 별 1,사장과 술과 별,1,,,즈리 키시,대원씨아이(만화),2026-06,5850,,1670,791,2026-09-07T08:54:48+09:00,,,,,1,0
301188387,나루토 Naruto 44,나루토 Naruto,44,,,키시모토 마사시,대원씨아이(만화),2009-03,4950,,1772,792,2026-09-07T08:54:48+09:00,714,-78,1780,-8,0,0
400001277,할렐루야 베이비 5,할렐루야 베이비,5,,,코지마 라라,AK(에이케이)커뮤니케이션즈,2026-08,5850,,1635,793,2026-09-07T08:54:48+09:00,495,-298,1730,-95,0,0
400364294,이기적 연애론 3,이기적 연애론,3,,,교교박,다산코믹스,2026-08,16020,,1660,794,2026-09-07T08:54:48+09:00,906,112,1600,60,0,0
300075941,나루토 Naruto 51,나루토 Naruto,51,,,키시모토 마사시,대원씨아이(만화),2010-09,4950,,1544,795,2026-09-07T08:54:48+09:00,,,,,1,0
399056425,다크 개더링 3,다크 개더링,3,,- 픽시하우스 / 초판 한정 : 띠지+일러스트 카드,콘도 켄이치,코믹레인,2026-08,6300,,1560,796,2026-09-07T08:54:48+09:00,582,-214,1620,-60,0,0
397818083,장송의 프리렌 11,장송의 프리렌,11,,,야마다 카네히토,학산문화사(만화),2024-02,6300,,1410,797,2026-09-07T08:54:48+09:00,,,,,1,0
399056069,다크 개더링 2,다크 개더링,2,,- 픽시하우스 /초판 한정: 띠지 + 일러스트 카드,콘도 켄이치,코믹레인,2026-08,6300,,1550,798,2026-09-07T08:54:48+09:00,583,-215,1610,-60,0,0
389359455,그리스 로마 신화를 한 번도 안 읽어볼 수는 없잖아,그리스 로마 신화를 한 번도 안 읽어볼 수는 없잖아,,,,Team. StoryG,oldstairs(올드스테어즈),2026-04,21600,,1413,799,2026-09-07T08:54:48+09:00,593,-206,1520,-107,0,0
395531975,통제구역관리부 3,통제구역관리부,3,,,탄광,다산코믹스,2026-06,18900,,1515,800,2026-09-07T08:54:48+09:00,,,,,1,0
395945229,여주인공인데 잘생긴 아이돌♂이 되었습니다?! 1,여주인공인데 잘생긴 아이돌♂이 되었습니다?!,1,,,아이젠 마나,학산문화사(만화),2026-06,5400,10.0,1440,801,2026-09-07T08:54:48+09:00,,,,,1,0
375536744,풀 나이트 3,풀 나이트,3,,- S코믹스,야스다 카스미,㈜소미미디어,2025-11,5400,10.0,1480,802,2026-09-07T08:54:48+09:00,589,-213,1555,-75,0,0
400856516,아오아시 17,아오아시,17,,,코바야시 유고,대원씨아이(만화),2026-08,5850,,1370,803,2026-09-07T08:54:48+09:00,356,-447,1390,-20,0,0
400586316,커들 2,커들,2,,- 수인 오메가버스,하스미 하나,학산문화사(만화),2026-08,6300,,1400,804,2026-09-07T08:54:48+09:00,715,-89,1340,60,0,0
397048303,내 여자친구는 커여워 2,내 여자친구는 커여워,2,,,sanorin,오팬스코믹,2026-06,6300,9.0,1350,805,2026-09-07T08:54:48+09:00,,,,,1,0
396563330,노이지 룸메이트 6,노이지 룸메이트,6,,,오자키 카호,대원씨아이(만화),2026-06,5400,10.0,1325,806,2026-09-07T08:54:48+09:00,591,-215,1355,-30,0,0
400224840,파랑과 아지랑이 2,파랑과 아지랑이,2,,- BB허니밀크코믹스,돈돈,㈜소미미디어,2026-08,5850,,1230,807,2026-09-07T08:54:48+09:00,,,,,1,0
369308120,도쿄 학생 애처가 1,도쿄 학생 애처가,1,,,카유카와 스즈,학산문화사(만화),2025-08,6300,,1278,808,2026-09-07T08:54:48+09:00,,,,,1,0
400586056,SCP가 뭔가요? 3,SCP가 뭔가요?,3,,,하치훈,대원씨아이(만화),2026-08,5850,,1120,809,2026-09-07T08:54:48+09:00,597,-212,1040,80,0,0
399973927,여주인공인데 잘생긴 아이돌♂이 되었습니다?! 3,여주인공인데 잘생긴 아이돌♂이 되었습니다?!,3,,,아이젠 마나,학산문화사(만화),2026-08,5400,10.0,1150,810,2026-09-07T08:54:48+09:00,,,,,1,0
398836644,장하다! 원조 괴짜가족 13,장하다! 원조 괴짜가족,13,,,하마오카 켄지,서울미디어코믹스(서울문화사),2026-07,4500,,1135,811,2026-09-07T08:54:48+09:00,721,-90,1225,-90,0,0
400586342,펜과 수갑과 사실혼 4,펜과 수갑과 사실혼,4,,,사와라기 신이치,학산문화사(만화),2026-08,5400,,960,812,2026-09-07T08:54:48+09:00,594,-218,1120,-160,0,0
400585962,특별한 도라에몽 : 언제나 마음속에 친구 편 9,특별한 도라에몽 : 언제나 마음속에 친구 편,9,,,후지코 F. 후지오,대원씨아이(만화),2026-08,8100,,930,813,2026-09-07T08:54:48+09:00,,,,,1,0
398284900,공정 드래곤즈 21,공정 드래곤즈,21,,,쿠와바라 타쿠,대원씨아이(만화),2026-07,5400,9.3,1010,814,2026-09-07T08:54:48+09:00,359,-455,970,40,0,0
400585960,특별한 도라에몽 : 쿵짜라♪ 울려퍼지는 음악 편 8,특별한 도라에몽 : 쿵짜라♪ 울려퍼지는 음악 편,8,,,후지코 F. 후지오,대원씨아이(만화),2026-08,8100,,850,815,2026-09-07T08:54:48+09:00,935,120,850,0,0,0
400585852,택배기사 형이랑 잘 될 수 있을까?,택배기사 형이랑 잘 될 수 있을까?,,,- B愛+750,노다 논다,대원씨아이(만화),2026-08,6300,,830,816,2026-09-07T08:54:48+09:00,940,124,900,-70,0,0
400585731,퀸즈 퀄리티 1,퀸즈 퀄리티,1,,- 루나 코믹스,모토미 쿄스케,㈜소미미디어,2026-08,6300,10.0,870,817,2026-09-07T08:54:48+09:00,946,129,690,180,0,0
400653955,마왕과 용사의 사랑의 도피 바캉스 (더블 특전판),마왕과 용사의 사랑의 도피 바캉스,,더블 특전판,"- 솔트 코믹스, 초판 더블 특전 : 만화 1P 페이퍼, 일러스트 카드 1종",바세우,YNK MEDIA(만화),2026-08,5850,,930,818,2026-09-07T08:54:48+09:00,734,-84,740,190,0,0
352375450,못 미더운 악녀입니다만 : ~추궁접서 교체전~ 7,못 미더운 악녀입니다만 : ~추궁접서 교체전~,7,,,EI Ohitsuji,서울미디어코믹스(서울문화사),2024-11,6300,9.7,773,819,2026-09-07T08:54:48+09:00,738,-81,803,-30,0,0
400585953,떨거지 인어 디아나 1,떨거지 인어 디아나,1,,- S코믹스,스아마,㈜소미미디어,2026-08,6300,,720,820,2026-09-07T08:54:48+09:00,604,-216,780,-60,0,0
337650723,스파이더버스 BOOK 1,스파이더버스 BOOK,1,,,크리스토스 게이지,시공사(만화),2024-05,39600,10.0,859,821,2026-09-07T08:54:48+09:00,,,,,1,0
400567543,취사병 전설이 되다 18,취사병 전설이 되다,18,,,제이로빈,지식오름,2026-08,13500,,630,822,2026-09-07T08:54:48+09:00,512,-310,1000,-370,0,0
400866292,장송의 프리렌 8,장송의 프리렌,8,,,야마다 카네히토,학산문화사(만화),2022-09,6300,,610,823,2026-09-07T08:54:48+09:00,,,,,1,0
401458548,하울의 움직이는 성,하울의 움직이는 성,,,,미야자키 하야오,대원씨아이(만화),2026-09,27000,,350,824,2026-09-07T08:54:48+09:00,,,,,1,0
400930535,발키리 키코 4,발키리 키코,4,,- S코믹스,아베노 챠코,㈜소미미디어,2026-09,6300,,460,825,2026-09-07T08:54:48+09:00,953,128,490,-30,0,0
401397070,뽀대작렬 2 (특별판),뽀대작렬,2,특별판,- 초판 한정 표지 일러스트 엽서 + 작가 친필 사인 인쇄지 + 패키지 박스 + 아크릴 스탠드 + 엽서 3종 + 말랑 핀버튼 + 특별활동부 신청서 + 밴드부 포스터,상하,문페이스,2026-10,42120,,310,826,2026-09-07T08:54:48+09:00,,,,,1,0
401345507,나락의 별 2,나락의 별,2,,,토요타 유우,학산문화사(만화),2026-09,8100,,400,827,2026-09-07T08:54:48+09:00,,,,,1,0
360231181,체인소 맨 19,체인소 맨,19,,,후지모토 타츠키,학산문화사(만화),2025-03,5400,9.4,17082,828,2026-09-07T08:54:48+09:00,615,-213,17307,-225,0,0
376840323,체인소 맨 21,체인소 맨,21,,,후지모토 타츠키,학산문화사(만화),2025-11,5400,9.1,14064,829,2026-09-07T08:54:48+09:00,514,-315,14318,-254,0,0
353810371,체인소 맨 18,체인소 맨,18,,,후지모토 타츠키,학산문화사(만화),2024-12,5400,8.8,11208,830,2026-09-07T08:54:48+09:00,618,-212,11324,-116,0,0
366700348,신부이야기 15,신부이야기,15,,,모리 카오루,대원씨아이(만화),2025-06,7200,9.4,10441,831,2026-09-07T08:54:48+09:00,429,-402,10567,-126,0,0
283685224,원피스 100,원피스,100,,- 패왕색,오다 에이치로,대원씨아이(만화),2021-11,4950,9.2,10160,832,2026-09-07T08:54:48+09:00,977,145,10127,33,0,0
215083221,스파이 패밀리 1,스파이 패밀리,1,,,엔도 타츠야,학산문화사(만화),2019-11,5400,9.7,9414,833,2026-09-07T08:54:48+09:00,751,-82,9499,-85,0,0
384918469,루리 드래곤 4,루리 드래곤,4,,,신도 마사오키,서울미디어코믹스(서울문화사),2026-01,5400,9.6,8737,834,2026-09-07T08:54:48+09:00,754,-80,8746,-9,0,0
376257892,그 비스크 돌은 사랑을 한다 15,그 비스크 돌은 사랑을 한다,15,,- S코믹스,후쿠다 신이치,㈜소미미디어,2025-11,5400,9.4,8756,835,2026-09-07T08:54:48+09:00,621,-214,8669,87,0,0
373273268,히카루가 죽은 여름 7,히카루가 죽은 여름,7,,- SL Comic,모쿠모쿠렌,디앤씨미디어(주)(D&C미디어),2025-10,5850,9.6,8518,836,2026-09-07T08:54:48+09:00,,,,,1,0
353809342,스파이 패밀리 14,스파이 패밀리,14,,,엔도 타츠야,학산문화사(만화),2024-12,5400,9.8,8480,837,2026-09-07T08:54:48+09:00,622,-215,8698,-218,0,0
387232917,모모세 아키라의 첫사랑 파탄 중 4 (트리플 특전판),모모세 아키라의 첫사랑 파탄 중,4,트리플 특전판,- 스페셜 아크릴 일러스트 카드(1종) + 반전 매력의 양면 일러스트 카드(2종),하레카와 신타,서울미디어코믹스(서울문화사),2026-02,6750,10.0,7909,838,2026-09-07T08:54:48+09:00,756,-82,8153,-244,0,0
366666131,반딧불이의 혼례 7,반딧불이의 혼례,7,,,타치바나 오레코,서울미디어코믹스(서울문화사),2025-06,7650,9.8,7927,839,2026-09-07T08:54:48+09:00,,,,,1,0
244216165,마음을 사로잡는 만화 컷 분할 교실,마음을 사로잡는 만화 컷 분할 교실,,,,도쿄네임탱크,삼호미디어,2020-07,14400,9.4,7904,840,2026-09-07T08:54:48+09:00,989,149,7755,149,0,0
383612098,타몬 군 지금 어느 쪽?! 11,타몬 군 지금 어느 쪽?!,11,,,시와스 유키,학산문화사(만화),2026-01,5400,10.0,7491,841,2026-09-07T08:54:48+09:00,627,-214,7537,-46,0,0
379027062,나의 히어로 아카데미아 캐릭터 팬북 컴플리트 에디션,나의 히어로 아카데미아 캐릭터 팬북 컴플리트 에디션,,,,호리코시 코헤이,서울미디어코믹스(서울문화사),2025-11,28620,9.2,7551,842,2026-09-07T08:54:48+09:00,991,149,7505,46,0,0
362120342,그 비스크 돌은 사랑을 한다 14,그 비스크 돌은 사랑을 한다,14,,- S코믹스,후쿠다 신이치,㈜소미미디어,2025-04,6300,9.2,7460,843,2026-09-07T08:54:48+09:00,764,-79,7411,49,0,0
294402029,귀멸의 칼날 20,귀멸의 칼날,20,,,고토게 코요하루,학산문화사(만화),2020-09,5400,,6965,844,2026-09-07T08:54:48+09:00,630,-214,7145,-180,0,0
287304526,아름다운 초저녁달 1,아름다운 초저녁달,1,,,야마모리 미카,학산문화사(만화),2022-01,5400,9.5,6600,845,2026-09-07T08:54:48+09:00,1000,155,6481,119,0,0
376840612,아름다운 초저녁달 9,아름다운 초저녁달,9,,,야마모리 미카,학산문화사(만화),2025-11,5400,9.8,6415,846,2026-09-07T08:54:48+09:00,,,,,1,0
333185423,"사랑하라, 거짓된 천사들이여 1","사랑하라, 거짓된 천사들이여",1,,,Coco Uzuki,서울미디어코믹스(서울문화사),2024-02,5400,9.8,6090,847,2026-09-07T08:54:48+09:00,,,,,1,0
329151499,봄의 폭풍과 몬스터 2,봄의 폭풍과 몬스터,2,,,미츠바치 미유키,학산문화사(만화),2023-11,5400,9.7,6029,848,2026-09-07T08:54:48+09:00,778,-70,6148,-119,0,0
301707635,주술회전 5,주술회전,5,,,아쿠타미 게게,서울미디어코믹스(서울문화사),2019-07,5400,,5772,849,2026-09-07T08:54:48+09:00,,,,,1,0
361207805,"사랑하라, 거짓된 천사들이여 4","사랑하라, 거짓된 천사들이여",4,,,Coco Uzuki,서울미디어코믹스(서울문화사),2025-03,5400,10.0,5862,850,2026-09-07T08:54:48+09:00,,,,,1,0
328897066,귀멸 학원! 4,귀멸 학원!,4,,,호카미 나츠키,학산문화사(만화),2023-11,5400,10.0,5680,851,2026-09-07T08:54:48+09:00,782,-69,5705,-25,0,0
333717879,봄의 폭풍과 몬스터 3,봄의 폭풍과 몬스터,3,,,미츠바치 미유키,학산문화사(만화),2024-02,5400,9.9,5881,852,2026-09-07T08:54:48+09:00,641,-211,5889,-8,0,0
325351296,오래 보고 싶었다,오래 보고 싶었다,,,"- 내일 더 빛날 당신을 위한 위로, 나태주·다홍 만화시집",나태주,더블북,2023-10,15300,9.9,5615,853,2026-09-07T08:54:48+09:00,787,-66,5559,56,0,0
338987904,귀멸 학원! 5,귀멸 학원!,5,,,호카미 나츠키,학산문화사(만화),2024-05,5400,10.0,5501,854,2026-09-07T08:54:48+09:00,,,,,1,0
335717444,GACHIAKUTA 1,GACHIAKUTA,1,,,케이 우라나,학산문화사(만화),2024-03,5400,10.0,5515,855,2026-09-07T08:54:48+09:00,642,-213,5639,-124,0,0
301708111,주술회전 7,주술회전,7,,,아쿠타미 게게,서울미디어코믹스(서울문화사),2019-12,5400,8.0,5306,856,2026-09-07T08:54:48+09:00,,,,,1,0
384918817,마남 이치 3,마남 이치,3,,"- 초판 한정, 홀로그램 일러스트 카드 + 아크릴 일러스트 카드",유사자키 시로,서울미디어코믹스(서울문화사),2026-01,6300,9.4,5342,857,2026-09-07T08:54:48+09:00,,,,,1,0
395999849,이다의 날마다 자연관찰,이다의 날마다 자연관찰,,,- 어린이를 위한 자연관찰 그림일기,이다,보리,2026-06,16650,10.0,5170,858,2026-09-07T08:54:48+09:00,643,-215,5350,-180,0,0
379452899,찍히지 않습니다 4,찍히지 않습니다,4,,- S코믹스,코노시마 루카,㈜소미미디어,2025-12,5850,9.8,5172,859,2026-09-07T08:54:48+09:00,,,,,1,0
2558847,만화의 창작,만화의 창작,,,- 비즈앤비즈 만화 애니메이션 시리즈 3,스콧 맥클라우드,비즈앤비즈,2008-09,17100,9.0,5105,860,2026-09-07T08:54:48+09:00,,,,,1,0
375571871,포인트 캐릭터 드로잉 2,포인트 캐릭터 드로잉,2,,,타코,레진코믹스(레진엔터테인먼트),2025-10,28800,10.0,5063,861,2026-09-07T08:54:48+09:00,,,,,1,0
352754315,원펀맨 One Punch Man 31,원펀맨 One Punch Man,31,,- 연옥무쌍폭열파동포,ONE,대원씨아이(만화),2024-11,5400,9.6,4976,862,2026-09-07T08:54:48+09:00,790,-72,5109,-133,0,0
342597714,타몬 군 지금 어느 쪽?! 7,타몬 군 지금 어느 쪽?!,7,,,시와스 유키,학산문화사(만화),2024-07,5400,9.7,4917,863,2026-09-07T08:54:48+09:00,,,,,1,0
255143164,그 비스크 돌은 사랑을 한다 5,그 비스크 돌은 사랑을 한다,5,,- S코믹스,후쿠다 신이치,㈜소미미디어,2020-11,6300,9.7,4859,864,2026-09-07T08:54:48+09:00,794,-70,4984,-125,0,0
229925176,그 비스크 돌은 사랑을 한다 3,그 비스크 돌은 사랑을 한다,3,,- S코믹스,후쿠다 신이치,㈜소미미디어,2020-02,6300,9.7,4873,865,2026-09-07T08:54:48+09:00,,,,,1,0
374593353,블루 록 33,블루 록,33,,,노무라 유스케,학산문화사(만화),2025-10,5400,9.3,4772,866,2026-09-07T08:54:48+09:00,,,,,1,0
329330899,동경일일 1,동경일일,1,,,마츠모토 타이요,문학동네,2023-11,9900,9.3,4646,867,2026-09-07T08:54:48+09:00,,,,,1,0
340823801,봄의 폭풍과 몬스터 4,봄의 폭풍과 몬스터,4,,,미츠바치 미유키,학산문화사(만화),2024-06,5400,10.0,4858,868,2026-09-07T08:54:48+09:00,803,-65,4825,33,0,0
384102110,완전 쓰레기인 와타라세인데 1,완전 쓰레기인 와타라세인데,1,,,나카가와 파리,대원씨아이(만화),2026-01,5400,9.6,4660,869,2026-09-07T08:54:48+09:00,,,,,1,0
292873028,타마의 포상 1,타마의 포상,1,,,호시야 카오리,대원씨아이(만화),2022-04,4500,9.2,4642,870,2026-09-07T08:54:48+09:00,802,-68,4689,-47,0,0
399052013,THE ART OF SOLO LEVELING : 웹툰 「나 혼자만 레벨업」 공식 아트북,THE ART OF SOLO LEVELING : 웹툰 「나 혼자만 레벨업」 공식 아트북,,,,장성락(REDICE STUDIO),디앤씨미디어(주)(D&C미디어),2026-08,43200,,4505,871,2026-09-07T08:54:48+09:00,801,-70,4565,-60,0,0
369308582,타워 던전 2,타워 던전,2,,,니헤이 츠토무,학산문화사(만화),2025-08,6300,9.9,4477,872,2026-09-07T08:54:48+09:00,,,,,1,0
344817051,원펀맨 One Punch Man 30,원펀맨 One Punch Man,30,,- 최대의 벽,ONE,대원씨아이(만화),2024-08,4950,9.8,4571,873,2026-09-07T08:54:48+09:00,,,,,1,0
357286627,GACHIAKUTA 12,GACHIAKUTA,12,,,케이 우라나,학산문화사(만화),2025-02,5400,10.0,4599,874,2026-09-07T08:54:48+09:00,,,,,1,0
394711869,김전일 아빠의 사건부 3,김전일 아빠의 사건부,3,,,아마기 세이마루,서울미디어코믹스(서울문화사),2026-06,6300,9.7,4445,875,2026-09-07T08:54:48+09:00,799,-76,4615,-170,0,0
382629021,킹덤 Kingdom 75,킹덤 Kingdom,75,,,하라 야스히사,대원씨아이(만화),2025-12,5400,6.0,4373,876,2026-09-07T08:54:48+09:00,,,,,1,0
318700246,괴수 8호 1,괴수 8호,1,,,마츠모토 나오야,서울미디어코믹스(서울문화사),2021-01,5400,8.0,4431,877,2026-09-07T08:54:48+09:00,805,-72,4511,-80,0,0
358899876,극락가 1,극락가,1,,,사노 유토,대원씨아이(만화),2023-11,5850,8.0,4265,878,2026-09-07T08:54:48+09:00,,,,,1,0
329382397,타몬 군 지금 어느 쪽?! 5,타몬 군 지금 어느 쪽?!,5,,,시와스 유키,학산문화사(만화),2023-11,5400,9.7,4149,879,2026-09-07T08:54:48+09:00,,,,,1,0
395809429,비실비실 선생님 14,비실비실 선생님,14,,,후쿠치 카미오,대원씨아이(만화),2026-06,5850,,4230,880,2026-09-07T08:54:48+09:00,653,-227,4330,-100,0,0
301476046,오늘부터 신령님 25,오늘부터 신령님,25,,- 완결,스즈키 줄리에타,학산문화사(만화),2017-06,5400,,4210,881,2026-09-07T08:54:48+09:00,,,,,1,0
199996910,기븐 5,기븐,5,,- 뉴 루비코믹스 2350,키즈 나츠키,현대지능개발사,2019-07,5400,9.6,4283,882,2026-09-07T08:54:48+09:00,,,,,1,0
309125683,너에게 닿기를 번외편 ∼운명의 사람∼ 3 (일반판),너에게 닿기를 번외편 ∼운명의 사람∼,3,일반판,- 완결,시이나 카루호,대원씨아이(만화),2023-01,4500,9.6,4193,883,2026-09-07T08:54:48+09:00,,,,,1,0
295866022,하이큐!! 45,하이큐!!,45,,"- 완결, 도전자들",후루다테 하루이치,대원씨아이(만화),2020-12,4950,10.0,4113,884,2026-09-07T08:54:48+09:00,547,-337,4246,-133,0,0
337045326,괴수 8호 2,괴수 8호,2,,,마츠모토 나오야,서울미디어코믹스(서울문화사),2021-04,5400,8.0,4087,885,2026-09-07T08:54:48+09:00,812,-73,4186,-99,0,0
382707103,소년X소녀 일러스트&스티커북,소년X소녀 일러스트&스티커북,,,,규잉,서울미디어코믹스(서울문화사),2025-12,18000,7.2,3910,886,2026-09-07T08:54:48+09:00,820,-66,4073,-163,0,0
324949642,블루 록 19,블루 록,19,,,노무라 유스케,학산문화사(만화),2023-09,5400,9.5,3884,887,2026-09-07T08:54:48+09:00,,,,,1,0
341802003,베르세르크 42,베르세르크,42,,,미우라 켄타로,대원씨아이(만화),2024-06,5400,9.7,3895,888,2026-09-07T08:54:48+09:00,818,-70,3974,-79,0,0
362603487,카구라바치 4,카구라바치,4,,,호카조노 타케루,대원씨아이(만화),2025-04,5850,9.4,3877,889,2026-09-07T08:54:48+09:00,,,,,1,0
389641283,황천의 츠가이 6,황천의 츠가이,6,,,아라카와 히로무,대원씨아이(만화),2024-08,5850,,3916,890,2026-09-07T08:54:48+09:00,,,,,1,0
360504886,빛과 색으로 그리는 디지털 스케치 입문,빛과 색으로 그리는 디지털 스케치 입문,,,,나가스나 히로,잉크잼(잼스푼),2025-03,19800,10.0,3847,891,2026-09-07T08:54:48+09:00,,,,,1,0
356290969,사카모토 데이즈 4,사카모토 데이즈,4,,- 객차 내애서는 정숙히,스즈키 유우토,대원씨아이(만화),2022-05,5850,,3692,892,2026-09-07T08:54:48+09:00,,,,,1,0
367024440,"어서 오세요, 공룡 박사님의 마음 상담소","어서 오세요, 공룡 박사님의 마음 상담소",,,,스와프나 해도우,FIKAJUNIOR(피카주니어),2025-06,15300,9.8,3824,893,2026-09-07T08:54:48+09:00,,,,,1,0
393715017,노아 선배는 친구 9,노아 선배는 친구,9,,- 초판특전 : 포토카드 2종 세트,아키야마 엔마,서울미디어코믹스(서울문화사),2026-05,5850,9.5,3630,894,2026-09-07T08:54:48+09:00,666,-228,3630,0,0,0
389481648,블루 아카이브 : 게임개발부 대모험! 4,블루 아카이브 : 게임개발부 대모험!,4,,,미즈 아사토,학산문화사(만화),2026-04,8100,8.9,3738,895,2026-09-07T08:54:48+09:00,,,,,1,0
368013969,오가미 츠미키와 기일상 3 (더블특전판),오가미 츠미키와 기일상,3,더블특전판,- 학생증 + 필름 북마크,모리시타 미유,학산문화사(만화),2025-07,5400,9.4,3554,896,2026-09-07T08:54:48+09:00,,,,,1,0
393756075,폭식 너무 좋아! 모치즈키 양 3,폭식 너무 좋아! 모치즈키 양,3,,,마루요노 카모메,대원씨아이(만화),2026-05,6300,9.8,3465,897,2026-09-07T08:54:48+09:00,832,-65,3475,-10,0,0
380346760,더블크로스 The 3rd Edition 룰북 2,더블크로스 The 3rd Edition 룰북,2,,,F.E.A.R,데이즈엔터(주),2025-12,13500,,3375,898,2026-09-07T08:54:48+09:00,,,,,1,0
398425128,환생의 법칙 5,환생의 법칙,5,,,구루뷰,블루픽,2026-07,14220,,3330,899,2026-09-07T08:54:48+09:00,,,,,1,0
394171107,친구 엄마 10,친구 엄마,10,,,온점,블루픽,2026-05,14220,,3410,900,2026-09-07T08:54:48+09:00,,,,,1,0
327274039,원룸 조교님 2,원룸 조교님,2,,,지붕,유어마나(거북이북스),2023-10,15300,,3326,901,2026-09-07T08:54:48+09:00,,,,,1,0
397898246,역대급 영지 설계사 9,역대급 영지 설계사,9,,- 초판 한정 작가진 친필 사인 인쇄본 + 표지 일러스트 엽서 + 캐릭터 카드 3종,이현민,문페이스,2026-07,14400,,3290,902,2026-09-07T08:54:48+09:00,831,-71,3370,-80,0,0
392518824,테라피 게임 리스타트 6,테라피 게임 리스타트,6,,,히노하라 메구루,블랑코믹스(BLANC COMICS),2026-05,6300,10.0,3255,903,2026-09-07T08:54:48+09:00,,,,,1,0
295418499,지. : 지구의 운동에 대하여 2,지. : 지구의 운동에 대하여,2,,,우오토,문학동네,2022-05,7200,9.8,3297,904,2026-09-07T08:54:48+09:00,,,,,1,0
307010808,지. : 지구의 운동에 대하여 3,지. : 지구의 운동에 대하여,3,,,우오토,문학동네,2022-12,7200,9.5,3436,905,2026-09-07T08:54:48+09:00,,,,,1,0
379954205,팔견전 24,팔견전,24,,"- 동방팔견이문, S코믹스, 완결",아베 미유키,㈜소미미디어,2025-12,5400,8.5,3286,906,2026-09-07T08:54:48+09:00,559,-347,3453,-167,0,0
392470080,작두 1,작두,1,,,232(이삼이),영컴(YOUNG COM),2026-05,15120,,3316,907,2026-09-07T08:54:48+09:00,,,,,1,0
328897135,약사의 혼잣말 12,약사의 혼잣말,12,,,네코쿠라게,학산문화사(만화),2023-11,5400,9.4,3129,908,2026-09-07T08:54:48+09:00,,,,,1,0
337105674,Veil 2,Veil,2,,"- S코믹스, JAPAN EXPO 최우수작화상, 최우수장정상 수상",코테리,㈜소미미디어,2024-04,11520,9.4,3158,909,2026-09-07T08:54:48+09:00,,,,,1,0
307010996,지. : 지구의 운동에 대하여 4,지. : 지구의 운동에 대하여,4,,,우오토,문학동네,2022-12,7200,9.8,3312,910,2026-09-07T08:54:48+09:00,,,,,1,0
155396771,미스터 초밥왕 애장판 1~14 박스 세트 (완결),미스터 초밥왕 애장판 1~14 박스 세트 (완결),,,,다이스케 테라사와,학산문화사(만화),2010-01,88200,8.7,3036,911,2026-09-07T08:54:48+09:00,,,,,1,0
383430621,도쿄 학생 애처가 3,도쿄 학생 애처가,3,,,카유카와 스즈,학산문화사(만화),2026-01,6300,10.0,3161,912,2026-09-07T08:54:48+09:00,,,,,1,0
372071162,참을 수 없는 건 사랑인 걸까 4,참을 수 없는 건 사랑인 걸까,4,,,소라하나 미아,대원씨아이(만화),2025-09,5850,10.0,2913,913,2026-09-07T08:54:48+09:00,676,-237,2881,32,0,0
341682079,패배 히로인이 너무 많아! 5,패배 히로인이 너무 많아!,5,,- Novel Engine,아마모리 타키비,데이즈엔터(주),2024-07,6750,9.3,3009,914,2026-09-07T08:54:48+09:00,560,-354,3222,-213,0,0
320430455,약사의 혼잣말 11,약사의 혼잣말,11,,,네코쿠라게,학산문화사(만화),2023-07,5400,9.8,2995,915,2026-09-07T08:54:48+09:00,,,,,1,0
288831826,하이큐!! 1,하이큐!!,1,,,후루다테 하루이치,대원씨아이(만화),2013-05,4950,10.0,2916,916,2026-09-07T08:54:48+09:00,,,,,1,0
392472033,무대 담당과 악역 군 1,무대 담당과 악역 군,1,,- 루나 코믹스,야마시나 티나,㈜소미미디어,2026-05,6300,9.6,2925,917,2026-09-07T08:54:48+09:00,,,,,1,0
344711200,명탐정 코난 105 (특장판),명탐정 코난,105,특장판,- 초기 설정집 노트 + 아크릴 스탠드(PET) + 스티커 2종,아오야마 고쇼,서울미디어코믹스(서울문화사),2024-08,9000,10.0,2915,918,2026-09-07T08:54:48+09:00,473,-445,2950,-35,0,0
375535559,나의 히어로 아카데미아 공식 일러스트집 Ultra Artworks,나의 히어로 아카데미아 공식 일러스트집 Ultra Artworks,,,,호리코시 코헤이,서울미디어코믹스(서울문화사),2025-10,39600,,2860,919,2026-09-07T08:54:48+09:00,674,-245,2952,-92,0,0
398309343,요리 군과 다시 만날 수는 없어! 1 (아크릴키링 한정판),요리 군과 다시 만날 수는 없어!,1,아크릴키링 한정판,- 요리 군과 다시 만날 수는 없어! 1권(초판 특전 포함) + 아크릴 참 키링 + 포토카드 2종 + 스페셜 아크릴 일러스트 카드 + 흑백 일러스트 카드 2종,Sumio Hataya,서울미디어코믹스(서울문화사),2026-07,22500,10.0,2880,920,2026-09-07T08:54:48+09:00,,,,,1,0
386058254,타몬 군 지금 어느 쪽?! 9,타몬 군 지금 어느 쪽?!,9,,,시와스 유키,학산문화사(만화),2025-04,5400,,2842,921,2026-09-07T08:54:48+09:00,848,-73,2949,-107,0,0
373365028,도쿄 학생 애처가 2,도쿄 학생 애처가,2,,,카유카와 스즈,학산문화사(만화),2025-10,6300,10.0,2945,922,2026-09-07T08:54:48+09:00,,,,,1,0
397905187,THE POOL,THE POOL,,,,사쿠라이 가몬,학산문화사(만화),2026-07,13500,10.0,2740,923,2026-09-07T08:54:48+09:00,853,-70,2730,10,0,0
299392362,하이큐!! 38,하이큐!!,38,,- 태스크 포커스,후루다테 하루이치,대원씨아이(만화),2019-09,4950,,2807,924,2026-09-07T08:54:48+09:00,677,-247,2965,-158,0,0
318774144,블루 록 17,블루 록,17,,,노무라 유스케,학산문화사(만화),2023-06,5400,9.8,2686,925,2026-09-07T08:54:48+09:00,,,,,1,0
379009613,그 비스크 돌은 사랑을 한다 TV 애니메이션 공식 팬북 키타가와 마린이 최고야,그 비스크 돌은 사랑을 한다 TV 애니메이션 공식 팬북 키타가와 마린이 최고야,,,- S코믹스,후쿠다 신이치,㈜소미미디어,2025-12,18000,10.0,2756,926,2026-09-07T08:54:48+09:00,,,,,1,0
400225649,인생 역전 3,인생 역전,3,,- S Novel,D,㈜소미미디어,2026-08,7650,,2720,927,2026-09-07T08:54:48+09:00,562,-365,2880,-160,0,0
389481532,묘쌤은 이렇게 말했다 10,묘쌤은 이렇게 말했다,10,,- S코믹스,무테키 소다,㈜소미미디어,2026-04,6300,9.5,2679,928,2026-09-07T08:54:48+09:00,860,-68,2581,98,0,0
172824777,리버스 에지 River’s Edge,리버스 에지 River’s Edge,,,,오카자키 교코,고트(goat),2018-10,20900,9.5,2662,929,2026-09-07T08:54:48+09:00,,,,,1,0
393696313,창천항로 애장판 1,창천항로 애장판,1,,,킹곤타,대원씨아이(만화),2026-05,16200,6.4,2660,930,2026-09-07T08:54:48+09:00,478,-452,2725,-65,0,0
398903961,보이시한 여자친구가 너무 귀여워 5,보이시한 여자친구가 너무 귀여워,5,,- 초판 한정 : 폴라로이드 사진 + 네컷 사진,규뉴무기고항,서울미디어코믹스(서울문화사),2026-07,6300,,2655,931,2026-09-07T08:54:48+09:00,,,,,1,0
333640950,먼작귀 5,먼작귀,5,,- 먼가 작고 귀여운 녀석,나가노,미우(대원씨아이),2024-02,10800,10.0,2543,932,2026-09-07T08:54:48+09:00,863,-69,2567,-24,0,0
281358408,원피스 제1부 EP1 BOX 동쪽의 바다 세트 - 전12권,원피스 제1부 EP1 BOX 동쪽의 바다 세트 - 전12권,,,- 1~12권,오다 에이치로,대원씨아이(만화),2021-10,63900,6.8,2727,933,2026-09-07T08:54:48+09:00,,,,,1,0
369056766,사카모토 데이즈 21,사카모토 데이즈,21,,- 오늘의 운세,스즈키 유우토,대원씨아이(만화),2025-07,5850,,2619,934,2026-09-07T08:54:48+09:00,,,,,1,0
395477416,타로의 얼렁뚱땅 1,타로의 얼렁뚱땅,1,,,야츠미 츠무,서울미디어코믹스(서울문화사),2026-06,5850,10.0,2700,935,2026-09-07T08:54:48+09:00,,,,,1,0
367691634,GACHIAKUTA 13,GACHIAKUTA,13,,,케이 우라나,학산문화사(만화),2025-07,5400,,2553,936,2026-09-07T08:54:48+09:00,,,,,1,0
370836360,"밟고, 차고, 사랑하고 5","밟고, 차고, 사랑하고",5,,,이치야 스미,대원씨아이(만화),2025-08,4950,9.9,2561,937,2026-09-07T08:54:48+09:00,,,,,1,0
393313791,추우면 변하는 헤비가미 군 1,추우면 변하는 헤비가미 군,1,,"- 초판 한정 특전: 띠지, 스티커, PET 스탠드, 투명 책갈피, SL Comic",쿠리미야,디앤씨미디어(주)(D&C미디어),2026-05,6300,8.5,2525,938,2026-09-07T08:54:48+09:00,482,-456,2630,-105,0,0
383611971,시노비고토 2 (트리플 특전판),시노비고토,2,트리플 특전판,,미타라시 산타,학산문화사(만화),2026-01,6300,10.0,2577,939,2026-09-07T08:54:48+09:00,,,,,1,0
332456996,천막의 자두가르 3,천막의 자두가르,3,,,토마토수프,서울미디어코믹스(서울문화사),2024-01,6750,9.7,2496,940,2026-09-07T08:54:48+09:00,858,-82,2559,-63,0,0
368003996,보석의 나라 13,보석의 나라,13,,,이치카와 하루코,YNK MEDIA(만화),2025-07,4500,8.0,2629,941,2026-09-07T08:54:48+09:00,,,,,1,0
369307957,GACHIAKUTA 14,GACHIAKUTA,14,,,케이 우라나,학산문화사(만화),2025-08,5400,,2510,942,2026-09-07T08:54:48+09:00,,,,,1,0
400000607,빠져든 침대에서 천사의 자는 얼굴을 보고 싶을 뿐,빠져든 침대에서 천사의 자는 얼굴을 보고 싶을 뿐,,,- #둘이서 저지른 비밀의 교칙 위반,우에스 테츠토,AK(에이케이)커뮤니케이션즈,2026-08,10800,,2500,943,2026-09-07T08:54:48+09:00,567,-376,2620,-120,0,0
396593327,일본삼국 7,일본삼국,7,,,마쓰키 잇카,재담,2026-06,7200,10.0,2360,944,2026-09-07T08:54:48+09:00,868,-76,2275,85,0,0
352893695,강철의 연금술사 박스세트 2,강철의 연금술사 박스세트,2,,- 일반판 10~18권 + 10~18권 PVC 카드,아라카와 히로무,학산문화사(만화),2024-11,48600,,2446,945,2026-09-07T08:54:48+09:00,,,,,1,0
396136941,세레나 9,세레나,9,,"- 초판 한정 부록 : 일러스트 엽서 1종, 면지에 작가님 친필 사인(인쇄본)",정이나,네이버웹툰,2026-07,14400,,2355,946,2026-09-07T08:54:48+09:00,,,,,1,0
220169887,보석의 나라 10,보석의 나라,10,,,이치카와 하루코,YNK MEDIA(만화),2019-12,4500,10.0,2479,947,2026-09-07T08:54:48+09:00,,,,,1,0
322921540,원피스 99,원피스,99,,- 밀짚모자 루피,오다 에이치로,대원씨아이(만화),2021-08,4950,10.0,2381,948,2026-09-07T08:54:48+09:00,870,-78,2448,-67,0,0
345784263,일본삼국 1,일본삼국,1,,,마쓰키 잇카,재담,2024-08,6750,9.2,2341,949,2026-09-07T08:54:48+09:00,,,,,1,0
368527098,사랑의 유령,사랑의 유령,,,- 솔트 코믹스,호토나카,YNK MEDIA(만화),2025-07,5400,6.0,2225,950,2026-09-07T08:54:48+09:00,,,,,1,0
298972634,나루토 Naruto 8,나루토 Naruto,8,,,키시모토 마사시,대원씨아이(만화),2001-10,4950,,2267,951,2026-09-07T08:54:48+09:00,,,,,1,0
347631706,악마에 입문했습니다! 이루마 군 : if Episode of 마피아 1,악마에 입문했습니다! 이루마 군 : if Episode of 마피아,1,,,니시 오사무,서울미디어코믹스(서울문화사),2024-09,5850,9.8,2266,952,2026-09-07T08:54:48+09:00,874,-78,2396,-130,0,0
391724707,명탐정 코난 로맨틱 러버스 셀렉션,명탐정 코난 로맨틱 러버스 셀렉션,,,,아오야마 고쇼,서울미디어코믹스(서울문화사),2026-04,10800,10.0,2228,953,2026-09-07T08:54:48+09:00,486,-467,2405,-177,0,0
298665851,아인 1,아인,1,,,사쿠라이 가몬,학산문화사(만화),2014-08,5400,10.0,2213,954,2026-09-07T08:54:48+09:00,,,,,1,0
389001364,디그 잇 1,디그 잇,1,,,Yoshidamaru,학산문화사(만화),2026-04,6300,8.0,1990,955,2026-09-07T08:54:48+09:00,,,,,1,0
328898132,원피스 98,원피스,98,,- 충신 킨,오다 에이치로,대원씨아이(만화),2021-03,4950,8.0,2107,956,2026-09-07T08:54:48+09:00,885,-71,2165,-58,0,0
338379758,이거 그리고 죽어 1,이거 그리고 죽어,1,,,토요다 미노루,대원씨아이(만화),2024-04,5400,9.7,2006,957,2026-09-07T08:54:48+09:00,580,-377,2091,-85,0,0
325418441,먼작귀 2,먼작귀,2,,- 먼가 작고 귀여운 녀석,나가노,미우(대원씨아이),2022-08,10800,,1920,958,2026-09-07T08:54:48+09:00,,,,,1,0
374484760,서유요원전 서역편 : 화염산의 장 2,서유요원전 서역편 : 화염산의 장,2,,,모로호시 다이지로,문학동네,2025-10,9900,9.6,2028,959,2026-09-07T08:54:48+09:00,,,,,1,0
397818141,카난 님은 초보 악마 12,카난 님은 초보 악마,12,,,논코,학산문화사(만화),2026-07,5400,,2075,960,2026-09-07T08:54:48+09:00,,,,,1,0
324896200,보석의 나라 12,보석의 나라,12,,,이치카와 하루코,YNK MEDIA(만화),2023-09,4500,4.0,2061,961,2026-09-07T08:54:48+09:00,,,,,1,0
394169803,버저 비터 신장판 2,버저 비터 신장판,2,,,이노우에 타케히코,대원씨아이(만화),2026-05,21600,9.3,1950,962,2026-09-07T08:54:48+09:00,883,-79,2020,-70,0,0
326489876,네가 죽을 때까지 사랑하고 싶어 6,네가 죽을 때까지 사랑하고 싶어,6,,,나치 아오노,학산문화사(만화),2023-10,5400,10.0,1856,963,2026-09-07T08:54:48+09:00,578,-385,2159,-303,0,0
319996599,명탐정 코난 2,명탐정 코난,2,,,아오야마 고쇼,서울미디어코믹스(서울문화사),2020-08,5400,10.0,1830,964,2026-09-07T08:54:48+09:00,,,,,1,0
331618813,먼작귀 1 (그림책 포함 특별판),먼작귀,1,그림책 포함 특별판,- 먼가 작고 귀여운 녀석,나가노,미우(대원씨아이),2022-06,17820,,1876,965,2026-09-07T08:54:48+09:00,409,-556,2101,-225,0,0
400001034,피토스포룸 첫 번째 잎,피토스포룸 첫 번째 잎,,,,미카미 시노,인디고,2026-08,6300,10.0,1850,966,2026-09-07T08:54:48+09:00,,,,,1,0
310530480,만화로 보는 일리아스,만화로 보는 일리아스,,,- 트로이의 노래,동사원형,한빛비즈,2023-02,17550,9.9,1907,967,2026-09-07T08:54:48+09:00,706,-261,2000,-93,0,0
234054568,마도정병의 슬레이브 2,마도정병의 슬레이브,2,,,타케무라 요헤이,대원씨아이(만화),2020-02,4950,8.2,1839,968,2026-09-07T08:54:48+09:00,,,,,1,0
313255057,명탐정 코난 1,명탐정 코난,1,,,아오야마 고쇼,서울미디어코믹스(서울문화사),2020-08,5400,10.0,1774,969,2026-09-07T08:54:48+09:00,,,,,1,0
360344081,얼음 성벽 9,얼음 성벽,9,,,아가사와 코챠,학산문화사(만화),2025-03,9000,10.0,1872,970,2026-09-07T08:54:48+09:00,,,,,1,0
340411847,이거 그리고 죽어 2,이거 그리고 죽어,2,,,토요다 미노루,대원씨아이(만화),2024-05,5400,9.5,1709,971,2026-09-07T08:54:48+09:00,709,-262,1692,17,0,0
382235722,긴키 지방의 어느 장소에 대하여 2,긴키 지방의 어느 장소에 대하여,2,,,우스이 츠카사,오팬스코믹,2025-12,7650,9.4,1732,972,2026-09-07T08:54:48+09:00,710,-262,1690,42,0,0
330130887,너의 밤에 닿는다,너의 밤에 닿는다,,,,모리 모요리,인디고,2023-12,5850,10.0,1602,973,2026-09-07T08:54:48+09:00,,,,,1,0
398326479,샨티 1,샨티,1,,"- S코믹스, 초판 한정 PET 일러스트 카드 2종",스가 쿄스케,㈜소미미디어,2026-07,6300,10.0,1765,974,2026-09-07T08:54:48+09:00,,,,,1,0
364587521,얼음 성벽 10,얼음 성벽,10,,,아가사와 코챠,학산문화사(만화),2025-05,9000,10.0,1712,975,2026-09-07T08:54:48+09:00,,,,,1,0
374951156,얼음 성벽 11,얼음 성벽,11,,,아가사와 코챠,학산문화사(만화),2025-10,9000,10.0,1781,976,2026-09-07T08:54:48+09:00,898,-78,1750,31,0,0
400001284,와카코와 술 25,와카코와 술,25,,,신큐 치에,AK(에이케이)커뮤니케이션즈,2026-08,7200,,1680,977,2026-09-07T08:54:48+09:00,410,-567,1870,-190,0,0
296275956,네가 죽을 때까지 사랑하고 싶어 2,네가 죽을 때까지 사랑하고 싶어,2,,,나치 아오노,학산문화사(만화),2021-02,5400,,1649,978,2026-09-07T08:54:48+09:00,494,-484,1928,-279,0,0
293793600,포켓몬스터 스페셜 3,포켓몬스터 스페셜,3,,,,대원씨아이(만화),1999-10,4950,,1778,979,2026-09-07T08:54:48+09:00,,,,,1,0
358525681,얼음 성벽 8,얼음 성벽,8,,,아가사와 코챠,학산문화사(만화),2025-02,9000,10.0,1683,980,2026-09-07T08:54:48+09:00,,,,,1,0
398360386,뷰티풀 군바리 12,뷰티풀 군바리,12,,- 초판 한정 포토카드 2종,설이,길찾기,2026-07,17820,,1610,981,2026-09-07T08:54:48+09:00,708,-273,1770,-160,0,0
298203573,나루토 Naruto 45,나루토 Naruto,45,,,키시모토 마사시,대원씨아이(만화),2009-06,4950,,1644,982,2026-09-07T08:54:48+09:00,,,,,1,0
390588755,통제구역관리부 2,통제구역관리부,2,,,탄광,다산코믹스,2026-04,18900,,1552,983,2026-09-07T08:54:48+09:00,,,,,1,0
400224536,딸이 아니라 나를 좋아한다고?! 4,딸이 아니라 나를 좋아한다고?!,4,,- S코믹스,아즈마 텟신,㈜소미미디어,2026-08,6300,,1430,984,2026-09-07T08:54:48+09:00,,,,,1,0
399950807,내 최애는 막차를 탄다 3~4 세트 - 전2권,내 최애는 막차를 탄다 3~4 세트 - 전2권,,,"- 포토카드 2종(3,4권 부록) + 폴라로이드 3종 + 작가님 사인 인쇄본",직씨,네이버웹툰,2026-10,28800,,1440,985,2026-09-07T08:54:48+09:00,,,,,1,0
382629229,도라에몽 6 : 50주년 기념 스페셜판,도라에몽 6 : 50주년 기념 스페셜판,,,,후지코 F. 후지오,대원씨아이(만화),2025-12,16200,8.0,1522,986,2026-09-07T08:54:48+09:00,,,,,1,0
362613758,Re : 제로부터 시작하는 이세계 생활 25,Re : 제로부터 시작하는 이세계 생활,25,,"- 개정판, Novel Engine",나가츠키 탓페이,데이즈엔터(주),2025-04,7200,8.0,1501,987,2026-09-07T08:54:48+09:00,,,,,1,0
399782211,평화로운 나라의 시마자키에게 11,평화로운 나라의 시마자키에게,11,,,세시모 타케시,학산문화사(만화),2026-08,5400,10.0,1625,988,2026-09-07T08:54:48+09:00,,,,,1,0
389890616,아다치와 시마무라 3,아다치와 시마무라,3,,,유즈하라 모케,학산문화사(만화),2026-04,6300,10.0,1487,989,2026-09-07T08:54:48+09:00,,,,,1,0
376973639,삼국지를 한번도 안 읽어 볼 수는 없잖아,삼국지를 한번도 안 읽어 볼 수는 없잖아,,,- 열 번은 읽은 듯한 빠삭함!,Team. StoryG,oldstairs(올드스테어즈),2025-11,18000,10.0,1375,990,2026-09-07T08:54:48+09:00,713,-277,1500,-125,0,0
395514613,마법소녀 단델라이온 2,마법소녀 단델라이온,2,,"- SL Comic / 초판 한정 특전 띠지, 일러스트 카드 2종",미즈호 카에루,디앤씨미디어(주)(D&C미디어),2026-06,6300,,1290,991,2026-09-07T08:54:48+09:00,,,,,1,0
279639009,일하는 세포 6,일하는 세포,6,,- 완결,시미즈 아카네,학산문화사(만화),2021-09,4500,9.1,1361,992,2026-09-07T08:54:48+09:00,,,,,1,0
367956207,Re : 제로부터 시작하는 이세계 생활 24,Re : 제로부터 시작하는 이세계 생활,24,,"- 개정판, Novel Engine",나가츠키 탓페이,데이즈엔터(주),2025-07,7200,,1490,993,2026-09-07T08:54:48+09:00,,,,,1,0
357930933,풀 나이트 2,풀 나이트,2,,- S코믹스,야스다 카스미,㈜소미미디어,2025-02,6300,10.0,1313,994,2026-09-07T08:54:48+09:00,923,-71,1263,50,0,0
400856505,아오아시 16,아오아시,16,,,코바야시 유고,대원씨아이(만화),2026-08,5850,,1260,995,2026-09-07T08:54:48+09:00,499,-496,1240,20,0,0
400707962,추방 당한 전생 중기사는 게임 지식으로 무쌍한다 12,추방 당한 전생 중기사는 게임 지식으로 무쌍한다,12,,,브로콜리,대원씨아이(만화),2026-08,5850,,1260,996,2026-09-07T08:54:48+09:00,586,-410,1410,-150,0,0
396049323,곰과 토끼는 친구로 지낼 수 없다 1,곰과 토끼는 친구로 지낼 수 없다,1,,,이누요시 아키라,대원씨아이(만화),2026-06,6300,,1260,997,2026-09-07T08:54:48+09:00,498,-499,1530,-270,0,0
341991722,블리치 리믹스 4,블리치 리믹스,4,,,쿠보 타이토,서울미디어코믹스(서울문화사),2024-06,10800,10.0,1281,998,2026-09-07T08:54:48+09:00,718,-280,1473,-192,0,0
334713408,오리들,오리들,,,"- 돈과 기름의 땅, 오일샌드에서 보낸 2년",케이트 비턴,김영사,2024-03,26820,9.2,1362,999,2026-09-07T08:54:48+09:00,,,,,1,0
370319517,바람계곡의 나우시카 박스판 - 전7권,바람계곡의 나우시카 박스판 - 전7권,,,,미야자키 하야오,학산문화사(만화),2010-12,63000,,1188,1000,2026-09-07T08:54:48+09:00,,,,,1,0
400730154,1초 24,1초,24,,,시니,영컴(YOUNG COM),2026-08,15120,,,,2026-09-07T08:54:48+09:00,943,,800,,0,1
375360802,44교시 생존수업 1~2 세트 - 전2권,44교시 생존수업 1~2 세트 - 전2권,,,,상C,네이버웹툰,2025-12,28800,10.0,,,2026-09-07T08:54:48+09:00,351,,2214,,0,1
344254532,GACHIAKUTA 6,GACHIAKUTA,6,,,케이 우라나,학산문화사(만화),2024-08,5400,10.0,,,2026-09-07T08:54:48+09:00,821,,3955,,0,1
398810235,How to melt,How to melt,,,- 라르고맥스 Largo Max,스에히로 마치,조은세상(북두),2026-07,8100,10.0,,,2026-09-07T08:54:48+09:00,957,,820,,0,1
383428976,Veil 6,Veil,6,,"- S코믹스, JAPAN EXPO 최우수작화상, 최우수장정상 수상",코테리,㈜소미미디어,2026-01,11520,9.7,,,2026-09-07T08:54:48+09:00,856,,2847,,0,1
400585822,W 줄리엣 2부 16,W 줄리엣 2부,16,,,에무라,대원씨아이(만화),2026-08,3780,,,,2026-09-07T08:54:48+09:00,948,,760,,0,1
397362768,가끔씩 툭하고 러시아어로 부끄러워하는 옆자리의 아랴 양 11,가끔씩 툭하고 러시아어로 부끄러워하는 옆자리의 아랴 양,11,,"- L Novel /초판 한정 특전 : 띠지, 책갈피, 양면 표지, 폴라로이드 카드 1종",SUN SUN SUN,디앤씨미디어(주)(D&C미디어),2026-07,7650,,,,2026-09-07T08:54:48+09:00,785,,5170,,0,1
400733376,건강하고 문화적인 최저한도의 생활 11,건강하고 문화적인 최저한도의 생활,11,,,가시와기 하루코,문학동네,2026-08,8820,,,,2026-09-07T08:54:48+09:00,598,,1020,,0,1
400734025,건강하고 문화적인 최저한도의 생활 12,건강하고 문화적인 최저한도의 생활,12,,,가시와기 하루코,문학동네,2026-08,8820,,,,2026-09-07T08:54:48+09:00,737,,840,,0,1
296075787,건방진 그 녀석 6,건방진 그 녀석,6,,,미츠바치 미유키,학산문화사(만화),2017-05,5400,,,,2026-09-07T08:54:48+09:00,899,,1834,,0,1
316395937,건방진 그 녀석 7,건방진 그 녀석,7,,,미츠바치 미유키,학산문화사(만화),2017-07,5400,,,,2026-09-07T08:54:48+09:00,908,,1672,,0,1
304439585,격기 3반 1,격기 3반,1,,- 남일고등학교 격투기 특기반,이학,대원씨아이(만화),2017-01,4950,,,,2026-09-07T08:54:48+09:00,925,,1404,,0,1
311998558,격기 3반 2,격기 3반,2,,- 남일고등학교 격투기 특기반,이학,대원씨아이(만화),2017-04,4950,,,,2026-09-07T08:54:48+09:00,930,,1293,,0,1
311998827,격기 3반 3,격기 3반,3,,- 남일고등학교 격투기 특기반,이학,대원씨아이(만화),2017-12,4950,10.0,,,2026-09-07T08:54:48+09:00,934,,1230,,0,1
304439735,격기 3반 4,격기 3반,4,,- 남일고등학교 격투기 특기반,이학,대원씨아이(만화),2018-09,4950,,,,2026-09-07T08:54:48+09:00,726,,1303,,0,1
337130738,골든 카무이 1~31 세트 - 전31권,골든 카무이 1~31 세트 - 전31권,,,,노다 사토루,대원씨아이(만화),2024-03,113400,,,,2026-09-07T08:54:48+09:00,941,,888,,0,1
400557793,공각기동대 -HUMAN ERROR PROCESSER-,공각기동대 -HUMAN ERROR PROCESSER-,,,,시로 마사무네,대원씨아이(만화),2026-08,12600,,,,2026-09-07T08:54:48+09:00,740,,470,,0,1
105525838,공각기동대 -MANMACHINE INTERFACE-,공각기동대 -MANMACHINE INTERFACE-,,,,시로 마사무네,대원씨아이(만화),2017-03,14400,7.7,,,2026-09-07T08:54:48+09:00,810,,4288,,0,1
105525634,공각기동대 -THE GHOST IN THE SHELL-,공각기동대 -THE GHOST IN THE SHELL-,,,,시로 마사무네,대원씨아이(만화),2017-03,14400,9.2,,,2026-09-07T08:54:48+09:00,792,,5031,,0,1
393626220,구룡 제네릭 로맨스 11,구룡 제네릭 로맨스,11,,"- S코믹스/ 초판 한정 렌티큘러 카드, 일러스트 카드",마유즈키 준,㈜소미미디어,2026-05,6300,9.8,,,2026-09-07T08:54:48+09:00,867,,2365,,0,1
295225182,귀멸의 칼날 14,귀멸의 칼날,14,,,고토게 코요하루,학산문화사(만화),2020-01,5400,,,,2026-09-07T08:54:48+09:00,842,,3208,,0,1
295225410,귀멸의 칼날 19,귀멸의 칼날,19,,,고토게 코요하루,학산문화사(만화),2020-07,5400,,,,2026-09-07T08:54:48+09:00,997,,6734,,0,1
294409871,귀멸의 칼날 21,귀멸의 칼날,21,,,고토게 코요하루,학산문화사(만화),2020-11,5400,10.0,,,2026-09-07T08:54:48+09:00,995,,7164,,0,1
252254600,귀멸의 칼날 : 공식 팬북 귀살대 견문록,귀멸의 칼날 : 공식 팬북 귀살대 견문록,,,,고토게 코요하루,학산문화사(만화),2020-09,8550,9.6,,,2026-09-07T08:54:48+09:00,748,,9556,,0,1
300409416,귀멸의 칼날 : 공식 팬북 귀살대 견문록 2,귀멸의 칼날 : 공식 팬북 귀살대 견문록,2,,,고토게 코요하루,학산문화사(만화),2022-08,8550,9.8,,,2026-09-07T08:54:48+09:00,999,,6575,,0,1
327568377,그 비스크 돌은 사랑을 한다 11,그 비스크 돌은 사랑을 한다,11,,- S코믹스,후쿠다 신이치,㈜소미미디어,2023-11,6300,9.6,,,2026-09-07T08:54:48+09:00,817,,4037,,0,1
401131403,그리는 카마타 1,그리는 카마타,1,,,쿠사카베 유헤이,재담,2026-08,7200,,,,2026-09-07T08:54:48+09:00,964,,280,,0,1
333361531,길가메쉬,길가메쉬,,,,옌스 하르더,마르코폴로,2024-02,18000,9.7,,,2026-09-07T08:54:48+09:00,712,,1602,,0,1
392519237,길고양이와 늑대 6,길고양이와 늑대,6,,,미츠바치 미유키,학산문화사(만화),2026-05,5400,9.9,,,2026-09-07T08:54:48+09:00,770,,6510,,0,1
242242096,까면서 보는 해부학 만화,까면서 보는 해부학 만화,,,,압듈라,한빛비즈,2020-06,16650,9.3,,,2026-09-07T08:54:48+09:00,980,,9215,,0,1
400307391,꿀과 극약 2,꿀과 극약,2,,,사쿠라노코우지 카노코,대원씨아이(만화),2026-08,5400,,,,2026-09-07T08:54:48+09:00,945,,910,,0,1
322441152,꿈빛 파티시엘 신장판 3,꿈빛 파티시엘 신장판,3,,,마츠모토 나츠미,대원씨아이(만화),2023-08,5400,,,,2026-09-07T08:54:48+09:00,834,,3463,,0,1
400662384,꿈사랑 ~꿈에서 우리는 사랑에 빠진다~ 4,꿈사랑 ~꿈에서 우리는 사랑에 빠진다~,4,,- 완결,키타다 료마,서울미디어코믹스(서울문화사),2026-08,7650,,,,2026-09-07T08:54:48+09:00,733,,740,,0,1
382629539,꿈인지 생시인지 2,꿈인지 생시인지,2,,,사키사카 이오,대원씨아이(만화),2025-12,5850,9.8,,,2026-09-07T08:54:48+09:00,872,,2411,,0,1
386059133,나 혼자만 레벨업 : 라그나로크 2,나 혼자만 레벨업 : 라그나로크,2,,- 만화,,디앤씨웹툰비즈,2026-02,14400,7.0,,,2026-09-07T08:54:48+09:00,816,,4256,,0,1
394015605,나나 NANA 완전판 9,나나 NANA 완전판,9,,"- 초판 한정: PP엽서 1종, 포토카드 1종",야자와 아이,학산문화사(만화),2026-05,10800,,,,2026-09-07T08:54:48+09:00,838,,3295,,0,1
300076131,나루토 Naruto 25,나루토 Naruto,25,,,키시모토 마사시,대원씨아이(만화),2008-07,4950,,,,2026-09-07T08:54:48+09:00,892,,2082,,0,1
298203594,나루토 Naruto 3,나루토 Naruto,3,,,키시모토 마사시,대원씨아이(만화),2000-11,4950,,,,2026-09-07T08:54:48+09:00,667,,3504,,0,1
396091726,나의 행복한 결혼 6,나의 행복한 결혼,6,,,코사카 리토,서울미디어코믹스(서울문화사),2026-06,4950,9.7,,,2026-09-07T08:54:48+09:00,866,,2375,,0,1
365662113,나츠메 우인장 31,나츠메 우인장,31,,,미도리카와 유키,학산문화사(만화),2025-06,5400,9.4,,,2026-09-07T08:54:48+09:00,990,,7631,,0,1
400006895,내가 죽을 뿐인 100가지 괴담 2,내가 죽을 뿐인 100가지 괴담,2,,"- 노엔 코믹스 / 초판한정 특별부록 : 일러스트 카드, 띠지",마토노 안지,데이즈엔터(주),2026-08,7200,10.0,,,2026-09-07T08:54:48+09:00,922,,1170,,0,1
318301161,너를 너무너무너무너무 좋아하는 100명의 그녀 12,너를 너무너무너무너무 좋아하는 100명의 그녀,12,,,나카무라 리키토,학산문화사(만화),2023-06,5400,8.7,,,2026-09-07T08:54:48+09:00,916,,1532,,0,1
375359579,너를 너무너무너무너무 좋아하는 100명의 그녀 20,너를 너무너무너무너무 좋아하는 100명의 그녀,20,,,나카무라 리키토,학산문화사(만화),2025-10,5400,9.2,,,2026-09-07T08:54:48+09:00,917,,1607,,0,1
392910795,너를 너무너무너무너무 좋아하는 100명의 그녀 23,너를 너무너무너무너무 좋아하는 100명의 그녀,23,,,나카무라 리키토,학산문화사(만화),2026-05,5400,9.2,,,2026-09-07T08:54:48+09:00,882,,2230,,0,1
338121617,너와 장밋빛 매일 1,너와 장밋빛 매일,1,,,히로 치히로,서울미디어코믹스(서울문화사),2024-04,5400,9.9,,,2026-09-07T08:54:48+09:00,635,,6684,,0,1
384444527,너와 장밋빛 매일 2,너와 장밋빛 매일,2,,,히로 치히로,서울미디어코믹스(서울문화사),2026-01,5400,9.7,,,2026-09-07T08:54:48+09:00,675,,3057,,0,1
400649747,노노코 양의 여자친구 군♂ 1,노노코 양의 여자친구 군♂,1,,,하치와카마루,HUSH(허쉬),2026-08,5400,,,,2026-09-07T08:54:48+09:00,739,,610,,0,1
400311351,뇌를 바꾸려는 사람들,뇌를 바꾸려는 사람들,,,"- 프랑켄슈타인에서 현대 신경기술까지, 뇌과학으로 만나는 신경윤리의 질문들",류영준,어크로스,2026-08,19800,9.7,,,2026-09-07T08:54:48+09:00,932,,980,,0,1
384180355,단다단 18,단다단,18,,,타츠 유키노부,대원씨아이(만화),2026-01,5400,9.6,,,2026-09-07T08:54:48+09:00,651,,4334,,0,1
386563480,단다단 19,단다단,19,,,타츠 유키노부,대원씨아이(만화),2026-02,5400,10.0,,,2026-09-07T08:54:48+09:00,779,,5630,,0,1
349229181,단둘만의 로맨틱 1,단둘만의 로맨틱,1,,,카니사와 치히로,학산문화사(만화),2024-10,5400,10.0,,,2026-09-07T08:54:48+09:00,725,,1134,,0,1
398870503,더 죠죠랜즈 3 : 돈벌이할 시간,더 죠죠랜즈 3 : 돈벌이할 시간,,,- 죠죠의 기묘한 모험 Part 9,아라키 히로히코,문학동네,2026-07,7200,10.0,,,2026-09-07T08:54:48+09:00,671,,3070,,0,1
332513041,던전밥 13,던전밥,13,,- S코믹스,쿠이 료코,㈜소미미디어,2024-02,6300,9.8,,,2026-09-07T08:54:48+09:00,768,,6685,,0,1
338184397,던전밥 14,던전밥,14,,"- S코믹스, 완결",쿠이 료코,㈜소미미디어,2024-05,6300,9.8,,,2026-09-07T08:54:48+09:00,993,,7273,,0,1
387294608,데스 노트 Death Note 13,데스 노트 Death Note,13,,,오바 츠구미,대원씨아이(만화),2006-12,9000,,,,2026-09-07T08:54:48+09:00,912,,1629,,0,1
398443139,데스 노트 Death Note 4,데스 노트 Death Note,4,,,오바 츠구미,대원씨아이(만화),2005-06,6300,,,,2026-09-07T08:54:48+09:00,961,,750,,0,1
397222553,데포르메 세계 그리는 법,데포르메 세계 그리는 법,,,,시마리스 유키치,잉크잼(잼스푼),2026-07,19800,,,,2026-09-07T08:54:48+09:00,702,,1805,,0,1
396563354,도망을 잘 치는 도련님 22,도망을 잘 치는 도련님,22,,- 코노 모로후유 1351,마츠이 유세이,대원씨아이(만화),2026-06,5400,10.0,,,2026-09-07T08:54:48+09:00,736,,730,,0,1
400586291,도쿄대 세 자매 2,도쿄대 세 자매,2,,,이소야 유키,대원씨아이(만화),2026-08,5850,,,,2026-09-07T08:54:48+09:00,508,,890,,0,1
378966916,드래곤볼 완전판 가이드북 LANDMARK,드래곤볼 완전판 가이드북 LANDMARK,,,,토리야마 아키라,서울미디어코믹스(서울문화사),2025-11,12600,10.0,,,2026-09-07T08:54:48+09:00,861,,2545,,0,1
395444518,러브 불릿 1,러브 불릿,1,,- 초판 한정 부록: SD 캐릭터 스티커 1매 + 저자 사인 메시지 (면지 인쇄),inee,빗금,2026-06,8100,10.0,,,2026-09-07T08:54:48+09:00,833,,3485,,0,1
399872446,로스타임에 작별 인사를 Home and Away,로스타임에 작별 인사를 Home and Away,,,- 라르고 맥스 Largo Max,코코미,조은세상(북두),2026-08,5400,10.0,,,2026-09-07T08:54:48+09:00,924,,1130,,0,1
364518017,루리 드래곤 3,루리 드래곤,3,,,신도 마사오키,서울미디어코믹스(서울문화사),2025-05,5400,9.6,,,2026-09-07T08:54:48+09:00,769,,6611,,0,1
367919526,마루는 강쥐 7,마루는 강쥐,7,,,모죠,문페이스,2025-07,14400,,,,2026-09-07T08:54:48+09:00,809,,4367,,0,1
373271203,마루는 강쥐 8,마루는 강쥐,8,,,모죠,문페이스,2025-10,14400,,,,2026-09-07T08:54:48+09:00,545,,4474,,0,1
394695697,마법기사 레이어스 원화집,마법기사 레이어스 원화집,,,,CLAMP,학산문화사(만화),2026-06,34200,,,,2026-09-07T08:54:48+09:00,897,,1755,,0,1
311327430,마법소녀 마도카 마기카 신장판 : 상.하 박스 세트 - 전2권 (투명 pp카드 2매 + A5 L홀더 포함),마법소녀 마도카 마기카 신장판 : 상.하 박스 세트 - 전2권 (투명 pp카드 2매 + A5 L홀더 포함),,,,마기카 쿼테트,학산문화사(만화),2023-03,27000,10.0,,,2026-09-07T08:54:48+09:00,915,,1696,,0,1
399067587,매거진 조이 Vol.3 : 가비지타임,매거진 조이 Vol.3 : 가비지타임,,,- 초판 한정 : 히든카드/ 상시 특별 부록: 접지 포스터 + 북마크 4종,2사장,다산코믹스,2026-07,22500,10.0,,,2026-09-07T08:54:48+09:00,426,,14165,,0,1
366528002,메이드 인 어비스 13,메이드 인 어비스,13,,,츠쿠시 아키히토,미우(대원씨아이),2025-06,7200,9.2,,,2026-09-07T08:54:48+09:00,829,,3737,,0,1
338430853,명탐정 코난 104 (특장판),명탐정 코난,104,특장판,- 아크릴 스탠드 + 극장판 '명탐정코난: 흑철의 어영' 그림 콘티북 + 어나더 커버,아오야마 고쇼,서울미디어코믹스(서울문화사),2024-04,9000,8.7,,,2026-09-07T08:54:48+09:00,660,,4010,,0,1
358910246,명탐정 코난 106 (특장판),명탐정 코난,106,특장판,- 아크릴 스탠드(PET 재질) + 아코디언 카드 + 그림 콘티 카드 세트,아오야마 고쇼,서울미디어코믹스(서울문화사),2025-02,10800,7.0,,,2026-09-07T08:54:48+09:00,535,,5275,,0,1
378768331,모모세 아키라의 첫사랑 파탄 중 2 (트리플 특전판),모모세 아키라의 첫사랑 파탄 중,2,트리플 특전판,- 홀로그램 일러스트 카드(1종) + 반전 매력의 양면 일러스트 카드(2종),하레카와 신타,서울미디어코믹스(서울문화사),2025-11,6750,10.0,,,2026-09-07T08:54:48+09:00,759,,7987,,0,1
382045769,모모세 아키라의 첫사랑 파탄 중 3 (트리플 특전판),모모세 아키라의 첫사랑 파탄 중,3,트리플 특전판,- 홀로그램 일러스트 카드(1종) + 반전 매력의 양면 일러스트 카드(2종),하레카와 신타,서울미디어코믹스(서울문화사),2025-12,6750,9.8,,,2026-09-07T08:54:48+09:00,763,,7529,,0,1
393239337,모모세 아키라의 첫사랑 파탄 중 5 (트리플 특전판),모모세 아키라의 첫사랑 파탄 중,5,트리플 특전판,- 스페셜 아크릴 일러스트 카드(1종) + 다양한 매력의 양면 일러스트 카드(2종),하레카와 신타,서울미디어코믹스(서울문화사),2026-05,6750,9.8,,,2026-09-07T08:54:48+09:00,619,,10975,,0,1
319312677,못 미더운 악녀입니다만 : ~추궁접서 교체전~ 4,못 미더운 악녀입니다만 : ~추궁접서 교체전~,4,,,EI Ohitsuji,서울미디어코믹스(서울문화사),2023-06,6300,10.0,,,2026-09-07T08:54:48+09:00,952,,683,,0,1
329581311,못 미더운 악녀입니다만 : ~추궁접서 교체전~ 5,못 미더운 악녀입니다만 : ~추궁접서 교체전~,5,,,EI Ohitsuji,서울미디어코믹스(서울문화사),2023-11,6300,10.0,,,2026-09-07T08:54:48+09:00,954,,644,,0,1
339953785,못 미더운 악녀입니다만 : ~추궁접서 교체전~ 6,못 미더운 악녀입니다만 : ~추궁접서 교체전~,6,,,EI Ohitsuji,서울미디어코믹스(서울문화사),2024-05,6300,9.3,,,2026-09-07T08:54:48+09:00,951,,695,,0,1
309292959,무로이 야스오의 캐릭터 얼굴 & 바스트업 작화 기술,무로이 야스오의 캐릭터 얼굴 & 바스트업 작화 기술,,,,무로이 야스오,영진.com(영진닷컴),2023-02,18000,9.4,,,2026-09-07T08:54:48+09:00,682,,2780,,0,1
365269706,물가의 밤 2,물가의 밤,2,,,으자,봄툰,2025-04,15300,10.0,,,2026-09-07T08:54:48+09:00,876,,2426,,0,1
400856418,미와 씨 행세를 합니다 14,미와 씨 행세를 합니다,14,,,아오키 유헤이,대원씨아이(만화),2026-08,5850,,,,2026-09-07T08:54:48+09:00,956,,510,,0,1
336556121,박시백의 고려사 1~5 세트 - 전5권,박시백의 고려사 1~5 세트 - 전5권,,,,박시백,휴머니스트,2024-03,66150,8.0,,,2026-09-07T08:54:48+09:00,864,,2477,,0,1
398811035,방과 후 제방 일지 14,방과 후 제방 일지,14,,,코사카 야스유키,대원씨아이(만화),2026-07,4950,,,,2026-09-07T08:54:48+09:00,900,,1690,,0,1
371390937,배가본드 2,배가본드,2,,,이노우에 타케히코,학산문화사(만화),1999-03,6300,,,,2026-09-07T08:54:48+09:00,914,,1459,,0,1
398906133,벨 푸페의 슈퍼달링 약혼 2,벨 푸페의 슈퍼달링 약혼,2,,- 코믹,셀렌,학산문화사(만화),2026-07,6300,,,,2026-09-07T08:54:48+09:00,678,,2865,,0,1
400856416,벼랑 끝의 영애는 흑기사님을 반하게 하고 싶어 1,벼랑 끝의 영애는 흑기사님을 반하게 하고 싶어,1,,,스오우,대원씨아이(만화),2026-08,5850,,,,2026-09-07T08:54:48+09:00,610,,550,,0,1
399784385,별정직 공무원 5 (특별판),별정직 공무원,5,특별판,- 아크릴 누들 스토퍼 + 미니 포스터 5종 + 마우스패드 + 일러스트 포토 4종 + 특별판 박스 (상시 부록 '포토카드' 포함),서재원,학산문화사(만화),2026-08,38700,10.0,,,2026-09-07T08:54:48+09:00,996,,7190,,0,1
397904785,보석함에 사랑을 채우자 1,보석함에 사랑을 채우자,1,,,미키모토 린,학산문화사(만화),2026-07,6300,9.5,,,2026-09-07T08:54:48+09:00,984,,8010,,0,1
392518608,봄의 폭풍과 몬스터 8,봄의 폭풍과 몬스터,8,,,미츠바치 미유키,학산문화사(만화),2026-05,5400,9.6,,,2026-09-07T08:54:48+09:00,135,,10910,,0,1
377704735,봇치·더·록! 8,봇치·더·록!,8,,,하마지 아키,대원씨아이(만화),2025-11,8100,10.0,,,2026-09-07T08:54:48+09:00,808,,4411,,0,1
353713801,봇치·더·록! 외전 히로이 키쿠리의 과음일기 1,봇치·더·록! 외전 히로이 키쿠리의 과음일기,1,,,쿠미쵸,대원씨아이(만화),2024-12,8100,9.8,,,2026-09-07T08:54:48+09:00,843,,3242,,0,1
380080135,봇치·더·록! 외전 히로이 키쿠리의 과음일기 4,봇치·더·록! 외전 히로이 키쿠리의 과음일기,4,,,쿠미쵸,대원씨아이(만화),2025-12,8100,10.0,,,2026-09-07T08:54:48+09:00,775,,6124,,0,1
294498008,블루 록 1,블루 록,1,,,노무라 유스케,학산문화사(만화),2020-11,5400,10.0,,,2026-09-07T08:54:48+09:00,844,,3134,,0,1
304629310,블루 록 3,블루 록,3,,,노무라 유스케,학산문화사(만화),2021-02,5400,10.0,,,2026-09-07T08:54:48+09:00,859,,2600,,0,1
302941691,블루 록 5,블루 록,5,,,노무라 유스케,학산문화사(만화),2021-04,5400,10.0,,,2026-09-07T08:54:48+09:00,865,,2438,,0,1
304629473,블루 록 6,블루 록,6,,,노무라 유스케,학산문화사(만화),2021-06,5400,,,,2026-09-07T08:54:48+09:00,871,,2246,,0,1
399050317,블루 피리어드 6 (더블 특전판),블루 피리어드,6,더블 특전판,"- 시프트코믹스 /초판 더블 특전 : 일러스트 카드 1종, 박티켓 책갈피 1종",야마구치 츠바사,YNK MEDIA(만화),2026-07,5400,,,,2026-09-07T08:54:48+09:00,895,,1705,,0,1
394027566,블리치 리믹스 16,블리치 리믹스,16,,,쿠보 타이토,서울미디어코믹스(서울문화사),2026-05,10800,9.6,,,2026-09-07T08:54:48+09:00,707,,1710,,0,1
396657276,비밀법인 데스메이커 1,비밀법인 데스메이커,1,,,우나다 마아치,대원씨아이(만화),2026-06,6300,10.0,,,2026-09-07T08:54:48+09:00,705,,1760,,0,1
385946274,비실비실 선생님 11,비실비실 선생님,11,,,후쿠치 카미오,대원씨아이(만화),2026-02,5400,,,,2026-09-07T08:54:48+09:00,827,,3754,,0,1
269056986,"빠졌어, 너에게","빠졌어, 너에게",,,,와야마 야마,문학동네,2021-04,7650,9.6,,,2026-09-07T08:54:48+09:00,970,,15935,,0,1
375157925,사랑스런 쿠니타마 1,사랑스런 쿠니타마,1,,,앗치 아이,대원씨아이(만화),2025-10,5850,8.0,,,2026-09-07T08:54:48+09:00,955,,553,,0,1
400707974,사랑할 자격 3,사랑할 자격,3,,,난바 아츠코,대원씨아이(만화),2026-08,5400,,,,2026-09-07T08:54:48+09:00,958,,690,,0,1
334128695,사랑해 게임을 끝내고 싶어 4,사랑해 게임을 끝내고 싶어,4,,,도모토 유키,학산문화사(만화),2024-02,5400,,,,2026-09-07T08:54:48+09:00,939,,866,,0,1
388433908,사랑해 게임을 끝내고 싶어 7,사랑해 게임을 끝내고 싶어,7,,,도모토 유키,학산문화사(만화),2026-03,5400,10.0,,,2026-09-07T08:54:48+09:00,931,,1009,,0,1
399449527,사망 유희로 밥을 먹는다. 5,사망 유희로 밥을 먹는다.,5,,- 만화,반자이 코토부키 다이엔카이,오팬스코믹,2026-07,6300,,,,2026-09-07T08:54:48+09:00,909,,1645,,0,1
400001026,사자나미 군이 가장 싫어하는 남자,사자나미 군이 가장 싫어하는 남자,,,,오기,인디고,2026-08,5850,,,,2026-09-07T08:54:48+09:00,505,,830,,0,1
382041006,사카모토 데이즈 24,사카모토 데이즈,24,,- 감전 주의,스즈키 유우토,대원씨아이(만화),2025-12,5850,,,,2026-09-07T08:54:48+09:00,786,,5454,,0,1
241030899,소녀종말여행 1~6 박스 세트 - 전6권 (엽서 세트 포함),소녀종말여행 1~6 박스 세트 - 전6권 (엽서 세트 포함),,,- 완결,츠쿠미즈,학산문화사(만화),2020-06,36000,9.6,,,2026-09-07T08:54:48+09:00,840,,3247,,0,1
398326987,소드 오라토리아 16,소드 오라토리아,16,,"- 던전에서 만남을 추구하면 안 되는 걸까 외전, S Novel",오모리 후지노,㈜소미미디어,2026-07,10800,,,,2026-09-07T08:54:48+09:00,692,,2420,,0,1
382425596,소소한 미식 생활,소소한 미식 생활,,,,이다 치아키,이아소,2026-01,16200,9.7,,,2026-09-07T08:54:48+09:00,806,,4686,,0,1
391648960,숨막힐 정도의 사랑을 줄게 6,숨막힐 정도의 사랑을 줄게,6,,,이와시타 케이코,대원씨아이(만화),2026-04,5400,9.7,,,2026-09-07T08:54:48+09:00,851,,3005,,0,1
380811247,스킵 비트! 50,스킵 비트!,50,,,나카무라 요시키,시공사(만화),2025-12,5850,9.7,,,2026-09-07T08:54:48+09:00,797,,4912,,0,1
395513879,시노와 렌 4,시노와 렌,4,,- SL Comic,치구사 미노리,디앤씨미디어(주)(D&C미디어),2026-06,10800,10.0,,,2026-09-07T08:54:48+09:00,893,,1985,,0,1
361147847,시메지 시뮬레이션 2,시메지 시뮬레이션,2,,,츠쿠미즈,길찾기,2025-02,9000,10.0,,,2026-09-07T08:54:48+09:00,903,,1845,,0,1
396455881,시온 군이 말하는 대로 1,시온 군이 말하는 대로,1,,,Neko Inukai,서울미디어코믹스(서울문화사),2026-06,5850,,,,2026-09-07T08:54:48+09:00,659,,4060,,0,1
399451834,"신 울어라, 펜 11","신 울어라, 펜",11,,,시마모토 카즈히코,미우(대원씨아이),2026-07,9000,10.0,,,2026-09-07T08:54:48+09:00,911,,1540,,0,1
394169724,쓰레기 기둥서방 하나 군은 죽고 싶어 해 3,쓰레기 기둥서방 하나 군은 죽고 싶어 해,3,,,아메코,대원씨아이(만화),2026-05,5850,9.7,,,2026-09-07T08:54:48+09:00,441,,5005,,0,1
397592282,아오이 군의 음담패설은 참을 수 없어!! 2,아오이 군의 음담패설은 참을 수 없어!!,2,,,mmk,학산문화사(만화),2026-07,6300,,,,2026-09-07T08:54:48+09:00,679,,2885,,0,1
200656574,아이들의 장난감 애장판 1~7 세트 - 전7권 (완결),아이들의 장난감 애장판 1~7 세트 - 전7권 (완결),,,,오바나 미호,학산문화사(만화),2019-07,40320,10.0,,,2026-09-07T08:54:48+09:00,937,,946,,0,1
349368452,악마에 입문했습니다! 이루마 군 : if Episode of 마피아 2,악마에 입문했습니다! 이루마 군 : if Episode of 마피아,2,,,니시 오사무,서울미디어코믹스(서울문화사),2024-10,5850,9.6,,,2026-09-07T08:54:48+09:00,878,,2300,,0,1
23585900,애니메이터 서바이벌 키트,애니메이터 서바이벌 키트,,,- 증보판,리처드 윌리엄스,한울(한울아카데미),2020-11,52000,8.6,,,2026-09-07T08:54:48+09:00,855,,2764,,0,1
389482128,애태울 정도의 사랑을 알아라 1,애태울 정도의 사랑을 알아라,1,,,쿄노 마코,학산문화사(만화),2026-04,6300,,,,2026-09-07T08:54:48+09:00,735,,835,,0,1
394027323,야마다의 학급일지 4,야마다의 학급일지,4,,"- 완결, 초판 한정 : 야마다 & 무라타 일러스트 카드 3종",아오미 루이,서울미디어코믹스(서울문화사),2026-05,5850,9.8,,,2026-09-07T08:54:48+09:00,747,,9785,,0,1
388858246,야쿠자 때문에 목욕탕에서 일하고 있습니다 3,야쿠자 때문에 목욕탕에서 일하고 있습니다,3,,,타카시,㈜소미미디어,2026-04,5850,9.9,,,2026-09-07T08:54:48+09:00,835,,3405,,0,1
364494673,언플러그드 보이 1,언플러그드 보이,1,,- 개정판,천계영,문학동네,2025-05,12600,10.0,,,2026-09-07T08:54:48+09:00,800,,4908,,0,1
364494824,언플러그드 보이 2,언플러그드 보이,2,,"- 개정판, 완결",천계영,문학동네,2025-05,12600,10.0,,,2026-09-07T08:54:48+09:00,804,,4828,,0,1
388861705,얼굴만으론 좋아할 수 없어요 16,얼굴만으론 좋아할 수 없어요,16,,,안자이 카린,서울미디어코믹스(서울문화사),2026-03,5400,,,,2026-09-07T08:54:48+09:00,588,,1495,,0,1
398288852,엑소시스트를 타락시킬 수 없어 14,엑소시스트를 타락시킬 수 없어,14,,,Masuku Fukayama,서울미디어코믹스(서울문화사),2026-07,5400,,,,2026-09-07T08:54:48+09:00,921,,1230,,0,1
397592073,"여친, 빌리겠습니다 44","여친, 빌리겠습니다",44,,,미야지마 레이지,학산문화사(만화),2026-07,5400,,,,2026-09-07T08:54:48+09:00,920,,1240,,0,1
366527586,열혈강호 93,열혈강호,93,,,전극진,대원씨아이(만화),2025-06,4950,9.6,,,2026-09-07T08:54:48+09:00,982,,9113,,0,1
400708015,영국 낭만 희화 포레스트 아이비 1,영국 낭만 희화 포레스트 아이비,1,,,아마자케 시마,대원씨아이(만화),2026-08,6300,,,,2026-09-07T08:54:48+09:00,741,,570,,0,1
400652954,영세 소녀의 싸우는 법 7,영세 소녀의 싸우는 법,7,,- 시프트코믹스,쿠즈시로,YNK MEDIA(만화),2026-08,5400,,,,2026-09-07T08:54:48+09:00,963,,440,,0,1
399974353,영원한 계약 6 (한정판),영원한 계약,6,한정판,- 엽서 6종 세트(초판 한정) + 마그넷 박스 + 아크릴 북엔드,해진,학산문화사(만화),2026-08,28800,,,,2026-09-07T08:54:48+09:00,928,,1070,,0,1
388745962,옆집 천사님 때문에 어느샌가 인간적으로 타락한 사연 11.5 (소책자 부속 특별판),옆집 천사님 때문에 어느샌가 인간적으로 타락한 사연 11.5,,소책자 부속 특별판,"- Novel Engine, ①특별판 전용 커버 사양 11.5권 본편 (11.5권 일반판과 동일한 일러스트 카드 포함 ※띠지 없음) ②별책 단편집 (※커버 없음) ③전용 슬리브 타입 케이스",사에키상,데이즈엔터(주),2026-04,14400,,,,2026-09-07T08:54:48+09:00,774,,6195,,0,1
322947641,오란고교 호스트부 17,오란고교 호스트부,17,,,하토리 비스코,학산문화사(만화),2011-02,5400,,,,2026-09-07T08:54:48+09:00,891,,1884,,0,1
301396135,오란고교 호스트부 8,오란고교 호스트부,8,,,하토리 비스코,학산문화사(만화),2011-01,5400,,,,2026-09-07T08:54:48+09:00,699,,1986,,0,1
7633452,오란고교 호스트부 Fanbook,오란고교 호스트부 Fanbook,,,- 콩닥♥두근☆공략 대작전,하토리 비스코,학산문화사(만화),2010-08,6300,9.8,,,2026-09-07T08:54:48+09:00,662,,3810,,0,1
400878277,오컬트 타임즈 1 (한정판),오컬트 타임즈,1,한정판,- 일반판 초판 부록 + 아코디언 일러스트 엽서 세트 + 시로&레이 아크릴 키링,Idonchi,서울미디어코믹스(서울문화사),2026-08,22500,,,,2026-09-07T08:54:48+09:00,960,,590,,0,1
366792718,외톨이에는 익숙하니까요. 약혼자 방치 중! 1,외톨이에는 익숙하니까요. 약혼자 방치 중!,1,,,하레타 준,대원씨아이(만화),2025-06,6750,9.9,,,2026-09-07T08:54:48+09:00,905,,1662,,0,1
400909457,우린 엇갈리고 있다 1,우린 엇갈리고 있다,1,,,미나모토 유,대원씨아이(만화),2026-08,5850,,,,2026-09-07T08:54:48+09:00,729,,770,,0,1
322386168,운명의 사람을 만나는 이야기 2,운명의 사람을 만나는 이야기,2,,,아나신,학산문화사(만화),2023-08,5400,9.8,,,2026-09-07T08:54:48+09:00,852,,2834,,0,1
324950007,운명의 사람을 만나는 이야기 3,운명의 사람을 만나는 이야기,3,,,아나신,학산문화사(만화),2023-09,5400,9.5,,,2026-09-07T08:54:48+09:00,857,,2617,,0,1
363039652,원펀맨 One Punch Man 32,원펀맨 One Punch Man,32,,- 축복,ONE,대원씨아이(만화),2025-04,5400,10.0,,,2026-09-07T08:54:48+09:00,975,,10711,,0,1
373074300,원펀맨 One Punch Man 33,원펀맨 One Punch Man,33,,- 제곱,ONE,대원씨아이(만화),2025-09,5400,9.7,,,2026-09-07T08:54:48+09:00,746,,10320,,0,1
291463925,원피스 101,원피스,101,,- 주연 등장,오다 에이치로,대원씨아이(만화),2022-03,4950,9.7,,,2026-09-07T08:54:48+09:00,986,,8070,,0,1
316987590,원피스 105,원피스,105,,- 루피의 꿈,오다 에이치로,대원씨아이(만화),2023-05,4950,8.9,,,2026-09-07T08:54:48+09:00,983,,8521,,0,1
331003597,원피스 107,원피스,107,,- 전설의 영웅,오다 에이치로,대원씨아이(만화),2024-01,4950,9.7,,,2026-09-07T08:54:48+09:00,753,,8965,,0,1
350054747,원피스 109,원피스,109,,- 네 편,오다 에이치로,대원씨아이(만화),2024-10,5400,9.9,,,2026-09-07T08:54:48+09:00,973,,10980,,0,1
355678823,원피스 110,원피스,110,,- 시대의 일렁임,오다 에이치로,대원씨아이(만화),2025-01,5400,9.9,,,2026-09-07T08:54:48+09:00,745,,13793,,0,1
366331655,원피스 111,원피스,111,,- 엘바프 모험,오다 에이치로,대원씨아이(만화),2025-06,5400,10.0,,,2026-09-07T08:54:48+09:00,744,,25186,,0,1
318780089,원피스 97,원피스,97,,- 나의 바이블,오다 에이치로,대원씨아이(만화),2020-09,4950,,,,2026-09-07T08:54:48+09:00,886,,2167,,0,1
398833327,이 결혼은 어차피 망하게 되어 있다 8,이 결혼은 어차피 망하게 되어 있다,8,,,,영컴(YOUNG COM),2026-07,15120,,,,2026-09-07T08:54:48+09:00,565,,2870,,0,1
342061810,이거 그리고 죽어 3,이거 그리고 죽어,3,,,토요다 미노루,대원씨아이(만화),2024-06,5400,10.0,,,2026-09-07T08:54:48+09:00,913,,1507,,0,1
366700846,이거 그리고 죽어 6,이거 그리고 죽어,6,,,토요다 미노루,대원씨아이(만화),2025-06,5400,9.7,,,2026-09-07T08:54:48+09:00,873,,2308,,0,1
395745585,이런 게 좋아 12,이런 게 좋아,12,,,소류,학산문화사(만화),2026-06,7200,9.7,,,2026-09-07T08:54:48+09:00,869,,2345,,0,1
398199313,이번 생은 가주가 되겠습니다 2부 6 (특장판),이번 생은 가주가 되겠습니다 2부,6,특장판,- 만화 / 특장판 구성: 단행본 + 아크릴 스탠드 1종 + 책갈피 2종 + 엽서 5종 + 패키지 박스,앤트스튜디오,디앤씨웹툰비즈,2026-07,24300,,,,2026-09-07T08:54:48+09:00,542,,4830,,0,1
384923404,이세계 삼촌 13,이세계 삼촌,13,,- 픽시하우스,호톤도신데이루,데이즈엔터(주),2026-02,7200,,,,2026-09-07T08:54:48+09:00,837,,3335,,0,1
400860220,작전명 순정 7,작전명 순정,7,,,꼬까리,영진.com(영진닷컴),2026-08,14400,,,,2026-09-07T08:54:48+09:00,599,,800,,0,1
400860566,작전명 순정 8,작전명 순정,8,,,꼬까리,영진.com(영진닷컴),2026-08,14400,,,,2026-09-07T08:54:48+09:00,504,,790,,0,1
400860690,작전명 순정 9,작전명 순정,9,,,꼬까리,영진.com(영진닷컴),2026-08,14400,,,,2026-09-07T08:54:48+09:00,601,,770,,0,1
400585727,전격데이지 애장판 1,전격데이지 애장판,1,,- 루나 코믹스,모토미 쿄스케,㈜소미미디어,2026-08,12600,10.0,,,2026-09-07T08:54:48+09:00,595,,1060,,0,1
393727271,전지적 독자 시점 19,전지적 독자 시점,19,,- 초판한정: 캐릭터 카드 1종 + 엽서 1종,슬리피-C,에이템포미디어,2026-05,14850,10.0,,,2026-09-07T08:54:48+09:00,758,,7780,,0,1
385522632,절대 BL이 되는 세계 & 절대 BL이 되지 않는 고교 생활 1,절대 BL이 되는 세계 & 절대 BL이 되지 않는 고교 생활,1,,,콘키치,학산문화사(만화),2026-02,7200,9.1,,,2026-09-07T08:54:48+09:00,890,,1850,,0,1
362211849,주술회전 29,주술회전,29,,- 인외마경 신주쿠 결전 -사활-,아쿠타미 게게,서울미디어코믹스(서울문화사),2025-04,5400,10.0,,,2026-09-07T08:54:48+09:00,461,,3725,,0,1
398284864,책벌레의 하극상 제4부 : 귀족원의 도서관을 구하고 싶어! 10,책벌레의 하극상 제4부 : 귀족원의 도서관을 구하고 싶어!,10,,- 사서가 되기 위해서라면 뭐든지 할 수 있어,카츠키 히카루,대원씨아이(만화),2026-07,5400,10.0,,,2026-09-07T08:54:48+09:00,716,,1275,,0,1
372442252,천막의 자두가르 5,천막의 자두가르,5,,,토마토수프,서울미디어코믹스(서울문화사),2025-09,6750,9.4,,,2026-09-07T08:54:48+09:00,836,,3388,,0,1
295837060,체인소 맨 1,체인소 맨,1,,,후지모토 타츠키,학산문화사(만화),2020-09,5400,10.0,,,2026-09-07T08:54:48+09:00,752,,9147,,0,1
344098053,체인소 맨 17,체인소 맨,17,,,후지모토 타츠키,학산문화사(만화),2024-08,5400,9.0,,,2026-09-07T08:54:48+09:00,976,,10618,,0,1
399782235,최애에게 러브 바이트 8,최애에게 러브 바이트,8,,,스즈키 줄리에타,학산문화사(만화),2026-08,5400,,,,2026-09-07T08:54:48+09:00,927,,1050,,0,1
399925554,최애의 성벽이 너무 위험하다고요! 1,최애의 성벽이 너무 위험하다고요!,1,,- BB코믹스,하루지ON,㈜소미미디어,2026-08,5850,,,,2026-09-07T08:54:48+09:00,933,,1010,,0,1
394122361,취사병 전설이 되다 14,취사병 전설이 되다,14,,,제이로빈,지식오름,2026-06,13500,,,,2026-09-07T08:54:48+09:00,950,,1015,,0,1
394122707,취사병 전설이 되다 15,취사병 전설이 되다,15,,,제이로빈,지식오름,2026-06,13500,,,,2026-09-07T08:54:48+09:00,942,,1075,,0,1
400567329,취사병 전설이 되다 17,취사병 전설이 되다,17,,,제이로빈,지식오름,2026-08,13500,,,,2026-09-07T08:54:48+09:00,606,,890,,0,1
400649530,친구 여동생이 나한테만 짜증나게 군다 9,친구 여동생이 나한테만 짜증나게 군다,9,,- SL Comic,히라오카 히라,디앤씨미디어(주)(D&C미디어),2026-08,6300,,,,2026-09-07T08:54:48+09:00,959,,630,,0,1
394124156,캐릭캐릭 체인지! Jewel Joker 주얼 조커 3 (특장판),캐릭캐릭 체인지! Jewel Joker 주얼 조커,3,특장판,- 슬리브 케이스 + 일러스트 엽서 5종 + 이쿠토&타다세 아크릴 블록 세트(일반판 초판 특전 미포함),PEACH-PIT,서울미디어코믹스(서울문화사),2026-05,36000,,,,2026-09-07T08:54:48+09:00,669,,3500,,0,1
399973937,코믹 무직전생 21,코믹 무직전생,21,,- 이세계에 갔으면 최선을 다한다,후지카와 유카,학산문화사(만화),2026-08,5400,,,,2026-09-07T08:54:48+09:00,724,,1080,,0,1
400547758,코믹 어둠의 실력자가 되고 싶어서! 15,코믹 어둠의 실력자가 되고 싶어서!,15,,- J Comic,사카노 안리,서울미디어코믹스(서울문화사),2026-08,4500,10.0,,,2026-09-07T08:54:48+09:00,887,,1850,,0,1
340343369,쿠이 료코 낙서집 데이드림 아워,쿠이 료코 낙서집 데이드림 아워,,,- S코믹스,쿠이 료코,㈜소미미디어,2024-06,18000,9.6,,,2026-09-07T08:54:48+09:00,773,,6361,,0,1
400980709,키스 다음부터는 애드리브로,키스 다음부터는 애드리브로,,,- B愛+752,키사라기 마나미,대원씨아이(만화),2026-08,5850,2.0,,,2026-09-07T08:54:48+09:00,603,,640,,0,1
398016177,토리빵 16,토리빵,16,,,토리노 난코,AK(에이케이)커뮤니케이션즈,2026-07,8100,6.0,,,2026-09-07T08:54:48+09:00,936,,1170,,0,1
400652846,트릴리온 게임 10,트릴리온 게임,10,,- 시프트코믹스,이케가미 료이치,YNK MEDIA(만화),2026-08,5400,10.0,,,2026-09-07T08:54:48+09:00,944,,800,,0,1
369001873,파이브 스타 스토리 The Five Star Stories 18,파이브 스타 스토리 The Five Star Stories,18,,,나가노 마모루,서울미디어코믹스(서울문화사),2025-07,10800,9.3,,,2026-09-07T08:54:48+09:00,988,,7816,,0,1
294260782,팔견전 14,팔견전,14,,"- 동방팔견이문, S코믹스",아베 미유키,㈜소미미디어,2022-05,6300,8.7,,,2026-09-07T08:54:48+09:00,880,,2014,,0,1
314184207,팔견전 16,팔견전,16,,"- 동방팔견이문, S코믹스",아베 미유키,㈜소미미디어,2023-04,6300,9.3,,,2026-09-07T08:54:48+09:00,881,,1951,,0,1
365413873,팔견전 21,팔견전,21,,"- 동방팔견이문, S코믹스",아베 미유키,㈜소미미디어,2025-06,5400,10.0,,,2026-09-07T08:54:48+09:00,839,,3248,,0,1
369868343,팔견전 22,팔견전,22,,"- 동방팔견이문, S코믹스",아베 미유키,㈜소미미디어,2025-08,5400,10.0,,,2026-09-07T08:54:48+09:00,846,,3112,,0,1
374961203,팔견전 23,팔견전,23,,"- 동방팔견이문, S코믹스",아베 미유키,㈜소미미디어,2025-10,5400,10.0,,,2026-09-07T08:54:48+09:00,845,,3142,,0,1
361759377,팬텀 버스터즈 3,팬텀 버스터즈,3,,- S코믹스,네오쇼코,㈜소미미디어,2025-04,5400,9.6,,,2026-09-07T08:54:48+09:00,974,,10893,,0,1
378096466,팬텀 버스터즈 5,팬텀 버스터즈,5,,- 일반판,네오쇼코,㈜소미미디어,2025-11,5850,10.0,,,2026-09-07T08:54:48+09:00,981,,9125,,0,1
293448930,포켓몬스터 스페셜 2,포켓몬스터 스페셜,2,,,쿠사카 히데노리,대원씨아이(만화),1999-08,4950,10.0,,,2026-09-07T08:54:48+09:00,884,,1913,,0,1
394588521,풀 나이트 4,풀 나이트,4,,- S코믹스,야스다 카스미,㈜소미미디어,2026-06,6300,10.0,,,2026-09-07T08:54:48+09:00,584,,1690,,0,1
395958550,핑키 나이트메어,핑키 나이트메어,,,- 라르고 맥스 Largo Max,NAREHATECHAN,조은세상(북두),2026-06,6300,9.5,,,2026-09-07T08:54:48+09:00,711,,1740,,0,1
299654606,하이큐!! 41,하이큐!!,41,,- 작은 거인 VS,후루다테 하루이치,대원씨아이(만화),2020-04,4950,,,,2026-09-07T08:54:48+09:00,849,,3009,,0,1
290233284,하이큐!! 42,하이큐!!,42,,- 무엇,후루다테 하루이치,대원씨아이(만화),2020-07,4950,,,,2026-09-07T08:54:48+09:00,828,,3685,,0,1
295865866,하이큐!! 43,하이큐!!,43,,- 최종보스,후루다테 하루이치,대원씨아이(만화),2020-09,4950,,,,2026-09-07T08:54:48+09:00,663,,3723,,0,1
301073130,하이큐!! 44,하이큐!!,44,,- 최강의 적,후루다테 하루이치,대원씨아이(만화),2020-11,4950,,,,2026-09-07T08:54:48+09:00,664,,3663,,0,1
345982331,흑무경담 1,흑무경담,1,,- S코믹스,토가와 요난,㈜소미미디어,2024-09,5400,8.6,,,2026-09-07T08:54:48+09:00,398,,2941,,0,1
355242244,흑무경담 2,흑무경담,2,,- S코믹스,토가와 요난,㈜소미미디어,2025-01,5400,9.7,,,2026-09-07T08:54:48+09:00,475,,2796,,0,1
398811243,힛 미 하드 1 (특별판),힛 미 하드,1,특별판,- 패키지 박스 + 엽서 1종 + 렌티큘러 엽서 1종 + 포토카드 3종 + 아크릴 스탠드 1종 + 멀티 클리너 1종,,다산코믹스,2026-07,34200,10.0,,,2026-09-07T08:54:48+09:00,918,,1500,,0,1
