collected_at,series_rank,series_name,volume_count,volume_numbers,best_rank,avg_rank,total_sales_point,avg_sales_point
2026-08-31T14:09:42+09:00,1,헌터x헌터 HunterXHunter 신장판,37,"1, 2, 3, 4, 5, 6, 7, 8, 9, 10, 11, 12, 13, 14, 15, 16, 17, 18, 19, 20, 21, 22, 23, 24, 25, 27, 28, 29, 30, 31, 32, 33, 34, 35, 36, 37, 38",195,557.35,179562,4853.03
2026-08-31T14:09:42+09:00,2,향기로운 꽃은 늠름하게 핀다,20,"1, 2, 3, 4, 5, 6, 7, 8, 9, 10, 11, 12, 13, 14, 16, 17, 18, 19, 20, 21",80,507.95,107417,5370.85
2026-08-31T14:09:42+09:00,3,주술회전,18,"1, 3, 4, 11, 13, 14, 15, 20, 21, 22, 23, 24, 25, 26, 27, 28, 29, 30",275,550.11,117769,6542.72
2026-08-31T14:09:42+09:00,4,황천의 츠가이,14,"1, 2, 3, 4, 5, 6, 7, 8, 9, 10, 11, 12",10,303.07,77405,5528.93
2026-08-31T14:09:42+09:00,5,얼굴만으론 좋아할 수 없어요,14,"1, 2, 3, 4, 5, 6, 7, 8, 9, 10, 15, 16, 17",122,560.86,51305,3664.64
2026-08-31T14:09:42+09:00,6,사카모토 데이즈,13,"11, 12, 13, 14, 15, 16, 21, 22, 23, 24, 25, 26, 27",5,536.31,101478,7806.0
2026-08-31T14:09:42+09:00,7,원피스,11,"1, 101, 102, 103, 107, 109, 110, 111, 112, 113, 114",30,522.45,186614,16964.91
2026-08-31T14:09:42+09:00,8,장송의 프리렌,10,"1, 2, 4, 5, 6, 9, 10, 12, 14, 15",99,697.8,51946,5194.6
2026-08-31T14:09:42+09:00,9,먼작귀,10,"1, 2, 3, 4, 5",295,538.6,22000,2200.0
2026-08-31T14:09:42+09:00,10,야마다 군과 Lv999의 사랑을 하다,9,"1, 2, 3, 4, 5, 6, 7, 8",6,267.89,82188,9132.0
2026-08-31T14:09:42+09:00,11,카구라바치,9,"1, 2, 3, 5, 7, 8, 9, 10",154,569.89,57784,6420.44
2026-08-31T14:09:42+09:00,12,슈퍼 뒤에서 담배 피우는 두 사람,8,"1, 2, 3, 4, 5, 6, 7, 8",39,118.75,83801,10475.12
2026-08-31T14:09:42+09:00,13,불가항력의 I LOVE YOU,8,"1, 2, 3, 4, 5, 6, 7, 8",111,373.12,82243,10280.38
2026-08-31T14:09:42+09:00,14,명탐정 코난,8,"104, 105, 106, 107, 108",12,399.75,79436,9929.5
2026-08-31T14:09:42+09:00,15,히카루가 죽은 여름,8,"1, 2, 3, 4, 5, 6, 7, 8",192,769.62,76354,9544.25
2026-08-31T14:09:42+09:00,16,봄의 폭풍과 몬스터,8,"1, 2, 3, 4, 5, 7, 8, 9",22,473.88,60999,7624.88
2026-08-31T14:09:42+09:00,17,네가 죽을 때까지 사랑하고 싶어,8,"1, 2, 3, 4, 5, 6, 7, 8",240,520.88,16398,2049.75
2026-08-31T14:09:42+09:00,18,데스 노트 Death Note,8,"4, 7, 8, 9, 10, 11, 12, 13",594,789.75,7759,969.88
2026-08-31T14:09:42+09:00,19,마루는 강쥐,7,"1, 2, 3, 5, 8, 9",56,591.14,35454,5064.86
2026-08-31T14:09:42+09:00,20,블루 피리어드,7,"1, 2, 3, 5, 6, 7",60,458.14,20706,2958.0
2026-08-31T14:09:42+09:00,21,진격의 거인,7,"11, 12, 13, 14, 15, 16, 17",580,819.71,10158,1451.14
2026-08-31T14:09:42+09:00,22,못 미더운 악녀입니다만 : ~추궁접서 교체전~,7,"3, 4, 5, 6, 7, 9, 10",97,535.29,7607,1086.71
2026-08-31T14:09:42+09:00,23,블루 록,6,"21, 22, 24, 25, 35, 36",274,677.5,27792,4632.0
2026-08-31T14:09:42+09:00,24,담배 고양이,6,"1, 2, 3, 4, 5, 6",46,153.33,27253,4542.17
2026-08-31T14:09:42+09:00,25,기븐,6,"1, 2, 6, 7, 8, 9",449,718.33,25840,4306.67
2026-08-31T14:09:42+09:00,26,블리치 리믹스,6,"1, 3, 13, 15, 16, 17",19,630.33,15124,2520.67
2026-08-31T14:09:42+09:00,27,팔견전,6,"18, 19, 20, 21, 22, 23",843,876.83,14804,2467.33
2026-08-31T14:09:42+09:00,28,팬텀 버스터즈,5,"1, 5, 6, 7",42,509.2,62797,12559.4
2026-08-31T14:09:42+09:00,29,엄마를 만나러 가는 길,5,"1, 2, 3, 4",95,192.6,57569,11513.8
2026-08-31T14:09:42+09:00,30,타몬 군 지금 어느 쪽?!,5,"10, 11, 12, 13",11,352.2,51069,10213.8
2026-08-31T14:09:42+09:00,31,모모세 아키라의 첫사랑 파탄 중,5,"2, 3, 4, 5, 6",17,493.8,49424,9884.8
2026-08-31T14:09:42+09:00,32,반딧불이의 혼례,5,"4, 7, 9, 10, 11",193,407.8,43994,8798.8
2026-08-31T14:09:42+09:00,33,나나 NANA 완전판,5,"8, 9, 10, 11, 12",18,331.8,19069,3813.8
2026-08-31T14:09:42+09:00,34,내 마음의 위험한 녀석,5,"8, 9, 10, 12, 13",216,684.4,18844,3768.8
2026-08-31T14:09:42+09:00,35,하이큐!!,5,"41, 42, 43, 44, 45",323,522.2,18576,3715.2
2026-08-31T14:09:42+09:00,36,배가본드,5,"1, 31, 32, 33, 34",929,957.8,3671,734.2
2026-08-31T14:09:42+09:00,37,스파이 패밀리,4,"14, 15, 16, 17",1,430.75,77426,19356.5
2026-08-31T14:09:42+09:00,38,봇치·더·록! 외전 히로이 키쿠리의 과음일기,4,"2, 4, 5, 6",7,474.5,55772,13943.0
2026-08-31T14:09:42+09:00,39,체인소 맨,4,"11, 21, 22, 23",140,713.0,54208,13552.0
2026-08-31T14:09:42+09:00,40,마남 이치,4,"1, 2, 5, 6",2,235.25,46023,11505.75
2026-08-31T14:09:42+09:00,41,캐릭캐릭 체인지! Jewel Joker 주얼 조커,4,"1, 2, 3",112,545.75,36167,9041.75
2026-08-31T14:09:42+09:00,42,GACHIAKUTA,4,"6, 17, 18",27,322.25,31453,7863.25
2026-08-31T14:09:42+09:00,43,단다단,4,"18, 19, 20, 21",15,397.75,27258,6814.5
2026-08-31T14:09:42+09:00,44,옆자리 녀석이 그런 눈으로 쳐다본다,4,"1, 2, 3, 4",55,117.75,26901,6725.25
2026-08-31T14:09:42+09:00,45,비실비실 선생님,4,"13, 14, 15, 16",35,476.0,26855,6713.75
2026-08-31T14:09:42+09:00,46,귀멸 학원!,4,"3, 4, 5, 6",641,743.0,22769,5692.25
2026-08-31T14:09:42+09:00,47,세금으로 산 책,4,"1, 2, 3, 4",65,115.0,15615,3903.75
2026-08-31T14:09:42+09:00,48,꿈빛 파티시엘 신장판,4,"2, 3, 11, 12",665,779.5,14955,3738.75
2026-08-31T14:09:42+09:00,49,창천항로 애장판,4,"1, 2, 3, 4",24,374.25,12780,3195.0
2026-08-31T14:09:42+09:00,50,달빛천사 애장판,4,"1, 2, 3, 4",166,397.75,12089,3022.25
2026-08-31T14:09:42+09:00,51,나루토 Naruto,4,"1, 3, 44, 50",451,731.0,11237,2809.25
2026-08-31T14:09:42+09:00,52,오란고교 호스트부,4,"1, 2, 3, 17",453,649.25,9982,2495.5
2026-08-31T14:09:42+09:00,53,정반대의 너와 나,4,"1, 5, 7, 8",578,768.5,8416,2104.0
2026-08-31T14:09:42+09:00,54,무서운 책,4,"1, 4, 5, 6",472,739.75,8006,2001.5
2026-08-31T14:09:42+09:00,55,풀 나이트,4,"1, 2, 3, 4",726,783.0,5384,1346.0
2026-08-31T14:09:42+09:00,56,스킵과 로퍼,3,"10, 11, 12",4,329.33,46212,15404.0
2026-08-31T14:09:42+09:00,57,너와 장밋빛 매일,3,"1, 2, 3",89,454.67,34049,11349.67
2026-08-31T14:09:42+09:00,58,열혈강호,3,"93, 94, 95",191,643.33,31602,10534.0
2026-08-31T14:09:42+09:00,59,아멜리아의 호기심 많은 로맨스,3,"1, 2, 3",3,141.0,28248,9416.0
2026-08-31T14:09:42+09:00,60,새벽의 연화,3,"46, 47",149,374.0,27179,9059.67
2026-08-31T14:09:42+09:00,61,루리 드래곤,3,"3, 4, 5",156,516.33,23679,7893.0
2026-08-31T14:09:42+09:00,62,마법소녀를 동경해서,3,"5, 6, 7",29,202.0,22025,7341.67
2026-08-31T14:09:42+09:00,63,찍히지 않습니다,3,"6, 7",144,656.0,21850,7283.33
2026-08-31T14:09:42+09:00,64,킹덤 Kingdom,3,"76, 77, 78",9,349.67,19389,6463.0
2026-08-31T14:09:42+09:00,65,신부이야기,3,"13, 14, 15",412,626.0,18469,6156.33
2026-08-31T14:09:42+09:00,66,쓰레기 기둥서방 하나 군은 죽고 싶어 해,3,"1, 2, 3",197,353.33,17658,5886.0
2026-08-31T14:09:42+09:00,67,타워 던전,3,"1, 2, 5",445,628.67,14840,4946.67
2026-08-31T14:09:42+09:00,68,애태울 정도의 사랑을 알아라,3,"1, 2, 3",423,446.33,14355,4785.0
2026-08-31T14:09:42+09:00,69,노아 선배는 친구,3,"8, 9, 10",37,415.33,14026,4675.33
2026-08-31T14:09:42+09:00,70,Re : 제로부터 시작하는 이세계 생활,3,"28, 42, 43",178,333.33,12438,4146.0
2026-08-31T14:09:42+09:00,71,장례식 케이크 전문점 연옥당,3,"1, 2, 3",287,351.33,11691,3897.0
2026-08-31T14:09:42+09:00,72,Veil,3,"1, 6, 7",259,646.0,11492,3830.67
2026-08-31T14:09:42+09:00,73,Myther,3,"1, 2, 3",43,421.67,10187,3395.67
2026-08-31T14:09:42+09:00,74,친구 엄마,3,"8, 9, 10",834,844.0,9874,3291.33
2026-08-31T14:09:42+09:00,75,이번 생은 가주가 되겠습니다 2부,3,"5, 6",239,455.67,9519,3173.0
2026-08-31T14:09:42+09:00,76,다크 개더링,3,"1, 2, 3",467,554.0,5325,1775.0
2026-08-31T14:09:42+09:00,77,우리 길드 아이돌,3,"1, 2, 3",915,916.0,4806,1602.0
2026-08-31T14:09:42+09:00,78,아인,3,"11, 13, 14",913,924.67,4486,1495.33
2026-08-31T14:09:42+09:00,79,SCP가 뭔가요?,3,"1, 2, 3",224,509.67,4230,1410.0
2026-08-31T14:09:42+09:00,80,작전명 순정,3,"7, 8, 9",174,181.0,2920,973.33
2026-08-31T14:09:42+09:00,81,렛츠고 괴기조,3,"3, 4, 5",404,700.67,1910,636.67
2026-08-31T14:09:42+09:00,82,1to10,3,"1, 2, 3",617,660.67,1390,463.33
2026-08-31T14:09:42+09:00,83,원펀맨 One Punch Man,2,"34, 35",77,162.0,29733,14866.5
2026-08-31T14:09:42+09:00,84,가르쳐줘 집사,2,"1, 2",248,298.0,24298,12149.0
2026-08-31T14:09:42+09:00,85,메달리스트,2,"13, 14",152,469.5,21590,10795.0
2026-08-31T14:09:42+09:00,86,디그 잇,2,"1, 3",20,363.0,19715,9857.5
2026-08-31T14:09:42+09:00,87,요리 군과 다시 만날 수는 없어!,2,"1, 2",47,59.0,19705,9852.5
2026-08-31T14:09:42+09:00,88,나 혼자만 레벨업,2,"14, 15",989,991.5,16982,8491.0
2026-08-31T14:09:42+09:00,89,아름다운 초저녁달,2,"1, 10",413,590.5,16436,8218.0
2026-08-31T14:09:42+09:00,90,전지적 독자 시점,2,"19, 20",45,275.0,16385,8192.5
2026-08-31T14:09:42+09:00,91,귀멸의 칼날,2,"22, 23",756,876.5,15858,7929.0
2026-08-31T14:09:42+09:00,92,3월의 벽력,2,"1, 2",25,128.5,15048,7524.0
2026-08-31T14:09:42+09:00,93,그 비스크 돌은 사랑을 한다,2,"1, 15",514,570.0,14788,7394.0
2026-08-31T14:09:42+09:00,94,슈퍼 러버즈,2,"18, 19",134,390.5,13426,6713.0
2026-08-31T14:09:42+09:00,95,보석함에 사랑을 채우자,2,1,251,389.0,12860,6430.0
2026-08-31T14:09:42+09:00,96,망그러진 만화,2,"1, 2",763,774.5,12656,6328.0
2026-08-31T14:09:42+09:00,97,운명의 사람을 만나는 이야기,2,"1, 8",90,380.0,11599,5799.5
2026-08-31T14:09:42+09:00,98,완전 쓰레기인 와타라세인데,2,3,361,398.5,10575,5287.5
2026-08-31T14:09:42+09:00,99,"타시로, 너란 녀석은",2,"1, 3",776,784.0,10282,5141.0
2026-08-31T14:09:42+09:00,100,나 혼자만 레벨업 : 라그나로크,2,"2, 3",164,264.0,10166,5083.0
2026-08-31T14:09:42+09:00,101,이세계 삼촌,2,"13, 14",21,281.5,9872,4936.0
2026-08-31T14:09:42+09:00,102,첫사랑은 나의 오빠,2,"1, 2",58,288.0,9405,4702.5
2026-08-31T14:09:42+09:00,103,오가미 츠미키와 기일상,2,"6, 7",150,340.5,9385,4692.5
2026-08-31T14:09:42+09:00,104,메이드 인 어비스,2,"13, 14",135,478.5,9321,4660.5
2026-08-31T14:09:42+09:00,105,약사의 혼잣말,2,"16, 21",217,323.5,9261,4630.5
2026-08-31T14:09:42+09:00,106,남편을 내 편으로 만드는 방법,2,5,125,301.0,9180,4590.0
2026-08-31T14:09:42+09:00,107,나의 첫 섹파,2,"1, 2",26,91.5,8665,4332.5
2026-08-31T14:09:42+09:00,108,놀이의 관계,2,"1, 2",658,665.0,8195,4097.5
2026-08-31T14:09:42+09:00,109,수상한 경찰,2,"1, 2",233,235.5,8180,4090.0
2026-08-31T14:09:42+09:00,110,극락가,2,"1, 2",530,673.5,7969,3984.5
2026-08-31T14:09:42+09:00,111,야쿠자 때문에 목욕탕에서 일하고 있습니다,2,"1, 3",664,748.0,7600,3800.0
2026-08-31T14:09:42+09:00,112,전생했더니 슬라임이었던 건에 대하여,2,"23, 30",526,686.5,7565,3782.5
2026-08-31T14:09:42+09:00,113,이거 그리고 죽어,2,"7, 8",49,304.0,7465,3732.5
2026-08-31T14:09:42+09:00,114,비교하고 검토하는 교열부의 쿠쥬 씨,2,"1, 2",534,680.5,7435,3717.5
2026-08-31T14:09:42+09:00,115,묘쌤은 이렇게 말했다,2,"10, 11",279,419.5,7144,3572.0
2026-08-31T14:09:42+09:00,116,야화첩,2,"8, 9",34,36.0,7010,3505.0
2026-08-31T14:09:42+09:00,117,더블크로스 The 3rd Edition 룰북,2,"1, 2",450,495.0,6991,3495.5
2026-08-31T14:09:42+09:00,118,블루 자이언트 모멘텀,2,"6, 7",41,361.5,6990,3495.0
2026-08-31T14:09:42+09:00,119,참을 수 없는 건 사랑인 걸까,2,"1, 6",79,258.5,6866,3433.0
2026-08-31T14:09:42+09:00,120,전희 서바이벌 사가,2,"2, 3",179,523.0,6825,3412.5
2026-08-31T14:09:42+09:00,121,한밤중 하트튠,2,"10, 11",283,576.5,6775,3387.5
2026-08-31T14:09:42+09:00,122,고깔모자의 아틀리에,2,"5, 7",830,837.5,6737,3368.5
2026-08-31T14:09:42+09:00,123,그리고 마녀는 숲으로 갔다,2,"1, 2",561,711.5,6381,3190.5
2026-08-31T14:09:42+09:00,124,흑무경담,2,"1, 2",687,687.5,5991,2995.5
2026-08-31T14:09:42+09:00,125,숨막힐 정도의 사랑을 줄게,2,7,322,509.0,5945,2972.5
2026-08-31T14:09:42+09:00,126,만화 인소의 법칙,2,9,114,225.5,5210,2605.0
2026-08-31T14:09:42+09:00,127,발화,2,"1, 2",96,237.0,5200,2600.0
2026-08-31T14:09:42+09:00,128,여우 우리군,2,1,57,74.5,5160,2580.0
2026-08-31T14:09:42+09:00,129,추우면 변하는 헤비가미 군,2,"1, 2",203,291.5,5070,2535.0
2026-08-31T14:09:42+09:00,130,서유요원전 서역편 : 화염산의 장,2,"3, 4",382,423.5,4960,2480.0
2026-08-31T14:09:42+09:00,131,온통 여우,2,1,59,66.5,4120,2060.0
2026-08-31T14:09:42+09:00,132,커다란 네가 제일 귀여워,2,,72,139.5,4080,2040.0
2026-08-31T14:09:42+09:00,133,네즈미의 첫사랑,2,"1, 7",701,800.5,3862,1931.0
2026-08-31T14:09:42+09:00,134,아카네 이야기,2,"15, 16",206,549.0,3605,1802.5
2026-08-31T14:09:42+09:00,135,재혼황후,2,"10, 11",182,383.5,3529,1764.5
2026-08-31T14:09:42+09:00,136,아오아시,2,"16, 17",76,80.0,3320,1660.0
2026-08-31T14:09:42+09:00,137,너를 잊을 사랑이 하고 싶어,2,7,75,103.0,3220,1610.0
2026-08-31T14:09:42+09:00,138,곰과 토끼는 친구로 지낼 수 없다,2,"1, 2",93,341.5,3130,1565.0
2026-08-31T14:09:42+09:00,139,버그 에고,2,"1, 2",208,555.5,3062,1531.0
2026-08-31T14:09:42+09:00,140,커들,2,"1, 2",222,351.0,2900,1450.0
2026-08-31T14:09:42+09:00,141,호랑이형님,2,"20, 21",338,363.0,2740,1370.0
2026-08-31T14:09:42+09:00,142,11번째 고양이는 네네,2,"1, 2",132,305.5,2660,1330.0
2026-08-31T14:09:42+09:00,143,파랑과 아지랑이,2,"1, 2",339,533.5,2545,1272.5
2026-08-31T14:09:42+09:00,144,비밀알바 : 도망금지,2,"1, 2",592,592.5,2511,1255.5
2026-08-31T14:09:42+09:00,145,꿀과 극약,2,"1, 2",399,441.0,2045,1022.5
2026-08-31T14:09:42+09:00,146,건강하고 문화적인 최저한도의 생활,2,"11, 12",223,282.5,1950,975.0
2026-08-31T14:09:42+09:00,147,도쿄대 세 자매,2,"1, 2",488,715.5,1805,902.5
2026-08-31T14:09:42+09:00,148,오컬트 타임즈,2,1,115,305.5,1640,820.0
2026-08-31T14:09:42+09:00,149,노노코 양의 여자친구 군♂,2,"1, 2",745,745.5,870,435.0
2026-08-31T14:09:42+09:00,150,냄비로 총알을 막아내며,2,"2, 3",493,493.5,820,410.0
2026-08-31T14:09:42+09:00,151,포켓몬 생태도감,1,,16,16.0,75572,75572.0
2026-08-31T14:09:42+09:00,152,패밀리 레스토랑 가자. 下,1,,40,40.0,62045,62045.0
2026-08-31T14:09:42+09:00,153,소년과 두더지와 여우와 말,1,,85,85.0,60660,60660.0
2026-08-31T14:09:42+09:00,154,룩 백,1,,116,116.0,35172,35172.0
2026-08-31T14:09:42+09:00,155,패밀리 레스토랑 가자. 上,1,,160,160.0,31475,31475.0
2026-08-31T14:09:42+09:00,156,가라오케 가자!,1,,189,189.0,28599,28599.0
2026-08-31T14:09:42+09:00,157,여학교의 별,1,4,977,977.0,28559,28559.0
2026-08-31T14:09:42+09:00,158,사피엔스 : 그래픽 히스토리 Vol.1,1,,270,270.0,26301,26301.0
2026-08-31T14:09:42+09:00,159,주술회전 모듈로,1,1,86,86.0,25805,25805.0
2026-08-31T14:09:42+09:00,160,포켓몬 생태도감 특별판,1,,162,162.0,23955,23955.0
2026-08-31T14:09:42+09:00,161,책이라면 팔 만큼,1,1,13,13.0,22990,22990.0
2026-08-31T14:09:42+09:00,162,언제나 기억해,1,,245,245.0,17630,17630.0
2026-08-31T14:09:42+09:00,163,만화의 원리,1,,346,346.0,17595,17595.0
2026-08-31T14:09:42+09:00,164,헬싱 한정판 1~5 세트 - 전5권,1,,33,33.0,16565,16565.0
2026-08-31T14:09:42+09:00,165,도쿄 에일리언즈,1,12,407,407.0,16410,16410.0
2026-08-31T14:09:42+09:00,166,포인트 캐릭터 드로잉 - 전2권,1,,347,347.0,16404,16404.0
2026-08-31T14:09:42+09:00,167,"빠졌어, 너에게",1,,979,979.0,15975,15975.0
2026-08-31T14:09:42+09:00,168,에일리언 스테이지 아트북,1,,978,978.0,15887,15887.0
2026-08-31T14:09:42+09:00,169,"안녕, 에리",1,,304,304.0,15709,15709.0
2026-08-31T14:09:42+09:00,170,페르세폴리스,1,,153,153.0,15266,15266.0
2026-08-31T14:09:42+09:00,171,매거진 조이 Vol.3 : 가비지타임,1,,305,305.0,15125,15125.0
2026-08-31T14:09:42+09:00,172,쥐 The Complete Maus 합본,1,,306,306.0,13708,13708.0
2026-08-31T14:09:42+09:00,173,나츠메 우인장,1,32,51,51.0,13440,13440.0
2026-08-31T14:09:42+09:00,174,월간순정 노자키 군,1,17,625,625.0,11445,11445.0
2026-08-31T14:09:42+09:00,175,괴수 8호,1,16,410,410.0,11200,11200.0
2026-08-31T14:09:42+09:00,176,일러스트레이터를 위한 색과 빛 마스터 가이드북 : COLOR & LIGHT,1,,143,143.0,10988,10988.0
2026-08-31T14:09:42+09:00,177,오무라이스 잼잼,1,16,308,308.0,10822,10822.0
2026-08-31T14:09:42+09:00,178,3월의 라이온,1,18,249,249.0,10592,10592.0
2026-08-31T14:09:42+09:00,179,모 이야기,1,,497,497.0,10440,10440.0
2026-08-31T14:09:42+09:00,180,학생회에도 구멍은 있다!,1,12,194,194.0,10425,10425.0
2026-08-31T14:09:42+09:00,181,귀멸의 칼날 외전,1,,750,750.0,10296,10296.0
2026-08-31T14:09:42+09:00,182,타코피의 원죄 - 상,1,,498,498.0,10203,10203.0
2026-08-31T14:09:42+09:00,183,야마다의 학급일지,1,4,499,499.0,9975,9975.0
2026-08-31T14:09:42+09:00,184,타코피의 원죄 - 하,1,,500,500.0,9952,9952.0
2026-08-31T14:09:42+09:00,185,자연스러운 인체 드로잉,1,,415,415.0,9876,9876.0
2026-08-31T14:09:42+09:00,186,컬러 앤 라이트,1,,250,250.0,9857,9857.0
2026-08-31T14:09:42+09:00,187,메달리스트 공식 팬북 더블특전판,1,,214,214.0,9795,9795.0
2026-08-31T14:09:42+09:00,188,사피엔스 : 그래픽 히스토리 Vol.2,1,,414,414.0,9681,9681.0
2026-08-31T14:09:42+09:00,189,"사랑하라, 거짓된 천사들이여",1,6,501,501.0,9520,9520.0
2026-08-31T14:09:42+09:00,190,귀멸의 칼날 : 공식 팬북 귀살대 견문록,1,,752,752.0,9462,9462.0
2026-08-31T14:09:42+09:00,191,까면서 보는 해부학 만화,1,,986,986.0,9281,9281.0
2026-08-31T14:09:42+09:00,192,흑집사,1,35,68,68.0,9100,9100.0
2026-08-31T14:09:42+09:00,193,패배 히로인이 너무 많아! 8.5,1,,32,32.0,8910,8910.0
2026-08-31T14:09:42+09:00,194,백귀야행,1,31,419,419.0,8535,8535.0
2026-08-31T14:09:42+09:00,195,사피엔스 : 그래픽 히스토리 Vol.3,1,,504,504.0,8330,8330.0
2026-08-31T14:09:42+09:00,196,양 선배는 혼자서 살아갈 수 없어,1,2,355,355.0,8150,8150.0
2026-08-31T14:09:42+09:00,197,윈드 브레이커 15~16 세트 - 전2권,1,,107,107.0,8040,8040.0
2026-08-31T14:09:42+09:00,198,히나타의 블루,1,6,354,354.0,8010,8010.0
2026-08-31T14:09:42+09:00,199,중년에 지친 밤에는,1,,632,632.0,7976,7976.0
2026-08-31T14:09:42+09:00,200,쇼타 형아,1,7,215,215.0,7825,7825.0
2026-08-31T14:09:42+09:00,201,사피엔스 : 그래픽 히스토리 Vol.4,1,,146,146.0,7615,7615.0
2026-08-31T14:09:42+09:00,202,나의 히어로 아카데미아 캐릭터 팬북 컴플리트 에디션,1,,998,998.0,7570,7570.0
2026-08-31T14:09:42+09:00,203,TV애니메이션 주술회전 회옥·옥절/시부야 사변 공식 가이드북,1,,762,762.0,7260,7260.0
2026-08-31T14:09:42+09:00,204,엄마가 도망갔다,1,,23,23.0,7240,7240.0
2026-08-31T14:09:42+09:00,205,순경씨와 나,1,1,277,277.0,7049,7049.0
2026-08-31T14:09:42+09:00,206,유희왕 애장판,1,21,196,196.0,6895,6895.0
2026-08-31T14:09:42+09:00,207,봇치·더·록! 앤솔러지 코믹,1,6,147,147.0,6865,6865.0
2026-08-31T14:09:42+09:00,208,어린이 탐구 생활,1,,512,512.0,6809,6809.0
2026-08-31T14:09:42+09:00,209,길고양이와 늑대,1,6,769,769.0,6775,6775.0
2026-08-31T14:09:42+09:00,210,야마다 군과 Lv999의 사랑을 하다 4~6 특별판 세트 - 전3권,1,,764,764.0,6744,6744.0
2026-08-31T14:09:42+09:00,211,별정직 공무원,1,5,639,639.0,6620,6620.0
2026-08-31T14:09:42+09:00,212,"내가 연인이 될 수 있을 리 없잖아, 무리무리! (※무리가 아니었다?!)",1,8,101,101.0,6580,6580.0
2026-08-31T14:09:42+09:00,213,문호 스트레이독스,1,27,770,770.0,6355,6355.0
2026-08-31T14:09:42+09:00,214,언니의 미도리 군,1,9,14,14.0,6310,6310.0
2026-08-31T14:09:42+09:00,215,보이시한 여자친구가 너무 귀여워,1,5,358,358.0,6210,6210.0
2026-08-31T14:09:42+09:00,216,유치원WARS,1,17,48,48.0,5950,5950.0
2026-08-31T14:09:42+09:00,217,바닷바람과 용의 보금자리,1,2,433,433.0,5805,5805.0
2026-08-31T14:09:42+09:00,218,이다의 날마다 자연관찰,1,,643,643.0,5800,5800.0
2026-08-31T14:09:42+09:00,219,작전명 순정 7~9 스페셜 세트 - 전3권,1,,120,120.0,5570,5570.0
2026-08-31T14:09:42+09:00,220,은혼,1,77,781,781.0,5524,5524.0
2026-08-31T14:09:42+09:00,221,이토준지 자선 걸작집 Dark Colors,1,,52,52.0,5470,5470.0
2026-08-31T14:09:42+09:00,222,학생회에도 구멍은 있다! 공식 풀컬러판 : 《생구멍 셀렉션!》,1,,782,782.0,5440,5440.0
2026-08-31T14:09:42+09:00,223,마법소녀를 동경해서 1~5 합본판,1,,313,313.0,5330,5330.0
2026-08-31T14:09:42+09:00,224,믹스 MIX,1,24,519,519.0,5274,5274.0
2026-08-31T14:09:42+09:00,225,일러스트레이터를 위한 구도와 서사 마스터 가이드북 : COMPOSITION & NARRATIVE,1,,520,520.0,5252,5252.0
2026-08-31T14:09:42+09:00,226,스킵 비트!,1,50,440,440.0,5085,5085.0
2026-08-31T14:09:42+09:00,227,소드 아트 온라인,1,29,36,36.0,5060,5060.0
2026-08-31T14:09:42+09:00,228,도나츠와 서커스 1~2 완결 스페셜 세트 - 전2권,1,,789,789.0,4970,4970.0
2026-08-31T14:09:42+09:00,229,"너무 건방져, 치가야 군",1,1,442,442.0,4865,4865.0
2026-08-31T14:09:42+09:00,230,THE ART OF SOLO LEVELING : 웹툰 「나 혼자만 레벨업」 공식 아트북,1,,315,315.0,4855,4855.0
2026-08-31T14:09:42+09:00,231,여름 안에서,1,,316,316.0,4751,4751.0
2026-08-31T14:09:42+09:00,232,어서 와 수평선,1,1,365,365.0,4445,4445.0
2026-08-31T14:09:42+09:00,233,천국대마경,1,12,317,317.0,4405,4405.0
2026-08-31T14:09:42+09:00,234,시온 군이 말하는 대로,1,1,655,655.0,4405,4405.0
2026-08-31T14:09:42+09:00,235,푸른 상자,1,24,280,280.0,4385,4385.0
2026-08-31T14:09:42+09:00,236,소용돌이 합본판,1,,799,799.0,4366,4366.0
2026-08-31T14:09:42+09:00,237,유루캠,1,18,282,282.0,4365,4365.0
2026-08-31T14:09:42+09:00,238,버서스,1,6,108,108.0,4310,4310.0
2026-08-31T14:09:42+09:00,239,너를 사랑하는 살인귀,1,1,803,803.0,4245,4245.0
2026-08-31T14:09:42+09:00,240,이토준지 자선 걸작집 왜곡,1,,67,67.0,4210,4210.0
2026-08-31T14:09:42+09:00,241,86 에이티식스,1,14,529,529.0,4210,4210.0
2026-08-31T14:09:42+09:00,242,블루 록 : Episode 나기,1,8,802,802.0,4161,4161.0
2026-08-31T14:09:42+09:00,243,꿈인지 생시인지,1,4,28,28.0,4110,4110.0
2026-08-31T14:09:42+09:00,244,진격의 거인 1~17 박스 세트 Part 1 - 전17권,1,,808,808.0,4094,4094.0
2026-08-31T14:09:42+09:00,245,판타지 배색 아이디어 사전,1,,158,158.0,4079,4079.0
2026-08-31T14:09:42+09:00,246,용의 귀여운 일곱 아이 : 쿠이 료코 작품집,1,,662,662.0,4068,4068.0
2026-08-31T14:09:42+09:00,247,악마에 입문했습니다! 이루마 군 : if Episode of 마피아,1,7,368,368.0,4020,4020.0
2026-08-31T14:09:42+09:00,248,긴채널! : 은혼 공식 캐릭터북,1,,814,814.0,4012,4012.0
2026-08-31T14:09:42+09:00,249,오란고교 호스트부 Fanbook,1,,447,447.0,3959,3959.0
2026-08-31T14:09:42+09:00,250,매거진 조이 Vol.1 : 집이 없어,1,,663,663.0,3926,3926.0
2026-08-31T14:09:42+09:00,251,이로하의 글이 이끄는 -눈 녹는 길-,1,,369,369.0,3894,3894.0
2026-08-31T14:09:42+09:00,252,오달자의 봄,1,,812,812.0,3889,3889.0
2026-08-31T14:09:42+09:00,253,누나의 친구,1,4,151,151.0,3870,3870.0
2026-08-31T14:09:42+09:00,254,용의 학교는 산 위에,1,,666,666.0,3867,3867.0
2026-08-31T14:09:42+09:00,255,사토 씨의 친구,1,,109,109.0,3830,3830.0
2026-08-31T14:09:42+09:00,256,진격의 거인 18~34 박스 세트 Part 2 - 전17권,1,,536,536.0,3807,3807.0
2026-08-31T14:09:42+09:00,257,오디세이아를 한 번도 안 읽어 볼 수는 없잖아,1,,235,235.0,3800,3800.0
2026-08-31T14:09:42+09:00,258,토미에 - 상,1,,669,669.0,3737,3737.0
2026-08-31T14:09:42+09:00,259,나의 열두 살에게,1,,667,667.0,3732,3732.0
2026-08-31T14:09:42+09:00,260,사카모토 데이즈 비기너즈 팩 Vol.2 : 4~6 합본 세트,1,,819,819.0,3706,3706.0
2026-08-31T14:09:42+09:00,261,어차피 울 거라면 사랑이 좋아,1,9,286,286.0,3700,3700.0
2026-08-31T14:09:42+09:00,262,도쿄 학생 애처가,1,4,165,165.0,3640,3640.0
2026-08-31T14:09:42+09:00,263,러브 불릿,1,1,823,823.0,3625,3625.0
2026-08-31T14:09:42+09:00,264,서랍 속 테라리움 : 신장판,1,,829,829.0,3554,3554.0
2026-08-31T14:09:42+09:00,265,사일런트 위치,1,10,821,821.0,3550,3550.0
2026-08-31T14:09:42+09:00,266,오늘도 냠냠냠,1,4,826,826.0,3545,3545.0
2026-08-31T14:09:42+09:00,267,역대급 영지 설계사,1,9,539,539.0,3450,3450.0
2026-08-31T14:09:42+09:00,268,인간실격 무삭제판 1~3 세트- 전3권,1,,236,236.0,3408,3408.0
2026-08-31T14:09:42+09:00,269,아이돌라트리,1,1,64,64.0,3390,3390.0
2026-08-31T14:09:42+09:00,270,불교와 친해지는 만화 사찰의 상징세계,1,,675,675.0,3279,3279.0
2026-08-31T14:09:42+09:00,271,사피엔스: 그래픽 히스토리 시리즈 세트 - 전4권,1,,325,325.0,3260,3260.0
2026-08-31T14:09:42+09:00,272,천막의 자두가르,1,1,836,836.0,3254,3254.0
2026-08-31T14:09:42+09:00,273,"나와 다시 한번, 첫사랑",1,2,848,848.0,3254,3254.0
2026-08-31T14:09:42+09:00,274,어떤 과학의 초전자포,1,20,452,452.0,3250,3250.0
2026-08-31T14:09:42+09:00,275,그랑블루,1,26,78,78.0,3240,3240.0
2026-08-31T14:09:42+09:00,276,더 죠죠랜즈 3 : 돈벌이할 시간,1,,855,855.0,3190,3190.0
2026-08-31T14:09:42+09:00,277,어떤 여름방학,1,,547,547.0,3160,3160.0
2026-08-31T14:09:42+09:00,278,한구석의 기억,1,1,678,678.0,3150,3150.0
2026-08-31T14:09:42+09:00,279,테라피 게임 리스타트,1,6,853,853.0,3150,3150.0
2026-08-31T14:09:42+09:00,280,인생 역전,1,3,291,291.0,3130,3130.0
2026-08-31T14:09:42+09:00,281,이 결혼은 어차피 망하게 되어 있다,1,8,326,326.0,3125,3125.0
2026-08-31T14:09:42+09:00,282,현시연 신장판,1,1,44,44.0,3120,3120.0
2026-08-31T14:09:42+09:00,283,아오이 군의 음담패설은 참을 수 없어!!,1,2,456,456.0,3080,3080.0
2026-08-31T14:09:42+09:00,284,우타강의 시간,1,4,851,851.0,3076,3076.0
2026-08-31T14:09:42+09:00,285,파리대왕 : 그래픽 노블,1,,854,854.0,3069,3069.0
2026-08-31T14:09:42+09:00,286,데스마치에서 시작되는 이세계 광상곡,1,34,180,180.0,3050,3050.0
2026-08-31T14:09:42+09:00,287,이세계 유유자적 농가,1,16,376,376.0,3040,3040.0
2026-08-31T14:09:42+09:00,288,K-9 경시청 공안부 공안제9과 이능력 대책반,1,3,850,850.0,3035,3035.0
2026-08-31T14:09:42+09:00,289,요괴소년 호야 완전판,1,4,53,53.0,3010,3010.0
2026-08-31T14:09:42+09:00,290,명탐정 코난 : 범인 한자와 씨,1,10,181,181.0,3000,3000.0
2026-08-31T14:09:42+09:00,291,벨 푸페의 슈퍼달링 약혼,1,2,455,455.0,3000,3000.0
2026-08-31T14:09:42+09:00,292,아름다운 인체 그리기 레슨,1,,679,679.0,2995,2995.0
2026-08-31T14:09:42+09:00,293,2120,1,,128,128.0,2970,2970.0
2026-08-31T14:09:42+09:00,294,은혼 5학년 : 은혼 공식 캐릭터북,1,2,864,864.0,2966,2966.0
2026-08-31T14:09:42+09:00,295,사카모토 데이즈 21 : NAGUMO DIYS 특별판,1,,681,681.0,2921,2921.0
2026-08-31T14:09:42+09:00,296,귀여운 건 나다,1,3,91,91.0,2920,2920.0
2026-08-31T14:09:42+09:00,297,만화 데뷔 못 하면 죽는 병 걸림,1,4,548,548.0,2915,2915.0
2026-08-31T14:09:42+09:00,298,시메지 시뮬레이션 5 북케이스 세트,1,,866,866.0,2915,2915.0
2026-08-31T14:09:42+09:00,299,우리 반리가 신세 좀 지겠습니다,1,4,327,327.0,2900,2900.0
2026-08-31T14:09:42+09:00,300,THE POOL,1,,292,292.0,2895,2895.0
2026-08-31T14:09:42+09:00,301,달님이 바라시는 대로,1,9,218,218.0,2820,2820.0
2026-08-31T14:09:42+09:00,302,정령환상기,1,28,552,552.0,2820,2820.0
2026-08-31T14:09:42+09:00,303,하이큐!! 10th 크로니클,1,,865,865.0,2799,2799.0
2026-08-31T14:09:42+09:00,304,무로이 야스오의 캐릭터 얼굴 & 바스트업 작화 기술,1,,686,686.0,2794,2794.0
2026-08-31T14:09:42+09:00,305,드래곤볼 완전판 가이드북 LANDMARK,1,,379,379.0,2711,2711.0
2026-08-31T14:09:42+09:00,306,마가이모노,1,1,554,554.0,2705,2705.0
2026-08-31T14:09:42+09:00,307,아메와 우미,1,1,102,102.0,2680,2680.0
2026-08-31T14:09:42+09:00,308,슬램덩크 오리지널 1~31 세트 - 전31권,1,,556,556.0,2668,2668.0
2026-08-31T14:09:42+09:00,309,44교시 생존수업 1~2 세트 - 전2권,1,,82,82.0,2664,2664.0
2026-08-31T14:09:42+09:00,310,너를 너무너무너무너무 좋아하는 100명의 그녀,1,24,872,872.0,2660,2660.0
2026-08-31T14:09:42+09:00,311,켄투리아,1,6,460,460.0,2650,2650.0
2026-08-31T14:09:42+09:00,312,더 파이팅 The Fighting,1,145,874,874.0,2630,2630.0
2026-08-31T14:09:42+09:00,313,이력서,1,3,66,66.0,2570,2570.0
2026-08-31T14:09:42+09:00,314,사토리×콤플렉스,1,,873,873.0,2560,2560.0
2026-08-31T14:09:42+09:00,315,이토준지 자선 걸작집,1,,381,381.0,2558,2558.0
2026-08-31T14:09:42+09:00,316,건방진 그 녀석,1,1,697,697.0,2557,2557.0
2026-08-31T14:09:42+09:00,317,빠져든 침대에서 천사의 자는 얼굴을 보고 싶을 뿐,1,,459,459.0,2550,2550.0
2026-08-31T14:09:42+09:00,318,포켓몬스터 스페셜,1,63,261,261.0,2540,2540.0
2026-08-31T14:09:42+09:00,319,박시백의 고려사 1~5 세트 - 전5권,1,,871,871.0,2532,2532.0
2026-08-31T14:09:42+09:00,320,장르를 바꿔보도록 하겠습니다,1,9,691,691.0,2498,2498.0
2026-08-31T14:09:42+09:00,321,일본삼국,1,7,383,383.0,2495,2495.0
2026-08-31T14:09:42+09:00,322,유녀전기 대대야사,1,1,202,202.0,2490,2490.0
2026-08-31T14:09:42+09:00,323,보이는 여고생,1,12,558,558.0,2485,2485.0
2026-08-31T14:09:42+09:00,324,나의 행복한 결혼,1,6,564,564.0,2485,2485.0
2026-08-31T14:09:42+09:00,325,동거하는 검성 여스승이 너무 귀여워서 매일 행복합니다,1,1,293,293.0,2470,2470.0
2026-08-31T14:09:42+09:00,326,소꿉친구 컴플렉스 4~5 스페셜 세트 - 전2권,1,,294,294.0,2450,2450.0
2026-08-31T14:09:42+09:00,327,유녀전기,1,21,205,205.0,2440,2440.0
2026-08-31T14:09:42+09:00,328,스파이더맨 / 데드풀 VOL. 1 : 브로맨틱하지 않나요?,1,,878,878.0,2430,2430.0
2026-08-31T14:09:42+09:00,329,"노려보고, 사랑.",1,1,879,879.0,2425,2425.0
2026-08-31T14:09:42+09:00,330,이우일의 만화 그리스로마 신화 1~3 세트 - 전3권,1,,328,328.0,2415,2415.0
2026-08-31T14:09:42+09:00,331,망각 배터리,1,23,384,384.0,2400,2400.0
2026-08-31T14:09:42+09:00,332,구룡 제네릭 로맨스,1,11,693,693.0,2400,2400.0
2026-08-31T14:09:42+09:00,333,톰 폭스의 옷을 입은 캐릭터 드로잉 : 아티스트를 위한 옷과 주름 그리기 가이드,1,,167,167.0,2395,2395.0
2026-08-31T14:09:42+09:00,334,코믹 어둠의 실력자가 되고 싶어서!,1,15,263,263.0,2390,2390.0
2026-08-31T14:09:42+09:00,335,오디세이,1,,565,565.0,2381,2381.0
2026-08-31T14:09:42+09:00,336,시노비고토,1,7,466,466.0,2380,2380.0
2026-08-31T14:09:42+09:00,337,명탐정 코난 로맨틱 러버스 셀렉션,1,,695,695.0,2359,2359.0
2026-08-31T14:09:42+09:00,338,소드 오라토리아,1,16,567,567.0,2335,2335.0
2026-08-31T14:09:42+09:00,339,드래곤볼 완전판 가이드북 FOREVER,1,,880,880.0,2334,2334.0
2026-08-31T14:09:42+09:00,340,타로의 얼렁뚱땅,1,2,386,386.0,2330,2330.0
2026-08-31T14:09:42+09:00,341,클레바테스,1,10,690,690.0,2295,2295.0
2026-08-31T14:09:42+09:00,342,너와 우주를 걷기 위하여,1,5,566,566.0,2285,2285.0
2026-08-31T14:09:42+09:00,343,공주님 고문의 시간입니다,1,19,262,262.0,2280,2280.0
2026-08-31T14:09:42+09:00,344,리:블루,1,6,698,698.0,2275,2275.0
2026-08-31T14:09:42+09:00,345,애프터 갓,1,10,61,61.0,2270,2270.0
2026-08-31T14:09:42+09:00,346,브라운더스트 2 오피셜 디자인 웍스,1,,692,692.0,2270,2270.0
2026-08-31T14:09:42+09:00,347,J⇔M 제이엠,1,6,168,168.0,2265,2265.0
2026-08-31T14:09:42+09:00,348,블리치,1,74,882,882.0,2261,2261.0
2026-08-31T14:09:42+09:00,349,고교 시절에 거만했던 여왕님과의 동거 생활은 의외로 나쁘지 않다,1,1,329,329.0,2260,2260.0
2026-08-31T14:09:42+09:00,350,벡 Beck 신장판,1,8,330,330.0,2250,2250.0
2026-08-31T14:09:42+09:00,351,우자키 양은 놀고싶어!,1,14,204,204.0,2210,2210.0
2026-08-31T14:09:42+09:00,352,명탐정 코난 모리 코고로 셀렉션,1,,886,886.0,2195,2195.0
2026-08-31T14:09:42+09:00,353,오무라이스 잼잼 1 (스페셜 리커버 양장본),1,,891,891.0,2166,2166.0
2026-08-31T14:09:42+09:00,354,귀엽다는 말 들은 적 없어!!,1,10,884,884.0,2163,2163.0
2026-08-31T14:09:42+09:00,355,마왕성에서 잘 자요,1,31,887,887.0,2155,2155.0
2026-08-31T14:09:42+09:00,356,시노와 렌,1,4,708,708.0,2150,2150.0
2026-08-31T14:09:42+09:00,357,순정 갸루는 여친은 아니지만,1,,103,103.0,2140,2140.0
2026-08-31T14:09:42+09:00,358,사망 엔딩에서 벗어난 미연시의 히로인들이 내 【일기장】을 읽고 비밀을 알아챈 듯하다,1,1,104,104.0,2130,2130.0
2026-08-31T14:09:42+09:00,359,선생님으로 ○○하면 안 됩니다!,1,3,219,219.0,2130,2130.0
2026-08-31T14:09:42+09:00,360,명탐정 코난 : 경찰학교 셀렉션,1,,888,888.0,2130,2130.0
2026-08-31T14:09:42+09:00,361,어쨌든 귀여워,1,25,241,241.0,2120,2120.0
2026-08-31T14:09:42+09:00,362,더블크로스 The 3rd Edition 상급 룰북,1,,570,570.0,2120,2120.0
2026-08-31T14:09:42+09:00,363,반장으로서의 책임과 의무,1,7,703,703.0,2080,2080.0
2026-08-31T14:09:42+09:00,364,"가까이 와줘, 스피카",1,1,470,470.0,2065,2065.0
2026-08-31T14:09:42+09:00,365,쪼그맣고 커다랗고 귀여운 나나세를 착각 전남친한테서 빼앗아 행복하게 한다,1,3,331,331.0,2060,2060.0
2026-08-31T14:09:42+09:00,366,아주 깊은 우주에서 사랑을 담아,1,1,705,705.0,2055,2055.0
2026-08-31T14:09:42+09:00,367,아마 그녀는 우리 형을 노리고 있을 거야,1,1,105,105.0,2050,2050.0
2026-08-31T14:09:42+09:00,368,파인더의 도피행,1,,130,130.0,2050,2050.0
2026-08-31T14:09:42+09:00,369,이상한 집,1,6,471,471.0,2045,2045.0
2026-08-31T14:09:42+09:00,370,피토스포룸 두 번째 잎,1,,332,332.0,1980,1980.0
2026-08-31T14:09:42+09:00,371,격기 3반,1,18,469,469.0,1980,1980.0
2026-08-31T14:09:42+09:00,372,히마텐!,1,4,264,264.0,1970,1970.0
2026-08-31T14:09:42+09:00,373,데포르메 세계 그리는 법,1,,581,581.0,1960,1960.0
2026-08-31T14:09:42+09:00,374,봇치·더·록! 앤솔러지 코믹 1 : 특별판 1st Extended Play,1,,893,893.0,1947,1947.0
2026-08-31T14:09:42+09:00,375,우리 남동생들이 죄송합니다,1,9,894,894.0,1940,1940.0
2026-08-31T14:09:42+09:00,376,피토스포룸 첫 번째 잎,1,,334,334.0,1910,1910.0
2026-08-31T14:09:42+09:00,377,제도성배기담 Fate/type Redline,1,6,890,890.0,1910,1910.0
2026-08-31T14:09:42+09:00,378,만화로 보는 일리아스,1,,896,896.0,1902,1902.0
2026-08-31T14:09:42+09:00,379,쪽팔려게임 1~2 세트 - 전2권,1,,468,468.0,1890,1890.0
2026-08-31T14:09:42+09:00,380,방과 후 제방 일지,1,14,720,720.0,1870,1870.0
2026-08-31T14:09:42+09:00,381,눈이 나려 꽃,1,26,73,73.0,1840,1840.0
2026-08-31T14:09:42+09:00,382,나쁜 X에게 행복 있으라,1,6,296,296.0,1820,1820.0
2026-08-31T14:09:42+09:00,383,절대 BL이 되는 세계 & 절대 BL이 되지 않는 고교 생활,1,1,575,575.0,1818,1818.0
2026-08-31T14:09:42+09:00,384,스노우볼 어스,1,4,129,129.0,1790,1790.0
2026-08-31T14:09:42+09:00,385,와카코와 술,1,25,333,333.0,1760,1760.0
2026-08-31T14:09:42+09:00,386,누가 용사를 죽였는가,1,1,712,712.0,1740,1740.0
2026-08-31T14:09:42+09:00,387,아오노 군에게 닿고 싶으니까 죽고 싶어,1,13,908,908.0,1739,1739.0
2026-08-31T14:09:42+09:00,388,뒤에 있는 카무이 씨,1,1,88,88.0,1720,1720.0
2026-08-31T14:09:42+09:00,389,평화로운 나라의 시마자키에게,1,11,582,582.0,1720,1720.0
2026-08-31T14:09:42+09:00,390,외톨이에는 익숙하니까요. 약혼자 방치 중!,1,3,898,898.0,1718,1718.0
2026-08-31T14:09:42+09:00,391,핑키 나이트메어,1,,335,335.0,1705,1705.0
2026-08-31T14:09:42+09:00,392,종말의 발키리,1,26,713,713.0,1705,1705.0
2026-08-31T14:09:42+09:00,393,추방 당한 전생 중기사는 게임 지식으로 무쌍한다,1,12,121,121.0,1660,1660.0
2026-08-31T14:09:42+09:00,394,킬블루,1,13,169,169.0,1660,1660.0
2026-08-31T14:09:42+09:00,395,위치 워치 WITCH WATCH,1,23,907,907.0,1660,1660.0
2026-08-31T14:09:42+09:00,396,패배 히로인이 너무 많아! @comic,1,5,138,138.0,1650,1650.0
2026-08-31T14:09:42+09:00,397,사장과 술과 별,1,3,911,911.0,1640,1640.0
2026-08-31T14:09:42+09:00,398,길가메쉬,1,,910,910.0,1630,1630.0
2026-08-31T14:09:42+09:00,399,유감스러운 사랑의 주인공들,1,1,83,83.0,1620,1620.0
2026-08-31T14:09:42+09:00,400,보루토 -TWO BLUE VORTEX-,1,5,170,170.0,1620,1620.0
2026-08-31T14:09:42+09:00,401,아자미 야코를 좋아하게 된다,1,2,172,172.0,1620,1620.0
2026-08-31T14:09:42+09:00,402,이기적 연애론,1,3,583,583.0,1620,1620.0
2026-08-31T14:09:42+09:00,403,신석기 시대부터 AI 시대까지 만화로 꿰뚫는 경제사,1,,336,336.0,1615,1615.0
2026-08-31T14:09:42+09:00,404,"신 울어라, 펜",1,11,901,901.0,1615,1615.0
2026-08-31T14:09:42+09:00,405,주말엔 숲으로,1,,920,920.0,1588,1588.0
2026-08-31T14:09:42+09:00,406,사망 유희로 밥을 먹는다.,1,5,906,906.0,1585,1585.0
2026-08-31T14:09:42+09:00,407,라라의 결혼,1,8,297,297.0,1550,1550.0
2026-08-31T14:09:42+09:00,408,할렐루야 베이비,1,5,718,718.0,1550,1550.0
2026-08-31T14:09:42+09:00,409,녹풍당의 사계절,1,21,159,159.0,1520,1520.0
2026-08-31T14:09:42+09:00,410,지친 직장인은 악역 영애님을 모시고 싶어,1,5,719,719.0,1505,1505.0
2026-08-31T14:09:42+09:00,411,딸이 아니라 나를 좋아한다고?!,1,4,930,930.0,1480,1480.0
2026-08-31T14:09:42+09:00,412,서뱀프 Servamp 23~24 세트 - 전2권,1,,266,266.0,1440,1440.0
2026-08-31T14:09:42+09:00,413,새디스틱 뷰티 : 외전 A,1,,928,928.0,1427,1427.0
2026-08-31T14:09:42+09:00,414,반에서 두 번째로 귀여운 여자애와 친구가 되었다,1,6,171,171.0,1420,1420.0
2026-08-31T14:09:42+09:00,415,베르세르크,1,11,934,934.0,1418,1418.0
2026-08-31T14:09:42+09:00,416,그리스 로마 신화를 한 번도 안 읽어볼 수는 없잖아,1,,926,926.0,1416,1416.0
2026-08-31T14:09:42+09:00,417,마끼아또의 일러스트 레벨업 테크닉,1,,340,340.0,1410,1410.0
2026-08-31T14:09:42+09:00,418,엇갈리는 중앙감정선,1,,106,106.0,1370,1370.0
2026-08-31T14:09:42+09:00,419,백조 무덤,1,1,931,931.0,1370,1370.0
2026-08-31T14:09:42+09:00,420,"다른 학교 얼음공주를 구했더니, 친구부터 시작하게 되었습니다",1,2,220,220.0,1340,1340.0
2026-08-31T14:09:42+09:00,421,책벌레의 하극상 제4부 : 귀족원의 도서관을 구하고 싶어!,1,10,298,298.0,1330,1330.0
2026-08-31T14:09:42+09:00,422,세월이 흘러 다리로 간다,1,12,586,586.0,1330,1330.0
2026-08-31T14:09:42+09:00,423,폭력 만세,1,3,932,932.0,1320,1320.0
2026-08-31T14:09:42+09:00,424,산가지는 도깨비의 꿈을 꾼다,1,5,183,183.0,1300,1300.0
2026-08-31T14:09:42+09:00,425,힛 미 하드,1,1,938,938.0,1295,1295.0
2026-08-31T14:09:42+09:00,426,내 백합도 영업인 줄 알았어?,1,,392,392.0,1280,1280.0
2026-08-31T14:09:42+09:00,427,"새벽, 구름, 강",1,6,589,589.0,1250,1250.0
2026-08-31T14:09:42+09:00,428,마녀대전 이능의 마녀 32인은 서로 죽인다,1,14,481,481.0,1240,1240.0
2026-08-31T14:09:42+09:00,429,전격데이지 애장판,1,1,390,390.0,1210,1210.0
2026-08-31T14:09:42+09:00,430,버림받은 공작 부인은 평온한 생활을 희망합니다,1,1,587,587.0,1210,1210.0
2026-08-31T14:09:42+09:00,431,매리지 톡신,1,15,937,937.0,1190,1190.0
2026-08-31T14:09:42+09:00,432,녹는 눈과 아가판서스,1,1,482,482.0,1180,1180.0
2026-08-31T14:09:42+09:00,433,Re : 제로부터 시작하는 이세계 생활 제4장,1,11,729,729.0,1145,1145.0
2026-08-31T14:09:42+09:00,434,핑크 하트 잼 beat,1,2,940,940.0,1135,1135.0
2026-08-31T14:09:42+09:00,435,뻐꾸기 커플,1,31,596,596.0,1120,1120.0
2026-08-31T14:09:42+09:00,436,겁쟁이페달,1,95,139,139.0,1110,1110.0
2026-08-31T14:09:42+09:00,437,코믹 무직전생,1,21,396,396.0,1100,1100.0
2026-08-31T14:09:42+09:00,438,창작자를 위한 주술 용어 사전,1,,941,941.0,1092,1092.0
2026-08-31T14:09:42+09:00,439,뇌를 바꾸려는 사람들,1,,393,393.0,1070,1070.0
2026-08-31T14:09:42+09:00,440,내가 죽을 뿐인 100가지 괴담,1,2,730,730.0,1070,1070.0
2026-08-31T14:09:42+09:00,441,처형당한 현자는 리치로 전생하여 침략전쟁을 시작한다,1,15,133,133.0,1060,1060.0
2026-08-31T14:09:42+09:00,442,여주인공인데 잘생긴 아이돌♂이 되었습니다?!,1,3,598,598.0,1060,1060.0
2026-08-31T14:09:42+09:00,443,로스타임에 작별 인사를 Home and Away,1,,942,942.0,1060,1060.0
2026-08-31T14:09:42+09:00,444,펜과 수갑과 사실혼,1,4,397,397.0,1050,1050.0
2026-08-31T14:09:42+09:00,445,은하영웅전설,1,31,394,394.0,1040,1040.0
2026-08-31T14:09:42+09:00,446,홀로서기 마왕성,1,12,186,186.0,1035,1035.0
2026-08-31T14:09:42+09:00,447,뉴노멀,1,8,209,209.0,1030,1030.0
2026-08-31T14:09:42+09:00,448,달의 아이 신장판,1,8,173,173.0,1010,1010.0
2026-08-31T14:09:42+09:00,449,개를 낳았다 시즌 2 :,1,13,947,947.0,1000,1000.0
2026-08-31T14:09:42+09:00,450,책벌레의 하극상 제2부 : 책을 위해서라면 무녀가 되겠어,1,13,484,484.0,995,995.0
2026-08-31T14:09:42+09:00,451,고랭순대 작품집,1,7,175,175.0,970,970.0
2026-08-31T14:09:42+09:00,452,1초,1,24,486,486.0,970,970.0
2026-08-31T14:09:42+09:00,453,어떤 마술의 금서목록,1,33,732,732.0,970,970.0
2026-08-31T14:09:42+09:00,454,이 미술부에는 문제가 있다,1,15,735,735.0,970,970.0
2026-08-31T14:09:42+09:00,455,선생님! 저희들이 세계를 멸망시킵니다.,1,9,187,187.0,960,960.0
2026-08-31T14:09:42+09:00,456,미열공간,1,6,944,944.0,955,955.0
2026-08-31T14:09:42+09:00,457,우리들은 미쳤다 연모,1,4,210,210.0,950,950.0
2026-08-31T14:09:42+09:00,458,만화를 잘 그리기 위한 노하우 도감,1,,267,267.0,950,950.0
2026-08-31T14:09:42+09:00,459,W 줄리엣 2부,1,16,243,243.0,940,940.0
2026-08-31T14:09:42+09:00,460,공정 드래곤즈,1,21,601,601.0,940,940.0
2026-08-31T14:09:42+09:00,461,엘든 링 머나먼 틈새의 이야기,1,1,948,948.0,940,940.0
2026-08-31T14:09:42+09:00,462,우린 엇갈리고 있다,1,1,211,211.0,930,930.0
2026-08-31T14:09:42+09:00,463,피가 이어지지 않은 우리가 가족이 되는 단 하나의 방법,1,1,395,395.0,930,930.0
2026-08-31T14:09:42+09:00,464,전대대실격,1,20,734,734.0,920,920.0
2026-08-31T14:09:42+09:00,465,사랑해 게임을 끝내고 싶어,1,4,956,956.0,919,919.0
2026-08-31T14:09:42+09:00,466,마왕과 용사의 사랑의 도피 바캉스,1,,343,343.0,900,900.0
2026-08-31T14:09:42+09:00,467,최애의 성벽이 너무 위험하다고요!,1,1,602,602.0,880,880.0
2026-08-31T14:09:42+09:00,468,가짜 연금술사,1,4,268,268.0,870,870.0
2026-08-31T14:09:42+09:00,469,통제구역관리부,1,4,600,600.0,870,870.0
2026-08-31T14:09:42+09:00,470,킬러의 최애,1,4,188,188.0,830,830.0
2026-08-31T14:09:42+09:00,471,"아리스, 우주까지도",1,4,949,949.0,830,830.0
2026-08-31T14:09:42+09:00,472,아머드 코어 6 루비콘의 화염 오피셜 아트북,1,,951,951.0,825,825.0
2026-08-31T14:09:42+09:00,473,아질 Asyl,1,1,400,400.0,820,820.0
2026-08-31T14:09:42+09:00,474,블랙 라군 : 청소부 소여 해체! 고어고어 무스메,1,4,401,401.0,820,820.0
2026-08-31T14:09:42+09:00,475,천국에서의 생활은 어떻습니까,1,1,950,950.0,815,815.0
2026-08-31T14:09:42+09:00,476,트릴리온 게임,1,10,402,402.0,810,810.0
2026-08-31T14:09:42+09:00,477,택배기사 형이랑 잘 될 수 있을까?,1,,737,737.0,810,810.0
2026-08-31T14:09:42+09:00,478,이세계 전생 던전 마스터 온천 던전을 만들다,1,1,341,341.0,800,800.0
2026-08-31T14:09:42+09:00,479,월광천녀 애장판,1,8,225,225.0,790,790.0
2026-08-31T14:09:42+09:00,480,퀸즈 퀄리티,1,1,398,398.0,790,790.0
2026-08-31T14:09:42+09:00,481,탱크체어 TANK CHAIR,1,4,226,226.0,780,780.0
2026-08-31T14:09:42+09:00,482,창작자를 위한 판타지 용어 사전,1,,953,953.0,775,775.0
2026-08-31T14:09:42+09:00,483,오늘부터 시작하는 소꿉친구,1,9,299,299.0,770,770.0
2026-08-31T14:09:42+09:00,484,기계 인간 마리 플러스,1,2,487,487.0,770,770.0
2026-08-31T14:09:42+09:00,485,악마이자 여경!,1,2,952,952.0,770,770.0
2026-08-31T14:09:42+09:00,486,파티피플 공명,1,22,954,954.0,770,770.0
2026-08-31T14:09:42+09:00,487,"매지컬★익스플로러 : 에로게임의 친구 캐릭터로 전생했지만, 게임 지식을 써서 자유롭게 살아간다",1,12,603,603.0,750,750.0
2026-08-31T14:09:42+09:00,488,백설공주에게 입맞춤을,1,1,738,738.0,740,740.0
2026-08-31T14:09:42+09:00,489,꿈자리가 이상한데요?! 외전,1,,963,963.0,730,730.0
2026-08-31T14:09:42+09:00,490,톰 폭스의 옷을 입은 캐릭터 드로잉 : 옷과 주름 그리기 워크북,1,,611,611.0,725,725.0
2026-08-31T14:09:42+09:00,491,떨거지 인어 디아나,1,1,608,608.0,720,720.0
2026-08-31T14:09:42+09:00,492,시오타 선생님과 아마이양,1,7,227,227.0,710,710.0
2026-08-31T14:09:42+09:00,493,전생 악녀의 흑역사,1,18,228,228.0,710,710.0
2026-08-31T14:09:42+09:00,494,사자나미 군이 가장 싫어하는 남자,1,,962,962.0,710,710.0
2026-08-31T14:09:42+09:00,495,사랑할 자격,1,3,300,300.0,700,700.0
2026-08-31T14:09:42+09:00,496,주인공은 될 수 없지만,1,,403,403.0,700,700.0
2026-08-31T14:09:42+09:00,497,주말 내 맘대로 집밥,1,3,955,955.0,700,700.0
2026-08-31T14:09:42+09:00,498,일하지 않는 두사람,1,32,742,742.0,690,690.0
2026-08-31T14:09:42+09:00,499,도망을 잘 치는 도련님,1,22,957,957.0,690,690.0
2026-08-31T14:09:42+09:00,500,FIRE BALL！ 파이어 볼!,1,2,244,244.0,680,680.0
2026-08-31T14:09:42+09:00,501,룸 투어즈,1,2,605,605.0,680,680.0
2026-08-31T14:09:42+09:00,502,바키도,1,11,739,739.0,670,670.0
2026-08-31T14:09:42+09:00,503,타베모노로그,1,,959,959.0,650,650.0
2026-08-31T14:09:42+09:00,504,꿈사랑 ~꿈에서 우리는 사랑에 빠진다~,1,4,606,606.0,630,630.0
2026-08-31T14:09:42+09:00,505,치하야 리스타트!,1,2,269,269.0,610,610.0
2026-08-31T14:09:42+09:00,506,라면 재유기,1,13,302,302.0,610,610.0
2026-08-31T14:09:42+09:00,507,영국 낭만 희화 포레스트 아이비,1,1,491,491.0,590,590.0
2026-08-31T14:09:42+09:00,508,키스 다음부터는 애드리브로,1,,301,301.0,580,580.0
2026-08-31T14:09:42+09:00,509,특급 알파가 사랑한 오메가,1,,490,490.0,580,580.0
2026-08-31T14:09:42+09:00,510,술에 취한 영애가 영웅을 몰라보고 구혼한 결과,1,1,344,344.0,570,570.0
2026-08-31T14:09:42+09:00,511,룸메이트,1,1,303,303.0,560,560.0
2026-08-31T14:09:42+09:00,512,페이스리스 드롭아웃,1,1,609,609.0,550,550.0
2026-08-31T14:09:42+09:00,513,마도구사 달리아는 고개 숙이지 않아,1,7,967,967.0,540,540.0
2026-08-31T14:09:42+09:00,514,전생했더니 검이었습니다 Another Wish,1,5,968,968.0,540,540.0
2026-08-31T14:09:42+09:00,515,응원 걸!,1,1,345,345.0,530,530.0
2026-08-31T14:09:42+09:00,516,친구 여동생이 나한테만 짜증나게 군다,1,9,612,612.0,530,530.0
2026-08-31T14:09:42+09:00,517,영세 소녀의 싸우는 법,1,7,744,744.0,530,530.0
2026-08-31T14:09:42+09:00,518,133cm의 풍경,1,4,613,613.0,515,515.0
2026-08-31T14:09:42+09:00,519,미와 씨 행세를 합니다,1,14,492,492.0,480,480.0
2026-08-31T14:09:42+09:00,520,벼랑 끝의 영애는 흑기사님을 반하게 하고 싶어,1,1,620,620.0,460,460.0
2026-08-31T14:09:42+09:00,521,"모험가 자격을 박탈당한 아저씨지만, 사랑하는 딸이 생겨서 느긋이 인생을 즐긴다",1,10,970,970.0,460,460.0
2026-08-31T14:09:42+09:00,522,신에게 맹세코 거짓입니다,1,2,614,614.0,450,450.0
2026-08-31T14:09:42+09:00,523,공각기동대 -HUMAN ERROR PROCESSER-,1,,743,743.0,450,450.0
2026-08-31T14:09:42+09:00,524,"나태한 악욕귀족으로 환생한 나, 시나리오를 쳐부쉈더니~",1,1,972,972.0,440,440.0
2026-08-31T14:09:42+09:00,525,역사에 남을 악녀가 될 거야,1,5,405,405.0,405,405.0
2026-08-31T14:09:42+09:00,526,버림받은 공주는 의외로 사랑받고 있다?,1,2,971,971.0,400,400.0
2026-08-31T14:09:42+09:00,527,순애 러브하울링,1,,619,619.0,390,390.0
2026-08-31T14:09:42+09:00,528,마로니에 왕국의 7인의 기사,1,7,615,615.0,380,380.0
2026-08-31T14:09:42+09:00,529,회각의 용사,1,2,616,616.0,380,380.0
2026-08-31T14:09:42+09:00,530,만화 이상적인 기둥서방 생활,1,11,748,748.0,310,310.0
2026-08-31T14:09:42+09:00,531,파도였던 날들,1,,973,973.0,300,300.0
2026-08-31T14:09:42+09:00,532,에리스의 성배,1,6,975,975.0,300,300.0
2026-08-31T14:09:42+09:00,533,퍼펙트 어딕션,1,3,976,976.0,280,280.0
2026-09-01T10:41:52+09:00,1,헌터x헌터 HunterXHunter 신장판,38,"1, 2, 3, 4, 5, 6, 7, 8, 9, 10, 11, 12, 13, 14, 15, 16, 17, 18, 19, 20, 21, 22, 23, 24, 25, 26, 27, 28, 29, 30, 31, 32, 33, 34, 35, 36, 37, 38",225,559.76,181375,4773.03
2026-09-01T10:41:52+09:00,2,향기로운 꽃은 늠름하게 핀다,21,"1, 2, 3, 4, 5, 6, 7, 8, 9, 10, 11, 12, 13, 14, 15, 16, 17, 18, 19, 20, 21",90,418.38,114306,5443.14
2026-09-01T10:41:52+09:00,3,주술회전,18,"1, 2, 4, 11, 13, 14, 15, 20, 21, 22, 23, 24, 25, 26, 27, 28, 29, 30",268,507.67,118181,6565.61
2026-09-01T10:41:52+09:00,4,얼굴만으론 좋아할 수 없어요,15,"1, 2, 3, 4, 5, 6, 7, 8, 9, 10, 14, 15, 16, 17",124,560.0,55351,3690.07
2026-09-01T10:41:52+09:00,5,사카모토 데이즈,14,"10, 11, 12, 14, 15, 16, 18, 21, 22, 23, 24, 25, 26, 27",5,557.07,105879,7562.79
2026-09-01T10:41:52+09:00,6,황천의 츠가이,14,"1, 2, 3, 4, 5, 6, 7, 8, 9, 10, 11, 12",10,344.07,76579,5469.93
2026-09-01T10:41:52+09:00,7,원피스,13,"1, 100, 101, 102, 103, 104, 107, 109, 110, 111, 112, 113, 114",29,702.15,203618,15662.92
2026-09-01T10:41:52+09:00,8,장송의 프리렌,13,"1, 2, 3, 4, 5, 6, 8, 9, 10, 12, 13, 14, 15",81,660.62,56181,4321.62
2026-09-01T10:41:52+09:00,9,팔견전,11,"14, 15, 16, 17, 18, 19, 20, 21, 22, 23, 24",667,779.18,25905,2355.0
2026-09-01T10:41:52+09:00,10,먼작귀,10,"1, 2, 3, 4, 5",288,576.3,21894,2189.4
2026-09-01T10:41:52+09:00,11,야마다 군과 Lv999의 사랑을 하다,9,"1, 2, 3, 4, 5, 6, 7, 8",6,277.56,82060,9117.78
2026-09-01T10:41:52+09:00,12,데스 노트 Death Note,9,"2, 4, 7, 8, 9, 10, 11, 12, 13",734,848.67,8562,951.33
2026-09-01T10:41:52+09:00,13,슈퍼 뒤에서 담배 피우는 두 사람,8,"1, 2, 3, 4, 5, 6, 7, 8",40,101.5,85379,10672.38
2026-09-01T10:41:52+09:00,14,불가항력의 I LOVE YOU,8,"1, 2, 3, 4, 5, 6, 7, 8",120,309.12,82616,10327.0
2026-09-01T10:41:52+09:00,15,명탐정 코난,8,"104, 105, 106, 107, 108",12,382.62,78094,9761.75
2026-09-01T10:41:52+09:00,16,봄의 폭풍과 몬스터,8,"1, 2, 3, 4, 5, 7, 8, 9",26,519.88,60505,7563.12
2026-09-01T10:41:52+09:00,17,기븐,8,"1, 2, 4, 5, 6, 7, 8, 9",319,642.0,34997,4374.62
2026-09-01T10:41:52+09:00,18,정반대의 너와 나,8,"1, 2, 3, 4, 5, 6, 7, 8",461,582.75,19692,2461.5
2026-09-01T10:41:52+09:00,19,네가 죽을 때까지 사랑하고 싶어,8,"1, 2, 3, 4, 5, 6, 7, 8",287,588.0,16731,2091.38
2026-09-01T10:41:52+09:00,20,못 미더운 악녀입니다만 : ~추궁접서 교체전~,8,"2, 3, 4, 5, 6, 7, 9, 10",97,588.25,8190,1023.75
2026-09-01T10:41:52+09:00,21,마루는 강쥐,7,"1, 2, 3, 5, 7, 8, 9",49,492.71,39111,5587.29
2026-09-01T10:41:52+09:00,22,꿈빛 파티시엘 신장판,7,"1, 2, 3, 4, 5, 11, 12",443,713.71,25964,3709.14
2026-09-01T10:41:52+09:00,23,블루 피리어드,7,"1, 2, 3, 5, 6, 7",56,485.43,21025,3003.57
2026-09-01T10:41:52+09:00,24,팬텀 버스터즈,6,"1, 4, 5, 6, 7",48,554.5,71592,11932.0
2026-09-01T10:41:52+09:00,25,히카루가 죽은 여름,6,"1, 2, 3, 5, 7, 8",186,701.17,59325,9887.5
2026-09-01T10:41:52+09:00,26,담배 고양이,6,"1, 2, 3, 4, 5, 6",50,138.0,27828,4638.0
2026-09-01T10:41:52+09:00,27,블리치 리믹스,6,"1, 3, 13, 15, 16, 17",15,597.5,19710,3285.0
2026-09-01T10:41:52+09:00,28,엄마를 만나러 가는 길,5,"1, 2, 3, 4",95,203.8,56592,11318.4
2026-09-01T10:41:52+09:00,29,타몬 군 지금 어느 쪽?!,5,"10, 11, 12, 13",9,359.8,51341,10268.2
2026-09-01T10:41:52+09:00,30,모모세 아키라의 첫사랑 파탄 중,5,"2, 3, 4, 5, 6",17,537.0,49699,9939.8
2026-09-01T10:41:52+09:00,31,카구라바치,5,"1, 8, 9, 10",151,563.4,44285,8857.0
2026-09-01T10:41:52+09:00,32,반딧불이의 혼례,5,"4, 7, 9, 10, 11",204,487.6,43664,8732.8
2026-09-01T10:41:52+09:00,33,블루 록,5,"1, 6, 9, 35, 36",244,632.4,23489,4697.8
2026-09-01T10:41:52+09:00,34,하이큐!!,5,"41, 42, 43, 44, 45",315,427.4,19041,3808.2
2026-09-01T10:41:52+09:00,35,나나 NANA 완전판,5,"8, 9, 10, 11, 12",24,334.8,18973,3794.6
2026-09-01T10:41:52+09:00,36,내 마음의 위험한 녀석,5,"8, 9, 10, 12, 13",251,688.8,18471,3694.2
2026-09-01T10:41:52+09:00,37,진격의 거인,5,"11, 12, 13, 14, 15",716,873.4,7577,1515.4
2026-09-01T10:41:52+09:00,38,스파이 패밀리,4,"1, 15, 16, 17",2,321.0,79882,19970.5
2026-09-01T10:41:52+09:00,39,체인소 맨,4,"10, 21, 22, 23",113,706.75,53613,13403.25
2026-09-01T10:41:52+09:00,40,마남 이치,4,"1, 2, 5, 6",1,291.5,46519,11629.75
2026-09-01T10:41:52+09:00,41,찍히지 않습니다,4,"1, 5, 6, 7",153,726.75,34420,8605.0
2026-09-01T10:41:52+09:00,42,GACHIAKUTA,4,"6, 17, 18",34,311.5,30496,7624.0
2026-09-01T10:41:52+09:00,43,단다단,4,"18, 19, 20, 21",18,315.0,27856,6964.0
2026-09-01T10:41:52+09:00,44,비실비실 선생님,4,"13, 14, 15, 16",44,437.25,27075,6768.75
2026-09-01T10:41:52+09:00,45,아름다운 초저녁달,4,"1, 2, 6, 10",299,637.0,26603,6650.75
2026-09-01T10:41:52+09:00,46,옆자리 녀석이 그런 눈으로 쳐다본다,4,"1, 2, 3, 4",52,119.75,26070,6517.5
2026-09-01T10:41:52+09:00,47,나 혼자만 레벨업,4,"1, 5, 14, 15",870,930.5,21981,5495.25
2026-09-01T10:41:52+09:00,48,타워 던전,4,"1, 2, 4, 5",432,576.75,20126,5031.5
2026-09-01T10:41:52+09:00,49,노아 선배는 친구,4,"7, 8, 9, 10",41,438.0,16453,4113.25
2026-09-01T10:41:52+09:00,50,약사의 혼잣말,4,"1, 16, 21",283,590.75,16261,4065.25
2026-09-01T10:41:52+09:00,51,세금으로 산 책,4,"1, 2, 3, 4",70,120.0,15020,3755.0
2026-09-01T10:41:52+09:00,52,창천항로 애장판,4,"1, 2, 3, 4",21,328.5,12860,3215.0
2026-09-01T10:41:52+09:00,53,달빛천사 애장판,4,"1, 2, 3, 4",158,295.25,12429,3107.25
2026-09-01T10:41:52+09:00,54,오란고교 호스트부,4,"1, 2, 3, 8",452,651.75,9969,2492.25
2026-09-01T10:41:52+09:00,55,풀 나이트,4,"1, 2, 3, 4",590,657.0,5469,1367.25
2026-09-01T10:41:52+09:00,56,배가본드,4,"31, 32, 33, 34",952,955.5,2243,560.75
2026-09-01T10:41:52+09:00,57,봇치·더·록! 외전 히로이 키쿠리의 과음일기,3,"4, 5, 6",8,309.33,47150,15716.67
2026-09-01T10:41:52+09:00,58,스킵과 로퍼,3,"1, 11, 12",4,285.33,46490,15496.67
2026-09-01T10:41:52+09:00,59,열혈강호,3,"93, 94, 95",241,663.0,31269,10423.0
2026-09-01T10:41:52+09:00,60,아멜리아의 호기심 많은 로맨스,3,"1, 2, 3",3,135.33,29797,9932.33
2026-09-01T10:41:52+09:00,61,캐릭캐릭 체인지! Jewel Joker 주얼 조커,3,"2, 3",121,430.33,25769,8589.67
2026-09-01T10:41:52+09:00,62,마법소녀를 동경해서,3,"5, 6, 7",30,240.67,22035,7345.0
2026-09-01T10:41:52+09:00,63,디그 잇,3,"1, 2, 3",16,561.67,20305,6768.33
2026-09-01T10:41:52+09:00,64,그 비스크 돌은 사랑을 한다,3,"1, 2, 15",424,579.67,20248,6749.33
2026-09-01T10:41:52+09:00,65,던전밥,3,"2, 3, 6",788,927.33,20075,6691.67
2026-09-01T10:41:52+09:00,66,귀멸의 칼날,3,"6, 22, 23",613,744.0,19482,6494.0
2026-09-01T10:41:52+09:00,67,신부이야기,3,"13, 14, 15",414,687.67,18739,6246.33
2026-09-01T10:41:52+09:00,68,귀멸 학원!,3,"2, 3, 4",623,737.0,18033,6011.0
2026-09-01T10:41:52+09:00,69,쓰레기 기둥서방 하나 군은 죽고 싶어 해,3,"1, 2, 3",228,515.67,17345,5781.67
2026-09-01T10:41:52+09:00,70,운명의 사람을 만나는 이야기,3,"1, 7, 8",96,491.33,15696,5232.0
2026-09-01T10:41:52+09:00,71,애태울 정도의 사랑을 알아라,3,"1, 2, 3",335,348.33,14735,4911.67
2026-09-01T10:41:52+09:00,72,Re : 제로부터 시작하는 이세계 생활,3,"28, 42, 43",227,409.33,12060,4020.0
2026-09-01T10:41:52+09:00,73,Veil,3,"1, 6, 7",208,632.0,11773,3924.33
2026-09-01T10:41:52+09:00,74,장례식 케이크 전문점 연옥당,3,"1, 2, 3",280,344.0,11516,3838.67
2026-09-01T10:41:52+09:00,75,야쿠자 때문에 목욕탕에서 일하고 있습니다,3,"1, 2, 3",643,772.67,11172,3724.0
2026-09-01T10:41:52+09:00,76,무서운 책,3,"1, 4, 6",474,749.0,6232,2077.33
2026-09-01T10:41:52+09:00,77,다크 개더링,3,"1, 2, 3",472,514.0,5535,1845.0
2026-09-01T10:41:52+09:00,78,SCP가 뭔가요?,3,"1, 2, 3",261,631.67,4210,1403.33
2026-09-01T10:41:52+09:00,79,단둘만의 로맨틱,3,"1, 2, 3",742,871.33,4028,1342.67
2026-09-01T10:41:52+09:00,80,작전명 순정,3,"7, 8, 9",197,216.0,2640,880.0
2026-09-01T10:41:52+09:00,81,너와 장밋빛 매일,2,"1, 3",102,361.0,30709,15354.5
2026-09-01T10:41:52+09:00,82,원펀맨 One Punch Man,2,"34, 35",74,138.5,30049,15024.5
2026-09-01T10:41:52+09:00,83,가르쳐줘 집사,2,"1, 2",266,303.0,24017,12008.5
2026-09-01T10:41:52+09:00,84,메달리스트,2,"13, 14",202,503.5,21298,10649.0
2026-09-01T10:41:52+09:00,85,후지모토 타츠키 단편집,2,"17-21, 22-26",765,872.0,19636,9818.0
2026-09-01T10:41:52+09:00,86,요리 군과 다시 만날 수는 없어!,2,"1, 2",46,60.5,19245,9622.5
2026-09-01T10:41:52+09:00,87,모 이야기,2,2,344,564.0,17352,8676.0
2026-09-01T10:41:52+09:00,88,루리 드래곤,2,"4, 5",142,456.0,17164,8582.0
2026-09-01T10:41:52+09:00,89,전지적 독자 시점,2,"19, 20",47,331.0,16125,8062.5
2026-09-01T10:41:52+09:00,90,새벽의 연화,2,"46, 47",129,236.0,15852,7926.0
2026-09-01T10:41:52+09:00,91,3월의 벽력,2,"1, 2",27,149.0,15388,7694.0
2026-09-01T10:41:52+09:00,92,킹덤 Kingdom,2,"77, 78",7,140.0,14895,7447.5
2026-09-01T10:41:52+09:00,93,보석함에 사랑을 채우자,2,1,246,393.0,12865,6432.5
2026-09-01T10:41:52+09:00,94,이세계 삼촌,2,"13, 14",22,287.5,10818,5409.0
2026-09-01T10:41:52+09:00,95,남편을 내 편으로 만드는 방법,2,5,116,296.0,10390,5195.0
2026-09-01T10:41:52+09:00,96,완전 쓰레기인 와타라세인데,2,3,426,479.0,10360,5180.0
2026-09-01T10:41:52+09:00,97,나 혼자만 레벨업 : 라그나로크,2,"2, 3",166,299.5,10057,5028.5
2026-09-01T10:41:52+09:00,98,메이드 인 어비스,2,"13, 14",107,381.5,9656,4828.0
2026-09-01T10:41:52+09:00,99,오가미 츠미키와 기일상,2,"6, 7",135,285.0,9540,4770.0
2026-09-01T10:41:52+09:00,100,첫사랑은 나의 오빠,2,"1, 2",64,245.5,9230,4615.0
2026-09-01T10:41:52+09:00,101,나의 첫 섹파,2,"1, 2",25,96.0,8835,4417.5
2026-09-01T10:41:52+09:00,102,야화첩,2,"8, 9",28,30.0,8210,4105.0
2026-09-01T10:41:52+09:00,103,수상한 경찰,2,"1, 2",207,209.5,8185,4092.5
2026-09-01T10:41:52+09:00,104,극락가,2,"1, 2",641,736.5,8081,4040.5
2026-09-01T10:41:52+09:00,105,지. : 지구의 운동에 대하여,2,"1, 3",642,743.5,7704,3852.0
2026-09-01T10:41:52+09:00,106,이거 그리고 죽어,2,"7, 8",53,368.0,7653,3826.5
2026-09-01T10:41:52+09:00,107,Myther,2,"2, 3",36,203.0,7555,3777.5
2026-09-01T10:41:52+09:00,108,전생했더니 슬라임이었던 건에 대하여,2,"23, 30",542,699.5,7535,3767.5
2026-09-01T10:41:52+09:00,109,비교하고 검토하는 교열부의 쿠쥬 씨,2,"1, 2",547,693.5,7470,3735.0
2026-09-01T10:41:52+09:00,110,묘쌤은 이렇게 말했다,2,"10, 11",252,467.0,7327,3663.5
2026-09-01T10:41:52+09:00,111,참을 수 없는 건 사랑인 걸까,2,"1, 6",65,347.5,7311,3655.5
2026-09-01T10:41:52+09:00,112,블루 자이언트 모멘텀,2,"6, 7",42,303.5,7285,3642.5
2026-09-01T10:41:52+09:00,113,이번 생은 가주가 되겠습니다 2부,2,6,323,376.5,6870,3435.0
2026-09-01T10:41:52+09:00,114,더블크로스 The 3rd Edition 룰북,2,"1, 2",447,501.0,6791,3395.5
2026-09-01T10:41:52+09:00,115,한밤중 하트튠,2,"10, 11",313,590.0,6731,3365.5
2026-09-01T10:41:52+09:00,116,한구석의 기억,2,"1, 2",451,657.5,6200,3100.0
2026-09-01T10:41:52+09:00,117,악마에 입문했습니다! 이루마 군 : if Episode of 마피아,2,"2, 7",438,660.5,6121,3060.5
2026-09-01T10:41:52+09:00,118,그리고 마녀는 숲으로 갔다,2,"1, 2",561,703.5,6066,3033.0
2026-09-01T10:41:52+09:00,119,흑무경담,2,"1, 2",674,675.0,5666,2833.0
2026-09-01T10:41:52+09:00,120,발화,2,"1, 2",93,279.0,5610,2805.0
2026-09-01T10:41:52+09:00,121,여우 우리군,2,1,62,80.0,5490,2745.0
2026-09-01T10:41:52+09:00,122,만화 인소의 법칙,2,9,117,223.0,5390,2695.0
2026-09-01T10:41:52+09:00,123,서유요원전 서역편 : 화염산의 장,2,"3, 4",380,381.5,5270,2635.0
2026-09-01T10:41:52+09:00,124,세레나,2,"9, 10",695,785.5,4875,2437.5
2026-09-01T10:41:52+09:00,125,추우면 변하는 헤비가미 군,2,"1, 2",230,347.0,4830,2415.0
2026-09-01T10:41:52+09:00,126,커다란 네가 제일 귀여워,2,,73,127.0,4410,2205.0
2026-09-01T10:41:52+09:00,127,할렐루야 베이비,2,"1, 5",486,677.5,4381,2190.5
2026-09-01T10:41:52+09:00,128,벡 Beck 신장판,2,"1, 8",260,575.5,4289,2144.5
2026-09-01T10:41:52+09:00,129,온통 여우,2,1,61,85.5,4070,2035.0
2026-09-01T10:41:52+09:00,130,재혼황후,2,"10, 11",178,331.0,3593,1796.5
2026-09-01T10:41:52+09:00,131,너를 잊을 사랑이 하고 싶어,2,7,68,93.0,3500,1750.0
2026-09-01T10:41:52+09:00,132,패배 히로인이 너무 많아! @comic,2,"2, 5",100,508.5,3325,1662.5
2026-09-01T10:41:52+09:00,133,격기 3반,2,"4, 18",582,755.0,3187,1593.5
2026-09-01T10:41:52+09:00,134,11번째 고양이는 네네,2,"1, 2",101,248.0,3185,1592.5
2026-09-01T10:41:52+09:00,135,호랑이형님,2,"20, 21",290,310.5,3180,1590.0
2026-09-01T10:41:52+09:00,136,아오아시,2,"16, 17",99,105.0,3040,1520.0
2026-09-01T10:41:52+09:00,137,커들,2,"1, 2",231,409.5,2980,1490.0
2026-09-01T10:41:52+09:00,138,버그 에고,2,"1, 2",196,546.5,2921,1460.5
2026-09-01T10:41:52+09:00,139,파랑과 아지랑이,2,"1, 2",488,701.5,2415,1207.5
2026-09-01T10:41:52+09:00,140,비밀알바 : 도망금지,2,"1, 2",916,918.0,2331,1165.5
2026-09-01T10:41:52+09:00,141,건강하고 문화적인 최저한도의 생활,2,"11, 12",233,316.5,2110,1055.0
2026-09-01T10:41:52+09:00,142,꿀과 극약,2,"1, 2",334,411.5,2040,1020.0
2026-09-01T10:41:52+09:00,143,도쿄대 세 자매,2,"1, 2",401,570.5,1925,962.5
2026-09-01T10:41:52+09:00,144,룸 투어즈,2,"1, 2",500,714.5,1835,917.5
2026-09-01T10:41:52+09:00,145,오컬트 타임즈,2,1,112,306.5,1770,885.0
2026-09-01T10:41:52+09:00,146,렛츠고 괴기조,2,"4, 5",402,675.5,1135,567.5
2026-09-01T10:41:52+09:00,147,냄비로 총알을 막아내며,2,"2, 3",406,406.5,1020,510.0
2026-09-01T10:41:52+09:00,148,"나태한 악욕귀족으로 환생한 나, 시나리오를 쳐부쉈더니~",2,"1, 2",958,961.5,975,487.5
2026-09-01T10:41:52+09:00,149,만화 이상적인 기둥서방 생활,2,"10, 11",504,631.5,920,460.0
2026-09-01T10:41:52+09:00,150,1to10,2,"1, 2",960,960.5,780,390.0
2026-09-01T10:41:52+09:00,151,포켓몬 생태도감,1,,20,20.0,73516,73516.0
2026-09-01T10:41:52+09:00,152,패밀리 레스토랑 가자. 下,1,,35,35.0,62435,62435.0
2026-09-01T10:41:52+09:00,153,소년과 두더지와 여우와 말,1,,72,72.0,60936,60936.0
2026-09-01T10:41:52+09:00,154,룩 백,1,,84,84.0,35460,35460.0
2026-09-01T10:41:52+09:00,155,패밀리 레스토랑 가자. 上,1,,163,163.0,31409,31409.0
2026-09-01T10:41:52+09:00,156,여학교의 별,1,4,761,761.0,28586,28586.0
2026-09-01T10:41:52+09:00,157,가라오케 가자!,1,,201,201.0,28527,28527.0
2026-09-01T10:41:52+09:00,158,사피엔스 : 그래픽 히스토리 Vol.1,1,,296,296.0,26301,26301.0
2026-09-01T10:41:52+09:00,159,주술회전 모듈로,1,1,89,89.0,25605,25605.0
2026-09-01T10:41:52+09:00,160,책이라면 팔 만큼,1,1,13,13.0,23870,23870.0
2026-09-01T10:41:52+09:00,161,포켓몬 생태도감 특별판,1,,221,221.0,23405,23405.0
2026-09-01T10:41:52+09:00,162,언제나 기억해,1,,222,222.0,17836,17836.0
2026-09-01T10:41:52+09:00,163,만화의 원리,1,,408,408.0,17547,17547.0
2026-09-01T10:41:52+09:00,164,헬싱 한정판 1~5 세트 - 전5권,1,,39,39.0,16620,16620.0
2026-09-01T10:41:52+09:00,165,도쿄 에일리언즈,1,12,972,972.0,16225,16225.0
2026-09-01T10:41:52+09:00,166,포인트 캐릭터 드로잉 - 전2권,1,,339,339.0,16133,16133.0
2026-09-01T10:41:52+09:00,167,"빠졌어, 너에게",1,,973,973.0,15899,15899.0
2026-09-01T10:41:52+09:00,168,"안녕, 에리",1,,264,264.0,15713,15713.0
2026-09-01T10:41:52+09:00,169,페르세폴리스,1,,164,164.0,15156,15156.0
2026-09-01T10:41:52+09:00,170,매거진 조이 Vol.3 : 가비지타임,1,,505,505.0,14670,14670.0
2026-09-01T10:41:52+09:00,171,나츠메 우인장,1,32,45,45.0,12840,12840.0
2026-09-01T10:41:52+09:00,172,월간순정 노자키 군,1,17,411,411.0,11539,11539.0
2026-09-01T10:41:52+09:00,173,괴수 8호,1,16,341,341.0,11167,11167.0
2026-09-01T10:41:52+09:00,174,일러스트레이터를 위한 색과 빛 마스터 가이드북 : COLOR & LIGHT,1,,172,172.0,11038,11038.0
2026-09-01T10:41:52+09:00,175,오무라이스 잼잼,1,16,413,413.0,10717,10717.0
2026-09-01T10:41:52+09:00,176,쥐 The Complete Maus 합본,1,,297,297.0,10687,10687.0
2026-09-01T10:41:52+09:00,177,3월의 라이온,1,18,242,242.0,10525,10525.0
2026-09-01T10:41:52+09:00,178,학생회에도 구멍은 있다!,1,12,206,206.0,10350,10350.0
2026-09-01T10:41:52+09:00,179,귀멸의 칼날 외전,1,,764,764.0,10210,10210.0
2026-09-01T10:41:52+09:00,180,타코피의 원죄 - 상,1,,609,609.0,10099,10099.0
2026-09-01T10:41:52+09:00,181,컬러 앤 라이트,1,,269,269.0,9932,9932.0
2026-09-01T10:41:52+09:00,182,야마다의 학급일지,1,4,509,509.0,9890,9890.0
2026-09-01T10:41:52+09:00,183,엄마가 도망갔다,1,,14,14.0,9860,9860.0
2026-09-01T10:41:52+09:00,184,타코피의 원죄 - 하,1,,610,610.0,9848,9848.0
2026-09-01T10:41:52+09:00,185,패배 히로인이 너무 많아! 8.5,1,,33,33.0,9770,9770.0
2026-09-01T10:41:52+09:00,186,자연스러운 인체 드로잉,1,,415,415.0,9733,9733.0
2026-09-01T10:41:52+09:00,187,메달리스트 공식 팬북 더블특전판,1,,243,243.0,9655,9655.0
2026-09-01T10:41:52+09:00,188,사피엔스 : 그래픽 히스토리 Vol.2,1,,611,611.0,9581,9581.0
2026-09-01T10:41:52+09:00,189,귀멸의 칼날 : 공식 팬북 귀살대 견문록,1,,767,767.0,9496,9496.0
2026-09-01T10:41:52+09:00,190,"사랑하라, 거짓된 천사들이여",1,6,510,510.0,9385,9385.0
2026-09-01T10:41:52+09:00,191,흑집사,1,35,71,71.0,9060,9060.0
2026-09-01T10:41:52+09:00,192,백귀야행,1,31,416,416.0,8370,8370.0
2026-09-01T10:41:52+09:00,193,사피엔스 : 그래픽 히스토리 Vol.3,1,,514,514.0,8339,8339.0
2026-09-01T10:41:52+09:00,194,양 선배는 혼자서 살아갈 수 없어,1,2,247,247.0,8280,8280.0
2026-09-01T10:41:52+09:00,195,슈퍼 러버즈,1,19,143,143.0,8230,8230.0
2026-09-01T10:41:52+09:00,196,괴수 8호 side B,1,1,991,991.0,8076,8076.0
2026-09-01T10:41:52+09:00,197,중년에 지친 밤에는,1,,515,515.0,7967,7967.0
2026-09-01T10:41:52+09:00,198,파이브 스타 스토리 The Five Star Stories,1,18,992,992.0,7936,7936.0
2026-09-01T10:41:52+09:00,199,히나타의 블루,1,6,305,305.0,7890,7890.0
2026-09-01T10:41:52+09:00,200,윈드 브레이커 15~16 세트 - 전2권,1,,144,144.0,7710,7710.0
2026-09-01T10:41:52+09:00,201,쇼타 형아,1,7,187,187.0,7710,7710.0
2026-09-01T10:41:52+09:00,202,사피엔스 : 그래픽 히스토리 Vol.4,1,,165,165.0,7600,7600.0
2026-09-01T10:41:52+09:00,203,TV애니메이션 주술회전 회옥·옥절/시부야 사변 공식 가이드북,1,,780,780.0,7300,7300.0
2026-09-01T10:41:52+09:00,204,괴수 8호 RELAX,1,4,994,994.0,7280,7280.0
2026-09-01T10:41:52+09:00,205,망그러진 만화,1,1,779,779.0,7271,7271.0
2026-09-01T10:41:52+09:00,206,별정직 공무원,1,5,1000,1000.0,7200,7200.0
2026-09-01T10:41:52+09:00,207,순경씨와 나,1,1,307,307.0,7113,7113.0
2026-09-01T10:41:52+09:00,208,야마다 군과 Lv999의 사랑을 하다 4~6 특별판 세트 - 전3권,1,,522,522.0,7009,7009.0
2026-09-01T10:41:52+09:00,209,사카모토 홀리데이즈,1,2,997,997.0,6948,6948.0
2026-09-01T10:41:52+09:00,210,유희왕 애장판,1,21,188,188.0,6895,6895.0
2026-09-01T10:41:52+09:00,211,귀멸의 칼날 1~23 박스 세트 - 전23권 (완결),1,,783,783.0,6764,6764.0
2026-09-01T10:41:52+09:00,212,어린이 탐구 생활,1,,520,520.0,6754,6754.0
2026-09-01T10:41:52+09:00,213,봇치·더·록! 앤솔러지 코믹,1,6,155,155.0,6695,6695.0
2026-09-01T10:41:52+09:00,214,길고양이와 늑대,1,6,782,782.0,6640,6640.0
2026-09-01T10:41:52+09:00,215,언니의 미도리 군,1,9,19,19.0,6630,6630.0
2026-09-01T10:41:52+09:00,216,"내가 연인이 될 수 있을 리 없잖아, 무리무리! (※무리가 아니었다?!)",1,8,127,127.0,6570,6570.0
2026-09-01T10:41:52+09:00,217,문호 스트레이독스,1,27,785,785.0,6290,6290.0
2026-09-01T10:41:52+09:00,218,보이시한 여자친구가 너무 귀여워,1,5,423,423.0,6110,6110.0
2026-09-01T10:41:52+09:00,219,이토 준지의 고양이일기 욘&무,1,,791,791.0,5982,5982.0
2026-09-01T10:41:52+09:00,220,바닷바람과 용의 보금자리,1,2,361,361.0,5885,5885.0
2026-09-01T10:41:52+09:00,221,유치원WARS,1,17,59,59.0,5740,5740.0
2026-09-01T10:41:52+09:00,222,이다의 날마다 자연관찰,1,,526,526.0,5735,5735.0
2026-09-01T10:41:52+09:00,223,작전명 순정 7~9 스페셜 세트 - 전3권,1,,128,128.0,5660,5660.0
2026-09-01T10:41:52+09:00,224,소드 아트 온라인,1,29,31,31.0,5550,5550.0
2026-09-01T10:41:52+09:00,225,학생회에도 구멍은 있다! 공식 풀컬러판 : 《생구멍 셀렉션!》,1,,799,799.0,5465,5465.0
2026-09-01T10:41:52+09:00,226,이토준지 자선 걸작집 Dark Colors,1,,69,69.0,5430,5430.0
2026-09-01T10:41:52+09:00,227,가끔씩 툭하고 러시아어로 부끄러워하는 옆자리의 아랴 양,1,11,803,803.0,5355,5355.0
2026-09-01T10:41:52+09:00,228,마법소녀를 동경해서 1~5 합본판,1,,529,529.0,5195,5195.0
2026-09-01T10:41:52+09:00,229,일러스트레이터를 위한 구도와 서사 마스터 가이드북 : COMPOSITION & NARRATIVE,1,,531,531.0,5167,5167.0
2026-09-01T10:41:52+09:00,230,스킵 비트!,1,50,428,428.0,5004,5004.0
2026-09-01T10:41:52+09:00,231,도나츠와 서커스 1~2 완결 스페셜 세트 - 전2권,1,,808,808.0,4915,4915.0
2026-09-01T10:41:52+09:00,232,THE ART OF SOLO LEVELING : 웹툰 「나 혼자만 레벨업」 공식 아트북,1,,429,429.0,4750,4750.0
2026-09-01T10:41:52+09:00,233,"너무 건방져, 치가야 군",1,1,535,535.0,4735,4735.0
2026-09-01T10:41:52+09:00,234,여름 안에서,1,,367,367.0,4711,4711.0
2026-09-01T10:41:52+09:00,235,천국대마경,1,12,229,229.0,4685,4685.0
2026-09-01T10:41:52+09:00,236,봇치·더·록!,1,8,636,636.0,4568,4568.0
2026-09-01T10:41:52+09:00,237,어서 와 수평선,1,1,312,312.0,4505,4505.0
2026-09-01T10:41:52+09:00,238,푸른 상자,1,24,253,253.0,4415,4415.0
2026-09-01T10:41:52+09:00,239,꿈인지 생시인지,1,4,23,23.0,4400,4400.0
2026-09-01T10:41:52+09:00,240,공각기동대 -MANMACHINE INTERFACE-,1,,817,817.0,4380,4380.0
2026-09-01T10:41:52+09:00,241,놀이의 관계,1,1,439,439.0,4330,4330.0
2026-09-01T10:41:52+09:00,242,너를 사랑하는 살인귀,1,1,639,639.0,4285,4285.0
2026-09-01T10:41:52+09:00,243,시온 군이 말하는 대로,1,1,637,637.0,4220,4220.0
2026-09-01T10:41:52+09:00,244,용의 귀여운 일곱 아이 : 쿠이 료코 작품집,1,,546,546.0,4134,4134.0
2026-09-01T10:41:52+09:00,245,유루캠,1,18,277,277.0,4125,4125.0
2026-09-01T10:41:52+09:00,246,86 에이티식스,1,14,545,545.0,4120,4120.0
2026-09-01T10:41:52+09:00,247,블루 록 : Episode 나기,1,8,820,820.0,4113,4113.0
2026-09-01T10:41:52+09:00,248,어차피 울 거라면 사랑이 좋아,1,9,209,209.0,4080,4080.0
2026-09-01T10:41:52+09:00,249,이토준지 자선 걸작집 왜곡,1,,85,85.0,4070,4070.0
2026-09-01T10:41:52+09:00,250,버서스,1,6,130,130.0,4070,4070.0
2026-09-01T10:41:52+09:00,251,진격의 거인 1~17 박스 세트 Part 1 - 전17권,1,,822,822.0,4028,4028.0
2026-09-01T10:41:52+09:00,252,오달자의 봄,1,,650,650.0,4020,4020.0
2026-09-01T10:41:52+09:00,253,용의 학교는 산 위에,1,,548,548.0,3925,3925.0
2026-09-01T10:41:52+09:00,254,"밟고, 차고, 사랑하고",1,6,829,829.0,3890,3890.0
2026-09-01T10:41:52+09:00,255,오란고교 호스트부 Fanbook,1,,441,441.0,3889,3889.0
2026-09-01T10:41:52+09:00,256,누나의 친구,1,4,156,156.0,3880,3880.0
2026-09-01T10:41:52+09:00,257,판타지 배색 아이디어 사전,1,,176,176.0,3874,3874.0
2026-09-01T10:41:52+09:00,258,전희 서바이벌 사가,1,3,190,190.0,3870,3870.0
2026-09-01T10:41:52+09:00,259,이로하의 글이 이끄는 -눈 녹는 길-,1,,440,440.0,3868,3868.0
2026-09-01T10:41:52+09:00,260,이세계 유유자적 농가,1,16,282,282.0,3740,3740.0
2026-09-01T10:41:52+09:00,261,아이돌라트리,1,1,57,57.0,3720,3720.0
2026-09-01T10:41:52+09:00,262,숨막힐 정도의 사랑을 줄게,1,7,320,320.0,3720,3720.0
2026-09-01T10:41:52+09:00,263,나의 열두 살에게,1,,654,654.0,3720,3720.0
2026-09-01T10:41:52+09:00,264,사토 씨의 친구,1,,137,137.0,3710,3710.0
2026-09-01T10:41:52+09:00,265,진격의 거인 18~34 박스 세트 Part 2 - 전17권,1,,653,653.0,3710,3710.0
2026-09-01T10:41:52+09:00,266,오디세이아를 한 번도 안 읽어 볼 수는 없잖아,1,,444,444.0,3670,3670.0
2026-09-01T10:41:52+09:00,267,요괴소년 호야 완전판,1,4,38,38.0,3660,3660.0
2026-09-01T10:41:52+09:00,268,사카모토 데이즈 비기너즈 팩 Vol.2 : 4~6 합본 세트,1,,835,835.0,3644,3644.0
2026-09-01T10:41:52+09:00,269,러브 불릿,1,1,657,657.0,3615,3615.0
2026-09-01T10:41:52+09:00,270,사일런트 위치,1,10,661,661.0,3590,3590.0
2026-09-01T10:41:52+09:00,271,서랍 속 테라리움 : 신장판,1,,660,660.0,3576,3576.0
2026-09-01T10:41:52+09:00,272,도쿄 학생 애처가,1,4,157,157.0,3565,3565.0
2026-09-01T10:41:52+09:00,273,역대급 영지 설계사,1,9,449,449.0,3515,3515.0
2026-09-01T10:41:52+09:00,274,나루토 Naruto,1,3,838,838.0,3393,3393.0
2026-09-01T10:41:52+09:00,275,인간실격 무삭제판 1~3 세트- 전3권,1,,374,374.0,3341,3341.0
2026-09-01T10:41:52+09:00,276,일러스트와 만화를 위한 구도 노하우,1,,856,856.0,3329,3329.0
2026-09-01T10:41:52+09:00,277,소녀종말여행 1~6 박스 세트 - 전6권 (엽서 세트 포함),1,,848,848.0,3326,3326.0
2026-09-01T10:41:52+09:00,278,삼색 고양이 모부는 캔 부자가 되고 싶어,1,,851,851.0,3301,3301.0
2026-09-01T10:41:52+09:00,279,불교와 친해지는 만화 사찰의 상징세계,1,,666,666.0,3269,3269.0
2026-09-01T10:41:52+09:00,280,2120,1,,147,147.0,3240,3240.0
2026-09-01T10:41:52+09:00,281,어떤 과학의 초전자포,1,20,669,669.0,3225,3225.0
2026-09-01T10:41:52+09:00,282,그랑블루,1,26,80,80.0,3220,3220.0
2026-09-01T10:41:52+09:00,283,이력서,1,3,60,60.0,3180,3180.0
2026-09-01T10:41:52+09:00,284,사피엔스: 그래픽 히스토리 시리즈 세트 - 전4권,1,,450,450.0,3180,3180.0
2026-09-01T10:41:52+09:00,285,어떤 여름방학,1,,671,671.0,3140,3140.0
2026-09-01T10:41:52+09:00,286,나의 히어로 아카데미아 공식 일러스트집 Ultra Artworks,1,,564,564.0,3138,3138.0
2026-09-01T10:41:52+09:00,287,벨 푸페의 슈퍼달링 약혼,1,2,378,378.0,3125,3125.0
2026-09-01T10:41:52+09:00,288,인생 역전,1,3,377,377.0,3100,3100.0
2026-09-01T10:41:52+09:00,289,명탐정 코난 : 범인 한자와 씨,1,10,211,211.0,3090,3090.0
2026-09-01T10:41:52+09:00,290,아오이 군의 음담패설은 참을 수 없어!!,1,2,454,454.0,3060,3060.0
2026-09-01T10:41:52+09:00,291,아름다운 인체 그리기 레슨,1,,675,675.0,3050,3050.0
2026-09-01T10:41:52+09:00,292,더 죠죠랜즈 3 : 돈벌이할 시간,1,,855,855.0,3045,3045.0
2026-09-01T10:41:52+09:00,293,현시연 신장판,1,1,43,43.0,3040,3040.0
2026-09-01T10:41:52+09:00,294,데스마치에서 시작되는 이세계 광상곡,1,34,210,210.0,3040,3040.0
2026-09-01T10:41:52+09:00,295,금색의 갓슈 5 (2기),1,,861,861.0,3000,3000.0
2026-09-01T10:41:52+09:00,296,K-9 경시청 공안부 공안제9과 이능력 대책반,1,3,859,859.0,2975,2975.0
2026-09-01T10:41:52+09:00,297,이 결혼은 어차피 망하게 되어 있다,1,8,453,453.0,2965,2965.0
2026-09-01T10:41:52+09:00,298,귀여운 건 나다,1,3,86,86.0,2950,2950.0
2026-09-01T10:41:52+09:00,299,무로이 야스오의 캐릭터 얼굴 & 바스트업 작화 기술,1,,460,460.0,2934,2934.0
2026-09-01T10:41:52+09:00,300,THE POOL,1,,321,321.0,2885,2885.0
2026-09-01T10:41:52+09:00,301,만화 데뷔 못 하면 죽는 병 걸림,1,4,563,563.0,2875,2875.0
2026-09-01T10:41:52+09:00,302,사카모토 데이즈 21 : NAGUMO DIYS 특별판,1,,862,862.0,2871,2871.0
2026-09-01T10:41:52+09:00,303,시노비고토,1,7,286,286.0,2840,2840.0
2026-09-01T10:41:52+09:00,304,우리 반리가 신세 좀 지겠습니다,1,4,457,457.0,2775,2775.0
2026-09-01T10:41:52+09:00,305,마가이모노,1,1,462,462.0,2775,2775.0
2026-09-01T10:41:52+09:00,306,정령환상기,1,28,679,679.0,2760,2760.0
2026-09-01T10:41:52+09:00,307,애프터 갓,1,10,58,58.0,2690,2690.0
2026-09-01T10:41:52+09:00,308,달님이 바라시는 대로,1,9,213,213.0,2690,2690.0
2026-09-01T10:41:52+09:00,309,너를 너무너무너무너무 좋아하는 100명의 그녀,1,24,865,865.0,2675,2675.0
2026-09-01T10:41:52+09:00,310,슬램덩크 오리지널 1~31 세트 - 전31권,1,,567,567.0,2651,2651.0
2026-09-01T10:41:52+09:00,311,보이는 여고생,1,12,381,381.0,2650,2650.0
2026-09-01T10:41:52+09:00,312,사토리×콤플렉스,1,,688,688.0,2630,2630.0
2026-09-01T10:41:52+09:00,313,박시백의 고려사 1~5 세트 - 전5권,1,,690,690.0,2625,2625.0
2026-09-01T10:41:52+09:00,314,44교시 생존수업 1~2 세트 - 전2권,1,,87,87.0,2624,2624.0
2026-09-01T10:41:52+09:00,315,켄투리아,1,6,463,463.0,2620,2620.0
2026-09-01T10:41:52+09:00,316,드래곤볼 완전판 가이드북 LANDMARK,1,,681,681.0,2563,2563.0
2026-09-01T10:41:52+09:00,317,아메와 우미,1,1,108,108.0,2550,2550.0
2026-09-01T10:41:52+09:00,318,우자키 양은 놀고싶어!,1,14,159,159.0,2540,2540.0
2026-09-01T10:41:52+09:00,319,이우일의 만화 그리스로마 신화 1~3 세트 - 전3권,1,,285,285.0,2530,2530.0
2026-09-01T10:41:52+09:00,320,동거하는 검성 여스승이 너무 귀여워서 매일 행복합니다,1,1,382,382.0,2520,2520.0
2026-09-01T10:41:52+09:00,321,빠져든 침대에서 천사의 자는 얼굴을 보고 싶을 뿐,1,,689,689.0,2520,2520.0
2026-09-01T10:41:52+09:00,322,유녀전기,1,21,191,191.0,2510,2510.0
2026-09-01T10:41:52+09:00,323,소꿉친구 컴플렉스 4~5 스페셜 세트 - 전2권,1,,258,258.0,2510,2510.0
2026-09-01T10:41:52+09:00,324,사망 엔딩에서 벗어난 미연시의 히로인들이 내 【일기장】을 읽고 비밀을 알아챈 듯하다,1,1,83,83.0,2490,2490.0
2026-09-01T10:41:52+09:00,325,"노려보고, 사랑.",1,1,692,692.0,2475,2475.0
2026-09-01T10:41:52+09:00,326,톰 폭스의 옷을 입은 캐릭터 드로잉 : 아티스트를 위한 옷과 주름 그리기 가이드,1,,177,177.0,2465,2465.0
2026-09-01T10:41:52+09:00,327,장르를 바꿔보도록 하겠습니다,1,9,691,691.0,2445,2445.0
2026-09-01T10:41:52+09:00,328,뒤에 있는 카무이 씨,1,1,66,66.0,2440,2440.0
2026-09-01T10:41:52+09:00,329,구룡 제네릭 로맨스,1,11,573,573.0,2440,2440.0
2026-09-01T10:41:52+09:00,330,일본삼국,1,7,468,468.0,2435,2435.0
2026-09-01T10:41:52+09:00,331,이토준지 자선 걸작집,1,,570,570.0,2428,2428.0
2026-09-01T10:41:52+09:00,332,나의 행복한 결혼,1,6,572,572.0,2415,2415.0
2026-09-01T10:41:52+09:00,333,망각 배터리,1,23,386,386.0,2410,2410.0
2026-09-01T10:41:52+09:00,334,코믹 어둠의 실력자가 되고 싶어서!,1,15,322,322.0,2400,2400.0
2026-09-01T10:41:52+09:00,335,유녀전기 대대야사,1,1,257,257.0,2390,2390.0
2026-09-01T10:41:52+09:00,336,신석기 시대부터 AI 시대까지 만화로 꿰뚫는 경제사,1,,180,180.0,2365,2365.0
2026-09-01T10:41:52+09:00,337,너와 우주를 걷기 위하여,1,5,471,471.0,2350,2350.0
2026-09-01T10:41:52+09:00,338,건방진 그 녀석,1,1,868,868.0,2347,2347.0
2026-09-01T10:41:52+09:00,339,포켓몬스터 스페셜,1,63,256,256.0,2345,2345.0
2026-09-01T10:41:52+09:00,340,공주님 고문의 시간입니다,1,19,259,259.0,2310,2310.0
2026-09-01T10:41:52+09:00,341,클레바테스,1,10,696,696.0,2300,2300.0
2026-09-01T10:41:52+09:00,342,이 땅에 ADHD로 태어나,1,,885,885.0,2273,2273.0
2026-09-01T10:41:52+09:00,343,순정 갸루는 여친은 아니지만,1,,88,88.0,2270,2270.0
2026-09-01T10:41:52+09:00,344,소드 오라토리아,1,16,576,576.0,2265,2265.0
2026-09-01T10:41:52+09:00,345,아마 그녀는 우리 형을 노리고 있을 거야,1,1,123,123.0,2260,2260.0
2026-09-01T10:41:52+09:00,346,선생님으로 ○○하면 안 됩니다!,1,3,214,214.0,2260,2260.0
2026-09-01T10:41:52+09:00,347,J⇔M 제이엠,1,6,168,168.0,2230,2230.0
2026-09-01T10:41:52+09:00,348,명탐정 코난 로맨틱 러버스 셀렉션,1,,875,875.0,2229,2229.0
2026-09-01T10:41:52+09:00,349,타로의 얼렁뚱땅,1,2,693,693.0,2210,2210.0
2026-09-01T10:41:52+09:00,350,"다른 학교 얼음공주를 구했더니, 친구부터 시작하게 되었습니다",1,2,161,161.0,2200,2200.0
2026-09-01T10:41:52+09:00,351,리:블루,1,6,877,877.0,2185,2185.0
2026-09-01T10:41:52+09:00,352,귀엽다는 말 들은 적 없어!!,1,10,882,882.0,2163,2163.0
2026-09-01T10:41:52+09:00,353,반장으로서의 책임과 의무,1,7,579,579.0,2125,2125.0
2026-09-01T10:41:52+09:00,354,고교 시절에 거만했던 여왕님과의 동거 생활은 의외로 나쁘지 않다,1,1,578,578.0,2110,2110.0
2026-09-01T10:41:52+09:00,355,파인더의 도피행,1,,148,148.0,2090,2090.0
2026-09-01T10:41:52+09:00,356,시노와 렌,1,4,700,700.0,2050,2050.0
2026-09-01T10:41:52+09:00,357,쪽팔려게임 1~2 세트 - 전2권,1,,391,391.0,2045,2045.0
2026-09-01T10:41:52+09:00,358,쪼그맣고 커다랗고 귀여운 나나세를 착각 전남친한테서 빼앗아 행복하게 한다,1,3,324,324.0,2040,2040.0
2026-09-01T10:41:52+09:00,359,더블크로스 The 3rd Edition 상급 룰북,1,,701,701.0,2033,2033.0
2026-09-01T10:41:52+09:00,360,"가까이 와줘, 스피카",1,1,580,580.0,2025,2025.0
2026-09-01T10:41:52+09:00,361,만화로 보는 일리아스,1,,706,706.0,2017,2017.0
2026-09-01T10:41:52+09:00,362,눈이 나려 꽃,1,26,77,77.0,1980,1980.0
2026-09-01T10:41:52+09:00,363,제도성배기담 Fate/type Redline,1,6,893,893.0,1980,1980.0
2026-09-01T10:41:52+09:00,364,이상한 집,1,6,581,581.0,1975,1975.0
2026-09-01T10:41:52+09:00,365,어쨌든 귀여워,1,25,388,388.0,1960,1960.0
2026-09-01T10:41:52+09:00,366,히마텐!,1,4,389,389.0,1960,1960.0
2026-09-01T10:41:52+09:00,367,마끼아또의 일러스트 레벨업 테크닉,1,,195,195.0,1950,1950.0
2026-09-01T10:41:52+09:00,368,피가 이어지지 않은 우리가 가족이 되는 단 하나의 방법,1,1,220,220.0,1950,1950.0
2026-09-01T10:41:52+09:00,369,비밀법인 데스메이커,1,1,709,709.0,1930,1930.0
2026-09-01T10:41:52+09:00,370,피토스포룸 첫 번째 잎,1,,390,390.0,1920,1920.0
2026-09-01T10:41:52+09:00,371,절대 BL이 되는 세계 & 절대 BL이 되지 않는 고교 생활,1,1,479,479.0,1897,1897.0
2026-09-01T10:41:52+09:00,372,피토스포룸 두 번째 잎,1,,473,473.0,1890,1890.0
2026-09-01T10:41:52+09:00,373,킬블루,1,13,160,160.0,1840,1840.0
2026-09-01T10:41:52+09:00,374,유감스러운 사랑의 주인공들,1,1,78,78.0,1830,1830.0
2026-09-01T10:41:52+09:00,375,산가지는 도깨비의 꿈을 꾼다,1,5,162,162.0,1830,1830.0
2026-09-01T10:41:52+09:00,376,데포르메 세계 그리는 법,1,,887,887.0,1830,1830.0
2026-09-01T10:41:52+09:00,377,방과 후 제방 일지,1,14,707,707.0,1815,1815.0
2026-09-01T10:41:52+09:00,378,스노우볼 어스,1,4,131,131.0,1790,1790.0
2026-09-01T10:41:52+09:00,379,나쁜 X에게 행복 있으라,1,6,392,392.0,1760,1760.0
2026-09-01T10:41:52+09:00,380,곰과 토끼는 친구로 지낼 수 없다,1,2,109,109.0,1750,1750.0
2026-09-01T10:41:52+09:00,381,종말의 발키리,1,26,900,900.0,1735,1735.0
2026-09-01T10:41:52+09:00,382,와카코와 술,1,25,325,325.0,1720,1720.0
2026-09-01T10:41:52+09:00,383,평화로운 나라의 시마자키에게,1,11,898,898.0,1710,1710.0
2026-09-01T10:41:52+09:00,384,카모노하시 론의 금단추리,1,17,904,904.0,1705,1705.0
2026-09-01T10:41:52+09:00,385,외톨이에는 익숙하니까요. 약혼자 방치 중!,1,3,899,899.0,1694,1694.0
2026-09-01T10:41:52+09:00,386,아오노 군에게 닿고 싶으니까 죽고 싶어,1,13,896,896.0,1689,1689.0
2026-09-01T10:41:52+09:00,387,사장과 술과 별,1,3,717,717.0,1680,1680.0
2026-09-01T10:41:52+09:00,388,핑키 나이트메어,1,,326,326.0,1665,1665.0
2026-09-01T10:41:52+09:00,389,길가메쉬,1,,718,718.0,1657,1657.0
2026-09-01T10:41:52+09:00,390,추방 당한 전생 중기사는 게임 지식으로 무쌍한다,1,12,149,149.0,1650,1650.0
2026-09-01T10:41:52+09:00,391,보루토 -TWO BLUE VORTEX-,1,5,179,179.0,1640,1640.0
2026-09-01T10:41:52+09:00,392,이기적 연애론,1,3,719,719.0,1620,1620.0
2026-09-01T10:41:52+09:00,393,"달은 차고 이지러져, 짐승의 사랑 신장판",1,,183,183.0,1610,1610.0
2026-09-01T10:41:52+09:00,394,아카네 이야기,1,15,192,192.0,1595,1595.0
2026-09-01T10:41:52+09:00,395,라라의 결혼,1,8,394,394.0,1580,1580.0
2026-09-01T10:41:52+09:00,396,"신 울어라, 펜",1,11,903,903.0,1565,1565.0
2026-09-01T10:41:52+09:00,397,주말엔 숲으로,1,,905,905.0,1554,1554.0
2026-09-01T10:41:52+09:00,398,아인,1,13,908,908.0,1503,1503.0
2026-09-01T10:41:52+09:00,399,엇갈리는 중앙감정선,1,,94,94.0,1480,1480.0
2026-09-01T10:41:52+09:00,400,지친 직장인은 악역 영애님을 모시고 싶어,1,5,721,721.0,1470,1470.0
2026-09-01T10:41:52+09:00,401,백조 무덤,1,1,725,725.0,1470,1470.0
2026-09-01T10:41:52+09:00,402,힛 미 하드,1,1,730,730.0,1450,1450.0
2026-09-01T10:41:52+09:00,403,반에서 두 번째로 귀여운 여자애와 친구가 되었다,1,6,194,194.0,1440,1440.0
2026-09-01T10:41:52+09:00,404,녹풍당의 사계절,1,21,193,193.0,1430,1430.0
2026-09-01T10:41:52+09:00,405,새디스틱 뷰티 : 외전 A,1,,911,911.0,1427,1427.0
2026-09-01T10:41:52+09:00,406,아자미 야코를 좋아하게 된다,1,2,327,327.0,1420,1420.0
2026-09-01T10:41:52+09:00,407,전격데이지 애장판,1,1,291,291.0,1410,1410.0
2026-09-01T10:41:52+09:00,408,노이지 룸메이트,1,6,913,913.0,1405,1405.0
2026-09-01T10:41:52+09:00,409,겁쟁이페달,1,95,119,119.0,1380,1380.0
2026-09-01T10:41:52+09:00,410,베르세르크,1,11,912,912.0,1378,1378.0
2026-09-01T10:41:52+09:00,411,세월이 흘러 다리로 간다,1,12,589,589.0,1350,1350.0
2026-09-01T10:41:52+09:00,412,쿠로이와 메다카에게 내 귀여움이 통하지 않아,1,23,919,919.0,1330,1330.0
2026-09-01T10:41:52+09:00,413,코믹 무직전생,1,21,399,399.0,1310,1310.0
2026-09-01T10:41:52+09:00,414,내 백합도 영업인 줄 알았어?,1,,332,332.0,1300,1300.0
2026-09-01T10:41:52+09:00,415,책벌레의 하극상 제4부 : 귀족원의 도서관을 구하고 싶어!,1,10,330,330.0,1290,1290.0
2026-09-01T10:41:52+09:00,416,매리지 톡신,1,15,923,923.0,1270,1270.0
2026-09-01T10:41:52+09:00,417,녹는 눈과 아가판서스,1,1,398,398.0,1250,1250.0
2026-09-01T10:41:52+09:00,418,서뱀프 Servamp 23~24 세트 - 전2권,1,,396,396.0,1230,1230.0
2026-09-01T10:41:52+09:00,419,버림받은 공작 부인은 평온한 생활을 희망합니다,1,1,921,921.0,1230,1230.0
2026-09-01T10:41:52+09:00,420,페이백,1,6,925,925.0,1224,1224.0
2026-09-01T10:41:52+09:00,421,동인녀의 감정 1 : 동인판,1,,926,926.0,1222,1222.0
2026-09-01T10:41:52+09:00,422,"새벽, 구름, 강",1,6,731,731.0,1215,1215.0
2026-09-01T10:41:52+09:00,423,만화를 잘 그리기 위한 노하우 도감,1,,219,219.0,1210,1210.0
2026-09-01T10:41:52+09:00,424,이우일의 만화 그리스로마 신화,1,3,930,930.0,1185,1185.0
2026-09-01T10:41:52+09:00,425,고랭순대 작품집,1,7,139,139.0,1180,1180.0
2026-09-01T10:41:52+09:00,426,마녀대전 이능의 마녀 32인은 서로 죽인다,1,14,732,732.0,1180,1180.0
2026-09-01T10:41:52+09:00,427,핑크 하트 잼 beat,1,2,927,927.0,1150,1150.0
2026-09-01T10:41:52+09:00,428,여주인공인데 잘생긴 아이돌♂이 되었습니다?!,1,3,490,490.0,1140,1140.0
2026-09-01T10:41:52+09:00,429,홀로서기 마왕성,1,12,150,150.0,1125,1125.0
2026-09-01T10:41:52+09:00,430,처형당한 현자는 리치로 전생하여 침략전쟁을 시작한다,1,15,138,138.0,1120,1120.0
2026-09-01T10:41:52+09:00,431,"아리스, 우주까지도",1,4,594,594.0,1110,1110.0
2026-09-01T10:41:52+09:00,432,로스타임에 작별 인사를 Home and Away,1,,737,737.0,1110,1110.0
2026-09-01T10:41:52+09:00,433,뻐꾸기 커플,1,31,735,735.0,1100,1100.0
2026-09-01T10:41:52+09:00,434,뉴노멀,1,8,216,216.0,1070,1070.0
2026-09-01T10:41:52+09:00,435,뇌를 바꾸려는 사람들,1,,592,592.0,1070,1070.0
2026-09-01T10:41:52+09:00,436,은하영웅전설,1,31,491,491.0,1060,1060.0
2026-09-01T10:41:52+09:00,437,Re : 제로부터 시작하는 이세계 생활 제4장,1,11,733,733.0,1060,1060.0
2026-09-01T10:41:52+09:00,438,개를 낳았다 시즌 2 :,1,13,741,741.0,1055,1055.0
2026-09-01T10:41:52+09:00,439,내가 죽을 뿐인 100가지 괴담,1,2,931,931.0,1050,1050.0
2026-09-01T10:41:52+09:00,440,특별한 도라에몽 : 언제나 마음속에 친구 편,1,9,746,746.0,1030,1030.0
2026-09-01T10:41:52+09:00,441,독점 마이 히어로,1,15,338,338.0,1010,1010.0
2026-09-01T10:41:52+09:00,442,통제구역관리부,1,4,494,494.0,1010,1010.0
2026-09-01T10:41:52+09:00,443,선생님! 저희들이 세계를 멸망시킵니다.,1,9,218,218.0,1000,1000.0
2026-09-01T10:41:52+09:00,444,이세계 사정은 사축하기 나름,1,7,941,941.0,1000,1000.0
2026-09-01T10:41:52+09:00,445,책벌레의 하극상 제2부 : 책을 위해서라면 무녀가 되겠어,1,13,593,593.0,995,995.0
2026-09-01T10:41:52+09:00,446,꿈자리가 이상한데요?! 외전,1,,599,599.0,980,980.0
2026-09-01T10:41:52+09:00,447,우린 엇갈리고 있다,1,1,198,198.0,960,960.0
2026-09-01T10:41:52+09:00,448,펜과 수갑과 사실혼,1,4,738,738.0,960,960.0
2026-09-01T10:41:52+09:00,449,미열공간,1,6,936,936.0,955,955.0
2026-09-01T10:41:52+09:00,450,치하야 리스타트!,1,2,238,238.0,950,950.0
2026-09-01T10:41:52+09:00,451,어떤 마술의 금서목록,1,33,935,935.0,950,950.0
2026-09-01T10:41:52+09:00,452,볼 앤 체인,1,2,940,940.0,940,940.0
2026-09-01T10:41:52+09:00,453,오늘부터 시작하는 소꿉친구,1,9,294,294.0,930,930.0
2026-09-01T10:41:52+09:00,454,"매지컬★익스플로러 : 에로게임의 친구 캐릭터로 전생했지만, 게임 지식을 써서 자유롭게 살아간다",1,12,597,597.0,930,930.0
2026-09-01T10:41:52+09:00,455,달의 아이 신장판,1,8,169,169.0,910,910.0
2026-09-01T10:41:52+09:00,456,킬러의 최애,1,4,170,170.0,910,910.0
2026-09-01T10:41:52+09:00,457,시오타 선생님과 아마이양,1,7,182,182.0,910,910.0
2026-09-01T10:41:52+09:00,458,가짜 연금술사,1,4,292,292.0,910,910.0
2026-09-01T10:41:52+09:00,459,1초,1,24,743,743.0,910,910.0
2026-09-01T10:41:52+09:00,460,탱크체어 TANK CHAIR,1,4,236,236.0,900,900.0
2026-09-01T10:41:52+09:00,461,공정 드래곤즈,1,21,492,492.0,900,900.0
2026-09-01T10:41:52+09:00,462,퀸즈 퀄리티,1,1,336,336.0,890,890.0
2026-09-01T10:41:52+09:00,463,우리들은 미쳤다 연모,1,4,235,235.0,870,870.0
2026-09-01T10:41:52+09:00,464,택배기사 형이랑 잘 될 수 있을까?,1,,747,747.0,870,870.0
2026-09-01T10:41:52+09:00,465,이세계 전생 던전 마스터 온천 던전을 만들다,1,1,293,293.0,860,860.0
2026-09-01T10:41:52+09:00,466,호스트와 사축,1,1,943,943.0,860,860.0
2026-09-01T10:41:52+09:00,467,사랑해 게임을 끝내고 싶어,1,4,937,937.0,859,859.0
2026-09-01T10:41:52+09:00,468,최애의 성벽이 너무 위험하다고요!,1,1,745,745.0,850,850.0
2026-09-01T10:41:52+09:00,469,트릴리온 게임,1,10,498,498.0,840,840.0
2026-09-01T10:41:52+09:00,470,특별한 도라에몽 : 쿵짜라♪ 울려퍼지는 음악 편,1,8,946,946.0,840,840.0
2026-09-01T10:41:52+09:00,471,창작자를 위한 판타지 용어 사전,1,,944,944.0,835,835.0
2026-09-01T10:41:52+09:00,472,W 줄리엣 2부,1,16,333,333.0,830,830.0
2026-09-01T10:41:52+09:00,473,월광천녀 애장판,1,8,199,199.0,810,810.0
2026-09-01T10:41:52+09:00,474,전생 악녀의 흑역사,1,18,200,200.0,810,810.0
2026-09-01T10:41:52+09:00,475,라면 재유기,1,13,237,237.0,810,810.0
2026-09-01T10:41:52+09:00,476,블랙 라군 : 청소부 소여 해체! 고어고어 무스메,1,4,497,497.0,800,800.0
2026-09-01T10:41:52+09:00,477,취사병 전설이 되다,1,17,954,954.0,790,790.0
2026-09-01T10:41:52+09:00,478,전주교실,1,9,951,951.0,785,785.0
2026-09-01T10:41:52+09:00,479,마왕과 용사의 사랑의 도피 바캉스,1,,493,493.0,780,780.0
2026-09-01T10:41:52+09:00,480,아질 Asyl,1,1,595,595.0,780,780.0
2026-09-01T10:41:52+09:00,481,바키도,1,11,601,601.0,770,770.0
2026-09-01T10:41:52+09:00,482,룸메이트,1,1,239,239.0,760,760.0
2026-09-01T10:41:52+09:00,483,사랑할 자격,1,3,295,295.0,760,760.0
2026-09-01T10:41:52+09:00,484,일하지 않는 두사람,1,32,600,600.0,760,760.0
2026-09-01T10:41:52+09:00,485,사자나미 군이 가장 싫어하는 남자,1,,751,751.0,750,750.0
2026-09-01T10:41:52+09:00,486,백설공주에게 입맞춤을,1,1,947,947.0,720,720.0
2026-09-01T10:41:52+09:00,487,기계 인간 마리 플러스,1,2,945,945.0,710,710.0
2026-09-01T10:41:52+09:00,488,주인공은 될 수 없지만,1,,499,499.0,680,680.0
2026-09-01T10:41:52+09:00,489,톰 폭스의 옷을 입은 캐릭터 드로잉 : 옷과 주름 그리기 워크북,1,,749,749.0,675,675.0
2026-09-01T10:41:52+09:00,490,키스 다음부터는 애드리브로,1,,263,263.0,660,660.0
2026-09-01T10:41:52+09:00,491,섀도 하우스,1,20,950,950.0,655,655.0
2026-09-01T10:41:52+09:00,492,FIRE BALL！ 파이어 볼!,1,2,262,262.0,640,640.0
2026-09-01T10:41:52+09:00,493,떨거지 인어 디아나,1,1,750,750.0,630,630.0
2026-09-01T10:41:52+09:00,494,내일은 어느 쪽!,1,12,760,760.0,610,610.0
2026-09-01T10:41:52+09:00,495,벼랑 끝의 영애는 흑기사님을 반하게 하고 싶어,1,1,405,405.0,600,600.0
2026-09-01T10:41:52+09:00,496,친구 여동생이 나한테만 짜증나게 군다,1,9,605,605.0,590,590.0
2026-09-01T10:41:52+09:00,497,꿈사랑 ~꿈에서 우리는 사랑에 빠진다~,1,4,953,953.0,590,590.0
2026-09-01T10:41:52+09:00,498,영국 낭만 희화 포레스트 아이비,1,1,602,602.0,580,580.0
2026-09-01T10:41:52+09:00,499,영세 소녀의 싸우는 법,1,7,604,604.0,580,580.0
2026-09-01T10:41:52+09:00,500,응원 걸!,1,1,403,403.0,570,570.0
2026-09-01T10:41:52+09:00,501,공각기동대 -HUMAN ERROR PROCESSER-,1,,607,607.0,530,530.0
2026-09-01T10:41:52+09:00,502,코믹 신들에게 주워진 남자,1,6,962,962.0,530,530.0
2026-09-01T10:41:52+09:00,503,특급 알파가 사랑한 오메가,1,,753,753.0,520,520.0
2026-09-01T10:41:52+09:00,504,술에 취한 영애가 영웅을 몰라보고 구혼한 결과,1,1,337,337.0,510,510.0
2026-09-01T10:41:52+09:00,505,페이스리스 드롭아웃,1,1,603,603.0,510,510.0
2026-09-01T10:41:52+09:00,506,133cm의 풍경,1,4,606,606.0,495,495.0
2026-09-01T10:41:52+09:00,507,노노코 양의 여자친구 군♂,1,1,964,964.0,490,490.0
2026-09-01T10:41:52+09:00,508,마로니에 왕국의 7인의 기사,1,7,502,502.0,460,460.0
2026-09-01T10:41:52+09:00,509,회각의 용사,1,2,503,503.0,460,460.0
2026-09-01T10:41:52+09:00,510,"모험가 자격을 박탈당한 아저씨지만, 사랑하는 딸이 생겨서 느긋이 인생을 즐긴다",1,10,963,963.0,440,440.0
2026-09-01T10:41:52+09:00,511,신에게 맹세코 거짓입니다,1,2,756,756.0,430,430.0
2026-09-01T10:41:52+09:00,512,미와 씨 행세를 합니다,1,14,754,754.0,420,420.0
2026-09-01T10:41:52+09:00,513,역사에 남을 악녀가 될 거야,1,5,757,757.0,375,375.0
2026-09-01T10:41:52+09:00,514,순애 러브하울링,1,,758,758.0,370,370.0
2026-09-01T10:41:52+09:00,515,스즈키 군의 정중한 생활,1,3,970,970.0,370,370.0
2026-09-01T10:41:52+09:00,516,숲 변두리의 꼬마 마녀,1,1,971,971.0,310,310.0
2026-09-01T10:41:52+09:00,517,에리스의 성배,1,6,968,968.0,260,260.0
2026-09-01T10:41:52+09:00,518,퍼펙트 어딕션,1,3,969,969.0,260,260.0
2026-09-02T09:31:51+09:00,1,헌터x헌터 HunterXHunter 신장판,38,"1, 2, 3, 4, 5, 6, 7, 8, 9, 10, 11, 12, 13, 14, 15, 16, 17, 18, 19, 20, 21, 22, 23, 24, 25, 26, 27, 28, 29, 30, 31, 32, 33, 34, 35, 36, 37, 38",201,457.34,185571,4883.45
2026-09-02T09:31:51+09:00,2,향기로운 꽃은 늠름하게 핀다,21,"1, 2, 3, 4, 5, 6, 7, 8, 9, 10, 11, 12, 13, 14, 15, 16, 17, 18, 19, 20, 21",107,335.67,116640,5554.29
2026-09-02T09:31:51+09:00,3,주술회전,18,"1, 2, 4, 13, 14, 15, 16, 20, 21, 22, 23, 24, 25, 26, 27, 28, 29, 30",281,527.17,117413,6522.94
2026-09-02T09:31:51+09:00,4,황천의 츠가이,14,"1, 2, 3, 4, 5, 6, 7, 8, 9, 10, 11, 12",15,347.07,77871,5562.21
2026-09-02T09:31:51+09:00,5,팔견전,11,"14, 15, 16, 17, 18, 19, 20, 21, 22, 23, 24",559,841.82,25480,2316.36
2026-09-02T09:31:51+09:00,6,얼굴만으론 좋아할 수 없어요,10,"1, 2, 5, 8, 9, 10, 15, 16, 17",128,613.2,40487,4048.7
2026-09-02T09:31:51+09:00,7,먼작귀,10,"1, 2, 3, 4, 5",268,540.4,22314,2231.4
2026-09-02T09:31:51+09:00,8,야마다 군과 Lv999의 사랑을 하다,9,"1, 2, 3, 4, 5, 6, 7, 8",6,137.67,89400,9933.33
2026-09-02T09:31:51+09:00,9,명탐정 코난,9,"20, 104, 105, 106, 107, 108",13,502.56,77465,8607.22
2026-09-02T09:31:51+09:00,10,마루는 강쥐,9,"1, 2, 3, 4, 5, 6, 7, 8, 9",78,488.89,50957,5661.89
2026-09-02T09:31:51+09:00,11,장송의 프리렌,9,"1, 2, 4, 5, 6, 10, 13, 14, 15",77,576.44,50809,5645.44
2026-09-02T09:31:51+09:00,12,못 미더운 악녀입니다만 : ~추궁접서 교체전~,9,"1, 2, 3, 4, 5, 6, 7, 9, 10",109,508.33,9542,1060.22
2026-09-02T09:31:51+09:00,13,원피스,8,"1, 100, 109, 110, 111, 112, 113, 114",30,564.0,159574,19946.75
2026-09-02T09:31:51+09:00,14,슈퍼 뒤에서 담배 피우는 두 사람,8,"1, 2, 3, 4, 5, 6, 7, 8",41,80.62,88163,11020.38
2026-09-02T09:31:51+09:00,15,불가항력의 I LOVE YOU,8,"1, 2, 3, 4, 5, 6, 7, 8",126,253.38,83137,10392.12
2026-09-02T09:31:51+09:00,16,사카모토 데이즈,8,"18, 21, 22, 23, 24, 25, 26, 27",5,464.62,75157,9394.62
2026-09-02T09:31:51+09:00,17,기븐,8,"1, 2, 4, 5, 6, 7, 8, 9",262,491.38,35662,4457.75
2026-09-02T09:31:51+09:00,18,지박소년 하나코 군,8,"0, 1, 8, 13, 17, 18, 24, 25",335,645.88,33471,4183.88
2026-09-02T09:31:51+09:00,19,블루 피리어드,8,"1, 2, 3, 4, 5, 6, 7",52,606.38,24260,3032.5
2026-09-02T09:31:51+09:00,20,블리치 리믹스,8,"1, 2, 3, 4, 13, 15, 16, 17",14,598.62,21656,2707.0
2026-09-02T09:31:51+09:00,21,정반대의 너와 나,8,"1, 2, 3, 4, 5, 6, 7, 8",350,400.0,21109,2638.62
2026-09-02T09:31:51+09:00,22,네가 죽을 때까지 사랑하고 싶어,8,"1, 2, 3, 4, 5, 6, 7, 8",304,606.12,16381,2047.62
2026-09-02T09:31:51+09:00,23,봄의 폭풍과 몬스터,7,"1, 3, 5, 6, 7, 8, 9",27,573.29,57206,8172.29
2026-09-02T09:31:51+09:00,24,GACHIAKUTA,7,"1, 3, 6, 16, 17, 18",38,494.29,52366,7480.86
2026-09-02T09:31:51+09:00,25,블루 록,7,"1, 3, 6, 33, 34, 35, 36",225,653.29,34068,4866.86
2026-09-02T09:31:51+09:00,26,꿈빛 파티시엘 신장판,7,"1, 2, 3, 4, 5, 11, 12",468,729.86,26203,3743.29
2026-09-02T09:31:51+09:00,27,귀멸의 칼날,6,"1, 6, 11, 14, 22, 23",523,765.33,29909,4984.83
2026-09-02T09:31:51+09:00,28,담배 고양이,6,"1, 2, 3, 4, 5, 6",69,187.0,27089,4514.83
2026-09-02T09:31:51+09:00,29,하이큐!!,6,"31, 41, 42, 43, 44, 45",393,550.33,20764,3460.67
2026-09-02T09:31:51+09:00,30,나루토 Naruto,6,"1, 3, 8, 43, 44, 50",833,896.17,16096,2682.67
2026-09-02T09:31:51+09:00,31,엄마를 만나러 가는 길,5,"1, 2, 3, 4",102,192.4,56000,11200.0
2026-09-02T09:31:51+09:00,32,타몬 군 지금 어느 쪽?!,5,"10, 11, 12, 13",7,299.8,53410,10682.0
2026-09-02T09:31:51+09:00,33,모모세 아키라의 첫사랑 파탄 중,5,"2, 3, 4, 5, 6",18,549.0,48938,9787.6
2026-09-02T09:31:51+09:00,34,아름다운 초저녁달,5,"1, 2, 6, 8, 10",282,676.6,31244,6248.8
2026-09-02T09:31:51+09:00,35,귀멸 학원!,5,"2, 3, 4, 5, 6",447,647.8,29060,5812.0
2026-09-02T09:31:51+09:00,36,마법소녀를 동경해서,5,"1, 4, 5, 6, 7",29,441.6,25365,5073.0
2026-09-02T09:31:51+09:00,37,운명의 사람을 만나는 이야기,5,"1, 3, 4, 7, 8",97,682.0,20996,4199.2
2026-09-02T09:31:51+09:00,38,나나 NANA 완전판,5,"8, 9, 10, 11, 12",36,391.4,18887,3777.4
2026-09-02T09:31:51+09:00,39,내 마음의 위험한 녀석,5,"8, 9, 10, 12, 13",206,696.6,18536,3707.2
2026-09-02T09:31:51+09:00,40,지. : 지구의 운동에 대하여,5,"1, 2, 3, 4, 5",665,791.2,17491,3498.2
2026-09-02T09:31:51+09:00,41,이거 그리고 죽어,5,"1, 2, 3, 7, 8",46,680.0,13342,2668.4
2026-09-02T09:31:51+09:00,42,100미터,5,"1, 2, 3, 4, 5",890,907.0,12267,2453.4
2026-09-02T09:31:51+09:00,43,오란고교 호스트부,5,"1, 2, 3, 8, 17",567,739.4,11998,2399.6
2026-09-02T09:31:51+09:00,44,사랑해 게임을 끝내고 싶어,5,"2, 4, 5, 6, 7",764,886.2,4992,998.4
2026-09-02T09:31:51+09:00,45,배가본드,5,"2, 31, 32, 33, 34",945,975.4,3766,753.2
2026-09-02T09:31:51+09:00,46,스파이 패밀리,4,"1, 15, 16, 17",2,315.25,80525,20131.25
2026-09-02T09:31:51+09:00,47,봇치·더·록! 외전 히로이 키쿠리의 과음일기,4,"1, 4, 5, 6",8,383.75,50721,12680.25
2026-09-02T09:31:51+09:00,48,캐릭캐릭 체인지! Jewel Joker 주얼 조커,4,"1, 2, 3",119,513.75,36547,9136.75
2026-09-02T09:31:51+09:00,49,반딧불이의 혼례,4,"4, 9, 10, 11",224,414.25,35617,8904.25
2026-09-02T09:31:51+09:00,50,찍히지 않습니다,4,"1, 5, 6, 7",139,509.25,34342,8585.5
2026-09-02T09:31:51+09:00,51,단다단,4,"18, 19, 20, 21",24,349.5,27910,6977.5
2026-09-02T09:31:51+09:00,52,비실비실 선생님,4,"13, 14, 15, 16",54,512.0,25855,6463.75
2026-09-02T09:31:51+09:00,53,옆자리 녀석이 그런 눈으로 쳐다본다,4,"1, 2, 3, 4",48,123.5,25531,6382.75
2026-09-02T09:31:51+09:00,54,타워 던전,4,"1, 2, 4, 5",457,617.25,20380,5095.0
2026-09-02T09:31:51+09:00,55,세금으로 산 책,4,"1, 2, 3, 4",71,157.0,16030,4007.5
2026-09-02T09:31:51+09:00,56,창천항로 애장판,4,"1, 2, 3, 4",35,374.0,12630,3157.5
2026-09-02T09:31:51+09:00,57,달빛천사 애장판,4,"1, 2, 3, 4",144,292.0,12529,3132.25
2026-09-02T09:31:51+09:00,58,풀 나이트,4,"1, 2, 3, 4",423,530.5,5661,1415.25
2026-09-02T09:31:51+09:00,59,스킵과 로퍼,3,"1, 11, 12",4,345.67,47220,15740.0
2026-09-02T09:31:51+09:00,60,체인소 맨,3,"21, 22, 23",115,470.33,43442,14480.67
2026-09-02T09:31:51+09:00,61,팬텀 버스터즈,3,"5, 7",47,338.67,40328,13442.67
2026-09-02T09:31:51+09:00,62,마남 이치,3,"1, 5, 6",3,163.0,39911,13303.67
2026-09-02T09:31:51+09:00,63,카구라바치,3,"8, 9, 10",135,405.33,32799,10933.0
2026-09-02T09:31:51+09:00,64,아멜리아의 호기심 많은 로맨스,3,"1, 2, 3",1,113.0,31499,10499.67
2026-09-02T09:31:51+09:00,65,그 비스크 돌은 사랑을 한다,3,"1, 2, 15",388,555.67,20472,6824.0
2026-09-02T09:31:51+09:00,66,디그 잇,3,"1, 2, 3",17,508.0,20330,6776.67
2026-09-02T09:31:51+09:00,67,약사의 혼잣말,3,"16, 21",345,439.33,15227,5075.67
2026-09-02T09:31:51+09:00,68,완전 쓰레기인 와타라세인데,3,"1, 3",453,643.33,14723,4907.67
2026-09-02T09:31:51+09:00,69,애태울 정도의 사랑을 알아라,3,"1, 2, 3",383,418.0,14560,4853.33
2026-09-02T09:31:51+09:00,70,노아 선배는 친구,3,"8, 9, 10",49,428.33,14056,4685.33
2026-09-02T09:31:51+09:00,71,Re : 제로부터 시작하는 이세계 생활,3,"28, 42, 43",203,460.67,12320,4106.67
2026-09-02T09:31:51+09:00,72,Veil,3,"1, 6, 7",258,559.0,11865,3955.0
2026-09-02T09:31:51+09:00,73,장례식 케이크 전문점 연옥당,3,"1, 2, 3",263,330.67,11686,3895.33
2026-09-02T09:31:51+09:00,74,야쿠자 때문에 목욕탕에서 일하고 있습니다,3,"1, 2, 3",678,793.67,11042,3680.67
2026-09-02T09:31:51+09:00,75,참을 수 없는 건 사랑인 걸까,3,"1, 4, 6",51,582.67,10767,3589.0
2026-09-02T09:31:51+09:00,76,악마에 입문했습니다! 이루마 군 : if Episode of 마피아,3,"2, 6, 7",338,644.0,9716,3238.67
2026-09-02T09:31:51+09:00,77,다크 개더링,3,"1, 2, 3",417,470.67,5715,1905.0
2026-09-02T09:31:51+09:00,78,패배 히로인이 너무 많아! @comic,3,"1, 2, 5",85,655.67,5203,1734.33
2026-09-02T09:31:51+09:00,79,단둘만의 로맨틱,3,"1, 2, 3",754,881.33,3643,1214.33
2026-09-02T09:31:51+09:00,80,데스 노트 Death Note,3,"2, 10, 11",959,960.67,3050,1016.67
2026-09-02T09:31:51+09:00,81,작전명 순정,3,"7, 8, 9",240,252.0,2800,933.33
2026-09-02T09:31:51+09:00,82,너와 장밋빛 매일,2,"1, 3",93,366.5,31001,15500.5
2026-09-02T09:31:51+09:00,83,원펀맨 One Punch Man,2,"34, 35",74,147.5,29694,14847.0
2026-09-02T09:31:51+09:00,84,가르쳐줘 집사,2,"1, 2",222,270.0,24164,12082.0
2026-09-02T09:31:51+09:00,85,히카루가 죽은 여름,2,"1, 8",199,597.5,23414,11707.0
2026-09-02T09:31:51+09:00,86,열혈강호,2,"94, 95",279,639.5,22191,11095.5
2026-09-02T09:31:51+09:00,87,메달리스트,2,"13, 14",244,529.0,21249,10624.5
2026-09-02T09:31:51+09:00,88,요리 군과 다시 만날 수는 없어!,2,"1, 2",45,56.0,19535,9767.5
2026-09-02T09:31:51+09:00,89,후지모토 타츠키 단편집,2,"17-21, 22-26",783,891.0,19384,9692.0
2026-09-02T09:31:51+09:00,90,모 이야기,2,2,518,658.0,17179,8589.5
2026-09-02T09:31:51+09:00,91,3월의 벽력,2,"1, 2",25,97.0,16838,8419.0
2026-09-02T09:31:51+09:00,92,새벽의 연화,2,"46, 47",121,221.0,15968,7984.0
2026-09-02T09:31:51+09:00,93,전지적 독자 시점,2,"19, 20",58,423.5,15950,7975.0
2026-09-02T09:31:51+09:00,94,킹덤 Kingdom,2,"77, 78",10,150.0,15170,7585.0
2026-09-02T09:31:51+09:00,95,슈퍼 러버즈,2,"18, 19",137,477.5,13390,6695.0
2026-09-02T09:31:51+09:00,96,보석함에 사랑을 채우자,2,1,380,420.5,12830,6415.0
2026-09-02T09:31:51+09:00,97,이세계 삼촌,2,"13, 14",20,287.5,12183,6091.5
2026-09-02T09:31:51+09:00,98,쓰레기 기둥서방 하나 군은 죽고 싶어 해,2,"1, 3",291,543.5,11980,5990.0
2026-09-02T09:31:51+09:00,99,양 선배는 혼자서 살아갈 수 없어,2,"1, 2",249,477.5,11106,5553.0
2026-09-02T09:31:51+09:00,100,남편을 내 편으로 만드는 방법,2,5,101,203.5,10820,5410.0
2026-09-02T09:31:51+09:00,101,첫사랑은 나의 오빠,2,"1, 2",50,191.0,10560,5280.0
2026-09-02T09:31:51+09:00,102,야화첩,2,"8, 9",22,24.0,9860,4930.0
2026-09-02T09:31:51+09:00,103,나 혼자만 레벨업 : 라그나로크,2,"2, 3",173,418.5,9851,4925.5
2026-09-02T09:31:51+09:00,104,메이드 인 어비스,2,"13, 14",103,326.5,9824,4912.0
2026-09-02T09:31:51+09:00,105,나의 첫 섹파,2,"1, 2",19,67.5,9795,4897.5
2026-09-02T09:31:51+09:00,106,오가미 츠미키와 기일상,2,"6, 7",131,296.5,9315,4657.5
2026-09-02T09:31:51+09:00,107,방과 후 소년 하나코 군,2,2,256,421.5,8693,4346.5
2026-09-02T09:31:51+09:00,108,수상한 경찰,2,"1, 2",187,198.0,8480,4240.0
2026-09-02T09:31:51+09:00,109,Myther,2,"2, 3",32,146.5,8440,4220.0
2026-09-02T09:31:51+09:00,110,블루 자이언트 모멘텀,2,"6, 7",42,263.0,7775,3887.5
2026-09-02T09:31:51+09:00,111,전생했더니 슬라임이었던 건에 대하여,2,"23, 30",540,551.0,7645,3822.5
2026-09-02T09:31:51+09:00,112,아이다이로 화집 지박소년 하나코 군,2,2,174,220.5,7522,3761.0
2026-09-02T09:31:51+09:00,113,비교하고 검토하는 교열부의 쿠쥬 씨,2,"1, 2",467,660.5,7460,3730.0
2026-09-02T09:31:51+09:00,114,묘쌤은 이렇게 말했다,2,"10, 11",334,609.5,7015,3507.5
2026-09-02T09:31:51+09:00,115,원룸 조교님,2,"1, 2",852,858.0,6885,3442.5
2026-09-02T09:31:51+09:00,116,이번 생은 가주가 되겠습니다 2부,2,6,416,537.0,6770,3385.0
2026-09-02T09:31:51+09:00,117,이력서,2,"2, 3",70,470.0,6650,3325.0
2026-09-02T09:31:51+09:00,118,그리고 마녀는 숲으로 갔다,2,"1, 2",300,431.5,6324,3162.0
2026-09-02T09:31:51+09:00,119,타로의 얼렁뚱땅,2,"1, 2",266,489.5,5720,2860.0
2026-09-02T09:31:51+09:00,120,여우 우리군,2,1,64,84.0,5700,2850.0
2026-09-02T09:31:51+09:00,121,흑무경담,2,"1, 2",700,700.5,5656,2828.0
2026-09-02T09:31:51+09:00,122,발화,2,"1, 2",117,411.0,5630,2815.0
2026-09-02T09:31:51+09:00,123,추우면 변하는 헤비가미 군,2,"1, 2",153,282.5,5515,2757.5
2026-09-02T09:31:51+09:00,124,만화 인소의 법칙,2,9,143,227.0,5360,2680.0
2026-09-02T09:31:51+09:00,125,서유요원전 서역편 : 화염산의 장,2,"3, 4",347,347.5,5325,2662.5
2026-09-02T09:31:51+09:00,126,나 혼자만 레벨업,2,"1, 5",886,888.5,5047,2523.5
2026-09-02T09:31:51+09:00,127,세레나,2,"9, 10",716,804.5,4875,2437.5
2026-09-02T09:31:51+09:00,128,할렐루야 베이비,2,"1, 5",307,510.5,4585,2292.5
2026-09-02T09:31:51+09:00,129,커다란 네가 제일 귀여워,2,,75,134.5,4390,2195.0
2026-09-02T09:31:51+09:00,130,너를 잊을 사랑이 하고 싶어,2,7,55,80.0,4260,2130.0
2026-09-02T09:31:51+09:00,131,벡 Beck 신장판,2,"1, 8",414,665.0,4153,2076.5
2026-09-02T09:31:51+09:00,132,온통 여우,2,1,72,124.5,4030,2015.0
2026-09-02T09:31:51+09:00,133,재혼황후,2,"10, 11",175,384.5,3525,1762.5
2026-09-02T09:31:51+09:00,134,아오아시,2,"16, 17",155,160.5,3290,1645.0
2026-09-02T09:31:51+09:00,135,산가지는 도깨비의 꿈을 꾼다,2,"4, 5",125,541.0,3255,1627.5
2026-09-02T09:31:51+09:00,136,호랑이형님,2,"20, 21",308,334.0,3050,1525.0
2026-09-02T09:31:51+09:00,137,11번째 고양이는 네네,2,"1, 2",111,305.5,3010,1505.0
2026-09-02T09:31:51+09:00,138,SCP가 뭔가요?,2,"1, 3",422,583.5,3000,1500.0
2026-09-02T09:31:51+09:00,139,버그 에고,2,"1, 2",238,586.5,2921,1460.5
2026-09-02T09:31:51+09:00,140,통제구역관리부,2,"2, 4",365,651.5,2813,1406.5
2026-09-02T09:31:51+09:00,141,커들,2,"1, 2",358,556.5,2778,1389.0
2026-09-02T09:31:51+09:00,142,냄비로 총알을 막아내며,2,"2, 3",196,196.5,2160,1080.0
2026-09-02T09:31:51+09:00,143,꿀과 극약,2,"1, 2",508,556.0,2000,1000.0
2026-09-02T09:31:51+09:00,144,건강하고 문화적인 최저한도의 생활,2,"11, 12",363,485.0,1920,960.0
2026-09-02T09:31:51+09:00,145,도쿄대 세 자매,2,"1, 2",367,662.5,1905,952.5
2026-09-02T09:31:51+09:00,146,오컬트 타임즈,2,1,156,571.0,1750,875.0
2026-09-02T09:31:51+09:00,147,만화 이상적인 기둥서방 생활,2,"10, 11",243,306.5,1700,850.0
2026-09-02T09:31:51+09:00,148,포켓몬 생태도감,1,,21,21.0,72049,72049.0
2026-09-02T09:31:51+09:00,149,패밀리 레스토랑 가자. 下,1,,33,33.0,62525,62525.0
2026-09-02T09:31:51+09:00,150,소년과 두더지와 여우와 말,1,,68,68.0,60936,60936.0
2026-09-02T09:31:51+09:00,151,룩 백,1,,91,91.0,35305,35305.0
2026-09-02T09:31:51+09:00,152,패밀리 레스토랑 가자. 上,1,,134,134.0,31684,31684.0
2026-09-02T09:31:51+09:00,153,가라오케 가자!,1,,168,168.0,28852,28852.0
2026-09-02T09:31:51+09:00,154,여학교의 별,1,4,619,619.0,28591,28591.0
2026-09-02T09:31:51+09:00,155,사피엔스 : 그래픽 히스토리 Vol.1,1,,316,316.0,26265,26265.0
2026-09-02T09:31:51+09:00,156,주술회전 모듈로,1,1,92,92.0,25590,25590.0
2026-09-02T09:31:51+09:00,157,책이라면 팔 만큼,1,1,12,12.0,25135,25135.0
2026-09-02T09:31:51+09:00,158,포켓몬 생태도감 특별판,1,,216,216.0,23115,23115.0
2026-09-02T09:31:51+09:00,159,만화의 원리,1,,217,217.0,17859,17859.0
2026-09-02T09:31:51+09:00,160,언제나 기억해,1,,182,182.0,17762,17762.0
2026-09-02T09:31:51+09:00,161,헬싱 한정판 1~5 세트 - 전5권,1,,40,40.0,16955,16955.0
2026-09-02T09:31:51+09:00,162,포인트 캐릭터 드로잉 - 전2권,1,,436,436.0,16190,16190.0
2026-09-02T09:31:51+09:00,163,도쿄 에일리언즈,1,12,995,995.0,16185,16185.0
2026-09-02T09:31:51+09:00,164,"안녕, 에리",1,,371,371.0,15385,15385.0
2026-09-02T09:31:51+09:00,165,페르세폴리스,1,,218,218.0,14931,14931.0
2026-09-02T09:31:51+09:00,166,매거진 조이 Vol.3 : 가비지타임,1,,620,620.0,14275,14275.0
2026-09-02T09:31:51+09:00,167,쥐 The Complete Maus 합본,1,,319,319.0,13728,13728.0
2026-09-02T09:31:51+09:00,168,나츠메 우인장,1,32,39,39.0,12700,12700.0
2026-09-02T09:31:51+09:00,169,월간순정 노자키 군,1,17,317,317.0,11614,11614.0
2026-09-02T09:31:51+09:00,170,주술회전 공식 팬북,1,,781,781.0,11436,11436.0
2026-09-02T09:31:51+09:00,171,엄마가 도망갔다,1,,9,9.0,11350,11350.0
2026-09-02T09:31:51+09:00,172,일러스트레이터를 위한 색과 빛 마스터 가이드북 : COLOR & LIGHT,1,,138,138.0,11250,11250.0
2026-09-02T09:31:51+09:00,173,괴수 8호,1,16,373,373.0,11122,11122.0
2026-09-02T09:31:51+09:00,174,3월의 라이온,1,18,185,185.0,10742,10742.0
2026-09-02T09:31:51+09:00,175,오무라이스 잼잼,1,16,377,377.0,10717,10717.0
2026-09-02T09:31:51+09:00,176,신부이야기,1,15,622,622.0,10502,10502.0
2026-09-02T09:31:51+09:00,177,귀멸의 칼날 외전,1,,519,519.0,10372,10372.0
2026-09-02T09:31:51+09:00,178,타코피의 원죄 - 상,1,,520,520.0,10305,10305.0
2026-09-02T09:31:51+09:00,179,학생회에도 구멍은 있다!,1,12,280,280.0,10195,10195.0
2026-09-02T09:31:51+09:00,180,야마다의 학급일지,1,4,437,437.0,10025,10025.0
2026-09-02T09:31:51+09:00,181,타코피의 원죄 - 하,1,,624,624.0,9943,9943.0
2026-09-02T09:31:51+09:00,182,자연스러운 인체 드로잉,1,,283,283.0,9905,9905.0
2026-09-02T09:31:51+09:00,183,패배 히로인이 너무 많아! 8.5,1,,34,34.0,9800,9800.0
2026-09-02T09:31:51+09:00,184,컬러 앤 라이트,1,,521,521.0,9788,9788.0
2026-09-02T09:31:51+09:00,185,사피엔스 : 그래픽 히스토리 Vol.2,1,,522,522.0,9713,9713.0
2026-09-02T09:31:51+09:00,186,메달리스트 공식 팬북 더블특전판,1,,284,284.0,9630,9630.0
2026-09-02T09:31:51+09:00,187,"사랑하라, 거짓된 천사들이여",1,6,785,785.0,9614,9614.0
2026-09-02T09:31:51+09:00,188,귀멸의 칼날 : 공식 팬북 귀살대 견문록,1,,784,784.0,9513,9513.0
2026-09-02T09:31:51+09:00,189,만화의 이해,1,,627,627.0,9113,9113.0
2026-09-02T09:31:51+09:00,190,흑집사,1,35,73,73.0,9060,9060.0
2026-09-02T09:31:51+09:00,191,루리 드래곤,1,5,149,149.0,8450,8450.0
2026-09-02T09:31:51+09:00,192,사피엔스 : 그래픽 히스토리 Vol.3,1,,439,439.0,8317,8317.0
2026-09-02T09:31:51+09:00,193,백귀야행,1,31,438,438.0,8313,8313.0
2026-09-02T09:31:51+09:00,194,중년에 지친 밤에는,1,,381,381.0,8230,8230.0
2026-09-02T09:31:51+09:00,195,명탐정 코난 : 경찰학교 편 - 하,1,,791,791.0,7993,7993.0
2026-09-02T09:31:51+09:00,196,파이브 스타 스토리 The Five Star Stories,1,18,788,788.0,7963,7963.0
2026-09-02T09:31:51+09:00,197,윈드 브레이커 15~16 세트 - 전2권,1,,141,141.0,7920,7920.0
2026-09-02T09:31:51+09:00,198,사피엔스 : 그래픽 히스토리 Vol.4,1,,129,129.0,7860,7860.0
2026-09-02T09:31:51+09:00,199,히나타의 블루,1,6,286,286.0,7730,7730.0
2026-09-02T09:31:51+09:00,200,TV애니메이션 주술회전 회옥·옥절/시부야 사변 공식 가이드북,1,,441,441.0,7530,7530.0
2026-09-02T09:31:51+09:00,201,별정직 공무원,1,5,794,794.0,7520,7520.0
2026-09-02T09:31:51+09:00,202,괴수 8호 RELAX,1,4,636,636.0,7470,7470.0
2026-09-02T09:31:51+09:00,203,망그러진 만화,1,1,526,526.0,7271,7271.0
2026-09-02T09:31:51+09:00,204,쇼타 형아,1,7,226,226.0,7230,7230.0
2026-09-02T09:31:51+09:00,205,순경씨와 나,1,1,327,327.0,7113,7113.0
2026-09-02T09:31:51+09:00,206,야마다 군과 Lv999의 사랑을 하다 4~6 특별판 세트 - 전3권,1,,386,386.0,7089,7089.0
2026-09-02T09:31:51+09:00,207,어린이 탐구 생활,1,,639,639.0,6801,6801.0
2026-09-02T09:31:51+09:00,208,유희왕 애장판,1,21,289,289.0,6750,6750.0
2026-09-02T09:31:51+09:00,209,봇치·더·록! 앤솔러지 코믹,1,6,158,158.0,6710,6710.0
2026-09-02T09:31:51+09:00,210,길고양이와 늑대,1,6,641,641.0,6645,6645.0
2026-09-02T09:31:51+09:00,211,언니의 미도리 군,1,9,23,23.0,6500,6500.0
2026-09-02T09:31:51+09:00,212,쿠이 료코 낙서집 데이드림 아워,1,,801,801.0,6478,6478.0
2026-09-02T09:31:51+09:00,213,"내가 연인이 될 수 있을 리 없잖아, 무리무리! (※무리가 아니었다?!)",1,8,150,150.0,6450,6450.0
2026-09-02T09:31:51+09:00,214,재즈 잇 업! Jazz It Up!,1,,803,803.0,6423,6423.0
2026-09-02T09:31:51+09:00,215,옆집 천사님 때문에 어느샌가 인간적으로 타락한 사연 11.5,1,,802,802.0,6361,6361.0
2026-09-02T09:31:51+09:00,216,유치원WARS,1,17,56,56.0,6150,6150.0
2026-09-02T09:31:51+09:00,217,소드 아트 온라인,1,29,28,28.0,6140,6140.0
2026-09-02T09:31:51+09:00,218,이토 준지의 고양이일기 욘&무,1,,804,804.0,5979,5979.0
2026-09-02T09:31:51+09:00,219,보이시한 여자친구가 너무 귀여워,1,5,643,643.0,5955,5955.0
2026-09-02T09:31:51+09:00,220,이토준지 자선 걸작집 Dark Colors,1,,59,59.0,5890,5890.0
2026-09-02T09:31:51+09:00,221,바닷바람과 용의 보금자리,1,2,389,389.0,5885,5885.0
2026-09-02T09:31:51+09:00,222,이다의 날마다 자연관찰,1,,646,646.0,5660,5660.0
2026-09-02T09:31:51+09:00,223,꿈인지 생시인지,1,4,16,16.0,5510,5510.0
2026-09-02T09:31:51+09:00,224,학생회에도 구멍은 있다! 공식 풀컬러판 : 《생구멍 셀렉션!》,1,,807,807.0,5480,5480.0
2026-09-02T09:31:51+09:00,225,가끔씩 툭하고 러시아어로 부끄러워하는 옆자리의 아랴 양,1,11,650,650.0,5475,5475.0
2026-09-02T09:31:51+09:00,226,작전명 순정 7~9 스페셜 세트 - 전3권,1,,130,130.0,5300,5300.0
2026-09-02T09:31:51+09:00,227,믹스 MIX,1,24,813,813.0,5244,5244.0
2026-09-02T09:31:51+09:00,228,공각기동대 -THE GHOST IN THE SHELL-,1,,816,816.0,5184,5184.0
2026-09-02T09:31:51+09:00,229,일러스트레이터를 위한 구도와 서사 마스터 가이드북 : COMPOSITION & NARRATIVE,1,,651,651.0,5148,5148.0
2026-09-02T09:31:51+09:00,230,마법소녀를 동경해서 1~5 합본판,1,,534,534.0,5095,5095.0
2026-09-02T09:31:51+09:00,231,"너무 건방져, 치가야 군",1,1,333,333.0,4920,4920.0
2026-09-02T09:31:51+09:00,232,스킵 비트!,1,50,654,654.0,4906,4906.0
2026-09-02T09:31:51+09:00,233,도나츠와 서커스 1~2 완결 스페셜 세트 - 전2권,1,,819,819.0,4882,4882.0
2026-09-02T09:31:51+09:00,234,요괴소년 호야 완전판,1,4,31,31.0,4760,4760.0
2026-09-02T09:31:51+09:00,235,THE ART OF SOLO LEVELING : 웹툰 「나 혼자만 레벨업」 공식 아트북,1,,458,458.0,4760,4760.0
2026-09-02T09:31:51+09:00,236,천국대마경,1,12,259,259.0,4635,4635.0
2026-09-02T09:31:51+09:00,237,봇치·더·록!,1,8,660,660.0,4583,4583.0
2026-09-02T09:31:51+09:00,238,여름 안에서,1,,460,460.0,4581,4581.0
2026-09-02T09:31:51+09:00,239,이토준지 자선 걸작집 왜곡,1,,90,90.0,4570,4570.0
2026-09-02T09:31:51+09:00,240,김전일 아빠의 사건부,1,3,831,831.0,4510,4510.0
2026-09-02T09:31:51+09:00,241,소용돌이 합본판,1,,832,832.0,4477,4477.0
2026-09-02T09:31:51+09:00,242,푸른 상자,1,24,260,260.0,4405,4405.0
2026-09-02T09:31:51+09:00,243,공각기동대 -MANMACHINE INTERFACE-,1,,834,834.0,4387,4387.0
2026-09-02T09:31:51+09:00,244,어서 와 수평선,1,1,391,391.0,4345,4345.0
2026-09-02T09:31:51+09:00,245,버서스,1,6,122,122.0,4280,4280.0
2026-09-02T09:31:51+09:00,246,시온 군이 말하는 대로,1,1,541,541.0,4260,4260.0
2026-09-02T09:31:51+09:00,247,블루 록 : Episode 나기,1,8,674,674.0,4213,4213.0
2026-09-02T09:31:51+09:00,248,놀이의 관계,1,1,395,395.0,4190,4190.0
2026-09-02T09:31:51+09:00,249,디 그레이 맨,1,29,836,836.0,4179,4179.0
2026-09-02T09:31:51+09:00,250,한밤중 하트튠,1,11,293,293.0,4165,4165.0
2026-09-02T09:31:51+09:00,251,"밟고, 차고, 사랑하고",1,6,469,469.0,4155,4155.0
2026-09-02T09:31:51+09:00,252,긴채널! : 은혼 공식 캐릭터북,1,,677,677.0,4146,4146.0
2026-09-02T09:31:51+09:00,253,너를 사랑하는 살인귀,1,1,835,835.0,4145,4145.0
2026-09-02T09:31:51+09:00,254,유루캠,1,18,234,234.0,4115,4115.0
2026-09-02T09:31:51+09:00,255,동경일일,1,3,838,838.0,4102,4102.0
2026-09-02T09:31:51+09:00,256,용의 귀여운 일곱 아이 : 쿠이 료코 작품집,1,,672,672.0,4092,4092.0
2026-09-02T09:31:51+09:00,257,사토 씨의 친구,1,,123,123.0,4090,4090.0
2026-09-02T09:31:51+09:00,258,86 에이티식스,1,14,673,673.0,4080,4080.0
2026-09-02T09:31:51+09:00,259,판타지 배색 아이디어 사전,1,,160,160.0,4026,4026.0
2026-09-02T09:31:51+09:00,260,어차피 울 거라면 사랑이 좋아,1,9,207,207.0,4020,4020.0
2026-09-02T09:31:51+09:00,261,오늘부터 신령님,1,1,682,682.0,4009,4009.0
2026-09-02T09:31:51+09:00,262,오달자의 봄,1,,839,839.0,3940,3940.0
2026-09-02T09:31:51+09:00,263,숨막힐 정도의 사랑을 줄게,1,7,235,235.0,3935,3935.0
2026-09-02T09:31:51+09:00,264,용의 학교는 산 위에,1,,544,544.0,3925,3925.0
2026-09-02T09:31:51+09:00,265,소년X소녀 일러스트&스티커북,1,,842,842.0,3896,3896.0
2026-09-02T09:31:51+09:00,266,슈가슈가 룬 박스 세트 - 전8권,1,,844,844.0,3869,3869.0
2026-09-02T09:31:51+09:00,267,이로하의 글이 이끄는 -눈 녹는 길-,1,,546,546.0,3868,3868.0
2026-09-02T09:31:51+09:00,268,오란고교 호스트부 Fanbook,1,,548,548.0,3845,3845.0
2026-09-02T09:31:51+09:00,269,역대급 영지 설계사,1,9,401,401.0,3765,3765.0
2026-09-02T09:31:51+09:00,270,누나의 친구,1,4,190,190.0,3750,3750.0
2026-09-02T09:31:51+09:00,271,전희 서바이벌 사가,1,3,208,208.0,3740,3740.0
2026-09-02T09:31:51+09:00,272,서랍 속 테라리움 : 신장판,1,,473,473.0,3740,3740.0
2026-09-02T09:31:51+09:00,273,나의 열두 살에게,1,,683,683.0,3720,3720.0
2026-09-02T09:31:51+09:00,274,사카모토 데이즈 비기너즈 팩 Vol.2 : 4~6 합본 세트,1,,685,685.0,3719,3719.0
2026-09-02T09:31:51+09:00,275,무대 담당과 악역 군,1,2,850,850.0,3690,3690.0
2026-09-02T09:31:51+09:00,276,아이돌라트리,1,1,63,63.0,3660,3660.0
2026-09-02T09:31:51+09:00,277,진격의 거인 18~34 박스 세트 Part 2 - 전17권,1,,848,848.0,3658,3658.0
2026-09-02T09:31:51+09:00,278,현시연 신장판,1,1,37,37.0,3600,3600.0
2026-09-02T09:31:51+09:00,279,이세계 유유자적 농가,1,16,341,341.0,3590,3590.0
2026-09-02T09:31:51+09:00,280,그랑블루,1,26,82,82.0,3580,3580.0
2026-09-02T09:31:51+09:00,281,도쿄 학생 애처가,1,4,151,151.0,3580,3580.0
2026-09-02T09:31:51+09:00,282,폭식 너무 좋아! 모치즈키 양,1,3,858,858.0,3570,3570.0
2026-09-02T09:31:51+09:00,283,러브 불릿,1,1,687,687.0,3530,3530.0
2026-09-02T09:31:51+09:00,284,오디세이아를 한 번도 안 읽어 볼 수는 없잖아,1,,684,684.0,3515,3515.0
2026-09-02T09:31:51+09:00,285,매니저의 나날,1,2,855,855.0,3482,3482.0
2026-09-02T09:31:51+09:00,286,인간실격 무삭제판 1~3 세트- 전3권,1,,297,297.0,3479,3479.0
2026-09-02T09:31:51+09:00,287,소녀종말여행 1~6 박스 세트 - 전6권 (엽서 세트 포함),1,,692,692.0,3362,3362.0
2026-09-02T09:31:51+09:00,288,귀여운 건 나다,1,3,98,98.0,3350,3350.0
2026-09-02T09:31:51+09:00,289,악역 영애 안의 사람,1,1,872,872.0,3293,3293.0
2026-09-02T09:31:51+09:00,290,사피엔스: 그래픽 히스토리 시리즈 세트 - 전4권,1,,477,477.0,3260,3260.0
2026-09-02T09:31:51+09:00,291,패배 히로인이 너무 많아!,1,5,876,876.0,3223,3223.0
2026-09-02T09:31:51+09:00,292,한구석의 기억,1,1,862,862.0,3220,3220.0
2026-09-02T09:31:51+09:00,293,나의 히어로 아카데미아 공식 일러스트집 Ultra Artworks,1,,405,405.0,3218,3218.0
2026-09-02T09:31:51+09:00,294,새내기,1,4,573,573.0,3115,3115.0
2026-09-02T09:31:51+09:00,295,아름다운 인체 그리기 레슨,1,,570,570.0,3095,3095.0
2026-09-02T09:31:51+09:00,296,2120,1,,152,152.0,3090,3090.0
2026-09-02T09:31:51+09:00,297,어떤 여름방학,1,,694,694.0,3090,3090.0
2026-09-02T09:31:51+09:00,298,더 죠죠랜즈 3 : 돈벌이할 시간,1,,697,697.0,3050,3050.0
2026-09-02T09:31:51+09:00,299,데스마치에서 시작되는 이세계 광상곡,1,34,299,299.0,2960,2960.0
2026-09-02T09:31:51+09:00,300,아오이 군의 음담패설은 참을 수 없어!!,1,2,569,569.0,2955,2955.0
2026-09-02T09:31:51+09:00,301,명탐정 코난 : 범인 한자와 씨,1,10,298,298.0,2940,2940.0
2026-09-02T09:31:51+09:00,302,무로이 야스오의 캐릭터 얼굴 & 바스트업 작화 기술,1,,481,481.0,2934,2934.0
2026-09-02T09:31:51+09:00,303,벨 푸페의 슈퍼달링 약혼,1,2,566,566.0,2930,2930.0
2026-09-02T09:31:51+09:00,304,달님이 바라시는 대로,1,9,162,162.0,2890,2890.0
2026-09-02T09:31:51+09:00,305,인생 역전,1,3,568,568.0,2890,2890.0
2026-09-02T09:31:51+09:00,306,마도정병의 슬레이브,1,19,702,702.0,2870,2870.0
2026-09-02T09:31:51+09:00,307,사카모토 데이즈 21 : NAGUMO DIYS 특별판,1,,878,878.0,2866,2866.0
2026-09-02T09:31:51+09:00,308,THE POOL,1,,483,483.0,2860,2860.0
2026-09-02T09:31:51+09:00,309,이 결혼은 어차피 망하게 되어 있다,1,8,480,480.0,2840,2840.0
2026-09-02T09:31:51+09:00,310,사망 엔딩에서 벗어난 미연시의 히로인들이 내 【일기장】을 읽고 비밀을 알아챈 듯하다,1,1,80,80.0,2830,2830.0
2026-09-02T09:31:51+09:00,311,우리 반리가 신세 좀 지겠습니다,1,4,486,486.0,2780,2780.0
2026-09-02T09:31:51+09:00,312,애니메이터 서바이벌 키트,1,,882,882.0,2773,2773.0
2026-09-02T09:31:51+09:00,313,정령환상기,1,28,703,703.0,2745,2745.0
2026-09-02T09:31:51+09:00,314,아메와 우미,1,1,124,124.0,2730,2730.0
2026-09-02T09:31:51+09:00,315,만화 데뷔 못 하면 죽는 병 걸림,1,4,699,699.0,2730,2730.0
2026-09-02T09:31:51+09:00,316,시노비고토,1,7,406,406.0,2720,2720.0
2026-09-02T09:31:51+09:00,317,슬램덩크 오리지널 1~31 세트 - 전31권,1,,707,707.0,2707,2707.0
2026-09-02T09:31:51+09:00,318,마스터 키튼 완전판 1~12 세트 - 전12권 (완결),1,,717,717.0,2706,2706.0
2026-09-02T09:31:51+09:00,319,순정 갸루는 여친은 아니지만,1,,84,84.0,2690,2690.0
2026-09-02T09:31:51+09:00,320,켄투리아,1,6,576,576.0,2660,2660.0
2026-09-02T09:31:51+09:00,321,빠져든 침대에서 천사의 자는 얼굴을 보고 싶을 뿐,1,,715,715.0,2640,2640.0
2026-09-02T09:31:51+09:00,322,드래곤볼 완전판 가이드북 LANDMARK,1,,577,577.0,2638,2638.0
2026-09-02T09:31:51+09:00,323,애프터 갓,1,10,83,83.0,2630,2630.0
2026-09-02T09:31:51+09:00,324,"다른 학교 얼음공주를 구했더니, 친구부터 시작하게 되었습니다",1,2,113,113.0,2630,2630.0
2026-09-02T09:31:51+09:00,325,포켓몬스터 스페셜,1,63,211,211.0,2625,2625.0
2026-09-02T09:31:51+09:00,326,유녀전기,1,21,191,191.0,2620,2620.0
2026-09-02T09:31:51+09:00,327,오디세이,1,,901,901.0,2586,2586.0
2026-09-02T09:31:51+09:00,328,사토리×콤플렉스,1,,710,710.0,2580,2580.0
2026-09-02T09:31:51+09:00,329,명탐정 코난 로맨틱 러버스 셀렉션,1,,492,492.0,2560,2560.0
2026-09-02T09:31:51+09:00,330,박시백의 고려사 1~5 세트 - 전5권,1,,711,711.0,2555,2555.0
2026-09-02T09:31:51+09:00,331,나의 행복한 결혼,1,6,490,490.0,2530,2530.0
2026-09-02T09:31:51+09:00,332,망각 배터리,1,23,413,413.0,2500,2500.0
2026-09-02T09:31:51+09:00,333,보이는 여고생,1,12,708,708.0,2500,2500.0
2026-09-02T09:31:51+09:00,334,스파이더맨 / 데드풀 VOL. 1 : 브로맨틱하지 않나요?,1,,721,721.0,2490,2490.0
2026-09-02T09:31:51+09:00,335,톰 폭스의 옷을 입은 캐릭터 드로잉 : 아티스트를 위한 옷과 주름 그리기 가이드,1,,192,192.0,2480,2480.0
2026-09-02T09:31:51+09:00,336,소꿉친구 컴플렉스 4~5 스페셜 세트 - 전2권,1,,302,302.0,2480,2480.0
2026-09-02T09:31:51+09:00,337,44교시 생존수업 1~2 세트 - 전2권,1,,132,132.0,2454,2454.0
2026-09-02T09:31:51+09:00,338,구룡 제네릭 로맨스,1,11,892,892.0,2440,2440.0
2026-09-02T09:31:51+09:00,339,"달은 차고 이지러져, 짐승의 사랑 신장판",1,,94,94.0,2430,2430.0
2026-09-02T09:31:51+09:00,340,드래곤볼 완전판 가이드북 FOREVER,1,,895,895.0,2429,2429.0
2026-09-02T09:31:51+09:00,341,장르를 바꿔보도록 하겠습니다,1,9,719,719.0,2422,2422.0
2026-09-02T09:31:51+09:00,342,이우일의 만화 그리스로마 신화 1~3 세트 - 전3권,1,,301,301.0,2410,2410.0
2026-09-02T09:31:51+09:00,343,우자키 양은 놀고싶어!,1,14,210,210.0,2400,2400.0
2026-09-02T09:31:51+09:00,344,일본삼국,1,7,579,579.0,2395,2395.0
2026-09-02T09:31:51+09:00,345,이토준지 자선 걸작집,1,,720,720.0,2379,2379.0
2026-09-02T09:31:51+09:00,346,이런 게 좋아,1,12,896,896.0,2375,2375.0
2026-09-02T09:31:51+09:00,347,동거하는 검성 여스승이 너무 귀여워서 매일 행복합니다,1,1,489,489.0,2370,2370.0
2026-09-02T09:31:51+09:00,348,유녀전기 대대야사,1,1,303,303.0,2360,2360.0
2026-09-02T09:31:51+09:00,349,공주님 고문의 시간입니다,1,19,352,352.0,2360,2360.0
2026-09-02T09:31:51+09:00,350,건방진 그 녀석,1,1,581,581.0,2347,2347.0
2026-09-02T09:31:51+09:00,351,유감스러운 사랑의 주인공들,1,1,61,61.0,2340,2340.0
2026-09-02T09:31:51+09:00,352,명탐정 코난 : 경찰학교 셀렉션,1,,907,907.0,2307,2307.0
2026-09-02T09:31:51+09:00,353,소드 오라토리아,1,16,583,583.0,2290,2290.0
2026-09-02T09:31:51+09:00,354,너와 우주를 걷기 위하여,1,5,722,722.0,2265,2265.0
2026-09-02T09:31:51+09:00,355,피가 이어지지 않은 우리가 가족이 되는 단 하나의 방법,1,1,145,145.0,2250,2250.0
2026-09-02T09:31:51+09:00,356,귀엽다는 말 들은 적 없어!!,1,10,905,905.0,2238,2238.0
2026-09-02T09:31:51+09:00,357,뒤에 있는 카무이 씨,1,1,60,60.0,2220,2220.0
2026-09-02T09:31:51+09:00,358,아마 그녀는 우리 형을 노리고 있을 거야,1,1,154,154.0,2220,2220.0
2026-09-02T09:31:51+09:00,359,신석기 시대부터 AI 시대까지 만화로 꿰뚫는 경제사,1,,163,163.0,2205,2205.0
2026-09-02T09:31:51+09:00,360,리:블루,1,6,727,727.0,2195,2195.0
2026-09-02T09:31:51+09:00,361,고교 시절에 거만했던 여왕님과의 동거 생활은 의외로 나쁘지 않다,1,1,584,584.0,2190,2190.0
2026-09-02T09:31:51+09:00,362,어쨌든 귀여워,1,25,355,355.0,2170,2170.0
2026-09-02T09:31:51+09:00,363,코믹 어둠의 실력자가 되고 싶어서!,1,15,580,580.0,2170,2170.0
2026-09-02T09:31:51+09:00,364,클레바테스,1,10,723,723.0,2165,2165.0
2026-09-02T09:31:51+09:00,365,무서운 책,1,6,585,585.0,2160,2160.0
2026-09-02T09:31:51+09:00,366,엇갈리는 중앙감정선,1,,76,76.0,2130,2130.0
2026-09-02T09:31:51+09:00,367,선생님으로 ○○하면 안 됩니다!,1,3,305,305.0,2110,2110.0
2026-09-02T09:31:51+09:00,368,제도성배기담 Fate/type Redline,1,6,734,734.0,2110,2110.0
2026-09-02T09:31:51+09:00,369,이 땅에 ADHD로 태어나,1,,899,899.0,2109,2109.0
2026-09-02T09:31:51+09:00,370,격기 3반,1,18,588,588.0,2095,2095.0
2026-09-02T09:31:51+09:00,371,쪽팔려게임 1~2 세트 - 전2권,1,,353,353.0,2080,2080.0
2026-09-02T09:31:51+09:00,372,반장으로서의 책임과 의무,1,7,728,728.0,2030,2030.0
2026-09-02T09:31:51+09:00,373,이상한 집,1,6,735,735.0,2005,2005.0
2026-09-02T09:31:51+09:00,374,파인더의 도피행,1,,193,193.0,2000,2000.0
2026-09-02T09:31:51+09:00,375,"가까이 와줘, 스피카",1,1,731,731.0,1955,1955.0
2026-09-02T09:31:51+09:00,376,소라닌 신장판,1,,917,917.0,1934,1934.0
2026-09-02T09:31:51+09:00,377,마끼아또의 일러스트 레벨업 테크닉,1,,164,164.0,1930,1930.0
2026-09-02T09:31:51+09:00,378,시노와 렌,1,4,908,908.0,1930,1930.0
2026-09-02T09:31:51+09:00,379,피토스포룸 두 번째 잎,1,,592,592.0,1910,1910.0
2026-09-02T09:31:51+09:00,380,얼음 성벽,1,11,926,926.0,1894,1894.0
2026-09-02T09:31:51+09:00,381,눈이 나려 꽃,1,26,110,110.0,1890,1890.0
2026-09-02T09:31:51+09:00,382,데포르메 세계 그리는 법,1,,593,593.0,1890,1890.0
2026-09-02T09:31:51+09:00,383,만화로 보는 일리아스,1,,911,911.0,1890,1890.0
2026-09-02T09:31:51+09:00,384,마법기사 레이어스 원화집,1,,930,930.0,1885,1885.0
2026-09-02T09:31:51+09:00,385,스노우볼 어스,1,4,146,146.0,1880,1880.0
2026-09-02T09:31:51+09:00,386,와카코와 술,1,25,357,357.0,1870,1870.0
2026-09-02T09:31:51+09:00,387,반에서 두 번째로 귀여운 여자애와 친구가 되었다,1,6,167,167.0,1850,1850.0
2026-09-02T09:31:51+09:00,388,쪼그맣고 커다랗고 귀여운 나나세를 착각 전남친한테서 빼앗아 행복하게 한다,1,3,586,586.0,1850,1850.0
2026-09-02T09:31:51+09:00,389,절대 BL이 되는 세계 & 절대 BL이 되지 않는 고교 생활,1,1,591,591.0,1845,1845.0
2026-09-02T09:31:51+09:00,390,킬블루,1,13,237,237.0,1840,1840.0
2026-09-02T09:31:51+09:00,391,방과 후 제방 일지,1,14,743,743.0,1815,1815.0
2026-09-02T09:31:51+09:00,392,내 백합도 영업인 줄 알았어?,1,,213,213.0,1810,1810.0
2026-09-02T09:31:51+09:00,393,비밀법인 데스메이커,1,1,739,739.0,1810,1810.0
2026-09-02T09:31:51+09:00,394,히마텐!,1,4,737,737.0,1800,1800.0
2026-09-02T09:31:51+09:00,395,피토스포룸 첫 번째 잎,1,,740,740.0,1790,1790.0
2026-09-02T09:31:51+09:00,396,겁쟁이페달,1,95,99,99.0,1780,1780.0
2026-09-02T09:31:51+09:00,397,외톨이에는 익숙하니까요. 약혼자 방치 중!,1,3,747,747.0,1775,1775.0
2026-09-02T09:31:51+09:00,398,보루토 -TWO BLUE VORTEX-,1,5,270,270.0,1770,1770.0
2026-09-02T09:31:51+09:00,399,평화로운 나라의 시마자키에게,1,11,746,746.0,1760,1760.0
2026-09-02T09:31:51+09:00,400,몬스터 완전판,1,7,933,933.0,1737,1737.0
2026-09-02T09:31:51+09:00,401,"신 울어라, 펜",1,11,749,749.0,1705,1705.0
2026-09-02T09:31:51+09:00,402,사장과 술과 별,1,3,932,932.0,1680,1680.0
2026-09-02T09:31:51+09:00,403,나쁜 X에게 행복 있으라,1,6,495,495.0,1670,1670.0
2026-09-02T09:31:51+09:00,404,종말의 발키리,1,26,929,929.0,1660,1660.0
2026-09-02T09:31:51+09:00,405,녹풍당의 사계절,1,21,178,178.0,1640,1640.0
2026-09-02T09:31:51+09:00,406,핑키 나이트메어,1,,499,499.0,1625,1625.0
2026-09-02T09:31:51+09:00,407,곰과 토끼는 친구로 지낼 수 없다,1,2,165,165.0,1620,1620.0
2026-09-02T09:31:51+09:00,408,긴키 지방의 어느 장소에 대하여,1,2,748,748.0,1611,1611.0
2026-09-02T09:31:51+09:00,409,고랭순대 작품집,1,7,106,106.0,1570,1570.0
2026-09-02T09:31:51+09:00,410,이기적 연애론,1,3,595,595.0,1570,1570.0
2026-09-02T09:31:51+09:00,411,길가메쉬,1,,934,934.0,1569,1569.0
2026-09-02T09:31:51+09:00,412,아카네 이야기,1,15,176,176.0,1565,1565.0
2026-09-02T09:31:51+09:00,413,만화를 잘 그리기 위한 노하우 도감,1,,179,179.0,1560,1560.0
2026-09-02T09:31:51+09:00,414,아인,1,13,939,939.0,1548,1548.0
2026-09-02T09:31:51+09:00,415,라라의 결혼,1,8,501,501.0,1520,1520.0
2026-09-02T09:31:51+09:00,416,극한견주,1,6,763,763.0,1515,1515.0
2026-09-02T09:31:51+09:00,417,힛 미 하드,1,1,597,597.0,1490,1490.0
2026-09-02T09:31:51+09:00,418,백조 무덤,1,1,751,751.0,1485,1485.0
2026-09-02T09:31:51+09:00,419,하이큐!! 컴플리트 일러스트레이션 북 끝과 시작,1,,946,946.0,1461,1461.0
2026-09-02T09:31:51+09:00,420,전격데이지 애장판,1,1,272,272.0,1450,1450.0
2026-09-02T09:31:51+09:00,421,노이지 룸메이트,1,6,753,753.0,1440,1440.0
2026-09-02T09:31:51+09:00,422,모스크바 2160,1,4,758,758.0,1430,1430.0
2026-09-02T09:31:51+09:00,423,아자미 야코를 좋아하게 된다,1,2,502,502.0,1420,1420.0
2026-09-02T09:31:51+09:00,424,킬러의 최애,1,4,133,133.0,1380,1380.0
2026-09-02T09:31:51+09:00,425,추방 당한 전생 중기사는 게임 지식으로 무쌍한다,1,12,309,309.0,1380,1380.0
2026-09-02T09:31:51+09:00,426,서뱀프 Servamp 23~24 세트 - 전2권,1,,364,364.0,1330,1330.0
2026-09-02T09:31:51+09:00,427,독점 마이 히어로,1,15,180,180.0,1310,1310.0
2026-09-02T09:31:51+09:00,428,세월이 흘러 다리로 간다,1,12,600,600.0,1300,1300.0
2026-09-02T09:31:51+09:00,429,버림받은 공작 부인은 평온한 생활을 희망합니다,1,1,757,757.0,1300,1300.0
2026-09-02T09:31:51+09:00,430,내가 죽을 뿐인 100가지 괴담,1,2,762,762.0,1300,1300.0
2026-09-02T09:31:51+09:00,431,책벌레의 하극상 제4부 : 귀족원의 도서관을 구하고 싶어!,1,10,505,505.0,1290,1290.0
2026-09-02T09:31:51+09:00,432,라면 재유기,1,13,195,195.0,1250,1250.0
2026-09-02T09:31:51+09:00,433,니시코 군과 히가시가와 군,1,1,950,950.0,1240,1240.0
2026-09-02T09:31:51+09:00,434,동인녀의 감정 1 : 동인판,1,,949,949.0,1222,1222.0
2026-09-02T09:31:51+09:00,435,이우일의 만화 그리스로마 신화,1,3,759,759.0,1215,1215.0
2026-09-02T09:31:51+09:00,436,쿠로이와 메다카에게 내 귀여움이 통하지 않아,1,23,944,944.0,1200,1200.0
2026-09-02T09:31:51+09:00,437,장하다! 원조 괴짜가족,1,13,953,953.0,1185,1185.0
2026-09-02T09:31:51+09:00,438,뇌를 바꾸려는 사람들,1,,603,603.0,1180,1180.0
2026-09-02T09:31:51+09:00,439,"새벽, 구름, 강",1,6,951,951.0,1170,1170.0
2026-09-02T09:31:51+09:00,440,코믹 무직전생,1,21,503,503.0,1160,1160.0
2026-09-02T09:31:51+09:00,441,로스타임에 작별 인사를 Home and Away,1,,760,760.0,1160,1160.0
2026-09-02T09:31:51+09:00,442,녹는 눈과 아가판서스,1,1,601,601.0,1150,1150.0
2026-09-02T09:31:51+09:00,443,이세계 전생 던전 마스터 온천 던전을 만들다,1,1,242,242.0,1130,1130.0
2026-09-02T09:31:51+09:00,444,"아리스, 우주까지도",1,4,602,602.0,1130,1130.0
2026-09-02T09:31:51+09:00,445,달의 아이 신장판,1,8,148,148.0,1110,1110.0
2026-09-02T09:31:51+09:00,446,핑크 하트 잼 beat,1,2,954,954.0,1100,1100.0
2026-09-02T09:31:51+09:00,447,여주인공인데 잘생긴 아이돌♂이 되었습니다?!,1,3,955,955.0,1100,1100.0
2026-09-02T09:31:51+09:00,448,아이들의 장난감 애장판 1~7 세트 - 전7권 (완결),1,,966,966.0,1096,1096.0
2026-09-02T09:31:51+09:00,449,뉴노멀,1,8,424,424.0,1060,1060.0
2026-09-02T09:31:51+09:00,450,은하영웅전설,1,31,761,761.0,1060,1060.0
2026-09-02T09:31:51+09:00,451,퀸즈 퀄리티,1,1,312,312.0,1040,1040.0
2026-09-02T09:31:51+09:00,452,홀로서기 마왕성,1,12,147,147.0,1035,1035.0
2026-09-02T09:31:51+09:00,453,처형당한 현자는 리치로 전생하여 침략전쟁을 시작한다,1,15,273,273.0,1010,1010.0
2026-09-02T09:31:51+09:00,454,가짜 연금술사,1,4,426,426.0,1000,1000.0
2026-09-02T09:31:51+09:00,455,펜과 수갑과 사실혼,1,4,965,965.0,1000,1000.0
2026-09-02T09:31:51+09:00,456,책벌레의 하극상 제2부 : 책을 위해서라면 무녀가 되겠어,1,13,765,765.0,990,990.0
2026-09-02T09:31:51+09:00,457,치하야 리스타트!,1,2,274,274.0,970,970.0
2026-09-02T09:31:51+09:00,458,사자나미 군이 가장 싫어하는 남자,1,,510,510.0,970,970.0
2026-09-02T09:31:51+09:00,459,꿈자리가 이상한데요?! 외전,1,,605,605.0,950,950.0
2026-09-02T09:31:51+09:00,460,타베모노로그,1,,613,613.0,940,940.0
2026-09-02T09:31:51+09:00,461,최애의 성벽이 너무 위험하다고요!,1,1,769,769.0,930,930.0
2026-09-02T09:31:51+09:00,462,특별한 도라에몽 : 언제나 마음속에 친구 편,1,9,962,962.0,930,930.0
2026-09-02T09:31:51+09:00,463,페이스리스 드롭아웃,1,1,434,434.0,910,910.0
2026-09-02T09:31:51+09:00,464,"매지컬★익스플로러 : 에로게임의 친구 캐릭터로 전생했지만, 게임 지식을 써서 자유롭게 살아간다",1,12,766,766.0,910,910.0
2026-09-02T09:31:51+09:00,465,바키도,1,11,610,610.0,900,900.0
2026-09-02T09:31:51+09:00,466,우린 엇갈리고 있다,1,1,239,239.0,890,890.0
2026-09-02T09:31:51+09:00,467,고수,1,7,973,973.0,882,882.0
2026-09-02T09:31:51+09:00,468,월광천녀 애장판,1,8,181,181.0,880,880.0
2026-09-02T09:31:51+09:00,469,선생님! 저희들이 세계를 멸망시킵니다.,1,9,507,507.0,870,870.0
2026-09-02T09:31:51+09:00,470,오늘부터 시작하는 소꿉친구,1,9,606,606.0,870,870.0
2026-09-02T09:31:51+09:00,471,도망을 잘 치는 도련님,1,22,432,432.0,855,855.0
2026-09-02T09:31:51+09:00,472,전생 악녀의 흑역사,1,18,276,276.0,850,850.0
2026-09-02T09:31:51+09:00,473,트릴리온 게임,1,10,608,608.0,850,850.0
2026-09-02T09:31:51+09:00,474,1초,1,24,767,767.0,840,840.0
2026-09-02T09:31:51+09:00,475,특별한 도라에몽 : 쿵짜라♪ 울려퍼지는 음악 편,1,8,971,971.0,840,840.0
2026-09-02T09:31:51+09:00,476,우리들은 미쳤다 연모,1,4,313,313.0,830,830.0
2026-09-02T09:31:51+09:00,477,시오타 선생님과 아마이양,1,7,366,366.0,830,830.0
2026-09-02T09:31:51+09:00,478,택배기사 형이랑 잘 될 수 있을까?,1,,969,969.0,820,820.0
2026-09-02T09:31:51+09:00,479,악마이자 여경!,1,2,976,976.0,820,820.0
2026-09-02T09:31:51+09:00,480,룸메이트,1,1,214,214.0,800,800.0
2026-09-02T09:31:51+09:00,481,마왕과 용사의 사랑의 도피 바캉스,1,,609,609.0,800,800.0
2026-09-02T09:31:51+09:00,482,호스트와 사축,1,1,970,970.0,800,800.0
2026-09-02T09:31:51+09:00,483,W 줄리엣 2부,1,16,428,428.0,790,790.0
2026-09-02T09:31:51+09:00,484,블랙 라군 : 청소부 소여 해체! 고어고어 무스메,1,4,770,770.0,760,760.0
2026-09-02T09:31:51+09:00,485,월간 트릴레마,1,1,435,435.0,750,750.0
2026-09-02T09:31:51+09:00,486,꿈사랑 ~꿈에서 우리는 사랑에 빠진다~,1,4,981,981.0,750,750.0
2026-09-02T09:31:51+09:00,487,탱크체어 TANK CHAIR,1,4,427,427.0,740,740.0
2026-09-02T09:31:51+09:00,488,아질 Asyl,1,1,974,974.0,740,740.0
2026-09-02T09:31:51+09:00,489,마로니에 왕국의 7인의 기사,1,7,315,315.0,730,730.0
2026-09-02T09:31:51+09:00,490,응원 걸!,1,1,511,511.0,730,730.0
2026-09-02T09:31:51+09:00,491,술에 취한 영애가 영웅을 몰라보고 구혼한 결과,1,1,278,278.0,710,710.0
2026-09-02T09:31:51+09:00,492,사랑할 자격,1,3,429,429.0,690,690.0
2026-09-02T09:31:51+09:00,493,룸 투어즈,1,2,771,771.0,690,690.0
2026-09-02T09:31:51+09:00,494,렛츠고 괴기조,1,5,314,314.0,660,660.0
2026-09-02T09:31:51+09:00,495,주인공은 될 수 없지만,1,,612,612.0,660,660.0
2026-09-02T09:31:51+09:00,496,섀도 하우스,1,20,978,978.0,655,655.0
2026-09-02T09:31:51+09:00,497,키스 다음부터는 애드리브로,1,,277,277.0,630,630.0
2026-09-02T09:31:51+09:00,498,일하지 않는 두사람,1,32,975,975.0,630,630.0
2026-09-02T09:31:51+09:00,499,톰 폭스의 옷을 입은 캐릭터 드로잉 : 옷과 주름 그리기 워크북,1,,977,977.0,630,630.0
2026-09-02T09:31:51+09:00,500,미와 씨 행세를 합니다,1,14,514,514.0,620,620.0
2026-09-02T09:31:51+09:00,501,떨거지 인어 디아나,1,1,773,773.0,610,610.0
2026-09-02T09:31:51+09:00,502,공각기동대 -HUMAN ERROR PROCESSER-,1,,616,616.0,580,580.0
2026-09-02T09:31:51+09:00,503,친구 여동생이 나한테만 짜증나게 군다,1,9,615,615.0,560,560.0
2026-09-02T09:31:51+09:00,504,영국 낭만 희화 포레스트 아이비,1,1,775,775.0,510,510.0
2026-09-02T09:31:51+09:00,505,영세 소녀의 싸우는 법,1,7,776,776.0,510,510.0
2026-09-02T09:31:51+09:00,506,특급 알파가 사랑한 오메가,1,,984,984.0,500,500.0
2026-09-02T09:31:51+09:00,507,133cm의 풍경,1,4,985,985.0,495,495.0
2026-09-02T09:31:51+09:00,508,전생했더니 검이었습니다 Another Wish,1,5,617,617.0,490,490.0
2026-09-02T09:31:51+09:00,509,순애 러브하울링,1,,618,618.0,470,470.0
2026-09-02T09:31:51+09:00,510,벼랑 끝의 영애는 흑기사님을 반하게 하고 싶어,1,1,614,614.0,460,460.0
2026-09-02T09:31:51+09:00,511,회각의 용사,1,2,513,513.0,430,430.0
2026-09-02T09:31:51+09:00,512,내일은 어느 쪽!,1,12,774,774.0,430,430.0
2026-09-02T09:31:51+09:00,513,파도였던 날들,1,,779,779.0,410,410.0
2026-09-02T09:31:51+09:00,514,신에게 맹세코 거짓입니다,1,2,988,988.0,410,410.0
2026-09-02T09:31:51+09:00,515,숲 변두리의 꼬마 마녀,1,1,778,778.0,380,380.0
2026-09-02T09:31:51+09:00,516,1to10,1,2,989,989.0,370,370.0
2026-09-02T09:31:51+09:00,517,안티 페이크 러브,1,,990,990.0,330,330.0
2026-09-02T09:31:51+09:00,518,거짓 사랑을 꿰뚫다,1,,991,991.0,330,330.0
2026-09-02T09:31:51+09:00,519,퍼펙트 어딕션,1,3,992,992.0,260,260.0
2026-09-02T09:31:51+09:00,520,에리스의 성배,1,6,993,993.0,260,260.0
2026-09-03T09:11:13+09:00,1,헌터x헌터 HunterXHunter 신장판,38,"1, 2, 3, 4, 5, 6, 7, 8, 9, 10, 11, 12, 13, 14, 15, 16, 17, 18, 19, 20, 21, 22, 23, 24, 25, 26, 27, 28, 29, 30, 31, 32, 33, 34, 35, 36, 37, 38",217,393.66,188878,4970.47
2026-09-03T09:11:13+09:00,2,주술회전,27,"1, 2, 3, 4, 5, 6, 7, 8, 9, 10, 14, 15, 16, 17, 18, 19, 20, 21, 22, 23, 24, 25, 26, 27, 28, 29, 30",222,529.52,173344,6420.15
2026-09-03T09:11:13+09:00,3,향기로운 꽃은 늠름하게 핀다,21,"1, 2, 3, 4, 5, 6, 7, 8, 9, 10, 11, 12, 13, 14, 15, 16, 17, 18, 19, 20, 21",119,340.19,117140,5578.1
2026-09-03T09:11:13+09:00,4,지박소년 하나코 군,18,"0, 1, 2, 3, 6, 7, 8, 9, 13, 17, 18, 19, 20, 22, 23, 24, 25",229,620.06,88142,4896.78
2026-09-03T09:11:13+09:00,5,GACHIAKUTA,15,"1, 2, 3, 5, 6, 10, 11, 12, 13, 14, 15, 16, 17, 18",44,624.67,83869,5591.27
2026-09-03T09:11:13+09:00,6,황천의 츠가이,13,"1, 2, 3, 4, 5, 7, 8, 9, 10, 11, 12",15,459.08,72767,5597.46
2026-09-03T09:11:13+09:00,7,사카모토 데이즈,10,"10, 16, 18, 21, 22, 23, 24, 25, 26, 27",5,612.0,84493,8449.3
2026-09-03T09:11:13+09:00,8,장송의 프리렌,10,"1, 2, 4, 5, 6, 10, 12, 13, 14, 15",81,598.5,53429,5342.9
2026-09-03T09:11:13+09:00,9,먼작귀,10,"1, 2, 3, 4, 5",432,598.0,22587,2258.7
2026-09-03T09:11:13+09:00,10,야마다 군과 Lv999의 사랑을 하다,9,"1, 2, 3, 4, 5, 6, 7, 8",6,197.22,87593,9732.56
2026-09-03T09:11:13+09:00,11,마루는 강쥐,9,"1, 2, 3, 4, 5, 6, 7, 8, 9",77,530.78,50299,5588.78
2026-09-03T09:11:13+09:00,12,슈퍼 뒤에서 담배 피우는 두 사람,8,"1, 2, 3, 4, 5, 6, 7, 8",40,80.5,86996,10874.5
2026-09-03T09:11:13+09:00,13,불가항력의 I LOVE YOU,8,"1, 2, 3, 4, 5, 6, 7, 8",128,233.75,83201,10400.12
2026-09-03T09:11:13+09:00,14,명탐정 코난,8,"104, 105, 106, 107, 108",11,403.38,76228,9528.5
2026-09-03T09:11:13+09:00,15,하이큐!!,8,"1, 38, 40, 41, 42, 43, 44, 45",487,712.62,27444,3430.5
2026-09-03T09:11:13+09:00,16,정반대의 너와 나,8,"1, 2, 3, 4, 5, 6, 7, 8",370,484.25,20786,2598.25
2026-09-03T09:11:13+09:00,17,팔견전,8,"14, 16, 17, 20, 21, 22, 23, 24",591,793.12,20701,2587.62
2026-09-03T09:11:13+09:00,18,네가 죽을 때까지 사랑하고 싶어,8,"1, 2, 3, 4, 5, 6, 7, 8",369,609.88,17355,2169.38
2026-09-03T09:11:13+09:00,19,찍히지 않습니다,7,"1, 2, 3, 5, 6, 7",143,598.57,52956,7565.14
2026-09-03T09:11:13+09:00,20,그 비스크 돌은 사랑을 한다,7,"1, 2, 5, 11, 13, 14, 15",350,722.43,42174,6024.86
2026-09-03T09:11:13+09:00,21,얼굴만으론 좋아할 수 없어요,7,"5, 9, 10, 15, 16, 17",135,643.57,32010,4572.86
2026-09-03T09:11:13+09:00,22,약사의 혼잣말,7,"1, 2, 3, 14, 16, 21",397,715.57,28503,4071.86
2026-09-03T09:11:13+09:00,23,원피스,6,"1, 101, 110, 112, 113, 114",28,366.83,121571,20261.83
2026-09-03T09:11:13+09:00,24,타몬 군 지금 어느 쪽?!,6,"9, 10, 11, 12, 13",9,412.0,56694,9449.0
2026-09-03T09:11:13+09:00,25,단다단,6,"16, 17, 18, 19, 20, 21",29,549.17,36461,6076.83
2026-09-03T09:11:13+09:00,26,아름다운 초저녁달,6,"2, 3, 4, 6, 8, 10",301,775.83,34382,5730.33
2026-09-03T09:11:13+09:00,27,비실비실 선생님,6,"11, 12, 13, 14, 15, 16",55,596.5,33946,5657.67
2026-09-03T09:11:13+09:00,28,귀멸의 칼날,6,"1, 11, 14, 20, 22, 23",551,801.33,33519,5586.5
2026-09-03T09:11:13+09:00,29,담배 고양이,6,"1, 2, 3, 4, 5, 6",74,193.33,27374,4562.33
2026-09-03T09:11:13+09:00,30,블루 록,6,"1, 3, 5, 6, 35, 36",278,698.0,26677,4446.17
2026-09-03T09:11:13+09:00,31,블리치 리믹스,6,"1, 2, 3, 15, 16, 17",10,486.0,18974,3162.33
2026-09-03T09:11:13+09:00,32,스파이 패밀리,5,"1, 14, 15, 16, 17",1,430.8,88272,17654.4
2026-09-03T09:11:13+09:00,33,엄마를 만나러 가는 길,5,"1, 2, 3, 4",95,134.2,60158,12031.6
2026-09-03T09:11:13+09:00,34,모모세 아키라의 첫사랑 파탄 중,5,"2, 3, 4, 5, 6",20,581.0,47789,9557.8
2026-09-03T09:11:13+09:00,35,카구라바치,5,"1, 7, 8, 9, 10",133,590.8,41008,8201.6
2026-09-03T09:11:13+09:00,36,기븐,5,"1, 2, 6, 8, 9",411,633.8,22791,4558.2
2026-09-03T09:11:13+09:00,37,운명의 사람을 만나는 이야기,5,"1, 2, 3, 4, 8",88,767.4,19780,3956.0
2026-09-03T09:11:13+09:00,38,지. : 지구의 운동에 대하여,5,"1, 2, 3, 4, 5",409,780.4,17924,3584.8
2026-09-03T09:11:13+09:00,39,100미터,5,"1, 2, 3, 4, 5",759,919.4,11897,2379.4
2026-09-03T09:11:13+09:00,40,오란고교 호스트부,5,"1, 2, 3, 8, 17",595,812.6,11836,2367.2
2026-09-03T09:11:13+09:00,41,풀 나이트,5,"1, 2, 3, 4, 5",332,511.2,6482,1296.4
2026-09-03T09:11:13+09:00,42,체인소 맨,4,"20, 21, 22, 23",134,518.25,59653,14913.25
2026-09-03T09:11:13+09:00,43,마남 이치,4,"1, 2, 5, 6",2,282.0,47064,11766.0
2026-09-03T09:11:13+09:00,44,봄의 폭풍과 몬스터,4,"5, 7, 8, 9",26,436.25,37355,9338.75
2026-09-03T09:11:13+09:00,45,캐릭캐릭 체인지! Jewel Joker 주얼 조커,4,"1, 2, 3",118,558.75,36612,9153.0
2026-09-03T09:11:13+09:00,46,반딧불이의 혼례,4,"4, 9, 10, 11",214,502.25,35472,8868.0
2026-09-03T09:11:13+09:00,47,옆자리 녀석이 그런 눈으로 쳐다본다,4,"1, 2, 3, 4",41,84.25,27550,6887.5
2026-09-03T09:11:13+09:00,48,괴수 8호,4,"1, 2, 3, 16",546,803.5,24228,6057.0
2026-09-03T09:11:13+09:00,49,마법소녀를 동경해서,4,"1, 5, 6, 7",25,325.25,23545,5886.25
2026-09-03T09:11:13+09:00,50,세금으로 산 책,4,"1, 2, 3, 4",67,144.75,17130,4282.5
2026-09-03T09:11:13+09:00,51,나나 NANA 완전판,4,"9, 10, 11, 12",37,300.75,15935,3983.75
2026-09-03T09:11:13+09:00,52,달빛천사 애장판,4,"1, 2, 3, 4",260,379.75,12669,3167.25
2026-09-03T09:11:13+09:00,53,창천항로 애장판,4,"1, 2, 3, 4",49,346.0,12490,3122.5
2026-09-03T09:11:13+09:00,54,나루토 Naruto,4,"1, 3, 8, 13",726,886.75,12404,3101.0
2026-09-03T09:11:13+09:00,55,이거 그리고 죽어,4,"1, 2, 7, 8",42,583.75,11847,2961.75
2026-09-03T09:11:13+09:00,56,스킵과 로퍼,3,"1, 11, 12",3,400.67,47251,15750.33
2026-09-03T09:11:13+09:00,57,봇치·더·록! 외전 히로이 키쿠리의 과음일기,3,"4, 5, 6",8,300.33,43811,14603.67
2026-09-03T09:11:13+09:00,58,팬텀 버스터즈,3,"5, 7",51,363.67,40516,13505.33
2026-09-03T09:11:13+09:00,59,원펀맨 One Punch Man,3,"31, 34, 35",80,379.0,34975,11658.33
2026-09-03T09:11:13+09:00,60,너와 장밋빛 매일,3,"1, 2, 3",92,564.67,33934,11311.33
2026-09-03T09:11:13+09:00,61,아멜리아의 호기심 많은 로맨스,3,"1, 2, 3",4,131.33,30467,10155.67
2026-09-03T09:11:13+09:00,62,킹덤 Kingdom,3,"76, 77, 78",12,377.33,20701,6900.33
2026-09-03T09:11:13+09:00,63,귀멸 학원!,3,"2, 3, 4",679,737.67,18032,6010.67
2026-09-03T09:11:13+09:00,64,타워 던전,3,"1, 4, 5",475,507.33,15862,5287.33
2026-09-03T09:11:13+09:00,65,애태울 정도의 사랑을 알아라,3,"1, 2, 3",557,626.33,14350,4783.33
2026-09-03T09:11:13+09:00,66,완전 쓰레기인 와타라세인데,3,"1, 3",477,682.33,14202,4734.0
2026-09-03T09:11:13+09:00,67,김전일 아빠의 사건부,3,"1, 2, 3",575,798.33,12170,4056.67
2026-09-03T09:11:13+09:00,68,장례식 케이크 전문점 연옥당,3,"1, 2, 3",233,284.0,11856,3952.0
2026-09-03T09:11:13+09:00,69,꿈빛 파티시엘 신장판,3,"1, 2, 3",712,775.0,11607,3869.0
2026-09-03T09:11:13+09:00,70,Myther,3,"1, 2, 3",36,414.33,11478,3826.0
2026-09-03T09:11:13+09:00,71,야쿠자 때문에 목욕탕에서 일하고 있습니다,3,"1, 2, 3",714,720.67,11023,3674.33
2026-09-03T09:11:13+09:00,72,블루 자이언트 모멘텀,3,"4, 6, 7",43,502.0,10270,3423.33
2026-09-03T09:11:13+09:00,73,블루 피리어드,3,"6, 7",45,390.67,9560,3186.67
2026-09-03T09:11:13+09:00,74,건방진 그 녀석,3,"1, 2, 3",431,730.67,6620,2206.67
2026-09-03T09:11:13+09:00,75,다크 개더링,3,"1, 2, 3",514,554.0,5540,1846.67
2026-09-03T09:11:13+09:00,76,못 미더운 악녀입니다만 : ~추궁접서 교체전~,3,"7, 9, 10",108,567.0,4553,1517.67
2026-09-03T09:11:13+09:00,77,작전명 순정,3,"7, 8, 9",333,348.67,2830,943.33
2026-09-03T09:11:13+09:00,78,여학교의 별,2,"2, 4",460,641.5,45353,22676.5
2026-09-03T09:11:13+09:00,79,가르쳐줘 집사,2,"1, 2",243,271.5,24289,12144.5
2026-09-03T09:11:13+09:00,80,나츠메 우인장,2,"31, 32",33,434.5,20429,10214.5
2026-09-03T09:11:13+09:00,81,요리 군과 다시 만날 수는 없어!,2,"1, 2",47,52.5,19845,9922.5
2026-09-03T09:11:13+09:00,82,디그 잇,2,"1, 3",22,500.5,19150,9575.0
2026-09-03T09:11:13+09:00,83,모 이야기,2,2,656,664.0,17087,8543.5
2026-09-03T09:11:13+09:00,84,루리 드래곤,2,"4, 5",196,513.0,16927,8463.5
2026-09-03T09:11:13+09:00,85,새벽의 연화,2,"46, 47",98,185.0,16420,8210.0
2026-09-03T09:11:13+09:00,86,전지적 독자 시점,2,"19, 20",53,304.0,16175,8087.5
2026-09-03T09:11:13+09:00,87,귀멸의 칼날 : 공식 팬북 귀살대 견문록,2,2,827,836.5,16082,8041.0
2026-09-03T09:11:13+09:00,88,3월의 벽력,2,"1, 2",34,126.0,16038,8019.0
2026-09-03T09:11:13+09:00,89,슈퍼 러버즈,2,"18, 19",113,403.5,13455,6727.5
2026-09-03T09:11:13+09:00,90,보석함에 사랑을 채우자,2,1,553,715.0,12835,6417.5
2026-09-03T09:11:13+09:00,91,이세계 삼촌,2,"13, 14",23,305.0,11475,5737.5
2026-09-03T09:11:13+09:00,92,양 선배는 혼자서 살아갈 수 없어,2,"1, 2",197,311.0,11390,5695.0
2026-09-03T09:11:13+09:00,93,Re : 제로부터 시작하는 이세계 생활,2,"42, 43",176,227.5,11210,5605.0
2026-09-03T09:11:13+09:00,94,남편을 내 편으로 만드는 방법,2,5,94,192.0,10950,5475.0
2026-09-03T09:11:13+09:00,95,야화첩,2,"8, 9",16,16.5,10700,5350.0
2026-09-03T09:11:13+09:00,96,나의 첫 섹파,2,"1, 2",21,67.5,10670,5335.0
2026-09-03T09:11:13+09:00,97,첫사랑은 나의 오빠,2,"1, 2",73,149.5,10480,5240.0
2026-09-03T09:11:13+09:00,98,노아 선배는 친구,2,"9, 10",63,391.5,10240,5120.0
2026-09-03T09:11:13+09:00,99,나 혼자만 레벨업 : 라그나로크,2,"2, 3",167,527.5,9946,4973.0
2026-09-03T09:11:13+09:00,100,메이드 인 어비스,2,"13, 14",97,408.0,9659,4829.5
2026-09-03T09:11:13+09:00,101,오가미 츠미키와 기일상,2,"6, 7",144,361.5,9260,4630.0
2026-09-03T09:11:13+09:00,102,내 마음의 위험한 녀석,2,"12, 13",255,479.5,9132,4566.0
2026-09-03T09:11:13+09:00,103,Veil,2,"1, 7",356,424.5,8768,4384.0
2026-09-03T09:11:13+09:00,104,방과 후 소년 하나코 군,2,2,224,296.0,8751,4375.5
2026-09-03T09:11:13+09:00,105,보이시한 여자친구가 너무 귀여워,2,5,398,677.5,8685,4342.5
2026-09-03T09:11:13+09:00,106,수상한 경찰,2,"1, 2",200,217.5,8545,4272.5
2026-09-03T09:11:13+09:00,107,꿈인지 생시인지,2,"3, 4",24,489.0,8030,4015.0
2026-09-03T09:11:13+09:00,108,아이다이로 화집 지박소년 하나코 군,2,2,121,139.0,7924,3962.0
2026-09-03T09:11:13+09:00,109,이력서,2,"2, 3",64,490.5,7880,3940.0
2026-09-03T09:11:13+09:00,110,요괴소년 호야 완전판,2,"3, 4",19,387.5,7860,3930.0
2026-09-03T09:11:13+09:00,111,전생했더니 슬라임이었던 건에 대하여,2,"23, 30",486,611.5,7585,3792.5
2026-09-03T09:11:13+09:00,112,비교하고 검토하는 교열부의 쿠쥬 씨,2,"1, 2",496,610.5,7555,3777.5
2026-09-03T09:11:13+09:00,113,패배 히로인이 너무 많아!,2,"5, 8",717,726.5,7381,3690.5
2026-09-03T09:11:13+09:00,114,원룸 조교님,2,"1, 2",911,915.0,6869,3434.5
2026-09-03T09:11:13+09:00,115,그리고 마녀는 숲으로 갔다,2,"1, 2",179,250.5,6858,3429.0
2026-09-03T09:11:13+09:00,116,묘쌤은 이렇게 말했다,2,"10, 11",407,679.0,6840,3420.0
2026-09-03T09:11:13+09:00,117,이번 생은 가주가 되겠습니다 2부,2,6,483,499.0,6810,3405.0
2026-09-03T09:11:13+09:00,118,베르세르크,2,"1, 42",898,934.0,6485,3242.5
2026-09-03T09:11:13+09:00,119,참을 수 없는 건 사랑인 걸까,2,"4, 6",39,392.5,6361,3180.5
2026-09-03T09:11:13+09:00,120,악마에 입문했습니다! 이루마 군 : if Episode of 마피아,2,"2, 7",360,666.5,6354,3177.0
2026-09-03T09:11:13+09:00,121,천막의 자두가르,2,"3, 5",916,936.0,6144,3072.0
2026-09-03T09:11:13+09:00,122,흑무경담,2,"1, 2",604,604.5,5750,2875.0
2026-09-03T09:11:13+09:00,123,여우 우리군,2,1,78,93.5,5570,2785.0
2026-09-03T09:11:13+09:00,124,서유요원전 서역편 : 화염산의 장,2,"3, 4",287,287.5,5410,2705.0
2026-09-03T09:11:13+09:00,125,타로의 얼렁뚱땅,2,"1, 2",367,647.5,5360,2680.0
2026-09-03T09:11:13+09:00,126,벨 푸페의 슈퍼달링 약혼,2,2,600,611.0,5240,2620.0
2026-09-03T09:11:13+09:00,127,만화 인소의 법칙,2,9,145,259.0,5090,2545.0
2026-09-03T09:11:13+09:00,128,추우면 변하는 헤비가미 군,2,"1, 2",236,421.5,5030,2515.0
2026-09-03T09:11:13+09:00,129,포켓몬스터 스페셜,2,"2, 63",168,579.0,4952,2476.0
2026-09-03T09:11:13+09:00,130,세레나,2,"9, 10",757,863.0,4905,2452.5
2026-09-03T09:11:13+09:00,131,"달은 차고 이지러져, 짐승의 사랑 신장판",2,,50,296.5,4800,2400.0
2026-09-03T09:11:13+09:00,132,너를 잊을 사랑이 하고 싶어,2,7,46,68.5,4570,2285.0
2026-09-03T09:11:13+09:00,133,커다란 네가 제일 귀여워,2,,100,153.0,4520,2260.0
2026-09-03T09:11:13+09:00,134,얼음 성벽,2,"11, 14",947,965.5,4467,2233.5
2026-09-03T09:11:13+09:00,135,할렐루야 베이비,2,"1, 5",292,620.5,4453,2226.5
2026-09-03T09:11:13+09:00,136,마가이모노,2,"1, 2",340,426.0,4320,2160.0
2026-09-03T09:11:13+09:00,137,온통 여우,2,1,86,190.0,3920,1960.0
2026-09-03T09:11:13+09:00,138,아오아시,2,"16, 17",204,236.0,3000,1500.0
2026-09-03T09:11:13+09:00,139,만화 이상적인 기둥서방 생활,2,"10, 11",188,228.5,2950,1475.0
2026-09-03T09:11:13+09:00,140,곰과 토끼는 친구로 지낼 수 없다,2,"1, 2",161,479.0,2860,1430.0
2026-09-03T09:11:13+09:00,141,호랑이형님,2,"20, 21",330,387.5,2830,1415.0
2026-09-03T09:11:13+09:00,142,커들,2,"1, 2",331,561.0,2728,1364.0
2026-09-03T09:11:13+09:00,143,단둘만의 로맨틱,2,"1, 3",792,793.5,2336,1168.0
2026-09-03T09:11:13+09:00,144,사랑해 게임을 끝내고 싶어,2,"4, 7",643,719.5,1978,989.0
2026-09-03T09:11:13+09:00,145,냄비로 총알을 막아내며,2,"2, 3",186,186.5,1960,980.0
2026-09-03T09:11:13+09:00,146,오컬트 타임즈,2,1,184,500.0,1840,920.0
2026-09-03T09:11:13+09:00,147,건강하고 문화적인 최저한도의 생활,2,"11, 12",532,669.0,1800,900.0
2026-09-03T09:11:13+09:00,148,꿀과 극약,2,"1, 2",798,799.0,1790,895.0
2026-09-03T09:11:13+09:00,149,포켓몬 생태도감,1,,18,18.0,71779,71779.0
2026-09-03T09:11:13+09:00,150,패밀리 레스토랑 가자. 下,1,,30,30.0,61935,61935.0
2026-09-03T09:11:13+09:00,151,소년과 두더지와 여우와 말,1,,66,66.0,60825,60825.0
2026-09-03T09:11:13+09:00,152,룩 백,1,,89,89.0,35305,35305.0
2026-09-03T09:11:13+09:00,153,패밀리 레스토랑 가자. 上,1,,150,150.0,31404,31404.0
2026-09-03T09:11:13+09:00,154,가라오케 가자!,1,,162,162.0,28732,28732.0
2026-09-03T09:11:13+09:00,155,사피엔스 : 그래픽 히스토리 Vol.1,1,,298,298.0,26306,26306.0
2026-09-03T09:11:13+09:00,156,책이라면 팔 만큼,1,1,13,13.0,26305,26305.0
2026-09-03T09:11:13+09:00,157,주술회전 모듈로,1,1,101,101.0,25460,25460.0
2026-09-03T09:11:13+09:00,158,포켓몬 생태도감 특별판,1,,241,241.0,22945,22945.0
2026-09-03T09:11:13+09:00,159,언제나 기억해,1,,190,190.0,17686,17686.0
2026-09-03T09:11:13+09:00,160,헬싱 한정판 1~5 세트 - 전5권,1,,32,32.0,17595,17595.0
2026-09-03T09:11:13+09:00,161,만화의 원리,1,,210,210.0,17593,17593.0
2026-09-03T09:11:13+09:00,162,도쿄 에일리언즈,1,12,383,383.0,16565,16565.0
2026-09-03T09:11:13+09:00,163,메달리스트,1,14,342,342.0,16240,16240.0
2026-09-03T09:11:13+09:00,164,포인트 캐릭터 드로잉 - 전2권,1,,382,382.0,16159,16159.0
2026-09-03T09:11:13+09:00,165,"안녕, 에리",1,,385,385.0,15439,15439.0
2026-09-03T09:11:13+09:00,166,페르세폴리스,1,,191,191.0,15148,15148.0
2026-09-03T09:11:13+09:00,167,매거진 조이 Vol.3 : 가비지타임,1,,461,461.0,14360,14360.0
2026-09-03T09:11:13+09:00,168,쥐 The Complete Maus 합본,1,,343,343.0,13808,13808.0
2026-09-03T09:11:13+09:00,169,열혈강호,1,95,463,463.0,12348,12348.0
2026-09-03T09:11:13+09:00,170,엄마가 도망갔다,1,,7,7.0,12090,12090.0
2026-09-03T09:11:13+09:00,171,히카루가 죽은 여름,1,8,174,174.0,11740,11740.0
2026-09-03T09:11:13+09:00,172,일러스트레이터를 위한 색과 빛 마스터 가이드북 : COLOR & LIGHT,1,,107,107.0,11671,11671.0
2026-09-03T09:11:13+09:00,173,월간순정 노자키 군,1,17,299,299.0,11592,11592.0
2026-09-03T09:11:13+09:00,174,주술회전 공식 팬북,1,,825,825.0,11411,11411.0
2026-09-03T09:11:13+09:00,175,패배 히로인이 너무 많아! 8.5,1,,27,27.0,10850,10850.0
2026-09-03T09:11:13+09:00,176,3월의 라이온,1,18,215,215.0,10732,10732.0
2026-09-03T09:11:13+09:00,177,신부이야기,1,15,465,465.0,10652,10652.0
2026-09-03T09:11:13+09:00,178,오무라이스 잼잼,1,16,464,464.0,10619,10619.0
2026-09-03T09:11:13+09:00,179,타코피의 원죄 - 상,1,,389,389.0,10305,10305.0
2026-09-03T09:11:13+09:00,180,귀멸의 칼날 외전,1,,657,657.0,10252,10252.0
2026-09-03T09:11:13+09:00,181,학생회에도 구멍은 있다!,1,12,390,390.0,10250,10250.0
2026-09-03T09:11:13+09:00,182,타코피의 원죄 - 하,1,,467,467.0,9943,9943.0
2026-09-03T09:11:13+09:00,183,야마다의 학급일지,1,4,466,466.0,9925,9925.0
2026-09-03T09:11:13+09:00,184,메달리스트 공식 팬북 더블특전판,1,,347,347.0,9780,9780.0
2026-09-03T09:11:13+09:00,185,자연스러운 인체 드로잉,1,,346,346.0,9768,9768.0
2026-09-03T09:11:13+09:00,186,컬러 앤 라이트,1,,658,658.0,9679,9679.0
2026-09-03T09:11:13+09:00,187,사피엔스 : 그래픽 히스토리 Vol.2,1,,659,659.0,9598,9598.0
2026-09-03T09:11:13+09:00,188,"사랑하라, 거짓된 천사들이여",1,6,660,660.0,9526,9526.0
2026-09-03T09:11:13+09:00,189,후지모토 타츠키 단편집,1,17-21,826,826.0,9501,9501.0
2026-09-03T09:11:13+09:00,190,만화의 이해,1,,549,549.0,9091,9091.0
2026-09-03T09:11:13+09:00,191,흑집사,1,35,84,84.0,9080,9080.0
2026-09-03T09:11:13+09:00,192,백귀야행,1,31,391,391.0,8454,8454.0
2026-09-03T09:11:13+09:00,193,사피엔스 : 그래픽 히스토리 Vol.3,1,,664,664.0,8154,8154.0
2026-09-03T09:11:13+09:00,194,중년에 지친 밤에는,1,,392,392.0,8146,8146.0
2026-09-03T09:11:13+09:00,195,명탐정 코난 : 경찰학교 편 - 하,1,,833,833.0,7993,7993.0
2026-09-03T09:11:13+09:00,196,파이브 스타 스토리 The Five Star Stories,1,18,835,835.0,7887,7887.0
2026-09-03T09:11:13+09:00,197,TV애니메이션 주술회전 회옥·옥절/시부야 사변 공식 가이드북,1,,275,275.0,7850,7850.0
2026-09-03T09:11:13+09:00,198,윈드 브레이커 15~16 세트 - 전2권,1,,152,152.0,7740,7740.0
2026-09-03T09:11:13+09:00,199,사피엔스 : 그래픽 히스토리 Vol.4,1,,136,136.0,7725,7725.0
2026-09-03T09:11:13+09:00,200,나의 히어로 아카데미아 캐릭터 팬북 컴플리트 에디션,1,,838,838.0,7552,7552.0
2026-09-03T09:11:13+09:00,201,히나타의 블루,1,6,393,393.0,7540,7540.0
2026-09-03T09:11:13+09:00,202,망그러진 만화,1,1,468,468.0,7405,7405.0
2026-09-03T09:11:13+09:00,203,괴수 8호 RELAX,1,4,670,670.0,7285,7285.0
2026-09-03T09:11:13+09:00,204,쇼타 형아,1,7,198,198.0,7230,7230.0
2026-09-03T09:11:13+09:00,205,순경씨와 나,1,1,276,276.0,7225,7225.0
2026-09-03T09:11:13+09:00,206,야마다 군과 Lv999의 사랑을 하다 4~6 특별판 세트 - 전3권,1,,395,395.0,7089,7089.0
2026-09-03T09:11:13+09:00,207,어린이 탐구 생활,1,,844,844.0,6801,6801.0
2026-09-03T09:11:13+09:00,208,유희왕 애장판,1,21,312,312.0,6685,6685.0
2026-09-03T09:11:13+09:00,209,길고양이와 늑대,1,6,845,845.0,6570,6570.0
2026-09-03T09:11:13+09:00,210,재즈 잇 업! Jazz It Up!,1,,676,676.0,6439,6439.0
2026-09-03T09:11:13+09:00,211,쿠이 료코 낙서집 데이드림 아워,1,,847,847.0,6424,6424.0
2026-09-03T09:11:13+09:00,212,던전에서 만남을 추구하면 안 되는 걸까,1,21,396,396.0,6360,6360.0
2026-09-03T09:11:13+09:00,213,"내가 연인이 될 수 있을 리 없잖아, 무리무리! (※무리가 아니었다?!)",1,8,153,153.0,6330,6330.0
2026-09-03T09:11:13+09:00,214,옆집 천사님 때문에 어느샌가 인간적으로 타락한 사연 11.5,1,,678,678.0,6323,6323.0
2026-09-03T09:11:13+09:00,215,언니의 미도리 군,1,9,35,35.0,6270,6270.0
2026-09-03T09:11:13+09:00,216,유치원WARS,1,17,59,59.0,6050,6050.0
2026-09-03T09:11:13+09:00,217,봇치·더·록! 앤솔러지 코믹,1,6,199,199.0,6025,6025.0
2026-09-03T09:11:13+09:00,218,소드 아트 온라인,1,29,31,31.0,6000,6000.0
2026-09-03T09:11:13+09:00,219,이토준지 자선 걸작집 Dark Colors,1,,75,75.0,6000,6000.0
2026-09-03T09:11:13+09:00,220,바닷바람과 용의 보금자리,1,2,400,400.0,5745,5745.0
2026-09-03T09:11:13+09:00,221,이다의 날마다 자연관찰,1,,562,562.0,5570,5570.0
2026-09-03T09:11:13+09:00,222,가끔씩 툭하고 러시아어로 부끄러워하는 옆자리의 아랴 양,1,11,566,566.0,5500,5500.0
2026-09-03T09:11:13+09:00,223,학생회에도 구멍은 있다! 공식 풀컬러판 : 《생구멍 셀렉션!》,1,,854,854.0,5407,5407.0
2026-09-03T09:11:13+09:00,224,쓰레기 기둥서방 하나 군은 죽고 싶어 해,1,3,476,476.0,5250,5250.0
2026-09-03T09:11:13+09:00,225,믹스 MIX,1,24,689,689.0,5244,5244.0
2026-09-03T09:11:13+09:00,226,일러스트레이터를 위한 구도와 서사 마스터 가이드북 : COMPOSITION & NARRATIVE,1,,570,570.0,5148,5148.0
2026-09-03T09:11:13+09:00,227,공각기동대 -THE GHOST IN THE SHELL-,1,,860,860.0,5109,5109.0
2026-09-03T09:11:13+09:00,228,마법소녀를 동경해서 1~5 합본판,1,,691,691.0,4975,4975.0
2026-09-03T09:11:13+09:00,229,"너무 건방져, 치가야 군",1,1,405,405.0,4915,4915.0
2026-09-03T09:11:13+09:00,230,스킵 비트!,1,50,696,696.0,4893,4893.0
2026-09-03T09:11:13+09:00,231,작전명 순정 7~9 스페셜 세트 - 전3권,1,,155,155.0,4840,4840.0
2026-09-03T09:11:13+09:00,232,여름 안에서,1,,576,576.0,4781,4781.0
2026-09-03T09:11:13+09:00,233,힘내라! 나카무라 군!!,1,1,876,876.0,4758,4758.0
2026-09-03T09:11:13+09:00,234,THE ART OF SOLO LEVELING : 웹툰 「나 혼자만 레벨업」 공식 아트북,1,,574,574.0,4710,4710.0
2026-09-03T09:11:13+09:00,235,봇치·더·록!,1,8,878,878.0,4583,4583.0
2026-09-03T09:11:13+09:00,236,천국대마경,1,12,406,406.0,4545,4545.0
2026-09-03T09:11:13+09:00,237,이토준지 자선 걸작집 왜곡,1,,99,99.0,4480,4480.0
2026-09-03T09:11:13+09:00,238,판타지 배색 아이디어 사전,1,,138,138.0,4469,4469.0
2026-09-03T09:11:13+09:00,239,공각기동대 -MANMACHINE INTERFACE-,1,,884,884.0,4387,4387.0
2026-09-03T09:11:13+09:00,240,푸른 상자,1,24,231,231.0,4370,4370.0
2026-09-03T09:11:13+09:00,241,어서 와 수평선,1,1,489,489.0,4345,4345.0
2026-09-03T09:11:13+09:00,242,버서스,1,6,120,120.0,4280,4280.0
2026-09-03T09:11:13+09:00,243,동경일일,1,3,707,707.0,4228,4228.0
2026-09-03T09:11:13+09:00,244,디 그레이 맨,1,29,580,580.0,4179,4179.0
2026-09-03T09:11:13+09:00,245,유루캠,1,18,258,258.0,4160,4160.0
2026-09-03T09:11:13+09:00,246,오디세이아를 한 번도 안 읽어 볼 수는 없잖아,1,,418,418.0,4160,4160.0
2026-09-03T09:11:13+09:00,247,오무라이스 잼잼 16 (스페셜 리커버 양장본),1,,899,899.0,4159,4159.0
2026-09-03T09:11:13+09:00,248,블루 록 : Episode 나기,1,8,889,889.0,4158,4158.0
2026-09-03T09:11:13+09:00,249,긴채널! : 은혼 공식 캐릭터북,1,,894,894.0,4146,4146.0
2026-09-03T09:11:13+09:00,250,너를 사랑하는 살인귀,1,1,706,706.0,4135,4135.0
2026-09-03T09:11:13+09:00,251,한밤중 하트튠,1,11,359,359.0,4125,4125.0
2026-09-03T09:11:13+09:00,252,시온 군이 말하는 대로,1,1,705,705.0,4115,4115.0
2026-09-03T09:11:13+09:00,253,너에게 닿기를 번외편 ∼운명의 사람∼,1,3,896,896.0,4103,4103.0
2026-09-03T09:11:13+09:00,254,"밟고, 차고, 사랑하고",1,6,494,494.0,4100,4100.0
2026-09-03T09:11:13+09:00,255,숨막힐 정도의 사랑을 줄게,1,7,259,259.0,4065,4065.0
2026-09-03T09:11:13+09:00,256,아이돌라트리,1,1,71,71.0,4030,4030.0
2026-09-03T09:11:13+09:00,257,어차피 울 거라면 사랑이 좋아,1,9,232,232.0,4030,4030.0
2026-09-03T09:11:13+09:00,258,이로하의 글이 이끄는 -눈 녹는 길-,1,,412,412.0,4018,4018.0
2026-09-03T09:11:13+09:00,259,용의 귀여운 일곱 아이 : 쿠이 료코 작품집,1,,897,897.0,3998,3998.0
2026-09-03T09:11:13+09:00,260,놀이의 관계,1,1,410,410.0,3915,3915.0
2026-09-03T09:11:13+09:00,261,무대 담당과 악역 군,1,2,586,586.0,3905,3905.0
2026-09-03T09:11:13+09:00,262,사토 씨의 친구,1,,122,122.0,3900,3900.0
2026-09-03T09:11:13+09:00,263,오늘부터 신령님,1,1,900,900.0,3897,3897.0
2026-09-03T09:11:13+09:00,264,슈가슈가 룬 박스 세트 - 전8권,1,,901,901.0,3889,3889.0
2026-09-03T09:11:13+09:00,265,용의 학교는 산 위에,1,,711,711.0,3885,3885.0
2026-09-03T09:11:13+09:00,266,오란고교 호스트부 Fanbook,1,,716,716.0,3815,3815.0
2026-09-03T09:11:13+09:00,267,현시연 신장판,1,1,38,38.0,3790,3790.0
2026-09-03T09:11:13+09:00,268,나의 열두 살에게,1,,718,718.0,3780,3780.0
2026-09-03T09:11:13+09:00,269,전희 서바이벌 사가,1,3,234,234.0,3705,3705.0
2026-09-03T09:11:13+09:00,270,서랍 속 테라리움 : 신장판,1,,415,415.0,3700,3700.0
2026-09-03T09:11:13+09:00,271,누나의 친구,1,4,201,201.0,3650,3650.0
2026-09-03T09:11:13+09:00,272,사카모토 데이즈 비기너즈 팩 Vol.2 : 4~6 합본 세트,1,,906,906.0,3649,3649.0
2026-09-03T09:11:13+09:00,273,순정 갸루는 여친은 아니지만,1,,69,69.0,3610,3610.0
2026-09-03T09:11:13+09:00,274,더블크로스 The 3rd Edition 룰북,1,1,724,724.0,3609,3609.0
2026-09-03T09:11:13+09:00,275,역대급 영지 설계사,1,9,413,413.0,3600,3600.0
2026-09-03T09:11:13+09:00,276,폭식 너무 좋아! 모치즈키 양,1,3,723,723.0,3590,3590.0
2026-09-03T09:11:13+09:00,277,러브 불릿,1,1,913,913.0,3545,3545.0
2026-09-03T09:11:13+09:00,278,도쿄 학생 애처가,1,4,284,284.0,3510,3510.0
2026-09-03T09:11:13+09:00,279,인간실격 무삭제판 1~3 세트- 전3권,1,,321,321.0,3479,3479.0
2026-09-03T09:11:13+09:00,280,사일런트 위치,1,10,362,362.0,3465,3465.0
2026-09-03T09:11:13+09:00,281,이세계 유유자적 농가,1,16,417,417.0,3390,3390.0
2026-09-03T09:11:13+09:00,282,테라피 게임 리스타트,1,6,735,735.0,3365,3365.0
2026-09-03T09:11:13+09:00,283,사망 엔딩에서 벗어난 미연시의 히로인들이 내 【일기장】을 읽고 비밀을 알아챈 듯하다,1,1,68,68.0,3330,3330.0
2026-09-03T09:11:13+09:00,284,소녀종말여행 1~6 박스 세트 - 전6권 (엽서 세트 포함),1,,729,729.0,3302,3302.0
2026-09-03T09:11:13+09:00,285,악역 영애 안의 사람,1,1,920,920.0,3293,3293.0
2026-09-03T09:11:13+09:00,286,어떤 여름방학,1,,597,597.0,3240,3240.0
2026-09-03T09:11:13+09:00,287,한구석의 기억,1,1,922,922.0,3170,3170.0
2026-09-03T09:11:13+09:00,288,물가의 밤,1,1,743,743.0,3166,3166.0
2026-09-03T09:11:13+09:00,289,사피엔스: 그래픽 히스토리 시리즈 세트 - 전4권,1,,733,733.0,3165,3165.0
2026-09-03T09:11:13+09:00,290,어떤 과학의 초전자포,1,20,925,925.0,3140,3140.0
2026-09-03T09:11:13+09:00,291,2120,1,,158,158.0,3130,3130.0
2026-09-03T09:11:13+09:00,292,새내기,1,4,502,502.0,3115,3115.0
2026-09-03T09:11:13+09:00,293,패배 히로인이 너무 많아! @comic,1,5,57,57.0,3100,3100.0
2026-09-03T09:11:13+09:00,294,더 죠죠랜즈 3 : 돈벌이할 시간,1,,742,742.0,3070,3070.0
2026-09-03T09:11:13+09:00,295,명탐정 코난 : 범인 한자와 씨,1,10,263,263.0,3060,3060.0
2026-09-03T09:11:13+09:00,296,아름다운 인체 그리기 레슨,1,,596,596.0,3030,3030.0
2026-09-03T09:11:13+09:00,297,나의 히어로 아카데미아 공식 일러스트집 Ultra Artworks,1,,594,594.0,3023,3023.0
2026-09-03T09:11:13+09:00,298,그랑블루,1,26,103,103.0,3020,3020.0
2026-09-03T09:11:13+09:00,299,귀여운 건 나다,1,3,115,115.0,3000,3000.0
2026-09-03T09:11:13+09:00,300,미스터 초밥왕 애장판 1~14 박스 세트 (완결),1,,932,932.0,2986,2986.0
2026-09-03T09:11:13+09:00,301,아오이 군의 음담패설은 참을 수 없어!!,1,2,599,599.0,2955,2955.0
2026-09-03T09:11:13+09:00,302,인생 역전,1,3,424,424.0,2940,2940.0
2026-09-03T09:11:13+09:00,303,시노비고토,1,7,286,286.0,2920,2920.0
2026-09-03T09:11:13+09:00,304,유감스러운 사랑의 주인공들,1,1,61,61.0,2910,2910.0
2026-09-03T09:11:13+09:00,305,무로이 야스오의 캐릭터 얼굴 & 바스트업 작화 기술,1,,601,601.0,2910,2910.0
2026-09-03T09:11:13+09:00,306,데스마치에서 시작되는 이세계 광상곡,1,34,365,365.0,2890,2890.0
2026-09-03T09:11:13+09:00,307,이 결혼은 어차피 망하게 되어 있다,1,8,505,505.0,2885,2885.0
2026-09-03T09:11:13+09:00,308,마도정병의 슬레이브,1,19,933,933.0,2870,2870.0
2026-09-03T09:11:13+09:00,309,THE POOL,1,,603,603.0,2855,2855.0
2026-09-03T09:11:13+09:00,310,고블린 슬레이어,1,17,939,939.0,2850,2850.0
2026-09-03T09:11:13+09:00,311,발화,1,2,130,130.0,2820,2820.0
2026-09-03T09:11:13+09:00,312,달님이 바라시는 대로,1,9,180,180.0,2820,2820.0
2026-09-03T09:11:13+09:00,313,아메와 우미,1,1,131,131.0,2800,2800.0
2026-09-03T09:11:13+09:00,314,애니메이터 서바이벌 키트,1,,940,940.0,2773,2773.0
2026-09-03T09:11:13+09:00,315,슬램덩크 오리지널 1~31 세트 - 전31권,1,,945,945.0,2735,2735.0
2026-09-03T09:11:13+09:00,316,만화 데뷔 못 하면 죽는 병 걸림,1,4,747,747.0,2725,2725.0
2026-09-03T09:11:13+09:00,317,보이는 여고생,1,12,430,430.0,2720,2720.0
2026-09-03T09:11:13+09:00,318,마스터 키튼 완전판 1~12 세트 - 전12권 (완결),1,,748,748.0,2706,2706.0
2026-09-03T09:11:13+09:00,319,우리 반리가 신세 좀 지겠습니다,1,4,606,606.0,2680,2680.0
2026-09-03T09:11:13+09:00,320,켄투리아,1,6,609,609.0,2680,2680.0
2026-09-03T09:11:13+09:00,321,톰 폭스의 옷을 입은 캐릭터 드로잉 : 아티스트를 위한 옷과 주름 그리기 가이드,1,,203,203.0,2670,2670.0
2026-09-03T09:11:13+09:00,322,앨리스와 셰에라자드 : 트릭아트 저택,1,,952,952.0,2651,2651.0
2026-09-03T09:11:13+09:00,323,뒤에 있는 카무이 씨,1,1,65,65.0,2630,2630.0
2026-09-03T09:11:13+09:00,324,정령환상기,1,28,942,942.0,2630,2630.0
2026-09-03T09:11:13+09:00,325,빠져든 침대에서 천사의 자는 얼굴을 보고 싶을 뿐,1,,610,610.0,2620,2620.0
2026-09-03T09:11:13+09:00,326,나 혼자만 레벨업,1,5,950,950.0,2611,2611.0
2026-09-03T09:11:13+09:00,327,유녀전기,1,21,202,202.0,2600,2600.0
2026-09-03T09:11:13+09:00,328,드래곤볼 완전판 가이드북 LANDMARK,1,,752,752.0,2585,2585.0
2026-09-03T09:11:13+09:00,329,소꿉친구 컴플렉스 4~5 스페셜 세트 - 전2권,1,,289,289.0,2580,2580.0
2026-09-03T09:11:13+09:00,330,사토리×콤플렉스,1,,612,612.0,2580,2580.0
2026-09-03T09:11:13+09:00,331,망각 배터리,1,23,324,324.0,2570,2570.0
2026-09-03T09:11:13+09:00,332,젖짜기 헌터의 이세계 착유기,1,1,946,946.0,2565,2565.0
2026-09-03T09:11:13+09:00,333,동거하는 검성 여스승이 너무 귀여워서 매일 행복합니다,1,1,433,433.0,2555,2555.0
2026-09-03T09:11:13+09:00,334,박시백의 고려사 1~5 세트 - 전5권,1,,755,755.0,2555,2555.0
2026-09-03T09:11:13+09:00,335,소드 오라토리아,1,16,435,435.0,2540,2540.0
2026-09-03T09:11:13+09:00,336,스파이더맨 / 데드풀 VOL. 1 : 브로맨틱하지 않나요?,1,,958,958.0,2490,2490.0
2026-09-03T09:11:13+09:00,337,나의 행복한 결혼,1,6,955,955.0,2465,2465.0
2026-09-03T09:11:13+09:00,338,에미야 가의 오늘의 밥상,1,11,971,971.0,2465,2465.0
2026-09-03T09:11:13+09:00,339,44교시 생존수업 1~2 세트 - 전2권,1,,159,159.0,2454,2454.0
2026-09-03T09:11:13+09:00,340,우자키 양은 놀고싶어!,1,14,181,181.0,2450,2450.0
2026-09-03T09:11:13+09:00,341,유녀전기 대대야사,1,1,326,326.0,2410,2410.0
2026-09-03T09:11:13+09:00,342,장르를 바꿔보도록 하겠습니다,1,9,961,961.0,2402,2402.0
2026-09-03T09:11:13+09:00,343,명탐정 코난 로맨틱 러버스 셀렉션,1,,613,613.0,2396,2396.0
2026-09-03T09:11:13+09:00,344,일본삼국,1,7,758,758.0,2395,2395.0
2026-09-03T09:11:13+09:00,345,애프터 갓,1,10,105,105.0,2390,2390.0
2026-09-03T09:11:13+09:00,346,벡 Beck 신장판,1,8,328,328.0,2380,2380.0
2026-09-03T09:11:13+09:00,347,이토준지 자선 걸작집,1,,964,964.0,2379,2379.0
2026-09-03T09:11:13+09:00,348,"다른 학교 얼음공주를 구했더니, 친구부터 시작하게 되었습니다",1,2,104,104.0,2370,2370.0
2026-09-03T09:11:13+09:00,349,구룡 제네릭 로맨스,1,11,968,968.0,2360,2360.0
2026-09-03T09:11:13+09:00,350,어쨌든 귀여워,1,25,329,329.0,2300,2300.0
2026-09-03T09:11:13+09:00,351,공주님 고문의 시간입니다,1,19,434,434.0,2270,2270.0
2026-09-03T09:11:13+09:00,352,이우일의 만화 그리스로마 신화 1~3 세트 - 전3권,1,,325,325.0,2255,2255.0
2026-09-03T09:11:13+09:00,353,마끼아또의 일러스트 레벨업 테크닉,1,,124,124.0,2240,2240.0
2026-09-03T09:11:13+09:00,354,사랑의 유령,1,,764,764.0,2223,2223.0
2026-09-03T09:11:13+09:00,355,아마 그녀는 우리 형을 노리고 있을 거야,1,1,146,146.0,2220,2220.0
2026-09-03T09:11:13+09:00,356,너와 우주를 걷기 위하여,1,5,761,761.0,2220,2220.0
2026-09-03T09:11:13+09:00,357,클레바테스,1,10,762,762.0,2215,2215.0
2026-09-03T09:11:13+09:00,358,아케비의 세일러복,1,16,127,127.0,2210,2210.0
2026-09-03T09:11:13+09:00,359,엇갈리는 중앙감정선,1,,79,79.0,2200,2200.0
2026-09-03T09:11:13+09:00,360,J⇔M 제이엠,1,6,327,327.0,2200,2200.0
2026-09-03T09:11:13+09:00,361,리:블루,1,6,974,974.0,2175,2175.0
2026-09-03T09:11:13+09:00,362,고교 시절에 거만했던 여왕님과의 동거 생활은 의외로 나쁘지 않다,1,1,617,617.0,2160,2160.0
2026-09-03T09:11:13+09:00,363,재혼황후,1,11,169,169.0,2110,2110.0
2026-09-03T09:11:13+09:00,364,제도성배기담 Fate/type Redline,1,6,620,620.0,2110,2110.0
2026-09-03T09:11:13+09:00,365,신석기 시대부터 AI 시대까지 만화로 꿰뚫는 경제사,1,,160,160.0,2105,2105.0
2026-09-03T09:11:13+09:00,366,피가 이어지지 않은 우리가 가족이 되는 단 하나의 방법,1,1,132,132.0,2100,2100.0
2026-09-03T09:11:13+09:00,367,파인더의 도피행,1,,182,182.0,2070,2070.0
2026-09-03T09:11:13+09:00,368,선생님으로 ○○하면 안 됩니다!,1,3,291,291.0,2070,2070.0
2026-09-03T09:11:13+09:00,369,쪽팔려게임 1~2 세트 - 전2권,1,,439,439.0,2045,2045.0
2026-09-03T09:11:13+09:00,370,이 땅에 ADHD로 태어나,1,,977,977.0,2044,2044.0
2026-09-03T09:11:13+09:00,371,반에서 두 번째로 귀여운 여자애와 친구가 되었다,1,6,148,148.0,2040,2040.0
2026-09-03T09:11:13+09:00,372,악마에 입문했습니다! 이루마 군,1,48,142,142.0,2010,2010.0
2026-09-03T09:11:13+09:00,373,격기 3반,1,18,621,621.0,1995,1995.0
2026-09-03T09:11:13+09:00,374,코믹 어둠의 실력자가 되고 싶어서!,1,15,618,618.0,1970,1970.0
2026-09-03T09:11:13+09:00,375,무서운 책,1,6,619,619.0,1970,1970.0
2026-09-03T09:11:13+09:00,376,"가까이 와줘, 스피카",1,1,768,768.0,1960,1960.0
2026-09-03T09:11:13+09:00,377,"생각을 길러요, 공룡 박사님의 왜왜왜 상담소",1,,993,993.0,1955,1955.0
2026-09-03T09:11:13+09:00,378,소라닌 신장판,1,,982,982.0,1934,1934.0
2026-09-03T09:11:13+09:00,379,눈이 나려 꽃,1,26,125,125.0,1930,1930.0
2026-09-03T09:11:13+09:00,380,반장으로서의 책임과 의무,1,7,978,978.0,1915,1915.0
2026-09-03T09:11:13+09:00,381,킬러의 최애,1,4,116,116.0,1910,1910.0
2026-09-03T09:11:13+09:00,382,데포르메 세계 그리는 법,1,,518,518.0,1910,1910.0
2026-09-03T09:11:13+09:00,383,시노와 렌,1,4,983,983.0,1900,1900.0
2026-09-03T09:11:13+09:00,384,리코리스 리코일,1,4,985,985.0,1890,1890.0
2026-09-03T09:11:13+09:00,385,피토스포룸 두 번째 잎,1,,771,771.0,1850,1850.0
2026-09-03T09:11:13+09:00,386,절대 BL이 되는 세계 & 절대 BL이 되지 않는 고교 생활,1,1,625,625.0,1845,1845.0
2026-09-03T09:11:13+09:00,387,히마텐!,1,4,627,627.0,1840,1840.0
2026-09-03T09:11:13+09:00,388,비밀법인 데스메이커,1,1,626,626.0,1835,1835.0
2026-09-03T09:11:13+09:00,389,만화로 보는 일리아스,1,,987,987.0,1830,1830.0
2026-09-03T09:11:13+09:00,390,마법기사 레이어스 원화집,1,,988,988.0,1815,1815.0
2026-09-03T09:11:13+09:00,391,쪼그맣고 커다랗고 귀여운 나나세를 착각 전남친한테서 빼앗아 행복하게 한다,1,3,623,623.0,1810,1810.0
2026-09-03T09:11:13+09:00,392,스노우볼 어스,1,4,147,147.0,1800,1800.0
2026-09-03T09:11:13+09:00,393,뷰티풀 군바리,1,12,780,780.0,1795,1795.0
2026-09-03T09:11:13+09:00,394,산가지는 도깨비의 꿈을 꾼다,1,5,123,123.0,1790,1790.0
2026-09-03T09:11:13+09:00,395,내 백합도 영업인 줄 알았어?,1,,237,237.0,1790,1790.0
2026-09-03T09:11:13+09:00,396,외톨이에는 익숙하니까요. 약혼자 방치 중!,1,3,996,996.0,1775,1775.0
2026-09-03T09:11:13+09:00,397,와카코와 술,1,25,441,441.0,1770,1770.0
2026-09-03T09:11:13+09:00,398,긴키 지방의 어느 장소에 대하여,1,2,774,774.0,1750,1750.0
2026-09-03T09:11:13+09:00,399,방과 후 제방 일지,1,14,779,779.0,1750,1750.0
2026-09-03T09:11:13+09:00,400,피토스포룸 첫 번째 잎,1,,994,994.0,1750,1750.0
2026-09-03T09:11:13+09:00,401,보루토 -TWO BLUE VORTEX-,1,5,265,265.0,1740,1740.0
2026-09-03T09:11:13+09:00,402,핑키 나이트메어,1,,782,782.0,1705,1705.0
2026-09-03T09:11:13+09:00,403,이기적 연애론,1,3,523,523.0,1690,1690.0
2026-09-03T09:11:13+09:00,404,몬스터 완전판,1,7,1000,1000.0,1677,1677.0
2026-09-03T09:11:13+09:00,405,길가메쉬,1,,783,783.0,1642,1642.0
2026-09-03T09:11:13+09:00,406,녹풍당의 사계절,1,21,205,205.0,1640,1640.0
2026-09-03T09:11:13+09:00,407,삼국지를 한번도 안 읽어 볼 수는 없잖아,1,,787,787.0,1635,1635.0
2026-09-03T09:11:13+09:00,408,라라의 결혼,1,8,444,444.0,1620,1620.0
2026-09-03T09:11:13+09:00,409,환생했는데 제7왕자라 내맘대로 마술을 연마합니다,1,22,189,189.0,1610,1610.0
2026-09-03T09:11:13+09:00,410,"신 울어라, 펜",1,11,778,778.0,1605,1605.0
2026-09-03T09:11:13+09:00,411,나쁜 X에게 행복 있으라,1,6,522,522.0,1590,1590.0
2026-09-03T09:11:13+09:00,412,킬블루,1,13,442,442.0,1570,1570.0
2026-09-03T09:11:13+09:00,413,11번째 고양이는 네네,1,2,139,139.0,1560,1560.0
2026-09-03T09:11:13+09:00,414,추방 당한 전생 중기사는 게임 지식으로 무쌍한다,1,12,374,374.0,1560,1560.0
2026-09-03T09:11:13+09:00,415,아카네 이야기,1,15,183,183.0,1555,1555.0
2026-09-03T09:11:13+09:00,416,독점 마이 히어로,1,15,126,126.0,1530,1530.0
2026-09-03T09:11:13+09:00,417,스물과 성수,1,7,208,208.0,1510,1510.0
2026-09-03T09:11:13+09:00,418,도원암귀,1,26,209,209.0,1510,1510.0
2026-09-03T09:11:13+09:00,419,하이큐!! 컴플리트 일러스트레이션 북 끝과 시작,1,,786,786.0,1476,1476.0
2026-09-03T09:11:13+09:00,420,겁쟁이페달,1,95,149,149.0,1470,1470.0
2026-09-03T09:11:13+09:00,421,고랭순대 작품집,1,7,90,90.0,1460,1460.0
2026-09-03T09:11:13+09:00,422,만화를 잘 그리기 위한 노하우 도감,1,,170,170.0,1430,1430.0
2026-09-03T09:11:13+09:00,423,극한견주,1,6,631,631.0,1430,1430.0
2026-09-03T09:11:13+09:00,424,노이지 룸메이트,1,6,634,634.0,1425,1425.0
2026-09-03T09:11:13+09:00,425,힛 미 하드,1,1,632,632.0,1420,1420.0
2026-09-03T09:11:13+09:00,426,달의 아이 신장판,1,8,140,140.0,1410,1410.0
2026-09-03T09:11:13+09:00,427,라면 재유기,1,13,185,185.0,1370,1370.0
2026-09-03T09:11:13+09:00,428,서뱀프 Servamp 23~24 세트 - 전2권,1,,375,375.0,1350,1350.0
2026-09-03T09:11:13+09:00,429,아자미 야코를 좋아하게 된다,1,2,525,525.0,1350,1350.0
2026-09-03T09:11:13+09:00,430,사랑이 없으면 아이돌은 할 수 없어,1,4,270,270.0,1310,1310.0
2026-09-03T09:11:13+09:00,431,더 화이팅 신장재편판,1,56,271,271.0,1310,1310.0
2026-09-03T09:11:13+09:00,432,내가 죽을 뿐인 100가지 괴담,1,2,636,636.0,1310,1310.0
2026-09-03T09:11:13+09:00,433,멜로에 빠진 직장인은 안일하다,1,,240,240.0,1260,1260.0
2026-09-03T09:11:13+09:00,434,세월이 흘러 다리로 간다,1,12,788,788.0,1260,1260.0
2026-09-03T09:11:13+09:00,435,책벌레의 하극상 제4부 : 귀족원의 도서관을 구하고 싶어!,1,10,528,528.0,1255,1255.0
2026-09-03T09:11:13+09:00,436,버그 에고,1,2,295,295.0,1250,1250.0
2026-09-03T09:11:13+09:00,437,로스타임에 작별 인사를 Home and Away,1,,638,638.0,1250,1250.0
2026-09-03T09:11:13+09:00,438,버림받은 공작 부인은 평온한 생활을 희망합니다,1,1,789,789.0,1240,1240.0
2026-09-03T09:11:13+09:00,439,이세계 전생 던전 마스터 온천 던전을 만들다,1,1,238,238.0,1220,1220.0
2026-09-03T09:11:13+09:00,440,CAT'S EYE 캣츠 아이 완전판,1,12,297,297.0,1210,1210.0
2026-09-03T09:11:13+09:00,441,일승천금,1,3,341,341.0,1210,1210.0
2026-09-03T09:11:13+09:00,442,이우일의 만화 그리스로마 신화,1,3,637,637.0,1210,1210.0
2026-09-03T09:11:13+09:00,443,전격데이지 애장판,1,1,446,446.0,1200,1200.0
2026-09-03T09:11:13+09:00,444,펜과 수갑과 사실혼,1,4,534,534.0,1200,1200.0
2026-09-03T09:11:13+09:00,445,룸메이트,1,1,172,172.0,1190,1190.0
2026-09-03T09:11:13+09:00,446,장하다! 원조 괴짜가족,1,13,793,793.0,1185,1185.0
2026-09-03T09:11:13+09:00,447,코믹 무직전생,1,21,529,529.0,1150,1150.0
2026-09-03T09:11:13+09:00,448,통제구역관리부,1,4,531,531.0,1150,1150.0
2026-09-03T09:11:13+09:00,449,SCP가 뭔가요?,1,3,527,527.0,1130,1130.0
2026-09-03T09:11:13+09:00,450,"아리스, 우주까지도",1,4,639,639.0,1130,1130.0
2026-09-03T09:11:13+09:00,451,선생님! 저희들이 세계를 멸망시킵니다.,1,9,335,335.0,1120,1120.0
2026-09-03T09:11:13+09:00,452,44교시 생존수업,1,1,807,807.0,1106,1106.0
2026-09-03T09:11:13+09:00,453,데스 노트 Death Note,1,2,799,799.0,1100,1100.0
2026-09-03T09:11:13+09:00,454,월광천녀 애장판,1,8,171,171.0,1090,1090.0
2026-09-03T09:11:13+09:00,455,뉴노멀,1,8,447,447.0,1060,1060.0
2026-09-03T09:11:13+09:00,456,최애의 성벽이 너무 위험하다고요!,1,1,642,642.0,1050,1050.0
2026-09-03T09:11:13+09:00,457,뇌를 바꾸려는 사람들,1,,794,794.0,1050,1050.0
2026-09-03T09:11:13+09:00,458,숲 변두리의 꼬마 마녀,1,1,381,381.0,1030,1030.0
2026-09-03T09:11:13+09:00,459,특별한 도라에몽 : 쿵짜라♪ 울려퍼지는 음악 편,1,8,647,647.0,1030,1030.0
2026-09-03T09:11:13+09:00,460,아질 Asyl,1,1,650,650.0,1020,1020.0
2026-09-03T09:11:13+09:00,461,우린 엇갈리고 있다,1,1,296,296.0,1010,1010.0
2026-09-03T09:11:13+09:00,462,특별한 도라에몽 : 언제나 마음속에 친구 편,1,9,802,802.0,1010,1010.0
2026-09-03T09:11:13+09:00,463,홀로서기 마왕성,1,12,141,141.0,1000,1000.0
2026-09-03T09:11:13+09:00,464,마로니에 왕국의 7인의 기사,1,7,239,239.0,1000,1000.0
2026-09-03T09:11:13+09:00,465,가짜 연금술사,1,4,533,533.0,980,980.0
2026-09-03T09:11:13+09:00,466,술에 취한 영애가 영웅을 몰라보고 구혼한 결과,1,1,207,207.0,950,950.0
2026-09-03T09:11:13+09:00,467,사자나미 군이 가장 싫어하는 남자,1,,449,449.0,940,940.0
2026-09-03T09:11:13+09:00,468,꿈자리가 이상한데요?! 외전,1,,535,535.0,940,940.0
2026-09-03T09:11:13+09:00,469,에리스의 성배,1,6,542,542.0,940,940.0
2026-09-03T09:11:13+09:00,470,응원 걸!,1,1,455,455.0,930,930.0
2026-09-03T09:11:13+09:00,471,택배기사 형이랑 잘 될 수 있을까?,1,,804,804.0,930,930.0
2026-09-03T09:11:13+09:00,472,"여친, 빌리겠습니다",1,45,458,458.0,910,910.0
2026-09-03T09:11:13+09:00,473,타이카의 이성,1,3,459,459.0,910,910.0
2026-09-03T09:11:13+09:00,474,처형당한 현자는 리치로 전생하여 침략전쟁을 시작한다,1,15,448,448.0,900,900.0
2026-09-03T09:11:13+09:00,475,시오타 선생님과 아마이양,1,7,452,452.0,900,900.0
2026-09-03T09:11:13+09:00,476,페이스리스 드롭아웃,1,1,378,378.0,890,890.0
2026-09-03T09:11:13+09:00,477,꿈사랑 ~꿈에서 우리는 사랑에 빠진다~,1,4,648,648.0,890,890.0
2026-09-03T09:11:13+09:00,478,도쿄대 세 자매,1,2,536,536.0,880,880.0
2026-09-03T09:11:13+09:00,479,타베모노로그,1,,801,801.0,880,880.0
2026-09-03T09:11:13+09:00,480,마왕과 용사의 사랑의 도피 바캉스,1,,537,537.0,870,870.0
2026-09-03T09:11:13+09:00,481,바키도,1,11,644,644.0,870,870.0
2026-09-03T09:11:13+09:00,482,블랙 라군 : 청소부 소여 해체! 고어고어 무스메,1,4,808,808.0,870,870.0
2026-09-03T09:11:13+09:00,483,오늘부터 시작하는 소꿉친구,1,9,645,645.0,850,850.0
2026-09-03T09:11:13+09:00,484,치하야 리스타트!,1,2,377,377.0,840,840.0
2026-09-03T09:11:13+09:00,485,악마이자 여경!,1,2,805,805.0,840,840.0
2026-09-03T09:11:13+09:00,486,당신은 세상의 중심이에요,1,2,810,810.0,810,810.0
2026-09-03T09:11:13+09:00,487,트릴리온 게임,1,10,646,646.0,800,800.0
2026-09-03T09:11:13+09:00,488,도망을 잘 치는 도련님,1,22,450,450.0,790,790.0
2026-09-03T09:11:13+09:00,489,전생 악녀의 흑역사,1,18,451,451.0,790,790.0
2026-09-03T09:11:13+09:00,490,우리들은 미쳤다 연모,1,4,453,453.0,790,790.0
2026-09-03T09:11:13+09:00,491,퀸즈 퀄리티,1,1,640,640.0,790,790.0
2026-09-03T09:11:13+09:00,492,탱크체어 TANK CHAIR,1,4,454,454.0,780,780.0
2026-09-03T09:11:13+09:00,493,인터넷 러브!,1,,809,809.0,763,763.0
2026-09-03T09:11:13+09:00,494,월간 트릴레마,1,1,336,336.0,760,760.0
2026-09-03T09:11:13+09:00,495,W 줄리엣 2부,1,16,538,538.0,750,750.0
2026-09-03T09:11:13+09:00,496,전생했더니 검이었습니다 Another Wish,1,5,649,649.0,750,750.0
2026-09-03T09:11:13+09:00,497,카모노하시 론의 금단추리,1,18,652,652.0,710,710.0
2026-09-03T09:11:13+09:00,498,쌀쌀맞은 사토 양이 나에게만 상냥하다,1,4,822,822.0,710,710.0
2026-09-03T09:11:13+09:00,499,렛츠고 괴기조,1,5,337,337.0,680,680.0
2026-09-03T09:11:13+09:00,500,특급 알파가 사랑한 오메가,1,,815,815.0,680,680.0
2026-09-03T09:11:13+09:00,501,키스 다음부터는 애드리브로,1,,338,338.0,670,670.0
2026-09-03T09:11:13+09:00,502,사랑스런 쿠니타마,1,1,819,819.0,663,663.0
2026-09-03T09:11:13+09:00,503,미와 씨 행세를 합니다,1,14,456,456.0,660,660.0
2026-09-03T09:11:13+09:00,504,파도였던 날들,1,,457,457.0,650,650.0
2026-09-03T09:11:13+09:00,505,친구 여동생이 나한테만 짜증나게 군다,1,9,539,539.0,640,640.0
2026-09-03T09:11:13+09:00,506,떨거지 인어 디아나,1,1,811,811.0,630,630.0
2026-09-03T09:11:13+09:00,507,바라메 강림하여 주소서,1,2,821,821.0,610,610.0
2026-09-03T09:11:13+09:00,508,안티 페이크 러브,1,,541,541.0,580,580.0
2026-09-03T09:11:13+09:00,509,1995 청춘 레포트,1,2,820,820.0,580,580.0
2026-09-03T09:11:13+09:00,510,내일은 어느 쪽!,1,12,540,540.0,560,560.0
2026-09-03T09:11:13+09:00,511,벼랑 끝의 영애는 흑기사님을 반하게 하고 싶어,1,1,651,651.0,500,500.0
2026-09-03T09:11:13+09:00,512,공각기동대 -HUMAN ERROR PROCESSER-,1,,812,812.0,500,500.0
2026-09-03T09:11:13+09:00,513,영국 낭만 희화 포레스트 아이비,1,1,813,813.0,490,490.0
2026-09-03T09:11:13+09:00,514,영세 소녀의 싸우는 법,1,7,814,814.0,490,490.0
2026-09-03T09:11:13+09:00,515,순애 러브하울링,1,,817,817.0,420,420.0
2026-09-03T09:11:13+09:00,516,회각의 용사,1,2,818,818.0,370,370.0
2026-09-04T10:34:33+09:00,1,헌터x헌터 HunterXHunter 신장판,38,"1, 2, 3, 4, 5, 6, 7, 8, 9, 10, 11, 12, 13, 14, 15, 16, 17, 18, 19, 20, 21, 22, 23, 24, 25, 26, 27, 28, 29, 30, 31, 32, 33, 34, 35, 36, 37, 38",167,352.5,192008,5052.84
2026-09-04T10:34:33+09:00,2,지박소년 하나코 군,23,"0, 1, 2, 3, 5, 6, 7, 8, 9, 13, 14, 15, 16, 17, 18, 19, 20, 21, 22, 23, 24, 25",233,476.61,114438,4975.57
2026-09-04T10:34:33+09:00,3,향기로운 꽃은 늠름하게 핀다,21,"1, 2, 3, 4, 5, 6, 7, 8, 9, 10, 11, 12, 13, 14, 15, 16, 17, 18, 19, 20, 21",112,269.29,117050,5573.81
2026-09-04T10:34:33+09:00,4,주술회전,19,"1, 2, 3, 4, 10, 16, 17, 19, 20, 21, 22, 23, 24, 25, 26, 27, 28, 29, 30",255,501.11,131817,6937.74
2026-09-04T10:34:33+09:00,5,원피스,14,"1, 97, 98, 99, 100, 101, 105, 107, 109, 110, 111, 112, 113, 114",22,675.71,191177,13655.5
2026-09-04T10:34:33+09:00,6,장송의 프리렌,11,"1, 2, 3, 4, 5, 6, 9, 10, 13, 14, 15",67,679.64,51205,4655.0
2026-09-04T10:34:33+09:00,7,황천의 츠가이,10,"1, 2, 3, 4, 5, 10, 11, 12",16,469.0,60936,6093.6
2026-09-04T10:34:33+09:00,8,야마다 군과 Lv999의 사랑을 하다,9,"1, 2, 3, 4, 5, 6, 7, 8",5,178.33,86267,9585.22
2026-09-04T10:34:33+09:00,9,봄의 폭풍과 몬스터,9,"1, 2, 3, 4, 5, 6, 7, 8, 9",29,554.56,67748,7527.56
2026-09-04T10:34:33+09:00,10,카구라바치,9,"1, 3, 5, 6, 7, 8, 9, 10",126,602.22,56825,6313.89
2026-09-04T10:34:33+09:00,11,먼작귀,9,"1, 2, 3, 4, 5",409,594.33,20361,2262.33
2026-09-04T10:34:33+09:00,12,체인소 맨,8,"1, 17, 18, 19, 20, 21, 22, 23",133,568.0,108683,13585.38
2026-09-04T10:34:33+09:00,13,불가항력의 I LOVE YOU,8,"1, 2, 3, 4, 5, 6, 7, 8",82,163.88,84637,10579.62
2026-09-04T10:34:33+09:00,14,슈퍼 뒤에서 담배 피우는 두 사람,8,"1, 2, 3, 4, 5, 6, 7, 8",38,83.88,84538,10567.25
2026-09-04T10:34:33+09:00,15,정반대의 너와 나,8,"1, 2, 3, 4, 5, 6, 7, 8",305,369.25,20532,2566.5
2026-09-04T10:34:33+09:00,16,네가 죽을 때까지 사랑하고 싶어,8,"1, 2, 3, 4, 5, 6, 7, 8",352,483.88,18101,2262.62
2026-09-04T10:34:33+09:00,17,명탐정 코난,7,"104, 105, 106, 107, 108",11,410.86,70900,10128.57
2026-09-04T10:34:33+09:00,18,찍히지 않습니다,7,"1, 2, 3, 5, 6, 7",136,455.86,52606,7515.14
2026-09-04T10:34:33+09:00,19,GACHIAKUTA,7,"1, 6, 15, 16, 17, 18",47,449.86,50346,7192.29
2026-09-04T10:34:33+09:00,20,귀멸의 칼날,7,"11, 14, 19, 20, 21, 22, 23",522,779.86,43285,6183.57
2026-09-04T10:34:33+09:00,21,그 비스크 돌은 사랑을 한다,7,"1, 2, 5, 11, 13, 14, 15",438,694.86,41698,5956.86
2026-09-04T10:34:33+09:00,22,기븐,7,"1, 2, 4, 6, 7, 8, 9",389,601.71,31622,4517.43
2026-09-04T10:34:33+09:00,23,마법소녀를 동경해서,7,"1, 2, 3, 4, 5, 6, 7",18,448.57,27735,3962.14
2026-09-04T10:34:33+09:00,24,아름다운 초저녁달,6,"1, 2, 3, 4, 8, 10",224,733.33,36309,6051.5
2026-09-04T10:34:33+09:00,25,비실비실 선생님,6,"11, 12, 13, 14, 15, 16",70,605.0,33706,5617.67
2026-09-04T10:34:33+09:00,26,담배 고양이,6,"1, 2, 3, 4, 5, 6",65,312.5,26452,4408.67
2026-09-04T10:34:33+09:00,27,블루 록,6,"1, 3, 5, 6, 35, 36",329,714.67,25948,4324.67
2026-09-04T10:34:33+09:00,28,약사의 혼잣말,6,"1, 2, 3, 16, 21",479,650.0,23957,3992.83
2026-09-04T10:34:33+09:00,29,하이큐!!,6,"38, 41, 42, 43, 44, 45",547,704.67,21291,3548.5
2026-09-04T10:34:33+09:00,30,블리치 리믹스,6,"1, 2, 3, 4, 16, 17",15,473.17,18304,3050.67
2026-09-04T10:34:33+09:00,31,팔견전,6,"14, 16, 21, 22, 23, 24",559,808.33,16920,2820.0
2026-09-04T10:34:33+09:00,32,이거 그리고 죽어,6,"1, 2, 3, 6, 7, 8",55,616.0,15349,2558.17
2026-09-04T10:34:33+09:00,33,건방진 그 녀석,6,"1, 2, 3, 4, 6, 7",301,710.5,12317,2052.83
2026-09-04T10:34:33+09:00,34,못 미더운 악녀입니다만 : ~추궁접서 교체전~,6,"4, 5, 6, 7, 9, 10",211,733.67,6729,1121.5
2026-09-04T10:34:33+09:00,35,스파이 패밀리,5,"1, 14, 15, 16, 17",1,361.6,87523,17504.6
2026-09-04T10:34:33+09:00,36,사카모토 데이즈,5,"16, 24, 25, 26, 27",3,378.8,66325,13265.0
2026-09-04T10:34:33+09:00,37,엄마를 만나러 가는 길,5,"1, 2, 3, 4",97,132.0,58932,11786.4
2026-09-04T10:34:33+09:00,38,원펀맨 One Punch Man,5,"31, 32, 33, 34, 35",63,543.2,55888,11177.6
2026-09-04T10:34:33+09:00,39,타몬 군 지금 어느 쪽?!,5,"9, 11, 12, 13",9,341.0,52286,10457.2
2026-09-04T10:34:33+09:00,40,모모세 아키라의 첫사랑 파탄 중,5,"2, 3, 4, 5, 6",27,584.8,46714,9342.8
2026-09-04T10:34:33+09:00,41,마루는 강쥐,5,"1, 3, 7, 8, 9",121,557.8,27158,5431.6
2026-09-04T10:34:33+09:00,42,나루토 Naruto,5,"1, 3, 25, 43, 44",543,738.2,14385,2877.0
2026-09-04T10:34:33+09:00,43,100미터,5,"1, 2, 3, 4, 5",570,668.6,11787,2357.4
2026-09-04T10:34:33+09:00,44,격기 3반,5,"1, 2, 3, 4, 18",581,819.2,7270,1454.0
2026-09-04T10:34:33+09:00,45,풀 나이트,5,"1, 2, 3, 4, 5",173,536.2,7269,1453.8
2026-09-04T10:34:33+09:00,46,여학교의 별,4,"1, 2, 3, 4",423,832.75,76909,19227.25
2026-09-04T10:34:33+09:00,47,팬텀 버스터즈,4,"3, 5, 7",37,546.25,51358,12839.5
2026-09-04T10:34:33+09:00,48,마남 이치,4,"1, 2, 5, 6",6,253.0,44837,11209.25
2026-09-04T10:34:33+09:00,49,봇치·더·록! 외전 히로이 키쿠리의 과음일기,4,"1, 4, 5, 6",8,469.75,44701,11175.25
2026-09-04T10:34:33+09:00,50,반딧불이의 혼례,4,"8, 9, 10, 11",134,598.5,37678,9419.5
2026-09-04T10:34:33+09:00,51,캐릭캐릭 체인지! Jewel Joker 주얼 조커,4,"1, 2, 3",111,432.5,36540,9135.0
2026-09-04T10:34:33+09:00,52,옆자리 녀석이 그런 눈으로 쳐다본다,4,"1, 2, 3, 4",33,74.25,28191,7047.75
2026-09-04T10:34:33+09:00,53,단다단,4,"18, 19, 20, 21",34,525.5,25269,6317.25
2026-09-04T10:34:33+09:00,54,귀멸 학원!,4,"2, 3, 4, 6",636,745.5,23443,5860.75
2026-09-04T10:34:33+09:00,55,세금으로 산 책,4,"1, 2, 3, 4",77,160.5,15635,3908.75
2026-09-04T10:34:33+09:00,56,나나 NANA 완전판,4,"9, 10, 11, 12",62,416.0,14640,3660.0
2026-09-04T10:34:33+09:00,57,요괴소년 호야 완전판,4,"1, 2, 3, 4",19,469.0,13238,3309.5
2026-09-04T10:34:33+09:00,58,달빛천사 애장판,4,"1, 2, 3, 4",462,596.75,12118,3029.5
2026-09-04T10:34:33+09:00,59,창천항로 애장판,4,"1, 2, 3, 4",87,410.25,12055,3013.75
2026-09-04T10:34:33+09:00,60,너를 너무너무너무너무 좋아하는 100명의 그녀,4,"12, 20, 23, 24",272,746.75,8039,2009.75
2026-09-04T10:34:33+09:00,61,데스 노트 Death Note,4,"2, 3, 4, 13",727,832.75,4604,1151.0
2026-09-04T10:34:33+09:00,62,취사병 전설이 되다,4,"14, 15, 17, 18",512,752.5,3980,995.0
2026-09-04T10:34:33+09:00,63,너와 장밋빛 매일,3,"1, 2, 3",109,473.0,33976,11325.33
2026-09-04T10:34:33+09:00,64,열혈강호,3,"93, 94, 95",251,660.67,31468,10489.33
2026-09-04T10:34:33+09:00,65,아멜리아의 호기심 많은 로맨스,3,"1, 2, 3",7,134.67,29499,9833.0
2026-09-04T10:34:33+09:00,66,얼굴만으론 좋아할 수 없어요,3,"16, 17",164,316.0,24920,8306.67
2026-09-04T10:34:33+09:00,67,루리 드래곤,3,"3, 4, 5",284,602.33,23172,7724.0
2026-09-04T10:34:33+09:00,68,킹덤 Kingdom,3,"76, 77, 78",14,245.33,20199,6733.0
2026-09-04T10:34:33+09:00,69,괴수 8호,3,"1, 2, 16",515,710.67,19714,6571.33
2026-09-04T10:34:33+09:00,70,타워 던전,3,"1, 4, 5",439,473.0,15494,5164.67
2026-09-04T10:34:33+09:00,71,애태울 정도의 사랑을 알아라,3,"1, 2, 3",639,713.0,14225,4741.67
2026-09-04T10:34:33+09:00,72,운명의 사람을 만나는 이야기,3,"2, 3, 8",137,615.33,13286,4428.67
2026-09-04T10:34:33+09:00,73,장례식 케이크 전문점 연옥당,3,"1, 2, 3",208,236.67,12773,4257.67
2026-09-04T10:34:33+09:00,74,Veil,3,"1, 6, 7",262,501.67,11761,3920.33
2026-09-04T10:34:33+09:00,75,블루 피리어드,3,"6, 7",51,475.33,8775,2925.0
2026-09-04T10:34:33+09:00,76,악마에 입문했습니다! 이루마 군 : if Episode of 마피아,3,"1, 2, 7",452,734.67,8771,2923.67
2026-09-04T10:34:33+09:00,77,다크 개더링,3,"1, 2, 3",487,550.67,5200,1733.33
2026-09-04T10:34:33+09:00,78,단둘만의 로맨틱,3,"1, 2, 3",723,791.33,3426,1142.0
2026-09-04T10:34:33+09:00,79,작전명 순정,3,"7, 8, 9",504,568.0,2360,786.67
2026-09-04T10:34:33+09:00,80,스킵과 로퍼,2,"11, 12",4,128.0,38464,19232.0
2026-09-04T10:34:33+09:00,81,가르쳐줘 집사,2,"1, 2",281,321.5,23802,11901.0
2026-09-04T10:34:33+09:00,82,나츠메 우인장,2,"31, 32",28,509.0,20111,10055.5
2026-09-04T10:34:33+09:00,83,요리 군과 다시 만날 수는 없어!,2,"1, 2",50,54.5,19350,9675.0
2026-09-04T10:34:33+09:00,84,후지모토 타츠키 단편집,2,"17-21, 22-26",750,864.5,19054,9527.0
2026-09-04T10:34:33+09:00,85,모 이야기,2,2,519,522.5,17230,8615.0
2026-09-04T10:34:33+09:00,86,새벽의 연화,2,"46, 47",102,212.0,16239,8119.5
2026-09-04T10:34:33+09:00,87,귀멸의 칼날 : 공식 팬북 귀살대 견문록,2,2,748,873.5,16131,8065.5
2026-09-04T10:34:33+09:00,88,3월의 벽력,2,"1, 2",39,161.0,15303,7651.5
2026-09-04T10:34:33+09:00,89,전지적 독자 시점,2,"19, 20",61,409.5,15300,7650.0
2026-09-04T10:34:33+09:00,90,던전밥,2,"13, 14",768,880.5,13958,6979.0
2026-09-04T10:34:33+09:00,91,슈퍼 러버즈,2,"18, 19",117,455.0,13418,6709.0
2026-09-04T10:34:33+09:00,92,양 선배는 혼자서 살아갈 수 없어,2,"1, 2",197,296.0,11018,5509.0
2026-09-04T10:34:33+09:00,93,Re : 제로부터 시작하는 이세계 생활,2,"42, 43",204,268.5,10720,5360.0
2026-09-04T10:34:33+09:00,94,이세계 삼촌,2,"13, 14",21,429.0,10545,5272.5
2026-09-04T10:34:33+09:00,95,남편을 내 편으로 만드는 방법,2,5,128,185.0,10260,5130.0
2026-09-04T10:34:33+09:00,96,노아 선배는 친구,2,"9, 10",54,360.0,10180,5090.0
2026-09-04T10:34:33+09:00,97,첫사랑은 나의 오빠,2,"1, 2",80,169.0,10060,5030.0
2026-09-04T10:34:33+09:00,98,나 혼자만 레벨업 : 라그나로크,2,"2, 3",185,500.5,10011,5005.5
2026-09-04T10:34:33+09:00,99,나의 첫 섹파,2,"1, 2",31,67.5,9985,4992.5
2026-09-04T10:34:33+09:00,100,언플러그드 보이,2,"1, 2",800,802.0,9736,4868.0
2026-09-04T10:34:33+09:00,101,메이드 인 어비스,2,"13, 14",103,466.0,9547,4773.5
2026-09-04T10:34:33+09:00,102,오가미 츠미키와 기일상,2,"6, 7",154,351.0,9340,4670.0
2026-09-04T10:34:33+09:00,103,야화첩,2,"8, 9",24,25.0,9290,4645.0
2026-09-04T10:34:33+09:00,104,방과 후 소년 하나코 군,2,2,168,234.0,8533,4266.5
2026-09-04T10:34:33+09:00,105,아이다이로 화집 지박소년 하나코 군,2,2,83,94.0,8329,4164.5
2026-09-04T10:34:33+09:00,106,수상한 경찰,2,"1, 2",261,265.5,8275,4137.5
2026-09-04T10:34:33+09:00,107,비교하고 검토하는 교열부의 쿠쥬 씨,2,"1, 2",266,328.5,8275,4137.5
2026-09-04T10:34:33+09:00,108,악마에 입문했습니다! 이루마 군,2,"47, 48",44,433.5,8160,4080.0
2026-09-04T10:34:33+09:00,109,Myther,2,"2, 3",45,140.0,8045,4022.5
2026-09-04T10:34:33+09:00,110,꿈인지 생시인지,2,"2, 4",30,451.0,7581,3790.5
2026-09-04T10:34:33+09:00,111,블루 자이언트 모멘텀,2,"6, 7",52,307.5,7465,3732.5
2026-09-04T10:34:33+09:00,112,패배 히로인이 너무 많아!,2,"5, 8",551,555.5,7387,3693.5
2026-09-04T10:34:33+09:00,113,이번 생은 가주가 되겠습니다 2부,2,6,542,619.5,7110,3555.0
2026-09-04T10:34:33+09:00,114,묘쌤은 이렇게 말했다,2,"10, 11",386,623.0,6926,3463.0
2026-09-04T10:34:33+09:00,115,숨막힐 정도의 사랑을 줄게,2,"6, 7",267,559.0,6900,3450.0
2026-09-04T10:34:33+09:00,116,그리고 마녀는 숲으로 갔다,2,"1, 2",170,205.0,6713,3356.5
2026-09-04T10:34:33+09:00,117,한구석의 기억,2,"1, 2",670,762.0,6090,3045.0
2026-09-04T10:34:33+09:00,118,참을 수 없는 건 사랑인 걸까,2,"4, 6",41,358.5,5981,2990.5
2026-09-04T10:34:33+09:00,119,천막의 자두가르,2,"3, 5",836,847.0,5947,2973.5
2026-09-04T10:34:33+09:00,120,흑무경담,2,"1, 2",398,436.5,5737,2868.5
2026-09-04T10:34:33+09:00,121,물가의 밤,2,"1, 2",471,673.5,5685,2842.5
2026-09-04T10:34:33+09:00,122,여우 우리군,2,1,86,113.0,5650,2825.0
2026-09-04T10:34:33+09:00,123,서유요원전 서역편 : 화염산의 장,2,"3, 4",400,400.5,5170,2585.0
2026-09-04T10:34:33+09:00,124,만화 인소의 법칙,2,9,155,537.0,5090,2545.0
2026-09-04T10:34:33+09:00,125,벨 푸페의 슈퍼달링 약혼,2,2,572,625.0,5070,2535.0
2026-09-04T10:34:33+09:00,126,추우면 변하는 헤비가미 군,2,"1, 2",302,392.0,4860,2430.0
2026-09-04T10:34:33+09:00,127,포켓몬스터 스페셜,2,"2, 63",146,515.0,4728,2364.0
2026-09-04T10:34:33+09:00,128,너를 잊을 사랑이 하고 싶어,2,7,56,102.0,4340,2170.0
2026-09-04T10:34:33+09:00,129,무서운 책,2,"5, 6",492,693.0,4225,2112.5
2026-09-04T10:34:33+09:00,130,"달은 차고 이지러져, 짐승의 사랑 신장판",2,,36,228.0,4180,2090.0
2026-09-04T10:34:33+09:00,131,온통 여우,2,1,95,157.0,4120,2060.0
2026-09-04T10:34:33+09:00,132,커다란 네가 제일 귀여워,2,,122,239.5,4070,2035.0
2026-09-04T10:34:33+09:00,133,마가이모노,2,"1, 2",276,335.0,4055,2027.5
2026-09-04T10:34:33+09:00,134,오란고교 호스트부,2,"8, 17",699,795.0,3870,1935.0
2026-09-04T10:34:33+09:00,135,곰과 토끼는 친구로 지낼 수 없다,2,"1, 2",245,371.5,3380,1690.0
2026-09-04T10:34:33+09:00,136,호랑이형님,2,"20, 21",309,361.0,3000,1500.0
2026-09-04T10:34:33+09:00,137,아오아시,2,"16, 17",356,427.5,2630,1315.0
2026-09-04T10:34:33+09:00,138,아마 그녀는 우리 형을 노리고 있을 거야,2,"1, 2",213,589.5,2470,1235.0
2026-09-04T10:34:33+09:00,139,"여친, 빌리겠습니다",2,"44, 45",249,584.5,2380,1190.0
2026-09-04T10:34:33+09:00,140,만화 이상적인 기둥서방 생활,2,"10, 11",273,291.5,2330,1165.0
2026-09-04T10:34:33+09:00,141,사랑해 게임을 끝내고 싶어,2,"4, 7",931,935.0,1875,937.5
2026-09-04T10:34:33+09:00,142,건강하고 문화적인 최저한도의 생활,2,"11, 12",598,667.5,1860,930.0
2026-09-04T10:34:33+09:00,143,소녀왕국 표류기,2,"42, 43",316,465.0,1820,910.0
2026-09-04T10:34:33+09:00,144,오컬트 타임즈,2,1,311,635.5,1730,865.0
2026-09-04T10:34:33+09:00,145,냄비로 총알을 막아내며,2,"2, 3",279,279.5,1660,830.0
2026-09-04T10:34:33+09:00,146,포켓몬 생태도감,1,,17,17.0,71159,71159.0
2026-09-04T10:34:33+09:00,147,패밀리 레스토랑 가자. 下,1,,25,25.0,61490,61490.0
2026-09-04T10:34:33+09:00,148,소년과 두더지와 여우와 말,1,,57,57.0,60776,60776.0
2026-09-04T10:34:33+09:00,149,룩 백,1,,81,81.0,35610,35610.0
2026-09-04T10:34:33+09:00,150,패밀리 레스토랑 가자. 上,1,,132,132.0,31346,31346.0
2026-09-04T10:34:33+09:00,151,가라오케 가자!,1,,161,161.0,28646,28646.0
2026-09-04T10:34:33+09:00,152,사피엔스 : 그래픽 히스토리 Vol.1,1,,222,222.0,26251,26251.0
2026-09-04T10:34:33+09:00,153,책이라면 팔 만큼,1,1,10,10.0,25410,25410.0
2026-09-04T10:34:33+09:00,154,주술회전 모듈로,1,1,125,125.0,25260,25260.0
2026-09-04T10:34:33+09:00,155,포켓몬 생태도감 특별판,1,,317,317.0,22855,22855.0
2026-09-04T10:34:33+09:00,156,언제나 기억해,1,,152,152.0,17803,17803.0
2026-09-04T10:34:33+09:00,157,만화의 원리,1,,223,223.0,17339,17339.0
2026-09-04T10:34:33+09:00,158,헬싱 한정판 1~5 세트 - 전5권,1,,32,32.0,16815,16815.0
2026-09-04T10:34:33+09:00,159,디그 잇,1,3,23,23.0,16460,16460.0
2026-09-04T10:34:33+09:00,160,메달리스트,1,14,250,250.0,16400,16400.0
2026-09-04T10:34:33+09:00,161,도쿄 에일리언즈,1,12,424,424.0,16300,16300.0
2026-09-04T10:34:33+09:00,162,포인트 캐릭터 드로잉 - 전2권,1,,425,425.0,16088,16088.0
2026-09-04T10:34:33+09:00,163,"빠졌어, 너에게",1,,970,970.0,15935,15935.0
2026-09-04T10:34:33+09:00,164,"안녕, 에리",1,,319,319.0,15437,15437.0
2026-09-04T10:34:33+09:00,165,페르세폴리스,1,,192,192.0,15055,15055.0
2026-09-04T10:34:33+09:00,166,매거진 조이 Vol.3 : 가비지타임,1,,426,426.0,14165,14165.0
2026-09-04T10:34:33+09:00,167,쥐 The Complete Maus 합본,1,,427,427.0,13795,13795.0
2026-09-04T10:34:33+09:00,168,엄마가 도망갔다,1,,2,2.0,12020,12020.0
2026-09-04T10:34:33+09:00,169,히카루가 죽은 여름,1,8,195,195.0,11900,11900.0
2026-09-04T10:34:33+09:00,170,월간순정 노자키 군,1,17,321,321.0,11564,11564.0
2026-09-04T10:34:33+09:00,171,일러스트레이터를 위한 색과 빛 마스터 가이드북 : COLOR & LIGHT,1,,127,127.0,11312,11312.0
2026-09-04T10:34:33+09:00,172,주술회전 공식 팬북,1,,972,972.0,11307,11307.0
2026-09-04T10:34:33+09:00,173,3월의 라이온,1,18,143,143.0,10894,10894.0
2026-09-04T10:34:33+09:00,174,패배 히로인이 너무 많아! 8.5,1,,20,20.0,10870,10870.0
2026-09-04T10:34:33+09:00,175,신부이야기,1,15,429,429.0,10567,10567.0
2026-09-04T10:34:33+09:00,176,오무라이스 잼잼,1,16,518,518.0,10542,10542.0
2026-09-04T10:34:33+09:00,177,타코피의 원죄 - 상,1,,363,363.0,10315,10315.0
2026-09-04T10:34:33+09:00,178,학생회에도 구멍은 있다!,1,12,430,430.0,10280,10280.0
2026-09-04T10:34:33+09:00,179,귀멸의 칼날 외전,1,,620,620.0,10278,10278.0
2026-09-04T10:34:33+09:00,180,타코피의 원죄 - 하,1,,365,365.0,10095,10095.0
2026-09-04T10:34:33+09:00,181,야마다의 학급일지,1,4,747,747.0,9785,9785.0
2026-09-04T10:34:33+09:00,182,메달리스트 공식 팬북 더블특전판,1,,431,431.0,9780,9780.0
2026-09-04T10:34:33+09:00,183,자연스러운 인체 드로잉,1,,432,432.0,9622,9622.0
2026-09-04T10:34:33+09:00,184,컬러 앤 라이트,1,,978,978.0,9548,9548.0
2026-09-04T10:34:33+09:00,185,"사랑하라, 거짓된 천사들이여",1,6,521,521.0,9543,9543.0
2026-09-04T10:34:33+09:00,186,까면서 보는 해부학 만화,1,,980,980.0,9215,9215.0
2026-09-04T10:34:33+09:00,187,어제 뭐 먹었어?,1,25,13,13.0,9210,9210.0
2026-09-04T10:34:33+09:00,188,만화의 이해,1,,434,434.0,9161,9161.0
2026-09-04T10:34:33+09:00,189,흑집사,1,35,74,74.0,9100,9100.0
2026-09-04T10:34:33+09:00,190,백귀야행,1,31,523,523.0,8255,8255.0
2026-09-04T10:34:33+09:00,191,사피엔스 : 그래픽 히스토리 Vol.3,1,,985,985.0,8116,8116.0
2026-09-04T10:34:33+09:00,192,보석함에 사랑을 채우자,1,1,984,984.0,8010,8010.0
2026-09-04T10:34:33+09:00,193,중년에 지친 밤에는,1,,367,367.0,7993,7993.0
2026-09-04T10:34:33+09:00,194,명탐정 코난 : 경찰학교 편 - 상,1,,760,760.0,7878,7878.0
2026-09-04T10:34:33+09:00,195,명탐정 코난 : 경찰학교 편 - 하,1,,624,624.0,7876,7876.0
2026-09-04T10:34:33+09:00,196,파이브 스타 스토리 The Five Star Stories,1,18,988,988.0,7816,7816.0
2026-09-04T10:34:33+09:00,197,사피엔스 : 그래픽 히스토리 Vol.4,1,,120,120.0,7755,7755.0
2026-09-04T10:34:33+09:00,198,마음을 사로잡는 만화 컷 분할 교실,1,,989,989.0,7755,7755.0
2026-09-04T10:34:33+09:00,199,망그러진 만화,1,1,370,370.0,7603,7603.0
2026-09-04T10:34:33+09:00,200,TV애니메이션 주술회전 회옥·옥절/시부야 사변 공식 가이드북,1,,325,325.0,7585,7585.0
2026-09-04T10:34:33+09:00,201,히나타의 블루,1,6,326,326.0,7525,7525.0
2026-09-04T10:34:33+09:00,202,나의 히어로 아카데미아 캐릭터 팬북 컴플리트 에디션,1,,991,991.0,7505,7505.0
2026-09-04T10:34:33+09:00,203,주술회전 0 : 외전,1,,992,992.0,7410,7410.0
2026-09-04T10:34:33+09:00,204,순경씨와 나,1,1,200,200.0,7354,7354.0
2026-09-04T10:34:33+09:00,205,윈드 브레이커 15~16 세트 - 전2권,1,,182,182.0,7285,7285.0
2026-09-04T10:34:33+09:00,206,쇼타 형아,1,7,199,199.0,7205,7205.0
2026-09-04T10:34:33+09:00,207,별정직 공무원,1,5,996,996.0,7190,7190.0
2026-09-04T10:34:33+09:00,208,괴수 8호 RELAX,1,4,994,994.0,7125,7125.0
2026-09-04T10:34:33+09:00,209,슬램덩크 오리지널 박스판 1~5 세트 - 전5권,1,,634,634.0,7091,7091.0
2026-09-04T10:34:33+09:00,210,야마다 군과 Lv999의 사랑을 하다 4~6 특별판 세트 - 전3권,1,,373,373.0,6968,6968.0
2026-09-04T10:34:33+09:00,211,던전에서 만남을 추구하면 안 되는 걸까,1,21,230,230.0,6575,6575.0
2026-09-04T10:34:33+09:00,212,유희왕 애장판,1,21,375,375.0,6520,6520.0
2026-09-04T10:34:33+09:00,213,길고양이와 늑대,1,6,770,770.0,6510,6510.0
2026-09-04T10:34:33+09:00,214,쿠이 료코 낙서집 데이드림 아워,1,,773,773.0,6361,6361.0
2026-09-04T10:34:33+09:00,215,"내가 연인이 될 수 있을 리 없잖아, 무리무리! (※무리가 아니었다?!)",1,8,203,203.0,6360,6360.0
2026-09-04T10:34:33+09:00,216,재즈 잇 업! Jazz It Up!,1,,772,772.0,6339,6339.0
2026-09-04T10:34:33+09:00,217,옆집 천사님 때문에 어느샌가 인간적으로 타락한 사연 11.5,1,,774,774.0,6195,6195.0
2026-09-04T10:34:33+09:00,218,언니의 미도리 군,1,9,43,43.0,6130,6130.0
2026-09-04T10:34:33+09:00,219,보이시한 여자친구가 너무 귀여워,1,5,637,637.0,5990,5990.0
2026-09-04T10:34:33+09:00,220,봇치·더·록! 앤솔러지 코믹,1,6,232,232.0,5945,5945.0
2026-09-04T10:34:33+09:00,221,바닷바람과 용의 보금자리,1,2,532,532.0,5735,5735.0
2026-09-04T10:34:33+09:00,222,유치원WARS,1,17,64,64.0,5600,5600.0
2026-09-04T10:34:33+09:00,223,오래 보고 싶었다,1,,787,787.0,5559,5559.0
2026-09-04T10:34:33+09:00,224,믹스 MIX,1,24,645,645.0,5359,5359.0
2026-09-04T10:34:33+09:00,225,이다의 날마다 자연관찰,1,,643,643.0,5350,5350.0
2026-09-04T10:34:33+09:00,226,이토준지 자선 걸작집 Dark Colors,1,,75,75.0,5340,5340.0
2026-09-04T10:34:33+09:00,227,소드 아트 온라인,1,29,40,40.0,5200,5200.0
2026-09-04T10:34:33+09:00,228,가끔씩 툭하고 러시아어로 부끄러워하는 옆자리의 아랴 양,1,11,785,785.0,5170,5170.0
2026-09-04T10:34:33+09:00,229,공각기동대 -THE GHOST IN THE SHELL-,1,,792,792.0,5031,5031.0
2026-09-04T10:34:33+09:00,230,쓰레기 기둥서방 하나 군은 죽고 싶어 해,1,3,441,441.0,5005,5005.0
2026-09-04T10:34:33+09:00,231,판타지 배색 아이디어 사전,1,,94,94.0,4974,4974.0
2026-09-04T10:34:33+09:00,232,스킵 비트!,1,50,797,797.0,4912,4912.0
2026-09-04T10:34:33+09:00,233,마법소녀를 동경해서 1~5 합본판,1,,795,795.0,4905,4905.0
2026-09-04T10:34:33+09:00,234,여름 안에서,1,,381,381.0,4881,4881.0
2026-09-04T10:34:33+09:00,235,완전 쓰레기인 와타라세인데,1,3,541,541.0,4875,4875.0
2026-09-04T10:34:33+09:00,236,내 마음의 위험한 녀석,1,13,335,335.0,4855,4855.0
2026-09-04T10:34:33+09:00,237,"너무 건방져, 치가야 군",1,1,379,379.0,4750,4750.0
2026-09-04T10:34:33+09:00,238,타마의 포상,1,1,802,802.0,4689,4689.0
2026-09-04T10:34:33+09:00,239,소소한 미식 생활,1,,806,806.0,4686,4686.0
2026-09-04T10:34:33+09:00,240,김전일 아빠의 사건부,1,3,799,799.0,4615,4615.0
2026-09-04T10:34:33+09:00,241,전생했더니 슬라임이었던 건에 대하여,1,23,448,448.0,4575,4575.0
2026-09-04T10:34:33+09:00,242,THE ART OF SOLO LEVELING : 웹툰 「나 혼자만 레벨업」 공식 아트북,1,,801,801.0,4565,4565.0
2026-09-04T10:34:33+09:00,243,작전명 순정 7~9 스페셜 세트 - 전3권,1,,187,187.0,4550,4550.0
2026-09-04T10:34:33+09:00,244,천국대마경,1,12,546,546.0,4485,4485.0
2026-09-04T10:34:33+09:00,245,봇치·더·록!,1,8,808,808.0,4411,4411.0
2026-09-04T10:34:33+09:00,246,지. : 지구의 운동에 대하여,1,1,544,544.0,4399,4399.0
2026-09-04T10:34:33+09:00,247,오디세이아를 한 번도 안 읽어 볼 수는 없잖아,1,,236,236.0,4330,4330.0
2026-09-04T10:34:33+09:00,248,푸른 상자,1,24,263,263.0,4295,4295.0
2026-09-04T10:34:33+09:00,249,공각기동대 -MANMACHINE INTERFACE-,1,,810,810.0,4288,4288.0
2026-09-04T10:34:33+09:00,250,너를 사랑하는 살인귀,1,1,455,455.0,4255,4255.0
2026-09-04T10:34:33+09:00,251,디 그레이 맨,1,29,451,451.0,4251,4251.0
2026-09-04T10:34:33+09:00,252,동경일일,1,3,813,813.0,4174,4174.0
2026-09-04T10:34:33+09:00,253,버서스,1,6,129,129.0,4130,4130.0
2026-09-04T10:34:33+09:00,254,한밤중 하트튠,1,11,265,265.0,4125,4125.0
2026-09-04T10:34:33+09:00,255,어서 와 수평선,1,1,814,814.0,4075,4075.0
2026-09-04T10:34:33+09:00,256,소년X소녀 일러스트&스티커북,1,,820,820.0,4073,4073.0
2026-09-04T10:34:33+09:00,257,이력서,1,3,76,76.0,4070,4070.0
2026-09-04T10:34:33+09:00,258,시온 군이 말하는 대로,1,1,659,659.0,4060,4060.0
2026-09-04T10:34:33+09:00,259,"밟고, 차고, 사랑하고",1,6,552,552.0,4045,4045.0
2026-09-04T10:34:33+09:00,260,순정 갸루는 여친은 아니지만,1,,69,69.0,4030,4030.0
2026-09-04T10:34:33+09:00,261,이토준지 자선 걸작집 왜곡,1,,93,93.0,3990,3990.0
2026-09-04T10:34:33+09:00,262,놀이의 관계,1,1,388,388.0,3980,3980.0
2026-09-04T10:34:33+09:00,263,베르세르크,1,42,818,818.0,3974,3974.0
2026-09-04T10:34:33+09:00,264,용의 귀여운 일곱 아이 : 쿠이 료코 작품집,1,,822,822.0,3950,3950.0
2026-09-04T10:34:33+09:00,265,이로하의 글이 이끄는 -눈 녹는 길-,1,,456,456.0,3928,3928.0
2026-09-04T10:34:33+09:00,266,유루캠,1,18,337,337.0,3885,3885.0
2026-09-04T10:34:33+09:00,267,어차피 울 거라면 사랑이 좋아,1,9,268,268.0,3880,3880.0
2026-09-04T10:34:33+09:00,268,사망 엔딩에서 벗어난 미연시의 히로인들이 내 【일기장】을 읽고 비밀을 알아챈 듯하다,1,1,71,71.0,3870,3870.0
2026-09-04T10:34:33+09:00,269,사토 씨의 친구,1,,130,130.0,3870,3870.0
2026-09-04T10:34:33+09:00,270,무대 담당과 악역 군,1,2,661,661.0,3810,3810.0
2026-09-04T10:34:33+09:00,271,오란고교 호스트부 Fanbook,1,,662,662.0,3810,3810.0
2026-09-04T10:34:33+09:00,272,용의 학교는 산 위에,1,,824,824.0,3789,3789.0
2026-09-04T10:34:33+09:00,273,누나의 친구,1,4,239,239.0,3680,3680.0
2026-09-04T10:34:33+09:00,274,아이돌라트리,1,1,84,84.0,3660,3660.0
2026-09-04T10:34:33+09:00,275,서랍 속 테라리움 : 신장판,1,,463,463.0,3574,3574.0
2026-09-04T10:34:33+09:00,276,아케비의 세일러복,1,16,49,49.0,3550,3550.0
2026-09-04T10:34:33+09:00,277,더블크로스 The 3rd Edition 룰북,1,1,665,665.0,3507,3507.0
2026-09-04T10:34:33+09:00,278,아라키 히로히코의 만화술,1,,472,472.0,3501,3501.0
2026-09-04T10:34:33+09:00,279,러브 불릿,1,1,833,833.0,3485,3485.0
2026-09-04T10:34:33+09:00,280,전희 서바이벌 사가,1,3,390,390.0,3480,3480.0
2026-09-04T10:34:33+09:00,281,폭식 너무 좋아! 모치즈키 양,1,3,832,832.0,3475,3475.0
2026-09-04T10:34:33+09:00,282,꿈빛 파티시엘 신장판,1,3,834,834.0,3463,3463.0
2026-09-04T10:34:33+09:00,283,도쿄 학생 애처가,1,4,299,299.0,3450,3450.0
2026-09-04T10:34:33+09:00,284,사피엔스: 그래픽 히스토리 시리즈 세트 - 전4권,1,,393,393.0,3425,3425.0
2026-09-04T10:34:33+09:00,285,야쿠자 때문에 목욕탕에서 일하고 있습니다,1,3,835,835.0,3405,3405.0
2026-09-04T10:34:33+09:00,286,현시연 신장판,1,1,48,48.0,3400,3400.0
2026-09-04T10:34:33+09:00,287,사일런트 위치,1,10,343,343.0,3370,3370.0
2026-09-04T10:34:33+09:00,288,역대급 영지 설계사,1,9,831,831.0,3370,3370.0
2026-09-04T10:34:33+09:00,289,이세계 유유자적 농가,1,16,557,557.0,3320,3320.0
2026-09-04T10:34:33+09:00,290,인간실격 무삭제판 1~3 세트- 전3권,1,,467,467.0,3312,3312.0
2026-09-04T10:34:33+09:00,291,소녀종말여행 1~6 박스 세트 - 전6권 (엽서 세트 포함),1,,840,840.0,3247,3247.0
2026-09-04T10:34:33+09:00,292,어떤 여름방학,1,,470,470.0,3155,3155.0
2026-09-04T10:34:33+09:00,293,2120,1,,145,145.0,3140,3140.0
2026-09-04T10:34:33+09:00,294,그랑블루,1,26,98,98.0,3100,3100.0
2026-09-04T10:34:33+09:00,295,더 죠죠랜즈 3 : 돈벌이할 시간,1,,671,671.0,3070,3070.0
2026-09-04T10:34:33+09:00,296,아름다운 인체 그리기 레슨,1,,673,673.0,3055,3055.0
2026-09-04T10:34:33+09:00,297,나의 히어로 아카데미아 공식 일러스트집 Ultra Artworks,1,,674,674.0,2952,2952.0
2026-09-04T10:34:33+09:00,298,켄투리아,1,6,402,402.0,2950,2950.0
2026-09-04T10:34:33+09:00,299,패배 히로인이 너무 많아! @comic,1,5,42,42.0,2930,2930.0
2026-09-04T10:34:33+09:00,300,고블린 슬레이어,1,17,681,681.0,2895,2895.0
2026-09-04T10:34:33+09:00,301,아오이 군의 음담패설은 참을 수 없어!!,1,2,679,679.0,2885,2885.0
2026-09-04T10:34:33+09:00,302,인생 역전,1,3,562,562.0,2880,2880.0
2026-09-04T10:34:33+09:00,303,이 결혼은 어차피 망하게 되어 있다,1,8,565,565.0,2870,2870.0
2026-09-04T10:34:33+09:00,304,마스터 키튼 완전판 1~12 세트 - 전12권 (완결),1,,476,476.0,2843,2843.0
2026-09-04T10:34:33+09:00,305,귀여운 건 나다,1,3,156,156.0,2820,2820.0
2026-09-04T10:34:33+09:00,306,데스마치에서 시작되는 이세계 광상곡,1,34,564,564.0,2790,2790.0
2026-09-04T10:34:33+09:00,307,명탐정 코난 : 범인 한자와 씨,1,10,561,561.0,2780,2780.0
2026-09-04T10:34:33+09:00,308,무로이 야스오의 캐릭터 얼굴 & 바스트업 작화 기술,1,,682,682.0,2780,2780.0
2026-09-04T10:34:33+09:00,309,젖짜기 헌터의 이세계 착유기,1,1,690,690.0,2765,2765.0
2026-09-04T10:34:33+09:00,310,애니메이터 서바이벌 키트,1,,855,855.0,2764,2764.0
2026-09-04T10:34:33+09:00,311,새내기,1,4,474,474.0,2740,2740.0
2026-09-04T10:34:33+09:00,312,발화,1,2,139,139.0,2730,2730.0
2026-09-04T10:34:33+09:00,313,THE POOL,1,,853,853.0,2730,2730.0
2026-09-04T10:34:33+09:00,314,스파이더맨 / 데드풀 VOL. 1 : 브로맨틱하지 않나요?,1,,689,689.0,2670,2670.0
2026-09-04T10:34:33+09:00,315,뒤에 있는 카무이 씨,1,1,66,66.0,2650,2650.0
2026-09-04T10:34:33+09:00,316,시노비고토,1,7,344,344.0,2640,2640.0
2026-09-04T10:34:33+09:00,317,보이는 여고생,1,12,477,477.0,2635,2635.0
2026-09-04T10:34:33+09:00,318,아메와 우미,1,1,157,157.0,2620,2620.0
2026-09-04T10:34:33+09:00,319,유녀전기,1,21,210,210.0,2620,2620.0
2026-09-04T10:34:33+09:00,320,빠져든 침대에서 천사의 자는 얼굴을 보고 싶을 뿐,1,,567,567.0,2620,2620.0
2026-09-04T10:34:33+09:00,321,벡 Beck 신장판,1,8,241,241.0,2610,2610.0
2026-09-04T10:34:33+09:00,322,달님이 바라시는 대로,1,9,271,271.0,2610,2610.0
2026-09-04T10:34:33+09:00,323,망각 배터리,1,23,350,350.0,2580,2580.0
2026-09-04T10:34:33+09:00,324,"다른 학교 얼음공주를 구했더니, 친구부터 시작하게 되었습니다",1,2,89,89.0,2550,2550.0
2026-09-04T10:34:33+09:00,325,드래곤볼 완전판 가이드북 LANDMARK,1,,861,861.0,2545,2545.0
2026-09-04T10:34:33+09:00,326,톰 폭스의 옷을 입은 캐릭터 드로잉 : 아티스트를 위한 옷과 주름 그리기 가이드,1,,348,348.0,2505,2505.0
2026-09-04T10:34:33+09:00,327,유녀전기 대대야사,1,1,303,303.0,2480,2480.0
2026-09-04T10:34:33+09:00,328,박시백의 고려사 1~5 세트 - 전5권,1,,864,864.0,2477,2477.0
2026-09-04T10:34:33+09:00,329,타로의 얼렁뚱땅,1,2,349,349.0,2470,2470.0
2026-09-04T10:34:33+09:00,330,봄바람의 에트랑제,1,6,877,877.0,2432,2432.0
2026-09-04T10:34:33+09:00,331,소드 오라토리아,1,16,692,692.0,2420,2420.0
2026-09-04T10:34:33+09:00,332,동거하는 검성 여스승이 너무 귀여워서 매일 행복합니다,1,1,483,483.0,2415,2415.0
2026-09-04T10:34:33+09:00,333,명탐정 코난 로맨틱 러버스 셀렉션,1,,486,486.0,2405,2405.0
2026-09-04T10:34:33+09:00,334,유감스러운 사랑의 주인공들,1,1,88,88.0,2390,2390.0
2026-09-04T10:34:33+09:00,335,나의 행복한 결혼,1,6,866,866.0,2375,2375.0
2026-09-04T10:34:33+09:00,336,구룡 제네릭 로맨스,1,11,867,867.0,2365,2365.0
2026-09-04T10:34:33+09:00,337,이런 게 좋아,1,12,869,869.0,2345,2345.0
2026-09-04T10:34:33+09:00,338,클레바테스,1,10,574,574.0,2300,2300.0
2026-09-04T10:34:33+09:00,339,소꿉친구 컴플렉스 4~5 스페셜 세트 - 전2권,1,,862,862.0,2290,2290.0
2026-09-04T10:34:33+09:00,340,일본삼국,1,7,868,868.0,2275,2275.0
2026-09-04T10:34:33+09:00,341,J⇔M 제이엠,1,6,407,407.0,2260,2260.0
2026-09-04T10:34:33+09:00,342,여름엔 늘 좋은 일이 생긴다,1,,700,700.0,2245,2245.0
2026-09-04T10:34:33+09:00,343,44교시 생존수업 1~2 세트 - 전2권,1,,351,351.0,2214,2214.0
2026-09-04T10:34:33+09:00,344,우자키 양은 놀고싶어!,1,14,212,212.0,2200,2200.0
2026-09-04T10:34:33+09:00,345,피가 이어지지 않은 우리가 가족이 되는 단 하나의 방법,1,1,108,108.0,2170,2170.0
2026-09-04T10:34:33+09:00,346,"생각을 길러요, 공룡 박사님의 왜왜왜 상담소",1,,493,493.0,2165,2165.0
2026-09-04T10:34:33+09:00,347,파인더의 도피행,1,,243,243.0,2160,2160.0
2026-09-04T10:34:33+09:00,348,쪽팔려게임 1~2 세트 - 전2권,1,,354,354.0,2160,2160.0
2026-09-04T10:34:33+09:00,349,이우일의 만화 그리스로마 신화 1~3 세트 - 전3권,1,,408,408.0,2160,2160.0
2026-09-04T10:34:33+09:00,350,마끼아또의 일러스트 레벨업 테크닉,1,,106,106.0,2130,2130.0
2026-09-04T10:34:33+09:00,351,공주님 고문의 시간입니다,1,19,573,573.0,2130,2130.0
2026-09-04T10:34:33+09:00,352,제도성배기담 Fate/type Redline,1,6,576,576.0,2095,2095.0
2026-09-04T10:34:33+09:00,353,재혼황후,1,11,304,304.0,2090,2090.0
2026-09-04T10:34:33+09:00,354,어쨌든 귀여워,1,25,406,406.0,2080,2080.0
2026-09-04T10:34:33+09:00,355,신석기 시대부터 AI 시대까지 만화로 꿰뚫는 경제사,1,,147,147.0,2075,2075.0
2026-09-04T10:34:33+09:00,356,애프터 갓,1,10,188,188.0,2050,2050.0
2026-09-04T10:34:33+09:00,357,버저 비터 신장판,1,2,883,883.0,2020,2020.0
2026-09-04T10:34:33+09:00,358,만화로 보는 일리아스,1,,706,706.0,2000,2000.0
2026-09-04T10:34:33+09:00,359,시노와 렌,1,4,893,893.0,1985,1985.0
2026-09-04T10:34:33+09:00,360,선생님으로 ○○하면 안 됩니다!,1,3,577,577.0,1970,1970.0
2026-09-04T10:34:33+09:00,361,환생했는데 제7왕자라 내맘대로 마술을 연마합니다,1,22,99,99.0,1930,1930.0
2026-09-04T10:34:33+09:00,362,와카코와 술,1,25,410,410.0,1870,1870.0
2026-09-04T10:34:33+09:00,363,"가까이 와줘, 스피카",1,1,889,889.0,1870,1870.0
2026-09-04T10:34:33+09:00,364,도원암귀,1,26,115,115.0,1860,1860.0
2026-09-04T10:34:33+09:00,365,코믹 어둠의 실력자가 되고 싶어서!,1,15,887,887.0,1850,1850.0
2026-09-04T10:34:33+09:00,366,절대 BL이 되는 세계 & 절대 BL이 되지 않는 고교 생활,1,1,890,890.0,1850,1850.0
2026-09-04T10:34:33+09:00,367,시메지 시뮬레이션,1,2,903,903.0,1845,1845.0
2026-09-04T10:34:33+09:00,368,데포르메 세계 그리는 법,1,,702,702.0,1805,1805.0
2026-09-04T10:34:33+09:00,369,엇갈리는 중앙감정선,1,,107,107.0,1800,1800.0
2026-09-04T10:34:33+09:00,370,우리 남동생들이 죄송합니다,1,9,901,901.0,1785,1785.0
2026-09-04T10:34:33+09:00,371,눈이 나려 꽃,1,26,158,158.0,1780,1780.0
2026-09-04T10:34:33+09:00,372,뷰티풀 군바리,1,12,708,708.0,1770,1770.0
2026-09-04T10:34:33+09:00,373,스물과 성수,1,7,123,123.0,1760,1760.0
2026-09-04T10:34:33+09:00,374,비밀법인 데스메이커,1,1,705,705.0,1760,1760.0
2026-09-04T10:34:33+09:00,375,마법기사 레이어스 원화집,1,,897,897.0,1755,1755.0
2026-09-04T10:34:33+09:00,376,얼음 성벽,1,11,898,898.0,1750,1750.0
2026-09-04T10:34:33+09:00,377,핑키 나이트메어,1,,711,711.0,1740,1740.0
2026-09-04T10:34:33+09:00,378,할렐루야 베이비,1,5,495,495.0,1730,1730.0
2026-09-04T10:34:33+09:00,379,히마텐!,1,4,704,704.0,1730,1730.0
2026-09-04T10:34:33+09:00,380,이세계 전생 던전 마스터 온천 던전을 만들다,1,1,358,358.0,1720,1720.0
2026-09-04T10:34:33+09:00,381,마법소녀 마도카 마기카 신장판 : 상.하 박스 세트 - 전2권 (투명 pp카드 2매 + A5 L홀더 포함),1,,915,915.0,1696,1696.0
2026-09-04T10:34:33+09:00,382,반에서 두 번째로 귀여운 여자애와 친구가 되었다,1,6,214,214.0,1690,1690.0
2026-09-04T10:34:33+09:00,383,긴키 지방의 어느 장소에 대하여,1,2,710,710.0,1690,1690.0
2026-09-04T10:34:33+09:00,384,방과 후 제방 일지,1,14,900,900.0,1690,1690.0
2026-09-04T10:34:33+09:00,385,스노우볼 어스,1,4,216,216.0,1670,1670.0
2026-09-04T10:34:33+09:00,386,외톨이에는 익숙하니까요. 약혼자 방치 중!,1,1,905,905.0,1662,1662.0
2026-09-04T10:34:33+09:00,387,산가지는 도깨비의 꿈을 꾼다,1,5,217,217.0,1650,1650.0
2026-09-04T10:34:33+09:00,388,사망 유희로 밥을 먹는다.,1,5,909,909.0,1645,1645.0
2026-09-04T10:34:33+09:00,389,독점 마이 히어로,1,15,96,96.0,1630,1630.0
2026-09-04T10:34:33+09:00,390,고슴도치와 콘트라스트,1,1,904,904.0,1630,1630.0
2026-09-04T10:34:33+09:00,391,야노 군의 평범한 나날,1,12,907,907.0,1625,1625.0
2026-09-04T10:34:33+09:00,392,내 백합도 영업인 줄 알았어?,1,,306,306.0,1610,1610.0
2026-09-04T10:34:33+09:00,393,명탐정 코난 : 1일 1쪽 뇌 자극 수학 추리 초급편 151문,1,,315,315.0,1608,1608.0
2026-09-04T10:34:33+09:00,394,길가메쉬,1,,712,712.0,1602,1602.0
2026-09-04T10:34:33+09:00,395,이기적 연애론,1,3,906,906.0,1600,1600.0
2026-09-04T10:34:33+09:00,396,킬러의 최애,1,4,171,171.0,1590,1590.0
2026-09-04T10:34:33+09:00,397,페이스리스 드롭아웃,1,1,418,418.0,1580,1580.0
2026-09-04T10:34:33+09:00,398,보루토 -TWO BLUE VORTEX-,1,5,308,308.0,1570,1570.0
2026-09-04T10:34:33+09:00,399,사랑이 없으면 아이돌은 할 수 없어,1,4,149,149.0,1550,1550.0
2026-09-04T10:34:33+09:00,400,겁쟁이페달,1,95,172,172.0,1540,1540.0
2026-09-04T10:34:33+09:00,401,라라의 결혼,1,8,910,910.0,1540,1540.0
2026-09-04T10:34:33+09:00,402,"신 울어라, 펜",1,11,911,911.0,1540,1540.0
2026-09-04T10:34:33+09:00,403,11번째 고양이는 네네,1,2,159,159.0,1520,1520.0
2026-09-04T10:34:33+09:00,404,그리스 로마 신화를 한 번도 안 읽어볼 수는 없잖아,1,,593,593.0,1520,1520.0
2026-09-04T10:34:33+09:00,405,삼국지를 한번도 안 읽어 볼 수는 없잖아,1,,713,713.0,1500,1500.0
2026-09-04T10:34:33+09:00,406,힛 미 하드,1,1,918,918.0,1500,1500.0
2026-09-04T10:34:33+09:00,407,달의 아이 신장판,1,8,160,160.0,1490,1490.0
2026-09-04T10:34:33+09:00,408,서뱀프 Servamp 23~24 세트 - 전2권,1,,275,275.0,1480,1480.0
2026-09-04T10:34:33+09:00,409,배가본드,1,2,914,914.0,1459,1459.0
2026-09-04T10:34:33+09:00,410,CAT'S EYE 캣츠 아이 완전판,1,12,151,151.0,1450,1450.0
2026-09-04T10:34:33+09:00,411,캐릭터 채색 & 레이어 테크닉,1,,717,717.0,1450,1450.0
2026-09-04T10:34:33+09:00,412,녹풍당의 사계절,1,21,274,274.0,1440,1440.0
2026-09-04T10:34:33+09:00,413,킬블루,1,13,585,585.0,1440,1440.0
2026-09-04T10:34:33+09:00,414,더 화이팅 신장재편판,1,56,150,150.0,1420,1420.0
2026-09-04T10:34:33+09:00,415,추방 당한 전생 중기사는 게임 지식으로 무쌍한다,1,12,586,586.0,1410,1410.0
2026-09-04T10:34:33+09:00,416,카모노하시 론의 금단추리,1,18,174,174.0,1400,1400.0
2026-09-04T10:34:33+09:00,417,극한견주,1,6,590,590.0,1375,1375.0
2026-09-04T10:34:33+09:00,418,노이지 룸메이트,1,6,591,591.0,1355,1355.0
2026-09-04T10:34:33+09:00,419,커들,1,2,715,715.0,1340,1340.0
2026-09-04T10:34:33+09:00,420,고랭순대 작품집,1,7,131,131.0,1320,1320.0
2026-09-04T10:34:33+09:00,421,녹는 눈과 아가판서스,1,1,728,728.0,1310,1310.0
2026-09-04T10:34:33+09:00,422,책벌레의 하극상 제4부 : 귀족원의 도서관을 구하고 싶어!,1,10,716,716.0,1275,1275.0
2026-09-04T10:34:33+09:00,423,일승천금,1,3,220,220.0,1250,1250.0
2026-09-04T10:34:33+09:00,424,아자미 야코를 좋아하게 된다,1,2,500,500.0,1250,1250.0
2026-09-04T10:34:33+09:00,425,44교시 생존수업,1,1,415,415.0,1246,1246.0
2026-09-04T10:34:33+09:00,426,버그 에고,1,2,501,501.0,1230,1230.0
2026-09-04T10:34:33+09:00,427,엑소시스트를 타락시킬 수 없어,1,14,921,921.0,1230,1230.0
2026-09-04T10:34:33+09:00,428,장하다! 원조 괴짜가족,1,13,721,721.0,1225,1225.0
2026-09-04T10:34:33+09:00,429,만화를 잘 그리기 위한 노하우 도감,1,,190,190.0,1220,1220.0
2026-09-04T10:34:33+09:00,430,라면 재유기,1,13,191,191.0,1190,1190.0
2026-09-04T10:34:33+09:00,431,내가 죽을 뿐인 100가지 괴담,1,2,922,922.0,1170,1170.0
2026-09-04T10:34:33+09:00,432,토리빵,1,16,936,936.0,1170,1170.0
2026-09-04T10:34:33+09:00,433,월광천녀 애장판,1,8,247,247.0,1140,1140.0
2026-09-04T10:34:33+09:00,434,로스타임에 작별 인사를 Home and Away,1,,924,924.0,1130,1130.0
2026-09-04T10:34:33+09:00,435,펜과 수갑과 사실혼,1,4,594,594.0,1120,1120.0
2026-09-04T10:34:33+09:00,436,선생님! 저희들이 세계를 멸망시킵니다.,1,9,502,502.0,1110,1110.0
2026-09-04T10:34:33+09:00,437,숲 변두리의 꼬마 마녀,1,1,278,278.0,1080,1080.0
2026-09-04T10:34:33+09:00,438,코믹 무직전생,1,21,724,724.0,1080,1080.0
2026-09-04T10:34:33+09:00,439,영원한 계약,1,6,928,928.0,1070,1070.0
2026-09-04T10:34:33+09:00,440,사령 마술의 용의자,1,3,422,422.0,1060,1060.0
2026-09-04T10:34:33+09:00,441,전격데이지 애장판,1,1,595,595.0,1060,1060.0
2026-09-04T10:34:33+09:00,442,최애에게 러브 바이트,1,8,927,927.0,1050,1050.0
2026-09-04T10:34:33+09:00,443,SCP가 뭔가요?,1,3,597,597.0,1040,1040.0
2026-09-04T10:34:33+09:00,444,최애의 성벽이 너무 위험하다고요!,1,1,933,933.0,1010,1010.0
2026-09-04T10:34:33+09:00,445,명탐정 코난 : 1일 1쪽 뇌 자극 수학 추리 고급편 154문,1,,608,608.0,1005,1005.0
2026-09-04T10:34:33+09:00,446,홀로서기 마왕성,1,12,124,124.0,995,995.0
2026-09-04T10:34:33+09:00,447,뇌를 바꾸려는 사람들,1,,932,932.0,980,980.0
2026-09-04T10:34:33+09:00,448,공정 드래곤즈,1,21,359,359.0,970,970.0
2026-09-04T10:34:33+09:00,449,통제구역관리부,1,4,503,503.0,960,960.0
2026-09-04T10:34:33+09:00,450,타베모노로그,1,,506,506.0,950,950.0
2026-09-04T10:34:33+09:00,451,아이들의 장난감 애장판 1~7 세트 - 전7권 (완결),1,,937,937.0,946,946.0
2026-09-04T10:34:33+09:00,452,꿈자리가 이상한데요?! 외전,1,,417,417.0,940,940.0
2026-09-04T10:34:33+09:00,453,전생 악녀의 흑역사,1,18,507,507.0,940,940.0
2026-09-04T10:34:33+09:00,454,룸메이트,1,1,277,277.0,920,920.0
2026-09-04T10:34:33+09:00,455,마로니에 왕국의 7인의 기사,1,7,312,312.0,920,920.0
2026-09-04T10:34:33+09:00,456,에리스의 성배,1,6,416,416.0,910,910.0
2026-09-04T10:34:33+09:00,457,꿀과 극약,1,2,945,945.0,910,910.0
2026-09-04T10:34:33+09:00,458,월간 트릴레마,1,1,221,221.0,900,900.0
2026-09-04T10:34:33+09:00,459,택배기사 형이랑 잘 될 수 있을까?,1,,940,940.0,900,900.0
2026-09-04T10:34:33+09:00,460,도쿄대 세 자매,1,2,508,508.0,890,890.0
2026-09-04T10:34:33+09:00,461,골든 카무이 1~31 세트 - 전31권,1,,941,941.0,888,888.0
2026-09-04T10:34:33+09:00,462,가짜 연금술사,1,4,730,730.0,870,870.0
2026-09-04T10:34:33+09:00,463,멜로에 빠진 직장인은 안일하다,1,,246,246.0,860,860.0
2026-09-04T10:34:33+09:00,464,특별한 도라에몽 : 쿵짜라♪ 울려퍼지는 음악 편,1,8,935,935.0,850,850.0
2026-09-04T10:34:33+09:00,465,타이카의 이성,1,3,314,314.0,840,840.0
2026-09-04T10:34:33+09:00,466,치하야 리스타트!,1,2,419,419.0,830,830.0
2026-09-04T10:34:33+09:00,467,사자나미 군이 가장 싫어하는 남자,1,,505,505.0,830,830.0
2026-09-04T10:34:33+09:00,468,룸 투어즈,1,2,949,949.0,820,820.0
2026-09-04T10:34:33+09:00,469,How to melt,1,,957,957.0,820,820.0
2026-09-04T10:34:33+09:00,470,상남자,1,2,513,513.0,810,810.0
2026-09-04T10:34:33+09:00,471,"아리스, 우주까지도",1,4,938,938.0,810,810.0
2026-09-04T10:34:33+09:00,472,1초,1,24,943,943.0,800,800.0
2026-09-04T10:34:33+09:00,473,트릴리온 게임,1,10,944,944.0,800,800.0
2026-09-04T10:34:33+09:00,474,떨거지 인어 디아나,1,1,604,604.0,780,780.0
2026-09-04T10:34:33+09:00,475,우린 엇갈리고 있다,1,1,729,729.0,770,770.0
2026-09-04T10:34:33+09:00,476,시오타 선생님과 아마이양,1,7,732,732.0,760,760.0
2026-09-04T10:34:33+09:00,477,W 줄리엣 2부,1,16,948,948.0,760,760.0
2026-09-04T10:34:33+09:00,478,술에 취한 영애가 영웅을 몰라보고 구혼한 결과,1,1,313,313.0,740,740.0
2026-09-04T10:34:33+09:00,479,꿈사랑 ~꿈에서 우리는 사랑에 빠진다~,1,4,733,733.0,740,740.0
2026-09-04T10:34:33+09:00,480,마왕과 용사의 사랑의 도피 바캉스,1,,734,734.0,740,740.0
2026-09-04T10:34:33+09:00,481,도망을 잘 치는 도련님,1,22,736,736.0,730,730.0
2026-09-04T10:34:33+09:00,482,응원 걸!,1,1,600,600.0,710,710.0
2026-09-04T10:34:33+09:00,483,쌀쌀맞은 사토 양이 나에게만 상냥하다,1,4,509,509.0,700,700.0
2026-09-04T10:34:33+09:00,484,퀸즈 퀄리티,1,1,946,946.0,690,690.0
2026-09-04T10:34:33+09:00,485,사랑할 자격,1,3,958,958.0,690,690.0
2026-09-04T10:34:33+09:00,486,인터넷 러브!,1,,602,602.0,688,688.0
2026-09-04T10:34:33+09:00,487,탱크체어 TANK CHAIR,1,4,947,947.0,670,670.0
2026-09-04T10:34:33+09:00,488,키스 다음부터는 애드리브로,1,,603,603.0,640,640.0
2026-09-04T10:34:33+09:00,489,친구 여동생이 나한테만 짜증나게 군다,1,9,959,959.0,630,630.0
2026-09-04T10:34:33+09:00,490,파도였던 날들,1,,361,361.0,620,620.0
2026-09-04T10:34:33+09:00,491,내일은 어느 쪽!,1,12,421,421.0,620,620.0
2026-09-04T10:34:33+09:00,492,우리들은 모두 *어 있다,1,3,613,613.0,620,620.0
2026-09-04T10:34:33+09:00,493,노노코 양의 여자친구 군♂,1,1,739,739.0,610,610.0
2026-09-04T10:34:33+09:00,494,렛츠고 괴기조,1,5,360,360.0,590,590.0
2026-09-04T10:34:33+09:00,495,옷소매 붉은 끝동,1,11,609,609.0,590,590.0
2026-09-04T10:34:33+09:00,496,라멘 아카네코,1,14,611,611.0,590,590.0
2026-09-04T10:34:33+09:00,497,"네가 울부짖기 위한 노래를,",1,3,612,612.0,590,590.0
2026-09-04T10:34:33+09:00,498,여장 남자는 스커트를 벗고 싶어!,1,5,743,743.0,580,580.0
2026-09-04T10:34:33+09:00,499,영국 낭만 희화 포레스트 아이비,1,1,741,741.0,570,570.0
2026-09-04T10:34:33+09:00,500,사랑스런 쿠니타마,1,1,955,955.0,553,553.0
2026-09-04T10:34:33+09:00,501,안티 페이크 러브,1,,511,511.0,550,550.0
2026-09-04T10:34:33+09:00,502,벼랑 끝의 영애는 흑기사님을 반하게 하고 싶어,1,1,610,610.0,550,550.0
2026-09-04T10:34:33+09:00,503,바라메 강림하여 주소서,1,2,605,605.0,530,530.0
2026-09-04T10:34:33+09:00,504,1995 청춘 레포트,1,2,607,607.0,510,510.0
2026-09-04T10:34:33+09:00,505,미와 씨 행세를 합니다,1,14,956,956.0,510,510.0
2026-09-04T10:34:33+09:00,506,눈물비와 세레나데,1,14,967,967.0,510,510.0
2026-09-04T10:34:33+09:00,507,발키리 키코,1,4,953,953.0,490,490.0
2026-09-04T10:34:33+09:00,508,궁극의 애니메이션,1,100,742,742.0,480,480.0
2026-09-04T10:34:33+09:00,509,공각기동대 -HUMAN ERROR PROCESSER-,1,,740,740.0,470,470.0
2026-09-04T10:34:33+09:00,510,영세 소녀의 싸우는 법,1,7,963,963.0,440,440.0
2026-09-04T10:34:33+09:00,511,그리는 카마타,1,1,964,964.0,280,280.0
2026-09-04T10:34:33+09:00,512,언더독의 왕관,1,1,965,965.0,280,280.0
2026-09-07T08:54:48+09:00,1,헌터x헌터 HunterXHunter 신장판,38,"1, 2, 3, 4, 5, 6, 7, 8, 9, 10, 11, 12, 13, 14, 15, 16, 17, 18, 19, 20, 21, 22, 23, 24, 25, 26, 27, 28, 29, 30, 31, 32, 33, 34, 35, 36, 37, 38",162,419.68,185892,4891.89
2026-09-07T08:54:48+09:00,2,주술회전,25,"1, 2, 3, 4, 5, 6, 7, 8, 9, 10, 15, 16, 17, 18, 19, 20, 21, 22, 23, 24, 25, 26, 27, 28, 30",248,545.24,166324,6652.96
2026-09-07T08:54:48+09:00,3,지박소년 하나코 군,23,"0, 1, 2, 3, 5, 6, 7, 8, 9, 13, 14, 15, 16, 17, 18, 19, 20, 21, 22, 23, 24, 25",194,409.43,114038,4958.17
2026-09-07T08:54:48+09:00,4,향기로운 꽃은 늠름하게 핀다,21,"1, 2, 3, 4, 5, 6, 7, 8, 9, 10, 11, 12, 13, 14, 15, 16, 17, 18, 19, 20, 21",149,356.1,116231,5534.81
2026-09-07T08:54:48+09:00,5,황천의 츠가이,14,"1, 2, 3, 4, 5, 6, 7, 8, 9, 10, 11, 12",23,518.36,77571,5540.79
2026-09-07T08:54:48+09:00,6,장송의 프리렌,14,"1, 2, 3, 4, 5, 6, 8, 9, 10, 11, 12, 13, 14, 15",73,596.57,57691,4120.79
2026-09-07T08:54:48+09:00,7,카구라바치,12,"1, 2, 3, 4, 5, 6, 7, 8, 9, 10, 11",1,338.17,100279,8356.58
2026-09-07T08:54:48+09:00,8,약사의 혼잣말,11,"1, 2, 3, 4, 5, 11, 12, 14, 16, 21",489,704.18,39602,3600.18
2026-09-07T08:54:48+09:00,9,타몬 군 지금 어느 쪽?!,10,"1, 5, 7, 8, 9, 11, 12, 13, 14",3,509.4,83542,8354.2
2026-09-07T08:54:48+09:00,10,아름다운 초저녁달,10,"1, 2, 3, 4, 5, 6, 7, 8, 9, 10",206,614.6,55668,5566.8
2026-09-07T08:54:48+09:00,11,먼작귀,10,"1, 2, 3, 4, 5",389,656.5,22917,2291.7
2026-09-07T08:54:48+09:00,12,야마다 군과 Lv999의 사랑을 하다,9,"1, 2, 3, 4, 5, 6, 7, 8",6,165.67,84951,9439.0
2026-09-07T08:54:48+09:00,13,봄의 폭풍과 몬스터,9,"1, 2, 3, 4, 5, 6, 7, 8, 9",38,653.78,57292,6365.78
2026-09-07T08:54:48+09:00,14,GACHIAKUTA,9,"1, 12, 13, 14, 15, 16, 17, 18",55,636.78,54450,6050.0
2026-09-07T08:54:48+09:00,15,슈퍼 뒤에서 담배 피우는 두 사람,8,"1, 2, 3, 4, 5, 6, 7, 8",45,87.38,85868,10733.5
2026-09-07T08:54:48+09:00,16,불가항력의 I LOVE YOU,8,"1, 2, 3, 4, 5, 6, 7, 8",101,171.0,83360,10420.0
2026-09-07T08:54:48+09:00,17,찍히지 않습니다,8,"1, 2, 3, 4, 5, 6, 7",150,533.5,57028,7128.5
2026-09-07T08:54:48+09:00,18,기븐,8,"1, 2, 4, 5, 6, 7, 8, 9",385,609.38,35646,4455.75
2026-09-07T08:54:48+09:00,19,정반대의 너와 나,8,"1, 2, 3, 4, 5, 6, 7, 8",292,395.75,20331,2541.38
2026-09-07T08:54:48+09:00,20,네가 죽을 때까지 사랑하고 싶어,8,"1, 2, 3, 4, 5, 6, 7, 8",541,729.75,16065,2008.12
2026-09-07T08:54:48+09:00,21,원피스,7,"1, 98, 99, 100, 112, 113, 114",32,564.29,111528,15932.57
2026-09-07T08:54:48+09:00,22,체인소 맨,7,"10, 18, 19, 20, 21, 22, 23",140,640.43,97988,13998.29
2026-09-07T08:54:48+09:00,23,사카모토 데이즈,7,"4, 16, 21, 22, 25, 26, 27",7,572.29,70450,10064.29
2026-09-07T08:54:48+09:00,24,명탐정 코난,7,"1, 2, 105, 106, 107, 108",18,602.43,62629,8947.0
2026-09-07T08:54:48+09:00,25,그 비스크 돌은 사랑을 한다,7,"1, 2, 3, 5, 13, 14, 15",584,776.0,42453,6064.71
2026-09-07T08:54:48+09:00,26,블루 록,7,"17, 18, 19, 33, 34, 35, 36",423,722.0,35009,5001.29
2026-09-07T08:54:48+09:00,27,마법소녀를 동경해서,7,"1, 2, 3, 4, 5, 6, 7",26,381.71,26890,3841.43
2026-09-07T08:54:48+09:00,28,얼음 성벽,7,"8, 9, 10, 11, 12, 13, 14",633,870.29,14093,2013.29
2026-09-07T08:54:48+09:00,29,귀멸 학원!,6,"1, 2, 3, 4, 5, 6",585,737.0,35482,5913.67
2026-09-07T08:54:48+09:00,30,담배 고양이,6,"1, 2, 3, 4, 5, 6",102,435.0,25761,4293.5
2026-09-07T08:54:48+09:00,31,나루토 Naruto,6,"1, 8, 43, 44, 45, 51",732,837.67,14063,2343.83
2026-09-07T08:54:48+09:00,32,스파이 패밀리,5,"1, 14, 15, 16, 17",4,440.6,86905,17381.0
2026-09-07T08:54:48+09:00,33,엄마를 만나러 가는 길,5,"1, 2, 3, 4",143,199.8,56200,11240.0
2026-09-07T08:54:48+09:00,34,마남 이치,5,"1, 2, 3, 5, 6",9,327.4,52358,10471.6
2026-09-07T08:54:48+09:00,35,반딧불이의 혼례,5,"7, 8, 9, 10, 11",71,479.4,45610,9122.0
2026-09-07T08:54:48+09:00,36,비실비실 선생님,5,"12, 13, 14, 15, 16",58,594.6,29866,5973.2
2026-09-07T08:54:48+09:00,37,타워 던전,5,"1, 2, 3, 4, 5",370,572.0,24079,4815.8
2026-09-07T08:54:48+09:00,38,블리치 리믹스,5,"1, 2, 3, 4, 17",33,580.6,14887,2977.4
2026-09-07T08:54:48+09:00,39,100미터,5,"1, 2, 3, 4, 5",535,614.6,12319,2463.8
2026-09-07T08:54:48+09:00,40,여학교의 별,4,"1, 2, 3, 4",470,633.75,77087,19271.75
2026-09-07T08:54:48+09:00,41,원펀맨 One Punch Man,4,"30, 31, 34, 35",70,491.5,38761,9690.25
2026-09-07T08:54:48+09:00,42,옆자리 녀석이 그런 눈으로 쳐다본다,4,"1, 2, 3, 4",31,95.5,28734,7183.5
2026-09-07T08:54:48+09:00,43,"사랑하라, 거짓된 천사들이여",4,"1, 4, 5, 6",267,669.5,27378,6844.5
2026-09-07T08:54:48+09:00,44,귀멸의 칼날,4,"11, 20, 22, 23",413,624.5,26348,6587.0
2026-09-07T08:54:48+09:00,45,킹덤 Kingdom,4,"75, 76, 77, 78",21,485.0,24640,6160.0
2026-09-07T08:54:48+09:00,46,괴수 8호,4,"1, 2, 5, 16",692,797.0,24347,6086.75
2026-09-07T08:54:48+09:00,47,오가미 츠미키와 기일상,4,"3, 6, 7, 8",12,344.75,22659,5664.75
2026-09-07T08:54:48+09:00,48,세금으로 산 책,4,"1, 2, 3, 4",119,236.5,15375,3843.75
2026-09-07T08:54:48+09:00,49,지. : 지구의 운동에 대하여,4,"1, 2, 3, 4",507,806.5,14478,3619.5
2026-09-07T08:54:48+09:00,50,Re : 제로부터 시작하는 이세계 생활,4,"24, 25, 42, 43",251,650.75,13551,3387.75
2026-09-07T08:54:48+09:00,51,요괴소년 호야 완전판,4,"1, 2, 3, 4",36,406.25,12744,3186.0
2026-09-07T08:54:48+09:00,52,달빛천사 애장판,4,"1, 2, 3, 4",634,690.75,12548,3137.0
2026-09-07T08:54:48+09:00,53,창천항로 애장판,4,"1, 2, 3, 4",135,579.75,11720,2930.0
2026-09-07T08:54:48+09:00,54,이거 그리고 죽어,4,"1, 2, 7, 8",75,633.75,11391,2847.75
2026-09-07T08:54:48+09:00,55,도쿄 학생 애처가,4,"1, 2, 3, 4",323,741.25,11004,2751.0
2026-09-07T08:54:48+09:00,56,서유요원전 서역편 : 화염산의 장,4,"1, 2, 3, 4",331,600.0,9344,2336.0
2026-09-07T08:54:48+09:00,57,건방진 그 녀석,4,"1, 2, 3, 4",533,626.0,9016,2254.0
2026-09-07T08:54:48+09:00,58,통제구역관리부,4,"1, 2, 3, 4",555,780.0,6233,1558.25
2026-09-07T08:54:48+09:00,59,풀 나이트,4,"1, 2, 3, 5",132,619.25,5314,1328.5
2026-09-07T08:54:48+09:00,60,캐릭캐릭 체인지! Jewel Joker 주얼 조커,3,"1, 2, 3",126,277.33,33127,11042.33
2026-09-07T08:54:48+09:00,61,아멜리아의 호기심 많은 로맨스,3,"1, 2, 3",11,149.67,29942,9980.67
2026-09-07T08:54:48+09:00,62,요리 군과 다시 만날 수는 없어!,3,"1, 2",46,340.0,22580,7526.67
2026-09-07T08:54:48+09:00,63,루리 드래곤,3,"4, 5",482,686.0,20447,6815.67
2026-09-07T08:54:48+09:00,64,디그 잇,3,"1, 2, 3",22,553.0,19400,6466.67
2026-09-07T08:54:48+09:00,65,마루는 강쥐,3,"1, 3, 9",128,518.0,18334,6111.33
2026-09-07T08:54:48+09:00,66,Veil,3,"1, 2, 7",234,506.67,11656,3885.33
2026-09-07T08:54:48+09:00,67,나나 NANA 완전판,3,"10, 11, 12",100,347.0,11585,3861.67
2026-09-07T08:54:48+09:00,68,장례식 케이크 전문점 연옥당,3,"1, 2, 3",235,257.67,11585,3861.67
2026-09-07T08:54:48+09:00,69,하이큐!!,3,"1, 38, 45",884,908.0,9836,3278.67
2026-09-07T08:54:48+09:00,70,보석의 나라,3,"10, 12, 13",941,949.67,7169,2389.67
2026-09-07T08:54:48+09:00,71,마도정병의 슬레이브,3,"1, 2, 19",760,836.33,6859,2286.33
2026-09-07T08:54:48+09:00,72,너를 잊을 사랑이 하고 싶어,3,"6, 7",62,394.67,6703,2234.33
2026-09-07T08:54:48+09:00,73,다크 개더링,3,"1, 2, 3",648,747.33,5080,1693.33
2026-09-07T08:54:48+09:00,74,못 미더운 악녀입니다만 : ~추궁접서 교체전~,3,"7, 9, 10",217,564.67,4483,1494.33
2026-09-07T08:54:48+09:00,75,스킵과 로퍼,2,"11, 12",10,118.5,36308,18154.0
2026-09-07T08:54:48+09:00,76,봇치·더·록! 외전 히로이 키쿠리의 과음일기,2,"5, 6",17,163.5,32750,16375.0
2026-09-07T08:54:48+09:00,77,팬텀 버스터즈,2,7,42,134.0,28900,14450.0
2026-09-07T08:54:48+09:00,78,가르쳐줘 집사,2,"1, 2",245,298.5,23977,11988.5
2026-09-07T08:54:48+09:00,79,얼굴만으론 좋아할 수 없어요,2,17,191,248.5,23170,11585.0
2026-09-07T08:54:48+09:00,80,열혈강호,2,"94, 95",171,433.5,22289,11144.5
2026-09-07T08:54:48+09:00,81,히카루가 죽은 여름,2,"7, 8",172,504.0,20303,10151.5
2026-09-07T08:54:48+09:00,82,모모세 아키라의 첫사랑 파탄 중,2,"4, 6",30,434.0,20009,10004.5
2026-09-07T08:54:48+09:00,83,후지모토 타츠키 단편집,2,"17-21, 22-26",354,382.5,19580,9790.0
2026-09-07T08:54:48+09:00,84,모 이야기,2,2,566,636.5,17033,8516.5
2026-09-07T08:54:48+09:00,85,단다단,2,"20, 21",35,262.5,16138,8069.0
2026-09-07T08:54:48+09:00,86,새벽의 연화,2,"46, 47",124,299.0,16041,8020.5
2026-09-07T08:54:48+09:00,87,3월의 벽력,2,"1, 2",39,143.0,15403,7701.5
2026-09-07T08:54:48+09:00,88,애태울 정도의 사랑을 알아라,2,"2, 3",576,579.0,13420,6710.0
2026-09-07T08:54:48+09:00,89,슈퍼 러버즈,2,"18, 19",133,428.5,13023,6511.5
2026-09-07T08:54:48+09:00,90,양 선배는 혼자서 살아갈 수 없어,2,"1, 2",356,373.0,10850,5425.0
2026-09-07T08:54:48+09:00,91,노아 선배는 친구,2,"9, 10",61,477.5,9820,4910.0
2026-09-07T08:54:48+09:00,92,남편을 내 편으로 만드는 방법,2,5,259,265.0,9650,4825.0
2026-09-07T08:54:48+09:00,93,완전 쓰레기인 와타라세인데,2,"1, 3",497,683.0,9445,4722.5
2026-09-07T08:54:48+09:00,94,야화첩,2,"8, 9",40,40.5,9380,4690.0
2026-09-07T08:54:48+09:00,95,첫사랑은 나의 오빠,2,"1, 2",117,242.0,9360,4680.0
2026-09-07T08:54:48+09:00,96,악마에 입문했습니다! 이루마 군,2,"47, 48",16,315.0,9265,4632.5
2026-09-07T08:54:48+09:00,97,나의 첫 섹파,2,"1, 2",43,93.5,9225,4612.5
2026-09-07T08:54:48+09:00,98,보이시한 여자친구가 너무 귀여워,2,5,363,647.0,8920,4460.0
2026-09-07T08:54:48+09:00,99,동경일일,2,"1, 3",741,804.0,8754,4377.0
2026-09-07T08:54:48+09:00,100,아이다이로 화집 지박소년 하나코 군,2,2,52,80.5,8674,4337.0
2026-09-07T08:54:48+09:00,101,방과 후 소년 하나코 군,2,2,167,212.5,8646,4323.0
2026-09-07T08:54:48+09:00,102,유치원WARS,2,"16, 17",89,421.5,8443,4221.5
2026-09-07T08:54:48+09:00,103,수상한 경찰,2,"1, 2",252,268.0,8430,4215.0
2026-09-07T08:54:48+09:00,104,Myther,2,"2, 3",49,164.5,8255,4127.5
2026-09-07T08:54:48+09:00,105,지뢰인가요? 치하라 양,2,"1, 2",27,30.5,7660,3830.0
2026-09-07T08:54:48+09:00,106,비교하고 검토하는 교열부의 쿠쥬 씨,2,"1, 2",211,247.0,7605,3802.5
2026-09-07T08:54:48+09:00,107,더블크로스 The 3rd Edition 룰북,2,"1, 2",515,706.5,7272,3636.0
2026-09-07T08:54:48+09:00,108,블루 자이언트 모멘텀,2,"6, 7",84,354.5,7200,3600.0
2026-09-07T08:54:48+09:00,109,패배 히로인이 너무 많아!,2,"5, 8",606,760.0,7001,3500.5
2026-09-07T08:54:48+09:00,110,원룸 조교님,2,"1, 2",615,758.0,6981,3490.5
2026-09-07T08:54:48+09:00,111,묘쌤은 이렇게 말했다,2,"10, 11",321,624.5,6864,3432.0
2026-09-07T08:54:48+09:00,112,무대 담당과 악역 군,2,"1, 2",434,675.5,6845,3422.5
2026-09-07T08:54:48+09:00,113,블루 피리어드,2,"6, 7",77,353.0,6805,3402.5
2026-09-07T08:54:48+09:00,114,"밟고, 차고, 사랑하고",2,"5, 6",608,772.5,6571,3285.5
2026-09-07T08:54:48+09:00,115,한구석의 기억,2,"1, 2",524,574.0,6525,3262.5
2026-09-07T08:54:48+09:00,116,작두,2,"1, 2",623,765.0,6463,3231.5
2026-09-07T08:54:48+09:00,117,전희 서바이벌 사가,2,"2, 3",616,687.5,6345,3172.5
2026-09-07T08:54:48+09:00,118,악마에 입문했습니다! 이루마 군 : if Episode of 마피아,2,"1, 7",433,692.5,6296,3148.0
2026-09-07T08:54:48+09:00,119,그리고 마녀는 숲으로 갔다,2,"1, 2",445,483.5,6265,3132.5
2026-09-07T08:54:48+09:00,120,참을 수 없는 건 사랑인 걸까,2,"4, 6",50,481.5,6193,3096.5
2026-09-07T08:54:48+09:00,121,여우 우리군,2,1,116,135.5,5450,2725.0
2026-09-07T08:54:48+09:00,122,시노비고토,2,"2, 7",215,577.0,5417,2708.5
2026-09-07T08:54:48+09:00,123,만화 인소의 법칙,2,9,195,327.5,5250,2625.0
2026-09-07T08:54:48+09:00,124,타로의 얼렁뚱땅,2,"1, 2",330,632.5,5210,2605.0
2026-09-07T08:54:48+09:00,125,"달은 차고 이지러져, 짐승의 사랑 신장판",2,,24,123.5,4970,2485.0
2026-09-07T08:54:48+09:00,126,추우면 변하는 헤비가미 군,2,"1, 2",333,635.5,4950,2475.0
2026-09-07T08:54:48+09:00,127,일본삼국,2,"1, 7",944,946.5,4701,2350.5
2026-09-07T08:54:48+09:00,128,무서운 책,2,"5, 6",336,437.0,4475,2237.5
2026-09-07T08:54:48+09:00,129,포켓몬스터 스페셜,2,"3, 63",329,654.0,4403,2201.5
2026-09-07T08:54:48+09:00,130,44교시 생존수업,2,"1, 2",121,162.0,4084,2042.0
2026-09-07T08:54:48+09:00,131,아인,2,"1, 2",653,803.5,4046,2023.0
2026-09-07T08:54:48+09:00,132,아마 그녀는 우리 형을 노리고 있을 거야,2,"1, 2",104,117.5,4030,2015.0
2026-09-07T08:54:48+09:00,133,커다란 네가 제일 귀여워,2,,154,412.5,3970,1985.0
2026-09-07T08:54:48+09:00,134,마가이모노,2,"1, 2",170,309.0,3935,1967.5
2026-09-07T08:54:48+09:00,135,일주일에 한 번 클래스메이트를 사는 이야기,2,"1, 6",94,115.5,3760,1880.0
2026-09-07T08:54:48+09:00,136,온통 여우,2,1,169,416.0,3710,1855.0
2026-09-07T08:54:48+09:00,137,호랑이형님,2,"20, 21",341,341.5,3170,1585.0
2026-09-07T08:54:48+09:00,138,아다치와 시마무라,2,"2, 3",655,822.0,3140,1570.0
2026-09-07T08:54:48+09:00,139,소녀왕국 표류기,2,"42, 43",106,115.5,3070,1535.0
2026-09-07T08:54:48+09:00,140,곰과 토끼는 친구로 지낼 수 없다,2,"1, 2",294,645.5,2960,1480.0
2026-09-07T08:54:48+09:00,141,아오아시,2,"16, 17",803,899.0,2630,1315.0
2026-09-07T08:54:48+09:00,142,단둘만의 로맨틱,2,"2, 3",548,608.0,2618,1309.0
2026-09-07T08:54:48+09:00,143,여주인공인데 잘생긴 아이돌♂이 되었습니다?!,2,"1, 3",801,805.5,2590,1295.0
2026-09-07T08:54:48+09:00,144,왕의 프러포즈,2,"5, 8",181,240.0,2460,1230.0
2026-09-07T08:54:48+09:00,145,픽미업,2,5,156,178.0,2340,1170.0
2026-09-07T08:54:48+09:00,146,아자미 야코를 좋아하게 된다,2,"1, 2",550,551.5,2285,1142.5
2026-09-07T08:54:48+09:00,147,마법소녀 단델라이온,2,"2, 3",348,669.5,2080,1040.0
2026-09-07T08:54:48+09:00,148,만화 이상적인 기둥서방 생활,2,"10, 11",301,324.0,2010,1005.0
2026-09-07T08:54:48+09:00,149,데스 노트 Death Note,2,"2, 3",669,671.0,2000,1000.0
2026-09-07T08:54:48+09:00,150,냄비로 총알을 막아내며,2,"2, 3",242,252.0,1950,975.0
2026-09-07T08:54:48+09:00,151,포켓몬 생태도감,1,,19,19.0,71487,71487.0
2026-09-07T08:54:48+09:00,152,패밀리 레스토랑 가자. 下,1,,25,25.0,61090,61090.0
2026-09-07T08:54:48+09:00,153,소년과 두더지와 여우와 말,1,,79,79.0,59625,59625.0
2026-09-07T08:54:48+09:00,154,룩 백,1,,69,69.0,35495,35495.0
2026-09-07T08:54:48+09:00,155,패밀리 레스토랑 가자. 上,1,,158,158.0,31117,31117.0
2026-09-07T08:54:48+09:00,156,가라오케 가자!,1,,159,159.0,28570,28570.0
2026-09-07T08:54:48+09:00,157,사피엔스 : 그래픽 히스토리 Vol.1,1,,160,160.0,25848,25848.0
2026-09-07T08:54:48+09:00,158,주술회전 모듈로,1,1,97,97.0,25630,25630.0
2026-09-07T08:54:48+09:00,159,책이라면 팔 만큼,1,1,15,15.0,24020,24020.0
2026-09-07T08:54:48+09:00,160,너와 장밋빛 매일,1,3,187,187.0,23730,23730.0
2026-09-07T08:54:48+09:00,161,사죠 리히토의 아버지와 그의 부하 상.하 세트 - 전2권,1,,2,2.0,23630,23630.0
2026-09-07T08:54:48+09:00,162,포켓몬 생태도감 특별판,1,,686,686.0,22345,22345.0
2026-09-07T08:54:48+09:00,163,언제나 기억해,1,,224,224.0,17576,17576.0
2026-09-07T08:54:48+09:00,164,만화의 원리,1,,225,225.0,16752,16752.0
2026-09-07T08:54:48+09:00,165,메달리스트,1,14,188,188.0,16430,16430.0
2026-09-07T08:54:48+09:00,166,도쿄 에일리언즈,1,12,350,350.0,16250,16250.0
2026-09-07T08:54:48+09:00,167,포인트 캐릭터 드로잉 - 전2권,1,,472,472.0,15914,15914.0
2026-09-07T08:54:48+09:00,168,"안녕, 에리",1,,305,305.0,15608,15608.0
2026-09-07T08:54:48+09:00,169,헬싱 한정판 1~5 세트 - 전5권,1,,81,81.0,14760,14760.0
2026-09-07T08:54:48+09:00,170,페르세폴리스,1,,244,244.0,14350,14350.0
2026-09-07T08:54:48+09:00,171,쥐 The Complete Maus 합본,1,,565,565.0,13775,13775.0
2026-09-07T08:54:48+09:00,172,나츠메 우인장,1,32,60,60.0,11895,11895.0
2026-09-07T08:54:48+09:00,173,엄마가 도망갔다,1,,13,13.0,11840,11840.0
2026-09-07T08:54:48+09:00,174,주술회전 공식 팬북,1,,409,409.0,11591,11591.0
2026-09-07T08:54:48+09:00,175,월간순정 노자키 군,1,17,307,307.0,11321,11321.0
2026-09-07T08:54:48+09:00,176,일러스트레이터를 위한 색과 빛 마스터 가이드북 : COLOR & LIGHT,1,,141,141.0,10979,10979.0
2026-09-07T08:54:48+09:00,177,3월의 라이온,1,18,174,174.0,10913,10913.0
2026-09-07T08:54:48+09:00,178,오무라이스 잼잼,1,16,693,693.0,10444,10444.0
2026-09-07T08:54:48+09:00,179,신부이야기,1,15,831,831.0,10441,10441.0
2026-09-07T08:54:48+09:00,180,귀멸의 칼날 외전,1,,475,475.0,10366,10366.0
2026-09-07T08:54:48+09:00,181,타코피의 원죄 - 상,1,,567,567.0,10168,10168.0
2026-09-07T08:54:48+09:00,182,학생회에도 구멍은 있다!,1,12,568,568.0,10115,10115.0
2026-09-07T08:54:48+09:00,183,어제 뭐 먹었어?,1,25,5,5.0,10100,10100.0
2026-09-07T08:54:48+09:00,184,타코피의 원죄 - 하,1,,569,569.0,9938,9938.0
2026-09-07T08:54:48+09:00,185,패배 히로인이 너무 많아! 8.5,1,,29,29.0,9770,9770.0
2026-09-07T08:54:48+09:00,186,컬러 앤 라이트,1,,476,476.0,9681,9681.0
2026-09-07T08:54:48+09:00,187,메달리스트 공식 팬북 더블특전판,1,,570,570.0,9605,9605.0
2026-09-07T08:54:48+09:00,188,자연스러운 인체 드로잉,1,,697,697.0,9541,9541.0
2026-09-07T08:54:48+09:00,189,만화의 이해,1,,268,268.0,9256,9256.0
2026-09-07T08:54:48+09:00,190,흑집사,1,35,114,114.0,8545,8545.0
2026-09-07T08:54:48+09:00,191,사피엔스 : 그래픽 히스토리 Vol.3,1,,572,572.0,8209,8209.0
2026-09-07T08:54:48+09:00,192,백귀야행,1,31,479,479.0,8184,8184.0
2026-09-07T08:54:48+09:00,193,중년에 지친 밤에는,1,,357,357.0,8148,8148.0
2026-09-07T08:54:48+09:00,194,블루 아카이브 코믹 앤솔로지 VOL.6 & VOL.7 합본 세트 - 전2권,1,,8,8.0,8130,8130.0
2026-09-07T08:54:48+09:00,195,명탐정 코난 : 경찰학교 편 - 상,1,,699,699.0,7929,7929.0
2026-09-07T08:54:48+09:00,196,마음을 사로잡는 만화 컷 분할 교실,1,,840,840.0,7904,7904.0
2026-09-07T08:54:48+09:00,197,명탐정 코난 : 경찰학교 편 - 하,1,,700,700.0,7881,7881.0
2026-09-07T08:54:48+09:00,198,TV애니메이션 주술회전 회옥·옥절/시부야 사변 공식 가이드북,1,,270,270.0,7655,7655.0
2026-09-07T08:54:48+09:00,199,주술회전 0 : 외전,1,,485,485.0,7607,7607.0
2026-09-07T08:54:48+09:00,200,사피엔스 : 그래픽 히스토리 Vol.4,1,,151,151.0,7560,7560.0
2026-09-07T08:54:48+09:00,201,나의 히어로 아카데미아 캐릭터 팬북 컴플리트 에디션,1,,842,842.0,7551,7551.0
2026-09-07T08:54:48+09:00,202,윈드 브레이커 15~16 세트 - 전2권,1,,123,123.0,7545,7545.0
2026-09-07T08:54:48+09:00,203,전지적 독자 시점,1,20,65,65.0,7470,7470.0
2026-09-07T08:54:48+09:00,204,히나타의 블루,1,6,229,229.0,7435,7435.0
2026-09-07T08:54:48+09:00,205,순경씨와 나,1,1,152,152.0,7431,7431.0
2026-09-07T08:54:48+09:00,206,괴수 8호 RELAX,1,4,417,417.0,7400,7400.0
2026-09-07T08:54:48+09:00,207,망그러진 만화,1,1,577,577.0,7345,7345.0
2026-09-07T08:54:48+09:00,208,운명의 사람을 만나는 이야기,1,8,230,230.0,7165,7165.0
2026-09-07T08:54:48+09:00,209,쇼타 형아,1,7,272,272.0,7120,7120.0
2026-09-07T08:54:48+09:00,210,야마다 군과 Lv999의 사랑을 하다 4~6 특별판 세트 - 전3권,1,,419,419.0,7030,7030.0
2026-09-07T08:54:48+09:00,211,슬램덩크 오리지널 박스판 1~5 세트 - 전5권,1,,704,704.0,7001,7001.0
2026-09-07T08:54:48+09:00,212,재즈 잇 업! Jazz It Up!,1,,709,709.0,6417,6417.0
2026-09-07T08:54:48+09:00,213,던전에서 만남을 추구하면 안 되는 걸까,1,21,209,209.0,6410,6410.0
2026-09-07T08:54:48+09:00,214,유희왕 애장판,1,21,488,488.0,6400,6400.0
2026-09-07T08:54:48+09:00,215,"내가 연인이 될 수 있을 리 없잖아, 무리무리! (※무리가 아니었다?!)",1,8,210,210.0,6050,6050.0
2026-09-07T08:54:48+09:00,216,이세계 삼촌,1,14,48,48.0,5980,5980.0
2026-09-07T08:54:48+09:00,217,언니의 미도리 군,1,9,66,66.0,5790,5790.0
2026-09-07T08:54:48+09:00,218,메이드 인 어비스,1,14,129,129.0,5765,5765.0
2026-09-07T08:54:48+09:00,219,봇치·더·록! 앤솔러지 코믹,1,6,422,422.0,5740,5740.0
2026-09-07T08:54:48+09:00,220,바닷바람과 용의 보금자리,1,2,713,713.0,5645,5645.0
2026-09-07T08:54:48+09:00,221,오래 보고 싶었다,1,,853,853.0,5615,5615.0
2026-09-07T08:54:48+09:00,222,나 혼자만 레벨업 : 라그나로크,1,3,364,364.0,5545,5545.0
2026-09-07T08:54:48+09:00,223,믹스 MIX,1,24,593,593.0,5264,5264.0
2026-09-07T08:54:48+09:00,224,소드 아트 온라인,1,29,90,90.0,5170,5170.0
2026-09-07T08:54:48+09:00,225,이다의 날마다 자연관찰,1,,858,858.0,5170,5170.0
2026-09-07T08:54:48+09:00,226,판타지 배색 아이디어 사전,1,,74,74.0,5158,5158.0
2026-09-07T08:54:48+09:00,227,만화의 창작,1,,860,860.0,5105,5105.0
2026-09-07T08:54:48+09:00,228,포인트 캐릭터 드로잉,1,2,861,861.0,5063,5063.0
2026-09-07T08:54:48+09:00,229,마법소녀를 동경해서 1~5 합본판,1,,495,495.0,4925,4925.0
2026-09-07T08:54:48+09:00,230,꿈인지 생시인지,1,4,47,47.0,4870,4870.0
2026-09-07T08:54:48+09:00,231,내 마음의 위험한 녀석,1,13,426,426.0,4860,4860.0
2026-09-07T08:54:48+09:00,232,이토준지 자선 걸작집 Dark Colors,1,,108,108.0,4820,4820.0
2026-09-07T08:54:48+09:00,233,여름 안에서,1,,596,596.0,4672,4672.0
2026-09-07T08:54:48+09:00,234,타마의 포상,1,1,870,870.0,4642,4642.0
2026-09-07T08:54:48+09:00,235,THE ART OF SOLO LEVELING : 웹툰 「나 혼자만 레벨업」 공식 아트북,1,,871,871.0,4505,4505.0
2026-09-07T08:54:48+09:00,236,전생했더니 슬라임이었던 건에 대하여,1,23,598,598.0,4500,4500.0
2026-09-07T08:54:48+09:00,237,천국대마경,1,12,503,503.0,4495,4495.0
2026-09-07T08:54:48+09:00,238,작전명 순정 7~9 스페셜 세트 - 전3권,1,,375,375.0,4480,4480.0
2026-09-07T08:54:48+09:00,239,"너무 건방져, 치가야 군",1,1,597,597.0,4445,4445.0
2026-09-07T08:54:48+09:00,240,김전일 아빠의 사건부,1,3,875,875.0,4445,4445.0
2026-09-07T08:54:48+09:00,241,디 그레이 맨,1,29,376,376.0,4296,4296.0
2026-09-07T08:54:48+09:00,242,아케비의 세일러복,1,16,20,20.0,4270,4270.0
2026-09-07T08:54:48+09:00,243,극락가,1,1,878,878.0,4265,4265.0
2026-09-07T08:54:48+09:00,244,어서 와 수평선,1,1,602,602.0,4240,4240.0
2026-09-07T08:54:48+09:00,245,오늘부터 신령님,1,25,881,881.0,4210,4210.0
2026-09-07T08:54:48+09:00,246,너에게 닿기를 번외편 ∼운명의 사람∼,1,3,883,883.0,4193,4193.0
2026-09-07T08:54:48+09:00,247,푸른 상자,1,24,605,605.0,4170,4170.0
2026-09-07T08:54:48+09:00,248,너를 사랑하는 살인귀,1,1,512,512.0,4110,4110.0
2026-09-07T08:54:48+09:00,249,놀이의 관계,1,1,279,279.0,4090,4090.0
2026-09-07T08:54:48+09:00,250,순정 갸루는 여친은 아니지만,1,,72,72.0,4080,4080.0
2026-09-07T08:54:48+09:00,251,용의 귀여운 일곱 아이 : 쿠이 료코 작품집,1,,739,739.0,4056,4056.0
2026-09-07T08:54:48+09:00,252,한밤중 하트튠,1,11,383,383.0,3980,3980.0
2026-09-07T08:54:48+09:00,253,버서스,1,6,212,212.0,3970,3970.0
2026-09-07T08:54:48+09:00,254,유루캠,1,18,384,384.0,3965,3965.0
2026-09-07T08:54:48+09:00,255,소년X소녀 일러스트&스티커북,1,,886,886.0,3910,3910.0
2026-09-07T08:54:48+09:00,256,용의 학교는 산 위에,1,,607,607.0,3904,3904.0
2026-09-07T08:54:48+09:00,257,베르세르크,1,42,888,888.0,3895,3895.0
2026-09-07T08:54:48+09:00,258,빛과 색으로 그리는 디지털 스케치 입문,1,,891,891.0,3847,3847.0
2026-09-07T08:54:48+09:00,259,"어서 오세요, 공룡 박사님의 마음 상담소",1,,893,893.0,3824,3824.0
2026-09-07T08:54:48+09:00,260,숨막힐 정도의 사랑을 줄게,1,7,213,213.0,3820,3820.0
2026-09-07T08:54:48+09:00,261,이로하의 글이 이끄는 -눈 녹는 길-,1,,610,610.0,3788,3788.0
2026-09-07T08:54:48+09:00,262,서랍 속 테라리움 : 신장판,1,,436,436.0,3782,3782.0
2026-09-07T08:54:48+09:00,263,오디세이아를 한 번도 안 읽어 볼 수는 없잖아,1,,256,256.0,3760,3760.0
2026-09-07T08:54:48+09:00,264,아이돌라트리,1,1,91,91.0,3750,3750.0
2026-09-07T08:54:48+09:00,265,블루 아카이브 : 게임개발부 대모험!,1,4,895,895.0,3738,3738.0
2026-09-07T08:54:48+09:00,266,이토준지 자선 걸작집 왜곡,1,,134,134.0,3710,3710.0
2026-09-07T08:54:48+09:00,267,월요일의 타와와 : 청판,1,14,387,387.0,3640,3640.0
2026-09-07T08:54:48+09:00,268,이력서,1,3,130,130.0,3610,3610.0
2026-09-07T08:54:48+09:00,269,사망 엔딩에서 벗어난 미연시의 히로인들이 내 【일기장】을 읽고 비밀을 알아챈 듯하다,1,1,103,103.0,3590,3590.0
2026-09-07T08:54:48+09:00,270,어차피 울 거라면 사랑이 좋아,1,9,386,386.0,3520,3520.0
2026-09-07T08:54:48+09:00,271,누나의 친구,1,4,439,439.0,3470,3470.0
2026-09-07T08:54:48+09:00,272,폭식 너무 좋아! 모치즈키 양,1,3,897,897.0,3465,3465.0
2026-09-07T08:54:48+09:00,273,츠쿠모고미,1,,617,617.0,3444,3444.0
2026-09-07T08:54:48+09:00,274,사토 씨의 친구,1,,214,214.0,3430,3430.0
2026-09-07T08:54:48+09:00,275,친구 엄마,1,10,900,900.0,3410,3410.0
2026-09-07T08:54:48+09:00,276,아라키 히로히코의 만화술,1,,523,523.0,3387,3387.0
2026-09-07T08:54:48+09:00,277,환생의 법칙,1,5,899,899.0,3330,3330.0
2026-09-07T08:54:48+09:00,278,2120,1,,168,168.0,3320,3320.0
2026-09-07T08:54:48+09:00,279,역대급 영지 설계사,1,9,902,902.0,3290,3290.0
2026-09-07T08:54:48+09:00,280,팔견전,1,24,906,906.0,3286,3286.0
2026-09-07T08:54:48+09:00,281,사일런트 위치,1,10,327,327.0,3270,3270.0
2026-09-07T08:54:48+09:00,282,테라피 게임 리스타트,1,6,903,903.0,3255,3255.0
2026-09-07T08:54:48+09:00,283,물가의 밤,1,1,526,526.0,3235,3235.0
2026-09-07T08:54:48+09:00,284,인간실격 무삭제판 1~3 세트- 전3권,1,,751,751.0,3222,3222.0
2026-09-07T08:54:48+09:00,285,이세계 유유자적 농가,1,16,620,620.0,3210,3210.0
2026-09-07T08:54:48+09:00,286,20세기 소년 완전판,1,1,752,752.0,3160,3160.0
2026-09-07T08:54:48+09:00,287,사피엔스: 그래픽 히스토리 시리즈 세트 - 전4권,1,,527,527.0,3110,3110.0
2026-09-07T08:54:48+09:00,288,현시연 신장판,1,1,118,118.0,3070,3070.0
2026-09-07T08:54:48+09:00,289,아름다운 인체 그리기 레슨,1,,758,758.0,3060,3060.0
2026-09-07T08:54:48+09:00,290,미스터 초밥왕 애장판 1~14 박스 세트 (완결),1,,911,911.0,3036,3036.0
2026-09-07T08:54:48+09:00,291,어떤 여름방학,1,,761,761.0,2975,2975.0
2026-09-07T08:54:48+09:00,292,마끼아또의 일러스트 레벨업 테크닉,1,,76,76.0,2910,2910.0
2026-09-07T08:54:48+09:00,293,나의 히어로 아카데미아 공식 일러스트집 Ultra Artworks,1,,919,919.0,2860,2860.0
2026-09-07T08:54:48+09:00,294,유감스러운 사랑의 주인공들,1,1,78,78.0,2840,2840.0
2026-09-07T08:54:48+09:00,295,만화를 잘 그리기 위한 노하우 도감,1,,85,85.0,2840,2840.0
2026-09-07T08:54:48+09:00,296,발화,1,2,145,145.0,2840,2840.0
2026-09-07T08:54:48+09:00,297,켄투리아,1,6,449,449.0,2830,2830.0
2026-09-07T08:54:48+09:00,298,고블린 슬레이어,1,17,762,762.0,2825,2825.0
2026-09-07T08:54:48+09:00,299,그랑블루,1,26,180,180.0,2820,2820.0
2026-09-07T08:54:48+09:00,300,소꿉친구 컴플렉스 4~5 스페셜 세트 - 전2권,1,,643,643.0,2805,2805.0
2026-09-07T08:54:48+09:00,301,도원암귀,1,26,44,44.0,2770,2770.0
2026-09-07T08:54:48+09:00,302,그 비스크 돌은 사랑을 한다 TV 애니메이션 공식 팬북 키타가와 마린이 최고야,1,,926,926.0,2756,2756.0
2026-09-07T08:54:48+09:00,303,마스터 키튼 완전판 1~12 세트 - 전12권 (완결),1,,531,531.0,2754,2754.0
2026-09-07T08:54:48+09:00,304,명탐정 코난 : 범인 한자와 씨,1,10,447,447.0,2740,2740.0
2026-09-07T08:54:48+09:00,305,THE POOL,1,,923,923.0,2740,2740.0
2026-09-07T08:54:48+09:00,306,원피스 제1부 EP1 BOX 동쪽의 바다 세트 - 전12권,1,,933,933.0,2727,2727.0
2026-09-07T08:54:48+09:00,307,패배 히로인이 너무 많아! @comic,1,5,63,63.0,2720,2720.0
2026-09-07T08:54:48+09:00,308,새내기,1,4,764,764.0,2720,2720.0
2026-09-07T08:54:48+09:00,309,인생 역전,1,3,927,927.0,2720,2720.0
2026-09-07T08:54:48+09:00,310,애프터 갓,1,10,136,136.0,2680,2680.0
2026-09-07T08:54:48+09:00,311,리버스 에지 River’s Edge,1,,929,929.0,2662,2662.0
2026-09-07T08:54:48+09:00,312,데스마치에서 시작되는 이세계 광상곡,1,34,765,765.0,2650,2650.0
2026-09-07T08:54:48+09:00,313,망각 배터리,1,23,288,288.0,2640,2640.0
2026-09-07T08:54:48+09:00,314,젖짜기 헌터의 이세계 착유기,1,1,630,630.0,2585,2585.0
2026-09-07T08:54:48+09:00,315,스파이더맨 / 데드풀 VOL. 1 : 브로맨틱하지 않나요?,1,,769,769.0,2560,2560.0
2026-09-07T08:54:48+09:00,316,달님이 바라시는 대로,1,9,450,450.0,2550,2550.0
2026-09-07T08:54:48+09:00,317,너를 너무너무너무너무 좋아하는 100명의 그녀,1,24,236,236.0,2505,2505.0
2026-09-07T08:54:48+09:00,318,빠져든 침대에서 천사의 자는 얼굴을 보고 싶을 뿐,1,,943,943.0,2500,2500.0
2026-09-07T08:54:48+09:00,319,천막의 자두가르,1,3,940,940.0,2496,2496.0
2026-09-07T08:54:48+09:00,320,아메와 우미,1,1,216,216.0,2490,2490.0
2026-09-07T08:54:48+09:00,321,쪽팔려게임 1~2 세트 - 전2권,1,,335,335.0,2475,2475.0
2026-09-07T08:54:48+09:00,322,뒤에 있는 카무이 씨,1,1,92,92.0,2470,2470.0
2026-09-07T08:54:48+09:00,323,보이는 여고생,1,12,632,632.0,2465,2465.0
2026-09-07T08:54:48+09:00,324,유녀전기,1,21,286,286.0,2460,2460.0
2026-09-07T08:54:48+09:00,325,귀여운 건 나다,1,3,287,287.0,2450,2450.0
2026-09-07T08:54:48+09:00,326,벡 Beck 신장판,1,8,289,289.0,2450,2450.0
2026-09-07T08:54:48+09:00,327,톰 폭스의 옷을 입은 캐릭터 드로잉 : 아티스트를 위한 옷과 주름 그리기 가이드,1,,393,393.0,2450,2450.0
2026-09-07T08:54:48+09:00,328,강철의 연금술사 박스세트,1,2,945,945.0,2446,2446.0
2026-09-07T08:54:48+09:00,329,동거하는 검성 여스승이 너무 귀여워서 매일 행복합니다,1,1,644,644.0,2435,2435.0
2026-09-07T08:54:48+09:00,330,여장 남자는 스커트를 벗고 싶어!,1,5,67,67.0,2400,2400.0
2026-09-07T08:54:48+09:00,331,봄바람의 에트랑제,1,6,775,775.0,2368,2368.0
2026-09-07T08:54:48+09:00,332,세레나,1,9,946,946.0,2355,2355.0
2026-09-07T08:54:48+09:00,333,이우일의 만화 그리스로마 신화 1~3 세트 - 전3권,1,,536,536.0,2335,2335.0
2026-09-07T08:54:48+09:00,334,이번 생은 가주가 되겠습니다 2부,1,6,772,772.0,2330,2330.0
2026-09-07T08:54:48+09:00,335,선생님으로 ○○하면 안 됩니다!,1,3,291,291.0,2280,2280.0
2026-09-07T08:54:48+09:00,336,둘이서 사랑을 하는 이유,1,12,784,784.0,2235,2235.0
2026-09-07T08:54:48+09:00,337,명탐정 코난 로맨틱 러버스 셀렉션,1,,953,953.0,2228,2228.0
2026-09-07T08:54:48+09:00,338,사랑의 유령,1,,950,950.0,2225,2225.0
2026-09-07T08:54:48+09:00,339,J⇔M 제이엠,1,6,777,777.0,2215,2215.0
2026-09-07T08:54:48+09:00,340,재혼황후,1,11,197,197.0,2210,2210.0
2026-09-07T08:54:48+09:00,341,공주님 고문의 시간입니다,1,19,537,537.0,2200,2200.0
2026-09-07T08:54:48+09:00,342,격기 3반,1,18,290,290.0,2185,2185.0
2026-09-07T08:54:48+09:00,343,천방대각,1,2,640,640.0,2170,2170.0
2026-09-07T08:54:48+09:00,344,클레바테스,1,10,639,639.0,2165,2165.0
2026-09-07T08:54:48+09:00,345,제도성배기담 Fate/type Redline,1,6,456,456.0,2135,2135.0
2026-09-07T08:54:48+09:00,346,유녀전기 대대야사,1,1,641,641.0,2130,2130.0
2026-09-07T08:54:48+09:00,347,파인더의 도피행,1,,218,218.0,2120,2120.0
2026-09-07T08:54:48+09:00,348,사랑이 없으면 아이돌은 할 수 없어,1,4,64,64.0,2100,2100.0
2026-09-07T08:54:48+09:00,349,카난 님은 초보 악마,1,12,960,960.0,2075,2075.0
2026-09-07T08:54:48+09:00,350,벨 푸페의 슈퍼달링 약혼,1,2,539,539.0,2070,2070.0
2026-09-07T08:54:48+09:00,351,"다른 학교 얼음공주를 구했더니, 친구부터 시작하게 되었습니다",1,2,198,198.0,2060,2060.0
2026-09-07T08:54:48+09:00,352,"생각을 길러요, 공룡 박사님의 왜왜왜 상담소",1,,458,458.0,2055,2055.0
2026-09-07T08:54:48+09:00,353,네즈미의 첫사랑,1,7,780,780.0,2040,2040.0
2026-09-07T08:54:48+09:00,354,엇갈리는 중앙감정선,1,,138,138.0,2030,2030.0
2026-09-07T08:54:48+09:00,355,리코리스 리코일,1,4,786,786.0,2030,2030.0
2026-09-07T08:54:48+09:00,356,스물과 성수,1,7,68,68.0,2020,2020.0
2026-09-07T08:54:48+09:00,357,어쨌든 귀여워,1,25,457,457.0,2005,2005.0
2026-09-07T08:54:48+09:00,358,환생했는데 제7왕자라 내맘대로 마술을 연마합니다,1,22,59,59.0,2000,2000.0
2026-09-07T08:54:48+09:00,359,여름엔 늘 좋은 일이 생긴다,1,,787,787.0,1985,1985.0
2026-09-07T08:54:48+09:00,360,"가까이 와줘, 스피카",1,1,649,649.0,1980,1980.0
2026-09-07T08:54:48+09:00,361,신석기 시대부터 AI 시대까지 만화로 꿰뚫는 경제사,1,,199,199.0,1955,1955.0
2026-09-07T08:54:48+09:00,362,버저 비터 신장판,1,2,962,962.0,1950,1950.0
2026-09-07T08:54:48+09:00,363,우자키 양은 놀고싶어!,1,14,395,395.0,1940,1940.0
2026-09-07T08:54:48+09:00,364,만화로 보는 일리아스,1,,967,967.0,1907,1907.0
2026-09-07T08:54:48+09:00,365,아주 깊은 우주에서 사랑을 담아,1,1,396,396.0,1890,1890.0
2026-09-07T08:54:48+09:00,366,히마텐!,1,4,652,652.0,1865,1865.0
2026-09-07T08:54:48+09:00,367,피토스포룸 첫 번째 잎,1,,966,966.0,1850,1850.0
2026-09-07T08:54:48+09:00,368,소라닌 신장판,1,,789,789.0,1843,1843.0
2026-09-07T08:54:48+09:00,369,"여친, 빌리겠습니다",1,45,93,93.0,1830,1830.0
2026-09-07T08:54:48+09:00,370,겁쟁이페달,1,95,157,157.0,1810,1810.0
2026-09-07T08:54:48+09:00,371,고슴도치와 콘트라스트,1,1,654,654.0,1801,1801.0
2026-09-07T08:54:48+09:00,372,피가 이어지지 않은 우리가 가족이 되는 단 하나의 방법,1,1,219,219.0,1800,1800.0
2026-09-07T08:54:48+09:00,373,샨티,1,1,974,974.0,1765,1765.0
2026-09-07T08:54:48+09:00,374,산가지는 도깨비의 꿈을 꾼다,1,5,238,238.0,1750,1750.0
2026-09-07T08:54:48+09:00,375,카모노하시 론의 금단추리,1,18,96,96.0,1740,1740.0
2026-09-07T08:54:48+09:00,376,킬러의 최애,1,4,146,146.0,1740,1740.0
2026-09-07T08:54:48+09:00,377,긴키 지방의 어느 장소에 대하여,1,2,972,972.0,1732,1732.0
2026-09-07T08:54:48+09:00,378,눈이 나려 꽃,1,26,296,296.0,1710,1710.0
2026-09-07T08:54:48+09:00,379,야노 군의 평범한 나날,1,12,339,339.0,1695,1695.0
2026-09-07T08:54:48+09:00,380,우리 남동생들이 죄송합니다,1,9,790,790.0,1695,1695.0
2026-09-07T08:54:48+09:00,381,와카코와 술,1,25,977,977.0,1680,1680.0
2026-09-07T08:54:48+09:00,382,사장과 술과 별,1,1,791,791.0,1670,1670.0
2026-09-07T08:54:48+09:00,383,이기적 연애론,1,3,794,794.0,1660,1660.0
2026-09-07T08:54:48+09:00,384,할렐루야 베이비,1,5,793,793.0,1635,1635.0
2026-09-07T08:54:48+09:00,385,CAT'S EYE 캣츠 아이 완전판,1,12,95,95.0,1630,1630.0
2026-09-07T08:54:48+09:00,386,평화로운 나라의 시마자키에게,1,11,988,988.0,1625,1625.0
2026-09-07T08:54:48+09:00,387,반에서 두 번째로 귀여운 여자애와 친구가 되었다,1,6,237,237.0,1620,1620.0
2026-09-07T08:54:48+09:00,388,뷰티풀 군바리,1,12,981,981.0,1610,1610.0
2026-09-07T08:54:48+09:00,389,너의 밤에 닿는다,1,,973,973.0,1602,1602.0
2026-09-07T08:54:48+09:00,390,독점 마이 히어로,1,15,107,107.0,1580,1580.0
2026-09-07T08:54:48+09:00,391,보루토 -TWO BLUE VORTEX-,1,5,295,295.0,1570,1570.0
2026-09-07T08:54:48+09:00,392,더 화이팅 신장재편판,1,56,105,105.0,1540,1540.0
2026-09-07T08:54:48+09:00,393,라라의 결혼,1,8,656,656.0,1530,1530.0
2026-09-07T08:54:48+09:00,394,도라에몽 6 : 50주년 기념 스페셜판,1,,986,986.0,1522,1522.0
2026-09-07T08:54:48+09:00,395,내 백합도 영업인 줄 알았어?,1,,459,459.0,1500,1500.0
2026-09-07T08:54:48+09:00,396,스노우볼 어스,1,4,657,657.0,1500,1500.0
2026-09-07T08:54:48+09:00,397,녹풍당의 사계절,1,21,340,340.0,1480,1480.0
2026-09-07T08:54:48+09:00,398,캐릭터 채색 & 레이어 테크닉,1,,660,660.0,1460,1460.0
2026-09-07T08:54:48+09:00,399,킬블루,1,13,543,543.0,1450,1450.0
2026-09-07T08:54:48+09:00,400,내 최애는 막차를 탄다 3~4 세트 - 전2권,1,,985,985.0,1440,1440.0
2026-09-07T08:54:48+09:00,401,명탐정 코난 : 1일 1쪽 뇌 자극 수학 추리 초급편 151문,1,,240,240.0,1438,1438.0
2026-09-07T08:54:48+09:00,402,11번째 고양이는 네네,1,2,220,220.0,1430,1430.0
2026-09-07T08:54:48+09:00,403,딸이 아니라 나를 좋아한다고?!,1,4,984,984.0,1430,1430.0
2026-09-07T08:54:48+09:00,404,그리스 로마 신화를 한 번도 안 읽어볼 수는 없잖아,1,,799,799.0,1413,1413.0
2026-09-07T08:54:48+09:00,405,커들,1,2,804,804.0,1400,1400.0
2026-09-07T08:54:48+09:00,406,삼국지를 한번도 안 읽어 볼 수는 없잖아,1,,990,990.0,1375,1375.0
2026-09-07T08:54:48+09:00,407,오리들,1,,999,999.0,1362,1362.0
2026-09-07T08:54:48+09:00,408,일하는 세포,1,6,992,992.0,1361,1361.0
2026-09-07T08:54:48+09:00,409,일승천금,1,3,139,139.0,1360,1360.0
2026-09-07T08:54:48+09:00,410,녹는 눈과 아가판서스,1,1,547,547.0,1360,1360.0
2026-09-07T08:54:48+09:00,411,내 여자친구는 커여워,1,2,805,805.0,1350,1350.0
2026-09-07T08:54:48+09:00,412,이세계 전생 던전 마스터 온천 던전을 만들다,1,1,546,546.0,1330,1330.0
2026-09-07T08:54:48+09:00,413,노이지 룸메이트,1,6,806,806.0,1325,1325.0
2026-09-07T08:54:48+09:00,414,오컬트 타임즈,1,1,345,345.0,1320,1320.0
2026-09-07T08:54:48+09:00,415,버그 에고,1,2,399,399.0,1310,1310.0
2026-09-07T08:54:48+09:00,416,달의 아이 신장판,1,8,297,297.0,1290,1290.0
2026-09-07T08:54:48+09:00,417,극한견주,1,6,664,664.0,1260,1260.0
2026-09-07T08:54:48+09:00,418,추방 당한 전생 중기사는 게임 지식으로 무쌍한다,1,12,996,996.0,1260,1260.0
2026-09-07T08:54:48+09:00,419,사죠 리히토의 아버지와 그의 부하 - 하,1,,183,183.0,1250,1250.0
2026-09-07T08:54:48+09:00,420,사죠 리히토의 아버지와 그의 부하 - 상,1,,184,184.0,1250,1250.0
2026-09-07T08:54:48+09:00,421,고랭순대 작품집,1,7,239,239.0,1240,1240.0
2026-09-07T08:54:48+09:00,422,라면 재유기,1,13,201,201.0,1230,1230.0
2026-09-07T08:54:48+09:00,423,파랑과 아지랑이,1,2,807,807.0,1230,1230.0
2026-09-07T08:54:48+09:00,424,바람계곡의 나우시카 박스판 - 전7권,1,,1000,1000.0,1188,1188.0
2026-09-07T08:54:48+09:00,425,블레이드 & 바스타드,1,7,182,182.0,1170,1170.0
2026-09-07T08:54:48+09:00,426,페이스리스 드롭아웃,1,1,551,551.0,1160,1160.0
2026-09-07T08:54:48+09:00,427,시오타 선생님과 아마이양,1,7,462,462.0,1150,1150.0
2026-09-07T08:54:48+09:00,428,서뱀프 Servamp 23~24 세트 - 전2권,1,,665,665.0,1140,1140.0
2026-09-07T08:54:48+09:00,429,홀로서기 마왕성,1,12,304,304.0,1135,1135.0
2026-09-07T08:54:48+09:00,430,장하다! 원조 괴짜가족,1,13,811,811.0,1135,1135.0
2026-09-07T08:54:48+09:00,431,신화와 전설 배색 아이디어 사전,1,,298,298.0,1129,1129.0
2026-09-07T08:54:48+09:00,432,SCP가 뭔가요?,1,3,809,809.0,1120,1120.0
2026-09-07T08:54:48+09:00,433,월광천녀 애장판,1,8,300,300.0,1110,1110.0
2026-09-07T08:54:48+09:00,434,선생님! 저희들이 세계를 멸망시킵니다.,1,9,464,464.0,1080,1080.0
2026-09-07T08:54:48+09:00,435,파도였던 날들,1,,243,243.0,1060,1060.0
2026-09-07T08:54:48+09:00,436,뉴노멀,1,8,672,672.0,1060,1060.0
2026-09-07T08:54:48+09:00,437,"아리스, 우주까지도",1,4,552,552.0,1040,1040.0
2026-09-07T08:54:48+09:00,438,"네가 울부짖기 위한 노래를,",1,3,186,186.0,1030,1030.0
2026-09-07T08:54:48+09:00,439,공정 드래곤즈,1,21,814,814.0,1010,1010.0
2026-09-07T08:54:48+09:00,440,가짜 연금술사,1,4,554,554.0,1000,1000.0
2026-09-07T08:54:48+09:00,441,사랑하는 립 틴트,1,4,221,221.0,970,970.0
2026-09-07T08:54:48+09:00,442,아질 Asyl,1,1,675,675.0,970,970.0
2026-09-07T08:54:48+09:00,443,7대손에게 재앙을 내릴 거니 빨리 결혼하세요!,1,3,302,302.0,960,960.0
2026-09-07T08:54:48+09:00,444,펜과 수갑과 사실혼,1,4,812,812.0,960,960.0
2026-09-07T08:54:48+09:00,445,월간 트릴레마,1,1,185,185.0,940,940.0
2026-09-07T08:54:48+09:00,446,꿈자리가 이상한데요?! 외전,1,,463,463.0,930,930.0
2026-09-07T08:54:48+09:00,447,특별한 도라에몽 : 언제나 마음속에 친구 편,1,9,813,813.0,930,930.0
2026-09-07T08:54:48+09:00,448,마왕과 용사의 사랑의 도피 바캉스,1,,818,818.0,930,930.0
2026-09-07T08:54:48+09:00,449,우리들은 모두 *어 있다,1,3,202,202.0,920,920.0
2026-09-07T08:54:48+09:00,450,상남자,1,2,222,222.0,920,920.0
2026-09-07T08:54:48+09:00,451,룸 투어즈,1,2,467,467.0,920,920.0
2026-09-07T08:54:48+09:00,452,타베모노로그,1,,465,465.0,910,910.0
2026-09-07T08:54:48+09:00,453,집에서 도망치고 싶은 내가 어쩌다가 동경하던 대마법사님을 사버렸더니,1,5,466,466.0,905,905.0
2026-09-07T08:54:48+09:00,454,마로니에 왕국의 7인의 기사,1,7,264,264.0,890,890.0
2026-09-07T08:54:48+09:00,455,치하야 리스타트!,1,2,400,400.0,890,890.0
2026-09-07T08:54:48+09:00,456,탱크체어 TANK CHAIR,1,4,674,674.0,880,880.0
2026-09-07T08:54:48+09:00,457,퀸즈 퀄리티,1,1,817,817.0,870,870.0
2026-09-07T08:54:48+09:00,458,갸루에게 상냥한 오타쿠 군,1,6,261,261.0,860,860.0
2026-09-07T08:54:48+09:00,459,스파이더버스 BOOK,1,1,821,821.0,859,859.0
2026-09-07T08:54:48+09:00,460,그리고 싶은 나만의 도시와 거리,1,,557,557.0,851,851.0
2026-09-07T08:54:48+09:00,461,멜로에 빠진 직장인은 안일하다,1,,204,204.0,850,850.0
2026-09-07T08:54:48+09:00,462,특별한 도라에몽 : 쿵짜라♪ 울려퍼지는 음악 편,1,8,815,815.0,850,850.0
2026-09-07T08:54:48+09:00,463,룸메이트,1,1,401,401.0,840,840.0
2026-09-07T08:54:48+09:00,464,택배기사 형이랑 잘 될 수 있을까?,1,,816,816.0,830,830.0
2026-09-07T08:54:48+09:00,465,눈물비와 세레나데,1,14,241,241.0,810,810.0
2026-09-07T08:54:48+09:00,466,사령 마술의 용의자,1,3,263,263.0,810,810.0
2026-09-07T08:54:48+09:00,467,숲 변두리의 꼬마 마녀,1,1,402,402.0,800,800.0
2026-09-07T08:54:48+09:00,468,명탐정 코난 : 1일 1쪽 뇌 자극 수학 추리 고급편 154문,1,,676,676.0,765,765.0
2026-09-07T08:54:48+09:00,469,응원 걸!,1,1,468,468.0,750,750.0
2026-09-07T08:54:48+09:00,470,전생 악녀의 흑역사,1,18,558,558.0,750,750.0
2026-09-07T08:54:48+09:00,471,바라메 강림하여 주소서,1,2,265,265.0,720,720.0
2026-09-07T08:54:48+09:00,472,쌀쌀맞은 사토 양이 나에게만 상냥하다,1,4,349,349.0,720,720.0
2026-09-07T08:54:48+09:00,473,렛츠고 괴기조,1,5,678,678.0,720,720.0
2026-09-07T08:54:48+09:00,474,떨거지 인어 디아나,1,1,820,820.0,720,720.0
2026-09-07T08:54:48+09:00,475,에리스의 성배,1,6,680,680.0,710,710.0
2026-09-07T08:54:48+09:00,476,타이카의 이성,1,3,266,266.0,700,700.0
2026-09-07T08:54:48+09:00,477,인터넷 러브!,1,,559,559.0,668,668.0
2026-09-07T08:54:48+09:00,478,술에 취한 영애가 영웅을 몰라보고 구혼한 결과,1,1,679,679.0,660,660.0
2026-09-07T08:54:48+09:00,479,취사병 전설이 되다,1,18,822,822.0,630,630.0
2026-09-07T08:54:48+09:00,480,혀끝에서부터 사랑,1,3,685,685.0,620,620.0
2026-09-07T08:54:48+09:00,481,"포근포근한 남자, 주웠습니다",1,1,560,560.0,570,570.0
2026-09-07T08:54:48+09:00,482,옷소매 붉은 끝동,1,11,404,404.0,550,550.0
2026-09-07T08:54:48+09:00,483,안티 페이크 러브,1,,562,562.0,550,550.0
2026-09-07T08:54:48+09:00,484,히든카드가 많은 빅토리아,1,5,406,406.0,535,535.0
2026-09-07T08:54:48+09:00,485,드라마퀸,1,5,403,403.0,530,530.0
2026-09-07T08:54:48+09:00,486,내일은 어느 쪽!,1,12,405,405.0,530,530.0
2026-09-07T08:54:48+09:00,487,쿄가네 가문의 신부,1,5,469,469.0,500,500.0
2026-09-07T08:54:48+09:00,488,물고 싶지 않아,1,,563,563.0,480,480.0
2026-09-07T08:54:48+09:00,489,라멘 아카네코,1,14,564,564.0,460,460.0
2026-09-07T08:54:48+09:00,490,발키리 키코,1,4,825,825.0,460,460.0
2026-09-07T08:54:48+09:00,491,궁극의 애니메이션,1,100,561,561.0,440,440.0
2026-09-07T08:54:48+09:00,492,언더독의 왕관,1,1,681,681.0,440,440.0
2026-09-07T08:54:48+09:00,493,나락의 별,1,2,827,827.0,400,400.0
2026-09-07T08:54:48+09:00,494,1995 청춘 레포트,1,2,683,683.0,360,360.0
2026-09-07T08:54:48+09:00,495,하울의 움직이는 성,1,,824,824.0,350,350.0
2026-09-07T08:54:48+09:00,496,뽀대작렬,1,2,826,826.0,310,310.0
